split,dataset_index,kernel_family,tensor_path,target_lut,prediction_lut,target_ff,prediction_ff,target_dsp,prediction_dsp,target_bram,prediction_bram,target_cycles_max,prediction_cycles_max,target_interval_max,prediction_interval_max
test,5,2layer,2layer/archive_1/0e501e7a-8a7e-4233-a38f-8c4299d1b20b.pt,4427.0,8253.822265625,4642.0,5462.216796875,2.0,1.9295082092285156,0.5,1.244033932685852,1412.0,1536.15185546875,1280.0,1183.7958984375
test,9,2layer,2layer/archive_1/18280638-35c3-4ac7-877a-fe029f413ead.pt,18331.0,20166.353515625,16012.0,16368.3037109375,0.0,0.0,6.0,2.6953108310699463,3877.0,3864.825927734375,2464.0,1855.9063720703125
test,10,2layer,2layer/archive_1/193f123f-9fe7-4326-a99f-46cbe91f2168.pt,10682.0,12342.2197265625,8613.0,9696.4921875,0.0,0.0,1.5,1.7951483726501465,4037.0,4114.47998046875,2496.0,2601.958984375
test,13,2layer,2layer/archive_1/28f27352-4968-4846-8e24-fbf005003fc0.pt,21462.0,21940.765625,14645.0,14441.705078125,3.0,3.654132843017578,3.0,2.30000638961792,8965.0,7273.65625,5120.0,4071.82373046875
test,16,2layer,2layer/archive_1/3837a7d5-0c0e-4596-8191-a70ace44a780.pt,10282.0,9429.162109375,7961.0,7814.43359375,1.0,0.854849100112915,1.0,1.2168939113616943,1605.0,2371.4306640625,960.0,1483.983154296875
test,23,2layer,2layer/archive_1/5902f8e5-9539-4fef-b6d3-2d59841dfa35.pt,23650.0,24509.30078125,15141.0,14457.416015625,6.0,5.234981536865234,1.5,1.5669053792953491,3957.0,4603.14990234375,2496.0,2420.701904296875
test,31,2layer,2layer/archive_1/6a7ab3f1-833f-4330-9401-1daee0b9b457.pt,20970.0,20567.806640625,13102.0,12464.966796875,4.0,3.402749538421631,2.0,1.948851466178894,5381.0,6031.03515625,2912.0,3337.310791015625
test,33,2layer,2layer/archive_1/6fdbe1c4-08f0-46fa-ac3d-070d8b7126e9.pt,20185.0,22853.26171875,15404.0,17059.353515625,0.0,0.0,1.5,2.1816461086273193,4325.0,3813.33984375,2304.0,1825.5657958984375
test,36,2layer,2layer/archive_1/78e928e4-f7e4-40c9-b6b4-8fd5186928b1.pt,21070.0,22547.3359375,17217.0,17352.392578125,0.0,0.0,3.0,2.5416805744171143,8197.0,7239.31298828125,5120.0,3947.186279296875
test,39,2layer,2layer/archive_1/80236500-af6b-41d2-a063-6bdd779fca11.pt,23743.0,22965.12890625,16289.0,16154.1142578125,0.0,0.0,8.0,3.199219226837158,1989.0,2309.648681640625,1024.0,1057.8580322265625
test,40,2layer,2layer/archive_1/80788302-2292-4caa-a003-821aed591a4a.pt,25839.0,27377.12890625,19958.0,19336.83203125,0.0,0.0,1.0,3.0632379055023193,3589.0,4118.33203125,1792.0,1982.3670654296875
test,45,2layer,2layer/archive_1/8491a254-4f47-453e-8a27-5b6e15733e2d.pt,19810.0,19600.658203125,12208.0,11632.240234375,4.0,3.113614559173584,2.0,1.950013518333435,4709.0,6114.2568359375,2464.0,3355.26708984375
test,50,2layer,2layer/archive_1/8fa8fee2-a29c-49de-af50-ddba5830bd36.pt,24892.0,24048.34375,17980.0,19754.11328125,0.0,0.0,4.5,3.280449628829956,6725.0,5826.42236328125,3840.0,3086.833251953125
test,58,2layer,2layer/archive_1/a77cb707-ea79-4f1c-b0be-3c48ad115929.pt,13875.0,14854.51953125,9757.0,9835.7158203125,6.0,4.7433576583862305,1.0,1.0353285074234009,2117.0,1985.714111328125,1152.0,1086.805419921875
test,74,2layer,2layer/archive_1/cd02c6b2-1a29-4fdd-9daf-92dc46e656fe.pt,30122.0,29698.439453125,15300.0,17261.130859375,14.0,12.65144157409668,7.0,2.8623135089874268,2085.0,2436.846923828125,1120.0,1106.5850830078125
test,85,2layer,2layer/archive_1/e2d32045-fe85-41fa-87fd-34469cfd2b33.pt,17230.0,17025.025390625,12142.0,10870.9619140625,4.0,3.8120782375335693,2.0,1.669631838798523,3845.0,3536.903076171875,1920.0,2071.37841796875
test,88,2layer,2layer/archive_1/e71cebc8-9c8d-4db4-af21-b5ffd3e7d1e9.pt,6342.0,9232.5078125,6039.0,6598.40625,2.0,2.054702043533325,1.0,1.2584409713745117,2501.0,1864.82373046875,1920.0,1299.5018310546875
test,105,2layer,2layer/archive_2/0e95ad61-8028-4bb9-ae14-0e6e4725adec.pt,25490.0,27048.978515625,14706.0,15298.7021484375,8.0,6.57112455368042,1.0,1.6380603313446045,3461.0,4904.455078125,1872.0,2394.242919921875
test,110,2layer,2layer/archive_2/1d49f5b4-a149-4735-93ae-1354280d2181.pt,21138.0,26638.26953125,12730.0,15189.052734375,9.0,8.564255714416504,1.0,1.165340781211853,2309.0,2477.12158203125,1280.0,1188.733642578125
test,118,2layer,2layer/archive_2/2b5bcf33-a7e5-455b-a676-40dc80ad105e.pt,18960.0,18041.607421875,11225.0,10947.865234375,3.0,2.8480007648468018,2.0,1.8517992496490479,4965.0,5614.6103515625,2560.0,3211.342529296875
test,129,2layer,2layer/archive_2/47a23286-3cd6-4917-bebc-c3c14fe64538.pt,12763.0,13664.9306640625,10536.0,8829.998046875,2.0,2.232088804244995,1.0,1.762180209159851,2117.0,4513.32275390625,1408.0,2814.57470703125
test,138,2layer,2layer/archive_2/5d0eb902-1bc3-48ca-b0d4-3d6de45181de.pt,24382.0,25445.484375,18225.0,19119.251953125,0.0,0.0,2.5,2.845289707183838,8165.0,7427.28076171875,5280.0,4116.82373046875
test,140,2layer,2layer/archive_2/65ee1758-1d06-491d-a879-bc81bb7249f9.pt,9340.0,9593.353515625,6908.0,6881.89013671875,3.0,2.8471100330352783,1.0,0.9674292802810669,2021.0,1324.929443359375,1152.0,925.2978515625
test,148,2layer,2layer/archive_2/7e1727a1-0ff8-4992-b05a-0691712f8fd0.pt,22263.0,22448.828125,14885.0,13829.568359375,6.0,4.877142906188965,1.5,1.531975269317627,3541.0,4032.316650390625,2080.0,2261.4111328125
test,150,2layer,2layer/archive_2/802b8c33-0ab8-4651-ba3e-c0c35f7cfe79.pt,31673.0,34017.89453125,19693.0,20188.92578125,7.0,7.740294933319092,1.5,2.1969945430755615,5125.0,6197.220703125,3072.0,3081.07275390625
test,152,2layer,2layer/archive_2/835d1772-8af4-491d-969a-1590057430d9.pt,10199.0,9537.810546875,6318.0,6079.50439453125,2.0,2.073904037475586,1.0,1.2824705839157104,1925.0,1923.83740234375,1408.0,1497.748291015625
test,162,2layer,2layer/archive_2/92a3099f-2ff0-4f81-a4f5-3e4983dee369.pt,20273.0,17068.90625,13937.0,11538.6396484375,2.0,2.579650640487671,1.5,2.0234262943267822,5381.0,5781.79541015625,3584.0,3412.7958984375
test,173,2layer,2layer/archive_2/bfa0bcb1-a253-411f-be39-71dd5517df73.pt,18753.0,18628.158203125,13648.0,14907.998046875,0.0,0.0,3.0,2.158107042312622,3717.0,3512.408447265625,1920.0,1726.05029296875
test,174,2layer,2layer/archive_2/c2bd5389-a08c-42ec-8b3c-5e01479d314d.pt,13609.0,14823.865234375,12664.0,11435.8828125,0.0,0.0,2.5,1.6868230104446411,6149.0,4911.99267578125,5376.0,2817.58642578125
test,180,2layer,2layer/archive_2/cc5668f5-d37e-49ec-876f-52d4173ccde5.pt,19022.0,20265.376953125,11885.0,11793.775390625,4.0,4.048943519592285,1.0,1.4092955589294434,3717.0,3916.45751953125,1920.0,2148.413330078125
test,185,2layer,2layer/archive_2/d6f6caf0-10ec-4d93-ad62-95a7beaec004.pt,13306.0,11833.515625,7571.0,8002.54150390625,2.0,2.2255799770355225,1.5,1.5520024299621582,3077.0,3322.181396484375,2496.0,2188.14013671875
test,188,2layer,2layer/archive_2/e5344317-1ff4-480a-9e6f-b91dcb1fc112.pt,26475.0,28692.755859375,15665.0,16792.87109375,10.0,7.755912780761719,1.5,1.7064579725265503,3525.0,4544.890625,2112.0,2154.9345703125
test,191,2layer,2layer/archive_2/ecf1f155-c2ee-4cac-bb25-b90e33da8203.pt,17569.0,17797.662109375,10860.0,11514.134765625,6.0,5.3453145027160645,1.0,1.2243595123291016,2469.0,2205.247802734375,1344.0,1176.838623046875
test,193,2layer,2layer/archive_2/f2428e9d-edd8-42e7-99c6-e046e4644daf.pt,16523.0,17154.095703125,12656.0,13186.3193359375,0.0,0.0,2.5,2.1689980030059814,6341.0,5499.7587890625,3456.0,3005.41015625
test,198,2layer,2layer/archive_2/fe60de96-e0a9-4ea9-8814-8ce712e4cdfc.pt,21443.0,22230.63671875,16272.0,17474.82421875,0.0,0.0,4.5,2.5618112087249756,5205.0,3748.067138671875,2704.0,1961.9166259765625
test,201,2layer,2layer/archive_3/0956ec5b-0763-4499-a2a8-9a9a04a35bf3.pt,17678.0,17286.732421875,11296.0,11815.6630859375,0.0,0.0,2.0,1.7383761405944824,2149.0,1970.2890625,1248.0,1096.9287109375
test,212,2layer,2layer/archive_3/24ea1913-f519-412c-ad65-b98cebea76f5.pt,14996.0,14681.154296875,10618.0,11158.1484375,0.0,0.0,2.0,2.0724689960479736,6149.0,5491.13623046875,3840.0,3334.42138671875
test,229,2layer,2layer/archive_3/526cd48b-c15d-4ced-9692-a7198315280f.pt,15522.0,11295.2685546875,9324.0,8725.9404296875,0.0,0.0,1.5,1.2416069507598877,4229.0,2926.1328125,3072.0,1884.5458984375
test,231,2layer,2layer/archive_3/5584b981-88c7-47dc-ae9f-6f9de8af9049.pt,18738.0,19345.92578125,12289.0,12456.5283203125,8.0,7.321468830108643,5.0,3.4389090538024902,2165.0,2063.8876953125,1280.0,1191.02392578125
test,236,2layer,2layer/archive_3/64a73bab-f3a9-4a81-8efe-0260acfe8919.pt,9006.0,9569.8671875,5686.0,6401.9677734375,2.0,2.0513954162597656,1.0,1.2328554391860962,1669.0,1531.370849609375,1152.0,1183.763671875
test,247,2layer,2layer/archive_3/76c63687-fb2b-4102-8cf7-6600c48ac04c.pt,14930.0,15347.748046875,11255.0,11273.6142578125,0.0,0.0,2.0,1.7856721878051758,6341.0,5441.9189453125,4608.0,3342.26513671875
test,249,2layer,2layer/archive_3/7fa826ee-4602-4d40-a55b-e7230afc70e9.pt,24914.0,28506.92578125,14010.0,15887.552734375,12.0,11.10999870300293,1.0,2.226655960083008,2165.0,2397.582763671875,1152.0,1052.9969482421875
test,262,2layer,2layer/archive_3/96ddafdb-c1a1-464d-a77e-1f6956a91deb.pt,29596.0,27039.099609375,15628.0,15944.658203125,10.0,10.202651977539062,1.0,2.0609869956970215,2397.0,2375.54541015625,1248.0,1184.3553466796875
test,264,2layer,2layer/archive_3/98c7083e-8b81-4b46-99a6-9214ede4dd8c.pt,30491.0,30029.41796875,17939.0,18334.443359375,4.0,5.255300045013428,3.0,2.6494803428649902,10213.0,8629.4765625,5280.0,4405.10400390625
test,265,2layer,2layer/archive_3/9a8a2054-ac77-4816-b009-5dcfec1f31aa.pt,15698.0,16076.482421875,10446.0,10716.431640625,6.0,4.503087520599365,1.0,1.0440317392349243,1541.0,2128.613525390625,1024.0,1226.746337890625
test,280,2layer,2layer/archive_3/d29cbb53-9b53-4cae-a12a-8f9a4e920a10.pt,4556.0,6593.33544921875,5050.0,6114.572265625,2.0,1.665320634841919,1.0,0.9352363348007202,1029.0,1476.1195068359375,832.0,909.369384765625
test,293,2layer,2layer/archive_3/f59f9642-8d8b-4cbc-a4c8-80b378b8e6c0.pt,17557.0,20534.015625,13243.0,12266.36328125,4.0,3.9386069774627686,1.5,1.5242125988006592,4101.0,4247.58203125,2304.0,2347.06591796875
test,306,2layer,2layer/archive_4/098f434f-1b68-491d-94cf-03f1cfe0cfa1.pt,16849.0,17026.48828125,12066.0,13097.728515625,0.0,0.0,2.5,2.059591293334961,5765.0,4962.65771484375,3200.0,2811.43212890625
test,310,2layer,2layer/archive_4/1be5c2a5-5b49-4f8c-9fb6-0b444f6b85e4.pt,24409.0,24352.2578125,17864.0,17237.177734375,0.0,0.0,2.5,2.4123425483703613,8517.0,6704.73583984375,4928.0,3606.65771484375
test,315,2layer,2layer/archive_4/247e4213-8ae5-462d-b957-a9f783755031.pt,10996.0,11627.669921875,7502.0,8931.419921875,0.0,0.0,1.5,1.6006131172180176,3333.0,2999.251953125,2560.0,2083.893798828125
test,316,2layer,2layer/archive_4/25b1fddf-e065-4fea-b31e-274ba799605a.pt,22869.0,25171.580078125,17850.0,15264.4375,9.0,6.618602275848389,1.0,1.9686118364334106,2821.0,4225.71826171875,1792.0,2056.243408203125
test,337,2layer,2layer/archive_4/62878700-1b8b-452f-8cfd-c1c35028130d.pt,36022.0,40436.67578125,19075.0,22325.44140625,26.0,23.333290100097656,15.0,9.515979766845703,1733.0,2774.744384765625,896.0,1058.1463623046875
test,354,2layer,2layer/archive_4/8f67864f-c9d4-45ad-8c91-a0d544c15b4c.pt,20398.0,21367.31640625,11867.0,12239.4619140625,8.0,6.860230922698975,1.0,1.317385196685791,1861.0,2153.974609375,960.0,1083.8363037109375
test,356,2layer,2layer/archive_4/936a8ff7-7ebb-4277-ab21-b9de8be46fc5.pt,17358.0,17954.4609375,14011.0,12730.1259765625,0.0,0.0,3.0,2.12263560295105,1877.0,2145.90478515625,1040.0,980.968505859375
test,374,2layer,2layer/archive_4/bdceb934-f44d-47a5-a407-bba9907dde42.pt,13311.0,12661.228515625,8418.0,7871.6904296875,2.0,2.2443013191223145,1.5,1.6776270866394043,4165.0,3977.07470703125,3520.0,2622.71826171875
test,376,2layer,2layer/archive_4/c0408fb1-d997-4a14-b9cb-fcc363e2e63f.pt,12889.0,13787.095703125,10881.0,9402.23828125,0.0,0.0,1.5,1.3389767408370972,1765.0,1699.957763671875,1056.0,926.0728759765625
test,378,2layer,2layer/archive_4/c4b52d21-e3b2-4ad5-b29b-7aeea1cd9169.pt,14894.0,15644.4609375,12834.0,12729.822265625,0.0,0.0,2.5,2.184215545654297,7173.0,4937.30712890625,3584.0,2586.92236328125
test,383,2layer,2layer/archive_4/cf3f2c09-b079-49cc-a2c9-be50e9340c14.pt,16564.0,17726.564453125,13693.0,11292.4462890625,2.0,2.806043863296509,1.5,1.8396891355514526,4485.0,5020.1572265625,2688.0,2906.162109375
test,385,2layer,2layer/archive_4/d3bb67b0-53b9-4d26-a700-f081ba4bdbb6.pt,13619.0,15246.41015625,10495.0,11409.181640625,0.0,0.0,2.0,1.8051424026489258,6917.0,5567.3291015625,3456.0,3332.9775390625
test,386,2layer,2layer/archive_4/d630ae52-0bde-447d-9b3b-458df1884f34.pt,11508.0,9072.5869140625,6566.0,6260.66162109375,2.0,1.8429628610610962,1.5,1.1838338375091553,1221.0,1543.736328125,896.0,1158.431396484375
test,391,2layer,2layer/archive_4/e45b7645-39d0-4cd5-83d9-2306a1618dc4.pt,23966.0,25174.869140625,18168.0,19073.755859375,0.0,0.0,2.5,2.8401107788085938,8165.0,7550.73046875,4800.0,4148.2734375
test,392,2layer,2layer/archive_4/f1f196d5-1325-4225-893b-f7fa6e75ed62.pt,20477.0,23427.05078125,15197.0,14440.7138671875,6.0,5.513641357421875,3.5,1.8662627935409546,3749.0,4173.3095703125,2080.0,2313.05029296875
test,393,2layer,2layer/archive_4/f1fa0476-2eb3-4fce-8070-80b3bcd31c66.pt,14528.0,12258.7265625,8802.0,8841.11328125,3.0,2.442838191986084,2.0,1.1516252756118774,2437.0,3075.328857421875,1920.0,1921.7982177734375
test,397,2layer,2layer/archive_4/f8ca8e8f-370f-483d-a7eb-4e709b42d7e1.pt,3840.0,7107.42333984375,4521.0,5426.61767578125,2.0,1.7092970609664917,0.5,0.9784605503082275,900.0,1210.794189453125,832.0,1008.7476196289062
test,800,3layer,3layer/archive_1/0024ccb6-93d3-4d05-b42a-dcd082b9fb71.pt,16496.0,17217.4453125,14252.0,14019.1142578125,3.0,3.645508289337158,2.5,2.1086392402648926,6472.0,5366.408203125,2880.0,2834.9990234375
test,803,3layer,3layer/archive_1/075ba7e2-686c-4d8c-8154-801a8c763333.pt,9233.0,11186.322265625,8509.0,9221.4189453125,3.0,2.563032627105713,1.5,1.5726581811904907,2632.0,2126.535888671875,1344.0,1424.1243896484375
test,806,3layer,3layer/archive_1/1779f702-f865-451f-89d0-4f6b42a09e77.pt,25151.0,23785.984375,20528.0,17849.45703125,0.0,0.0,2.0,2.491262197494507,2984.0,2443.970458984375,1120.0,989.0364990234375
test,810,3layer,3layer/archive_1/1becf3c5-7c0f-49df-bdca-22bd47ef0f94.pt,33780.0,31792.822265625,25025.0,23441.53515625,0.0,0.0,9.5,5.0060224533081055,2464.0,3011.8623046875,896.0,1048.0355224609375
test,822,3layer,3layer/archive_1/4f415d2a-8a37-4458-9923-fe4ae65d193c.pt,17298.0,18329.984375,13192.0,12504.8681640625,4.0,5.564669609069824,1.5,1.376902461051941,3016.0,2330.684814453125,1280.0,1163.586181640625
test,834,3layer,3layer/archive_1/6677bec8-2c88-4ce9-89c6-8588190f1b63.pt,31188.0,30629.134765625,22330.0,20684.912109375,6.0,5.407708168029785,2.5,2.95908784866333,5944.0,7517.2373046875,2816.0,3396.546630859375
test,836,3layer,3layer/archive_1/6a93c56c-3a7d-4fb0-aa09-acf3c5c8cef0.pt,37935.0,41404.7109375,22505.0,23908.662109375,20.0,17.958152770996094,1.5,3.274453639984131,2632.0,2878.912353515625,960.0,1054.8218994140625
test,842,3layer,3layer/archive_1/7dff1db2-d16a-4a01-829b-05b72a41623c.pt,28802.0,28153.17578125,20556.0,19791.130859375,4.0,4.639660358428955,3.0,3.232743978500366,10824.0,8584.744140625,3840.0,4154.1376953125
test,845,3layer,3layer/archive_1/85da7610-5409-4ed2-b342-2d09b3584690.pt,44187.0,42461.6328125,22532.0,25733.01953125,20.0,19.973651885986328,1.5,3.6124331951141357,2752.0,3107.96923828125,1144.0,1107.4320068359375
test,847,3layer,3layer/archive_1/8a954d90-0bd3-4c11-ba3a-fba78f17ae0e.pt,56373.0,51807.6484375,29336.0,29793.900390625,13.0,17.49517822265625,3.0,3.220822334289551,6872.0,5866.47314453125,2640.0,2213.6884765625
test,853,3layer,3layer/archive_1/92d982a4-b98e-4746-bdec-60cb53775183.pt,21093.0,22662.177734375,14828.0,16658.90625,9.0,6.690181732177734,2.0,2.5182371139526367,2568.0,2643.666015625,896.0,1019.9727783203125
test,856,3layer,3layer/archive_1/9421bcba-aa11-4638-97d1-9a26a8309e94.pt,18172.0,19285.1171875,17338.0,15274.9375,0.0,0.0,5.0,2.3345232009887695,8647.0,6793.97314453125,4160.0,3653.89306640625
test,878,3layer,3layer/archive_1/c931f125-d81f-4ad7-8deb-3fedba17c28a.pt,24123.0,24891.482421875,17913.0,18709.544921875,4.0,4.854403018951416,2.5,2.6316823959350586,8264.0,6512.81201171875,3840.0,3204.817626953125
test,881,3layer,3layer/archive_1/ce352bfc-bbec-4951-8281-f01f2aef7e78.pt,33612.0,34518.140625,25132.0,22195.59765625,18.0,17.927499771118164,31.5,4.9919586181640625,2952.0,3010.8857421875,1152.0,1201.008544921875
test,896,3layer,3layer/archive_1/f1316787-264b-4558-83f8-97dc77bdfb14.pt,20085.0,16459.7890625,13156.0,12607.509765625,0.0,0.0,2.0,1.9202189445495605,4424.0,4206.08935546875,3072.0,2599.99755859375
test,906,3layer,3layer/archive_2/1aa82de7-cb5d-4b40-83ec-5d06eeb961d7.pt,17256.0,15959.765625,12363.0,13099.7265625,4.0,3.5698041915893555,4.0,1.9755125045776367,3752.0,4701.0791015625,2080.0,2601.21826171875
test,909,3layer,3layer/archive_2/1cb93ea5-5bd1-4044-9d56-c6d7c3f82adb.pt,44754.0,40139.05859375,28149.0,27464.68359375,5.0,7.192874431610107,9.0,3.795548439025879,14984.0,10722.75,5408.0,4958.58349609375
test,910,3layer,3layer/archive_2/212e820a-7f1a-4ca0-846a-920f20a79783.pt,40991.0,41242.65625,28078.0,27702.9453125,26.0,28.19843864440918,36.5,7.629755973815918,2840.0,3109.188232421875,1040.0,1092.1669921875
test,932,3layer,3layer/archive_2/52946797-a7fd-484d-a2e8-1d16801f50c7.pt,42780.0,42696.7890625,23203.0,24307.3125,10.0,11.889201164245605,2.5,2.2604498863220215,6312.0,5914.44384765625,2560.0,2381.254638671875
test,933,3layer,3layer/archive_2/542d7695-0143-4f00-adf6-51d6b975289a.pt,19429.0,19160.76171875,13907.0,14113.42578125,0.0,0.0,1.5,1.8100614547729492,2568.0,2501.95361328125,896.0,1061.126220703125
test,936,3layer,3layer/archive_2/5ceabaab-17e3-4e32-97e2-3b2c322edf2a.pt,7805.0,10439.90625,7444.0,7903.302734375,0.0,0.0,1.0,1.3407800197601318,1990.0,1678.3582763671875,1536.0,1151.84521484375
test,938,3layer,3layer/archive_2/5efe7324-c1c2-4a88-9406-6ea781fc4cad.pt,32335.0,28993.7734375,20517.0,20754.173828125,4.0,4.877327919006348,3.5,3.271637201309204,11016.0,8776.6474609375,4928.0,4227.5771484375
test,942,3layer,3layer/archive_2/703a84aa-5305-4cf6-98b9-6258a05b3068.pt,47515.0,40884.36328125,27601.0,27958.251953125,7.0,7.4702839851379395,3.5,3.7791786193847656,11336.0,10557.1484375,4160.0,4811.26806640625
test,944,3layer,3layer/archive_2/753eded0-6f3c-48c9-a62e-b5090d610223.pt,29470.0,27839.90234375,18876.0,18745.75,5.0,4.918633460998535,3.0,2.786668062210083,7944.0,7234.79150390625,2816.0,3340.158203125
test,949,3layer,3layer/archive_2/8226cd2a-649d-471a-9671-4e7ab433f595.pt,22668.0,21159.65625,15117.0,15326.712890625,6.0,4.699381351470947,2.0,2.009669065475464,2872.0,4189.53955078125,1456.0,1966.05615234375
test,956,3layer,3layer/archive_2/8d32562c-c074-44ad-971a-87b462918ee4.pt,19816.0,22078.443359375,16504.0,14852.3525390625,4.0,4.3836870193481445,2.0,2.0472402572631836,5640.0,4590.17138671875,2560.0,2060.7236328125
test,959,3layer,3layer/archive_2/9284e126-07b2-4bd9-bd1e-b86e7535e0f2.pt,36059.0,32012.404296875,24395.0,22952.84375,0.0,0.0,1.5,4.474775314331055,2888.0,2982.27880859375,1120.0,1139.2908935546875
test,970,3layer,3layer/archive_2/b31bf542-c0ce-4b6f-89c6-79a458c355ee.pt,22134.0,23934.966796875,16377.0,16132.60546875,4.0,4.13548469543457,2.5,2.6137144565582275,7432.0,6909.5341796875,3072.0,3283.69384765625
test,971,3layer,3layer/archive_2/b3922866-ccd0-49ba-afd4-85473963e4a8.pt,17938.0,19707.74609375,15041.0,15689.271484375,3.0,3.437211513519287,2.5,2.462664842605591,7624.0,7067.05322265625,3136.0,3650.019287109375
test,972,3layer,3layer/archive_2/b7ba3ab1-37aa-4904-987e-010524cc327f.pt,29563.0,29994.61328125,26451.0,23991.759765625,0.0,0.0,5.0,3.355271816253662,10248.0,9379.30078125,4160.0,4216.7431640625
test,975,3layer,3layer/archive_2/b9ec55d5-3a3f-4beb-af23-6613b1c0ecb9.pt,21151.0,21182.3125,15819.0,14737.5078125,3.0,3.504215955734253,3.0,2.661486864089966,9608.0,7199.732421875,4800.0,3757.869384765625
test,981,3layer,3layer/archive_2/c448356c-b3c9-49be-88c4-23b0d0c3f564.pt,15804.0,15715.869140625,11738.0,11295.3115234375,3.0,2.9236912727355957,2.5,2.1500496864318848,5832.0,5321.140625,4992.0,3009.8173828125
test,1004,3layer,3layer/archive_3/0b9292d5-b52f-4bcf-9d7f-8ec507a82838.pt,16178.0,17755.751953125,12690.0,11973.1083984375,3.0,3.3751792907714844,2.0,2.010819911956787,5768.0,4585.41015625,2304.0,2201.28955078125
test,1011,3layer,3layer/archive_3/15b0d127-a686-475d-868d-1b5885f20d0a.pt,20889.0,21015.677734375,17281.0,15964.08984375,0.0,0.0,2.5,2.2369508743286133,7176.0,5988.79833984375,2816.0,2981.900390625
test,1013,3layer,3layer/archive_3/1a4c6aa8-057b-4094-be6a-fa4f86bf0c04.pt,42459.0,39619.34765625,26728.0,24418.35546875,11.0,11.961688041687012,4.0,2.912407398223877,6664.0,5598.57763671875,2496.0,2329.9033203125
test,1018,3layer,3layer/archive_3/2a171325-74e9-44cd-ad59-2d6e0df0ca79.pt,25048.0,23283.25,20557.0,18341.82421875,0.0,0.0,3.0,2.7090747356414795,8520.0,7955.33544921875,4160.0,3915.011962890625
test,1019,3layer,3layer/archive_3/30a00082-630a-405d-83de-ee6e38ba241a.pt,25045.0,27173.294921875,20318.0,18882.478515625,3.0,4.42788553237915,4.5,3.155729293823242,12296.0,8417.6611328125,5376.0,4101.63427734375
test,1023,3layer,3layer/archive_3/38dd22a9-e82d-4e9c-99cf-744bc749693b.pt,26414.0,25168.33984375,19498.0,18378.333984375,0.0,0.0,1.5,2.5359339714050293,3744.0,2590.408203125,1344.0,1028.4495849609375
test,1024,3layer,3layer/archive_3/414d64df-e05d-43bc-bf86-e29fef941191.pt,16125.0,16494.61328125,11548.0,11376.7783203125,3.0,3.15291690826416,1.5,1.9534330368041992,2632.0,4097.7978515625,1536.0,2153.07470703125
test,1029,3layer,3layer/archive_3/49b2d6e6-2351-4e22-9e67-ae3eceeed11b.pt,32382.0,32330.60546875,23150.0,21988.462890625,4.0,5.316643238067627,3.0,3.4802072048187256,10440.0,9537.2373046875,4608.0,4585.025390625
test,1051,3layer,3layer/archive_3/8dfd5db3-a4b3-4ad8-9cd1-4b308e30413c.pt,19057.0,18807.78125,13039.0,13037.021484375,5.0,5.685161113739014,1.5,1.2606836557388306,2952.0,2147.401123046875,1152.0,1152.2564697265625
test,1059,3layer,3layer/archive_3/a2715528-63a3-4c2e-9685-6efbe7fdd477.pt,23527.0,23982.69921875,17266.0,16632.173828125,3.0,3.8691561222076416,4.0,2.881866455078125,11272.0,7749.4287109375,5120.0,3946.9453125
test,1065,3layer,3layer/archive_3/afe1d671-8d40-474a-9ee1-9a778cb082db.pt,31982.0,34449.375,23229.0,22880.064453125,11.0,8.949355125427246,3.0,2.92697811126709,5768.0,4665.36376953125,2304.0,1962.7647705078125
test,1067,3layer,3layer/archive_3/b682c296-4570-4878-873f-d5e1915cbc27.pt,30544.0,29732.673828125,22415.0,22512.2890625,0.0,0.0,7.5,4.280600547790527,2968.0,2786.08154296875,1120.0,997.6039428710938
test,1086,3layer,3layer/archive_3/dd7ecf45-dbc0-449b-8f58-f01a9017870a.pt,32527.0,32446.25390625,25356.0,25832.630859375,0.0,0.0,3.0,3.2029542922973633,8504.0,8014.86279296875,3120.0,3291.575439453125
test,1093,3layer,3layer/archive_3/f081b615-1a42-4b07-b1d1-9f4d57b0f095.pt,24444.0,26435.75,19902.0,18278.80078125,6.0,5.73429012298584,2.0,2.320828437805176,3528.0,4256.88671875,1792.0,1881.540771484375
test,1097,3layer,3layer/archive_3/f8f3e631-e290-4827-b9d9-ad11b1f8d1c6.pt,22488.0,23094.1640625,16869.0,16559.6640625,0.0,0.0,1.5,2.078446865081787,5352.0,4810.1484375,2016.0,2116.048583984375
test,1106,3layer,3layer/archive_4/086ee6d8-31d7-4842-a9e5-9239d93a2d3a.pt,21515.0,22793.25,18799.0,18024.357421875,0.0,0.0,2.5,2.4566543102264404,7304.0,6802.18212890625,3456.0,3083.401611328125
test,1107,3layer,3layer/archive_4/0b6e0739-ef7c-4111-b86d-f6cd64150fbc.pt,16720.0,17184.126953125,12179.0,13051.52734375,4.0,4.214359760284424,2.0,1.724344253540039,1992.0,2430.184814453125,768.0,1099.9971923828125
test,1136,3layer,3layer/archive_4/53000a96-26ac-405d-8a15-1e0e56150a13.pt,34211.0,36523.31640625,21361.0,21882.126953125,12.0,13.076398849487305,1.5,2.1627519130706787,3320.0,3043.05419921875,1152.0,1169.7720947265625
test,1165,3layer,3layer/archive_4/8ce80c0c-b515-40b7-8fe6-cdf7c22a9c2b.pt,24482.0,25652.8671875,20558.0,20173.759765625,0.0,0.0,2.5,2.4959661960601807,7048.0,5145.9609375,2560.0,2095.784912109375
test,1173,3layer,3layer/archive_4/b350aeb2-ef15-4209-acac-66479979a96e.pt,21796.0,22317.60546875,16543.0,18104.935546875,4.0,3.780155658721924,2.5,2.708664894104004,6728.0,7185.41455078125,2880.0,3664.38232421875
test,1179,3layer,3layer/archive_4/cae88075-6535-4fc8-ab67-205d9e535cd4.pt,27346.0,26927.6953125,21636.0,21180.453125,0.0,0.0,3.5,3.048731565475464,12040.0,9104.095703125,4992.0,4286.96826171875
test,1183,3layer,3layer/archive_4/d0087184-cf84-48db-a6d1-3e8c72f12840.pt,18645.0,19274.763671875,13297.0,13823.818359375,0.0,0.0,1.5,1.6913071870803833,4744.0,4102.18212890625,2048.0,1980.6796875
test,1190,3layer,3layer/archive_4/e62db8bd-0863-4b42-a0f9-4f0f0da213c8.pt,28634.0,28472.12109375,20752.0,19502.0546875,4.0,4.541981220245361,3.0,3.3130850791931152,8840.0,8977.66796875,3520.0,4371.169921875
test,1191,3layer,3layer/archive_4/e6cb7c40-cd11-41f6-a64b-643d8a61edc2.pt,37417.0,34570.45703125,25360.0,24144.93359375,5.0,6.00210428237915,3.5,3.5651655197143555,11784.0,9780.0849609375,4608.0,4620.6103515625
test,1193,3layer,3layer/archive_4/e9035178-92d9-419e-aebb-2f24d863a874.pt,16543.0,17092.755859375,12926.0,12794.3447265625,4.0,3.2321794033050537,1.5,2.289433479309082,4744.0,5886.14111328125,4032.0,3237.546875
test,1196,3layer,3layer/archive_4/f2a1eb9a-a5c2-486a-b0b8-03bc9bbe3ae7.pt,31100.0,26736.896484375,18062.0,18047.837890625,6.0,4.722943305969238,2.5,2.673461437225342,3720.0,6802.61669921875,2112.0,3171.1240234375
test,1600,conv1d,conv1d/archive_1/03c73b3e-86d4-462f-8e86-603db87552ba.pt,18163.0,17351.9453125,35596.0,33883.91015625,0.0,0.0,6.5,15.123944282531738,145699.0,196689.8125,145694.0,200349.34375
test,1601,conv1d,conv1d/archive_1/06f4e142-874c-464c-b830-43ff897b1009.pt,18579.0,20107.5859375,25405.0,25834.20703125,4.0,1.8829753398895264,39.0,9.511945724487305,215563.0,107203.8359375,215561.0,108720.8515625
test,1603,conv1d,conv1d/archive_1/10a572f8-97b1-42fd-b3b5-2efb9c639d3d.pt,19119.0,22683.5625,30481.0,34321.97265625,0.0,1.2383559942245483,26.5,11.45421314239502,653170.0,312093.125,653165.0,314933.5
test,1607,conv1d,conv1d/archive_1/2ed5ad7e-2bba-4aff-abf0-77301c2fcbbb.pt,13178.0,18900.404296875,21040.0,25378.158203125,3.0,3.501138210296631,4.0,7.148707866668701,82817.0,87341.46875,82818.0,88169.3359375
test,1608,conv1d,conv1d/archive_1/39ca686c-2d2d-42fa-b145-c6ba2f8b4c01.pt,15029.0,13181.11328125,24021.0,18231.443359375,0.0,0.0,6.5,6.049548625946045,64513.0,45717.44140625,64514.0,48806.58203125
test,1618,conv1d,conv1d/archive_1/6adb216d-3204-4aad-adbb-b9205c614931.pt,31452.0,22117.052734375,44279.0,33552.0234375,4.0,2.438636302947998,13.5,10.403021812438965,55553.0,48809.1875,55554.0,50797.53515625
test,1630,conv1d,conv1d/archive_1/a4d19761-4b0a-42ab-9d53-c66d8f00f10b.pt,15390.0,12700.837890625,22857.0,18438.376953125,0.0,0.0,4.0,7.539717674255371,102718.0,183379.0625,102716.0,196747.21875
test,1651,conv1d,conv1d/archive_2/1970606f-61b7-4b2f-a848-aadadcde58a9.pt,15850.0,23937.158203125,22701.0,30972.021484375,5.0,4.463645935058594,23.0,11.844015121459961,54604.0,51770.40625,54602.0,51137.203125
test,1669,conv1d,conv1d/archive_2/97c4a2dd-c9f0-40e9-ac63-628801202d07.pt,34710.0,26328.037109375,40870.0,35005.0078125,7.0,5.138457775115967,7.5,13.309102058410645,28987.0,71411.3203125,28973.0,67683.2734375
test,1676,conv1d,conv1d/archive_2/f656316b-2a7a-44b0-8a40-0d4d05aa6c00.pt,31277.0,23806.908203125,40224.0,31024.466796875,5.0,4.288190841674805,22.0,9.181342124938965,160018.0,74284.25,160013.0,74167.734375
test,1680,conv1d,conv1d/archive_3/0d0e9227-ea1f-43e1-a2fb-4d545571d647.pt,15876.0,16761.318359375,22783.0,24635.09765625,2.0,1.6884444952011108,3.5,5.039973258972168,9025.0,22163.232421875,9026.0,20024.396484375
test,1683,conv1d,conv1d/archive_3/1d537023-4542-4f7e-8f63-e5eb6c279129.pt,11768.0,16041.5458984375,20553.0,24770.634765625,0.0,0.0,4.0,9.082913398742676,121729.0,123877.734375,121730.0,133676.375
test,1707,conv1d,conv1d/archive_3/a3e0030b-e934-447d-b9f8-b2ed2cb4ba40.pt,64644.0,33292.53125,76009.0,43662.59375,7.0,5.654172897338867,41.5,14.002418518066406,371986.0,167072.9375,371981.0,166409.828125
test,1709,conv1d,conv1d/archive_3/aa96468f-065d-4d9e-81b4-6ef162123c27.pt,31689.0,32577.037109375,53359.0,50391.8828125,3.0,3.3765711784362793,25.0,13.936616897583008,71764.0,66460.4765625,71762.0,63914.984375
test,1710,conv1d,conv1d/archive_3/afb9a8e4-c0b7-4c81-951e-beace7c6580d.pt,7928.0,8432.9619140625,14764.0,10550.2939453125,0.0,0.0,3.0,2.2213711738586426,19169.0,20262.6328125,19170.0,20167.52734375
test,1716,conv1d,conv1d/archive_3/dc48d02e-01b9-417e-883c-6182b1617c94.pt,17465.0,11958.96875,25064.0,20486.462890625,0.0,0.0,17.5,10.650854110717773,442654.0,112505.671875,442652.0,123837.1015625
test,1719,conv1d,conv1d/archive_3/e28af083-279c-4728-846a-678e6d7bb22f.pt,12249.0,7800.8876953125,19967.0,10589.3681640625,2.0,0.7913220524787903,3.5,5.138657569885254,114433.0,38282.140625,114434.0,45379.5703125
test,1732,conv1d,conv1d/archive_4/18a551db-28d4-4a35-a3d2-d13dd25fc759.pt,37982.0,25229.86328125,70254.0,51356.7890625,2.0,1.4536194801330566,30.5,18.771726608276367,193522.0,219476.1875,193517.0,228334.5625
test,1736,conv1d,conv1d/archive_4/26fd427e-9c24-498f-b0ca-b698b7aa084d.pt,24004.0,28730.296875,55208.0,44297.3984375,3.0,3.632298469543457,15.0,11.471324920654297,266113.0,101368.296875,266114.0,98904.1796875
test,1737,conv1d,conv1d/archive_4/2a73b7ff-fd17-49dc-a651-08351f8086b0.pt,17247.0,19100.6796875,37741.0,36083.37109375,0.0,0.0,18.5,7.418927192687988,223747.0,57904.796875,223742.0,53179.234375
test,1747,conv1d,conv1d/archive_4/5830e323-ccaf-4db3-92eb-6526ef2b92d6.pt,13810.0,12091.76953125,22737.0,15624.5693359375,3.0,2.3144543170928955,4.5,3.6158931255340576,81793.0,39554.7890625,81794.0,45196.828125
test,1750,conv1d,conv1d/archive_4/6a259c16-db85-41f8-bf80-6109650e2888.pt,13147.0,16860.72265625,25239.0,29299.654296875,0.0,0.0,5.5,10.503908157348633,31681.0,61827.50390625,31682.0,63857.10546875
test,1757,conv1d,conv1d/archive_4/a4e94a46-08df-49ef-a586-a3a56af160f8.pt,53293.0,33799.671875,76241.0,50663.46875,7.0,5.540194988250732,33.0,15.978155136108398,56769.0,68454.796875,56770.0,59437.12109375
test,1762,conv1d,conv1d/archive_4/bd5948fb-b4a0-497e-aaf7-faf8d3a53559.pt,26514.0,20879.2890625,41609.0,30759.6640625,0.0,0.0,16.5,8.761123657226562,31820.0,69272.0390625,31814.0,74554.796875
test,1948,conv2d,conv2d/archive_1/16c81531-2d4a-44cd-a0f6-5818fb4eac23.pt,17139.0,20738.40234375,24051.0,34363.4375,2.0,5.064758777618408,11.0,20.871013641357422,982712.0,2001853.25,980912.0,2326100.5
test,1961,conv2d,conv2d/archive_1/8203796d-273a-48d8-bad6-5a88633e1b02.pt,64114.0,38700.1796875,89800.0,59764.86328125,8.0,5.540576457977295,45.0,19.3173770904541,980271.0,121868.8125,980272.0,100284.6171875
test,1968,conv2d,conv2d/archive_1/de099b6c-414e-45fe-9f32-db5a4f4fb51a.pt,25018.0,24518.13671875,36360.0,37196.73046875,3.0,6.039220333099365,17.5,16.93548583984375,558033.0,1710353.125,556742.0,1915329.375
test,1969,conv2d,conv2d/archive_1/e49f8865-3ed1-438b-8d47-f4df3fa258b1.pt,12620.0,20779.822265625,24980.0,33027.609375,0.0,3.7460455894470215,12.0,15.660584449768066,684739.0,1204405.25,682112.0,1242535.25
test,1970,conv2d,conv2d/archive_1/ed9737f7-5085-49cd-aff9-f5394b9ad940.pt,81241.0,31692.52734375,256413.0,67457.7265625,0.0,0.0,82.5,19.82234001159668,473230.0,433966.25,473231.0,429491.625
test,1971,conv2d,conv2d/archive_1/fe1fcd99-035b-4da0-b4c6-8d72ed3b2525.pt,30623.0,29576.78515625,63312.0,51499.41796875,2.0,1.2373462915420532,12.5,12.805094718933105,1249441.0,309269.5,1249442.0,311297.65625
test,1978,conv2d,conv2d/archive_3/1a7e57ac-ac64-4844-a748-391494154a11.pt,13136.0,29892.40625,27107.0,44483.375,1.0,2.3884825706481934,15.0,20.087581634521484,199302.0,2393066.25,199298.0,2709995.75
test,1982,conv2d,conv2d/archive_3/2da90877-d92f-4cc9-a745-09946576a12a.pt,27441.0,22761.73046875,56157.0,27877.390625,2.0,4.113540172576904,29.0,16.89402961730957,5021142.0,1975114.875,5021122.0,2268462.0
test,1998,conv2d,conv2d/archive_3/c1ce78ac-7210-45cc-9548-b632389bdf35.pt,15393.0,19187.552734375,32375.0,33198.234375,0.0,0.0,13.5,16.620708465576172,3731455.0,2271154.75,3731456.0,2627174.25
test,2004,conv2d,conv2d/archive_4/17baa5f9-fa5f-42ac-a377-9bcaaa336950.pt,30312.0,28915.2109375,54386.0,53608.6015625,1.0,2.73960018157959,27.5,16.599576950073242,5959501.0,1978066.75,5959502.0,2221825.25
test,2005,conv2d,conv2d/archive_4/30cb88ae-98c8-464e-a664-6e3082f34722.pt,24870.0,29157.265625,54470.0,55740.125,2.0,2.1845664978027344,26.0,14.711064338684082,949417.0,2245842.75,949412.0,2703944.5
test,2006,conv2d,conv2d/archive_4/38f47c2b-0eb1-45b2-bc5b-2838a5b7e752.pt,10442.0,21094.11328125,22578.0,37379.33984375,0.0,0.0,6.5,8.94019889831543,521551.0,1801417.875,521552.0,2193960.0
test,2017,conv2d,conv2d/archive_4/c0d17dad-4957-4bc3-89d2-0d422c6be1e4.pt,24617.0,28473.8046875,55067.0,54937.46875,2.0,2.226524591445923,17.5,14.466830253601074,1311313.0,2233179.75,1311314.0,2790735.0
test,2145,dense_latency,dense_latency/archive_1/141cccfe-4a6b-4af0-891c-de5382802c9d.pt,112883.0,71504.953125,22675.0,15506.0751953125,0.0,0.0,0.0,0.0006725664716213942,22.0,18.576343536376953,1.0,1.860109567642212
test,2146,dense_latency,dense_latency/archive_1/14962ede-dafe-4294-b6e2-7e1f48c5e6f6.pt,109697.0,108498.78125,22385.0,21796.208984375,0.0,0.0,0.0,1.1920928955078125e-07,13.0,14.756690979003906,3.0,1.6598217487335205
test,2147,dense_latency,dense_latency/archive_1/153c06a9-71c3-493e-a71b-5e9adf9f50f8.pt,177770.0,118815.2265625,37525.0,27286.859375,0.0,0.0,0.0,0.04886912927031517,27.0,23.06446075439453,3.0,2.482869863510132
test,2150,dense_latency,dense_latency/archive_1/16fff3d4-afd3-4400-abf5-b01c877da50d.pt,103870.0,250576.203125,31562.0,178377.40625,6425.0,482.6641540527344,0.0,0.0330713614821434,17.0,262.615478515625,1.0,44.082237243652344
test,2157,dense_latency,dense_latency/archive_1/4325e22a-7bf5-466c-8183-1e5d2d85e4ae.pt,100986.0,103207.0625,21215.0,22875.634765625,0.0,0.0,0.0,0.016282567754387856,18.0,16.021690368652344,2.0,1.8005656003952026
test,2172,dense_latency,dense_latency/archive_1/71fd7aec-e295-42eb-aadc-bccd0fd8383b.pt,267886.0,356689.28125,245003.0,251949.015625,370.0,408.91595458984375,0.0,0.1946256011724472,500.0,278.7864074707031,63.0,46.206092834472656
test,2176,dense_latency,dense_latency/archive_1/777e4ee2-ce18-47a2-9f62-0061ca24e3b7.pt,213557.0,130774.8984375,45661.0,45075.09765625,689.0,560.0645141601562,0.0,0.012473609298467636,20.0,48.55778503417969,1.0,7.17401123046875
test,2183,dense_latency,dense_latency/archive_1/8dac354c-4a68-4c4d-b0db-d4889b5e797c.pt,217582.0,255245.140625,180265.0,187557.0625,459.0,432.19024658203125,0.0,0.1534748375415802,254.0,246.9933624267578,32.0,36.73680877685547
test,2188,dense_latency,dense_latency/archive_1/be152b4e-03af-4473-87e2-1b4a380b94a5.pt,153510.0,125748.8828125,33273.0,29106.78515625,0.0,0.0,0.0,0.029588110744953156,27.0,24.554019927978516,2.0,2.52742338180542
test,2219,dense_latency,dense_latency/archive_2/2c0510c5-5826-40a9-99e6-6a83ff6a2b93.pt,72930.0,34409.31640625,66907.0,20002.7890625,143.0,149.93128967285156,0.0,0.9584278464317322,386.0,210.28048706054688,86.0,40.43156814575195
test,2226,dense_latency,dense_latency/archive_2/4c56e491-5605-4a08-a69e-aa4297e5ae17.pt,186063.0,146469.03125,110859.0,64659.8359375,144.0,671.962890625,0.0,0.0046537588350474834,88.0,52.97578048706055,19.0,9.788280487060547
test,2229,dense_latency,dense_latency/archive_2/5d272459-e54d-401d-81a7-4c40ae6a5ae6.pt,22371.0,49009.24609375,16349.0,22834.765625,29.0,141.2281951904297,0.0,0.032419353723526,146.0,71.03262329101562,37.0,14.659072875976562
test,2232,dense_latency,dense_latency/archive_2/60018a21-6d18-457e-8937-4e402e92ca11.pt,62733.0,68020.5390625,44569.0,29230.66015625,43.0,375.5921630859375,0.0,1.1920928955078125e-07,193.0,38.15016555786133,51.0,6.470041275024414
test,2243,dense_latency,dense_latency/archive_2/82d609f5-d822-4d65-b482-9c6a6e0f4b7f.pt,43594.0,62826.19921875,9183.0,11979.5390625,0.0,0.0,0.0,0.03820113092660904,19.0,17.636850357055664,1.0,1.4976979494094849
test,2248,dense_latency,dense_latency/archive_2/93838855-384c-451a-889d-c28d7768640f.pt,586060.0,382500.6875,524745.0,237520.09375,386.0,609.43115234375,0.0,1.1920928955078125e-07,258.0,384.2545166015625,64.0,84.34549713134766
test,2253,dense_latency,dense_latency/archive_2/acc3fdac-8d42-4caf-9aba-9b03d8ad4ce6.pt,111297.0,104855.25,22200.0,22569.193359375,0.0,0.0,0.0,0.10286790877580643,21.0,21.36376190185547,1.0,1.774828314781189
test,2254,dense_latency,dense_latency/archive_2/b24ba935-f69e-4cba-b055-bb345ac6b627.pt,122279.0,109561.1328125,27201.0,24134.55078125,0.0,0.0,0.0,0.02424287050962448,26.0,23.066272735595703,1.0,2.2445175647735596
test,2258,dense_latency,dense_latency/archive_2/c441e13c-e695-43ab-8b0e-e9fae1382054.pt,70364.0,53540.2890625,14616.0,11724.30859375,0.0,0.0,0.0,0.0023399507626891136,14.0,14.094582557678223,1.0,1.544450283050537
test,2273,dense_latency,dense_latency/archive_2/f6dadb65-282a-45bd-bd8c-1b4e077d5799.pt,86391.0,83660.4609375,18560.0,17012.640625,0.0,0.0,0.0,0.19490660727024078,21.0,20.329458236694336,1.0,1.2461613416671753
test,2278,dense_latency,dense_latency/archive_2/fb7184e1-5b3f-4d28-a759-e64bfba6ab9f.pt,117787.0,116739.8984375,76082.0,51523.09765625,52.0,306.103759765625,0.0,1.1920928955078125e-07,141.0,73.31752014160156,36.0,13.140703201293945
test,2281,dense_latency,dense_latency/archive_3/0bacae1a-1069-4078-b41c-3c240faa19d9.pt,227802.0,264194.25,154669.0,130553.34375,75.0,309.15435791015625,0.0,0.07417673617601395,376.0,153.76011657714844,49.0,24.58917999267578
test,2289,dense_latency,dense_latency/archive_3/2fde3c76-08ff-4f41-ad59-937cb139cfc7.pt,309662.0,377599.0625,278114.0,271110.21875,573.0,355.02264404296875,0.0,0.10337208956480026,256.0,529.4754638671875,32.0,94.987548828125
test,2291,dense_latency,dense_latency/archive_3/30a09565-a681-4419-875f-f4fcc35ed53c.pt,276878.0,324888.46875,146553.0,122096.703125,518.0,1607.9637451171875,0.0,1.1920928955078125e-07,128.0,117.0995864868164,19.0,12.870748519897461
test,2295,dense_latency,dense_latency/archive_3/37f43986-008b-4880-8250-0031eefdb6ce.pt,73141.0,122905.03125,20756.0,97088.71875,4779.0,337.3035583496094,0.0,0.09158848971128464,10.0,313.7880859375,1.0,69.85765838623047
test,2301,dense_latency,dense_latency/archive_3/4b863955-16a3-4e20-af4d-158f5a57b81e.pt,76133.0,83915.046875,14215.0,19079.7421875,0.0,0.0,0.0,0.15589801967144012,18.0,17.107877731323242,1.0,1.5101821422576904
test,2322,dense_latency,dense_latency/archive_3/97e59d64-5e19-4320-b05f-b606732d96d2.pt,519250.0,483958.25,487589.0,322532.375,368.0,410.4634094238281,0.0,0.24772222340106964,387.0,333.6600036621094,64.0,49.85054016113281
test,2324,dense_latency,dense_latency/archive_3/9bdde29f-91ec-4b64-9214-5466930df099.pt,242184.0,269293.8125,222418.0,199689.140625,417.0,341.0052185058594,0.0,0.2658192813396454,255.0,269.1556091308594,32.0,39.493553161621094
test,2335,dense_latency,dense_latency/archive_3/be08fd22-d477-4e83-93ea-abdffe96c4bd.pt,240326.0,268754.5,217967.0,200468.21875,274.0,336.921630859375,0.0,0.22315596044063568,592.0,345.5682373046875,94.0,60.39905548095703
test,2338,dense_latency,dense_latency/archive_3/c58ce5f8-2396-45d7-b9df-a546fd57b27f.pt,192880.0,233246.109375,113651.0,121902.40625,420.0,440.42041015625,0.0,1.1920928955078125e-07,149.0,130.42283630371094,20.0,22.68777847290039
test,2343,dense_latency,dense_latency/archive_3/dffb4c84-2e37-4632-a8cd-760033084e1e.pt,287860.0,238304.0,264775.0,176589.828125,256.0,297.84967041015625,0.0,0.24971306324005127,530.0,524.1574096679688,93.0,120.72274780273438
test,2348,dense_latency,dense_latency/archive_3/ed197369-8970-412b-bddc-1f630cd23fa3.pt,97265.0,124711.046875,61982.0,58039.5859375,63.0,751.656982421875,0.0,1.1920928955078125e-07,136.0,76.04898834228516,35.0,11.906630516052246
test,2355,dense_latency,dense_latency/archive_4/04b281e9-3408-4487-aa3c-47d9d20aac11.pt,73949.0,194811.40625,9012.0,133289.0,5834.0,593.9471435546875,0.0,0.03919592127203941,14.0,291.3338623046875,1.0,68.01820373535156
test,2356,dense_latency,dense_latency/archive_4/0a998bec-4ace-4de2-8334-1a54bd946445.pt,169329.0,350555.03125,50860.0,197541.1875,11143.0,1351.4859619140625,0.0,1.1920928955078125e-07,16.0,77.56137084960938,1.0,12.409143447875977
test,2357,dense_latency,dense_latency/archive_4/0d969b0d-b59f-4d6b-91f1-bd0769614276.pt,364226.0,479715.125,316803.0,316113.0625,630.0,513.922119140625,0.0,0.0025603112298995256,229.0,384.5740966796875,32.0,71.39404296875
test,2359,dense_latency,dense_latency/archive_4/11b91499-1fc2-4c8c-976c-8f3702039b90.pt,208587.0,179792.90625,44745.0,29519.9453125,698.0,705.3043212890625,0.0,0.27050164341926575,20.0,121.20702362060547,1.0,4.185070514678955
test,2362,dense_latency,dense_latency/archive_4/153109f7-21cf-4526-92c2-d966688b0219.pt,88848.0,59175.13671875,84647.0,41346.30859375,278.0,227.1715087890625,0.0,0.6323755979537964,189.0,181.78073120117188,32.0,29.09702491760254
test,2376,dense_latency,dense_latency/archive_4/51c3a472-2330-4e9b-b409-1d85f05b5641.pt,274352.0,190323.28125,228556.0,127650.609375,562.0,628.012939453125,0.0,0.20744173228740692,222.0,300.45263671875,32.0,49.82171630859375
test,2386,dense_latency,dense_latency/archive_4/67063dbe-cfdc-41bb-803a-261839437630.pt,238065.0,266671.6875,216738.0,215107.375,174.0,296.32763671875,0.0,1.1920928955078125e-07,450.0,318.5827941894531,94.0,63.090702056884766
test,2401,dense_latency,dense_latency/archive_4/a3238af5-b80b-474b-88e0-02f68a61affa.pt,174120.0,170775.015625,122440.0,78500.65625,54.0,154.777099609375,0.0,0.46771523356437683,370.0,126.33887481689453,50.0,14.47945785522461
test,2416,dense_latency,dense_latency/archive_4/d4fd6441-4e9c-4adf-a1a1-71018c2543d5.pt,297716.0,329049.0625,243147.0,223068.5625,553.0,482.8440856933594,0.0,0.04407477751374245,223.0,354.91705322265625,32.0,63.61579895019531
test,2420,dense_latency,dense_latency/archive_4/de113925-04dd-418f-9f74-7df76d9fd168.pt,206374.0,193798.171875,141637.0,107220.609375,21.0,177.90037536621094,0.0,1.1920928955078125e-07,165.0,80.14195251464844,34.0,14.750200271606445
test,2429,dense_latency,dense_latency/archive_4/f85832e2-da29-4084-8559-996e703857fa.pt,177116.0,162904.890625,118583.0,92042.5,136.0,247.3412628173828,0.0,1.1920928955078125e-07,241.0,83.67665100097656,50.0,17.369094848632812
test,2690,dense_resource,dense_resource/archive_1/024063f6-75d8-4f1a-8bb9-ae3c65538458.pt,103948.0,118240.3125,145619.0,141456.09375,104.0,74.85474395751953,29.0,27.188522338867188,3914.0,5043.1181640625,512.0,759.192138671875
test,2695,dense_resource,dense_resource/archive_1/17383848-f5b7-4a30-aa15-3950fdea85a0.pt,34095.0,51115.30859375,51356.0,46368.8984375,0.0,0.0,5.5,4.558017730712891,2751.0,1775.162109375,512.0,323.275146484375
test,2703,dense_resource,dense_resource/archive_1/38a5f100-6115-4692-a253-645686ee9f39.pt,40577.0,42865.2109375,54244.0,51812.29296875,0.0,0.0,9.0,6.630643844604492,5528.0,5199.9013671875,1024.0,1002.2296752929688
test,2715,dense_resource,dense_resource/archive_1/60a8d365-6cf8-4bab-936d-c14405792b5b.pt,35066.0,51616.984375,50321.0,45297.8515625,0.0,0.0,6.5,4.717744827270508,2363.0,2282.822509765625,512.0,437.53424072265625
test,2722,dense_resource,dense_resource/archive_1/85dd97fc-ca2c-4743-9090-d348dc5566ea.pt,58904.0,85363.6796875,90976.0,92175.3125,42.0,46.918792724609375,12.0,9.294585227966309,3669.0,3248.641357421875,512.0,599.603759765625
test,2723,dense_resource,dense_resource/archive_1/899d2a0e-ebfa-4fa4-be42-7ab12ff6eb74.pt,54346.0,81928.296875,70843.0,87462.6640625,40.0,83.63644409179688,12.0,8.614567756652832,2068.0,2849.010986328125,512.0,577.9336547851562
test,2734,dense_resource,dense_resource/archive_1/b1bebdb4-d6ea-47bd-b1eb-1add0957e49b.pt,86375.0,115247.640625,126173.0,124981.921875,87.0,102.27623748779297,25.5,21.03343963623047,4365.0,3970.270751953125,512.0,782.38427734375
test,2738,dense_resource,dense_resource/archive_1/d64a96c8-6d04-455d-b566-19cc61698d68.pt,420683.0,281789.65625,139213.0,78194.0078125,0.0,0.0,0.0,0.3111603856086731,501.0,188.02963256835938,128.0,108.55486297607422
test,2742,dense_resource,dense_resource/archive_1/f07f2efc-9719-475a-a03f-9af73e585bf3.pt,75244.0,75827.75,107785.0,100596.21875,12.0,15.775981903076172,15.0,15.646239280700684,8234.0,8161.60400390625,1024.0,1239.4268798828125
test,2746,dense_resource,dense_resource/archive_1/f8404942-926e-4a43-b971-da3cc743f93c.pt,41261.0,40660.078125,54943.0,31210.599609375,0.0,0.0,7.5,3.408696413040161,3816.0,1404.04638671875,512.0,247.38189697265625
test,2753,dense_resource,dense_resource/archive_2/18e8fab5-f8a9-4b28-a114-4d07a18cc111.pt,53006.0,46020.8125,67004.0,65383.80078125,9.0,10.719446182250977,8.5,7.892971515655518,6450.0,4856.51025390625,1024.0,936.31103515625
test,2755,dense_resource,dense_resource/archive_2/1c0c0221-5387-4390-beb1-0644a677d57d.pt,90684.0,92079.8984375,120364.0,111755.1953125,42.0,30.844282150268555,24.5,22.553794860839844,7271.0,7072.6572265625,1024.0,1193.0860595703125
test,2757,dense_resource,dense_resource/archive_2/21428f86-33ad-4ebc-9ab1-748f2da43d6c.pt,70125.0,77322.7421875,85317.0,96389.3125,38.0,31.265914916992188,14.5,9.72394847869873,3654.0,4205.08642578125,512.0,725.9402465820312
test,2762,dense_resource,dense_resource/archive_2/37bd87b0-722b-4e60-95a5-ae6c7c6a0a62.pt,80825.0,88777.9375,100842.0,109594.6796875,35.0,36.573272705078125,20.5,18.817710876464844,6277.0,6385.2275390625,1024.0,1035.913818359375
test,2772,dense_resource,dense_resource/archive_2/5d2e4e5c-5f78-4492-8f17-dbfed9427da4.pt,43953.0,66463.078125,69475.0,94122.9453125,32.0,21.815523147583008,10.0,7.493574142456055,3750.0,3815.79248046875,512.0,665.0131225585938
test,2775,dense_resource,dense_resource/archive_2/6e883452-6f28-4f3a-9f8d-693148e4c98d.pt,34177.0,33460.94921875,46479.0,48511.859375,16.0,15.130884170532227,6.5,6.504148006439209,2101.0,1732.66845703125,512.0,350.2705078125
test,2776,dense_resource,dense_resource/archive_2/786039fd-67cd-4fe8-a285-36ea1bb82d69.pt,111270.0,117948.6171875,153280.0,142256.703125,58.0,53.7394905090332,33.0,28.00895881652832,8384.0,7062.841796875,1024.0,1110.302978515625
test,2782,dense_resource,dense_resource/archive_2/a6bf8d29-0790-4d99-97d9-5afdf002c539.pt,984490.0,738624.6875,343271.0,246188.421875,7645.0,9251.3447265625,0.0,0.2874535024166107,66.0,289.66229248046875,9.0,75.01325988769531
test,2783,dense_resource,dense_resource/archive_2/ab8387a8-0cf4-4735-91a0-7e27b1fed41e.pt,45045.0,54384.21875,61660.0,70026.671875,0.0,0.0,7.5,10.18643856048584,2846.0,3163.533935546875,512.0,528.7522583007812
test,2808,dense_resource,dense_resource/archive_3/2f5641cb-d4e0-45a9-bfa0-a0a97046853c.pt,66353.0,66630.4921875,97734.0,91978.96875,20.0,11.923665046691895,13.5,12.834148406982422,6821.0,7435.935546875,1024.0,1118.2139892578125
test,2810,dense_resource,dense_resource/archive_3/385a8c22-24c6-4606-a155-4160d1611390.pt,158256.0,139328.5,47310.0,45090.6171875,0.0,0.0,0.0,0.07146188616752625,103.0,83.8744888305664,64.0,35.27522659301758
test,2816,dense_resource,dense_resource/archive_3/51797543-2176-45df-b553-44507e9154e5.pt,76034.0,62659.07421875,108032.0,89908.25,0.0,0.0,12.5,11.508846282958984,8301.0,7585.6103515625,1024.0,1146.59033203125
test,2822,dense_resource,dense_resource/archive_3/61e28d4b-b78d-476f-8d9a-e9fae47fa50b.pt,53970.0,74393.859375,66340.0,89048.265625,21.0,46.922447204589844,8.5,9.299603462219238,2866.0,2593.7529296875,512.0,512.931640625
test,2840,dense_resource,dense_resource/archive_3/d41b3e62-73a5-4cda-a6a6-470b5ecfa30c.pt,71511.0,57885.4140625,75802.0,68657.15625,12.0,17.605117797851562,9.0,11.300914764404297,6506.0,6163.81884765625,1024.0,1280.44189453125
test,2842,dense_resource,dense_resource/archive_3/d57f6e5b-bbbb-4c8a-8668-914a8593cb6c.pt,199259.0,188410.0625,72109.0,56673.99609375,0.0,0.0,0.0,0.4015224575996399,20.0,76.04983520507812,4.0,44.03471374511719
test,2849,dense_resource,dense_resource/archive_3/fe635281-5550-4f0e-bab9-b58a6c373e51.pt,109349.0,118686.1171875,151767.0,138835.875,114.0,71.61476135253906,31.5,27.049654006958008,4529.0,5284.64599609375,512.0,804.8140869140625
test,2863,dense_resource,dense_resource/archive_4/567a8d26-0155-4b47-989b-f79ccf3b90d3.pt,98427.0,111257.8359375,130369.0,155131.359375,32.0,67.38542175292969,22.5,20.42009735107422,3815.0,4541.146484375,512.0,708.9835815429688
test,2864,dense_resource,dense_resource/archive_4/56cc1f67-c320-4bc6-aa2c-46f204e6f844.pt,26667.0,49590.60546875,31122.0,50481.16015625,7.0,39.332191467285156,4.0,1.7625417709350586,1832.0,1022.97216796875,512.0,267.6399230957031
test,2865,dense_resource,dense_resource/archive_4/580d5717-9254-47b5-a5b2-1b20f3063ab2.pt,221049.0,131021.953125,56419.0,39844.23828125,0.0,0.0,0.0,1.1920928955078125e-07,19.0,56.07928466796875,4.0,32.16736602783203
test,2867,dense_resource,dense_resource/archive_4/6432e28b-6416-4a6d-8588-5c6cd9a0b3b1.pt,40865.0,43253.359375,60576.0,65311.9453125,4.0,6.185247421264648,8.0,9.866596221923828,4313.0,4365.0322265625,1024.0,1112.1046142578125
test,2876,dense_resource,dense_resource/archive_4/8847bc5b-b8ef-48a5-a413-2c32dbd9d557.pt,40989.0,52816.8359375,61990.0,45520.01171875,0.0,0.0,8.0,4.1293416023254395,3771.0,1826.2279052734375,512.0,302.4412536621094
test,2878,dense_resource,dense_resource/archive_4/8ed3a393-67d9-418c-9d77-d791921c2de2.pt,180570.0,177816.5625,60744.0,54420.01953125,0.0,0.0,0.0,0.07886646687984467,183.0,95.40248107910156,128.0,51.12778854370117
test,2881,dense_resource,dense_resource/archive_4/946a2ebc-84bd-444f-9fee-b1b8f8cd5205.pt,249177.0,213498.953125,98249.0,79407.5234375,3239.0,0.0,0.0,0.5663485527038574,35.0,112.0772476196289,7.0,30.542531967163086
test,2892,dense_resource,dense_resource/archive_4/e8a8bf8c-1088-4653-98e9-edff69288279.pt,41095.0,41226.96484375,55343.0,51820.4453125,0.0,0.0,7.5,6.987065315246582,3815.0,4051.741943359375,1024.0,900.9148559570312
test,3109,rule4ml,rule4ml/archive_1/0ed991e0a4e25ed19987f0cc9210b426.pt,21778.0,43878.82421875,24051.0,10588.9541015625,0.0,0.0,19.0,13.134730339050293,1462.0,615.7808837890625,64.0,8.103506088256836
test,3122,rule4ml,rule4ml/archive_1/2b8cd655c4b32c156ea3a3f4d0ebf158.pt,1339.0,1745.6551513671875,429.0,380.88751220703125,0.0,0.0,8.0,4.264452934265137,82.0,54.49791717529297,2.0,2.096942901611328
test,3123,rule4ml,rule4ml/archive_1/2ed023f9ef036f1cf6698c523844b9e5.pt,41321.0,50690.29296875,1665.0,7993.9443359375,16.0,18.090627670288086,66.5,34.73988342285156,156.0,333.75225830078125,2.0,3.1811959743499756
test,3125,rule4ml,rule4ml/archive_1/3219ffd8661622e8c83c7ceec7993204.pt,19634.0,21567.1796875,2173.0,5993.87890625,0.0,0.0,0.0,0.577629566192627,1246.0,1500.7779541015625,1.0,12.382197380065918
test,3126,rule4ml,rule4ml/archive_1/36781015570b9033a4256c6751954dfa.pt,13186.0,54884.6796875,1261.0,5771.73974609375,36.0,22.664661407470703,18.0,14.304560661315918,568.0,460.23504638671875,2.0,3.4763987064361572
test,3132,rule4ml,rule4ml/archive_1/466d99f5bafd16bc2656bb493e26d3a3.pt,63269.0,24390.494140625,20395.0,19235.3359375,128.0,114.93623352050781,13.0,20.745716094970703,309.0,485.9761962890625,5.0,94.28290557861328
test,3145,rule4ml,rule4ml/archive_1/72287c9cac676de50d6937c1591c013c.pt,90974.0,49267.9765625,43278.0,38120.37890625,220.0,336.3750305175781,6.0,6.882412910461426,1175.0,1381.6051025390625,393.0,242.24868774414062
test,3159,rule4ml,rule4ml/archive_1/9f4aa5283477144a0d0cf869e8d72889.pt,357796.0,171522.40625,106967.0,138207.1875,220.0,732.9207763671875,20.0,36.955467224121094,1278.0,2004.3670654296875,322.0,1509.759521484375
test,3160,rule4ml,rule4ml/archive_1/9f747c2c9350eb5ee9df92af5c71cab0.pt,8847.0,19307.697265625,6104.0,7378.41943359375,173.0,275.66583251953125,43.5,18.951845169067383,1087.0,737.1302490234375,2.0,5.3955888748168945
test,3180,rule4ml,rule4ml/archive_1/d5a14627ffa5ac99e92e5015fd44796d.pt,134204.0,95572.0,14212.0,8142.9814453125,90.0,133.4611358642578,29.5,27.150293350219727,1111.0,802.25146484375,6.0,5.704306125640869
test,3189,rule4ml,rule4ml/archive_1/dd45999e8410dbd0e67c40f31cd5955a.pt,100450.0,223242.65625,80302.0,135356.25,2096.0,1222.9171142578125,44.5,35.758148193359375,657.0,674.5371704101562,4.0,12.938725471496582
test,3194,rule4ml,rule4ml/archive_1/e76bf57773bcf57b1f19da562e9ff10b.pt,9451.0,6485.734375,7408.0,4820.685546875,32.0,50.178531646728516,26.0,15.018970489501953,283.0,446.8756103515625,8.0,37.025474548339844
test,3196,rule4ml,rule4ml/archive_1/ecf7f5a60f0ef8948e0f8b3c91eab2f1.pt,28241.0,34196.60546875,26303.0,25273.236328125,292.0,274.315185546875,72.5,23.006868362426758,1596.0,796.5330810546875,128.0,99.95314025878906
test,3197,rule4ml,rule4ml/archive_1/ed8331280ac6ef5ef8886e15cb23dbff.pt,9909.0,19428.9296875,10886.0,15746.115234375,256.0,380.92626953125,13.0,5.877744197845459,1735.0,939.5453491210938,128.0,154.9661102294922
test,3199,rule4ml,rule4ml/archive_1/eea79f2ee33e9eba8e086cce0a1f286d.pt,18418.0,1313.0372314453125,17414.0,244.58743286132812,0.0,0.0,54.5,0.4802056849002838,800.0,1037.2080078125,8.0,9.421712875366211
test,3205,rule4ml,rule4ml/archive_2/040d56cdc4fbbcd7e59884b75505e1fc.pt,1239.0,1875.5198974609375,24.0,559.1929931640625,0.0,0.0,8.0,9.205669403076172,138.0,203.8931884765625,1.0,6.997341632843018
test,3206,rule4ml,rule4ml/archive_2/09b08d4078369169809eed465eb3200c.pt,51844.0,39053.890625,33858.0,2146.637939453125,0.0,0.0,124.5,63.305477142333984,1073.0,1524.2020263671875,1.0,5.503619194030762
test,3217,rule4ml,rule4ml/archive_2/280f5b70344e92009ae9811b3736dc68.pt,25096.0,49487.46875,10888.0,32693.81640625,0.0,485.3960266113281,0.0,0.45649254322052,92.0,65.36734771728516,8.0,10.124704360961914
test,3228,rule4ml,rule4ml/archive_2/4fa4f84dcdbc74a4dcea9c798e981f13.pt,44740.0,94366.875,23137.0,34311.7265625,41.0,2375.1259765625,0.0,1.1920928955078125e-07,712.0,349.0974426269531,44.0,4.221057415008545
test,3236,rule4ml,rule4ml/archive_2/70099d4a3ee6ba6d3c7ed191ef4e5070.pt,8279.0,7382.91796875,7183.0,5240.20751953125,63.0,76.34302520751953,4.0,3.9960241317749023,120.0,477.727294921875,32.0,53.5008430480957
test,3239,rule4ml,rule4ml/archive_2/777dabde721419f1eee884b2e6da3d01.pt,55929.0,31676.451171875,38806.0,23671.654296875,220.0,235.80679321289062,84.0,36.1710319519043,1040.0,720.6320190429688,125.0,61.31303787231445
test,3240,rule4ml,rule4ml/archive_2/779ddffa7b579aa1f0c7ecba6016a160.pt,1100.0,1141.4656982421875,10.0,142.55081176757812,4.0,25.71352195739746,0.0,1.4937803745269775,602.0,427.51556396484375,1.0,1.9488792419433594
test,3251,rule4ml,rule4ml/archive_2/90af6814f2d9e83b1dfadf3f34e10b66.pt,33707.0,305479.3125,1142.0,87460.5,0.0,1798.6715087890625,32.0,0.26869773864746094,154.0,126.7107162475586,1.0,3.9364092350006104
test,3263,rule4ml,rule4ml/archive_2/a9c2f691ad83bc53dd4d8fbabf4dbf59.pt,112594.0,111414.34375,4971.0,11181.0849609375,48.0,61.63494873046875,137.0,105.9501953125,687.0,678.3453369140625,2.0,5.517148017883301
test,3270,rule4ml,rule4ml/archive_2/bd5548e90a3ec8de981c3cb0530b5ae2.pt,49710.0,90967.7265625,6365.0,10304.998046875,64.0,109.10281372070312,23.0,10.846323013305664,1105.0,2139.3662109375,9.0,12.861730575561523
test,3278,rule4ml,rule4ml/archive_2/cf911e52ca87a152ab213ee3d7dbf414.pt,29649.0,48622.65234375,20231.0,17321.703125,0.0,0.0,10.0,7.706977844238281,840.0,652.5203857421875,16.0,12.111656188964844
test,3290,rule4ml,rule4ml/archive_2/e296617420c88f3d2005154d29a1581f.pt,121120.0,199026.5625,112352.0,87181.8515625,220.0,442.83941650390625,76.5,48.36457824707031,959.0,991.0633544921875,156.0,97.90615844726562
test,3311,rule4ml,rule4ml/archive_3/1d3ae7f2b1959ad4ceb82066b34e4843.pt,7043.0,12005.0224609375,4873.0,5063.357421875,32.0,64.62646484375,123.5,92.62826538085938,120.0,565.662353515625,1.0,1.5463850498199463
test,3312,rule4ml,rule4ml/archive_3/1edc30fd6622623a89f5fda4dd11ebfe.pt,42776.0,260659.71875,45742.0,156969.4375,181.0,791.4171142578125,83.0,1.7101185321807861,412.0,600.9619140625,40.0,55.05582809448242
test,3321,rule4ml,rule4ml/archive_3/2d3bf7dd79e86541e033b67df6595805.pt,94256.0,89627.453125,38429.0,21417.46484375,149.0,400.3822021484375,28.5,9.434232711791992,671.0,727.3697509765625,28.0,30.56487464904785
test,3332,rule4ml,rule4ml/archive_3/42ab144f01d57a39720e483cccd70f8d.pt,178655.0,263247.0625,173033.0,170389.625,5888.0,440.2434387207031,236.0,278.8979797363281,223.0,916.8455200195312,2.0,38.101165771484375
test,3344,rule4ml,rule4ml/archive_3/58e6e657e9b7e1346033523402c72911.pt,303018.0,191263.4375,181273.0,130160.3671875,220.0,595.6756591796875,197.0,175.84487915039062,685.0,553.4221801757812,8.0,5.679187774658203
test,3349,rule4ml,rule4ml/archive_3/6525c522aac153d069b607fb979a4c05.pt,37764.0,63871.66015625,17075.0,21068.537109375,154.0,166.50363159179688,41.5,28.367923736572266,439.0,501.3302917480469,6.0,16.466276168823242
test,3376,rule4ml,rule4ml/archive_3/b25d65de11147148214c45b4adfbffca.pt,2125.0,14426.2734375,55.0,3128.011474609375,8.0,255.99240112304688,46.0,33.19023132324219,867.0,857.6636962890625,1.0,5.224966049194336
test,3379,rule4ml,rule4ml/archive_3/c0c9a93cbe3ceaad1612986eda38288b.pt,6740.0,14766.37890625,67.0,3694.53271484375,0.0,49.97311019897461,4.0,0.39283257722854614,72.0,37.92405700683594,1.0,4.446205139160156
test,3380,rule4ml,rule4ml/archive_3/c3b6b3ceb8f5084c79c0dfecdf95e041.pt,609385.0,370726.6875,170932.0,158063.5,220.0,335.4462890625,142.0,115.16986846923828,116.0,809.7435302734375,6.0,53.964481353759766
test,3388,rule4ml,rule4ml/archive_3/d0a0795f687d44bf562f687304ee9bb1.pt,2116.0,9937.109375,3.0,2422.74658203125,0.0,0.0,80.5,43.20848846435547,217.0,298.75506591796875,1.0,1.5476093292236328
test,3394,rule4ml,rule4ml/archive_3/e3e96daf1f06a53589fa0df43cec0034.pt,33832.0,31409.529296875,12616.0,13918.501953125,220.0,504.05462646484375,13.0,30.594118118286133,229.0,926.3629150390625,3.0,29.72975730895996
test,3396,rule4ml,rule4ml/archive_3/ee14146f314d7dc7058f6318e3dd7b3a.pt,38147.0,29131.97265625,2522.0,9383.0849609375,32.0,56.99908447265625,5.5,14.66676139831543,57.0,521.5404052734375,2.0,12.151596069335938
test,3397,rule4ml,rule4ml/archive_3/f163c6412ca9e14b905b6aade7c33ceb.pt,76275.0,98700.4609375,47637.0,30776.7421875,0.0,0.0,25.0,6.411067485809326,907.0,864.7510986328125,16.0,7.246091365814209
test,3409,rule4ml,rule4ml/archive_4/0a928a232e0c7455fd8115576b1ff71f.pt,86939.0,126274.6484375,88195.0,57015.640625,220.0,363.0999755859375,17.5,34.09321212768555,1089.0,1190.169921875,156.0,505.0466003417969
test,3410,rule4ml,rule4ml/archive_4/0c8fe5455f887526a92964feef5e6035.pt,24631.0,32472.875,127.0,2739.355712890625,0.0,0.0,78.0,40.76866912841797,528.0,399.2957763671875,1.0,7.184545993804932
test,3420,rule4ml,rule4ml/archive_4/2d3c0b81cc618c0a89cb7a55d96c0ba2.pt,49561.0,13802.6083984375,19292.0,5754.33056640625,90.0,45.271480560302734,5.5,3.300321578979492,267.0,227.82786560058594,28.0,31.150821685791016
test,3433,rule4ml,rule4ml/archive_4/4ec861dcf23df55a2f7c7e79c4773fa9.pt,3170.0,8954.0224609375,409.0,3928.5283203125,98.0,152.5606689453125,31.5,18.143526077270508,104.0,356.42388916015625,1.0,1.6029911041259766
test,3434,rule4ml,rule4ml/archive_4/549a539a2b801c875a1b52bfbc61667f.pt,57595.0,153378.125,50079.0,93978.09375,220.0,817.9898681640625,57.0,16.640817642211914,824.0,702.670166015625,32.0,19.939287185668945
test,3445,rule4ml,rule4ml/archive_4/69665507dcb361898217e89a5528c662.pt,36552.0,13872.01171875,17630.0,2763.779052734375,256.0,53.52049255371094,28.0,6.814560890197754,112.0,135.77520751953125,7.0,4.1963396072387695
test,3447,rule4ml,rule4ml/archive_4/704aa9e24c7cd1c104e3fe1bd971bb31.pt,53176.0,138196.90625,53538.0,35229.12890625,220.0,635.0234985351562,19.5,9.530599594116211,868.0,1098.5885009765625,131.0,174.79368591308594
test,3454,rule4ml,rule4ml/archive_4/9008b2aa570b34cdab27419a5e85a359.pt,29680.0,138146.03125,48758.0,75191.4453125,256.0,826.2896728515625,17.5,15.910895347595215,1472.0,1617.0323486328125,156.0,397.58880615234375
test,3466,rule4ml,rule4ml/archive_4/ae4da2ac435e552272b954dd29f211e4.pt,214833.0,242757.46875,136561.0,110271.7421875,528.0,671.1880493164062,120.0,96.82371520996094,1795.0,1632.63037109375,156.0,331.13134765625
test,3470,rule4ml,rule4ml/archive_4/b2b008a9c8861976b3750110cd50a594.pt,17873.0,23916.826171875,14888.0,17973.013671875,12.0,22.42917251586914,130.5,35.76266860961914,456.0,676.3612060546875,4.0,16.57469940185547
test,3474,rule4ml,rule4ml/archive_4/be03d0b434a436aa7aba918057418f50.pt,65515.0,85286.125,2200.0,13413.203125,2639.0,933.9911499023438,20.0,30.168628692626953,1061.0,855.2791137695312,2.0,10.750301361083984
test,3476,rule4ml,rule4ml/archive_4/c10e1255882a9a2d67ceb1dc447a54fb.pt,2341.0,2894.088134765625,2331.0,2526.178955078125,0.0,0.0,2.5,2.047245979309082,393.0,140.28793334960938,64.0,8.808210372924805
test,3481,rule4ml,rule4ml/archive_4/da97998944a51cc8d03dd3db6405e6c8.pt,112.0,5111.2666015625,49.0,2170.172119140625,0.0,242.42599487304688,4.5,2.229909896850586,1035.0,751.2450561523438,2.0,47.99527359008789
test,3482,rule4ml,rule4ml/archive_4/db5d645b590bdff4dedbf71eee68706a.pt,643280.0,180002.890625,102182.0,95366.5,2520.0,1593.2791748046875,46.0,48.80697250366211,633.0,741.8489379882812,2.0,20.325658798217773
test,3484,rule4ml,rule4ml/archive_4/de75123bb8bf43bfd70ca187aafbb6d6.pt,57882.0,124506.0546875,35558.0,49888.02734375,260.0,296.0447998046875,115.5,83.91083526611328,751.0,1042.4515380859375,131.0,229.12518310546875
test,3485,rule4ml,rule4ml/archive_4/e254c796096e6846cc76ec457da6dfa9.pt,35295.0,67683.2734375,18189.0,6291.046875,4.0,8.336865425109863,77.5,67.17515563964844,533.0,690.4578247070312,4.0,2.2185072898864746
test,3491,rule4ml,rule4ml/archive_4/e903f30418f06f8b706b12a8ec5de0d8.pt,28519.0,34206.0625,13410.0,13528.2783203125,112.0,105.57093811035156,36.5,15.586651802062988,166.0,352.81695556640625,7.0,12.16414737701416
test,3498,rule4ml,rule4ml/archive_4/efa2dbd75f7baecfda9bef1853ec7e5e.pt,16873.0,93161.140625,12276.0,48966.96484375,0.0,350.3839111328125,26.5,1.1172314882278442,293.0,80.56646728515625,32.0,16.658138275146484
test,3503,rule4ml,rule4ml/archive_4/fa71f4355a569050ee55b205dc657847.pt,20232.0,100323.84375,9273.0,41636.16015625,0.0,135.08114624023438,118.5,77.79727935791016,859.0,984.4302368164062,4.0,58.656494140625
exemplar,0,exemplar,exemplar/archive_1/0273888c-6100-46de-ba53-476666388e81.pt,21988.0,30306.369140625,24276.0,35225.9375,0.0,6.439220428466797,5.0,3.795297622680664,6583.0,2733.6083984375,1296.0,467.830322265625
exemplar,1,exemplar,exemplar/archive_1/08ceef03-f529-483b-9de4-b4b67e848d56.pt,6595.0,11995.5234375,8049.0,16466.416015625,6.0,8.640357971191406,1.0,2.056610107421875,525.0,862.4580688476562,192.0,331.72467041015625
exemplar,2,exemplar,exemplar/archive_1/0971e6d6-d73b-4833-aefc-bbae6dc5b505.pt,158971.0,242233.421875,82018.0,176898.796875,66.0,467.8768310546875,0.0,0.26250192523002625,619.0,69.45218658447266,92.0,9.515107154846191
exemplar,3,exemplar,exemplar/archive_1/0b264399-9786-4e1d-95f5-b15ae9eef489.pt,7929.0,13505.318359375,8102.0,15008.2890625,3.0,27.126625061035156,4.0,3.1332013607025146,502.0,143.57705688476562,128.0,14.559083938598633
exemplar,4,exemplar,exemplar/archive_1/0ca740a3-feef-4ee0-91b6-46f493ae36b2.pt,3349.0,8160.8720703125,3918.0,10569.8935546875,2.0,4.3095173835754395,1.0,2.393249273300171,521.0,244.93653869628906,192.0,62.67362594604492
exemplar,5,exemplar,exemplar/archive_1/0e85b020-3749-4e4d-ac93-a44f053ea57b.pt,2913.0,2651.942626953125,2764.0,2430.36669921875,3.0,0.0,2.0,0.9815018177032471,2631.0,509.7373962402344,1024.0,108.74360656738281
exemplar,6,exemplar,exemplar/archive_1/1096f607-c024-4e57-a794-4bf4d2886e54.pt,6411.0,18802.8671875,1850.0,12995.16015625,421.0,44.24668884277344,1.0,0.7536934018135071,25.0,82.24481201171875,1.0,19.071399688720703
exemplar,7,exemplar,exemplar/archive_1/12d641dd-5146-4c9f-911d-cf810823fff7.pt,3133.0,2671.554443359375,2898.0,2485.426025390625,5.0,0.0,2.0,1.0043649673461914,2764.0,527.8184204101562,1024.0,113.30481719970703
exemplar,8,exemplar,exemplar/archive_1/14689274-3866-4b30-b586-c404fc0eb7e3.pt,428.0,2837.813232421875,338.0,2496.162353515625,0.0,0.0,0.0,1.9946789741516113,16.0,116.09892272949219,1.0,9.454483032226562
exemplar,9,exemplar,exemplar/archive_1/182f2870-c640-40ba-987d-d85d5a889c32.pt,1011.0,1949.9835205078125,223.0,379.653076171875,3.0,0.0,0.0,1.2488625049591064,28.0,155.48846435546875,1.0,2.3737998008728027
exemplar,10,exemplar,exemplar/archive_1/1c3965f8-aac2-4e66-ae41-f24c4f7586e5.pt,37957.0,48282.6953125,9537.0,47768.390625,2147.0,109.45333862304688,2.0,0.3729471266269684,40.0,168.61846923828125,1.0,36.13362503051758
exemplar,11,exemplar,exemplar/archive_1/1d3a9271-bb21-46f7-a928-48272ce7193f.pt,21678.0,21017.40234375,36597.0,28850.892578125,128.0,8.934898376464844,6.0,7.831121444702148,2905.0,2132.056884765625,1024.0,753.919189453125
exemplar,12,exemplar,exemplar/archive_1/206dfc0c-9319-43c0-b4e3-b5bf034ef1bd.pt,5101.0,7207.49609375,1837.0,2424.42431640625,2.0,15.060286521911621,1.0,2.4180963039398193,53.0,64.93416595458984,12.0,5.993742942810059
exemplar,13,exemplar,exemplar/archive_1/247d9155-f7f3-4ed7-92d8-cb8bf564eaeb.pt,640.0,1244.280029296875,7.0,480.0283508300781,3.0,0.0,0.0,1.0708541870117188,23.0,312.0856018066406,1.0,23.1555233001709
exemplar,14,exemplar,exemplar/archive_1/250eb325-6f3c-4c11-9d82-2353ec7b3655.pt,3337.0,2403.89404296875,4167.0,1609.353759765625,5.0,0.0,2.0,0.2274642437696457,2876.0,1334.6484375,1024.0,72.027099609375
exemplar,15,exemplar,exemplar/archive_1/275c93ce-d31a-4833-97ca-00657c0684ec.pt,10504.0,14280.6875,6645.0,10030.7802734375,0.0,0.0,0.0,1.6517136096954346,94.0,81.40859985351562,1.0,7.8809027671813965
exemplar,16,exemplar,exemplar/archive_1/2b1ebd37-082b-44ce-80f1-5789f44e794d.pt,38685.0,48282.6484375,9433.0,47768.390625,2126.0,109.45329284667969,2.0,0.3729473054409027,40.0,168.61830139160156,1.0,36.133636474609375
exemplar,17,exemplar,exemplar/archive_1/2db30ca7-c3d9-421a-bd5f-13c2711d4758.pt,25110.0,18674.087890625,5955.0,17398.029296875,5.0,47.983699798583984,2.0,2.871767520904541,42.0,98.77310180664062,2.0,6.694779396057129
exemplar,18,exemplar,exemplar/archive_1/30e2c5f7-5a29-4903-8934-750ea19679e8.pt,3367.0,5932.150390625,850.0,1040.045654296875,0.0,0.0,0.0,1.5886728763580322,25.0,75.28974151611328,5.0,14.566568374633789
exemplar,19,exemplar,exemplar/archive_1/317b26f4-5f81-4d40-a851-b24c3c44654c.pt,1023.0,1216.1015625,16.0,140.59988403320312,5.0,28.105573654174805,0.0,0.464182049036026,523.0,379.71258544921875,1.0,3.5982673168182373
exemplar,20,exemplar,exemplar/archive_1/34c6a605-582c-4ac3-a672-21a86b84164d.pt,6439.0,16241.1337890625,5621.0,12206.0517578125,2.0,8.333207130432129,0.0,1.1707907915115356,301.0,1224.0592041015625,286.0,468.87615966796875
exemplar,21,exemplar,exemplar/archive_1/36213331-74e8-44ed-8da9-e209c6703607.pt,7448.0,10934.0068359375,8953.0,17371.251953125,3.0,4.250282287597656,3.0,2.5866940021514893,2630.0,859.28125,1024.0,239.82379150390625
exemplar,22,exemplar,exemplar/archive_1/36b4d64d-8c42-4320-adc4-a82339843784.pt,1367.0,2917.4208984375,1337.0,2319.4013671875,2.0,0.0,0.0,0.8689623475074768,520.0,234.1417236328125,192.0,41.292945861816406
exemplar,23,exemplar,exemplar/archive_1/371d50bf-1f3d-4d55-9d2d-9421bc2a01e2.pt,46584.0,30501.28125,21444.0,37193.890625,2108.0,74.966552734375,2.0,1.0078452825546265,43.0,182.17282104492188,2.0,33.11699676513672
exemplar,24,exemplar,exemplar/archive_1/37a7c317-89f4-4554-91c5-68afcaf539c1.pt,2829.0,5407.7109375,1085.0,1946.2249755859375,0.0,3.8602521419525146,0.0,1.2916463613510132,41.0,462.3738098144531,26.0,173.97511291503906
exemplar,25,exemplar,exemplar/archive_1/38f204fc-3e79-4077-93a0-3892a3ab85d2.pt,59846.0,34385.203125,7409.0,32482.7265625,2278.0,296.5049133300781,2.0,4.290378093719482,533.0,688.94970703125,2.0,36.938602447509766
exemplar,26,exemplar,exemplar/archive_1/3a3f2dca-5b03-44d4-9918-2282eb4440fb.pt,7192.0,13252.9404296875,4704.0,19302.70703125,287.0,23.83244514465332,0.0,0.9106004238128662,20.0,261.5684509277344,2.0,95.7001724243164
exemplar,27,exemplar,exemplar/archive_1/4107d0be-42b6-4158-9f36-c8a56530d5de.pt,26215.0,18228.921875,5721.0,16922.68359375,3.0,46.64222717285156,1.0,2.8714942932128906,37.0,97.31876373291016,2.0,6.379844665527344
exemplar,28,exemplar,exemplar/archive_1/45c61271-60eb-4ff5-ba6f-246ba575185f.pt,2227.0,6255.60546875,145.0,1459.9892578125,0.0,0.0,0.0,2.8991527557373047,78.0,49.64608383178711,1.0,2.7264299392700195
exemplar,29,exemplar,exemplar/archive_1/46c56634-0933-47cc-9e72-89614aaa7251.pt,3323.0,7158.8037109375,3676.0,5883.28955078125,2.0,11.660829544067383,2.0,2.6619863510131836,329.0,87.86968994140625,96.0,8.13841724395752
exemplar,30,exemplar,exemplar/archive_1/4705b427-e733-41ed-bda3-6cc20c46fb96.pt,9817.0,13673.8740234375,5833.0,17620.44140625,422.0,31.5175838470459,1.0,1.4259593486785889,29.0,106.69710540771484,2.0,21.05494499206543
exemplar,31,exemplar,exemplar/archive_1/4d39c459-d8e1-4de1-a8de-a7b376d0e510.pt,45414.0,163581.15625,17157.0,119996.1015625,1970.0,170.9404296875,7.0,4.614107131958008,283.0,436.921142578125,5.0,37.257041931152344
exemplar,32,exemplar,exemplar/archive_1/4d551fc6-7a68-4f90-a6b9-4c483baed59e.pt,5013.0,5960.0888671875,4684.0,4473.57666015625,128.0,166.90139770507812,0.0,1.6412124633789062,409.0,402.16168212890625,64.0,90.92256164550781
exemplar,33,exemplar,exemplar/archive_1/4d7af3a5-68b9-46b1-9875-78271f4a712b.pt,7489.0,5252.48291015625,7842.0,5358.3984375,128.0,47.2337532043457,2.0,2.9738032817840576,3006.0,1086.09814453125,1024.0,207.5685272216797
exemplar,34,exemplar,exemplar/archive_1/4fe50b78-f06b-4441-a458-1445bd2d983a.pt,7423.0,11018.36328125,9003.0,17518.578125,5.0,4.280518054962158,3.0,2.600670337677002,2760.0,896.9442138671875,1024.0,252.43215942382812
exemplar,35,exemplar,exemplar/archive_1/52c0f586-1dea-422b-84cb-fcc178db7048.pt,7711.0,11018.36328125,9110.0,17518.5625,5.0,4.280519485473633,3.0,2.600670337677002,2763.0,896.9446411132812,1024.0,252.43215942382812
exemplar,36,exemplar,exemplar/archive_1/568fa7df-b876-4e31-bcb8-7dd7426d9616.pt,3194.0,2671.554443359375,2900.0,2485.42724609375,5.0,0.0,2.0,1.0043652057647705,2765.0,527.8184204101562,1024.0,113.30481719970703
exemplar,37,exemplar,exemplar/archive_1/6346baef-4016-4baa-95ca-4d01f340d884.pt,3112.0,4254.38232421875,1909.0,3168.009765625,5.0,0.0,0.0,0.96684730052948,41.0,241.11810302734375,3.0,21.550312042236328
exemplar,38,exemplar,exemplar/archive_1/641d2098-53ea-4e20-b11b-636ecfc4de3b.pt,5034.0,6431.82373046875,1683.0,3915.61328125,0.0,0.0,0.0,2.990516424179077,19.0,108.11588287353516,2.0,25.79403305053711
exemplar,39,exemplar,exemplar/archive_1/64239147-5c4d-4f1c-b543-1bb26a6df2a6.pt,842.0,4162.1181640625,677.0,2822.82470703125,2.0,0.0,0.0,0.9911919832229614,24.0,195.70083618164062,1.0,12.974475860595703
exemplar,40,exemplar,exemplar/archive_1/67c490e4-5293-4931-a67a-efe1c2b8a712.pt,32622.0,26393.578125,27846.0,17709.396484375,128.0,111.38971710205078,4.0,11.108540534973145,310.0,506.0337829589844,9.0,37.04356384277344
exemplar,41,exemplar,exemplar/archive_1/6f78ee34-8249-459a-900a-d8aee5f203ad.pt,44213.0,30501.28125,10168.0,37193.9296875,2107.0,74.96652221679688,2.0,1.0078452825546265,36.0,182.17282104492188,1.0,33.11697006225586
exemplar,42,exemplar,exemplar/archive_1/733d4346-c1e0-45cc-841d-62a798bbe60a.pt,56989.0,142431.6875,55082.0,114120.5625,149.0,125.0478744506836,4.0,5.474027156829834,693.0,558.3402099609375,98.0,52.29393005371094
exemplar,43,exemplar,exemplar/archive_1/74923cb9-abeb-4329-bb34-2e0714e33867.pt,7563.0,8209.2431640625,2302.0,6551.921875,2.0,16.224533081054688,1.0,2.8475539684295654,26.0,66.17926025390625,2.0,4.317713260650635
exemplar,44,exemplar,exemplar/archive_1/7ad022f0-031e-4928-8967-2a10e6ead5a5.pt,22907.0,20547.7109375,800.0,8298.326171875,3.0,62.92460632324219,1.0,1.5555614233016968,28.0,74.4978256225586,1.0,5.595070838928223
exemplar,45,exemplar,exemplar/archive_1/7ecb5102-3313-4c41-9586-c1ad1fd36c66.pt,109778.0,248918.25,29872.0,172309.703125,5853.0,641.9312133789062,0.0,0.2239435911178589,90.0,51.399253845214844,1.0,6.736474514007568
exemplar,46,exemplar,exemplar/archive_1/7f402bb4-51cf-485d-bc52-6ee172ca14fa.pt,5895.0,13291.712890625,6753.0,17217.921875,8.0,27.8819580078125,2.0,1.4940389394760132,328.0,126.36504364013672,96.0,29.249744415283203
exemplar,47,exemplar,exemplar/archive_1/8317cf35-eefa-4791-bcf7-f4065665fd13.pt,5111.0,6431.82373046875,1702.0,3915.61328125,0.0,0.0,0.0,2.990515947341919,19.0,108.11588287353516,2.0,25.79403305053711
exemplar,48,exemplar,exemplar/archive_1/840fcf94-ccfc-43d8-b7c2-d33799fa8aa8.pt,3334.0,2403.89404296875,4118.0,1609.3544921875,5.0,0.0,2.0,0.2274642437696457,2876.0,1334.6484375,1024.0,72.027099609375
exemplar,49,exemplar,exemplar/archive_1/84384e9c-dbd4-42f2-9768-d6071fed7642.pt,45548.0,29588.2109375,35581.0,31091.525390625,9.0,12.842023849487305,2.0,2.2747652530670166,2171.0,1812.7657470703125,2143.0,571.849853515625
exemplar,50,exemplar,exemplar/archive_1/85e17655-4ec7-4dde-bbe4-d48bacfaa343.pt,36.0,1291.0263671875,1.0,286.125732421875,0.0,0.0,0.0,2.5897655487060547,13.0,62.28702163696289,1.0,2.0982913970947266
exemplar,51,exemplar,exemplar/archive_1/86a7fb3e-bc83-41fa-894f-d57ab0a037c1.pt,7222.0,14197.7783203125,4720.0,20471.892578125,282.0,28.849063873291016,0.0,0.8491058945655823,20.0,218.1200714111328,2.0,72.44987487792969
exemplar,52,exemplar,exemplar/archive_1/8c5001d5-58f2-49e9-a6bb-2ae23830866f.pt,25884.0,17201.853515625,14460.0,5839.736328125,128.0,64.54528045654297,6.0,7.768183708190918,292.0,361.7313232421875,12.0,30.862897872924805
exemplar,53,exemplar,exemplar/archive_1/8d2bea12-85c5-4b4c-802c-3390a356a35e.pt,9199.0,11340.9951171875,7911.0,8737.974609375,0.0,0.0,3.0,2.0229620933532715,821.0,92.78528594970703,144.0,8.581620216369629
exemplar,54,exemplar,exemplar/archive_1/8e75be00-7e3e-4f3d-8aa1-3e913ec040ec.pt,46262.0,163581.15625,28091.0,119996.1015625,1998.0,170.9405975341797,4.0,4.614107608795166,305.0,436.921142578125,9.0,37.257022857666016
exemplar,55,exemplar,exemplar/archive_1/90c22023-a457-4031-8dcc-74aa8742c717.pt,91.0,1291.0263671875,1.0,286.1256103515625,0.0,0.0,0.0,2.5897655487060547,13.0,62.28702163696289,1.0,2.0982913970947266
exemplar,56,exemplar,exemplar/archive_1/933de88a-1fe8-4497-b8cf-66fe9146b0e0.pt,10507.0,14280.673828125,6645.0,10030.7802734375,0.0,0.0,0.0,1.6517131328582764,94.0,81.40859985351562,1.0,7.88090705871582
exemplar,57,exemplar,exemplar/archive_1/93c8fe85-cd4d-4b53-a93f-688a737d92ef.pt,2795.0,5407.7109375,771.0,1946.22412109375,0.0,3.860252857208252,0.0,1.2916460037231445,33.0,462.3738098144531,21.0,173.97511291503906
exemplar,58,exemplar,exemplar/archive_1/93f027a8-36c7-4159-b997-fa581ea23d40.pt,55888.0,44802.05078125,34051.0,46439.92578125,27.0,86.5943374633789,2.0,0.46629083156585693,408.0,209.4092254638672,103.0,47.40129852294922
exemplar,59,exemplar,exemplar/archive_1/94394a1c-cebb-41b5-97ba-053c2cbb4444.pt,6967.0,5260.9921875,7374.0,4162.99560546875,128.0,146.7926788330078,0.0,1.6372030973434448,958.0,391.7550048828125,128.0,84.54367065429688
exemplar,60,exemplar,exemplar/archive_1/9748b154-4100-4641-a2d4-c9e8328e837d.pt,24744.0,21423.2890625,19067.0,5345.47265625,128.0,94.25070190429688,4.0,9.248215675354004,306.0,345.6820983886719,9.0,18.713613510131836
exemplar,61,exemplar,exemplar/archive_1/990eb8b7-92c6-40ca-b679-e3cbaa3024b6.pt,16360.0,28510.32421875,28255.0,30176.7265625,10.0,30.328758239746094,3.0,5.315404891967773,2872.0,1863.8328857421875,1024.0,391.8612060546875
exemplar,62,exemplar,exemplar/archive_1/9a9a9339-a608-467c-91a9-1a3f6a783e95.pt,62820.0,97174.21875,2597.0,43029.94921875,0.0,407.3153076171875,0.0,0.2630884051322937,82.0,36.45736312866211,1.0,5.168911457061768
exemplar,63,exemplar,exemplar/archive_1/9bce92a8-b4b7-42eb-a5e4-15f5d4f3c872.pt,11925.0,28208.97265625,15471.0,36039.04296875,26.0,57.9222412109375,6.0,1.126690149307251,584.0,224.07427978515625,160.0,43.90076446533203
exemplar,64,exemplar,exemplar/archive_1/9c3ee7e5-a98f-4ec9-9b34-0d1baaa3da26.pt,39506.0,57324.62109375,64013.0,65787.9921875,133.0,30.50958824157715,7.0,11.70720100402832,2909.0,2636.19091796875,1024.0,530.6309204101562
exemplar,65,exemplar,exemplar/archive_1/9c51cef1-e8be-4066-85b1-e69bbe003acc.pt,62726.0,101130.5625,2597.0,34271.40234375,0.0,1070.203125,0.0,0.11491108685731888,82.0,23.516937255859375,1.0,2.962733507156372
exemplar,66,exemplar,exemplar/archive_1/a2d0b7bd-e241-47cf-9b48-c8d5b31a4dfb.pt,52808.0,43419.0078125,30535.0,44766.171875,24.0,85.26028442382812,1.0,0.4618380665779114,401.0,203.04708862304688,101.0,46.017723083496094
exemplar,67,exemplar,exemplar/archive_1/a7ab27fb-bd8e-4dfb-bc4f-fc37b71e548c.pt,2769.0,4236.7373046875,1763.0,3138.083984375,3.0,0.0,0.0,0.964952290058136,35.0,240.37344360351562,2.0,21.19220733642578
exemplar,68,exemplar,exemplar/archive_1/a7fcc3e0-563d-4404-9467-f86818191469.pt,10528.0,14280.673828125,6645.0,10030.7802734375,0.0,0.0,0.0,1.6517136096954346,94.0,81.40859985351562,1.0,7.880911350250244
exemplar,69,exemplar,exemplar/archive_1/a84153c9-baad-493e-b043-331117736a38.pt,26154.0,17201.853515625,11148.0,5839.736328125,128.0,64.54521179199219,7.0,7.768181800842285,285.0,361.7313232421875,5.0,30.862905502319336
exemplar,70,exemplar,exemplar/archive_1/ab107bcf-9e12-42e0-9b1a-bf08d137f970.pt,61095.0,34667.09765625,5272.0,37813.69140625,0.0,7.770400047302246,0.0,2.8242154121398926,98.0,2183.073974609375,19.0,438.7395324707031
exemplar,71,exemplar,exemplar/archive_1/af019597-795a-45fb-af20-0492e247f185.pt,7535.0,13252.9404296875,3360.0,19302.70703125,281.0,23.83244514465332,0.0,0.9106004238128662,15.0,261.5684509277344,1.0,95.7001724243164
exemplar,72,exemplar,exemplar/archive_1/b19f2e4b-4590-4abd-a767-7530be27f889.pt,27733.0,18674.087890625,5435.0,17398.029296875,5.0,47.98367691040039,2.0,2.8717689514160156,36.0,98.77310180664062,1.0,6.69478702545166
exemplar,73,exemplar,exemplar/archive_1/b43c3d48-b63e-4826-8f80-4f21daca2b4f.pt,2911.0,2668.196044921875,2758.0,1172.92333984375,5.0,0.0,14.0,0.4987518787384033,537.0,628.4555053710938,3.0,23.977706909179688
exemplar,74,exemplar,exemplar/archive_1/b656d259-da97-4fd2-982a-eae002500fb2.pt,2806.0,3308.02294921875,2566.0,2638.59765625,3.0,0.0,1.0,1.1021571159362793,502.0,254.40084838867188,128.0,19.20757484436035
exemplar,75,exemplar,exemplar/archive_1/b85933b6-f63c-4af0-aa76-bbf3f5b74598.pt,64713.0,35331.75390625,48949.0,32423.486328125,10.0,27.66482925415039,2.0,4.645344257354736,2239.0,1724.1424560546875,1715.0,448.24322509765625
exemplar,76,exemplar,exemplar/archive_1/bb07fdf6-0145-43fa-b254-ae7790bd0390.pt,5228.0,8930.056640625,897.0,2887.086669921875,2.0,21.366535186767578,1.0,2.301004409790039,24.0,46.83902359008789,1.0,2.9841718673706055
exemplar,77,exemplar,exemplar/archive_1/bfc05050-5933-4357-afc0-782c3c9871d3.pt,72372.0,39219.6875,37872.0,26308.810546875,32.0,127.31790161132812,2.0,3.8565592765808105,881.0,739.7139892578125,102.0,61.97028732299805
exemplar,78,exemplar,exemplar/archive_1/c50b7d06-2743-447e-8d30-7d44ffd86fa1.pt,6127.0,8930.0654296875,771.0,2887.086669921875,2.0,21.366535186767578,1.0,2.301004409790039,24.0,46.839046478271484,1.0,2.9841718673706055
exemplar,79,exemplar,exemplar/archive_1/c50bdf2e-0abe-43fc-8139-06cf5e73816b.pt,1357.0,3532.20263671875,1278.0,2524.575439453125,2.0,0.0,0.0,1.0813730955123901,329.0,189.22500610351562,96.0,11.586345672607422
exemplar,80,exemplar,exemplar/archive_1/c547deb4-f314-4e7d-9e7b-88bda5d6f7ff.pt,4920.0,16153.8681640625,63.0,8986.216796875,275.0,54.25459289550781,0.0,0.38396456837654114,14.0,206.46780395507812,1.0,57.48573303222656
exemplar,81,exemplar,exemplar/archive_1/c554422a-7e7f-40d8-88a4-8c54a0a92d59.pt,3337.0,2403.89404296875,4118.0,1609.3544921875,5.0,0.0,2.0,0.2274642437696457,2876.0,1334.6484375,1024.0,72.02716827392578
exemplar,82,exemplar,exemplar/archive_1/c76f45c1-2e16-422b-b87f-0befcb5d1cc0.pt,33986.0,46928.82421875,1592.0,46164.8671875,2019.0,107.76628112792969,1.0,0.36661913990974426,28.0,163.4983367919922,1.0,34.97835159301758
exemplar,83,exemplar,exemplar/archive_1/cc933a28-ea40-4c6e-94eb-19bb770284e0.pt,14151.0,20771.619140625,17032.0,26732.0,9.0,9.713798522949219,3.0,2.985952377319336,2760.0,2043.0740966796875,1024.0,597.6619873046875
exemplar,84,exemplar,exemplar/archive_1/d2f9b92b-36b8-4913-bf89-d73b70e688b6.pt,74.0,1643.5341796875,1.0,343.3389892578125,0.0,0.0,0.0,2.26401686668396,13.0,55.90568161010742,1.0,1.7446801662445068
exemplar,85,exemplar,exemplar/archive_1/d555c2bc-0669-45e4-91b5-39d9ebf234a6.pt,76.0,1342.025390625,5.0,386.4600830078125,2.0,0.0,0.0,1.0891098976135254,15.0,131.8775634765625,1.0,9.59967041015625
exemplar,86,exemplar,exemplar/archive_1/d624f608-06d4-4b6b-b0a4-1fd09b11f9a5.pt,57420.0,34667.09765625,8222.0,37813.7265625,0.0,7.770406246185303,0.0,2.8242154121398926,96.0,2183.073974609375,17.0,438.7395324707031
exemplar,87,exemplar,exemplar/archive_1/dcec6b57-a6cd-442a-b467-1dd0d8a02ccf.pt,60408.0,34385.203125,27260.0,32482.7265625,2300.0,296.50506591796875,2.0,4.290376663208008,540.0,688.94970703125,3.0,36.93861389160156
exemplar,88,exemplar,exemplar/archive_1/dd09668d-3c30-4aad-9f96-919ce4bedbf0.pt,52892.0,43419.0078125,32809.0,44766.171875,24.0,85.26028442382812,1.0,0.4618377089500427,397.0,203.04708862304688,99.0,46.017723083496094
exemplar,89,exemplar,exemplar/archive_1/e0877d2d-c62b-4796-be5f-96c63aefb754.pt,9596.0,13673.8740234375,4242.0,17620.45703125,423.0,31.517576217651367,1.0,1.4259583950042725,24.0,106.69705200195312,1.0,21.05493927001953
exemplar,90,exemplar,exemplar/archive_1/e3f6f73c-985e-45e2-8dfd-c8eeaf9b40da.pt,85.0,1644.2493896484375,5.0,353.9237365722656,2.0,0.0,0.0,1.2047592401504517,15.0,113.61307525634766,1.0,1.6591217517852783
exemplar,91,exemplar,exemplar/archive_1/e6a82969-b2e7-4bf3-ba16-00307a537ca0.pt,6445.0,13291.712890625,7587.0,17217.921875,8.0,27.88195037841797,2.0,1.4940383434295654,333.0,126.36504364013672,96.0,29.24972152709961
exemplar,92,exemplar,exemplar/archive_1/e78a5e99-9c04-4b9b-be44-a1b0d34a316b.pt,32764.0,26393.578125,28186.0,17709.396484375,128.0,111.38971710205078,4.0,11.108537673950195,309.0,506.0337829589844,9.0,37.043575286865234
exemplar,93,exemplar,exemplar/archive_1/e7919f10-29bd-4777-b4cc-29dbe353cd1c.pt,35600.0,48282.6484375,1624.0,47768.390625,2091.0,109.45329284667969,2.0,0.3729471266269684,32.0,168.61846923828125,1.0,36.133644104003906
exemplar,94,exemplar,exemplar/archive_1/e8403995-eed4-4ab2-bad9-4ab7a8a95220.pt,9741.0,14371.767578125,14518.0,16902.73046875,5.0,4.542779922485352,3.0,7.34326171875,2872.0,1269.644775390625,1024.0,271.75732421875
exemplar,95,exemplar,exemplar/archive_1/e87f94ad-6357-4f1e-8148-702cc5865918.pt,738.0,1244.280029296875,7.0,480.0283508300781,3.0,0.0,0.0,1.070854663848877,23.0,312.0856018066406,1.0,23.155534744262695
exemplar,96,exemplar,exemplar/archive_1/e89c3f49-0a65-47bb-8ace-4c65db6d108b.pt,21260.0,30306.33984375,23944.0,35225.9375,0.0,6.439218997955322,5.0,3.795297622680664,6581.0,2733.60693359375,1296.0,467.830322265625
exemplar,97,exemplar,exemplar/archive_1/e9e2bcad-ffaa-477a-93b0-5d0493070787.pt,15128.0,20771.619140625,18973.0,26732.0,9.0,9.713798522949219,4.0,2.985952377319336,2767.0,2043.0740966796875,1024.0,597.6617431640625
exemplar,98,exemplar,exemplar/archive_1/f47f94f0-87d1-4681-9dcc-02c2cb74fd5a.pt,2236.0,6255.60546875,145.0,1459.989990234375,0.0,0.0,0.0,2.8991522789001465,78.0,49.646095275878906,1.0,2.7264318466186523
exemplar,99,exemplar,exemplar/archive_1/f7965c2f-28df-4155-9306-bfef8953a6be.pt,3057.0,2651.94140625,2828.0,2430.36572265625,3.0,0.0,2.0,0.9815018177032471,2630.0,509.7373962402344,1024.0,108.74365997314453
exemplar,100,exemplar,exemplar/archive_2/01525b57-2df4-49a4-8b44-6082bf153f1c.pt,8073.0,12681.8466796875,3359.0,17585.83984375,267.0,6.194750785827637,0.0,1.8807092905044556,15.0,1534.4736328125,1.0,736.713623046875
exemplar,101,exemplar,exemplar/archive_2/01f697c6-b10b-4565-8590-f81514e880c9.pt,2904.0,2668.196044921875,2680.0,1172.9227294921875,5.0,0.0,14.0,0.49875205755233765,537.0,628.4555053710938,3.0,23.977706909179688
exemplar,102,exemplar,exemplar/archive_2/0551c9ea-59f7-4e4a-87c0-37df99b26573.pt,21176.0,21017.40234375,32593.0,28850.892578125,128.0,8.934898376464844,8.0,7.8311238288879395,2889.0,2132.056884765625,1024.0,753.919189453125
exemplar,103,exemplar,exemplar/archive_2/05f0ccd2-98cf-4535-93c2-1d3e77a9b07c.pt,24862.0,65113.67578125,22177.0,35595.73046875,0.0,508.8524169921875,6.0,1.2596946954727173,821.0,54.76092529296875,144.0,6.513025760650635
exemplar,104,exemplar,exemplar/archive_2/0755003d-fac1-4914-9051-bc9a85e03624.pt,9525.0,14926.7783203125,7874.0,11208.3759765625,6.0,10.977996826171875,1.0,1.4615398645401,438.0,801.8466796875,422.0,291.311279296875
exemplar,105,exemplar,exemplar/archive_2/085e0d62-34ae-4f6e-8eaf-6c9695beccbf.pt,717.0,1244.2794189453125,83.0,480.028564453125,3.0,0.0,0.0,1.0708544254302979,26.0,312.08575439453125,1.0,23.155540466308594
exemplar,106,exemplar,exemplar/archive_2/08899062-2fac-4cd8-8c35-4678076c0341.pt,9984.0,17778.23828125,6970.0,12502.8056640625,8.0,39.02989959716797,1.0,0.811630368232727,275.0,101.21759033203125,84.0,25.79357147216797
exemplar,107,exemplar,exemplar/archive_2/118ec27f-9c9b-4bde-83fa-26ff090691b8.pt,22404.0,11332.21484375,3219.0,9303.87109375,3.0,5.54226541519165,1.0,2.2279810905456543,69.0,674.3072509765625,45.0,150.90847778320312
exemplar,108,exemplar,exemplar/archive_2/121c5201-0714-4c8a-b636-a8f195ba5a03.pt,10823.0,14371.75390625,14535.0,16902.73046875,5.0,4.542781829833984,3.0,7.34326171875,2875.0,1269.644775390625,1024.0,271.7572021484375
exemplar,109,exemplar,exemplar/archive_2/18aa6349-af5a-4ca3-83cd-47dc55381cf4.pt,42742.0,55000.53125,44659.0,53285.8984375,6.0,22.672279357910156,2.0,4.7500457763671875,6581.0,3053.126953125,1296.0,601.432861328125
exemplar,110,exemplar,exemplar/archive_2/1c92271f-850d-4e3c-968f-1dead1ccdaa5.pt,3301.0,8160.8720703125,3878.0,10569.8935546875,2.0,4.3095173835754395,1.0,2.393249273300171,520.0,244.93653869628906,192.0,62.67362594604492
exemplar,111,exemplar,exemplar/archive_2/1d7221e2-8d8e-4e81-b2e3-b52c9202ec83.pt,26374.0,18228.921875,5371.0,16922.68359375,3.0,46.642234802246094,1.0,2.871493339538574,32.0,97.31876373291016,1.0,6.379841327667236
exemplar,112,exemplar,exemplar/archive_2/1fb9d731-44fe-4908-bcb5-265067f24c3e.pt,138432.0,164999.578125,31416.0,108351.4296875,5833.0,690.0325927734375,0.0,0.8458404541015625,95.0,68.3099365234375,2.0,5.685302257537842
exemplar,113,exemplar,exemplar/archive_2/1feebb8f-df74-4410-90ca-979c51199bfe.pt,5391.0,11995.5234375,7192.0,16466.431640625,6.0,8.640360832214355,1.0,2.056610107421875,520.0,862.4576416015625,192.0,331.7245178222656
exemplar,114,exemplar,exemplar/archive_2/205c6f44-b54e-4065-8e6d-b654978246be.pt,383.0,3554.37939453125,281.0,2989.5908203125,0.0,0.0,0.0,1.6424568891525269,18.0,104.48219299316406,1.0,9.046626091003418
exemplar,115,exemplar,exemplar/archive_2/249c5897-9354-48ad-b5a5-0cac1690c152.pt,981.0,1103.8262939453125,86.0,206.923583984375,5.0,17.573118209838867,0.0,0.17121560871601105,528.0,737.6781005859375,1.0,10.655115127563477
exemplar,116,exemplar,exemplar/archive_2/2ab1a76c-9907-4d18-bf5d-09fe5d1a4db6.pt,5991.0,8930.056640625,640.0,2887.085205078125,2.0,21.36652374267578,1.0,2.301003932952881,23.0,46.839012145996094,1.0,2.9841718673706055
exemplar,117,exemplar,exemplar/archive_2/2fa8fb20-8946-461e-9867-f56d2b13bcff.pt,6967.0,5260.9921875,7374.0,4162.99169921875,128.0,146.7926788330078,0.0,1.6372027397155762,958.0,391.7550048828125,128.0,84.54367065429688
exemplar,118,exemplar,exemplar/archive_2/359b58b7-0326-4a93-956a-4b2eaa583f53.pt,4627.0,6029.666015625,1647.0,7900.6494140625,0.0,2.062068462371826,0.0,1.6254115104675293,20.0,604.498779296875,2.0,311.12030029296875
exemplar,119,exemplar,exemplar/archive_2/3748ff96-bb56-46fe-8e84-6d00af316083.pt,127.0,1342.025390625,35.0,386.46026611328125,2.0,0.0,0.0,1.0891101360321045,17.0,131.8775634765625,1.0,9.599662780761719
exemplar,120,exemplar,exemplar/archive_2/375a3000-6499-4100-b3f4-ed7ccfa6efa9.pt,21623.0,14613.13671875,1838.0,7012.80517578125,3.0,37.35908889770508,1.0,2.2048609256744385,42.0,117.87645721435547,12.0,11.44577693939209
exemplar,121,exemplar,exemplar/archive_2/3c4f0518-cd12-4c04-a710-7ac6af24b36b.pt,20483.0,32435.36328125,28917.0,31723.130859375,31.0,205.15798950195312,5.0,4.630011081695557,1087.0,744.9014892578125,160.0,47.070858001708984
exemplar,122,exemplar,exemplar/archive_2/3c5398da-d7cf-47aa-97b4-bd7c74fcb34c.pt,2913.0,2651.94140625,2764.0,2430.36572265625,3.0,0.0,2.0,0.9815020561218262,2631.0,509.7371520996094,1024.0,108.74356079101562
exemplar,123,exemplar,exemplar/archive_2/4090a3d7-2624-4487-bc49-3a11e7cb7c9c.pt,24753.0,21762.33203125,21240.0,24725.7421875,128.0,10.20355224609375,4.0,5.973940372467041,315.0,1423.6175537109375,52.0,419.4329528808594
exemplar,124,exemplar,exemplar/archive_2/431255d8-05e7-48b2-8e7e-f16b51ca6522.pt,45063.0,55000.48046875,44698.0,53285.8984375,6.0,22.672256469726562,3.0,4.750046730041504,6581.0,3053.1240234375,1296.0,601.4322509765625
exemplar,125,exemplar,exemplar/archive_2/49637ef4-da70-4343-b00b-3e757a368528.pt,7430.0,14197.7646484375,3359.0,20471.873046875,293.0,28.849040985107422,0.0,0.8491065502166748,16.0,218.1200714111328,1.0,72.44987487792969
exemplar,126,exemplar,exemplar/archive_2/49a75271-725b-4791-bf1f-7d5927b40ac3.pt,7388.0,12681.8466796875,4159.0,17585.83984375,291.0,6.19474983215332,0.0,1.8807092905044556,20.0,1534.4736328125,2.0,736.713623046875
exemplar,127,exemplar,exemplar/archive_2/4ae47494-a6f6-48d1-87e7-ebfcc0ae914c.pt,6113.0,16241.1337890625,5607.0,12206.0400390625,2.0,8.333207130432129,0.0,1.1707907915115356,309.0,1224.0592041015625,296.0,468.87615966796875
exemplar,128,exemplar,exemplar/archive_2/51118e02-295c-4b79-937d-7dbad6a2c0d2.pt,24112.0,21008.203125,816.0,8603.359375,5.0,64.71326446533203,2.0,1.5402735471725464,32.0,75.82644653320312,1.0,5.805066108703613
exemplar,129,exemplar,exemplar/archive_2/581844f6-d44a-43db-be68-0b45f3b7344d.pt,483.0,2837.814697265625,376.0,2496.16357421875,0.0,0.0,0.0,1.9946779012680054,15.0,116.09898376464844,1.0,9.454477310180664
exemplar,130,exemplar,exemplar/archive_2/5983ca74-e282-412a-b2f0-489327a9ccea.pt,1723.0,2830.099853515625,800.0,578.6261596679688,107.0,151.2877197265625,0.0,1.3700917959213257,270.0,283.915771484375,1.0,4.015542984008789
exemplar,131,exemplar,exemplar/archive_2/5b16206e-bc49-4eb0-8532-21e989df898d.pt,33728.0,26393.578125,28029.0,17709.396484375,128.0,111.38971710205078,4.0,11.108543395996094,310.0,506.0337829589844,9.0,37.043556213378906
exemplar,132,exemplar,exemplar/archive_2/5f97c105-e8db-4856-99c8-6f244035d9f6.pt,24869.0,8101.0947265625,3028.0,790.8875732421875,5.0,9.656821250915527,2.0,5.178576946258545,552.0,501.9637451171875,11.0,6.603055000305176
exemplar,133,exemplar,exemplar/archive_2/6452b03d-2f7b-488d-90ed-e4c45432f442.pt,24520.0,65113.73828125,22669.0,35595.73046875,0.0,508.8529052734375,6.0,1.2596949338912964,823.0,54.76089859008789,144.0,6.513022422790527
exemplar,134,exemplar,exemplar/archive_2/64bda8fc-695e-49c2-8e02-09ed011f9f98.pt,7253.0,14197.7783203125,4651.0,20471.892578125,282.0,28.849056243896484,0.0,0.8491056561470032,20.0,218.11985778808594,2.0,72.44987487792969
exemplar,135,exemplar,exemplar/archive_2/653010fa-d67d-4455-a52a-5586456f6387.pt,22165.0,14613.1220703125,1876.0,7012.79833984375,3.0,37.35908889770508,1.0,2.2048611640930176,42.0,117.87645721435547,11.0,11.44577693939209
exemplar,136,exemplar,exemplar/archive_2/65f2dd57-ee52-4db0-87b2-6b1d5c5edfc4.pt,122.0,1935.8424072265625,44.0,376.1014404296875,2.0,0.0,0.0,1.1238720417022705,18.0,120.92106628417969,1.0,1.8712530136108398
exemplar,137,exemplar,exemplar/archive_2/6feffc6b-567e-4b36-bad3-e4c57ab9cec2.pt,414.0,2837.81591796875,338.0,2496.164794921875,0.0,0.0,0.0,1.99467933177948,18.0,116.09892272949219,1.0,9.454484939575195
exemplar,138,exemplar,exemplar/archive_2/71fc7a21-01aa-4f22-8f37-e9b5e3e23654.pt,1017.0,1545.8104248046875,24.0,334.7204895019531,5.0,0.0,0.0,1.3988261222839355,27.0,163.3382568359375,1.0,2.474174976348877
exemplar,139,exemplar,exemplar/archive_2/71ff4609-1463-4d28-9ef0-cef1641b5731.pt,64296.0,35331.75390625,45559.0,32423.486328125,10.0,27.66482925415039,2.0,4.645344257354736,2215.0,1724.143310546875,1692.0,448.24322509765625
exemplar,140,exemplar,exemplar/archive_2/720c1054-ed10-46fc-86fc-9d4dc4b5fc1d.pt,6311.0,16241.1337890625,5375.0,12206.0517578125,2.0,8.333207130432129,0.0,1.1707907915115356,298.0,1224.0592041015625,285.0,468.87615966796875
exemplar,141,exemplar,exemplar/archive_2/753db279-3897-4e89-a08d-a46c207dc829.pt,60890.0,97174.125,7075.0,43029.94921875,0.0,407.3153076171875,0.0,0.2630887031555176,93.0,36.45737838745117,2.0,5.168911457061768
exemplar,142,exemplar,exemplar/archive_2/7b0a48f6-26f7-4734-8ff2-b2389721cf8b.pt,64315.0,35331.75390625,48353.0,32423.486328125,10.0,27.664836883544922,2.0,4.645344257354736,2241.0,1724.143310546875,1717.0,448.24322509765625
exemplar,143,exemplar,exemplar/archive_2/7eb90940-c8fc-46eb-b334-63c1540139b5.pt,49.0,1643.5341796875,1.0,343.3388366699219,0.0,0.0,0.0,2.26401686668396,13.0,55.90568161010742,1.0,1.7446813583374023
exemplar,144,exemplar,exemplar/archive_2/88525790-1f2d-4b08-abd1-87d93fbfa721.pt,7423.0,11018.36328125,9003.0,17518.5625,5.0,4.280518054962158,3.0,2.60067081451416,2760.0,896.9446411132812,1024.0,252.43215942382812
exemplar,145,exemplar,exemplar/archive_2/88562b99-cdec-44f1-a048-2808b2e91b5d.pt,3337.0,2403.89404296875,4118.0,1609.3544921875,5.0,0.0,2.0,0.22746437788009644,2877.0,1334.6484375,1024.0,72.027099609375
exemplar,146,exemplar,exemplar/archive_2/8858c4d4-cdcf-46ad-8093-195db8550140.pt,26082.0,12106.5283203125,2632.0,4420.7587890625,5.0,7.154194355010986,2.0,6.398829460144043,564.0,912.7215576171875,40.0,95.87596893310547
exemplar,147,exemplar,exemplar/archive_2/8fb92d64-ae75-49a3-83d4-b20cc8facacb.pt,14150.0,20771.619140625,17032.0,26732.0,9.0,9.713798522949219,3.0,2.985952377319336,2760.0,2043.0731201171875,1024.0,597.6617431640625
exemplar,148,exemplar,exemplar/archive_2/8fc296f2-d676-4db0-8fca-4aad1c0f9562.pt,7448.0,10934.0068359375,8953.0,17371.251953125,3.0,4.250282287597656,3.0,2.5866940021514893,2630.0,859.2808227539062,1024.0,239.82379150390625
exemplar,149,exemplar,exemplar/archive_2/92338979-551d-417d-b540-907ba3e43cdf.pt,29043.0,32435.36328125,37083.0,31723.16015625,31.0,205.15798950195312,5.0,4.630011081695557,1087.0,744.9014892578125,160.0,47.07086944580078
exemplar,150,exemplar,exemplar/archive_2/9313be69-b1d3-4511-8970-154a74b6e9a1.pt,2114.0,7928.73193359375,145.0,1637.82421875,0.0,0.0,0.0,2.305302619934082,78.0,44.170570373535156,1.0,2.548111915588379
exemplar,151,exemplar,exemplar/archive_2/9484c0eb-623f-4785-b182-7fa5cc18e87e.pt,13661.0,20771.619140625,17018.0,26732.0,9.0,9.713798522949219,3.0,2.985952377319336,2760.0,2043.0731201171875,1024.0,597.6617431640625
exemplar,152,exemplar,exemplar/archive_2/9847d2cf-f15c-4505-8b8d-f64ac3998050.pt,24672.0,18228.921875,5377.0,16922.68359375,3.0,46.64222717285156,1.0,2.8714942932128906,32.0,97.31876373291016,1.0,6.379844665527344
exemplar,153,exemplar,exemplar/archive_2/991f13af-b7f2-4986-8d9a-67446552fda3.pt,4933.0,8311.9267578125,1767.0,4332.28271484375,2.0,6.186598300933838,1.0,1.8016247749328613,80.0,190.6531524658203,65.0,41.54832077026367
exemplar,154,exemplar,exemplar/archive_2/9bf554fc-02eb-4516-9e17-0417c78bcfc4.pt,825.0,1256.05029296875,132.0,493.89788818359375,5.0,0.0,0.0,1.0658535957336426,32.0,325.4010925292969,1.0,23.843345642089844
exemplar,155,exemplar,exemplar/archive_2/9e988320-f57a-4fd9-9af6-e0dd6526b45f.pt,3337.0,2403.89404296875,4118.0,1609.3544921875,5.0,0.0,2.0,0.2274646759033203,2877.0,1334.6484375,1024.0,72.027099609375
exemplar,156,exemplar,exemplar/archive_2/a191dd12-d602-4bc6-aaf3-c8cb908fd702.pt,26532.0,17201.853515625,19612.0,5839.736328125,128.0,64.54521179199219,4.0,7.768183708190918,309.0,361.7313232421875,9.0,30.862905502319336
exemplar,157,exemplar,exemplar/archive_2/a1fe7c8f-9a29-4f21-ae4d-1839cca18741.pt,141209.0,69114.59375,87556.0,73413.4140625,12.0,22.72698211669922,0.0,3.1504194736480713,3055.0,2543.1484375,2976.0,681.4193115234375
exemplar,158,exemplar,exemplar/archive_2/aa61c13f-4b69-4075-914c-dd0ce3023d0a.pt,2010.0,2650.8701171875,1245.0,1137.194580078125,114.0,43.68821334838867,0.0,2.4317784309387207,272.0,794.97314453125,1.0,14.650544166564941
exemplar,159,exemplar,exemplar/archive_2/aacf0ac9-db95-4fcc-8c4d-aecbc270036b.pt,11924.0,28208.97265625,15471.0,36039.04296875,26.0,57.9222412109375,6.0,1.1266902685165405,584.0,224.07427978515625,160.0,43.900718688964844
exemplar,160,exemplar,exemplar/archive_2/ab159ae2-584e-4dcd-a535-87f562c45533.pt,5311.0,16153.8681640625,1379.0,8986.216796875,285.0,54.25459289550781,0.0,0.38396456837654114,20.0,206.46780395507812,1.0,57.48573303222656
exemplar,161,exemplar,exemplar/archive_2/aec95022-1104-4ae4-a2f5-570b3651b52c.pt,6738.0,5260.9921875,9529.0,4162.99560546875,128.0,146.79261779785156,0.0,1.6372030973434448,962.0,391.75482177734375,128.0,84.54367065429688
exemplar,162,exemplar,exemplar/archive_2/af819660-64bf-4cba-9691-9f108cad6317.pt,5391.0,11995.5234375,7192.0,16466.431640625,6.0,8.640360832214355,1.0,2.056610107421875,520.0,862.4576416015625,192.0,331.72467041015625
exemplar,163,exemplar,exemplar/archive_2/af92a7a9-9199-47a1-b0a9-5342e82f3648.pt,34873.0,57324.62109375,51955.0,65787.9921875,133.0,30.509580612182617,9.0,11.707198143005371,2886.0,2636.19091796875,1024.0,530.6309204101562
exemplar,164,exemplar,exemplar/archive_2/b09aaa61-8f84-4cf9-a06d-599c34d35835.pt,59062.0,34385.203125,7409.0,32482.7265625,2290.0,296.50506591796875,2.0,4.290377616882324,533.0,688.94970703125,2.0,36.938602447509766
exemplar,165,exemplar,exemplar/archive_2/b2a102d6-2db3-4141-a7c7-ed4324a7263b.pt,42567.0,160163.59375,41403.0,110946.4296875,54.0,471.4190673828125,9.0,0.8594085574150085,821.0,94.01033020019531,144.0,8.252043724060059
exemplar,166,exemplar,exemplar/archive_2/b880a011-7afd-4691-9c3b-f599fcac6507.pt,21678.0,21017.40234375,36597.0,28850.892578125,128.0,8.934898376464844,6.0,7.831121444702148,2905.0,2132.056884765625,1024.0,753.919189453125
exemplar,167,exemplar,exemplar/archive_2/b9edb958-f6ba-439a-ba1f-5dc57457d87b.pt,5341.0,7207.49609375,1413.0,2424.423095703125,2.0,15.060282707214355,1.0,2.4180960655212402,46.0,64.9341049194336,12.0,5.993742942810059
exemplar,168,exemplar,exemplar/archive_2/ba32d4dc-3186-4b4c-b1d4-340affbac563.pt,3398.0,2403.895263671875,4169.0,1609.3544921875,5.0,0.0,2.0,0.22746437788009644,2877.0,1334.6484375,1024.0,72.02716827392578
exemplar,169,exemplar,exemplar/archive_2/ba3d991d-2cd4-44eb-8a4a-4686a9a792e5.pt,9430.0,11340.9951171875,7945.0,8737.974609375,0.0,0.0,3.0,2.0229620933532715,822.0,92.78528594970703,144.0,8.581624984741211
exemplar,170,exemplar,exemplar/archive_2/bd8316b7-d3b7-49ff-9167-f583a6f7f78a.pt,12949.0,28209.0,15545.0,36039.04296875,26.0,57.9222412109375,6.0,1.1266896724700928,584.0,224.07427978515625,160.0,43.900753021240234
exemplar,171,exemplar,exemplar/archive_2/c3443d82-ae16-48f6-a622-6ce65bee8aca.pt,955.0,1103.826904296875,43.0,206.92367553710938,5.0,17.573118209838867,0.0,0.1712157428264618,527.0,737.6781005859375,1.0,10.655115127563477
exemplar,172,exemplar,exemplar/archive_2/c3a185b3-0e34-4a6a-9e0f-ff2533cfe862.pt,3142.0,8160.8642578125,3917.0,10569.8935546875,2.0,4.309517860412598,1.0,2.393249273300171,521.0,244.93666076660156,192.0,62.67365646362305
exemplar,173,exemplar,exemplar/archive_2/c4f9c274-e5de-425d-b846-794493bdb601.pt,26314.0,12106.5283203125,958.0,4420.7587890625,5.0,7.154196262359619,2.0,6.398829460144043,546.0,912.7215576171875,23.0,95.87596893310547
exemplar,174,exemplar,exemplar/archive_2/c7058331-3595-4e04-a0e6-5f31ca0ee832.pt,6665.0,10934.0068359375,8866.0,17371.251953125,3.0,4.250282287597656,3.0,2.5866940021514893,2628.0,859.2808227539062,1024.0,239.82379150390625
exemplar,175,exemplar,exemplar/archive_2/c91f1953-c631-4fc6-ac39-e58cdf044715.pt,84.0,1291.0263671875,1.0,286.1253356933594,0.0,0.0,0.0,2.5897648334503174,12.0,62.28702163696289,1.0,2.0982913970947266
exemplar,176,exemplar,exemplar/archive_2/cb4208e9-f4ec-4508-a127-e61713fa4427.pt,1083.0,1960.1165771484375,183.0,384.2039794921875,5.0,0.0,0.0,1.2519911527633667,33.0,156.06402587890625,1.0,2.3426527976989746
exemplar,177,exemplar,exemplar/archive_2/cbe41495-f713-4951-a5ab-bfc09d0b62ef.pt,24983.0,21423.2890625,20118.0,5345.4775390625,128.0,94.25070190429688,4.0,9.248212814331055,307.0,345.6820983886719,9.0,18.713603973388672
exemplar,178,exemplar,exemplar/archive_2/cdbce098-85d7-472c-ab93-3fd7760cf305.pt,10021.0,17778.25390625,7133.0,12502.8056640625,8.0,39.02989959716797,1.0,0.811630368232727,274.0,101.21759033203125,82.0,25.79355239868164
exemplar,179,exemplar,exemplar/archive_2/cdfa8f37-89f2-4dd4-a946-19c2e5ded11b.pt,2112.0,2830.099853515625,1084.0,578.62646484375,113.0,151.2876434326172,0.0,1.3700917959213257,270.0,283.9158935546875,1.0,4.015542984008789
exemplar,180,exemplar,exemplar/archive_2/cf9ebcf6-3e99-4143-965c-4e208570a8ed.pt,103.0,1342.025390625,21.0,386.46044921875,2.0,0.0,0.0,1.0891098976135254,17.0,131.87762451171875,1.0,9.599668502807617
exemplar,181,exemplar,exemplar/archive_2/d421446f-6e66-43e0-9f09-f49746ab729a.pt,20143.0,21017.40234375,30349.0,28850.86328125,128.0,8.934895515441895,9.0,7.831119537353516,2886.0,2132.0556640625,1024.0,753.919189453125
exemplar,182,exemplar,exemplar/archive_2/d8b32d50-b3cf-432b-bb5b-b8f535ce714c.pt,9619.0,14759.04296875,8367.0,11302.5859375,0.0,0.0,4.0,2.9599812030792236,6581.0,2215.069091796875,1296.0,455.46685791015625
exemplar,183,exemplar,exemplar/archive_2/dcb74e34-ca5a-486e-86d9-d9a6040d1c0e.pt,2909.0,5407.7109375,1051.0,1946.22314453125,0.0,3.8602514266967773,0.0,1.2916463613510132,41.0,462.3735656738281,26.0,173.97503662109375
exemplar,184,exemplar,exemplar/archive_2/dd00795c-3e46-41f8-b2ef-d07178c68303.pt,5308.0,5960.0888671875,6923.0,4473.57666015625,128.0,166.90139770507812,0.0,1.6412122249603271,414.0,402.161865234375,64.0,90.92251586914062
exemplar,185,exemplar,exemplar/archive_2/dd6967a6-6467-4056-a70b-bf30ac5ce5a8.pt,24764.0,8101.0947265625,3054.0,790.8868408203125,5.0,9.656821250915527,2.0,5.178574562072754,548.0,501.9639892578125,10.0,6.603058815002441
exemplar,186,exemplar,exemplar/archive_2/df404ea2-7749-44ca-9f48-4e40bcbbcccc.pt,34873.0,57324.62109375,51955.0,65787.9921875,133.0,30.50959587097168,9.0,11.70720100402832,2886.0,2636.19091796875,1024.0,530.6311645507812
exemplar,187,exemplar,exemplar/archive_2/e1d7bcd5-74f3-4ba8-98fa-8fd7e8e53d4c.pt,4950.0,8296.197265625,1682.0,4429.59375,0.0,0.0,0.0,2.862217903137207,19.0,78.8994369506836,2.0,15.006967544555664
exemplar,188,exemplar,exemplar/archive_2/e206f89f-6722-4b7b-aa5e-1da854f3c74f.pt,27004.0,9131.681640625,331.0,645.6644287109375,5.0,12.490348815917969,2.0,4.139695167541504,527.0,501.1712646484375,1.0,4.377957344055176
exemplar,189,exemplar,exemplar/archive_2/e3ca47f3-9ba7-4a01-a793-27142befd25c.pt,47382.0,30501.310546875,21390.0,37193.9296875,2100.0,74.96662902832031,2.0,1.00784432888031,43.0,182.17282104492188,2.0,33.11697006225586
exemplar,190,exemplar,exemplar/archive_2/e52443e5-a588-4cfc-9d56-0d24ba75bb95.pt,6719.0,15242.4990234375,5572.0,8954.6123046875,4.0,43.0367546081543,0.0,0.39965179562568665,127.0,248.3868408203125,86.0,76.92391967773438
exemplar,191,exemplar,exemplar/archive_2/e871b1d9-adf7-4508-b8d5-8ba960b2e566.pt,22003.0,18674.10546875,6714.0,17398.029296875,5.0,47.983699798583984,2.0,2.8717684745788574,43.0,98.77310180664062,2.0,6.694794178009033
exemplar,192,exemplar,exemplar/archive_2/e8e67ed2-6a32-4e3a-9a24-1a5b7a5d7691.pt,3057.0,2651.942626953125,2828.0,2430.36572265625,3.0,0.0,2.0,0.981501579284668,2630.0,509.7373962402344,1024.0,108.74360656738281
exemplar,193,exemplar,exemplar/archive_2/eaa44c08-a035-4803-ab47-513783efb3a7.pt,62507.0,97174.125,2597.0,43029.94921875,0.0,407.31549072265625,0.0,0.26308900117874146,82.0,36.45736312866211,1.0,5.168911457061768
exemplar,194,exemplar,exemplar/archive_2/ee25387d-83ea-4d27-a105-d01ae8728a92.pt,692.0,1535.8880615234375,7.0,331.2591857910156,3.0,0.0,0.0,1.3988072872161865,23.0,162.90469360351562,1.0,2.5102715492248535
exemplar,195,exemplar,exemplar/archive_2/f1752ca3-1640-4967-938c-5272dc274596.pt,19721.0,32435.36328125,27649.0,31723.16015625,31.0,205.158203125,5.0,4.630011081695557,1080.0,744.9014892578125,160.0,47.07086944580078
exemplar,196,exemplar,exemplar/archive_2/f1d40b09-efc4-448c-b6d0-d6a3f43e3b8e.pt,137.0,1342.026123046875,33.0,386.46026611328125,2.0,0.0,0.0,1.0891103744506836,17.0,131.87762451171875,1.0,9.599675178527832
exemplar,197,exemplar,exemplar/archive_2/f5b0a3bb-2a24-4ea7-9add-17c93d3d1e7f.pt,7531.0,12681.8466796875,4195.0,17585.83984375,279.0,6.19474983215332,0.0,1.880708932876587,20.0,1534.4736328125,2.0,736.713623046875
exemplar,198,exemplar,exemplar/archive_2/f724084e-64df-4b4c-88a0-1dc091f01bcd.pt,2863.0,5407.7109375,867.0,1946.2249755859375,0.0,3.8602521419525146,0.0,1.2916463613510132,39.0,462.3738098144531,27.0,173.97511291503906
exemplar,199,exemplar,exemplar/archive_2/fe04f4ae-8adb-4468-832b-52fe73541363.pt,7557.0,8209.2509765625,2268.0,6551.921875,2.0,16.224533081054688,1.0,2.847553014755249,24.0,66.17929077148438,1.0,4.317720890045166
exemplar,200,exemplar,exemplar/archive_3/06583efc-f9a7-4a60-af97-acc52a47cf4d.pt,5052.0,16153.8525390625,1402.0,8986.216796875,292.0,54.25459289550781,0.0,0.3839648962020874,20.0,206.46780395507812,1.0,57.48570251464844
exemplar,201,exemplar,exemplar/archive_3/08d11c63-55b7-499f-975d-fd09bd12dc53.pt,2280.0,2650.8701171875,421.0,1137.194580078125,107.0,43.68821334838867,0.0,2.431778907775879,266.0,794.97314453125,1.0,14.650544166564941
exemplar,202,exemplar,exemplar/archive_3/0bd10243-a38d-4bdd-bbe8-5e29012bae94.pt,1096.0,1545.8096923828125,183.0,334.72015380859375,5.0,0.0,0.0,1.3988261222839355,33.0,163.3382568359375,1.0,2.4741733074188232
exemplar,203,exemplar,exemplar/archive_3/0d2973d0-80d2-4ac3-8942-1bfab430d8fb.pt,32667.0,26393.578125,30766.0,17709.396484375,128.0,111.38971710205078,19.0,11.108540534973145,310.0,506.0337829589844,9.0,37.04356384277344
exemplar,204,exemplar,exemplar/archive_3/0eb34ec2-1755-44cf-9fd1-ae1eda09f0b7.pt,41337.0,160163.59375,41195.0,110946.4296875,54.0,471.4190673828125,9.0,0.8594087362289429,821.0,94.01033020019531,144.0,8.252043724060059
exemplar,205,exemplar,exemplar/archive_3/0f110dec-cdf6-4850-b898-f98be71240f5.pt,700.0,1949.9853515625,7.0,379.653076171875,3.0,0.0,0.0,1.2488634586334229,23.0,155.48846435546875,1.0,2.3738014698028564
exemplar,206,exemplar,exemplar/archive_3/12ecbf82-8a28-44e1-b2ab-06f8e50cea97.pt,7404.0,8209.2509765625,2268.0,6551.921875,2.0,16.224533081054688,1.0,2.8475534915924072,24.0,66.17929077148438,1.0,4.317718505859375
exemplar,207,exemplar,exemplar/archive_3/1388fecd-67a1-45ac-8157-fc0f8d2f0a05.pt,46486.0,55000.48046875,47589.0,53285.8984375,6.0,22.672256469726562,3.0,4.750047206878662,6588.0,3053.1240234375,1296.0,601.4319458007812
exemplar,208,exemplar,exemplar/archive_3/13fb640f-1e24-47fd-bb39-25b8d08a824d.pt,12949.0,28208.97265625,15545.0,36039.04296875,26.0,57.9222412109375,6.0,1.1266902685165405,584.0,224.07427978515625,160.0,43.90076446533203
exemplar,209,exemplar,exemplar/archive_3/1850c071-2916-4efd-ae6e-47fc45672aeb.pt,72366.0,39219.6875,37663.0,26308.810546875,32.0,127.31796264648438,2.0,3.8565611839294434,887.0,739.7142944335938,113.0,61.97028732299805
exemplar,210,exemplar,exemplar/archive_3/1b2d4669-b746-4295-9d6f-a209f5d3b340.pt,26216.0,12106.5283203125,1328.0,4420.7587890625,5.0,7.154196262359619,2.0,6.398829460144043,552.0,912.7215576171875,29.0,95.87592315673828
exemplar,211,exemplar,exemplar/archive_3/1d4d5e23-1d85-41d4-a3f9-b1a83d23c34b.pt,7381.0,13252.9404296875,3336.0,19302.70703125,285.0,23.832439422607422,0.0,0.9106004238128662,15.0,261.5684509277344,1.0,95.7001724243164
exemplar,212,exemplar,exemplar/archive_3/1e583b76-4ef7-4e53-a161-03b8f8430ed8.pt,21914.0,11332.21484375,2056.0,9303.87109375,3.0,5.54226541519165,1.0,2.2279810905456543,63.0,674.306884765625,40.0,150.9084014892578
exemplar,213,exemplar,exemplar/archive_3/21ae4549-1aff-4723-9c89-74015a97c167.pt,2589.0,7928.72412109375,653.0,1637.82421875,0.0,0.0,0.0,2.305302619934082,83.0,44.170570373535156,1.0,2.548111915588379
exemplar,214,exemplar,exemplar/archive_3/2259df4b-da56-4694-8ebf-a250b93cf8f5.pt,61375.0,34385.203125,19858.0,32482.7265625,2286.0,296.5047607421875,2.0,4.290380001068115,538.0,688.9500732421875,2.0,36.938629150390625
exemplar,215,exemplar,exemplar/archive_3/232fe499-7681-4c8a-b15d-0864a56edfd4.pt,2852.0,4236.73291015625,1780.0,3138.083984375,3.0,0.0,0.0,0.9649520516395569,34.0,240.37332153320312,2.0,21.192197799682617
exemplar,216,exemplar,exemplar/archive_3/2366c0f3-3d8a-4ba5-a1e5-4448a419d2fd.pt,3095.0,3325.799560546875,2700.0,2660.533447265625,5.0,0.0,1.0,1.1014245748519897,588.0,255.029541015625,160.0,19.478221893310547
exemplar,217,exemplar,exemplar/archive_3/28eb748c-eb75-4d49-9730-91b175a03814.pt,5088.0,6029.666015625,1678.0,7900.6494140625,0.0,2.062068223953247,0.0,1.6254117488861084,16.0,604.498779296875,1.0,311.12042236328125
exemplar,218,exemplar,exemplar/archive_3/2911e90a-d77a-49df-ad2e-6d3041ef039d.pt,140500.0,69114.59375,86778.0,73413.4140625,12.0,22.726985931396484,0.0,3.150418519973755,3058.0,2543.149658203125,2979.0,681.4193115234375
exemplar,219,exemplar,exemplar/archive_3/2b4a4eaf-94fc-43b7-bd1e-9ae39557e259.pt,55665.0,44802.09375,31596.0,46439.92578125,27.0,86.59429168701172,2.0,0.4662913680076599,398.0,209.4092254638672,103.0,47.40130615234375
exemplar,220,exemplar,exemplar/archive_3/2cba8c1f-4f72-400a-b18f-1905a649a686.pt,10513.0,14280.673828125,6645.0,10030.7802734375,0.0,0.0,0.0,1.6517128944396973,95.0,81.40859985351562,1.0,7.880911350250244
exemplar,221,exemplar,exemplar/archive_3/2eed692f-7176-4ea9-bbef-c95f4bd43b45.pt,21176.0,21017.40234375,32593.0,28850.86328125,128.0,8.934895515441895,8.0,7.831119537353516,2889.0,2132.0556640625,1024.0,753.9195556640625
exemplar,222,exemplar,exemplar/archive_3/305dc971-6cb9-4479-8da4-3ed6a2167a44.pt,9619.0,14759.04296875,8367.0,11302.5859375,0.0,0.0,4.0,2.9599812030792236,6581.0,2215.069091796875,1296.0,455.46685791015625
exemplar,223,exemplar,exemplar/archive_3/37871b96-f93e-4673-a7c8-d7a71505804b.pt,6448.0,8930.056640625,230.0,2887.085205078125,2.0,21.36652374267578,1.0,2.301004409790039,18.0,46.839012145996094,1.0,2.9841718673706055
exemplar,224,exemplar,exemplar/archive_3/37996d69-2677-4717-ae97-cde6bd8748be.pt,905.0,1256.0509033203125,151.0,493.89788818359375,5.0,0.0,0.0,1.0658543109893799,33.0,325.4010925292969,1.0,23.843334197998047
exemplar,225,exemplar,exemplar/archive_3/3864614f-2506-48de-b994-99ae08ca30de.pt,9619.0,14759.04296875,8367.0,11302.5859375,0.0,0.0,4.0,2.9599802494049072,6581.0,2215.069091796875,1296.0,455.4670715332031
exemplar,226,exemplar,exemplar/archive_3/3a7ddf40-4818-4f21-9614-7429c3608ef7.pt,3367.0,2445.96484375,4037.0,1097.60107421875,5.0,0.0,1.0,0.4050441384315491,1085.0,616.6444091796875,160.0,23.484498977661133
exemplar,227,exemplar,exemplar/archive_3/3c34c8dd-6143-4349-ba49-9db7514afb35.pt,72892.0,39219.6875,35638.0,26308.78515625,32.0,127.31796264648438,2.0,3.856559991836548,873.0,739.7142944335938,101.0,61.97028732299805
exemplar,228,exemplar,exemplar/archive_3/3c3922e9-8e61-4c70-96f8-df25f0a19bf7.pt,5238.0,8296.197265625,1731.0,4429.59375,0.0,0.0,0.0,2.862217903137207,19.0,78.8994369506836,2.0,15.00697135925293
exemplar,229,exemplar,exemplar/archive_3/41564015-3c26-45b3-975a-6e027e49d63d.pt,993.0,1216.1021728515625,26.0,140.59988403320312,5.0,28.105573654174805,0.0,0.46418240666389465,524.0,379.71258544921875,1.0,3.5982673168182373
exemplar,230,exemplar,exemplar/archive_3/41c44d85-1b9b-468f-a8cd-379651170f92.pt,1367.0,2917.41943359375,1337.0,2319.4013671875,2.0,0.0,0.0,0.8689616918563843,520.0,234.1417236328125,192.0,41.2929573059082
exemplar,231,exemplar,exemplar/archive_3/467481bc-1cd4-4fe9-89ba-205dac892ea5.pt,1363.0,2526.408935546875,747.0,559.6387329101562,117.0,145.65359497070312,0.0,1.3092305660247803,270.0,278.90704345703125,1.0,3.485177993774414
exemplar,232,exemplar,exemplar/archive_3/49f1f8f6-4127-4a44-9242-241f59f88c5e.pt,26907.0,18674.087890625,5435.0,17398.029296875,5.0,47.98367691040039,2.0,2.8717684745788574,36.0,98.77310180664062,1.0,6.69478702545166
exemplar,233,exemplar,exemplar/archive_3/4df0be4b-66c4-43cd-95f6-183ce806d41e.pt,158260.0,242233.421875,90216.0,176898.796875,66.0,467.87725830078125,0.0,0.26250192523002625,626.0,69.45218658447266,92.0,9.51510238647461
exemplar,234,exemplar,exemplar/archive_3/513a25e1-b5eb-493a-81eb-2c6783edec5c.pt,5004.0,7207.49609375,1937.0,2424.423095703125,2.0,15.060286521911621,1.0,2.4180963039398193,49.0,64.9341049194336,12.0,5.993742942810059
exemplar,235,exemplar,exemplar/archive_3/526a1c2b-6fb4-4058-81df-1804a76c3555.pt,399.0,3554.37939453125,319.0,2989.5908203125,0.0,0.0,0.0,1.6424565315246582,16.0,104.48219299316406,1.0,9.046626091003418
exemplar,236,exemplar,exemplar/archive_3/5339e381-b42d-4d17-af6e-9f012b8a4e95.pt,9745.0,13359.3388671875,14215.0,5698.193359375,5.0,7.772616863250732,4.0,6.812549114227295,1080.0,648.8789672851562,160.0,16.62859535217285
exemplar,237,exemplar,exemplar/archive_3/58a5481a-b506-4e99-b4fb-49575de3138b.pt,21086.0,11405.537109375,3624.0,9528.873046875,5.0,5.554350852966309,2.0,2.251899480819702,70.0,704.212646484375,42.0,157.63539123535156
exemplar,238,exemplar,exemplar/archive_3/59f7052a-5874-4452-a75a-0ac2831b9d84.pt,21591.0,21008.203125,3552.0,8603.359375,5.0,64.7132339477539,2.0,1.5402731895446777,39.0,75.82644653320312,1.0,5.8050761222839355
exemplar,239,exemplar,exemplar/archive_3/5b52039c-4c2d-4e64-a978-c21785ee7c6b.pt,3057.0,2651.940185546875,2828.0,2430.36572265625,3.0,0.0,2.0,0.9815018177032471,2630.0,509.7373962402344,1024.0,108.74360656738281
exemplar,240,exemplar,exemplar/archive_3/62825ea7-7137-4533-92d7-d441af4c40ba.pt,12478.0,13359.3388671875,14237.0,5698.193359375,5.0,7.772616863250732,4.0,6.812549114227295,1083.0,648.8789672851562,160.0,16.62860870361328
exemplar,241,exemplar,exemplar/archive_3/64224705-c771-420a-9f84-1c001366ba33.pt,14078.0,28208.97265625,17206.0,36039.04296875,26.0,57.9222412109375,6.0,1.1266897916793823,591.0,224.07427978515625,160.0,43.900753021240234
exemplar,242,exemplar,exemplar/archive_3/645258ad-eb6e-4363-bf0c-9fda5164f36b.pt,9507.0,14759.04296875,8401.0,11302.5859375,0.0,0.0,4.0,2.95998215675354,6582.0,2215.069091796875,1296.0,455.46685791015625
exemplar,243,exemplar,exemplar/archive_3/69d67690-ef91-4389-b6a9-704f1e89952c.pt,3367.0,2445.96484375,4037.0,1097.60107421875,5.0,0.0,1.0,0.405044287443161,1085.0,616.6444091796875,160.0,23.48452377319336
exemplar,244,exemplar,exemplar/archive_3/6ee6e354-d81a-46f4-a113-c16e881419db.pt,7448.0,14197.7646484375,3359.0,20471.873046875,282.0,28.849040985107422,0.0,0.8491065502166748,15.0,218.1200714111328,1.0,72.44987487792969
exemplar,245,exemplar,exemplar/archive_3/6f0ca42f-3067-45a1-a683-4042133a9202.pt,78.0,1342.025390625,5.0,386.4600830078125,2.0,0.0,0.0,1.0891106128692627,15.0,131.8775634765625,1.0,9.599668502807617
exemplar,246,exemplar,exemplar/archive_3/714d7039-2846-4e1e-a836-7bbcc8b6289a.pt,120.0,1644.2493896484375,48.0,353.9237365722656,2.0,0.0,0.0,1.2047594785690308,18.0,113.61307525634766,1.0,1.6591217517852783
exemplar,247,exemplar,exemplar/archive_3/765100ca-9941-475f-92bd-c0304625006e.pt,34970.0,79750.640625,48853.0,75695.5234375,149.0,172.47914123535156,8.0,10.933996200561523,841.0,603.309814453125,128.0,37.08414840698242
exemplar,248,exemplar,exemplar/archive_3/7a8292e7-d54f-47e7-939d-07247297c66a.pt,6500.0,16241.1337890625,5446.0,12206.0517578125,2.0,8.333207130432129,0.0,1.1707909107208252,288.0,1224.0592041015625,275.0,468.87615966796875
exemplar,249,exemplar,exemplar/archive_3/7ca5352c-c08e-405a-81fc-ad9b893bbb74.pt,3337.0,2403.89404296875,4118.0,1609.3544921875,5.0,0.0,2.0,0.22746437788009644,2876.0,1334.6484375,1024.0,72.027099609375
exemplar,250,exemplar,exemplar/archive_3/7efb5b4e-0e1d-4b1e-a030-e65c830dba5d.pt,29649.0,14600.4453125,3871.0,5360.453125,5.0,13.5950288772583,2.0,5.632241725921631,532.0,624.2218627929688,1.0,10.560565948486328
exemplar,251,exemplar,exemplar/archive_3/7fde29f5-7a7e-4430-bd5a-d53d331c76fd.pt,2039.0,2526.40771484375,1009.0,559.6387329101562,112.0,145.65359497070312,0.0,1.3092316389083862,270.0,278.90692138671875,1.0,3.485175848007202
exemplar,252,exemplar,exemplar/archive_3/84f243ce-de91-4e4e-82df-037ca151348d.pt,20159.0,20277.3046875,35143.0,15147.720703125,128.0,63.54789352416992,6.0,10.475353240966797,856.0,539.4658203125,128.0,70.79553985595703
exemplar,253,exemplar,exemplar/archive_3/85ddd60e-a64f-419e-8b38-b5166d5ad1b1.pt,44605.0,163581.15625,18280.0,119996.1015625,2005.0,170.9404296875,6.0,4.614113807678223,286.0,436.921142578125,6.0,37.25703430175781
exemplar,254,exemplar,exemplar/archive_3/86d4e5a5-73ae-4efb-a82b-74835eb253df.pt,1507.0,2526.408935546875,1068.0,559.6390380859375,106.0,145.65359497070312,0.0,1.3092310428619385,272.0,278.90704345703125,1.0,3.485177993774414
exemplar,255,exemplar,exemplar/archive_3/8a1b09f4-8b12-4e3a-95b9-58b27dae1b27.pt,7939.0,13865.0546875,8237.0,15550.787109375,5.0,27.8570556640625,4.0,3.143705129623413,584.0,145.6085662841797,160.0,15.270731925964355
exemplar,256,exemplar,exemplar/archive_3/8be9ce88-19c5-490e-8054-80f1eb75f145.pt,130.0,1644.2493896484375,44.0,353.9237365722656,2.0,0.0,0.0,1.2047600746154785,18.0,113.61307525634766,1.0,1.6591217517852783
exemplar,257,exemplar,exemplar/archive_3/8db4404b-d427-4fdb-bb09-ea2dbd1df722.pt,15128.0,20771.619140625,18973.0,26732.0,9.0,9.713800430297852,4.0,2.985952377319336,2767.0,2043.0740966796875,1024.0,597.6619873046875
exemplar,258,exemplar,exemplar/archive_3/908de307-aeee-4cfe-95b0-46ab568997c4.pt,21170.0,11405.537109375,3792.0,9528.873046875,5.0,5.554350852966309,2.0,2.2519001960754395,69.0,704.212646484375,41.0,157.63539123535156
exemplar,259,exemplar,exemplar/archive_3/933b3c35-b647-4b59-9bcd-f042466674b6.pt,2083.0,2650.8701171875,959.0,1137.194580078125,105.0,43.688194274902344,0.0,2.431779146194458,270.0,794.97314453125,1.0,14.650532722473145
exemplar,260,exemplar,exemplar/archive_3/93d9e5bf-7351-4866-8514-29bc581b2375.pt,43520.0,28861.955078125,32449.0,30012.5546875,7.0,12.702604293823242,1.0,2.2385997772216797,2051.0,1773.9910888671875,2028.0,562.4339599609375
exemplar,261,exemplar,exemplar/archive_3/93e43f7b-8376-46b6-99c5-66025727bea6.pt,1324.0,3532.20263671875,1279.0,2524.57666015625,2.0,0.0,0.0,1.081372618675232,328.0,189.22509765625,96.0,11.586358070373535
exemplar,262,exemplar,exemplar/archive_3/95c22d49-3c60-4de8-aaf1-50d771902c6f.pt,902.0,4162.1181640625,766.0,2822.82470703125,2.0,0.0,0.0,0.9911924600601196,26.0,195.70083618164062,1.0,12.974475860595703
exemplar,263,exemplar,exemplar/archive_3/9842c884-7992-4951-a284-bf50d8e97b05.pt,25409.0,8101.0869140625,2298.0,790.8868408203125,5.0,9.656818389892578,2.0,5.178576946258545,546.0,501.9637451171875,8.0,6.603051662445068
exemplar,264,exemplar,exemplar/archive_3/9f921d58-91bf-4b62-8e1d-b95c556b3e67.pt,73160.0,39219.6875,38475.0,26308.810546875,32.0,127.31796264648438,2.0,3.856559991836548,881.0,739.7139892578125,108.0,61.97028732299805
exemplar,265,exemplar,exemplar/archive_3/a045e629-9ce5-4a46-98d1-f46171bbc5d7.pt,53357.0,67868.390625,61963.0,74284.390625,133.0,25.07242774963379,4.0,6.756844520568848,2147.0,2367.811279296875,1884.0,744.095947265625
exemplar,266,exemplar,exemplar/archive_3/aa38623f-8522-4555-a87c-1e5aee2b9c6c.pt,2316.0,8011.8515625,290.0,4272.12109375,0.0,0.0,0.0,4.111772537231445,80.0,1335.7825927734375,1.0,190.92092895507812
exemplar,267,exemplar,exemplar/archive_3/acdcfe80-36b1-402d-9fda-579b9cd12e61.pt,7526.0,8209.2431640625,2268.0,6551.921875,2.0,16.224533081054688,1.0,2.847552537918091,24.0,66.17926025390625,1.0,4.317715644836426
exemplar,268,exemplar,exemplar/archive_3/b379766c-1fc4-4ddd-8c8f-01671d294e2d.pt,350.0,4223.6630859375,262.0,3293.585693359375,0.0,0.0,0.0,1.5059006214141846,18.0,740.364501953125,1.0,248.36212158203125
exemplar,269,exemplar,exemplar/archive_3/bb6cc7af-5692-4f06-a0d7-5ed5799c9d61.pt,2233.0,6255.60546875,290.0,1459.9892578125,0.0,0.0,0.0,2.8991518020629883,80.0,49.646121978759766,1.0,2.726433515548706
exemplar,270,exemplar,exemplar/archive_3/be33a535-98f4-49a5-99b7-fe08cd80c49a.pt,802.0,1244.2794189453125,148.0,480.028564453125,3.0,0.0,0.0,1.0708554983139038,27.0,312.08575439453125,1.0,23.155517578125
exemplar,271,exemplar,exemplar/archive_3/c17d9415-d1da-404b-9550-d974901b0f77.pt,65869.0,90530.328125,52752.0,78174.25,1918.0,257.22210693359375,4.0,9.440349578857422,313.0,494.07110595703125,9.0,27.53716468811035
exemplar,272,exemplar,exemplar/archive_3/c3a84bad-a891-4ed4-9590-49b2e3825c7a.pt,20915.0,20547.7109375,2704.0,8298.326171875,3.0,62.92457580566406,1.0,1.5555617809295654,33.0,74.49786376953125,1.0,5.595070838928223
exemplar,273,exemplar,exemplar/archive_3/c47a57ee-6f6c-4509-83a4-d911de7a608c.pt,20987.0,20547.7109375,2845.0,8298.326171875,3.0,62.92460632324219,1.0,1.5555617809295654,33.0,74.49786376953125,1.0,5.595070838928223
exemplar,274,exemplar,exemplar/archive_3/c5953b88-a18f-45ef-b053-a10de5b77f79.pt,5032.0,6431.82373046875,1673.0,3915.609619140625,0.0,0.0,0.0,2.990515947341919,16.0,108.11582946777344,1.0,25.794025421142578
exemplar,275,exemplar,exemplar/archive_3/c87c3130-88ad-4825-9f55-68c8d961414d.pt,160670.0,242233.421875,82253.0,176898.796875,66.0,467.87725830078125,0.0,0.26250192523002625,618.0,69.45218658447266,92.0,9.51510238647461
exemplar,276,exemplar,exemplar/archive_3/c9149d5a-b5b0-47f3-a3f7-0bfb26bcc26a.pt,8039.0,13865.0546875,8344.0,15550.787109375,5.0,27.85704803466797,4.0,3.143705129623413,587.0,145.6085662841797,160.0,15.270731925964355
exemplar,277,exemplar,exemplar/archive_3/ca8f38ac-e952-45d7-a4f5-d6e24a85588a.pt,930.0,1216.1015625,19.0,140.59994506835938,5.0,28.105573654174805,0.0,0.46418240666389465,523.0,379.71258544921875,1.0,3.598269462585449
exemplar,278,exemplar,exemplar/archive_3/cbef8382-effa-4dc5-a6bc-9614f1772d1c.pt,866.0,1103.8262939453125,32.0,206.92367553710938,5.0,17.57312774658203,0.0,0.17121532559394836,524.0,737.6781005859375,1.0,10.655126571655273
exemplar,279,exemplar,exemplar/archive_3/ce72004b-1e4c-4a21-aed6-379cab5486bf.pt,10390.0,14371.75390625,14642.0,16902.73046875,5.0,4.542781352996826,3.0,7.34326171875,2875.0,1269.644775390625,1024.0,271.75732421875
exemplar,280,exemplar,exemplar/archive_3/cf4557ce-c04b-4f6e-95d5-2ef67749feec.pt,139851.0,69114.59375,87587.0,73413.34375,12.0,22.726974487304688,0.0,3.1504175662994385,3032.0,2543.147216796875,2953.0,681.4180297851562
exemplar,281,exemplar,exemplar/archive_3/cfabdefd-a93f-4e93-b729-2f4c44a0e6df.pt,35782.0,48282.6953125,1624.0,47768.390625,2118.0,109.45329284667969,2.0,0.3729467988014221,32.0,168.61846923828125,1.0,36.13362503051758
exemplar,282,exemplar,exemplar/archive_3/d6b83ff5-29c7-47f9-819c-d07f83d82b93.pt,6367.0,11995.51171875,8139.0,16466.416015625,6.0,8.640357971191406,1.0,2.056610107421875,525.0,862.4572143554688,192.0,331.724365234375
exemplar,283,exemplar,exemplar/archive_3/dab5f456-ccc2-4a72-9b87-e9bc7c20e029.pt,2806.0,3308.02294921875,2566.0,2638.59765625,3.0,0.0,1.0,1.1021571159362793,503.0,254.40072631835938,128.0,19.207569122314453
exemplar,284,exemplar,exemplar/archive_3/dd896667-6c8d-4e6b-b951-01ef21962849.pt,106521.0,248918.25,5189.0,172309.703125,5809.0,641.9312133789062,0.0,0.2239435911178589,82.0,51.399253845214844,1.0,6.736474514007568
exemplar,285,exemplar,exemplar/archive_3/dda9c4c0-57d6-4052-b555-2e8fb599475b.pt,2557.0,7928.72412109375,653.0,1637.823486328125,0.0,0.0,0.0,2.3053033351898193,83.0,44.17060470581055,1.0,2.5481135845184326
exemplar,286,exemplar,exemplar/archive_3/de766c24-bdab-4176-a0dd-d9b2706491c9.pt,5306.0,13291.701171875,6778.0,17217.921875,8.0,27.88195037841797,2.0,1.4940389394760132,328.0,126.36492156982422,96.0,29.24971580505371
exemplar,287,exemplar,exemplar/archive_3/e11131f2-d974-4ada-b80f-a2f1298bdd41.pt,704.0,1949.9853515625,56.0,379.653076171875,3.0,0.0,0.0,1.2488625049591064,24.0,155.48846435546875,1.0,2.3737998008728027
exemplar,288,exemplar,exemplar/archive_3/e11b3965-6e57-43b8-a3a0-e83e94e5b616.pt,8039.0,13865.0546875,8344.0,15550.787109375,5.0,27.85704803466797,4.0,3.143705129623413,587.0,145.6085662841797,160.0,15.270739555358887
exemplar,289,exemplar,exemplar/archive_3/e2c16677-3f06-4890-b4e7-0efbd1d94f95.pt,20335.0,28510.32421875,28227.0,30176.7265625,10.0,30.328750610351562,3.0,5.315402984619141,2872.0,1863.8328857421875,1024.0,391.8612060546875
exemplar,290,exemplar,exemplar/archive_3/e57ceb3b-5dc0-4127-bc68-868a6b1dee73.pt,947.0,4162.1181640625,781.0,2822.82470703125,2.0,0.0,0.0,0.9911922216415405,25.0,195.700927734375,1.0,12.974475860595703
exemplar,291,exemplar,exemplar/archive_3/eb42dbfe-9069-4c08-bb95-26221e0d0945.pt,34950.0,48282.6484375,1624.0,47768.390625,2134.0,109.45329284667969,2.0,0.3729473054409027,32.0,168.61846923828125,1.0,36.133636474609375
exemplar,292,exemplar,exemplar/archive_3/ecc6822e-1712-420f-bf26-a16ab0ce3dba.pt,35602.0,48282.6953125,1624.0,47768.4375,2114.0,109.45333862304688,2.0,0.3729467988014221,32.0,168.61830139160156,1.0,36.13362503051758
exemplar,293,exemplar,exemplar/archive_3/ecf51998-8937-4724-9018-6a86368049b0.pt,9863.0,13673.8740234375,5829.0,17620.44140625,418.0,31.517576217651367,1.0,1.4259600639343262,29.0,106.69710540771484,2.0,21.054929733276367
exemplar,294,exemplar,exemplar/archive_3/ee50ed59-19d1-41c1-8e61-3f822cfb42ff.pt,3402.0,8065.39111328125,482.0,1182.863037109375,0.0,0.0,0.0,1.4319310188293457,18.0,47.66455078125,1.0,7.964006423950195
exemplar,295,exemplar,exemplar/archive_3/f3a17e75-5fe1-4109-91ee-c0ad8c94ad33.pt,2806.0,3308.02294921875,2566.0,2638.59765625,3.0,0.0,1.0,1.102156639099121,503.0,254.40084838867188,128.0,19.207599639892578
exemplar,296,exemplar,exemplar/archive_3/f6040824-accb-468b-8f6b-ef5ae8b186f4.pt,38548.0,48282.6953125,9454.0,47768.4375,2122.0,109.45333862304688,2.0,0.3729467988014221,40.0,168.61846923828125,1.0,36.13362503051758
exemplar,297,exemplar,exemplar/archive_3/fb0ac19f-be36-46bf-8b05-dc7c4c7a44a9.pt,930.0,1216.1015625,31.0,140.59988403320312,5.0,28.105573654174805,0.0,0.46418240666389465,524.0,379.71258544921875,1.0,3.5982718467712402
exemplar,298,exemplar,exemplar/archive_3/fc0f1430-b62b-426d-b513-62314b7bd0ab.pt,5895.0,13291.712890625,6753.0,17217.9375,8.0,27.88196563720703,2.0,1.4940383434295654,328.0,126.36504364013672,96.0,29.24972152709961
exemplar,299,exemplar,exemplar/archive_3/ff750069-8a1a-43e7-805d-ee4732963670.pt,9462.0,13673.8740234375,4241.0,17620.45703125,429.0,31.5175838470459,1.0,1.4259591102600098,24.0,106.69710540771484,1.0,21.05493927001953
exemplar,300,exemplar,exemplar/archive_4/0a377130-21b9-41f1-b1d8-8f948b575b71.pt,884.0,1115.4305419921875,21.0,133.72547912597656,5.0,25.584657669067383,0.0,0.367255300283432,523.0,374.7416076660156,1.0,3.7059073448181152
exemplar,301,exemplar,exemplar/archive_4/189bf1a2-3b24-4280-9e2d-16a482d64e05.pt,26387.0,8101.0869140625,1055.0,790.8868408203125,5.0,9.656821250915527,2.0,5.1785759925842285,544.0,501.9637451171875,11.0,6.603051662445068
exemplar,302,exemplar,exemplar/archive_4/1ddc2346-a367-4cb9-b052-104862f3d153.pt,2620.0,6255.60546875,653.0,1459.9892578125,0.0,0.0,0.0,2.8991527557373047,83.0,49.646121978759766,1.0,2.726433515548706
exemplar,303,exemplar,exemplar/archive_4/2012f675-4b3a-4d44-a52c-533e1a5686ad.pt,44864.0,163581.15625,18266.0,119996.1015625,1959.0,170.9405975341797,6.0,4.614107608795166,286.0,436.921142578125,6.0,37.25700378417969
exemplar,304,exemplar,exemplar/archive_4/218f0836-58b7-4a31-b3e5-feb2e0b8baf5.pt,5224.0,5960.0888671875,7000.0,4473.57666015625,128.0,166.90139770507812,0.0,1.641211748123169,414.0,402.16168212890625,64.0,90.92247009277344
exemplar,305,exemplar,exemplar/archive_4/24828ab5-d6f4-402b-8d0d-1f4316d3f0bc.pt,141266.0,69114.59375,86447.0,73413.4140625,12.0,22.726985931396484,0.0,3.1504194736480713,2986.0,2543.1484375,2908.0,681.4190063476562
exemplar,306,exemplar,exemplar/archive_4/2b3a7651-e925-4edc-8c91-4cce0c803daf.pt,42883.0,28861.955078125,33519.0,30012.5546875,7.0,12.702608108520508,1.0,2.238600254058838,2079.0,1773.990234375,2055.0,562.4339599609375
exemplar,307,exemplar,exemplar/archive_4/2d92e029-54c9-42a8-8400-ff86e21af205.pt,3305.0,5407.7060546875,524.0,1946.22314453125,0.0,3.8602521419525146,0.0,1.2916460037231445,30.0,462.3735656738281,18.0,173.97503662109375
exemplar,308,exemplar,exemplar/archive_4/2f6c8850-6475-4336-b996-f3d0d54f1cb0.pt,141356.0,69114.59375,86396.0,73413.34375,12.0,22.72698211669922,0.0,3.1504175662994385,3036.0,2543.147216796875,2958.0,681.4180297851562
exemplar,309,exemplar,exemplar/archive_4/34caebe1-94b9-4f7c-bf8f-d1f1a14c9ae4.pt,3095.0,3325.79638671875,2700.0,2660.5322265625,5.0,0.0,1.0,1.101424217224121,588.0,255.029541015625,160.0,19.478221893310547
exemplar,310,exemplar,exemplar/archive_4/3824541e-ee56-4d65-9c02-4382bf7c0189.pt,24256.0,65113.73828125,22261.0,35595.73046875,0.0,508.8524169921875,6.0,1.2596946954727173,821.0,54.76092529296875,144.0,6.513022422790527
exemplar,311,exemplar,exemplar/archive_4/3aab06a7-4eae-47b9-848f-f281514dd686.pt,9359.0,11340.9951171875,7911.0,8737.974609375,0.0,0.0,3.0,2.022962808609009,821.0,92.78528594970703,144.0,8.581624984741211
exemplar,312,exemplar,exemplar/archive_4/40416ef5-e7a5-4c4d-918e-702961928757.pt,20988.0,18228.921875,6540.0,16922.68359375,3.0,46.642250061035156,1.0,2.871492862701416,38.0,97.31876373291016,2.0,6.379848480224609
exemplar,313,exemplar,exemplar/archive_4/42238099-ebd6-4d1a-b7e3-eb0e58c08eaf.pt,53538.0,67868.390625,59942.0,74284.390625,133.0,25.07242774963379,4.0,6.7568464279174805,2169.0,2367.812255859375,1906.0,744.0963134765625
exemplar,314,exemplar,exemplar/archive_4/436700eb-9a0b-4657-a1ab-0c897ff2a318.pt,46294.0,30501.310546875,25454.0,37193.9296875,2133.0,74.96659088134766,2.0,1.0078445672988892,43.0,182.17282104492188,2.0,33.11697006225586
exemplar,315,exemplar,exemplar/archive_4/45ce74b6-c127-486c-baa4-e41f747036c4.pt,21993.0,18674.087890625,6696.0,17398.029296875,5.0,47.98367691040039,2.0,2.871769428253174,43.0,98.77310180664062,2.0,6.694794178009033
exemplar,316,exemplar,exemplar/archive_4/48a0e69b-505b-4541-a94e-46f99b98f807.pt,1382.0,2917.41943359375,1337.0,2319.399169921875,2.0,0.0,0.0,0.8689623475074768,521.0,234.1417236328125,192.0,41.29292678833008
exemplar,317,exemplar,exemplar/archive_4/4db9bc2c-66bc-4c7a-9a03-cd0862dc81bf.pt,43456.0,160163.59375,44327.0,110946.4296875,54.0,471.4190673828125,9.0,0.859408974647522,828.0,94.01033020019531,144.0,8.252047538757324
exemplar,318,exemplar,exemplar/archive_4/4fdb2a6b-0614-43ed-97b8-dccd2ff200f7.pt,7448.0,10934.0068359375,8953.0,17371.251953125,3.0,4.250282287597656,3.0,2.5866940021514893,2630.0,859.28125,1024.0,239.82379150390625
exemplar,319,exemplar,exemplar/archive_4/548bf9ee-eff8-4e75-b69a-c9db9b3d72e6.pt,25756.0,9131.681640625,2805.0,645.6644287109375,5.0,12.490345001220703,2.0,4.139695644378662,534.0,501.1712646484375,1.0,4.377962589263916
exemplar,320,exemplar,exemplar/archive_4/585d28bf-c9f5-4ff2-a8ad-c9fc4f31888c.pt,6486.0,18802.8671875,454.0,12995.16015625,430.0,44.24668884277344,1.0,0.753693163394928,18.0,82.24488830566406,1.0,19.071392059326172
exemplar,321,exemplar,exemplar/archive_4/596a91cf-3df6-463f-b1c6-65707df4f7a9.pt,7423.0,11018.36328125,9003.0,17518.578125,5.0,4.280518054962158,3.0,2.6006712913513184,2760.0,896.9446411132812,1024.0,252.43215942382812
exemplar,322,exemplar,exemplar/archive_4/5c9ecfa4-a74b-40cf-af7a-b727ed7ca083.pt,1143.0,2830.099853515625,708.0,578.6261596679688,107.0,151.2877197265625,0.0,1.3700913190841675,270.0,283.915771484375,1.0,4.015540599822998
exemplar,323,exemplar,exemplar/archive_4/64424fcf-ad58-4dc1-82e0-e3868ab87fd6.pt,3130.0,2671.55322265625,2898.0,2485.426025390625,5.0,0.0,2.0,1.0043647289276123,2764.0,527.8184204101562,1024.0,113.30481719970703
exemplar,324,exemplar,exemplar/archive_4/6d55b2ed-ab05-4aba-a4a8-3f15f3dfd306.pt,56938.0,97174.125,8701.0,43029.90625,0.0,407.31549072265625,0.0,0.26308855414390564,89.0,36.45736312866211,2.0,5.168911457061768
exemplar,325,exemplar,exemplar/archive_4/77643d2e-ad72-4bcc-b6e9-1a147858d106.pt,35752.0,79750.640625,57348.0,75695.5234375,149.0,172.47914123535156,7.0,10.933992385864258,862.0,603.3095703125,128.0,37.08414840698242
exemplar,326,exemplar,exemplar/archive_4/78a6191a-884a-46bd-88ca-cc672b209ed2.pt,62771.0,90530.328125,34172.0,78174.171875,1980.0,257.22210693359375,7.0,9.440364837646484,289.0,494.07135009765625,5.0,27.53717803955078
exemplar,327,exemplar,exemplar/archive_4/793ea687-01ef-44be-b851-29489b1d2453.pt,9606.0,13359.3388671875,14135.0,5698.193359375,5.0,7.772616863250732,4.0,6.812549114227295,1080.0,648.8789672851562,160.0,16.62860870361328
exemplar,328,exemplar,exemplar/archive_4/7e1e21b3-d775-40d7-b923-9c251c8ff98f.pt,42926.0,29525.208984375,10071.0,36102.546875,2045.0,74.11370849609375,1.0,1.004150629043579,32.0,176.8032989501953,1.0,32.37397766113281
exemplar,329,exemplar,exemplar/archive_4/81049602-6fd0-431d-9dbd-aef3d91e01e8.pt,7371.0,10934.0068359375,8872.0,17371.251953125,3.0,4.2502827644348145,3.0,2.586693525314331,2628.0,859.28125,1024.0,239.82379150390625
exemplar,330,exemplar,exemplar/archive_4/88b89300-6a68-4bc1-b5ca-e93bef2c30ab.pt,58.0,1643.5341796875,5.0,343.3388366699219,0.0,0.0,0.0,2.2640175819396973,16.0,55.90568161010742,1.0,1.7446813583374023
exemplar,331,exemplar,exemplar/archive_4/898dad40-db7b-47cd-af97-3522c21a66a7.pt,5172.0,7207.49609375,1949.0,2424.42431640625,2.0,15.060286521911621,1.0,2.4180972576141357,49.0,64.9341049194336,12.0,5.993742942810059
exemplar,332,exemplar,exemplar/archive_4/89d891b2-fb1f-42c9-a51c-82cb5df44342.pt,6081.0,16241.1337890625,5590.0,12206.0517578125,2.0,8.333207130432129,0.0,1.170790433883667,310.0,1224.0592041015625,294.0,468.87615966796875
exemplar,333,exemplar,exemplar/archive_4/8b0e6e47-4421-4097-acfc-430e933fda9e.pt,63.0,2101.15185546875,1.0,623.5037841796875,0.0,0.0,0.0,2.267848014831543,12.0,387.790771484375,1.0,70.1273193359375
exemplar,334,exemplar,exemplar/archive_4/8b353157-f769-4d64-a2b9-0ec8c60ed8a1.pt,2664.0,5407.7109375,782.0,1946.22314453125,0.0,3.8602538108825684,0.0,1.2916463613510132,39.0,462.3738098144531,24.0,173.97518920898438
exemplar,335,exemplar,exemplar/archive_4/8c5381e4-a0a9-4d25-8d9f-a7dc0defa1fa.pt,5066.0,5960.0888671875,4598.0,4473.57666015625,128.0,166.90139770507812,0.0,1.6412124633789062,409.0,402.161865234375,64.0,90.92256164550781
exemplar,336,exemplar,exemplar/archive_4/8c92183a-750e-4a40-bed6-f6bf66068a7a.pt,6594.0,15242.4990234375,5240.0,8954.6123046875,4.0,43.03677749633789,0.0,0.39965179562568665,128.0,248.38673400878906,88.0,76.92388153076172
exemplar,337,exemplar,exemplar/archive_4/90a548ee-6183-405f-a8d9-33388f78d5ca.pt,14980.0,20403.126953125,18614.0,26335.671875,7.0,9.681291580200195,3.0,2.9404144287109375,2633.0,1997.03369140625,1024.0,591.573974609375
exemplar,338,exemplar,exemplar/archive_4/914614f2-637f-4b82-88d3-a9493d2e4e55.pt,34508.0,79750.640625,47632.0,75695.5234375,149.0,172.47914123535156,9.0,10.933996200561523,838.0,603.309814453125,128.0,37.08414840698242
exemplar,339,exemplar,exemplar/archive_4/93e7c6b7-e200-4cf5-a00f-14a34b93201c.pt,9091.0,14926.7783203125,7139.0,11208.3759765625,6.0,10.977996826171875,1.0,1.4615398645401,438.0,801.8466796875,423.0,291.311279296875
exemplar,340,exemplar,exemplar/archive_4/9534d794-7535-4fdc-b445-c2419b20ffaf.pt,29208.0,14600.4453125,3870.0,5360.453125,5.0,13.5950288772583,2.0,5.632238388061523,532.0,624.2218627929688,1.0,10.560575485229492
exemplar,341,exemplar,exemplar/archive_4/964aaac0-3bed-4318-bea6-21d50ad72c0e.pt,21176.0,21017.40234375,32593.0,28850.892578125,128.0,8.934895515441895,8.0,7.831121444702148,2889.0,2132.0556640625,1024.0,753.919189453125
exemplar,342,exemplar,exemplar/archive_4/97dbcdf5-c848-49aa-9352-d36fb012c09e.pt,2168.0,8011.84375,290.0,4272.12109375,0.0,0.0,0.0,4.111772537231445,80.0,1335.7825927734375,1.0,190.9210205078125
exemplar,343,exemplar,exemplar/archive_4/98139b78-5b5f-48a0-80de-d9b6e3d24d09.pt,912.0,4162.1181640625,743.0,2822.82470703125,2.0,0.0,0.0,0.9911922216415405,24.0,195.700927734375,1.0,12.974486351013184
exemplar,344,exemplar,exemplar/archive_4/9a1f36d7-2816-4b0f-b8b5-b2e65627cf2e.pt,2738.0,2668.197265625,2633.0,1172.92333984375,5.0,0.0,14.0,0.49875205755233765,537.0,628.4552001953125,3.0,23.977720260620117
exemplar,345,exemplar,exemplar/archive_4/9a6997d9-2bd1-4ff6-9a73-f05621c1f081.pt,21988.0,30306.369140625,24276.0,35225.9375,0.0,6.43922233581543,5.0,3.7952980995178223,6583.0,2733.6083984375,1296.0,467.830322265625
exemplar,346,exemplar,exemplar/archive_4/9ada9795-eb64-47d0-aa19-a9162b706a25.pt,55454.0,41812.796875,9473.0,25284.49609375,2327.0,180.53326416015625,2.0,3.5852928161621094,534.0,685.5693969726562,1.0,47.00246047973633
exemplar,347,exemplar,exemplar/archive_4/9b0c91ce-b9b1-429d-9742-7450ed142395.pt,3275.0,7158.8037109375,3636.0,5883.2841796875,2.0,11.660829544067383,2.0,2.661985397338867,328.0,87.86973571777344,96.0,8.138425827026367
exemplar,348,exemplar,exemplar/archive_4/9c54421a-7338-494a-8474-d9074a9ecf97.pt,2416.0,2830.099853515625,390.0,578.6261596679688,111.0,151.2877197265625,0.0,1.3700919151306152,265.0,283.915771484375,1.0,4.015540599822998
exemplar,349,exemplar,exemplar/archive_4/9d448692-78f8-4d5c-8088-898eb5995a9b.pt,9619.0,14759.04296875,8367.0,11302.5859375,0.0,0.0,4.0,2.95998215675354,6581.0,2215.069091796875,1296.0,455.46685791015625
exemplar,350,exemplar,exemplar/archive_4/9e38eb64-1cfe-4f12-9432-22bdf4a349e1.pt,9207.0,14926.7783203125,6958.0,11208.3759765625,6.0,10.977996826171875,1.0,1.4615402221679688,435.0,801.8470458984375,420.0,291.311279296875
exemplar,351,exemplar,exemplar/archive_4/a391283d-e967-49dc-b6bc-4b02d35e002e.pt,9507.0,14759.04296875,8401.0,11302.5859375,0.0,0.0,4.0,2.95998215675354,6582.0,2215.068115234375,1296.0,455.46685791015625
exemplar,352,exemplar,exemplar/archive_4/a3ea0c4f-3403-453c-81e8-4c9371ba8d41.pt,64857.0,70998.6484375,21215.0,33166.46484375,0.0,1171.743896484375,0.0,0.9665623903274536,101.0,37.213356018066406,2.0,4.32997989654541
exemplar,353,exemplar,exemplar/archive_4/aab521f7-157c-46ec-bffc-c37761dff1db.pt,52704.0,43419.0078125,32026.0,44766.171875,24.0,85.26028442382812,1.0,0.4618377089500427,392.0,203.04708862304688,99.0,46.017723083496094
exemplar,354,exemplar,exemplar/archive_4/ab77bd50-b36b-4b19-913c-cd01ff0e8a94.pt,6695.0,13291.712890625,7690.0,17217.921875,8.0,27.88195037841797,2.0,1.4940388202667236,333.0,126.36504364013672,96.0,29.24972152709961
exemplar,355,exemplar,exemplar/archive_4/acd0fc9a-5e08-4344-88ef-ada264891cb6.pt,59520.0,101130.5625,9351.0,34271.40234375,0.0,1070.2000732421875,0.0,0.11491081863641739,89.0,23.516948699951172,1.0,2.9627466201782227
exemplar,356,exemplar,exemplar/archive_4/ad9bbfab-8ff4-49f3-8d9c-ab37947d788a.pt,29483.0,14600.4453125,4514.0,5360.453125,5.0,13.595026016235352,2.0,5.632241725921631,538.0,624.2218627929688,2.0,10.560575485229492
exemplar,357,exemplar,exemplar/archive_4/b1e95b21-3d49-4f0f-9eb6-fc4835b0816b.pt,3299.0,2445.96484375,4040.0,1097.6005859375,5.0,0.0,0.0,0.4050441384315491,1084.0,616.6444091796875,160.0,23.48452377319336
exemplar,358,exemplar,exemplar/archive_4/b3e352b0-02aa-42e9-b905-77d4b7f1dfd1.pt,3057.0,2651.94140625,2828.0,2430.36572265625,3.0,0.0,2.0,0.9815022945404053,2631.0,509.7373962402344,1024.0,108.74365997314453
exemplar,359,exemplar,exemplar/archive_4/b3ee34d7-b26c-4327-9077-79e2513947cc.pt,345.0,3554.3759765625,297.0,2989.5908203125,0.0,0.0,0.0,1.6424564123153687,17.0,104.4822998046875,1.0,9.046636581420898
exemplar,360,exemplar,exemplar/archive_4/b3ff10dc-d76f-4720-bd29-4bf354efbe46.pt,22877.0,20547.7109375,798.0,8298.326171875,3.0,62.92460632324219,1.0,1.5555613040924072,28.0,74.49778747558594,1.0,5.595067501068115
exemplar,361,exemplar,exemplar/archive_4/b4dfdcc1-4667-49f1-ac5b-183e7ecc2ebc.pt,52.0,1643.5341796875,1.0,343.3388366699219,0.0,0.0,0.0,2.264017343521118,13.0,55.90568161010742,1.0,1.7446813583374023
exemplar,362,exemplar,exemplar/archive_4/b5c285f0-db91-4f79-9db6-e8a7c94edf84.pt,21851.0,21008.18359375,3533.0,8603.359375,5.0,64.71320343017578,2.0,1.5402731895446777,39.0,75.82648468017578,1.0,5.805072784423828
exemplar,363,exemplar,exemplar/archive_4/b624fe6a-af6a-49d1-9462-76d216decf06.pt,13427.0,27288.39453125,16969.0,34950.93359375,24.0,56.95600891113281,5.0,1.1252305507659912,507.0,217.6880340576172,128.0,43.233211517333984
exemplar,364,exemplar,exemplar/archive_4/b8f39c72-91d2-4d02-b05c-57c42cb15022.pt,2269.0,2650.8701171875,1696.0,1137.194580078125,109.0,43.688194274902344,0.0,2.431778907775879,272.0,794.97314453125,1.0,14.65053653717041
exemplar,365,exemplar,exemplar/archive_4/bba17e96-bfc6-4f7b-a3b3-e191e54db17e.pt,14842.0,27288.369140625,17106.0,34950.8984375,24.0,56.95598220825195,5.0,1.125231385231018,505.0,217.68814086914062,128.0,43.233211517333984
exemplar,366,exemplar,exemplar/archive_4/c0318fb8-5cf4-4868-a6e3-376c95dee192.pt,6459.0,8930.0654296875,230.0,2887.086669921875,2.0,21.36652374267578,1.0,2.301004648208618,18.0,46.83902359008789,1.0,2.9841737747192383
exemplar,367,exemplar,exemplar/archive_4/c21d74eb-cbc9-46a8-8b36-055d46bcd75f.pt,15484.0,28208.97265625,17459.0,36039.04296875,26.0,57.9222412109375,6.0,1.1266896724700928,591.0,224.07427978515625,160.0,43.90074157714844
exemplar,368,exemplar,exemplar/archive_4/c3db69c9-fbf2-4375-ae82-034c48a2402e.pt,8039.0,13865.0546875,8344.0,15550.787109375,5.0,27.85704803466797,4.0,3.143705129623413,587.0,145.6085662841797,160.0,15.270747184753418
exemplar,369,exemplar,exemplar/archive_4/c450d8f6-023f-4ab0-85f6-0934c9d8e967.pt,402.0,2837.814697265625,354.0,2496.162353515625,0.0,0.0,0.0,1.9946789741516113,19.0,116.09898376464844,1.0,9.454484939575195
exemplar,370,exemplar,exemplar/archive_4/c5aa81c6-cac5-44db-bb2d-0450c909ea9f.pt,64637.0,35331.75390625,46157.0,32423.486328125,10.0,27.66482925415039,2.0,4.64534330368042,2214.0,1724.143310546875,1691.0,448.24322509765625
exemplar,371,exemplar,exemplar/archive_4/ca4b5a45-6965-4ecb-9d2e-38ddff7463e5.pt,9741.0,14371.75390625,14518.0,16902.73046875,5.0,4.542781829833984,3.0,7.343259811401367,2872.0,1269.644775390625,1024.0,271.75732421875
exemplar,372,exemplar,exemplar/archive_4/cc1c90d0-9335-4c05-bf3a-b750ec5adc20.pt,3275.0,7158.8037109375,3636.0,5883.2841796875,2.0,11.660833358764648,2.0,2.661986827850342,328.0,87.86973571777344,96.0,8.13841724395752
exemplar,373,exemplar,exemplar/archive_4/cc2d357e-c3ae-491b-b7d7-703727137e95.pt,20159.0,20277.3046875,35143.0,15147.720703125,128.0,63.5478630065918,6.0,10.475349426269531,856.0,539.4658203125,128.0,70.79557037353516
exemplar,374,exemplar,exemplar/archive_4/cd22e983-c9c3-4d45-929b-a53cb807295c.pt,5147.0,16153.8681640625,1377.0,8986.216796875,267.0,54.25461959838867,0.0,0.3839648962020874,20.0,206.46771240234375,1.0,57.48573303222656
exemplar,375,exemplar,exemplar/archive_4/d2dd5e51-59c3-41f2-aa1b-e0f82ffe6545.pt,7939.0,13865.0546875,8237.0,15550.787109375,5.0,27.85706329345703,4.0,3.143705129623413,584.0,145.6085662841797,160.0,15.270731925964355
exemplar,376,exemplar,exemplar/archive_4/d89b0478-e5aa-475d-af6f-3e044a842d22.pt,23288.0,11405.546875,3553.0,9528.873046875,5.0,5.554352760314941,2.0,2.2518997192382812,81.0,704.212646484375,53.0,157.63546752929688
exemplar,377,exemplar,exemplar/archive_4/d8f74d4e-05f1-4955-86f0-830ca762b176.pt,10390.0,14371.75390625,14642.0,16902.73046875,5.0,4.542781829833984,3.0,7.34326171875,2875.0,1269.644775390625,1024.0,271.7572021484375
exemplar,378,exemplar,exemplar/archive_4/d9f93158-6ccc-4d2b-a170-237f34ce5331.pt,4848.0,16153.8681640625,532.0,8986.216796875,281.0,54.25459289550781,0.0,0.3839653730392456,14.0,206.46780395507812,1.0,57.48573303222656
exemplar,379,exemplar,exemplar/archive_4/da3f016e-20ab-4fd7-952a-595b8f71f7af.pt,22664.0,14613.1220703125,1522.0,7012.79833984375,3.0,37.35909652709961,1.0,2.2048604488372803,41.0,117.87645721435547,10.0,11.445789337158203
exemplar,380,exemplar,exemplar/archive_4/db688f60-06c1-4a90-9135-f24939f749c1.pt,86.0,1935.8424072265625,5.0,376.101806640625,2.0,0.0,0.0,1.1238716840744019,15.0,120.92100524902344,1.0,1.871254324913025
exemplar,381,exemplar,exemplar/archive_4/de2b487d-3146-4596-8935-9b3df1e70a4f.pt,7720.0,13505.33203125,8021.0,15008.2890625,3.0,27.126646041870117,4.0,3.133201837539673,500.0,143.576904296875,128.0,14.559076309204102
exemplar,382,exemplar,exemplar/archive_4/deae57f3-6e32-43b3-82ae-eb94666b0ec5.pt,68.0,1643.5341796875,1.0,343.3388366699219,0.0,0.0,0.0,2.26401686668396,12.0,55.90568161010742,1.0,1.7446813583374023
exemplar,383,exemplar,exemplar/archive_4/dff07353-88f8-4592-9a88-cda83160792d.pt,44477.0,160163.59375,44202.0,110946.4296875,54.0,471.4190673828125,9.0,0.8594085574150085,828.0,94.01033020019531,144.0,8.252052307128906
exemplar,384,exemplar,exemplar/archive_4/e276239b-fb1a-42fe-a821-26f171cd3740.pt,7705.0,5252.48291015625,10113.0,5358.3984375,128.0,47.23371887207031,2.0,2.9738028049468994,3010.0,1086.0987548828125,1024.0,207.56863403320312
exemplar,385,exemplar,exemplar/archive_4/e950ae24-8149-4902-abb3-92bbe2aecd63.pt,1400.0,2917.41796875,1336.0,2319.399169921875,2.0,0.0,0.0,0.8689630031585693,521.0,234.1416015625,192.0,41.292945861816406
exemplar,386,exemplar,exemplar/archive_4/eaba7bd5-f8e5-45c7-8194-e722f3af20ff.pt,2340.0,6255.61181640625,218.0,1459.9892578125,0.0,0.0,0.0,2.8991518020629883,79.0,49.646121978759766,1.0,2.7264318466186523
exemplar,387,exemplar,exemplar/archive_4/ead2ec1e-40d8-4acc-91c8-0d319af0c066.pt,55689.0,44802.09375,31223.0,46439.92578125,27.0,86.5943374633789,2.0,0.46629101037979126,402.0,209.4092254638672,105.0,47.401329040527344
exemplar,388,exemplar,exemplar/archive_4/eb5a1ea8-c51d-4bb9-b7b4-75eed4853c86.pt,20451.0,20277.3046875,34313.0,15147.720703125,128.0,63.54789352416992,6.0,10.47535514831543,857.0,539.4658203125,128.0,70.79563903808594
exemplar,389,exemplar,exemplar/archive_4/ebce0d5b-5f05-4508-8ee8-3f25e158eb65.pt,7101.0,12681.8466796875,3358.0,17585.83984375,307.0,6.19474983215332,0.0,1.8807092905044556,15.0,1534.4736328125,1.0,736.7139892578125
exemplar,390,exemplar,exemplar/archive_4/ecd4a3ae-951b-4cf2-9c32-79bbf5637673.pt,3041.0,4254.38232421875,1909.0,3168.009765625,5.0,0.0,0.0,0.9668484330177307,40.0,241.1179962158203,3.0,21.55030632019043
exemplar,391,exemplar,exemplar/archive_4/ed65d0b7-0b0c-4b25-b9b3-bba6415e835f.pt,56036.0,44802.09375,34149.0,46439.92578125,27.0,86.5943374633789,2.0,0.46629101037979126,398.0,209.4092254638672,101.0,47.40130615234375
exemplar,392,exemplar,exemplar/archive_4/ef021cd3-8378-4d1e-9f1f-070602c5f684.pt,64588.0,35331.75390625,47501.0,32423.486328125,10.0,27.66482925415039,2.0,4.64534330368042,2228.0,1724.143310546875,1704.0,448.24322509765625
exemplar,393,exemplar,exemplar/archive_4/ef2865d0-3f5b-4b1f-8655-ff7d550736c2.pt,132.0,1935.840576171875,42.0,376.10107421875,2.0,0.0,0.0,1.123873233795166,18.0,120.92106628417969,1.0,1.8712515830993652
exemplar,394,exemplar,exemplar/archive_4/efa78183-092f-4770-86fd-d318cda4daa2.pt,9862.0,13673.8740234375,5912.0,17620.45703125,425.0,31.5175838470459,1.0,1.4259579181671143,29.0,106.69710540771484,2.0,21.054920196533203
exemplar,395,exemplar,exemplar/archive_4/f1369026-b6ce-4401-8f3a-9079a7bb9cfb.pt,64836.0,90530.328125,52517.0,78174.171875,1977.0,257.22198486328125,4.0,9.440364837646484,313.0,494.07110595703125,9.0,27.53716468811035
exemplar,396,exemplar,exemplar/archive_4/f2ac7800-495d-44fc-81ae-b3c9fdc3656d.pt,65321.0,70998.578125,21362.0,33166.3984375,0.0,1171.751708984375,0.0,0.9665661454200745,101.0,37.213356018066406,2.0,4.32991886138916
exemplar,397,exemplar,exemplar/archive_4/f9012451-79a9-4be9-be03-9b56617d2e21.pt,5018.0,5960.0888671875,4604.0,4473.57666015625,128.0,166.90139770507812,0.0,1.6412127017974854,409.0,402.16168212890625,64.0,90.92256164550781
exemplar,398,exemplar,exemplar/archive_4/f91aaca3-3e17-40f5-8dbc-f91b66fb6ff6.pt,14813.0,20771.619140625,18681.0,26732.0,9.0,9.71379566192627,3.0,2.9859542846679688,2767.0,2043.0740966796875,1024.0,597.6619873046875
exemplar,399,exemplar,exemplar/archive_4/fe7e730c-d073-4096-b2ee-40007ede4bd8.pt,26547.0,14600.4453125,5472.0,5360.45849609375,5.0,13.595026016235352,2.0,5.6322455406188965,538.0,624.2218627929688,2.0,10.560565948486328
