split,dataset_index,kernel_family,tensor_path,target_lut,prediction_lut,target_ff,prediction_ff,target_dsp,prediction_dsp,target_bram,prediction_bram,target_cycles_max,prediction_cycles_max,target_interval_max,prediction_interval_max
test,5,2layer,2layer/archive_1/0e501e7a-8a7e-4233-a38f-8c4299d1b20b.pt,4427.0,6849.93212890625,4642.0,5519.5927734375,2.0,1.881112813949585,0.5,0.8152399063110352,1412.0,1696.71240234375,1280.0,1163.916015625
test,9,2layer,2layer/archive_1/18280638-35c3-4ac7-877a-fe029f413ead.pt,18331.0,18263.5,16012.0,14924.4296875,0.0,0.0,6.0,2.8245344161987305,3877.0,3811.3251953125,2464.0,2046.4239501953125
test,10,2layer,2layer/archive_1/193f123f-9fe7-4326-a99f-46cbe91f2168.pt,10682.0,9077.0703125,8613.0,7237.23486328125,0.0,0.0,1.5,1.4432607889175415,4037.0,3290.627197265625,2496.0,2183.839599609375
test,13,2layer,2layer/archive_1/28f27352-4968-4846-8e24-fbf005003fc0.pt,21462.0,21915.66796875,14645.0,14913.458984375,3.0,4.181146621704102,3.0,2.1396236419677734,8965.0,7413.0478515625,5120.0,3843.9638671875
test,16,2layer,2layer/archive_1/3837a7d5-0c0e-4596-8191-a70ace44a780.pt,10282.0,8664.6767578125,7961.0,7924.1123046875,1.0,0.8828924894332886,1.0,1.1122007369995117,1605.0,1915.974853515625,960.0,1273.089111328125
test,23,2layer,2layer/archive_1/5902f8e5-9539-4fef-b6d3-2d59841dfa35.pt,23650.0,23216.640625,15141.0,15376.5380859375,6.0,5.112995624542236,1.5,1.5657336711883545,3957.0,4212.46142578125,2496.0,2197.45556640625
test,31,2layer,2layer/archive_1/6a7ab3f1-833f-4330-9401-1daee0b9b457.pt,20970.0,20704.17578125,13102.0,13574.08203125,4.0,3.570185422897339,2.0,1.8693997859954834,5381.0,6036.8251953125,2912.0,3391.269287109375
test,33,2layer,2layer/archive_1/6fdbe1c4-08f0-46fa-ac3d-070d8b7126e9.pt,20185.0,19434.470703125,15404.0,15184.2431640625,0.0,0.0,1.5,1.7836949825286865,4325.0,3995.921142578125,2304.0,2067.22021484375
test,36,2layer,2layer/archive_1/78e928e4-f7e4-40c9-b6b4-8fd5186928b1.pt,21070.0,21040.40625,17217.0,16744.349609375,0.0,0.0,3.0,2.457052230834961,8197.0,7671.4892578125,5120.0,4152.40234375
test,39,2layer,2layer/archive_1/80236500-af6b-41d2-a063-6bdd779fca11.pt,23743.0,21990.70703125,16289.0,17836.677734375,0.0,0.0,8.0,4.841211318969727,1989.0,1976.4669189453125,1024.0,1029.5142822265625
test,40,2layer,2layer/archive_1/80788302-2292-4caa-a003-821aed591a4a.pt,25839.0,27533.31640625,19958.0,19200.51171875,0.0,0.0,1.0,1.9208588600158691,3589.0,3945.845947265625,1792.0,1947.8236083984375
test,45,2layer,2layer/archive_1/8491a254-4f47-453e-8a27-5b6e15733e2d.pt,19810.0,19249.119140625,12208.0,12549.158203125,4.0,3.2164878845214844,2.0,1.819459080696106,4709.0,5967.005859375,2464.0,3338.40625
test,50,2layer,2layer/archive_1/8fa8fee2-a29c-49de-af50-ddba5830bd36.pt,24892.0,22720.34765625,17980.0,17662.16796875,0.0,0.0,4.5,3.1438660621643066,6725.0,5599.79541015625,3840.0,3055.6474609375
test,58,2layer,2layer/archive_1/a77cb707-ea79-4f1c-b0be-3c48ad115929.pt,13875.0,13224.53125,9757.0,9560.689453125,6.0,5.805002212524414,1.0,0.9660083055496216,2117.0,2020.10693359375,1152.0,1040.2904052734375
test,74,2layer,2layer/archive_1/cd02c6b2-1a29-4fdd-9daf-92dc46e656fe.pt,30122.0,27687.783203125,15300.0,16472.478515625,14.0,12.831457138061523,7.0,2.663356065750122,2085.0,2147.62646484375,1120.0,1128.8616943359375
test,85,2layer,2layer/archive_1/e2d32045-fe85-41fa-87fd-34469cfd2b33.pt,17230.0,19649.228515625,12142.0,13823.673828125,4.0,4.612262725830078,2.0,1.5374501943588257,3845.0,3461.931884765625,1920.0,1870.250732421875
test,88,2layer,2layer/archive_1/e71cebc8-9c8d-4db4-af21-b5ffd3e7d1e9.pt,6342.0,8053.453125,6039.0,6163.31298828125,2.0,2.076476812362671,1.0,0.8497066497802734,2501.0,2668.204833984375,1920.0,1697.334228515625
test,105,2layer,2layer/archive_2/0e95ad61-8028-4bb9-ae14-0e6e4725adec.pt,25490.0,25399.5390625,14706.0,16196.0439453125,8.0,7.299683570861816,1.0,1.496914267539978,3461.0,4626.20263671875,1872.0,2243.162841796875
test,110,2layer,2layer/archive_2/1d49f5b4-a149-4735-93ae-1354280d2181.pt,21138.0,24541.1328125,12730.0,14426.025390625,9.0,9.427143096923828,1.0,1.0494954586029053,2309.0,2164.54541015625,1280.0,1126.215087890625
test,118,2layer,2layer/archive_2/2b5bcf33-a7e5-455b-a676-40dc80ad105e.pt,18960.0,17947.9375,11225.0,11331.1455078125,3.0,2.7487049102783203,2.0,1.7073358297348022,4965.0,5211.078125,2560.0,3234.571044921875
test,129,2layer,2layer/archive_2/47a23286-3cd6-4917-bebc-c3c14fe64538.pt,12763.0,12594.4462890625,10536.0,9228.1494140625,2.0,1.969282627105713,1.0,1.4388381242752075,2117.0,3868.197021484375,1408.0,2430.692626953125
test,138,2layer,2layer/archive_2/5d0eb902-1bc3-48ca-b0d4-3d6de45181de.pt,24382.0,23599.92578125,18225.0,18746.91015625,0.0,0.0,2.5,2.750753402709961,8165.0,8154.81884765625,5280.0,4259.9169921875
test,140,2layer,2layer/archive_2/65ee1758-1d06-491d-a879-bc81bb7249f9.pt,9340.0,9012.7060546875,6908.0,7005.13720703125,3.0,2.6011838912963867,1.0,0.9066303372383118,2021.0,1988.9451904296875,1152.0,1109.9840087890625
test,148,2layer,2layer/archive_2/7e1727a1-0ff8-4992-b05a-0691712f8fd0.pt,22263.0,22714.1953125,14885.0,15277.1953125,6.0,5.476166725158691,1.5,1.5635032653808594,3541.0,3948.21435546875,2080.0,2091.9111328125
test,150,2layer,2layer/archive_2/802b8c33-0ab8-4651-ba3e-c0c35f7cfe79.pt,31673.0,30518.85546875,19693.0,19605.462890625,7.0,7.733023643493652,1.5,1.9280062913894653,5125.0,5060.71142578125,3072.0,2937.44189453125
test,152,2layer,2layer/archive_2/835d1772-8af4-491d-969a-1590057430d9.pt,10199.0,10284.4375,6318.0,6877.939453125,2.0,1.9115251302719116,1.0,1.0883675813674927,1925.0,2436.34130859375,1408.0,1655.152587890625
test,162,2layer,2layer/archive_2/92a3099f-2ff0-4f81-a4f5-3e4983dee369.pt,20273.0,16785.41015625,13937.0,12230.103515625,2.0,2.3248801231384277,1.5,1.8311213254928589,5381.0,5345.314453125,3584.0,3365.708251953125
test,173,2layer,2layer/archive_2/bfa0bcb1-a253-411f-be39-71dd5517df73.pt,18753.0,19610.380859375,13648.0,15339.40625,0.0,0.0,3.0,2.614163398742676,3717.0,4143.65771484375,1920.0,2079.62841796875
test,174,2layer,2layer/archive_2/c2bd5389-a08c-42ec-8b3c-5e01479d314d.pt,13609.0,14553.3984375,12664.0,11358.228515625,0.0,0.0,2.5,1.8502159118652344,6149.0,5142.609375,5376.0,3424.376220703125
test,180,2layer,2layer/archive_2/cc5668f5-d37e-49ec-876f-52d4173ccde5.pt,19022.0,19729.9375,11885.0,13099.9765625,4.0,3.7418928146362305,1.0,1.495832085609436,3717.0,4014.244384765625,1920.0,2185.056640625
test,185,2layer,2layer/archive_2/d6f6caf0-10ec-4d93-ad62-95a7beaec004.pt,13306.0,13201.796875,7571.0,8025.16650390625,2.0,1.9219046831130981,1.5,1.3511062860488892,3077.0,3766.040771484375,2496.0,2559.85107421875
test,188,2layer,2layer/archive_2/e5344317-1ff4-480a-9e6f-b91dcb1fc112.pt,26475.0,25699.93359375,15665.0,16335.755859375,10.0,9.992193222045898,1.5,1.3157867193222046,3525.0,3648.41455078125,2112.0,2010.5625
test,191,2layer,2layer/archive_2/ecf1f155-c2ee-4cac-bb25-b90e33da8203.pt,17569.0,17301.064453125,10860.0,11315.72265625,6.0,7.322813987731934,1.0,1.1503264904022217,2469.0,2077.192138671875,1344.0,1063.3895263671875
test,193,2layer,2layer/archive_2/f2428e9d-edd8-42e7-99c6-e046e4644daf.pt,16523.0,17604.064453125,12656.0,13206.607421875,0.0,0.0,2.5,2.2424378395080566,6341.0,5738.375,3456.0,3002.598876953125
test,198,2layer,2layer/archive_2/fe60de96-e0a9-4ea9-8814-8ce712e4cdfc.pt,21443.0,22347.275390625,16272.0,17047.529296875,0.0,0.0,4.5,2.73698091506958,5205.0,3871.571044921875,2704.0,2155.181396484375
test,201,2layer,2layer/archive_3/0956ec5b-0763-4499-a2a8-9a9a04a35bf3.pt,17678.0,16653.37890625,11296.0,12263.451171875,0.0,0.0,2.0,1.3379148244857788,2149.0,1960.737548828125,1248.0,1056.019287109375
test,212,2layer,2layer/archive_3/24ea1913-f519-412c-ad65-b98cebea76f5.pt,14996.0,13789.818359375,10618.0,9796.703125,0.0,0.0,2.0,1.6949784755706787,6149.0,4756.67333984375,3840.0,3116.321044921875
test,229,2layer,2layer/archive_3/526cd48b-c15d-4ced-9692-a7198315280f.pt,15522.0,14914.75390625,9324.0,9374.498046875,0.0,0.0,1.5,1.437894582748413,4229.0,3580.97998046875,3072.0,2459.645263671875
test,231,2layer,2layer/archive_3/5584b981-88c7-47dc-ae9f-6f9de8af9049.pt,18738.0,20295.4140625,12289.0,13846.751953125,8.0,7.000532150268555,5.0,3.721994638442993,2165.0,2007.33935546875,1280.0,1069.8885498046875
test,236,2layer,2layer/archive_3/64a73bab-f3a9-4a81-8efe-0260acfe8919.pt,9006.0,8435.5283203125,5686.0,5697.9052734375,2.0,2.0166308879852295,1.0,0.7850755453109741,1669.0,1751.6446533203125,1152.0,1219.2115478515625
test,247,2layer,2layer/archive_3/76c63687-fb2b-4102-8cf7-6600c48ac04c.pt,14930.0,15037.50390625,11255.0,11011.5869140625,0.0,0.0,2.0,1.928755760192871,6341.0,6520.89892578125,4608.0,3845.295166015625
test,249,2layer,2layer/archive_3/7fa826ee-4602-4d40-a55b-e7230afc70e9.pt,24914.0,26947.041015625,14010.0,16077.6630859375,12.0,13.581822395324707,1.0,1.1241569519042969,2165.0,2159.731689453125,1152.0,1058.3302001953125
test,262,2layer,2layer/archive_3/96ddafdb-c1a1-464d-a77e-1f6956a91deb.pt,29596.0,24489.6484375,15628.0,15450.009765625,10.0,10.135190963745117,1.0,4.02755880355835,2397.0,2078.591796875,1248.0,1134.7288818359375
test,264,2layer,2layer/archive_3/98c7083e-8b81-4b46-99a6-9214ede4dd8c.pt,30491.0,29136.529296875,17939.0,19283.240234375,4.0,5.854499816894531,3.0,2.3494455814361572,10213.0,8288.177734375,5280.0,4040.94580078125
test,265,2layer,2layer/archive_3/9a8a2054-ac77-4816-b009-5dcfec1f31aa.pt,15698.0,16677.5859375,10446.0,10771.6748046875,6.0,6.990009784698486,1.0,1.372179388999939,1541.0,1869.915283203125,1024.0,1111.2965087890625
test,280,2layer,2layer/archive_3/d29cbb53-9b53-4cae-a12a-8f9a4e920a10.pt,4556.0,4589.97900390625,5050.0,4812.35595703125,2.0,2.635019063949585,1.0,1.2761632204055786,1029.0,1216.8330078125,832.0,782.42236328125
test,293,2layer,2layer/archive_3/f59f9642-8d8b-4cbc-a4c8-80b378b8e6c0.pt,17557.0,19146.3671875,13243.0,12891.4169921875,4.0,4.160552978515625,1.5,1.347406268119812,4101.0,3784.291748046875,2304.0,2134.634765625
test,306,2layer,2layer/archive_4/098f434f-1b68-491d-94cf-03f1cfe0cfa1.pt,16849.0,17785.564453125,12066.0,13027.7978515625,0.0,0.0,2.5,2.096858024597168,5765.0,5431.7861328125,3200.0,3014.2626953125
test,310,2layer,2layer/archive_4/1be5c2a5-5b49-4f8c-9fb6-0b444f6b85e4.pt,24409.0,25797.47265625,17864.0,18857.462890625,0.0,0.0,2.5,2.7865753173828125,8517.0,8024.09521484375,4928.0,4169.291015625
test,315,2layer,2layer/archive_4/247e4213-8ae5-462d-b957-a9f783755031.pt,10996.0,10571.4462890625,7502.0,7255.5576171875,0.0,0.0,1.5,1.321696400642395,3333.0,3219.26220703125,2560.0,2315.627197265625
test,316,2layer,2layer/archive_4/25b1fddf-e065-4fea-b31e-274ba799605a.pt,22869.0,24847.888671875,17850.0,16928.30078125,9.0,9.251928329467773,1.0,1.7575308084487915,2821.0,3183.13232421875,1792.0,1723.330810546875
test,337,2layer,2layer/archive_4/62878700-1b8b-452f-8cfd-c1c35028130d.pt,36022.0,37348.05078125,19075.0,21369.6796875,26.0,23.324880599975586,15.0,4.0272321701049805,1733.0,2261.1123046875,896.0,1086.115234375
test,354,2layer,2layer/archive_4/8f67864f-c9d4-45ad-8c91-a0d544c15b4c.pt,20398.0,20734.408203125,11867.0,13264.9921875,8.0,6.931570529937744,1.0,1.1845204830169678,1861.0,2187.215576171875,960.0,1046.8192138671875
test,356,2layer,2layer/archive_4/936a8ff7-7ebb-4277-ab21-b9de8be46fc5.pt,17358.0,17376.953125,14011.0,13745.1083984375,0.0,0.0,3.0,2.5989272594451904,1877.0,2014.76611328125,1040.0,1002.6871337890625
test,374,2layer,2layer/archive_4/bdceb934-f44d-47a5-a407-bba9907dde42.pt,13311.0,13987.1953125,8418.0,8939.7548828125,2.0,1.8970142602920532,1.5,1.6491180658340454,4165.0,5188.357421875,3520.0,3404.513671875
test,376,2layer,2layer/archive_4/c0408fb1-d997-4a14-b9cb-fcc363e2e63f.pt,12889.0,11945.97265625,10881.0,8864.3251953125,0.0,0.0,1.5,1.8647392988204956,1765.0,1585.807861328125,1056.0,925.7401123046875
test,378,2layer,2layer/archive_4/c4b52d21-e3b2-4ad5-b29b-7aeea1cd9169.pt,14894.0,15340.416015625,12834.0,12752.8017578125,0.0,0.0,2.5,2.444784164428711,7173.0,5749.1572265625,3584.0,3153.469970703125
test,383,2layer,2layer/archive_4/cf3f2c09-b079-49cc-a2c9-be50e9340c14.pt,16564.0,18277.14453125,13693.0,12821.1455078125,2.0,2.400848627090454,1.5,1.801879644393921,4485.0,4942.38671875,2688.0,2975.767578125
test,385,2layer,2layer/archive_4/d3bb67b0-53b9-4d26-a700-f081ba4bdbb6.pt,13619.0,13846.66015625,10495.0,10479.5009765625,0.0,0.0,2.0,1.8905653953552246,6917.0,6736.826171875,3456.0,3740.94482421875
test,386,2layer,2layer/archive_4/d630ae52-0bde-447d-9b3b-458df1884f34.pt,11508.0,10998.529296875,6566.0,7105.23388671875,2.0,2.406663179397583,1.5,1.0562394857406616,1221.0,1888.3465576171875,896.0,1391.7369384765625
test,391,2layer,2layer/archive_4/e45b7645-39d0-4cd5-83d9-2306a1618dc4.pt,23966.0,23544.6015625,18168.0,18821.330078125,0.0,0.0,2.5,2.775207042694092,8165.0,8415.30078125,4800.0,4292.64404296875
test,392,2layer,2layer/archive_4/f1f196d5-1325-4225-893b-f7fa6e75ed62.pt,20477.0,22261.421875,15197.0,15195.35546875,6.0,5.595853805541992,3.5,1.7177246809005737,3749.0,3887.814453125,2080.0,1992.6778564453125
test,393,2layer,2layer/archive_4/f1fa0476-2eb3-4fce-8070-80b3bcd31c66.pt,14528.0,13436.775390625,8802.0,8292.400390625,3.0,2.9715373516082764,2.0,1.1720200777053833,2437.0,2639.51513671875,1920.0,1887.738525390625
test,397,2layer,2layer/archive_4/f8ca8e8f-370f-483d-a7eb-4e709b42d7e1.pt,3840.0,5307.65673828125,4521.0,5634.91748046875,2.0,2.195044755935669,0.5,0.7159920930862427,900.0,1374.384521484375,832.0,1071.9161376953125
test,800,3layer,3layer/archive_1/0024ccb6-93d3-4d05-b42a-dcd082b9fb71.pt,16496.0,16035.6572265625,14252.0,13755.6396484375,3.0,3.195810556411743,2.5,2.093885660171509,6472.0,5934.26171875,2880.0,2901.380859375
test,803,3layer,3layer/archive_1/075ba7e2-686c-4d8c-8154-801a8c763333.pt,9233.0,8554.6982421875,8509.0,7831.53564453125,3.0,2.55572509765625,1.5,1.280375599861145,2632.0,2651.2431640625,1344.0,1485.10888671875
test,806,3layer,3layer/archive_1/1779f702-f865-451f-89d0-4f6b42a09e77.pt,25151.0,24365.98828125,20528.0,19723.59765625,0.0,0.0,2.0,2.3019723892211914,2984.0,2781.806640625,1120.0,1055.035888671875
test,810,3layer,3layer/archive_1/1becf3c5-7c0f-49df-bdca-22bd47ef0f94.pt,33780.0,33088.9296875,25025.0,25880.173828125,0.0,0.0,9.5,3.872516393661499,2464.0,2966.275390625,896.0,1059.2257080078125
test,822,3layer,3layer/archive_1/4f415d2a-8a37-4458-9923-fe4ae65d193c.pt,17298.0,18814.5625,13192.0,13306.2109375,4.0,4.948305130004883,1.5,1.462723970413208,3016.0,2596.02685546875,1280.0,1064.304931640625
test,834,3layer,3layer/archive_1/6677bec8-2c88-4ce9-89c6-8588190f1b63.pt,31188.0,28191.54296875,22330.0,20058.705078125,6.0,5.362802982330322,2.5,2.497650623321533,5944.0,7121.25244140625,2816.0,3054.936279296875
test,836,3layer,3layer/archive_1/6a93c56c-3a7d-4fb0-aa09-acf3c5c8cef0.pt,37935.0,39011.75,22505.0,23744.052734375,20.0,17.494428634643555,1.5,1.759258508682251,2632.0,2951.1884765625,960.0,1046.378173828125
test,842,3layer,3layer/archive_1/7dff1db2-d16a-4a01-829b-05b72a41623c.pt,28802.0,28585.82421875,20556.0,20396.103515625,4.0,4.606622695922852,3.0,3.02718448638916,10824.0,9614.18359375,3840.0,4223.87255859375
test,845,3layer,3layer/archive_1/85da7610-5409-4ed2-b342-2d09b3584690.pt,44187.0,40308.80859375,22532.0,23942.638671875,20.0,18.634288787841797,1.5,1.7678786516189575,2752.0,2919.16650390625,1144.0,1102.36376953125
test,847,3layer,3layer/archive_1/8a954d90-0bd3-4c11-ba3a-fba78f17ae0e.pt,56373.0,46674.453125,29336.0,28839.943359375,13.0,15.635772705078125,3.0,2.3897042274475098,6872.0,5930.6455078125,2640.0,2051.392333984375
test,853,3layer,3layer/archive_1/92d982a4-b98e-4746-bdec-60cb53775183.pt,21093.0,20478.140625,14828.0,15407.056640625,9.0,8.269597053527832,2.0,3.78139591217041,2568.0,2497.770263671875,896.0,1000.9345703125
test,856,3layer,3layer/archive_1/9421bcba-aa11-4638-97d1-9a26a8309e94.pt,18172.0,20523.77734375,17338.0,16189.0791015625,0.0,0.0,5.0,2.323734998703003,8647.0,6968.72412109375,4160.0,3731.361083984375
test,878,3layer,3layer/archive_1/c931f125-d81f-4ad7-8deb-3fedba17c28a.pt,24123.0,24574.15625,17913.0,18696.30859375,4.0,4.656855583190918,2.5,2.772103786468506,8264.0,7695.857421875,3840.0,3284.044921875
test,881,3layer,3layer/archive_1/ce352bfc-bbec-4951-8281-f01f2aef7e78.pt,33612.0,33595.28125,25132.0,23854.181640625,18.0,16.559965133666992,31.5,9.741984367370605,2952.0,2687.994384765625,1152.0,1080.56005859375
test,896,3layer,3layer/archive_1/f1316787-264b-4558-83f8-97dc77bdfb14.pt,20085.0,18246.62890625,13156.0,13478.12890625,0.0,0.0,2.0,1.8411099910736084,4424.0,5135.8984375,3072.0,3310.1064453125
test,906,3layer,3layer/archive_2/1aa82de7-cb5d-4b40-83ec-5d06eeb961d7.pt,17256.0,18450.021484375,12363.0,13751.232421875,4.0,3.536360263824463,4.0,2.0796985626220703,3752.0,4416.53125,2080.0,2621.6650390625
test,909,3layer,3layer/archive_2/1cb93ea5-5bd1-4044-9d56-c6d7c3f82adb.pt,44754.0,39253.8515625,28149.0,26318.322265625,5.0,7.246805191040039,9.0,3.390101432800293,14984.0,10263.2529296875,5408.0,4162.52734375
test,910,3layer,3layer/archive_2/212e820a-7f1a-4ca0-846a-920f20a79783.pt,40991.0,37707.9921875,28078.0,26775.5546875,26.0,27.35829734802246,36.5,15.976394653320312,2840.0,2350.619140625,1040.0,889.2484130859375
test,932,3layer,3layer/archive_2/52946797-a7fd-484d-a2e8-1d16801f50c7.pt,42780.0,39000.5546875,23203.0,25048.107421875,10.0,11.622145652770996,2.5,2.272749900817871,6312.0,6381.13623046875,2560.0,2271.454345703125
test,933,3layer,3layer/archive_2/542d7695-0143-4f00-adf6-51d6b975289a.pt,19429.0,19554.763671875,13907.0,15333.0,0.0,0.0,1.5,1.8014792203903198,2568.0,2812.126953125,896.0,1117.3262939453125
test,936,3layer,3layer/archive_2/5ceabaab-17e3-4e32-97e2-3b2c322edf2a.pt,7805.0,9316.7021484375,7444.0,7194.158203125,0.0,0.0,1.0,1.178856611251831,1990.0,2309.231201171875,1536.0,1459.1868896484375
test,938,3layer,3layer/archive_2/5efe7324-c1c2-4a88-9406-6ea781fc4cad.pt,32335.0,29557.58203125,20517.0,20792.96484375,4.0,5.024501800537109,3.5,3.0137388706207275,11016.0,9369.3134765625,4928.0,4239.376953125
test,942,3layer,3layer/archive_2/703a84aa-5305-4cf6-98b9-6258a05b3068.pt,47515.0,39892.22265625,27601.0,26588.19140625,7.0,7.808262348175049,3.5,3.3626511096954346,11336.0,10122.6884765625,4160.0,4077.416748046875
test,944,3layer,3layer/archive_2/753eded0-6f3c-48c9-a62e-b5090d610223.pt,29470.0,27458.3203125,18876.0,19483.427734375,5.0,5.173861503601074,3.0,2.566789150238037,7944.0,7760.501953125,2816.0,3371.1708984375
test,949,3layer,3layer/archive_2/8226cd2a-649d-471a-9671-4e7ab433f595.pt,22668.0,21953.7421875,15117.0,16275.076171875,6.0,4.9188947677612305,2.0,2.115391731262207,2872.0,3940.632568359375,1456.0,1902.760009765625
test,956,3layer,3layer/archive_2/8d32562c-c074-44ad-971a-87b462918ee4.pt,19816.0,21844.44921875,16504.0,16116.3349609375,4.0,4.588218688964844,2.0,2.006378412246704,5640.0,5101.447265625,2560.0,2231.65771484375
test,959,3layer,3layer/archive_2/9284e126-07b2-4bd9-bd1e-b86e7535e0f2.pt,36059.0,33993.63671875,24395.0,25244.208984375,0.0,0.0,1.5,2.8356127738952637,2888.0,2904.913330078125,1120.0,1060.4974365234375
test,970,3layer,3layer/archive_2/b31bf542-c0ce-4b6f-89c6-79a458c355ee.pt,22134.0,24013.8515625,16377.0,17509.943359375,4.0,4.564977169036865,2.5,2.3962106704711914,7432.0,7486.25537109375,3072.0,3229.415771484375
test,971,3layer,3layer/archive_2/b3922866-ccd0-49ba-afd4-85473963e4a8.pt,17938.0,19267.044921875,15041.0,15051.01953125,3.0,2.992410182952881,2.5,2.499593496322632,7624.0,7990.78076171875,3136.0,3647.955078125
test,972,3layer,3layer/archive_2/b7ba3ab1-37aa-4904-987e-010524cc327f.pt,29563.0,29494.58984375,26451.0,23772.240234375,0.0,0.0,5.0,3.3348352909088135,10248.0,9910.37109375,4160.0,4284.15185546875
test,975,3layer,3layer/archive_2/b9ec55d5-3a3f-4beb-af23-6613b1c0ecb9.pt,21151.0,22284.767578125,15819.0,16413.07421875,3.0,3.5334854125976562,3.0,2.5186893939971924,9608.0,8070.90087890625,4800.0,3821.0849609375
test,981,3layer,3layer/archive_2/c448356c-b3c9-49be-88c4-23b0d0c3f564.pt,15804.0,17224.720703125,11738.0,12719.361328125,3.0,3.1118624210357666,2.5,1.9652091264724731,5832.0,5587.56640625,4992.0,3163.443359375
test,1004,3layer,3layer/archive_3/0b9292d5-b52f-4bcf-9d7f-8ec507a82838.pt,16178.0,17547.70703125,12690.0,13311.1611328125,3.0,3.4201552867889404,2.0,1.869835615158081,5768.0,5430.9775390625,2304.0,2350.644775390625
test,1011,3layer,3layer/archive_3/15b0d127-a686-475d-868d-1b5885f20d0a.pt,20889.0,20716.580078125,17281.0,16311.251953125,0.0,0.0,2.5,2.1926114559173584,7176.0,6644.68798828125,2816.0,3055.72314453125
test,1013,3layer,3layer/archive_3/1a4c6aa8-057b-4094-be6a-fa4f86bf0c04.pt,42459.0,39117.22265625,26728.0,25181.18359375,11.0,12.177279472351074,4.0,2.4682445526123047,6664.0,5129.3037109375,2496.0,2182.18896484375
test,1018,3layer,3layer/archive_3/2a171325-74e9-44cd-ad59-2d6e0df0ca79.pt,25048.0,23031.412109375,20557.0,18472.13671875,0.0,0.0,3.0,2.7053258419036865,8520.0,8669.951171875,4160.0,4063.140380859375
test,1019,3layer,3layer/archive_3/30a00082-630a-405d-83de-ee6e38ba241a.pt,25045.0,26784.623046875,20318.0,19404.669921875,3.0,4.272692680358887,4.5,2.8770217895507812,12296.0,9199.044921875,5376.0,4056.022705078125
test,1023,3layer,3layer/archive_3/38dd22a9-e82d-4e9c-99cf-744bc749693b.pt,26414.0,26386.783203125,19498.0,20049.525390625,0.0,0.0,1.5,2.2855191230773926,3744.0,2688.24462890625,1344.0,1104.2283935546875
test,1024,3layer,3layer/archive_3/414d64df-e05d-43bc-bf86-e29fef941191.pt,16125.0,16627.3828125,11548.0,11788.99609375,3.0,3.1863019466400146,1.5,1.5392526388168335,2632.0,3855.009521484375,1536.0,1860.3929443359375
test,1029,3layer,3layer/archive_3/49b2d6e6-2351-4e22-9e67-ae3eceeed11b.pt,32382.0,31864.4609375,23150.0,22872.1875,4.0,4.912549018859863,3.0,3.2778689861297607,10440.0,9921.341796875,4608.0,4178.2568359375
test,1051,3layer,3layer/archive_3/8dfd5db3-a4b3-4ad8-9cd1-4b308e30413c.pt,19057.0,16923.892578125,13039.0,12523.416015625,5.0,5.611564636230469,1.5,1.4764420986175537,2952.0,2673.128662109375,1152.0,1106.5047607421875
test,1059,3layer,3layer/archive_3/a2715528-63a3-4c2e-9685-6efbe7fdd477.pt,23527.0,24383.841796875,17266.0,17870.595703125,3.0,3.8622231483459473,4.0,2.6973187923431396,11272.0,8639.28515625,5120.0,3993.246337890625
test,1065,3layer,3layer/archive_3/afe1d671-8d40-474a-9ee1-9a778cb082db.pt,31982.0,31154.71875,23229.0,21572.240234375,11.0,9.764158248901367,3.0,2.4438881874084473,5768.0,4592.7509765625,2304.0,2008.03173828125
test,1067,3layer,3layer/archive_3/b682c296-4570-4878-873f-d5e1915cbc27.pt,30544.0,29947.564453125,22415.0,23323.9453125,0.0,0.0,7.5,3.8719558715820312,2968.0,2790.07373046875,1120.0,1053.783203125
test,1086,3layer,3layer/archive_3/dd7ecf45-dbc0-449b-8f58-f01a9017870a.pt,32527.0,32121.03125,25356.0,25624.552734375,0.0,0.0,3.0,3.2363617420196533,8504.0,8325.08984375,3120.0,3357.229736328125
test,1093,3layer,3layer/archive_3/f081b615-1a42-4b07-b1d1-9f4d57b0f095.pt,24444.0,24659.921875,19902.0,17964.291015625,6.0,5.963954448699951,2.0,2.2290568351745605,3528.0,3789.132080078125,1792.0,1768.8212890625
test,1097,3layer,3layer/archive_3/f8f3e631-e290-4827-b9d9-ad11b1f8d1c6.pt,22488.0,20506.12890625,16869.0,16602.044921875,0.0,0.0,1.5,2.0323877334594727,5352.0,5577.18310546875,2016.0,2046.8916015625
test,1106,3layer,3layer/archive_4/086ee6d8-31d7-4842-a9e5-9239d93a2d3a.pt,21515.0,21006.9609375,18799.0,17165.33984375,0.0,0.0,2.5,2.3657007217407227,7304.0,7339.1845703125,3456.0,3024.07861328125
test,1107,3layer,3layer/archive_4/0b6e0739-ef7c-4111-b86d-f6cd64150fbc.pt,16720.0,17400.15234375,12179.0,13293.69140625,4.0,4.645581245422363,2.0,1.852968692779541,1992.0,2672.33056640625,768.0,1067.648193359375
test,1136,3layer,3layer/archive_4/53000a96-26ac-405d-8a15-1e0e56150a13.pt,34211.0,34485.37109375,21361.0,21185.40234375,12.0,12.874839782714844,1.5,1.7388889789581299,3320.0,2844.692626953125,1152.0,1052.0941162109375
test,1165,3layer,3layer/archive_4/8ce80c0c-b515-40b7-8fe6-cdf7c22a9c2b.pt,24482.0,22963.5078125,20558.0,19175.09375,0.0,0.0,2.5,2.1446828842163086,7048.0,5351.4873046875,2560.0,2131.5380859375
test,1173,3layer,3layer/archive_4/b350aeb2-ef15-4209-acac-66479979a96e.pt,21796.0,21478.56640625,16543.0,16903.068359375,4.0,3.426220178604126,2.5,2.6282927989959717,6728.0,7846.8037109375,2880.0,3620.9365234375
test,1179,3layer,3layer/archive_4/cae88075-6535-4fc8-ab67-205d9e535cd4.pt,27346.0,28299.080078125,21636.0,22619.53125,0.0,0.0,3.5,3.1511178016662598,12040.0,10385.314453125,4992.0,4442.70751953125
test,1183,3layer,3layer/archive_4/d0087184-cf84-48db-a6d1-3e8c72f12840.pt,18645.0,18539.46875,13297.0,14775.267578125,0.0,0.0,1.5,1.7411537170410156,4744.0,4373.16748046875,2048.0,1924.752685546875
test,1190,3layer,3layer/archive_4/e62db8bd-0863-4b42-a0f9-4f0f0da213c8.pt,28634.0,28302.77734375,20752.0,20271.1171875,4.0,4.524735927581787,3.0,2.9662468433380127,8840.0,9304.412109375,3520.0,4038.32177734375
test,1191,3layer,3layer/archive_4/e6cb7c40-cd11-41f6-a64b-643d8a61edc2.pt,37417.0,34392.91015625,25360.0,23873.02734375,5.0,5.750504016876221,3.5,3.3014039993286133,11784.0,9841.7783203125,4608.0,4234.2685546875
test,1193,3layer,3layer/archive_4/e9035178-92d9-419e-aebb-2f24d863a874.pt,16543.0,19791.037109375,12926.0,14171.533203125,4.0,3.6421830654144287,1.5,2.103416681289673,4744.0,5624.564453125,4032.0,3358.79931640625
test,1196,3layer,3layer/archive_4/f2a1eb9a-a5c2-486a-b0b8-03bc9bbe3ae7.pt,31100.0,26582.03125,18062.0,18853.291015625,6.0,4.974206447601318,2.5,2.3785037994384766,3720.0,6299.0986328125,2112.0,3053.875732421875
test,1600,conv1d,conv1d/archive_1/03c73b3e-86d4-462f-8e86-603db87552ba.pt,18163.0,19510.259765625,35596.0,30889.92578125,0.0,0.0,6.5,10.598417282104492,145699.0,209093.125,145694.0,208440.484375
test,1601,conv1d,conv1d/archive_1/06f4e142-874c-464c-b830-43ff897b1009.pt,18579.0,21089.3046875,25405.0,29219.091796875,4.0,2.7462246417999268,39.0,20.444900512695312,215563.0,142984.515625,215561.0,143604.9375
test,1603,conv1d,conv1d/archive_1/10a572f8-97b1-42fd-b3b5-2efb9c639d3d.pt,19119.0,20922.384765625,30481.0,31551.056640625,0.0,0.0,26.5,17.011985778808594,653170.0,442962.0625,653165.0,450970.03125
test,1607,conv1d,conv1d/archive_1/2ed5ad7e-2bba-4aff-abf0-77301c2fcbbb.pt,13178.0,15498.017578125,21040.0,19757.0703125,3.0,3.906830072402954,4.0,5.392067909240723,82817.0,53707.828125,82818.0,49914.48828125
test,1608,conv1d,conv1d/archive_1/39ca686c-2d2d-42fa-b145-c6ba2f8b4c01.pt,15029.0,12578.7080078125,24021.0,20089.5859375,0.0,0.0,6.5,6.678571701049805,64513.0,57358.1953125,64514.0,58127.8828125
test,1618,conv1d,conv1d/archive_1/6adb216d-3204-4aad-adbb-b9205c614931.pt,31452.0,21703.921875,44279.0,31492.134765625,4.0,2.431025266647339,13.5,10.159019470214844,55553.0,79083.53125,55554.0,82609.4765625
test,1630,conv1d,conv1d/archive_1/a4d19761-4b0a-42ab-9d53-c66d8f00f10b.pt,15390.0,14856.7724609375,22857.0,20337.5390625,0.0,0.0,4.0,4.630105495452881,102718.0,119362.1875,102716.0,107806.484375
test,1651,conv1d,conv1d/archive_2/1970606f-61b7-4b2f-a848-aadadcde58a9.pt,15850.0,20134.39453125,22701.0,28024.751953125,5.0,4.407978534698486,23.0,15.700098991394043,54604.0,52246.3671875,54602.0,51782.80078125
test,1669,conv1d,conv1d/archive_2/97c4a2dd-c9f0-40e9-ac63-628801202d07.pt,34710.0,26822.072265625,40870.0,33249.53515625,7.0,5.774816513061523,7.5,13.012707710266113,28987.0,54781.609375,28973.0,53875.21875
test,1676,conv1d,conv1d/archive_2/f656316b-2a7a-44b0-8a40-0d4d05aa6c00.pt,31277.0,28000.173828125,40224.0,35815.1953125,5.0,4.9621429443359375,22.0,11.240174293518066,160018.0,140546.0,160013.0,144140.0625
test,1680,conv1d,conv1d/archive_3/0d0e9227-ea1f-43e1-a2fb-4d545571d647.pt,15876.0,11762.849609375,22783.0,17434.47265625,2.0,1.6101593971252441,3.5,3.869816780090332,9025.0,16638.98046875,9026.0,16369.724609375
test,1683,conv1d,conv1d/archive_3/1d537023-4542-4f7e-8f63-e5eb6c279129.pt,11768.0,14447.794921875,20553.0,22311.05078125,0.0,0.0,4.0,6.636911869049072,121729.0,130676.4140625,121730.0,134236.4375
test,1707,conv1d,conv1d/archive_3/a3e0030b-e934-447d-b9f8-b2ed2cb4ba40.pt,64644.0,44456.4453125,76009.0,60723.9296875,7.0,8.57090950012207,41.5,21.422950744628906,371986.0,321450.84375,371981.0,314392.15625
test,1709,conv1d,conv1d/archive_3/aa96468f-065d-4d9e-81b4-6ef162123c27.pt,31689.0,26547.5234375,53359.0,47916.5390625,3.0,2.1742703914642334,25.0,17.85191535949707,71764.0,101936.0,71762.0,97219.359375
test,1710,conv1d,conv1d/archive_3/afb9a8e4-c0b7-4c81-951e-beace7c6580d.pt,7928.0,10161.158203125,14764.0,12737.048828125,0.0,0.0,3.0,2.8099169731140137,19169.0,24484.021484375,19170.0,25742.22265625
test,1716,conv1d,conv1d/archive_3/dc48d02e-01b9-417e-883c-6182b1617c94.pt,17465.0,16111.017578125,25064.0,25781.091796875,0.0,0.0,17.5,10.658195495605469,442654.0,236551.671875,442652.0,235789.484375
test,1719,conv1d,conv1d/archive_3/e28af083-279c-4728-846a-678e6d7bb22f.pt,12249.0,12964.892578125,19967.0,20279.955078125,2.0,1.2455673217773438,3.5,5.450378894805908,114433.0,79162.9921875,114434.0,80379.6640625
test,1732,conv1d,conv1d/archive_4/18a551db-28d4-4a35-a3d2-d13dd25fc759.pt,37982.0,30054.603515625,70254.0,58864.828125,2.0,1.7846262454986572,30.5,23.58292579650879,193522.0,374678.4375,193517.0,370162.875
test,1736,conv1d,conv1d/archive_4/26fd427e-9c24-498f-b0ca-b698b7aa084d.pt,24004.0,29244.96484375,55208.0,48673.17578125,3.0,2.1106438636779785,15.0,11.248397827148438,266113.0,345879.0,266114.0,344829.65625
test,1737,conv1d,conv1d/archive_4/2a73b7ff-fd17-49dc-a651-08351f8086b0.pt,17247.0,20633.5078125,37741.0,37474.890625,0.0,0.0,18.5,12.112218856811523,223747.0,172874.921875,223742.0,161113.71875
test,1747,conv1d,conv1d/archive_4/5830e323-ccaf-4db3-92eb-6526ef2b92d6.pt,13810.0,18167.70703125,22737.0,22376.109375,3.0,3.394066572189331,4.5,4.396017551422119,81793.0,72951.8671875,81794.0,79587.7421875
test,1750,conv1d,conv1d/archive_4/6a259c16-db85-41f8-bf80-6109650e2888.pt,13147.0,15139.2578125,25239.0,23519.486328125,0.0,0.0,5.5,6.093437194824219,31681.0,68962.5625,31682.0,67747.3984375
test,1757,conv1d,conv1d/archive_4/a4e94a46-08df-49ef-a586-a3a56af160f8.pt,53293.0,38239.62890625,76241.0,60644.81640625,7.0,5.450209617614746,33.0,19.4396915435791,56769.0,93717.1953125,56770.0,80127.703125
test,1762,conv1d,conv1d/archive_4/bd5948fb-b4a0-497e-aaf7-faf8d3a53559.pt,26514.0,18529.375,41609.0,31419.056640625,0.0,0.0,16.5,9.655721664428711,31820.0,40009.1171875,31814.0,35087.12890625
test,1948,conv2d,conv2d/archive_1/16c81531-2d4a-44cd-a0f6-5818fb4eac23.pt,17139.0,18094.423828125,24051.0,28755.791015625,2.0,1.0550483465194702,11.0,13.163619995117188,982712.0,1735873.0,980912.0,1740844.75
test,1961,conv2d,conv2d/archive_1/8203796d-273a-48d8-bad6-5a88633e1b02.pt,64114.0,47572.8984375,89800.0,68812.4453125,8.0,6.8509955406188965,45.0,19.102155685424805,980271.0,154321.125,980272.0,135904.046875
test,1968,conv2d,conv2d/archive_1/de099b6c-414e-45fe-9f32-db5a4f4fb51a.pt,25018.0,21050.8828125,36360.0,29992.181640625,3.0,3.447566032409668,17.5,12.675457000732422,558033.0,876407.0625,556742.0,937429.9375
test,1969,conv2d,conv2d/archive_1/e49f8865-3ed1-438b-8d47-f4df3fa258b1.pt,12620.0,15096.0888671875,24980.0,18656.4453125,0.0,0.0,12.0,6.394053936004639,684739.0,673998.25,682112.0,665785.8125
test,1970,conv2d,conv2d/archive_1/ed9737f7-5085-49cd-aff9-f5394b9ad940.pt,81241.0,40848.078125,256413.0,111357.71875,0.0,0.0,82.5,23.84799575805664,473230.0,668375.6875,473231.0,612131.0
test,1971,conv2d,conv2d/archive_1/fe1fcd99-035b-4da0-b4c6-8d72ed3b2525.pt,30623.0,26083.908203125,63312.0,47138.83984375,2.0,1.4635610580444336,12.5,11.056063652038574,1249441.0,458154.34375,1249442.0,456570.15625
test,1978,conv2d,conv2d/archive_3/1a7e57ac-ac64-4844-a748-391494154a11.pt,13136.0,17710.8828125,27107.0,30715.779296875,1.0,1.60701322555542,15.0,16.64844512939453,199302.0,404873.75,199298.0,424108.3125
test,1982,conv2d,conv2d/archive_3/2da90877-d92f-4cc9-a745-09946576a12a.pt,27441.0,24571.134765625,56157.0,44668.2578125,2.0,2.060983896255493,29.0,22.961177825927734,5021142.0,3951039.0,5021122.0,3819637.5
test,1998,conv2d,conv2d/archive_3/c1ce78ac-7210-45cc-9548-b632389bdf35.pt,15393.0,17477.357421875,32375.0,30463.34375,0.0,0.0,13.5,15.344468116760254,3731455.0,2638191.25,3731456.0,2616874.5
test,2004,conv2d,conv2d/archive_4/17baa5f9-fa5f-42ac-a377-9bcaaa336950.pt,30312.0,27847.55078125,54386.0,55602.61328125,1.0,1.641625165939331,27.5,25.852771759033203,5959501.0,3678869.75,5959502.0,3626171.5
test,2005,conv2d,conv2d/archive_4/30cb88ae-98c8-464e-a664-6e3082f34722.pt,24870.0,24368.150390625,54470.0,52065.4609375,2.0,0.9034361839294434,26.0,23.245834350585938,949417.0,2113826.0,949412.0,2244558.0
test,2006,conv2d,conv2d/archive_4/38f47c2b-0eb1-45b2-bc5b-2838a5b7e752.pt,10442.0,14785.1630859375,22578.0,21394.62109375,0.0,0.0,6.5,4.980027198791504,521551.0,1317584.5,521552.0,1297156.0
test,2017,conv2d,conv2d/archive_4/c0d17dad-4957-4bc3-89d2-0d422c6be1e4.pt,24617.0,22167.26953125,55067.0,43578.01953125,2.0,0.999863862991333,17.5,9.772727966308594,1311313.0,1467626.5,1311314.0,1669864.75
test,2145,dense_latency,dense_latency/archive_1/141cccfe-4a6b-4af0-891c-de5382802c9d.pt,112883.0,66809.546875,22675.0,12235.259765625,0.0,0.0,0.0,0.0,22.0,18.51243019104004,1.0,1.8668231964111328
test,2146,dense_latency,dense_latency/archive_1/14962ede-dafe-4294-b6e2-7e1f48c5e6f6.pt,109697.0,116824.5390625,22385.0,24900.552734375,0.0,0.0,0.0,0.0,13.0,16.72555923461914,3.0,2.6301112174987793
test,2147,dense_latency,dense_latency/archive_1/153c06a9-71c3-493e-a71b-5e9adf9f50f8.pt,177770.0,146024.53125,37525.0,30750.982421875,0.0,0.0,0.0,0.0,27.0,21.76005744934082,3.0,2.9793701171875
test,2150,dense_latency,dense_latency/archive_1/16fff3d4-afd3-4400-abf5-b01c877da50d.pt,103870.0,141065.8125,31562.0,23429.80078125,6425.0,2490.750244140625,0.0,0.0,17.0,76.32650756835938,1.0,4.622868537902832
test,2157,dense_latency,dense_latency/archive_1/4325e22a-7bf5-466c-8183-1e5d2d85e4ae.pt,100986.0,109557.0625,21215.0,20571.2578125,0.0,0.0,0.0,0.0,18.0,18.788986206054688,2.0,1.9095665216445923
test,2172,dense_latency,dense_latency/archive_1/71fd7aec-e295-42eb-aadc-bccd0fd8383b.pt,267886.0,246586.9375,245003.0,198745.84375,370.0,254.94960021972656,0.0,0.0,500.0,453.3194885253906,63.0,77.33468627929688
test,2176,dense_latency,dense_latency/archive_1/777e4ee2-ce18-47a2-9f62-0061ca24e3b7.pt,213557.0,198253.265625,45661.0,83921.203125,689.0,322.66864013671875,0.0,0.0,20.0,71.236083984375,1.0,10.243152618408203
test,2183,dense_latency,dense_latency/archive_1/8dac354c-4a68-4c4d-b0db-d4889b5e797c.pt,217582.0,216493.0625,180265.0,108933.09375,459.0,781.2342529296875,0.0,0.0,254.0,207.27108764648438,32.0,25.74087142944336
test,2188,dense_latency,dense_latency/archive_1/be152b4e-03af-4473-87e2-1b4a380b94a5.pt,153510.0,138306.0625,33273.0,29086.3046875,0.0,0.0,0.0,0.0,27.0,25.57904815673828,2.0,2.534963369369507
test,2219,dense_latency,dense_latency/archive_2/2c0510c5-5826-40a9-99e6-6a83ff6a2b93.pt,72930.0,44196.7109375,66907.0,27125.341796875,143.0,200.6948699951172,0.0,0.0,386.0,239.994384765625,86.0,42.20256805419922
test,2226,dense_latency,dense_latency/archive_2/4c56e491-5605-4a08-a69e-aa4297e5ae17.pt,186063.0,219178.34375,110859.0,91192.09375,144.0,476.0644836425781,0.0,0.0,88.0,65.427978515625,19.0,15.39449405670166
test,2229,dense_latency,dense_latency/archive_2/5d272459-e54d-401d-81a7-4c40ae6a5ae6.pt,22371.0,24879.947265625,16349.0,7466.03271484375,29.0,91.9287109375,0.0,0.0,146.0,108.5154800415039,37.0,17.653427124023438
test,2232,dense_latency,dense_latency/archive_2/60018a21-6d18-457e-8937-4e402e92ca11.pt,62733.0,61885.43359375,44569.0,35706.5703125,43.0,77.32303619384766,0.0,0.0,193.0,194.47213745117188,51.0,33.45900344848633
test,2243,dense_latency,dense_latency/archive_2/82d609f5-d822-4d65-b482-9c6a6e0f4b7f.pt,43594.0,45679.30859375,9183.0,8046.06689453125,0.0,0.0,0.0,0.0,19.0,21.868518829345703,1.0,2.0118179321289062
test,2248,dense_latency,dense_latency/archive_2/93838855-384c-451a-889d-c28d7768640f.pt,586060.0,487333.6875,524745.0,276133.03125,386.0,1286.03955078125,0.0,0.0,258.0,100.6569595336914,64.0,20.662063598632812
test,2253,dense_latency,dense_latency/archive_2/acc3fdac-8d42-4caf-9aba-9b03d8ad4ce6.pt,111297.0,95721.6875,22200.0,18920.134765625,0.0,0.0,0.0,0.0,21.0,23.821197509765625,1.0,2.0302681922912598
test,2254,dense_latency,dense_latency/archive_2/b24ba935-f69e-4cba-b055-bb345ac6b627.pt,122279.0,122788.109375,27201.0,25068.587890625,0.0,0.0,0.0,0.0,26.0,24.604503631591797,1.0,2.4403765201568604
test,2258,dense_latency,dense_latency/archive_2/c441e13c-e695-43ab-8b0e-e9fae1382054.pt,70364.0,63008.4296875,14616.0,12169.412109375,0.0,0.0,0.0,0.0,14.0,14.84300708770752,1.0,1.9112040996551514
test,2273,dense_latency,dense_latency/archive_2/f6dadb65-282a-45bd-bd8c-1b4e077d5799.pt,86391.0,83331.59375,18560.0,17092.447265625,0.0,0.0,0.0,0.0,21.0,24.341524124145508,1.0,2.3158950805664062
test,2278,dense_latency,dense_latency/archive_2/fb7184e1-5b3f-4d28-a759-e64bfba6ab9f.pt,117787.0,93057.78125,76082.0,50333.9609375,52.0,122.8414535522461,0.0,0.0,141.0,110.67707824707031,36.0,25.725460052490234
test,2281,dense_latency,dense_latency/archive_3/0bacae1a-1069-4078-b41c-3c240faa19d9.pt,227802.0,233255.6875,154669.0,152720.4375,75.0,123.10758972167969,0.0,0.0,376.0,340.9083557128906,49.0,51.28524398803711
test,2289,dense_latency,dense_latency/archive_3/2fde3c76-08ff-4f41-ad59-937cb139cfc7.pt,309662.0,268553.625,278114.0,189230.84375,573.0,691.710205078125,0.0,0.0,256.0,242.79608154296875,32.0,24.934274673461914
test,2291,dense_latency,dense_latency/archive_3/30a09565-a681-4419-875f-f4fcc35ed53c.pt,276878.0,313101.65625,146553.0,158820.0625,518.0,351.03863525390625,0.0,0.0,128.0,148.0008544921875,19.0,20.180538177490234
test,2295,dense_latency,dense_latency/archive_3/37f43986-008b-4880-8250-0031eefdb6ce.pt,73141.0,62439.43359375,20756.0,13141.623046875,4779.0,1705.7781982421875,0.0,0.0,10.0,53.39460372924805,1.0,3.6714234352111816
test,2301,dense_latency,dense_latency/archive_3/4b863955-16a3-4e20-af4d-158f5a57b81e.pt,76133.0,71578.1640625,14215.0,12404.458984375,0.0,0.0,0.0,0.0,18.0,24.004043579101562,1.0,1.722620964050293
test,2322,dense_latency,dense_latency/archive_3/97e59d64-5e19-4320-b05f-b606732d96d2.pt,519250.0,445513.34375,487589.0,330432.71875,368.0,437.807861328125,0.0,0.0,387.0,309.32269287109375,64.0,47.16614532470703
test,2324,dense_latency,dense_latency/archive_3/9bdde29f-91ec-4b64-9214-5466930df099.pt,242184.0,238769.21875,222418.0,121088.78125,417.0,990.9691772460938,0.0,0.0,255.0,116.7943115234375,32.0,12.615592002868652
test,2335,dense_latency,dense_latency/archive_3/be08fd22-d477-4e83-93ea-abdffe96c4bd.pt,240326.0,195638.0625,217967.0,183263.5,274.0,174.0640869140625,0.0,0.0,592.0,497.9697265625,94.0,90.49234771728516
test,2338,dense_latency,dense_latency/archive_3/c58ce5f8-2396-45d7-b9df-a546fd57b27f.pt,192880.0,164831.921875,113651.0,67575.3671875,420.0,340.5855407714844,0.0,0.0,149.0,116.86128234863281,20.0,12.133265495300293
test,2343,dense_latency,dense_latency/archive_3/dffb4c84-2e37-4632-a8cd-760033084e1e.pt,287860.0,253625.453125,264775.0,237869.1875,256.0,249.61672973632812,0.0,0.0,530.0,525.43359375,93.0,101.20262908935547
test,2348,dense_latency,dense_latency/archive_3/ed197369-8970-412b-bddc-1f630cd23fa3.pt,97265.0,118862.2578125,61982.0,73490.609375,63.0,157.67881774902344,0.0,0.0,136.0,118.19612884521484,35.0,31.226398468017578
test,2355,dense_latency,dense_latency/archive_4/04b281e9-3408-4487-aa3c-47d9d20aac11.pt,73949.0,172602.125,9012.0,113760.2421875,5834.0,604.7968139648438,0.0,0.0,14.0,162.90570068359375,1.0,19.4422550201416
test,2356,dense_latency,dense_latency/archive_4/0a998bec-4ace-4de2-8334-1a54bd946445.pt,169329.0,317861.875,50860.0,44639.5546875,11143.0,5982.33544921875,0.0,0.0,16.0,47.42192077636719,1.0,4.134710788726807
test,2357,dense_latency,dense_latency/archive_4/0d969b0d-b59f-4d6b-91f1-bd0769614276.pt,364226.0,380355.25,316803.0,256369.296875,630.0,482.2494201660156,0.0,0.0,229.0,274.28314208984375,32.0,45.84040451049805
test,2359,dense_latency,dense_latency/archive_4/11b91499-1fc2-4c8c-976c-8f3702039b90.pt,208587.0,196711.9375,44745.0,68317.8359375,698.0,374.5793151855469,0.0,0.0,20.0,81.6048355102539,1.0,6.431677341461182
test,2362,dense_latency,dense_latency/archive_4/153109f7-21cf-4526-92c2-d966688b0219.pt,88848.0,57735.1796875,84647.0,17086.171875,278.0,501.6376953125,0.0,0.0,189.0,142.74253845214844,32.0,12.304252624511719
test,2376,dense_latency,dense_latency/archive_4/51c3a472-2330-4e9b-b409-1d85f05b5641.pt,274352.0,192030.34375,228556.0,128853.5390625,562.0,645.075439453125,0.0,0.0,222.0,219.50192260742188,32.0,23.065837860107422
test,2386,dense_latency,dense_latency/archive_4/67063dbe-cfdc-41bb-803a-261839437630.pt,238065.0,209363.296875,216738.0,177676.03125,174.0,175.12669372558594,0.0,0.0,450.0,342.9043273925781,94.0,61.98067855834961
test,2401,dense_latency,dense_latency/archive_4/a3238af5-b80b-474b-88e0-02f68a61affa.pt,174120.0,187490.0,122440.0,122960.71875,54.0,82.95353698730469,0.0,0.0,370.0,268.5824279785156,50.0,41.356449127197266
test,2416,dense_latency,dense_latency/archive_4/d4fd6441-4e9c-4adf-a1a1-71018c2543d5.pt,297716.0,293787.75,243147.0,159456.578125,553.0,1432.7030029296875,0.0,0.0,223.0,118.14617919921875,32.0,9.176243782043457
test,2420,dense_latency,dense_latency/archive_4/de113925-04dd-418f-9f74-7df76d9fd168.pt,206374.0,177881.53125,141637.0,92030.296875,21.0,217.89199829101562,0.0,0.0,165.0,72.53194427490234,34.0,10.69205093383789
test,2429,dense_latency,dense_latency/archive_4/f85832e2-da29-4084-8559-996e703857fa.pt,177116.0,149731.6875,118583.0,94906.8671875,136.0,109.86412811279297,0.0,0.0,241.0,152.46009826660156,50.0,32.62241744995117
test,2690,dense_resource,dense_resource/archive_1/024063f6-75d8-4f1a-8bb9-ae3c65538458.pt,103948.0,94056.71875,145619.0,117975.6171875,104.0,71.69357299804688,29.0,23.249671936035156,3914.0,3787.065185546875,512.0,521.0828857421875
test,2695,dense_resource,dense_resource/archive_1/17383848-f5b7-4a30-aa15-3950fdea85a0.pt,34095.0,37155.0703125,51356.0,48693.55859375,0.0,0.0,5.5,6.062921524047852,2751.0,2903.645751953125,512.0,639.6806030273438
test,2703,dense_resource,dense_resource/archive_1/38a5f100-6115-4692-a253-645686ee9f39.pt,40577.0,51374.328125,54244.0,66879.8671875,0.0,0.0,9.0,7.550808906555176,5528.0,6256.69189453125,1024.0,886.7850341796875
test,2715,dense_resource,dense_resource/archive_1/60a8d365-6cf8-4bab-936d-c14405792b5b.pt,35066.0,41186.2109375,50321.0,55134.765625,0.0,0.0,6.5,6.0969157218933105,2363.0,2670.659912109375,512.0,500.18255615234375
test,2722,dense_resource,dense_resource/archive_1/85dd97fc-ca2c-4743-9090-d348dc5566ea.pt,58904.0,69514.8515625,90976.0,84009.6875,42.0,37.564117431640625,12.0,11.24580192565918,3669.0,3407.034912109375,512.0,553.6281127929688
test,2723,dense_resource,dense_resource/archive_1/899d2a0e-ebfa-4fa4-be42-7ab12ff6eb74.pt,54346.0,54301.08984375,70843.0,62607.82421875,40.0,46.41048049926758,12.0,12.974502563476562,2068.0,2116.3818359375,512.0,564.9505615234375
test,2734,dense_resource,dense_resource/archive_1/b1bebdb4-d6ea-47bd-b1eb-1add0957e49b.pt,86375.0,97845.171875,126173.0,113147.7265625,87.0,78.69685363769531,25.5,21.356555938720703,4365.0,4139.509765625,512.0,580.6511840820312
test,2738,dense_resource,dense_resource/archive_1/d64a96c8-6d04-455d-b566-19cc61698d68.pt,420683.0,454251.8125,139213.0,132395.078125,0.0,0.0,0.0,0.0,501.0,316.307861328125,128.0,189.40786743164062
test,2742,dense_resource,dense_resource/archive_1/f07f2efc-9719-475a-a03f-9af73e585bf3.pt,75244.0,72090.9453125,107785.0,101095.4609375,12.0,12.028051376342773,15.0,14.4142427444458,8234.0,7419.9306640625,1024.0,1112.0137939453125
test,2746,dense_resource,dense_resource/archive_1/f8404942-926e-4a43-b971-da3cc743f93c.pt,41261.0,39896.82421875,54943.0,48225.765625,0.0,0.0,7.5,6.682922840118408,3816.0,3600.39453125,512.0,536.2514038085938
test,2753,dense_resource,dense_resource/archive_2/18e8fab5-f8a9-4b28-a114-4d07a18cc111.pt,53006.0,45659.2734375,67004.0,55467.98046875,9.0,11.63969898223877,8.5,7.221736907958984,6450.0,5227.52734375,1024.0,968.01611328125
test,2755,dense_resource,dense_resource/archive_2/1c0c0221-5387-4390-beb1-0644a677d57d.pt,90684.0,92854.4140625,120364.0,108861.0234375,42.0,36.998512268066406,24.5,20.03757667541504,7271.0,6766.0751953125,1024.0,1031.3177490234375
test,2757,dense_resource,dense_resource/archive_2/21428f86-33ad-4ebc-9ab1-748f2da43d6c.pt,70125.0,76136.0,85317.0,91560.8828125,38.0,44.74881362915039,14.5,13.94089412689209,3654.0,3041.838134765625,512.0,520.6976318359375
test,2762,dense_resource,dense_resource/archive_2/37bd87b0-722b-4e60-95a5-ae6c7c6a0a62.pt,80825.0,76684.140625,100842.0,94546.59375,35.0,41.93526840209961,20.5,16.88164520263672,6277.0,5431.775390625,1024.0,914.0989379882812
test,2772,dense_resource,dense_resource/archive_2/5d2e4e5c-5f78-4492-8f17-dbfed9427da4.pt,43953.0,51847.6328125,69475.0,67950.96875,32.0,19.39556884765625,10.0,9.488801956176758,3750.0,3673.5732421875,512.0,591.1002807617188
test,2775,dense_resource,dense_resource/archive_2/6e883452-6f28-4f3a-9f8d-693148e4c98d.pt,34177.0,40752.58984375,46479.0,51669.2421875,16.0,21.283374786376953,6.5,6.885035037994385,2101.0,1968.7518310546875,512.0,553.9807739257812
test,2776,dense_resource,dense_resource/archive_2/786039fd-67cd-4fe8-a285-36ea1bb82d69.pt,111270.0,98709.21875,153280.0,122353.4921875,58.0,56.3306999206543,33.0,23.39189910888672,8384.0,5985.3203125,1024.0,798.023681640625
test,2782,dense_resource,dense_resource/archive_2/a6bf8d29-0790-4d99-97d9-5afdf002c539.pt,984490.0,976858.4375,343271.0,329182.125,7645.0,10552.7890625,0.0,0.0,66.0,63.70256042480469,9.0,20.171680450439453
test,2783,dense_resource,dense_resource/archive_2/ab8387a8-0cf4-4735-91a0-7e27b1fed41e.pt,45045.0,52673.625,61660.0,71867.2265625,0.0,0.0,7.5,8.194774627685547,2846.0,3088.21484375,512.0,572.6345825195312
test,2808,dense_resource,dense_resource/archive_3/2f5641cb-d4e0-45a9-bfa0-a0a97046853c.pt,66353.0,70710.3828125,97734.0,101781.9296875,20.0,13.458635330200195,13.5,14.831932067871094,6821.0,7044.82421875,1024.0,1049.7166748046875
test,2810,dense_resource,dense_resource/archive_3/385a8c22-24c6-4606-a155-4160d1611390.pt,158256.0,139646.953125,47310.0,48218.26953125,0.0,0.0,0.0,0.0,103.0,96.16946411132812,64.0,34.84659957885742
test,2816,dense_resource,dense_resource/archive_3/51797543-2176-45df-b553-44507e9154e5.pt,76034.0,71325.0859375,108032.0,105777.875,0.0,0.0,12.5,10.640957832336426,8301.0,7505.9384765625,1024.0,1061.0279541015625
test,2822,dense_resource,dense_resource/archive_3/61e28d4b-b78d-476f-8d9a-e9fae47fa50b.pt,53970.0,55976.171875,66340.0,70803.703125,21.0,29.458473205566406,8.5,11.521235466003418,2866.0,2830.350830078125,512.0,554.3111572265625
test,2840,dense_resource,dense_resource/archive_3/d41b3e62-73a5-4cda-a6a6-470b5ecfa30c.pt,71511.0,57398.25390625,75802.0,63950.59375,12.0,15.02550983428955,9.0,9.504199981689453,6506.0,5481.146484375,1024.0,1007.5946044921875
test,2842,dense_resource,dense_resource/archive_3/d57f6e5b-bbbb-4c8a-8668-914a8593cb6c.pt,199259.0,263698.34375,72109.0,79279.0390625,0.0,0.0,0.0,0.0,20.0,72.28251647949219,4.0,24.892230987548828
test,2849,dense_resource,dense_resource/archive_3/fe635281-5550-4f0e-bab9-b58a6c373e51.pt,109349.0,105670.4921875,151767.0,131998.828125,114.0,72.2396469116211,31.5,25.639583587646484,4529.0,4378.43505859375,512.0,518.2127075195312
test,2863,dense_resource,dense_resource/archive_4/567a8d26-0155-4b47-989b-f79ccf3b90d3.pt,98427.0,132760.234375,130369.0,168512.953125,32.0,55.61305618286133,22.5,21.859806060791016,3815.0,3391.725341796875,512.0,506.3230285644531
test,2864,dense_resource,dense_resource/archive_4/56cc1f67-c320-4bc6-aa2c-46f204e6f844.pt,26667.0,19029.765625,31122.0,25080.330078125,7.0,13.102086067199707,4.0,4.222956657409668,1832.0,1901.0413818359375,512.0,560.0455322265625
test,2865,dense_resource,dense_resource/archive_4/580d5717-9254-47b5-a5b2-1b20f3063ab2.pt,221049.0,184269.28125,56419.0,53379.9453125,0.0,0.0,0.0,0.0,19.0,42.472469329833984,4.0,9.897364616394043
test,2867,dense_resource,dense_resource/archive_4/6432e28b-6416-4a6d-8588-5c6cd9a0b3b1.pt,40865.0,45814.86328125,60576.0,62686.5703125,4.0,5.004711151123047,8.0,8.526082038879395,4313.0,4281.13671875,1024.0,958.0433349609375
test,2876,dense_resource,dense_resource/archive_4/8847bc5b-b8ef-48a5-a413-2c32dbd9d557.pt,40989.0,43009.26953125,61990.0,57606.3671875,0.0,0.0,8.0,7.324501037597656,3771.0,3755.597412109375,512.0,587.4844970703125
test,2878,dense_resource,dense_resource/archive_4/8ed3a393-67d9-418c-9d77-d791921c2de2.pt,180570.0,227605.578125,60744.0,72487.8359375,0.0,0.0,0.0,0.0,183.0,162.28468322753906,128.0,109.71366882324219
test,2881,dense_resource,dense_resource/archive_4/946a2ebc-84bd-444f-9fee-b1b8f8cd5205.pt,249177.0,172421.640625,98249.0,58379.6640625,3239.0,638.8395385742188,0.0,0.0,35.0,98.00180053710938,7.0,9.510011672973633
test,2892,dense_resource,dense_resource/archive_4/e8a8bf8c-1088-4653-98e9-edff69288279.pt,41095.0,43340.07421875,55343.0,57487.7109375,0.0,0.0,7.5,6.479707717895508,3815.0,4259.53515625,1024.0,871.8463134765625
test,3109,rule4ml,rule4ml/archive_1/0ed991e0a4e25ed19987f0cc9210b426.pt,21778.0,54467.890625,24051.0,27083.775390625,0.0,0.0,19.0,16.600688934326172,1462.0,614.9826049804688,64.0,12.5827054977417
test,3122,rule4ml,rule4ml/archive_1/2b8cd655c4b32c156ea3a3f4d0ebf158.pt,1339.0,1048.295166015625,429.0,100.06874084472656,0.0,0.0,8.0,5.474733352661133,82.0,66.81995391845703,2.0,0.7796776294708252
test,3123,rule4ml,rule4ml/archive_1/2ed023f9ef036f1cf6698c523844b9e5.pt,41321.0,44122.80078125,1665.0,2541.74169921875,16.0,10.090198516845703,66.5,41.60322570800781,156.0,295.6405334472656,2.0,3.4628522396087646
test,3125,rule4ml,rule4ml/archive_1/3219ffd8661622e8c83c7ceec7993204.pt,19634.0,20436.291015625,2173.0,6612.84716796875,0.0,0.0,0.0,0.5477201342582703,1246.0,1390.6800537109375,1.0,10.535737991333008
test,3126,rule4ml,rule4ml/archive_1/36781015570b9033a4256c6751954dfa.pt,13186.0,47623.421875,1261.0,3714.396240234375,36.0,18.273059844970703,18.0,17.742313385009766,568.0,673.7159423828125,2.0,6.469969749450684
test,3132,rule4ml,rule4ml/archive_1/466d99f5bafd16bc2656bb493e26d3a3.pt,63269.0,26551.373046875,20395.0,24434.125,128.0,121.89418029785156,13.0,11.620622634887695,309.0,429.565185546875,5.0,39.44737243652344
test,3145,rule4ml,rule4ml/archive_1/72287c9cac676de50d6937c1591c013c.pt,90974.0,69946.4453125,43278.0,41824.921875,220.0,235.23330688476562,6.0,6.581597328186035,1175.0,1520.207275390625,393.0,299.6440124511719
test,3159,rule4ml,rule4ml/archive_1/9f4aa5283477144a0d0cf869e8d72889.pt,357796.0,84294.59375,106967.0,56784.41796875,220.0,636.1864013671875,20.0,18.762168884277344,1278.0,1009.7866821289062,322.0,549.8270874023438
test,3160,rule4ml,rule4ml/archive_1/9f747c2c9350eb5ee9df92af5c71cab0.pt,8847.0,10863.416015625,6104.0,3416.29736328125,173.0,232.44815063476562,43.5,24.44513702392578,1087.0,580.1123046875,2.0,6.469485282897949
test,3180,rule4ml,rule4ml/archive_1/d5a14627ffa5ac99e92e5015fd44796d.pt,134204.0,111218.15625,14212.0,15995.66796875,90.0,85.65924072265625,29.5,21.989748001098633,1111.0,892.2100219726562,6.0,11.245668411254883
test,3189,rule4ml,rule4ml/archive_1/dd45999e8410dbd0e67c40f31cd5955a.pt,100450.0,141201.078125,80302.0,77062.2109375,2096.0,703.8727416992188,44.5,29.250782012939453,657.0,449.38861083984375,4.0,8.767814636230469
test,3194,rule4ml,rule4ml/archive_1/e76bf57773bcf57b1f19da562e9ff10b.pt,9451.0,6828.958984375,7408.0,7281.15966796875,32.0,21.979564666748047,26.0,16.96735382080078,283.0,453.77288818359375,8.0,24.998441696166992
test,3196,rule4ml,rule4ml/archive_1/ecf7f5a60f0ef8948e0f8b3c91eab2f1.pt,28241.0,33884.9765625,26303.0,27804.134765625,292.0,262.6084289550781,72.5,51.366233825683594,1596.0,1298.5899658203125,128.0,111.48129272460938
test,3197,rule4ml,rule4ml/archive_1/ed8331280ac6ef5ef8886e15cb23dbff.pt,9909.0,16631.6015625,10886.0,13577.552734375,256.0,205.37615966796875,13.0,11.739076614379883,1735.0,1257.2401123046875,128.0,154.12828063964844
test,3199,rule4ml,rule4ml/archive_1/eea79f2ee33e9eba8e086cce0a1f286d.pt,18418.0,1757.7728271484375,17414.0,706.0045166015625,0.0,0.0,54.5,10.22507095336914,800.0,766.6221923828125,8.0,11.095746994018555
test,3205,rule4ml,rule4ml/archive_2/040d56cdc4fbbcd7e59884b75505e1fc.pt,1239.0,820.753173828125,24.0,39.12110900878906,0.0,0.0,8.0,9.816033363342285,138.0,137.65399169921875,1.0,1.2491698265075684
test,3206,rule4ml,rule4ml/archive_2/09b08d4078369169809eed465eb3200c.pt,51844.0,41292.55859375,33858.0,1711.9150390625,0.0,0.0,124.5,61.335208892822266,1073.0,878.3729858398438,1.0,2.096954584121704
test,3217,rule4ml,rule4ml/archive_2/280f5b70344e92009ae9811b3736dc68.pt,25096.0,42208.84375,10888.0,18401.185546875,0.0,382.6954345703125,0.0,0.0,92.0,99.40843963623047,8.0,10.97944450378418
test,3228,rule4ml,rule4ml/archive_2/4fa4f84dcdbc74a4dcea9c798e981f13.pt,44740.0,52395.76171875,23137.0,4460.65673828125,41.0,132.68609619140625,0.0,0.0,712.0,523.427490234375,44.0,3.54494309425354
test,3236,rule4ml,rule4ml/archive_2/70099d4a3ee6ba6d3c7ed191ef4e5070.pt,8279.0,8533.021484375,7183.0,7569.623046875,63.0,54.814476013183594,4.0,7.726939678192139,120.0,726.5186767578125,32.0,40.971221923828125
test,3239,rule4ml,rule4ml/archive_2/777dabde721419f1eee884b2e6da3d01.pt,55929.0,35481.61328125,38806.0,26551.67578125,220.0,276.88775634765625,84.0,79.51008605957031,1040.0,914.4686279296875,125.0,79.4959945678711
test,3240,rule4ml,rule4ml/archive_2/779ddffa7b579aa1f0c7ecba6016a160.pt,1100.0,984.1483154296875,10.0,23.443862915039062,4.0,6.218326091766357,0.0,1.1716874837875366,602.0,365.86798095703125,1.0,0.7002447843551636
test,3251,rule4ml,rule4ml/archive_2/90af6814f2d9e83b1dfadf3f34e10b66.pt,33707.0,146879.015625,1142.0,6394.7294921875,0.0,0.0,32.0,0.0,154.0,107.22492980957031,1.0,3.135369300842285
test,3263,rule4ml,rule4ml/archive_2/a9c2f691ad83bc53dd4d8fbabf4dbf59.pt,112594.0,98404.3046875,4971.0,8650.9111328125,48.0,25.16370964050293,137.0,113.36249542236328,687.0,515.3021850585938,2.0,4.632093906402588
test,3270,rule4ml,rule4ml/archive_2/bd5548e90a3ec8de981c3cb0530b5ae2.pt,49710.0,49071.49609375,6365.0,5232.3857421875,64.0,60.559059143066406,23.0,14.446426391601562,1105.0,929.7062377929688,9.0,7.368630409240723
test,3278,rule4ml,rule4ml/archive_2/cf911e52ca87a152ab213ee3d7dbf414.pt,29649.0,42991.59375,20231.0,21848.15625,0.0,0.0,10.0,8.65084457397461,840.0,572.3439331054688,16.0,9.732995986938477
test,3290,rule4ml,rule4ml/archive_2/e296617420c88f3d2005154d29a1581f.pt,121120.0,207093.3125,112352.0,103652.9140625,220.0,254.26034545898438,76.5,68.59992980957031,959.0,604.724609375,156.0,136.68661499023438
test,3311,rule4ml,rule4ml/archive_3/1d3ae7f2b1959ad4ceb82066b34e4843.pt,7043.0,5983.8818359375,4873.0,884.2073364257812,32.0,30.208127975463867,123.5,74.30701446533203,120.0,368.2342529296875,1.0,2.547360897064209
test,3312,rule4ml,rule4ml/archive_3/1edc30fd6622623a89f5fda4dd11ebfe.pt,42776.0,117954.015625,45742.0,85048.390625,181.0,385.12109375,83.0,43.10906219482422,412.0,425.51129150390625,40.0,34.18726348876953
test,3321,rule4ml,rule4ml/archive_3/2d3bf7dd79e86541e033b67df6595805.pt,94256.0,64992.26171875,38429.0,22911.267578125,149.0,181.0262908935547,28.5,14.048308372497559,671.0,471.4582824707031,28.0,8.950498580932617
test,3332,rule4ml,rule4ml/archive_3/42ab144f01d57a39720e483cccd70f8d.pt,178655.0,302343.34375,173033.0,146485.09375,5888.0,861.0872802734375,236.0,146.50050354003906,223.0,437.2796325683594,2.0,12.934200286865234
test,3344,rule4ml,rule4ml/archive_3/58e6e657e9b7e1346033523402c72911.pt,303018.0,189527.9375,181273.0,100431.53125,220.0,402.528076171875,197.0,106.56895446777344,685.0,497.28826904296875,8.0,9.101202011108398
test,3349,rule4ml,rule4ml/archive_3/6525c522aac153d069b607fb979a4c05.pt,37764.0,63496.625,17075.0,19660.41796875,154.0,159.46133422851562,41.5,28.951496124267578,439.0,286.6043701171875,6.0,10.0831880569458
test,3376,rule4ml,rule4ml/archive_3/b25d65de11147148214c45b4adfbffca.pt,2125.0,4991.0126953125,55.0,460.6856994628906,8.0,18.626483917236328,46.0,83.42918395996094,867.0,513.0296630859375,1.0,3.4787495136260986
test,3379,rule4ml,rule4ml/archive_3/c0c9a93cbe3ceaad1612986eda38288b.pt,6740.0,5582.39892578125,67.0,254.00390625,0.0,0.0,4.0,6.374269485473633,72.0,76.84251403808594,1.0,3.7401843070983887
test,3380,rule4ml,rule4ml/archive_3/c3b6b3ceb8f5084c79c0dfecdf95e041.pt,609385.0,352768.8125,170932.0,108044.5546875,220.0,1017.2156372070312,142.0,120.184326171875,116.0,394.771240234375,6.0,8.735507011413574
test,3388,rule4ml,rule4ml/archive_3/d0a0795f687d44bf562f687304ee9bb1.pt,2116.0,1476.1737060546875,3.0,25.954309463500977,0.0,0.0,80.5,89.43919372558594,217.0,297.7761535644531,1.0,3.3609964847564697
test,3394,rule4ml,rule4ml/archive_3/e3e96daf1f06a53589fa0df43cec0034.pt,33832.0,26937.251953125,12616.0,10104.94921875,220.0,380.1163635253906,13.0,49.992401123046875,229.0,741.2200927734375,3.0,26.259838104248047
test,3396,rule4ml,rule4ml/archive_3/ee14146f314d7dc7058f6318e3dd7b3a.pt,38147.0,45485.3828125,2522.0,3804.22412109375,32.0,33.576202392578125,5.5,8.242778778076172,57.0,321.06365966796875,2.0,2.2743303775787354
test,3397,rule4ml,rule4ml/archive_3/f163c6412ca9e14b905b6aade7c33ceb.pt,76275.0,98701.03125,47637.0,43308.2578125,0.0,0.0,25.0,32.25129318237305,907.0,638.9404907226562,16.0,11.274881362915039
test,3409,rule4ml,rule4ml/archive_4/0a928a232e0c7455fd8115576b1ff71f.pt,86939.0,76557.8671875,88195.0,48953.65625,220.0,307.9501953125,17.5,14.27938175201416,1089.0,578.9764404296875,156.0,128.34034729003906
test,3410,rule4ml,rule4ml/archive_4/0c8fe5455f887526a92964feef5e6035.pt,24631.0,35022.671875,127.0,1116.5341796875,0.0,0.0,78.0,50.38119125366211,528.0,444.2163391113281,1.0,3.9165685176849365
test,3420,rule4ml,rule4ml/archive_4/2d3c0b81cc618c0a89cb7a55d96c0ba2.pt,49561.0,22003.1484375,19292.0,8078.93408203125,90.0,141.07473754882812,5.5,7.217578411102295,267.0,297.0811462402344,28.0,10.281582832336426
test,3433,rule4ml,rule4ml/archive_4/4ec861dcf23df55a2f7c7e79c4773fa9.pt,3170.0,4696.90576171875,409.0,1919.2216796875,98.0,125.8712158203125,31.5,17.90066909790039,104.0,232.8986358642578,1.0,1.372395396232605
test,3434,rule4ml,rule4ml/archive_4/549a539a2b801c875a1b52bfbc61667f.pt,57595.0,57976.8515625,50079.0,41699.10546875,220.0,469.2821044921875,57.0,11.489678382873535,824.0,544.32373046875,32.0,9.255812644958496
test,3445,rule4ml,rule4ml/archive_4/69665507dcb361898217e89a5528c662.pt,36552.0,27347.900390625,17630.0,9528.0,256.0,130.4865264892578,28.0,14.878484725952148,112.0,152.6210174560547,7.0,9.09005355834961
test,3447,rule4ml,rule4ml/archive_4/704aa9e24c7cd1c104e3fe1bd971bb31.pt,53176.0,86264.234375,53538.0,29691.47265625,220.0,170.5906982421875,19.5,16.45742416381836,868.0,739.0262451171875,131.0,97.56970977783203
test,3454,rule4ml,rule4ml/archive_4/9008b2aa570b34cdab27419a5e85a359.pt,29680.0,82413.4609375,48758.0,51458.5703125,256.0,217.05160522460938,17.5,16.869592666625977,1472.0,1100.353759765625,156.0,259.0971374511719
test,3466,rule4ml,rule4ml/archive_4/ae4da2ac435e552272b954dd29f211e4.pt,214833.0,197365.3125,136561.0,107401.8515625,528.0,357.23284912109375,120.0,98.9508056640625,1795.0,1206.2972412109375,156.0,197.53057861328125
test,3470,rule4ml,rule4ml/archive_4/b2b008a9c8861976b3750110cd50a594.pt,17873.0,2201.314697265625,14888.0,2454.73046875,12.0,4.844852447509766,130.5,31.34671401977539,456.0,738.491455078125,4.0,15.774117469787598
test,3474,rule4ml,rule4ml/archive_4/be03d0b434a436aa7aba918057418f50.pt,65515.0,117226.3203125,2200.0,47149.67578125,2639.0,414.15509033203125,20.0,12.134439468383789,1061.0,912.8496704101562,2.0,9.773698806762695
test,3476,rule4ml,rule4ml/archive_4/c10e1255882a9a2d67ceb1dc447a54fb.pt,2341.0,1901.1285400390625,2331.0,2340.6435546875,0.0,0.0,2.5,6.4055867195129395,393.0,204.22015380859375,64.0,10.669240951538086
test,3481,rule4ml,rule4ml/archive_4/da97998944a51cc8d03dd3db6405e6c8.pt,112.0,465.35205078125,49.0,18.11279296875,0.0,0.0,4.5,26.264068603515625,1035.0,421.3621826171875,2.0,5.213927745819092
test,3482,rule4ml,rule4ml/archive_4/db5d645b590bdff4dedbf71eee68706a.pt,643280.0,148856.765625,102182.0,80212.953125,2520.0,759.97802734375,46.0,33.24222946166992,633.0,497.80462646484375,2.0,8.679783821105957
test,3484,rule4ml,rule4ml/archive_4/de75123bb8bf43bfd70ca187aafbb6d6.pt,57882.0,94140.1875,35558.0,33744.56640625,260.0,252.0186004638672,115.5,98.6044921875,751.0,652.723876953125,131.0,70.57489013671875
test,3485,rule4ml,rule4ml/archive_4/e254c796096e6846cc76ec457da6dfa9.pt,35295.0,55525.40625,18189.0,2675.01513671875,4.0,7.7183732986450195,77.5,116.69606018066406,533.0,434.6669616699219,4.0,2.0987701416015625
test,3491,rule4ml,rule4ml/archive_4/e903f30418f06f8b706b12a8ec5de0d8.pt,28519.0,45170.7578125,13410.0,13621.3662109375,112.0,98.99838256835938,36.5,29.188425064086914,166.0,188.5158233642578,7.0,10.246956825256348
test,3498,rule4ml,rule4ml/archive_4/efa2dbd75f7baecfda9bef1853ec7e5e.pt,16873.0,65686.6171875,12276.0,26946.3203125,0.0,0.0,26.5,17.350950241088867,293.0,100.86653137207031,32.0,8.617690086364746
test,3503,rule4ml,rule4ml/archive_4/fa71f4355a569050ee55b205dc657847.pt,20232.0,23179.603515625,9273.0,1065.102294921875,0.0,0.0,118.5,61.55191421508789,859.0,622.9361572265625,4.0,2.8081932067871094
exemplar,0,exemplar,exemplar/archive_1/0273888c-6100-46de-ba53-476666388e81.pt,21988.0,34904.796875,24276.0,39288.421875,0.0,8.032414436340332,5.0,5.681103706359863,6583.0,4423.42041015625,1296.0,918.166015625
exemplar,1,exemplar,exemplar/archive_1/08ceef03-f529-483b-9de4-b4b67e848d56.pt,6595.0,10727.751953125,8049.0,12193.7412109375,6.0,7.2837395668029785,1.0,2.1886491775512695,525.0,1225.5848388671875,192.0,447.1920166015625
exemplar,2,exemplar,exemplar/archive_1/0971e6d6-d73b-4833-aefc-bbae6dc5b505.pt,158971.0,238107.5,82018.0,206748.171875,66.0,159.45697021484375,0.0,0.0,619.0,583.58154296875,92.0,81.70048522949219
exemplar,3,exemplar,exemplar/archive_1/0b264399-9786-4e1d-95f5-b15ae9eef489.pt,7929.0,17592.23046875,8102.0,13339.18359375,3.0,28.309776306152344,4.0,0.0,502.0,264.3604431152344,128.0,30.693729400634766
exemplar,4,exemplar,exemplar/archive_1/0ca740a3-feef-4ee0-91b6-46f493ae36b2.pt,3349.0,8289.9013671875,3918.0,8339.060546875,2.0,6.870523929595947,1.0,2.2066447734832764,521.0,635.4888916015625,192.0,208.68019104003906
exemplar,5,exemplar,exemplar/archive_1/0e85b020-3749-4e4d-ac93-a44f053ea57b.pt,2913.0,4011.327392578125,2764.0,4318.13525390625,3.0,0.0,2.0,3.232858419418335,2631.0,620.053955078125,1024.0,239.1227264404297
exemplar,6,exemplar,exemplar/archive_1/1096f607-c024-4e57-a794-4bf4d2886e54.pt,6411.0,9470.134765625,1850.0,2039.726806640625,421.0,49.838890075683594,1.0,1.5066630840301514,25.0,205.76995849609375,1.0,7.263138771057129
exemplar,7,exemplar,exemplar/archive_1/12d641dd-5146-4c9f-911d-cf810823fff7.pt,3133.0,4167.84716796875,2898.0,4474.0888671875,5.0,0.0,2.0,3.31925892829895,2764.0,623.223876953125,1024.0,239.04660034179688
exemplar,8,exemplar,exemplar/archive_1/14689274-3866-4b30-b586-c404fc0eb7e3.pt,428.0,675.0037841796875,338.0,805.290283203125,0.0,0.0,0.0,3.537785530090332,16.0,142.11585998535156,1.0,32.22525405883789
exemplar,9,exemplar,exemplar/archive_1/182f2870-c640-40ba-987d-d85d5a889c32.pt,1011.0,1250.490478515625,223.0,95.06356048583984,3.0,24.80681800842285,0.0,1.9034172296524048,28.0,104.72808837890625,1.0,1.3784599304199219
exemplar,10,exemplar,exemplar/archive_1/1c3965f8-aac2-4e66-ae41-f24c4f7586e5.pt,37957.0,44172.35546875,9537.0,17943.470703125,2147.0,161.79910278320312,2.0,0.0,40.0,231.53237915039062,1.0,8.735084533691406
exemplar,11,exemplar,exemplar/archive_1/1d3a9271-bb21-46f7-a928-48272ce7193f.pt,21678.0,43195.44140625,36597.0,40280.640625,128.0,23.172853469848633,6.0,7.01389741897583,2905.0,2592.206787109375,1024.0,926.7866821289062
exemplar,12,exemplar,exemplar/archive_1/206dfc0c-9319-43c0-b4e3-b5bf034ef1bd.pt,5101.0,8816.146484375,1837.0,1283.652099609375,2.0,17.92949104309082,1.0,2.8258161544799805,53.0,213.44747924804688,12.0,18.772253036499023
exemplar,13,exemplar,exemplar/archive_1/247d9155-f7f3-4ed7-92d8-cb8bf564eaeb.pt,640.0,1801.2864990234375,7.0,254.30392456054688,3.0,0.0,0.0,2.750237226486206,23.0,290.8420715332031,1.0,47.93311309814453
exemplar,14,exemplar,exemplar/archive_1/250eb325-6f3c-4c11-9d82-2353ec7b3655.pt,3337.0,3984.578369140625,4167.0,4109.50634765625,5.0,12.058558464050293,2.0,2.9462130069732666,2876.0,644.3435668945312,1024.0,33.39469528198242
exemplar,15,exemplar,exemplar/archive_1/275c93ce-d31a-4833-97ca-00657c0684ec.pt,10504.0,7345.18603515625,6645.0,3847.228759765625,0.0,0.0,0.0,0.0,94.0,130.94313049316406,1.0,14.114377975463867
exemplar,16,exemplar,exemplar/archive_1/2b1ebd37-082b-44ce-80f1-5789f44e794d.pt,38685.0,44172.35546875,9433.0,17943.486328125,2126.0,161.79910278320312,2.0,0.0,40.0,231.53248596191406,1.0,8.735084533691406
exemplar,17,exemplar,exemplar/archive_1/2db30ca7-c3d9-421a-bd5f-13c2711d4758.pt,25110.0,21807.521484375,5955.0,13385.279296875,5.0,45.99333953857422,2.0,0.0,42.0,162.44235229492188,2.0,14.035350799560547
exemplar,18,exemplar,exemplar/archive_1/30e2c5f7-5a29-4903-8934-750ea19679e8.pt,3367.0,4909.4306640625,850.0,745.302734375,0.0,0.0,0.0,3.5112645626068115,25.0,122.05948638916016,5.0,15.695695877075195
exemplar,19,exemplar,exemplar/archive_1/317b26f4-5f81-4d40-a851-b24c3c44654c.pt,1023.0,1244.28125,16.0,36.81804275512695,5.0,8.312521934509277,0.0,1.073042392730713,523.0,352.0083923339844,1.0,1.0405330657958984
exemplar,20,exemplar,exemplar/archive_1/34c6a605-582c-4ac3-a672-21a86b84164d.pt,6439.0,12186.625,5621.0,5854.890625,2.0,4.875460147857666,0.0,2.176236867904663,301.0,1170.0306396484375,286.0,433.85772705078125
exemplar,21,exemplar,exemplar/archive_1/36213331-74e8-44ed-8da9-e209c6703607.pt,7448.0,19099.6953125,8953.0,16695.107421875,3.0,6.81275749206543,3.0,3.20292067527771,2630.0,1777.78955078125,1024.0,536.0223999023438
exemplar,22,exemplar,exemplar/archive_1/36b4d64d-8c42-4320-adc4-a82339843784.pt,1367.0,1253.886474609375,1337.0,950.8323364257812,2.0,8.791606903076172,0.0,1.6298964023590088,520.0,342.114501953125,192.0,123.4403305053711
exemplar,23,exemplar,exemplar/archive_1/371d50bf-1f3d-4d55-9d2d-9421bc2a01e2.pt,46584.0,24448.017578125,21444.0,19451.140625,2108.0,250.41510009765625,2.0,3.289045572280884,43.0,244.15476989746094,2.0,14.69663143157959
exemplar,24,exemplar,exemplar/archive_1/37a7c317-89f4-4554-91c5-68afcaf539c1.pt,2829.0,6459.662109375,1085.0,1759.0791015625,0.0,2.9581613540649414,0.0,1.6838932037353516,41.0,754.2605590820312,26.0,317.87103271484375
exemplar,25,exemplar,exemplar/archive_1/38f204fc-3e79-4077-93a0-3892a3ab85d2.pt,59846.0,31315.4609375,7409.0,24466.93359375,2278.0,408.25543212890625,2.0,3.690521478652954,533.0,542.1027221679688,2.0,8.939042091369629
exemplar,26,exemplar,exemplar/archive_1/3a3f2dca-5b03-44d4-9918-2282eb4440fb.pt,7192.0,4953.22265625,4704.0,6213.373046875,287.0,64.21488189697266,0.0,3.674828290939331,20.0,145.83811950683594,2.0,19.10826873779297
exemplar,27,exemplar,exemplar/archive_1/4107d0be-42b6-4158-9f36-c8a56530d5de.pt,26215.0,21222.248046875,5721.0,13061.5263671875,3.0,46.02287292480469,1.0,0.0,37.0,161.68299865722656,2.0,13.522611618041992
exemplar,28,exemplar,exemplar/archive_1/45c61271-60eb-4ff5-ba6f-246ba575185f.pt,2227.0,1662.318115234375,145.0,67.26383209228516,0.0,0.0,0.0,0.0,78.0,75.40587615966797,1.0,1.0703978538513184
exemplar,29,exemplar,exemplar/archive_1/46c56634-0933-47cc-9e72-89614aaa7251.pt,3323.0,6807.5888671875,3676.0,6151.26171875,2.0,17.555055618286133,2.0,3.314758539199829,329.0,202.94943237304688,96.0,20.899185180664062
exemplar,30,exemplar,exemplar/archive_1/4705b427-e733-41ed-bda3-6cc20c46fb96.pt,9817.0,7328.9365234375,5833.0,8784.75390625,422.0,62.23444366455078,1.0,2.167160987854004,29.0,206.25027465820312,2.0,9.549320220947266
exemplar,31,exemplar,exemplar/archive_1/4d39c459-d8e1-4de1-a8de-a7b376d0e510.pt,45414.0,139590.109375,17157.0,94437.46875,1970.0,296.09832763671875,7.0,6.731619834899902,283.0,359.022705078125,5.0,29.822025299072266
exemplar,32,exemplar,exemplar/archive_1/4d551fc6-7a68-4f90-a6b9-4c483baed59e.pt,5013.0,9148.2265625,4684.0,7212.970703125,128.0,72.90797424316406,0.0,2.6136136054992676,409.0,677.48095703125,64.0,81.813232421875
exemplar,33,exemplar,exemplar/archive_1/4d7af3a5-68b9-46b1-9875-78271f4a712b.pt,7489.0,16624.625,7842.0,14317.931640625,128.0,51.550086975097656,2.0,3.3958590030670166,3006.0,1809.237060546875,1024.0,543.9631958007812
exemplar,34,exemplar,exemplar/archive_1/4fe50b78-f06b-4441-a458-1445bd2d983a.pt,7423.0,19592.248046875,9003.0,17166.943359375,5.0,6.8138251304626465,3.0,3.280998706817627,2760.0,1825.0703125,1024.0,544.4111328125
exemplar,35,exemplar,exemplar/archive_1/52c0f586-1dea-422b-84cb-fcc178db7048.pt,7711.0,19592.248046875,9110.0,17166.943359375,5.0,6.813823223114014,3.0,3.2809982299804688,2763.0,1825.0703125,1024.0,544.411376953125
exemplar,36,exemplar,exemplar/archive_1/568fa7df-b876-4e31-bcb8-7dd7426d9616.pt,3194.0,4167.84716796875,2900.0,4474.0888671875,5.0,0.0,2.0,3.319257974624634,2765.0,623.223876953125,1024.0,239.04660034179688
exemplar,37,exemplar,exemplar/archive_1/6346baef-4016-4baa-95ca-4d01f340d884.pt,3112.0,4275.341796875,1909.0,3377.679931640625,5.0,25.671894073486328,0.0,3.190058469772339,41.0,212.89437866210938,3.0,27.304018020629883
exemplar,38,exemplar,exemplar/archive_1/641d2098-53ea-4e20-b11b-636ecfc4de3b.pt,5034.0,4058.387451171875,1683.0,3877.869384765625,0.0,0.0,0.0,3.832918643951416,19.0,125.40377807617188,2.0,20.020057678222656
exemplar,39,exemplar,exemplar/archive_1/64239147-5c4d-4f1c-b543-1bb26a6df2a6.pt,842.0,2485.124755859375,677.0,2126.889892578125,2.0,19.206409454345703,0.0,2.320842981338501,24.0,211.898193359375,1.0,26.726158142089844
exemplar,40,exemplar,exemplar/archive_1/67c490e4-5293-4931-a67a-efe1c2b8a712.pt,32622.0,46268.2265625,27846.0,36197.69921875,128.0,79.07667541503906,4.0,7.56012487411499,310.0,385.4736328125,9.0,48.982330322265625
exemplar,41,exemplar,exemplar/archive_1/6f78ee34-8249-459a-900a-d8aee5f203ad.pt,44213.0,24448.017578125,10168.0,19451.140625,2107.0,250.4152069091797,2.0,3.289045572280884,36.0,244.15476989746094,1.0,14.69663143157959
exemplar,42,exemplar,exemplar/archive_1/733d4346-c1e0-45cc-841d-62a798bbe60a.pt,56989.0,134115.0,55082.0,122436.3671875,149.0,189.80667114257812,4.0,7.438663482666016,693.0,625.8971557617188,98.0,119.10453796386719
exemplar,43,exemplar,exemplar/archive_1/74923cb9-abeb-4329-bb34-2e0714e33867.pt,7563.0,8701.2158203125,2302.0,6778.46435546875,2.0,24.082660675048828,1.0,3.4375689029693604,26.0,166.7189483642578,2.0,11.04883098602295
exemplar,44,exemplar,exemplar/archive_1/7ad022f0-031e-4928-8967-2a10e6ead5a5.pt,22907.0,22143.181640625,800.0,3997.209716796875,3.0,41.27103042602539,1.0,0.0,28.0,142.2496795654297,1.0,6.719932556152344
exemplar,45,exemplar,exemplar/archive_1/7ecb5102-3313-4c41-9586-c1ad1fd36c66.pt,109778.0,301991.1875,29872.0,153879.0625,5853.0,823.851806640625,0.0,0.0,90.0,123.59672546386719,1.0,17.213560104370117
exemplar,46,exemplar,exemplar/archive_1/7f402bb4-51cf-485d-bc52-6ee172ca14fa.pt,5895.0,4949.49169921875,6753.0,7207.22119140625,8.0,28.09239959716797,2.0,1.9388004541397095,328.0,238.42449951171875,96.0,27.923614501953125
exemplar,47,exemplar,exemplar/archive_1/8317cf35-eefa-4791-bcf7-f4065665fd13.pt,5111.0,4058.387451171875,1702.0,3877.869384765625,0.0,0.0,0.0,3.832919120788574,19.0,125.40377807617188,2.0,20.020069122314453
exemplar,48,exemplar,exemplar/archive_1/840fcf94-ccfc-43d8-b7c2-d33799fa8aa8.pt,3334.0,3984.578369140625,4118.0,4109.50634765625,5.0,12.058558464050293,2.0,2.9462125301361084,2876.0,644.3435668945312,1024.0,33.39467239379883
exemplar,49,exemplar,exemplar/archive_1/84384e9c-dbd4-42f2-9768-d6071fed7642.pt,45548.0,42632.17578125,35581.0,40932.703125,9.0,9.482611656188965,2.0,4.640770435333252,2171.0,2776.032470703125,2143.0,855.53515625
exemplar,50,exemplar,exemplar/archive_1/85e17655-4ec7-4dde-bbe4-d48bacfaa343.pt,36.0,234.20428466796875,1.0,8.280481338500977,0.0,0.0,0.0,2.8267202377319336,13.0,83.07532501220703,1.0,5.7121686935424805
exemplar,51,exemplar,exemplar/archive_1/86a7fb3e-bc83-41fa-894f-d57ab0a037c1.pt,7222.0,8510.7421875,4720.0,7473.998046875,282.0,245.61624145507812,0.0,4.127748012542725,20.0,86.329345703125,2.0,4.048720836639404
exemplar,52,exemplar,exemplar/archive_1/8c5001d5-58f2-49e9-a6bb-2ae23830866f.pt,25884.0,39069.203125,14460.0,16552.763671875,128.0,71.2478256225586,6.0,6.263638019561768,292.0,304.37030029296875,12.0,20.327693939208984
exemplar,53,exemplar,exemplar/archive_1/8d2bea12-85c5-4b4c-802c-3390a356a35e.pt,9199.0,5941.0859375,7911.0,3541.19384765625,0.0,0.0,3.0,0.0,821.0,147.07498168945312,144.0,15.43405532836914
exemplar,54,exemplar,exemplar/archive_1/8e75be00-7e3e-4f3d-8aa1-3e913ec040ec.pt,46262.0,139589.96875,28091.0,94437.46875,1998.0,296.09832763671875,4.0,6.731621265411377,305.0,359.022705078125,9.0,29.822025299072266
exemplar,55,exemplar,exemplar/archive_1/90c22023-a457-4031-8dcc-74aa8742c717.pt,91.0,234.20428466796875,1.0,8.280476570129395,0.0,0.0,0.0,2.8267202377319336,13.0,83.07532501220703,1.0,5.7121686935424805
exemplar,56,exemplar,exemplar/archive_1/933de88a-1fe8-4497-b8cf-66fe9146b0e0.pt,10507.0,7345.1787109375,6645.0,3847.22509765625,0.0,0.0,0.0,0.0,94.0,130.94313049316406,1.0,14.114377975463867
exemplar,57,exemplar,exemplar/archive_1/93c8fe85-cd4d-4b53-a93f-688a737d92ef.pt,2795.0,6459.662109375,771.0,1759.0791015625,0.0,2.9581613540649414,0.0,1.6838934421539307,33.0,754.2605590820312,21.0,317.8711853027344
exemplar,58,exemplar,exemplar/archive_1/93f027a8-36c7-4159-b997-fa581ea23d40.pt,55888.0,69533.6171875,34051.0,66978.8671875,27.0,67.40596771240234,2.0,0.0,408.0,415.9413757324219,103.0,70.49657440185547
exemplar,59,exemplar,exemplar/archive_1/94394a1c-cebb-41b5-97ba-053c2cbb4444.pt,6967.0,8802.2998046875,7374.0,7099.875,128.0,70.81707000732422,0.0,2.612635850906372,958.0,686.0888061523438,128.0,87.29270935058594
exemplar,60,exemplar,exemplar/archive_1/9748b154-4100-4641-a2d4-c9e8328e837d.pt,24744.0,35865.75,19067.0,10951.666015625,128.0,72.49496459960938,4.0,5.818978309631348,306.0,256.5,9.0,12.477720260620117
exemplar,61,exemplar,exemplar/archive_1/990eb8b7-92c6-40ca-b679-e3cbaa3024b6.pt,16360.0,19428.1875,28255.0,24893.12109375,10.0,25.26388931274414,3.0,4.462455749511719,2872.0,1815.77978515625,1024.0,367.00335693359375
exemplar,62,exemplar,exemplar/archive_1/9a9a9339-a608-467c-91a9-1a3f6a783e95.pt,62820.0,128697.8125,2597.0,88821.6328125,0.0,70.79276275634766,0.0,0.0,82.0,300.80169677734375,1.0,50.76035690307617
exemplar,63,exemplar,exemplar/archive_1/9bce92a8-b4b7-42eb-a5e4-15f5d4f3c872.pt,11925.0,23774.078125,15471.0,25376.5859375,26.0,102.44001007080078,6.0,3.9686245918273926,584.0,401.4193420410156,160.0,58.37763214111328
exemplar,64,exemplar,exemplar/archive_1/9c3ee7e5-a98f-4ec9-9b34-0d1baaa3da26.pt,39506.0,48058.3671875,64013.0,50624.01171875,133.0,28.34219741821289,7.0,7.618385314941406,2909.0,3158.666748046875,1024.0,959.4098510742188
exemplar,65,exemplar,exemplar/archive_1/9c51cef1-e8be-4066-85b1-e69bbe003acc.pt,62726.0,145761.421875,2597.0,60494.3984375,0.0,385.9305725097656,0.0,0.0,82.0,61.42914581298828,1.0,8.922080039978027
exemplar,66,exemplar,exemplar/archive_1/a2d0b7bd-e241-47cf-9b48-c8d5b31a4dfb.pt,52808.0,66018.71875,30535.0,63437.671875,24.0,67.19762420654297,1.0,0.0,401.0,410.6451416015625,101.0,69.02035522460938
exemplar,67,exemplar,exemplar/archive_1/a7ab27fb-bd8e-4dfb-bc4f-fc37b71e548c.pt,2769.0,4190.75439453125,1763.0,3323.354248046875,3.0,25.296100616455078,0.0,3.18532395362854,35.0,211.66757202148438,2.0,27.158504486083984
exemplar,68,exemplar,exemplar/archive_1/a7fcc3e0-563d-4404-9467-f86818191469.pt,10528.0,7345.1787109375,6645.0,3847.228759765625,0.0,0.0,0.0,0.0,94.0,130.94313049316406,1.0,14.114396095275879
exemplar,69,exemplar,exemplar/archive_1/a84153c9-baad-493e-b043-331117736a38.pt,26154.0,39069.203125,11148.0,16552.763671875,128.0,71.2478256225586,7.0,6.263640880584717,285.0,304.37030029296875,5.0,20.327693939208984
exemplar,70,exemplar,exemplar/archive_1/ab107bcf-9e12-42e0-9b1a-bf08d137f970.pt,61095.0,45369.0546875,5272.0,43928.52734375,0.0,10.115448951721191,0.0,5.816341400146484,98.0,3245.92138671875,19.0,600.1119995117188
exemplar,71,exemplar,exemplar/archive_1/af019597-795a-45fb-af20-0492e247f185.pt,7535.0,4953.22265625,3360.0,6213.373046875,281.0,64.21491241455078,0.0,3.674828290939331,15.0,145.83819580078125,1.0,19.10826301574707
exemplar,72,exemplar,exemplar/archive_1/b19f2e4b-4590-4abd-a767-7530be27f889.pt,27733.0,21807.521484375,5435.0,13385.279296875,5.0,45.993324279785156,2.0,0.0,36.0,162.4425048828125,1.0,14.035350799560547
exemplar,73,exemplar,exemplar/archive_1/b43c3d48-b63e-4826-8f80-4f21daca2b4f.pt,2911.0,4890.5712890625,2758.0,4113.80078125,5.0,10.571541786193848,14.0,2.1645939350128174,537.0,516.3685302734375,3.0,10.219202995300293
exemplar,74,exemplar,exemplar/archive_1/b656d259-da97-4fd2-982a-eae002500fb2.pt,2806.0,3583.62158203125,2566.0,3108.85888671875,3.0,22.56961441040039,1.0,3.510962963104248,502.0,209.37591552734375,128.0,28.842531204223633
exemplar,75,exemplar,exemplar/archive_1/b85933b6-f63c-4af0-aa76-bbf3f5b74598.pt,64713.0,46826.984375,48949.0,39265.1953125,10.0,18.223392486572266,2.0,4.686623573303223,2239.0,1701.58544921875,1715.0,277.38323974609375
exemplar,76,exemplar,exemplar/archive_1/bb07fdf6-0145-43fa-b254-ae7790bd0390.pt,5228.0,10715.736328125,897.0,964.0045166015625,2.0,25.938800811767578,1.0,2.9688878059387207,24.0,163.0552978515625,1.0,6.340253829956055
exemplar,77,exemplar,exemplar/archive_1/bfc05050-5933-4357-afc0-782c3c9871d3.pt,72372.0,45211.53125,37872.0,19224.021484375,32.0,136.97276306152344,2.0,2.8205618858337402,881.0,717.7052001953125,102.0,16.90558624267578
exemplar,78,exemplar,exemplar/archive_1/c50b7d06-2743-447e-8d30-7d44ffd86fa1.pt,6127.0,10715.736328125,771.0,964.0050048828125,2.0,25.938800811767578,1.0,2.9688892364501953,24.0,163.0553741455078,1.0,6.340253829956055
exemplar,79,exemplar,exemplar/archive_1/c50bdf2e-0abe-43fc-8139-06cf5e73816b.pt,1357.0,2006.1483154296875,1278.0,1631.8134765625,2.0,17.395902633666992,0.0,2.25882887840271,329.0,213.4971923828125,96.0,29.055879592895508
exemplar,80,exemplar,exemplar/archive_1/c547deb4-f314-4e7d-9e7b-88bda5d6f7ff.pt,4920.0,10767.361328125,63.0,2450.921875,275.0,160.4818878173828,0.0,4.74254035949707,14.0,74.67655944824219,1.0,3.044018030166626
exemplar,81,exemplar,exemplar/archive_1/c554422a-7e7f-40d8-88a4-8c54a0a92d59.pt,3337.0,3984.578369140625,4118.0,4109.50634765625,5.0,12.058558464050293,2.0,2.9462130069732666,2876.0,644.3435668945312,1024.0,33.39469528198242
exemplar,82,exemplar,exemplar/archive_1/c76f45c1-2e16-422b-b87f-0befcb5d1cc0.pt,33986.0,42200.03125,1592.0,16643.359375,2019.0,163.93661499023438,1.0,0.0,28.0,229.97254943847656,1.0,8.24775218963623
exemplar,83,exemplar,exemplar/archive_1/cc933a28-ea40-4c6e-94eb-19bb770284e0.pt,14151.0,21127.453125,17032.0,21226.62109375,9.0,8.852140426635742,3.0,3.4371070861816406,2760.0,2740.55810546875,1024.0,896.5213012695312
exemplar,84,exemplar,exemplar/archive_1/d2f9b92b-36b8-4913-bf89-d73b70e688b6.pt,74.0,264.1158142089844,1.0,9.386412620544434,0.0,0.0,0.0,2.547226667404175,13.0,86.80585479736328,1.0,3.557999610900879
exemplar,85,exemplar,exemplar/archive_1/d555c2bc-0669-45e4-91b5-39d9ebf234a6.pt,76.0,662.485595703125,5.0,28.016332626342773,2.0,8.101741790771484,0.0,1.3945767879486084,15.0,222.67506408691406,1.0,28.06983757019043
exemplar,86,exemplar,exemplar/archive_1/d624f608-06d4-4b6b-b0a4-1fd09b11f9a5.pt,57420.0,45369.0546875,8222.0,43928.52734375,0.0,10.115448951721191,0.0,5.816341400146484,96.0,3245.92138671875,17.0,600.1123046875
exemplar,87,exemplar,exemplar/archive_1/dcec6b57-a6cd-442a-b467-1dd0d8a02ccf.pt,60408.0,31315.4609375,27260.0,24466.95703125,2300.0,408.2552185058594,2.0,3.690521478652954,540.0,542.1027221679688,3.0,8.939046859741211
exemplar,88,exemplar,exemplar/archive_1/dd09668d-3c30-4aad-9f96-919ce4bedbf0.pt,52892.0,66018.71875,32809.0,63437.671875,24.0,67.1976547241211,1.0,0.0,397.0,410.6447448730469,99.0,69.02032470703125
exemplar,89,exemplar,exemplar/archive_1/e0877d2d-c62b-4796-be5f-96c63aefb754.pt,9596.0,7328.9365234375,4242.0,8784.75390625,423.0,62.234474182128906,1.0,2.167161703109741,24.0,206.25027465820312,1.0,9.549315452575684
exemplar,90,exemplar,exemplar/archive_1/e3f6f73c-985e-45e2-8dfd-c8eeaf9b40da.pt,85.0,724.8941650390625,5.0,34.067298889160156,2.0,17.274768829345703,0.0,1.3860973119735718,15.0,123.84548950195312,1.0,2.729780912399292
exemplar,91,exemplar,exemplar/archive_1/e6a82969-b2e7-4bf3-ba16-00307a537ca0.pt,6445.0,4949.49169921875,7587.0,7207.22119140625,8.0,28.092391967773438,2.0,1.9388004541397095,333.0,238.42449951171875,96.0,27.923627853393555
exemplar,92,exemplar,exemplar/archive_1/e78a5e99-9c04-4b9b-be44-a1b0d34a316b.pt,32764.0,46268.2265625,28186.0,36197.69921875,128.0,79.0766372680664,4.0,7.56012487411499,309.0,385.4736328125,9.0,48.982330322265625
exemplar,93,exemplar,exemplar/archive_1/e7919f10-29bd-4777-b4cc-29dbe353cd1c.pt,35600.0,44172.3125,1624.0,17943.470703125,2091.0,161.79910278320312,2.0,0.0,32.0,231.53237915039062,1.0,8.735089302062988
exemplar,94,exemplar,exemplar/archive_1/e8403995-eed4-4ab2-bad9-4ab7a8a95220.pt,9741.0,18191.703125,14518.0,19891.365234375,5.0,4.912115097045898,3.0,3.546356678009033,2872.0,1630.0921630859375,1024.0,304.7987060546875
exemplar,95,exemplar,exemplar/archive_1/e87f94ad-6357-4f1e-8148-702cc5865918.pt,738.0,1801.287353515625,7.0,254.30392456054688,3.0,0.0,0.0,2.7502379417419434,23.0,290.8420715332031,1.0,47.93311309814453
exemplar,96,exemplar,exemplar/archive_1/e89c3f49-0a65-47bb-8ace-4c65db6d108b.pt,21260.0,34904.796875,23944.0,39288.421875,0.0,8.032414436340332,5.0,5.681102752685547,6581.0,4423.42041015625,1296.0,918.166015625
exemplar,97,exemplar,exemplar/archive_1/e9e2bcad-ffaa-477a-93b0-5d0493070787.pt,15128.0,21127.453125,18973.0,21226.62109375,9.0,8.852140426635742,4.0,3.4371070861816406,2767.0,2740.55810546875,1024.0,896.5213012695312
exemplar,98,exemplar,exemplar/archive_1/f47f94f0-87d1-4681-9dcc-02c2cb74fd5a.pt,2236.0,1662.318115234375,145.0,67.26390075683594,0.0,0.0,0.0,0.0,78.0,75.40587615966797,1.0,1.070395827293396
exemplar,99,exemplar,exemplar/archive_1/f7965c2f-28df-4155-9306-bfef8953a6be.pt,3057.0,4011.327392578125,2828.0,4318.1396484375,3.0,0.0,2.0,3.2328569889068604,2630.0,620.05419921875,1024.0,239.12283325195312
exemplar,100,exemplar,exemplar/archive_2/01525b57-2df4-49a4-8b44-6082bf153f1c.pt,8073.0,7408.34765625,3359.0,9787.755859375,267.0,5.69404411315918,0.0,1.7865402698516846,15.0,1020.9756469726562,1.0,489.2281799316406
exemplar,101,exemplar,exemplar/archive_2/01f697c6-b10b-4565-8590-f81514e880c9.pt,2904.0,4890.5712890625,2680.0,4113.80078125,5.0,10.57153606414795,14.0,2.16459321975708,537.0,516.3685302734375,3.0,10.219198226928711
exemplar,102,exemplar,exemplar/archive_2/0551c9ea-59f7-4e4a-87c0-37df99b26573.pt,21176.0,43195.44140625,32593.0,40280.640625,128.0,23.172853469848633,8.0,7.01389741897583,2889.0,2592.206787109375,1024.0,926.7866821289062
exemplar,103,exemplar,exemplar/archive_2/05f0ccd2-98cf-4535-93c2-1d3e77a9b07c.pt,24862.0,86105.6796875,22177.0,46440.58984375,0.0,103.87769317626953,6.0,0.0,821.0,367.50311279296875,144.0,64.55015563964844
exemplar,104,exemplar,exemplar/archive_2/0755003d-fac1-4914-9051-bc9a85e03624.pt,9525.0,18595.23046875,7874.0,9477.0107421875,6.0,7.93572473526001,1.0,2.456244945526123,438.0,1327.7344970703125,422.0,404.7813720703125
exemplar,105,exemplar,exemplar/archive_2/085e0d62-34ae-4f6e-8eaf-6c9695beccbf.pt,717.0,1801.287353515625,83.0,254.30404663085938,3.0,0.0,0.0,2.750237226486206,26.0,290.8421936035156,1.0,47.933135986328125
exemplar,106,exemplar,exemplar/archive_2/08899062-2fac-4cd8-8c35-4678076c0341.pt,9984.0,7361.029296875,6970.0,2436.504150390625,8.0,23.677082061767578,1.0,1.341099500656128,275.0,258.6194763183594,84.0,29.728057861328125
exemplar,107,exemplar,exemplar/archive_2/118ec27f-9c9b-4bde-83fa-26ff090691b8.pt,22404.0,26121.42578125,3219.0,17888.791015625,3.0,6.539595603942871,1.0,3.9453396797180176,69.0,1601.3463134765625,45.0,461.6492004394531
exemplar,108,exemplar,exemplar/archive_2/121c5201-0714-4c8a-b636-a8f195ba5a03.pt,10823.0,18191.703125,14535.0,19891.365234375,5.0,4.912117004394531,3.0,3.546356201171875,2875.0,1630.0921630859375,1024.0,304.7987060546875
exemplar,109,exemplar,exemplar/archive_2/18aa6349-af5a-4ca3-83cd-47dc55381cf4.pt,42742.0,39212.6171875,44659.0,42314.88671875,6.0,11.363001823425293,2.0,6.270029544830322,6581.0,4436.4736328125,1296.0,881.519287109375
exemplar,110,exemplar,exemplar/archive_2/1c92271f-850d-4e3c-968f-1dead1ccdaa5.pt,3301.0,8289.9013671875,3878.0,8339.060546875,2.0,6.870523929595947,1.0,2.2066452503204346,520.0,635.4888916015625,192.0,208.68028259277344
exemplar,111,exemplar,exemplar/archive_2/1d7221e2-8d8e-4e81-b2e3-b52c9202ec83.pt,26374.0,21222.228515625,5371.0,13061.5263671875,3.0,46.02287292480469,1.0,0.0,32.0,161.68299865722656,1.0,13.522618293762207
exemplar,112,exemplar,exemplar/archive_2/1fb9d731-44fe-4908-bcb5-265067f24c3e.pt,138432.0,184040.265625,31416.0,79643.09375,5833.0,1640.2470703125,0.0,0.0,95.0,171.00767517089844,2.0,35.51433563232422
exemplar,113,exemplar,exemplar/archive_2/1feebb8f-df74-4410-90ca-979c51199bfe.pt,5391.0,10727.751953125,7192.0,12193.7412109375,6.0,7.283737659454346,1.0,2.1886491775512695,520.0,1225.5848388671875,192.0,447.1922302246094
exemplar,114,exemplar,exemplar/archive_2/205c6f44-b54e-4065-8e6d-b654978246be.pt,383.0,806.5557861328125,281.0,865.5771484375,0.0,0.0,0.0,3.2858548164367676,18.0,143.42001342773438,1.0,20.633846282958984
exemplar,115,exemplar,exemplar/archive_2/249c5897-9354-48ad-b5a5-0cac1690c152.pt,981.0,1297.6724853515625,86.0,78.36771392822266,5.0,9.420434951782227,0.0,1.8114670515060425,528.0,471.2069396972656,1.0,5.37568998336792
exemplar,116,exemplar,exemplar/archive_2/2ab1a76c-9907-4d18-bf5d-09fe5d1a4db6.pt,5991.0,10715.736328125,640.0,964.0045166015625,2.0,25.938800811767578,1.0,2.9688892364501953,23.0,163.0552978515625,1.0,6.340253829956055
exemplar,117,exemplar,exemplar/archive_2/2fa8fb20-8946-461e-9867-f56d2b13bcff.pt,6967.0,8802.2998046875,7374.0,7099.875,128.0,70.81707000732422,0.0,2.612635374069214,958.0,686.0888061523438,128.0,87.29270935058594
exemplar,118,exemplar,exemplar/archive_2/359b58b7-0326-4a93-956a-4b2eaa583f53.pt,4627.0,5301.0439453125,1647.0,6613.04296875,0.0,4.055477619171143,0.0,1.5048294067382812,20.0,729.997802734375,2.0,407.83685302734375
exemplar,119,exemplar,exemplar/archive_2/3748ff96-bb56-46fe-8e84-6d00af316083.pt,127.0,662.485595703125,35.0,28.016332626342773,2.0,8.101739883422852,0.0,1.3945761919021606,17.0,222.6748504638672,1.0,28.06983757019043
exemplar,120,exemplar,exemplar/archive_2/375a3000-6499-4100-b3f4-ed7ccfa6efa9.pt,21623.0,27645.93359375,1838.0,10912.91015625,3.0,30.207653045654297,1.0,0.0,42.0,225.32850646972656,12.0,27.169878005981445
exemplar,121,exemplar,exemplar/archive_2/3c4f0518-cd12-4c04-a710-7ac6af24b36b.pt,20483.0,24126.83984375,28917.0,22973.123046875,31.0,229.58453369140625,5.0,3.593689203262329,1087.0,676.5608520507812,160.0,25.946033477783203
exemplar,122,exemplar,exemplar/archive_2/3c5398da-d7cf-47aa-97b4-bd7c74fcb34c.pt,2913.0,4011.327392578125,2764.0,4318.13525390625,3.0,0.0,2.0,3.2328574657440186,2631.0,620.0536499023438,1024.0,239.12283325195312
exemplar,123,exemplar,exemplar/archive_2/4090a3d7-2624-4487-bc49-3a11e7cb7c9c.pt,24753.0,51334.16796875,21240.0,43111.9375,128.0,20.912883758544922,4.0,6.658717632293701,315.0,2277.770751953125,52.0,755.781494140625
exemplar,124,exemplar,exemplar/archive_2/431255d8-05e7-48b2-8e7e-f16b51ca6522.pt,45063.0,39212.6171875,44698.0,42314.88671875,6.0,11.363001823425293,3.0,6.270030498504639,6581.0,4436.4736328125,1296.0,881.519287109375
exemplar,125,exemplar,exemplar/archive_2/49637ef4-da70-4343-b00b-3e757a368528.pt,7430.0,8510.7421875,3359.0,7473.998046875,293.0,245.6161346435547,0.0,4.127748012542725,16.0,86.329345703125,1.0,4.048720836639404
exemplar,126,exemplar,exemplar/archive_2/49a75271-725b-4791-bf1f-7d5927b40ac3.pt,7388.0,7408.34765625,4159.0,9787.755859375,291.0,5.694045066833496,0.0,1.7865406274795532,20.0,1020.9756469726562,2.0,489.2281799316406
exemplar,127,exemplar,exemplar/archive_2/4ae47494-a6f6-48d1-87e7-ebfcc0ae914c.pt,6113.0,12186.625,5607.0,5854.884765625,2.0,4.875460147857666,0.0,2.176236867904663,309.0,1170.0306396484375,296.0,433.8575134277344
exemplar,128,exemplar,exemplar/archive_2/51118e02-295c-4b79-937d-7dbad6a2c0d2.pt,24112.0,22766.115234375,816.0,4201.037109375,5.0,40.87553787231445,2.0,0.0,32.0,141.9255828857422,1.0,6.818675994873047
exemplar,129,exemplar,exemplar/archive_2/581844f6-d44a-43db-be68-0b45f3b7344d.pt,483.0,675.00341796875,376.0,805.28955078125,0.0,0.0,0.0,3.537785530090332,15.0,142.11585998535156,1.0,32.22526168823242
exemplar,130,exemplar,exemplar/archive_2/5983ca74-e282-412a-b2f0-489327a9ccea.pt,1723.0,2822.57421875,800.0,454.605712890625,107.0,72.27420043945312,0.0,1.4644944667816162,270.0,269.9639892578125,1.0,2.357191801071167
exemplar,131,exemplar,exemplar/archive_2/5b16206e-bc49-4eb0-8532-21e989df898d.pt,33728.0,46268.2265625,28029.0,36197.69921875,128.0,79.07667541503906,4.0,7.56012487411499,310.0,385.4736328125,9.0,48.982330322265625
exemplar,132,exemplar,exemplar/archive_2/5f97c105-e8db-4856-99c8-6f244035d9f6.pt,24869.0,10956.263671875,3028.0,493.0273742675781,5.0,10.74069595336914,2.0,1.8814889192581177,552.0,461.6132507324219,11.0,3.3182637691497803
exemplar,133,exemplar,exemplar/archive_2/6452b03d-2f7b-488d-90ed-e4c45432f442.pt,24520.0,86105.6796875,22669.0,46440.58984375,0.0,103.87763977050781,6.0,0.0,823.0,367.50311279296875,144.0,64.55021667480469
exemplar,134,exemplar,exemplar/archive_2/64bda8fc-695e-49c2-8e02-09ed011f9f98.pt,7253.0,8510.7421875,4651.0,7473.998046875,282.0,245.6161346435547,0.0,4.127747535705566,20.0,86.32929992675781,2.0,4.048723220825195
exemplar,135,exemplar,exemplar/archive_2/653010fa-d67d-4455-a52a-5586456f6387.pt,22165.0,27645.93359375,1876.0,10912.91015625,3.0,30.207653045654297,1.0,0.0,42.0,225.32861328125,11.0,27.169878005981445
exemplar,136,exemplar,exemplar/archive_2/65f2dd57-ee52-4db0-87b2-6b1d5c5edfc4.pt,122.0,851.8224487304688,44.0,44.39418029785156,2.0,19.813644409179688,0.0,1.3343260288238525,18.0,120.48645782470703,1.0,2.1398680210113525
exemplar,137,exemplar,exemplar/archive_2/6feffc6b-567e-4b36-bad3-e4c57ab9cec2.pt,414.0,675.0037841796875,338.0,805.290283203125,0.0,0.0,0.0,3.537785530090332,18.0,142.11585998535156,1.0,32.22525405883789
exemplar,138,exemplar,exemplar/archive_2/71fc7a21-01aa-4f22-8f37-e9b5e3e23654.pt,1017.0,1119.510498046875,24.0,92.97029876708984,5.0,23.22723388671875,0.0,2.162911891937256,27.0,102.32647705078125,1.0,1.529125452041626
exemplar,139,exemplar,exemplar/archive_2/71ff4609-1463-4d28-9ef0-cef1641b5731.pt,64296.0,46826.984375,45559.0,39265.1953125,10.0,18.223392486572266,2.0,4.686624526977539,2215.0,1701.58544921875,1692.0,277.38323974609375
exemplar,140,exemplar,exemplar/archive_2/720c1054-ed10-46fc-86fc-9d4dc4b5fc1d.pt,6311.0,12186.625,5375.0,5854.890625,2.0,4.875460147857666,0.0,2.176236867904663,298.0,1170.0306396484375,285.0,433.85772705078125
exemplar,141,exemplar,exemplar/archive_2/753db279-3897-4e89-a08d-a46c207dc829.pt,60890.0,128697.8125,7075.0,88821.6328125,0.0,70.79276275634766,0.0,0.0,93.0,300.80169677734375,2.0,50.76035690307617
exemplar,142,exemplar,exemplar/archive_2/7b0a48f6-26f7-4734-8ff2-b2389721cf8b.pt,64315.0,46826.984375,48353.0,39265.1953125,10.0,18.22339630126953,2.0,4.686624526977539,2241.0,1701.58544921875,1717.0,277.38323974609375
exemplar,143,exemplar,exemplar/archive_2/7eb90940-c8fc-46eb-b334-63c1540139b5.pt,49.0,264.1158142089844,1.0,9.386412620544434,0.0,0.0,0.0,2.547226667404175,13.0,86.80593872070312,1.0,3.5580060482025146
exemplar,144,exemplar,exemplar/archive_2/88525790-1f2d-4b08-abd1-87d93fbfa721.pt,7423.0,19592.248046875,9003.0,17166.943359375,5.0,6.8138251304626465,3.0,3.280998706817627,2760.0,1825.0703125,1024.0,544.4111328125
exemplar,145,exemplar,exemplar/archive_2/88562b99-cdec-44f1-a048-2808b2e91b5d.pt,3337.0,3984.574462890625,4118.0,4109.50634765625,5.0,12.058558464050293,2.0,2.946213483810425,2877.0,644.3435668945312,1024.0,33.39467239379883
exemplar,146,exemplar,exemplar/archive_2/8858c4d4-cdcf-46ad-8093-195db8550140.pt,26082.0,20248.955078125,2632.0,5625.85205078125,5.0,4.109267711639404,2.0,2.545896530151367,564.0,1412.110595703125,40.0,184.13699340820312
exemplar,147,exemplar,exemplar/archive_2/8fb92d64-ae75-49a3-83d4-b20cc8facacb.pt,14150.0,21127.43359375,17032.0,21226.62109375,9.0,8.852137565612793,3.0,3.4371070861816406,2760.0,2740.55810546875,1024.0,896.5213012695312
exemplar,148,exemplar,exemplar/archive_2/8fc296f2-d676-4db0-8fca-4aad1c0f9562.pt,7448.0,19099.6953125,8953.0,16695.107421875,3.0,6.81275749206543,3.0,3.20292067527771,2630.0,1777.78955078125,1024.0,536.0223999023438
exemplar,149,exemplar,exemplar/archive_2/92338979-551d-417d-b540-907ba3e43cdf.pt,29043.0,24126.83984375,37083.0,22973.123046875,31.0,229.58453369140625,5.0,3.593689203262329,1087.0,676.5608520507812,160.0,25.946033477783203
exemplar,150,exemplar,exemplar/archive_2/9313be69-b1d3-4511-8970-154a74b6e9a1.pt,2114.0,1975.297119140625,145.0,56.778724670410156,0.0,0.0,0.0,0.0,78.0,69.1986083984375,1.0,0.6002044677734375
exemplar,151,exemplar,exemplar/archive_2/9484c0eb-623f-4785-b182-7fa5cc18e87e.pt,13661.0,21127.453125,17018.0,21226.62109375,9.0,8.852137565612793,3.0,3.4371070861816406,2760.0,2740.55810546875,1024.0,896.5213012695312
exemplar,152,exemplar,exemplar/archive_2/9847d2cf-f15c-4505-8b8d-f64ac3998050.pt,24672.0,21222.248046875,5377.0,13061.5263671875,3.0,46.02287292480469,1.0,0.0,32.0,161.68299865722656,1.0,13.522611618041992
exemplar,153,exemplar,exemplar/archive_2/991f13af-b7f2-4986-8d9a-67446552fda3.pt,4933.0,10029.71875,1767.0,2996.192138671875,2.0,5.63050651550293,1.0,2.347766637802124,80.0,659.0963745117188,65.0,175.8485870361328
exemplar,154,exemplar,exemplar/archive_2/9bf554fc-02eb-4516-9e17-0417c78bcfc4.pt,825.0,1867.33251953125,132.0,281.21929931640625,5.0,0.0,0.0,2.813084363937378,32.0,290.4305725097656,1.0,47.068382263183594
exemplar,155,exemplar,exemplar/archive_2/9e988320-f57a-4fd9-9af6-e0dd6526b45f.pt,3337.0,3984.574462890625,4118.0,4109.50634765625,5.0,12.058558464050293,2.0,2.946213483810425,2877.0,644.3435668945312,1024.0,33.39467239379883
exemplar,156,exemplar,exemplar/archive_2/a191dd12-d602-4bc6-aaf3-c8cb908fd702.pt,26532.0,39069.203125,19612.0,16552.763671875,128.0,71.24786376953125,4.0,6.263638973236084,309.0,304.37030029296875,9.0,20.327693939208984
exemplar,157,exemplar,exemplar/archive_2/a1fe7c8f-9a29-4f21-ae4d-1839cca18741.pt,141209.0,56250.1640625,87556.0,59337.26953125,12.0,11.889206886291504,0.0,6.727356910705566,3055.0,3986.996337890625,2976.0,744.3980102539062
exemplar,158,exemplar,exemplar/archive_2/aa61c13f-4b69-4075-914c-dd0ce3023d0a.pt,2010.0,9563.1884765625,1245.0,4779.85595703125,114.0,51.49708938598633,0.0,2.557568073272705,272.0,903.8069458007812,1.0,55.720680236816406
exemplar,159,exemplar,exemplar/archive_2/aacf0ac9-db95-4fcc-8c4d-aecbc270036b.pt,11924.0,23774.0546875,15471.0,25376.5859375,26.0,102.43986511230469,6.0,3.968620538711548,584.0,401.4193420410156,160.0,58.37763214111328
exemplar,160,exemplar,exemplar/archive_2/ab159ae2-584e-4dcd-a535-87f562c45533.pt,5311.0,10767.37109375,1379.0,2450.921875,285.0,160.48196411132812,0.0,4.74254035949707,20.0,74.67655944824219,1.0,3.044019937515259
exemplar,161,exemplar,exemplar/archive_2/aec95022-1104-4ae4-a2f5-570b3651b52c.pt,6738.0,8802.2998046875,9529.0,7099.875,128.0,70.81707000732422,0.0,2.6126351356506348,962.0,686.0888061523438,128.0,87.29270935058594
exemplar,162,exemplar,exemplar/archive_2/af819660-64bf-4cba-9691-9f108cad6317.pt,5391.0,10727.751953125,7192.0,12193.7294921875,6.0,7.283737659454346,1.0,2.1886489391326904,520.0,1225.5848388671875,192.0,447.1922302246094
exemplar,163,exemplar,exemplar/archive_2/af92a7a9-9199-47a1-b0a9-5342e82f3648.pt,34873.0,48058.3671875,51955.0,50624.01171875,133.0,28.342205047607422,9.0,7.618385314941406,2886.0,3158.666748046875,1024.0,959.4102783203125
exemplar,164,exemplar,exemplar/archive_2/b09aaa61-8f84-4cf9-a06d-599c34d35835.pt,59062.0,31315.4609375,7409.0,24466.93359375,2290.0,408.2552185058594,2.0,3.6905221939086914,533.0,542.1027221679688,2.0,8.939046859741211
exemplar,165,exemplar,exemplar/archive_2/b2a102d6-2db3-4141-a7c7-ed4324a7263b.pt,42567.0,122960.3671875,41403.0,96323.609375,54.0,239.4286346435547,9.0,0.0,821.0,639.1260986328125,144.0,109.53838348388672
exemplar,166,exemplar,exemplar/archive_2/b880a011-7afd-4691-9c3b-f599fcac6507.pt,21678.0,43195.44140625,36597.0,40280.640625,128.0,23.172853469848633,6.0,7.01389741897583,2905.0,2592.206787109375,1024.0,926.7866821289062
exemplar,167,exemplar,exemplar/archive_2/b9edb958-f6ba-439a-ba1f-5dc57457d87b.pt,5341.0,8816.146484375,1413.0,1283.652099609375,2.0,17.92949104309082,1.0,2.825817108154297,46.0,213.44747924804688,12.0,18.772262573242188
exemplar,168,exemplar,exemplar/archive_2/ba32d4dc-3186-4b4c-b1d4-340affbac563.pt,3398.0,3984.578369140625,4169.0,4109.50634765625,5.0,12.058558464050293,2.0,2.9462125301361084,2877.0,644.3435668945312,1024.0,33.39468002319336
exemplar,169,exemplar,exemplar/archive_2/ba3d991d-2cd4-44eb-8a4a-4686a9a792e5.pt,9430.0,5941.0859375,7945.0,3541.19384765625,0.0,0.0,3.0,0.0,822.0,147.07498168945312,144.0,15.43404769897461
exemplar,170,exemplar,exemplar/archive_2/bd8316b7-d3b7-49ff-9167-f583a6f7f78a.pt,12949.0,23774.078125,15545.0,25376.5859375,26.0,102.4399642944336,6.0,3.968621253967285,584.0,401.4193420410156,160.0,58.37763214111328
exemplar,171,exemplar,exemplar/archive_2/c3443d82-ae16-48f6-a622-6ce65bee8aca.pt,955.0,1297.6724853515625,43.0,78.36771392822266,5.0,9.420434951782227,0.0,1.8114670515060425,527.0,471.2066955566406,1.0,5.375687122344971
exemplar,172,exemplar,exemplar/archive_2/c3a185b3-0e34-4a6a-9e0f-ff2533cfe862.pt,3142.0,8289.9013671875,3917.0,8339.052734375,2.0,6.87052059173584,1.0,2.206644058227539,521.0,635.4885864257812,192.0,208.68019104003906
exemplar,173,exemplar,exemplar/archive_2/c4f9c274-e5de-425d-b846-794493bdb601.pt,26314.0,20248.955078125,958.0,5625.85205078125,5.0,4.109267711639404,2.0,2.545896291732788,546.0,1412.110595703125,23.0,184.13690185546875
exemplar,174,exemplar,exemplar/archive_2/c7058331-3595-4e04-a0e6-5f31ca0ee832.pt,6665.0,19099.6953125,8866.0,16695.107421875,3.0,6.81275749206543,3.0,3.20292067527771,2628.0,1777.78955078125,1024.0,536.0223999023438
exemplar,175,exemplar,exemplar/archive_2/c91f1953-c631-4fc6-ac39-e58cdf044715.pt,84.0,234.20440673828125,1.0,8.280476570129395,0.0,0.0,0.0,2.82672119140625,12.0,83.07532501220703,1.0,5.7121686935424805
exemplar,176,exemplar,exemplar/archive_2/cb4208e9-f4ec-4508-a127-e61713fa4427.pt,1083.0,1283.49462890625,183.0,100.64997863769531,5.0,25.121662139892578,0.0,1.8997565507888794,33.0,104.74946594238281,1.0,1.3322827816009521
exemplar,177,exemplar,exemplar/archive_2/cbe41495-f713-4951-a5ab-bfc09d0b62ef.pt,24983.0,35865.75,20118.0,10951.65625,128.0,72.49496459960938,4.0,5.818978309631348,307.0,256.5,9.0,12.477720260620117
exemplar,178,exemplar,exemplar/archive_2/cdbce098-85d7-472c-ab93-3fd7760cf305.pt,10021.0,7361.029296875,7133.0,2436.501708984375,8.0,23.67706871032715,1.0,1.341099500656128,274.0,258.6194763183594,82.0,29.728042602539062
exemplar,179,exemplar,exemplar/archive_2/cdfa8f37-89f2-4dd4-a946-19c2e5ded11b.pt,2112.0,2822.57421875,1084.0,454.60595703125,113.0,72.27420043945312,0.0,1.4644944667816162,270.0,269.9639892578125,1.0,2.357191801071167
exemplar,180,exemplar,exemplar/archive_2/cf9ebcf6-3e99-4143-965c-4e208570a8ed.pt,103.0,662.4849243164062,21.0,28.016332626342773,2.0,8.101739883422852,0.0,1.394575595855713,17.0,222.67495727539062,1.0,28.06983757019043
exemplar,181,exemplar,exemplar/archive_2/d421446f-6e66-43e0-9f09-f49746ab729a.pt,20143.0,43195.44140625,30349.0,40280.640625,128.0,23.172853469848633,9.0,7.01389741897583,2886.0,2592.206787109375,1024.0,926.7866821289062
exemplar,182,exemplar,exemplar/archive_2/d8b32d50-b3cf-432b-bb5b-b8f535ce714c.pt,9619.0,15851.5751953125,8367.0,16883.298828125,0.0,0.0,4.0,3.143106460571289,6581.0,2243.771728515625,1296.0,715.484130859375
exemplar,183,exemplar,exemplar/archive_2/dcb74e34-ca5a-486e-86d9-d9a6040d1c0e.pt,2909.0,6459.662109375,1051.0,1759.0791015625,0.0,2.958162307739258,0.0,1.6838935613632202,41.0,754.2605590820312,26.0,317.8711853027344
exemplar,184,exemplar,exemplar/archive_2/dd00795c-3e46-41f8-b2ef-d07178c68303.pt,5308.0,9148.2265625,6923.0,7212.970703125,128.0,72.90800476074219,0.0,2.613612651824951,414.0,677.48095703125,64.0,81.813232421875
exemplar,185,exemplar,exemplar/archive_2/dd6967a6-6467-4056-a70b-bf30ac5ce5a8.pt,24764.0,10956.263671875,3054.0,493.0273742675781,5.0,10.74069595336914,2.0,1.88148832321167,548.0,461.6132507324219,10.0,3.3182575702667236
exemplar,186,exemplar,exemplar/archive_2/df404ea2-7749-44ca-9f48-4e40bcbbcccc.pt,34873.0,48058.3671875,51955.0,50624.01171875,133.0,28.342205047607422,9.0,7.618387699127197,2886.0,3158.666748046875,1024.0,959.4098510742188
exemplar,187,exemplar,exemplar/archive_2/e1d7bcd5-74f3-4ba8-98fa-8fd7e8e53d4c.pt,4950.0,5382.41796875,1682.0,3460.00048828125,0.0,0.0,0.0,2.8766870498657227,19.0,77.49591827392578,2.0,5.254472255706787
exemplar,188,exemplar,exemplar/archive_2/e206f89f-6722-4b7b-aa5e-1da854f3c74f.pt,27004.0,11773.25390625,331.0,478.7705078125,5.0,12.829874038696289,2.0,1.894728183746338,527.0,370.81146240234375,1.0,1.6699466705322266
exemplar,189,exemplar,exemplar/archive_2/e3ca47f3-9ba7-4a01-a793-27142befd25c.pt,47382.0,24448.017578125,21390.0,19451.140625,2100.0,250.41510009765625,2.0,3.289045572280884,43.0,244.15476989746094,2.0,14.69663143157959
exemplar,190,exemplar,exemplar/archive_2/e52443e5-a588-4cfc-9d56-0d24ba75bb95.pt,6719.0,8034.27294921875,5572.0,3866.695556640625,4.0,52.11530303955078,0.0,4.2651567459106445,127.0,130.88587951660156,86.0,20.01688575744629
exemplar,191,exemplar,exemplar/archive_2/e871b1d9-adf7-4508-b8d5-8ba960b2e566.pt,22003.0,21807.521484375,6714.0,13385.279296875,5.0,45.99333953857422,2.0,0.0,43.0,162.44235229492188,2.0,14.035350799560547
exemplar,192,exemplar,exemplar/archive_2/e8e67ed2-6a32-4e3a-9a24-1a5b7a5d7691.pt,3057.0,4011.327392578125,2828.0,4318.13525390625,3.0,0.0,2.0,3.2328574657440186,2630.0,620.053955078125,1024.0,239.12283325195312
exemplar,193,exemplar,exemplar/archive_2/eaa44c08-a035-4803-ab47-513783efb3a7.pt,62507.0,128697.8125,2597.0,88821.6328125,0.0,70.79276275634766,0.0,0.0,82.0,300.80169677734375,1.0,50.76035690307617
exemplar,194,exemplar,exemplar/archive_2/ee25387d-83ea-4d27-a105-d01ae8728a92.pt,692.0,1082.2545166015625,7.0,86.90928649902344,3.0,22.762653350830078,0.0,2.170780897140503,23.0,102.52039337158203,1.0,1.5906221866607666
exemplar,195,exemplar,exemplar/archive_2/f1752ca3-1640-4967-938c-5272dc274596.pt,19721.0,24126.83984375,27649.0,22973.1015625,31.0,229.58453369140625,5.0,3.593689203262329,1080.0,676.5611572265625,160.0,25.946033477783203
exemplar,196,exemplar,exemplar/archive_2/f1d40b09-efc4-448c-b6d0-d6a3f43e3b8e.pt,137.0,662.4849243164062,33.0,28.016319274902344,2.0,8.101739883422852,0.0,1.394575834274292,17.0,222.6748504638672,1.0,28.06982421875
exemplar,197,exemplar,exemplar/archive_2/f5b0a3bb-2a24-4ea7-9add-17c93d3d1e7f.pt,7531.0,7408.34765625,4195.0,9787.755859375,279.0,5.694045543670654,0.0,1.7865406274795532,20.0,1020.9756469726562,2.0,489.2284240722656
exemplar,198,exemplar,exemplar/archive_2/f724084e-64df-4b4c-88a0-1dc091f01bcd.pt,2863.0,6459.662109375,867.0,1759.0791015625,0.0,2.9581613540649414,0.0,1.6838932037353516,39.0,754.2605590820312,27.0,317.8711853027344
exemplar,199,exemplar,exemplar/archive_2/fe04f4ae-8adb-4468-832b-52fe73541363.pt,7557.0,8701.2158203125,2268.0,6778.46435546875,2.0,24.082666397094727,1.0,3.4375696182250977,24.0,166.7189483642578,1.0,11.048819541931152
exemplar,200,exemplar,exemplar/archive_3/06583efc-f9a7-4a60-af97-acc52a47cf4d.pt,5052.0,10767.37109375,1402.0,2450.921875,292.0,160.48196411132812,0.0,4.74254035949707,20.0,74.67655944824219,1.0,3.044019937515259
exemplar,201,exemplar,exemplar/archive_3/08d11c63-55b7-499f-975d-fd09bd12dc53.pt,2280.0,9563.1884765625,421.0,4779.85595703125,107.0,51.49708938598633,0.0,2.5575685501098633,266.0,903.8069458007812,1.0,55.720680236816406
exemplar,202,exemplar,exemplar/archive_3/0bd10243-a38d-4bdd-bbe8-5e29012bae94.pt,1096.0,1119.510498046875,183.0,92.97029876708984,5.0,23.22722816467285,0.0,2.162911891937256,33.0,102.32658386230469,1.0,1.529126763343811
exemplar,203,exemplar,exemplar/archive_3/0d2973d0-80d2-4ac3-8942-1bfab430d8fb.pt,32667.0,46268.2265625,30766.0,36197.69921875,128.0,79.0766372680664,19.0,7.56012487411499,310.0,385.4736328125,9.0,48.982330322265625
exemplar,204,exemplar,exemplar/archive_3/0eb34ec2-1755-44cf-9fd1-ae1eda09f0b7.pt,41337.0,122960.3671875,41195.0,96323.609375,54.0,239.4286346435547,9.0,0.0,821.0,639.12548828125,144.0,109.538330078125
exemplar,205,exemplar,exemplar/archive_3/0f110dec-cdf6-4850-b898-f98be71240f5.pt,700.0,1250.490478515625,7.0,95.06360626220703,3.0,24.80681800842285,0.0,1.9034172296524048,23.0,104.72808837890625,1.0,1.3784599304199219
exemplar,206,exemplar,exemplar/archive_3/12ecbf82-8a28-44e1-b2ab-06f8e50cea97.pt,7404.0,8701.2158203125,2268.0,6778.46435546875,2.0,24.082660675048828,1.0,3.4375696182250977,24.0,166.7189483642578,1.0,11.048819541931152
exemplar,207,exemplar,exemplar/archive_3/1388fecd-67a1-45ac-8157-fc0f8d2f0a05.pt,46486.0,39212.6171875,47589.0,42314.88671875,6.0,11.363001823425293,3.0,6.270030498504639,6588.0,4436.4736328125,1296.0,881.519287109375
exemplar,208,exemplar,exemplar/archive_3/13fb640f-1e24-47fd-bb39-25b8d08a824d.pt,12949.0,23774.078125,15545.0,25376.5859375,26.0,102.44001007080078,6.0,3.9686241149902344,584.0,401.4191589355469,160.0,58.37763214111328
exemplar,209,exemplar,exemplar/archive_3/1850c071-2916-4efd-ae6e-47fc45672aeb.pt,72366.0,45211.53125,37663.0,19224.021484375,32.0,136.97276306152344,2.0,2.8205623626708984,887.0,717.7052001953125,113.0,16.905595779418945
exemplar,210,exemplar,exemplar/archive_3/1b2d4669-b746-4295-9d6f-a209f5d3b340.pt,26216.0,20248.955078125,1328.0,5625.85205078125,5.0,4.109267234802246,2.0,2.545896530151367,552.0,1412.110595703125,29.0,184.13690185546875
exemplar,211,exemplar,exemplar/archive_3/1d4d5e23-1d85-41d4-a3f9-b1a83d23c34b.pt,7381.0,4953.22265625,3336.0,6213.373046875,285.0,64.21488189697266,0.0,3.674828290939331,15.0,145.83804321289062,1.0,19.10826873779297
exemplar,212,exemplar,exemplar/archive_3/1e583b76-4ef7-4e53-a161-03b8f8430ed8.pt,21914.0,26121.42578125,2056.0,17888.791015625,3.0,6.539597511291504,1.0,3.9453396797180176,63.0,1601.34716796875,40.0,461.6492004394531
exemplar,213,exemplar,exemplar/archive_3/21ae4549-1aff-4723-9c89-74015a97c167.pt,2589.0,1975.297119140625,653.0,56.77866744995117,0.0,0.0,0.0,0.0,83.0,69.19857025146484,1.0,0.6002036929130554
exemplar,214,exemplar,exemplar/archive_3/2259df4b-da56-4694-8ebf-a250b93cf8f5.pt,61375.0,31315.4609375,19858.0,24466.93359375,2286.0,408.2552185058594,2.0,3.690521478652954,538.0,542.1027221679688,2.0,8.939046859741211
exemplar,215,exemplar,exemplar/archive_3/232fe499-7681-4c8a-b15d-0864a56edfd4.pt,2852.0,4190.75439453125,1780.0,3323.354248046875,3.0,25.296100616455078,0.0,3.185323476791382,34.0,211.66757202148438,2.0,27.158504486083984
exemplar,216,exemplar,exemplar/archive_3/2366c0f3-3d8a-4ba5-a1e5-4448a419d2fd.pt,3095.0,3687.255126953125,2700.0,3170.07763671875,5.0,23.208415985107422,1.0,3.516004800796509,588.0,210.29278564453125,160.0,28.97252655029297
exemplar,217,exemplar,exemplar/archive_3/28eb748c-eb75-4d49-9730-91b175a03814.pt,5088.0,5301.048828125,1678.0,6613.04296875,0.0,4.055478096008301,0.0,1.5048298835754395,16.0,729.997802734375,1.0,407.8370361328125
exemplar,218,exemplar,exemplar/archive_3/2911e90a-d77a-49df-ad2e-6d3041ef039d.pt,140500.0,56250.1640625,86778.0,59337.26953125,12.0,11.889206886291504,0.0,6.727356910705566,3058.0,3986.996337890625,2979.0,744.3980102539062
exemplar,219,exemplar,exemplar/archive_3/2b4a4eaf-94fc-43b7-bd1e-9ae39557e259.pt,55665.0,69533.6171875,31596.0,66978.8671875,27.0,67.40589904785156,2.0,0.0,398.0,415.9413757324219,103.0,70.49657440185547
exemplar,220,exemplar,exemplar/archive_3/2cba8c1f-4f72-400a-b18f-1905a649a686.pt,10513.0,7345.1787109375,6645.0,3847.228759765625,0.0,0.0,0.0,0.0,95.0,130.94325256347656,1.0,14.11439323425293
exemplar,221,exemplar,exemplar/archive_3/2eed692f-7176-4ea9-bbef-c95f4bd43b45.pt,21176.0,43195.44140625,32593.0,40280.640625,128.0,23.172853469848633,8.0,7.01389741897583,2889.0,2592.206787109375,1024.0,926.7866821289062
exemplar,222,exemplar,exemplar/archive_3/305dc971-6cb9-4479-8da4-3ed6a2167a44.pt,9619.0,15851.5908203125,8367.0,16883.298828125,0.0,0.0,4.0,3.1431074142456055,6581.0,2243.77294921875,1296.0,715.484130859375
exemplar,223,exemplar,exemplar/archive_3/37871b96-f93e-4673-a7c8-d7a71505804b.pt,6448.0,10715.736328125,230.0,964.0040283203125,2.0,25.938800811767578,1.0,2.9688892364501953,18.0,163.0553741455078,1.0,6.340253829956055
exemplar,224,exemplar,exemplar/archive_3/37996d69-2677-4717-ae97-cde6bd8748be.pt,905.0,1867.330810546875,151.0,281.2189025878906,5.0,0.0,0.0,2.813084363937378,33.0,290.4305725097656,1.0,47.0683708190918
exemplar,225,exemplar,exemplar/archive_3/3864614f-2506-48de-b994-99ae08ca30de.pt,9619.0,15851.5751953125,8367.0,16883.298828125,0.0,0.0,4.0,3.143106460571289,6581.0,2243.770751953125,1296.0,715.484130859375
exemplar,226,exemplar,exemplar/archive_3/3a7ddf40-4818-4f21-9614-7429c3608ef7.pt,3367.0,4579.12451171875,4037.0,4120.87060546875,5.0,9.45726203918457,1.0,2.3976891040802,1085.0,526.9514770507812,160.0,11.427556991577148
exemplar,227,exemplar,exemplar/archive_3/3c34c8dd-6143-4349-ba49-9db7514afb35.pt,72892.0,45211.48828125,35638.0,19224.001953125,32.0,136.97276306152344,2.0,2.820561408996582,873.0,717.7052001953125,101.0,16.905595779418945
exemplar,228,exemplar,exemplar/archive_3/3c3922e9-8e61-4c70-96f8-df25f0a19bf7.pt,5238.0,5382.41796875,1731.0,3460.00048828125,0.0,0.0,0.0,2.876687526702881,19.0,77.49591827392578,2.0,5.254478454589844
exemplar,229,exemplar,exemplar/archive_3/41564015-3c26-45b3-975a-6e027e49d63d.pt,993.0,1244.2806396484375,26.0,36.81804275512695,5.0,8.31252384185791,0.0,1.073042392730713,524.0,352.008544921875,1.0,1.0405330657958984
exemplar,230,exemplar,exemplar/archive_3/41c44d85-1b9b-468f-a8cd-379651170f92.pt,1367.0,1253.885986328125,1337.0,950.8323364257812,2.0,8.791606903076172,0.0,1.6298961639404297,520.0,342.114501953125,192.0,123.4403305053711
exemplar,231,exemplar,exemplar/archive_3/467481bc-1cd4-4fe9-89ba-205dac892ea5.pt,1363.0,2801.4052734375,747.0,481.61407470703125,117.0,71.2599868774414,0.0,1.4993950128555298,270.0,275.34991455078125,1.0,2.5220584869384766
exemplar,232,exemplar,exemplar/archive_3/49f1f8f6-4127-4a44-9242-241f59f88c5e.pt,26907.0,21807.521484375,5435.0,13385.279296875,5.0,45.99334716796875,2.0,0.0,36.0,162.44235229492188,1.0,14.035344123840332
exemplar,233,exemplar,exemplar/archive_3/4df0be4b-66c4-43cd-95f6-183ce806d41e.pt,158260.0,238107.265625,90216.0,206748.171875,66.0,159.4566650390625,0.0,0.0,626.0,583.5821533203125,92.0,81.70053100585938
exemplar,234,exemplar,exemplar/archive_3/513a25e1-b5eb-493a-81eb-2c6783edec5c.pt,5004.0,8816.146484375,1937.0,1283.652099609375,2.0,17.92949104309082,1.0,2.825817108154297,49.0,213.44747924804688,12.0,18.772253036499023
exemplar,235,exemplar,exemplar/archive_3/526a1c2b-6fb4-4058-81df-1804a76c3555.pt,399.0,806.555419921875,319.0,865.5763549804688,0.0,0.0,0.0,3.2858548164367676,16.0,143.41995239257812,1.0,20.633834838867188
exemplar,236,exemplar,exemplar/archive_3/5339e381-b42d-4d17-af6e-9f012b8a4e95.pt,9745.0,15548.84375,14215.0,12716.935546875,5.0,15.501354217529297,4.0,2.4550788402557373,1080.0,539.7736206054688,160.0,12.414102554321289
exemplar,237,exemplar,exemplar/archive_3/58a5481a-b506-4e99-b4fb-49575de3138b.pt,21086.0,26643.70703125,3624.0,18483.75,5.0,6.647456169128418,2.0,4.003915786743164,70.0,1639.95361328125,42.0,467.3731384277344
exemplar,238,exemplar,exemplar/archive_3/59f7052a-5874-4452-a75a-0ac2831b9d84.pt,21591.0,22766.115234375,3552.0,4201.037109375,5.0,40.87553787231445,2.0,0.0,39.0,141.9256591796875,1.0,6.818675994873047
exemplar,239,exemplar,exemplar/archive_3/5b52039c-4c2d-4e64-a978-c21785ee7c6b.pt,3057.0,4011.327392578125,2828.0,4318.13525390625,3.0,0.0,2.0,3.2328574657440186,2630.0,620.0536499023438,1024.0,239.12283325195312
exemplar,240,exemplar,exemplar/archive_3/62825ea7-7137-4533-92d7-d441af4c40ba.pt,12478.0,15548.84375,14237.0,12716.935546875,5.0,15.501354217529297,4.0,2.455078363418579,1083.0,539.7736206054688,160.0,12.414109230041504
exemplar,241,exemplar,exemplar/archive_3/64224705-c771-420a-9f84-1c001366ba33.pt,14078.0,23774.0546875,17206.0,25376.5859375,26.0,102.4399642944336,6.0,3.968622922897339,591.0,401.4193420410156,160.0,58.37763214111328
exemplar,242,exemplar,exemplar/archive_3/645258ad-eb6e-4363-bf0c-9fda5164f36b.pt,9507.0,15851.5751953125,8401.0,16883.298828125,0.0,0.0,4.0,3.143106460571289,6582.0,2243.770751953125,1296.0,715.484130859375
exemplar,243,exemplar,exemplar/archive_3/69d67690-ef91-4389-b6a9-704f1e89952c.pt,3367.0,4579.12451171875,4037.0,4120.87060546875,5.0,9.45726203918457,1.0,2.3976895809173584,1085.0,526.9514770507812,160.0,11.427558898925781
exemplar,244,exemplar,exemplar/archive_3/6ee6e354-d81a-46f4-a113-c16e881419db.pt,7448.0,8510.7421875,3359.0,7473.998046875,282.0,245.61624145507812,0.0,4.127748012542725,15.0,86.329345703125,1.0,4.048720836639404
exemplar,245,exemplar,exemplar/archive_3/6f0ca42f-3067-45a1-a683-4042133a9202.pt,78.0,662.484619140625,5.0,28.016292572021484,2.0,8.101739883422852,0.0,1.3945764303207397,15.0,222.6748504638672,1.0,28.06982421875
exemplar,246,exemplar,exemplar/archive_3/714d7039-2846-4e1e-a836-7bbcc8b6289a.pt,120.0,724.89453125,48.0,34.067352294921875,2.0,17.274768829345703,0.0,1.38609778881073,18.0,123.84548950195312,1.0,2.7297844886779785
exemplar,247,exemplar,exemplar/archive_3/765100ca-9941-475f-92bd-c0304625006e.pt,34970.0,65169.02734375,48853.0,61647.921875,149.0,251.02220153808594,8.0,8.343381881713867,841.0,625.3244018554688,128.0,125.58206939697266
exemplar,248,exemplar,exemplar/archive_3/7a8292e7-d54f-47e7-939d-07247297c66a.pt,6500.0,12186.625,5446.0,5854.884765625,2.0,4.875460147857666,0.0,2.176236867904663,288.0,1170.0306396484375,275.0,433.85772705078125
exemplar,249,exemplar,exemplar/archive_3/7ca5352c-c08e-405a-81fc-ad9b893bbb74.pt,3337.0,3984.578369140625,4118.0,4109.50634765625,5.0,12.058558464050293,2.0,2.9462130069732666,2876.0,644.3435668945312,1024.0,33.39469528198242
exemplar,250,exemplar,exemplar/archive_3/7efb5b4e-0e1d-4b1e-a030-e65c830dba5d.pt,29649.0,16164.5478515625,3871.0,11542.337890625,5.0,19.593461990356445,2.0,2.368633270263672,532.0,440.3709716796875,1.0,7.515277862548828
exemplar,251,exemplar,exemplar/archive_3/7fde29f5-7a7e-4430-bd5a-d53d331c76fd.pt,2039.0,2801.4052734375,1009.0,481.61407470703125,112.0,71.2599868774414,0.0,1.4993948936462402,270.0,275.34991455078125,1.0,2.522056818008423
exemplar,252,exemplar,exemplar/archive_3/84f243ce-de91-4e4e-82df-037ca151348d.pt,20159.0,43852.76171875,35143.0,37217.73828125,128.0,83.13804626464844,6.0,8.073603630065918,856.0,455.34954833984375,128.0,63.36161422729492
exemplar,253,exemplar,exemplar/archive_3/85ddd60e-a64f-419e-8b38-b5166d5ad1b1.pt,44605.0,139590.109375,18280.0,94437.46875,2005.0,296.0986328125,6.0,6.731619834899902,286.0,359.022705078125,6.0,29.822040557861328
exemplar,254,exemplar,exemplar/archive_3/86d4e5a5-73ae-4efb-a82b-74835eb253df.pt,1507.0,2801.4052734375,1068.0,481.61407470703125,106.0,71.2599868774414,0.0,1.4993951320648193,272.0,275.34991455078125,1.0,2.5220584869384766
exemplar,255,exemplar,exemplar/archive_3/8a1b09f4-8b12-4e3a-95b9-58b27dae1b27.pt,7939.0,17967.8046875,8237.0,13587.1123046875,5.0,28.327167510986328,4.0,0.0,584.0,267.2470703125,160.0,31.906681060791016
exemplar,256,exemplar,exemplar/archive_3/8be9ce88-19c5-490e-8054-80f1eb75f145.pt,130.0,724.89453125,44.0,34.06733322143555,2.0,17.274768829345703,0.0,1.3860973119735718,18.0,123.84548950195312,1.0,2.729780912399292
exemplar,257,exemplar,exemplar/archive_3/8db4404b-d427-4fdb-bb09-ea2dbd1df722.pt,15128.0,21127.453125,18973.0,21226.62109375,9.0,8.852137565612793,4.0,3.4371070861816406,2767.0,2740.55810546875,1024.0,896.5213012695312
exemplar,258,exemplar,exemplar/archive_3/908de307-aeee-4cfe-95b0-46ab568997c4.pt,21170.0,26643.70703125,3792.0,18483.75,5.0,6.647458076477051,2.0,4.003915786743164,69.0,1639.9527587890625,41.0,467.3731384277344
exemplar,259,exemplar,exemplar/archive_3/933b3c35-b647-4b59-9bcd-f042466674b6.pt,2083.0,9563.1884765625,959.0,4779.85595703125,105.0,51.49708938598633,0.0,2.5575685501098633,270.0,903.8069458007812,1.0,55.720706939697266
exemplar,260,exemplar,exemplar/archive_3/93d9e5bf-7351-4866-8514-29bc581b2375.pt,43520.0,42323.28125,32449.0,40605.8671875,7.0,9.40008544921875,1.0,4.610203742980957,2051.0,2725.46826171875,2028.0,832.511474609375
exemplar,261,exemplar,exemplar/archive_3/93e43f7b-8376-46b6-99c5-66025727bea6.pt,1324.0,2006.1483154296875,1279.0,1631.81494140625,2.0,17.395902633666992,0.0,2.258829116821289,328.0,213.4971923828125,96.0,29.055879592895508
exemplar,262,exemplar,exemplar/archive_3/95c22d49-3c60-4de8-aaf1-50d771902c6f.pt,902.0,2485.124755859375,766.0,2126.890869140625,2.0,19.206409454345703,0.0,2.320842981338501,26.0,211.898193359375,1.0,26.726158142089844
exemplar,263,exemplar,exemplar/archive_3/9842c884-7992-4951-a284-bf50d8e97b05.pt,25409.0,10956.263671875,2298.0,493.0278625488281,5.0,10.74069595336914,2.0,1.88148832321167,546.0,461.6132507324219,8.0,3.3182618618011475
exemplar,264,exemplar,exemplar/archive_3/9f921d58-91bf-4b62-8e1d-b95c556b3e67.pt,73160.0,45211.53125,38475.0,19224.021484375,32.0,136.97276306152344,2.0,2.8205623626708984,881.0,717.7052001953125,108.0,16.905603408813477
exemplar,265,exemplar,exemplar/archive_3/a045e629-9ce5-4a46-98d1-f46171bbc5d7.pt,53357.0,64319.84765625,61963.0,63009.453125,133.0,22.032886505126953,4.0,6.326173305511475,2147.0,2909.73095703125,1884.0,816.611328125
exemplar,266,exemplar,exemplar/archive_3/aa38623f-8522-4555-a87c-1e5aee2b9c6c.pt,2316.0,10097.6748046875,290.0,3560.399658203125,0.0,0.0,0.0,2.6892902851104736,80.0,1368.3790283203125,1.0,322.6144714355469
exemplar,267,exemplar,exemplar/archive_3/acdcfe80-36b1-402d-9fda-579b9cd12e61.pt,7526.0,8701.2158203125,2268.0,6778.46435546875,2.0,24.082666397094727,1.0,3.4375696182250977,24.0,166.7189483642578,1.0,11.048819541931152
exemplar,268,exemplar,exemplar/archive_3/b379766c-1fc4-4ddd-8c8f-01671d294e2d.pt,350.0,1566.7640380859375,262.0,1745.7742919921875,0.0,0.0,0.0,2.0841732025146484,18.0,379.1864929199219,1.0,309.9305725097656
exemplar,269,exemplar,exemplar/archive_3/bb6cc7af-5692-4f06-a0d7-5ed5799c9d61.pt,2233.0,1662.318115234375,290.0,67.26380157470703,0.0,0.0,0.0,0.0,80.0,75.4059066772461,1.0,1.0703978538513184
exemplar,270,exemplar,exemplar/archive_3/be33a535-98f4-49a5-99b7-fe08cd80c49a.pt,802.0,1801.28564453125,148.0,254.30416870117188,3.0,0.0,0.0,2.750237464904785,27.0,290.8420715332031,1.0,47.93311309814453
exemplar,271,exemplar,exemplar/archive_3/c17d9415-d1da-404b-9550-d974901b0f77.pt,65869.0,73355.1875,52752.0,56504.42578125,1918.0,403.1390686035156,4.0,7.923868179321289,313.0,423.5572509765625,9.0,61.763057708740234
exemplar,272,exemplar,exemplar/archive_3/c3a84bad-a891-4ed4-9590-49b2e3825c7a.pt,20915.0,22143.181640625,2704.0,3997.209716796875,3.0,41.27104949951172,1.0,0.0,33.0,142.2496795654297,1.0,6.719935894012451
exemplar,273,exemplar,exemplar/archive_3/c47a57ee-6f6c-4509-83a4-d911de7a608c.pt,20987.0,22143.181640625,2845.0,3997.209716796875,3.0,41.271060943603516,1.0,0.0,33.0,142.2496795654297,1.0,6.719935894012451
exemplar,274,exemplar,exemplar/archive_3/c5953b88-a18f-45ef-b053-a10de5b77f79.pt,5032.0,4058.387451171875,1673.0,3877.869384765625,0.0,0.0,0.0,3.832918643951416,16.0,125.40377807617188,1.0,20.020057678222656
exemplar,275,exemplar,exemplar/archive_3/c87c3130-88ad-4825-9f55-68c8d961414d.pt,160670.0,238107.046875,82253.0,206748.171875,66.0,159.45651245117188,0.0,0.0,618.0,583.5809936523438,92.0,81.70064544677734
exemplar,276,exemplar,exemplar/archive_3/c9149d5a-b5b0-47f3-a3f7-0bfb26bcc26a.pt,8039.0,17967.8046875,8344.0,13587.099609375,5.0,28.327167510986328,4.0,0.0,587.0,267.2469482421875,160.0,31.906681060791016
exemplar,277,exemplar,exemplar/archive_3/ca8f38ac-e952-45d7-a4f5-d6e24a85588a.pt,930.0,1244.2806396484375,19.0,36.81804275512695,5.0,8.31252384185791,0.0,1.073042392730713,523.0,352.008544921875,1.0,1.0405330657958984
exemplar,278,exemplar,exemplar/archive_3/cbef8382-effa-4dc5-a6bc-9614f1772d1c.pt,866.0,1297.671875,32.0,78.36771392822266,5.0,9.420434951782227,0.0,1.8114664554595947,524.0,471.2066955566406,1.0,5.375687122344971
exemplar,279,exemplar,exemplar/archive_3/ce72004b-1e4c-4a21-aed6-379cab5486bf.pt,10390.0,18191.703125,14642.0,19891.365234375,5.0,4.912117004394531,3.0,3.546356678009033,2875.0,1630.0921630859375,1024.0,304.7987060546875
exemplar,280,exemplar,exemplar/archive_3/cf4557ce-c04b-4f6e-95d5-2ef67749feec.pt,139851.0,56250.1640625,87587.0,59337.26953125,12.0,11.889206886291504,0.0,6.727356910705566,3032.0,3986.996337890625,2953.0,744.3980102539062
exemplar,281,exemplar,exemplar/archive_3/cfabdefd-a93f-4e93-b729-2f4c44a0e6df.pt,35782.0,44172.3125,1624.0,17943.470703125,2118.0,161.79901123046875,2.0,0.0,32.0,231.53248596191406,1.0,8.73509407043457
exemplar,282,exemplar,exemplar/archive_3/d6b83ff5-29c7-47f9-819c-d07f83d82b93.pt,6367.0,10727.751953125,8139.0,12193.7412109375,6.0,7.283737659454346,1.0,2.1886491775512695,525.0,1225.5848388671875,192.0,447.1922302246094
exemplar,283,exemplar,exemplar/archive_3/dab5f456-ccc2-4a72-9b87-e9bc7c20e029.pt,2806.0,3583.62158203125,2566.0,3108.85595703125,3.0,22.56961441040039,1.0,3.510962963104248,503.0,209.37591552734375,128.0,28.842531204223633
exemplar,284,exemplar,exemplar/archive_3/dd896667-6c8d-4e6b-b951-01ef21962849.pt,106521.0,301992.90625,5189.0,153879.0625,5809.0,823.8675537109375,0.0,0.0,82.0,123.5951156616211,1.0,17.213111877441406
exemplar,285,exemplar,exemplar/archive_3/dda9c4c0-57d6-4052-b555-2e8fb599475b.pt,2557.0,1975.297119140625,653.0,56.77866744995117,0.0,0.0,0.0,0.0,83.0,69.19853973388672,1.0,0.6002036929130554
exemplar,286,exemplar,exemplar/archive_3/de766c24-bdab-4176-a0dd-d9b2706491c9.pt,5306.0,4949.49169921875,6778.0,7207.22119140625,8.0,28.09239959716797,2.0,1.9387997388839722,328.0,238.42449951171875,96.0,27.923614501953125
exemplar,287,exemplar,exemplar/archive_3/e11131f2-d974-4ada-b80f-a2f1298bdd41.pt,704.0,1250.490478515625,56.0,95.06356048583984,3.0,24.806812286376953,0.0,1.9034172296524048,24.0,104.72798156738281,1.0,1.3784599304199219
exemplar,288,exemplar,exemplar/archive_3/e11b3965-6e57-43b8-a3a0-e83e94e5b616.pt,8039.0,17967.8046875,8344.0,13587.099609375,5.0,28.327167510986328,4.0,0.0,587.0,267.2469482421875,160.0,31.906673431396484
exemplar,289,exemplar,exemplar/archive_3/e2c16677-3f06-4890-b4e7-0efbd1d94f95.pt,20335.0,19428.20703125,28227.0,24893.12109375,10.0,25.26388168334961,3.0,4.462455749511719,2872.0,1815.77978515625,1024.0,367.003173828125
exemplar,290,exemplar,exemplar/archive_3/e57ceb3b-5dc0-4127-bc68-868a6b1dee73.pt,947.0,2485.1259765625,781.0,2126.890869140625,2.0,19.206409454345703,0.0,2.320842981338501,25.0,211.898193359375,1.0,26.726158142089844
exemplar,291,exemplar,exemplar/archive_3/eb42dbfe-9069-4c08-bb95-26221e0d0945.pt,34950.0,44172.35546875,1624.0,17943.486328125,2134.0,161.79910278320312,2.0,0.0,32.0,231.53248596191406,1.0,8.73509407043457
exemplar,292,exemplar,exemplar/archive_3/ecc6822e-1712-420f-bf26-a16ab0ce3dba.pt,35602.0,44172.35546875,1624.0,17943.486328125,2114.0,161.79910278320312,2.0,0.0,32.0,231.53248596191406,1.0,8.735089302062988
exemplar,293,exemplar,exemplar/archive_3/ecf51998-8937-4724-9018-6a86368049b0.pt,9863.0,7328.9365234375,5829.0,8784.75390625,418.0,62.234474182128906,1.0,2.167160987854004,29.0,206.25038146972656,2.0,9.549320220947266
exemplar,294,exemplar,exemplar/archive_3/ee50ed59-19d1-41c1-8e61-3f822cfb42ff.pt,3402.0,6014.857421875,482.0,580.8612060546875,0.0,0.0,0.0,2.576728343963623,18.0,72.27007293701172,1.0,3.877230644226074
exemplar,295,exemplar,exemplar/archive_3/f3a17e75-5fe1-4109-91ee-c0ad8c94ad33.pt,2806.0,3583.62158203125,2566.0,3108.85888671875,3.0,22.56962013244629,1.0,3.5109622478485107,503.0,209.37591552734375,128.0,28.842531204223633
exemplar,296,exemplar,exemplar/archive_3/f6040824-accb-468b-8f6b-ef5ae8b186f4.pt,38548.0,44172.35546875,9454.0,17943.470703125,2122.0,161.79910278320312,2.0,0.0,40.0,231.53248596191406,1.0,8.735089302062988
exemplar,297,exemplar,exemplar/archive_3/fb0ac19f-be36-46bf-8b05-dc7c4c7a44a9.pt,930.0,1244.28125,31.0,36.81804275512695,5.0,8.31252384185791,0.0,1.073042392730713,524.0,352.0083923339844,1.0,1.0405330657958984
exemplar,298,exemplar,exemplar/archive_3/fc0f1430-b62b-426d-b513-62314b7bd0ab.pt,5895.0,4949.49169921875,6753.0,7207.22802734375,8.0,28.09239959716797,2.0,1.9388000965118408,328.0,238.42449951171875,96.0,27.923614501953125
exemplar,299,exemplar,exemplar/archive_3/ff750069-8a1a-43e7-805d-ee4732963670.pt,9462.0,7328.943359375,4241.0,8784.7626953125,429.0,62.234535217285156,1.0,2.1671628952026367,24.0,206.25038146972656,1.0,9.549304962158203
exemplar,300,exemplar,exemplar/archive_4/0a377130-21b9-41f1-b1d8-8f948b575b71.pt,884.0,1178.9033203125,21.0,39.084068298339844,5.0,7.818392276763916,0.0,1.2425830364227295,523.0,362.7598571777344,1.0,1.2889387607574463
exemplar,301,exemplar,exemplar/archive_4/189bf1a2-3b24-4280-9e2d-16a482d64e05.pt,26387.0,10956.263671875,1055.0,493.0278625488281,5.0,10.74069881439209,2.0,1.88148832321167,544.0,461.6132507324219,11.0,3.3182618618011475
exemplar,302,exemplar,exemplar/archive_4/1ddc2346-a367-4cb9-b052-104862f3d153.pt,2620.0,1662.318115234375,653.0,67.26383209228516,0.0,0.0,0.0,0.0,83.0,75.4059066772461,1.0,1.0703997611999512
exemplar,303,exemplar,exemplar/archive_4/2012f675-4b3a-4d44-a52c-533e1a5686ad.pt,44864.0,139590.109375,18266.0,94437.46875,1959.0,296.09832763671875,6.0,6.731619834899902,286.0,359.022705078125,6.0,29.822040557861328
exemplar,304,exemplar,exemplar/archive_4/218f0836-58b7-4a31-b3e5-feb2e0b8baf5.pt,5224.0,9148.2265625,7000.0,7212.970703125,128.0,72.90800476074219,0.0,2.6136131286621094,414.0,677.48095703125,64.0,81.813232421875
exemplar,305,exemplar,exemplar/archive_4/24828ab5-d6f4-402b-8d0d-1f4316d3f0bc.pt,141266.0,56250.1640625,86447.0,59337.26953125,12.0,11.889204025268555,0.0,6.727356910705566,2986.0,3986.996337890625,2908.0,744.3980102539062
exemplar,306,exemplar,exemplar/archive_4/2b3a7651-e925-4edc-8c91-4cce0c803daf.pt,42883.0,42323.28125,33519.0,40605.8671875,7.0,9.40008544921875,1.0,4.610204696655273,2079.0,2725.46826171875,2055.0,832.511474609375
exemplar,307,exemplar,exemplar/archive_4/2d92e029-54c9-42a8-8400-ff86e21af205.pt,3305.0,6459.662109375,524.0,1759.0791015625,0.0,2.9581613540649414,0.0,1.6838929653167725,30.0,754.2605590820312,18.0,317.87103271484375
exemplar,308,exemplar,exemplar/archive_4/2f6c8850-6475-4336-b996-f3d0d54f1cb0.pt,141356.0,56250.1640625,86396.0,59337.26953125,12.0,11.889206886291504,0.0,6.727358818054199,3036.0,3986.996337890625,2958.0,744.3980102539062
exemplar,309,exemplar,exemplar/archive_4/34caebe1-94b9-4f7c-bf8f-d1f1a14c9ae4.pt,3095.0,3687.255126953125,2700.0,3170.07763671875,5.0,23.208415985107422,1.0,3.516004800796509,588.0,210.29278564453125,160.0,28.97251319885254
exemplar,310,exemplar,exemplar/archive_4/3824541e-ee56-4d65-9c02-4382bf7c0189.pt,24256.0,86105.6796875,22261.0,46440.58984375,0.0,103.87769317626953,6.0,0.0,821.0,367.5029296875,144.0,64.55015563964844
exemplar,311,exemplar,exemplar/archive_4/3aab06a7-4eae-47b9-848f-f281514dd686.pt,9359.0,5941.0859375,7911.0,3541.19384765625,0.0,0.0,3.0,0.0,821.0,147.07498168945312,144.0,15.434043884277344
exemplar,312,exemplar,exemplar/archive_4/40416ef5-e7a5-4c4d-918e-702961928757.pt,20988.0,21222.248046875,6540.0,13061.5263671875,3.0,46.02287292480469,1.0,0.0,38.0,161.68299865722656,2.0,13.522625923156738
exemplar,313,exemplar,exemplar/archive_4/42238099-ebd6-4d1a-b7e3-eb0e58c08eaf.pt,53538.0,64319.84765625,59942.0,63009.51171875,133.0,22.03289222717285,4.0,6.326173782348633,2169.0,2909.73095703125,1906.0,816.611328125
exemplar,314,exemplar,exemplar/archive_4/436700eb-9a0b-4657-a1ab-0c897ff2a318.pt,46294.0,24448.017578125,25454.0,19451.140625,2133.0,250.41510009765625,2.0,3.289045572280884,43.0,244.15487670898438,2.0,14.696638107299805
exemplar,315,exemplar,exemplar/archive_4/45ce74b6-c127-486c-baa4-e41f747036c4.pt,21993.0,21807.521484375,6696.0,13385.279296875,5.0,45.99333953857422,2.0,0.0,43.0,162.44235229492188,2.0,14.035344123840332
exemplar,316,exemplar,exemplar/archive_4/48a0e69b-505b-4541-a94e-46f99b98f807.pt,1382.0,1253.885986328125,1337.0,950.8314208984375,2.0,8.791604995727539,0.0,1.6298964023590088,521.0,342.114501953125,192.0,123.4403305053711
exemplar,317,exemplar,exemplar/archive_4/4db9bc2c-66bc-4c7a-9a03-cd0862dc81bf.pt,43456.0,122960.25,44327.0,96323.515625,54.0,239.4286346435547,9.0,0.0,828.0,639.12548828125,144.0,109.538330078125
exemplar,318,exemplar,exemplar/archive_4/4fdb2a6b-0614-43ed-97b8-dccd2ff200f7.pt,7448.0,19099.6953125,8953.0,16695.123046875,3.0,6.812756061553955,3.0,3.20292067527771,2630.0,1777.78955078125,1024.0,536.0223999023438
exemplar,319,exemplar,exemplar/archive_4/548bf9ee-eff8-4e75-b69a-c9db9b3d72e6.pt,25756.0,11773.25390625,2805.0,478.7705078125,5.0,12.829874038696289,2.0,1.894728183746338,534.0,370.81146240234375,1.0,1.6699466705322266
exemplar,320,exemplar,exemplar/archive_4/585d28bf-c9f5-4ff2-a8ad-c9fc4f31888c.pt,6486.0,9470.134765625,454.0,2039.728759765625,430.0,49.838951110839844,1.0,1.506663203239441,18.0,205.76995849609375,1.0,7.263126850128174
exemplar,321,exemplar,exemplar/archive_4/596a91cf-3df6-463f-b1c6-65707df4f7a9.pt,7423.0,19592.248046875,9003.0,17166.943359375,5.0,6.8138251304626465,3.0,3.2809982299804688,2760.0,1825.0703125,1024.0,544.4111328125
exemplar,322,exemplar,exemplar/archive_4/5c9ecfa4-a74b-40cf-af7a-b727ed7ca083.pt,1143.0,2822.57568359375,708.0,454.60595703125,107.0,72.27420043945312,0.0,1.4644947052001953,270.0,269.9639892578125,1.0,2.3571951389312744
exemplar,323,exemplar,exemplar/archive_4/64424fcf-ad58-4dc1-82e0-e3868ab87fd6.pt,3130.0,4167.84716796875,2898.0,4474.09326171875,5.0,0.0,2.0,3.3192596435546875,2764.0,623.223876953125,1024.0,239.0467071533203
exemplar,324,exemplar,exemplar/archive_4/6d55b2ed-ab05-4aba-a4a8-3f15f3dfd306.pt,56938.0,128697.8125,8701.0,88821.6328125,0.0,70.79276275634766,0.0,0.0,89.0,300.80169677734375,2.0,50.76035690307617
exemplar,325,exemplar,exemplar/archive_4/77643d2e-ad72-4bcc-b6e9-1a147858d106.pt,35752.0,65169.08984375,57348.0,61647.921875,149.0,251.02195739746094,7.0,8.343379020690918,862.0,625.3244018554688,128.0,125.58206939697266
exemplar,326,exemplar,exemplar/archive_4/78a6191a-884a-46bd-88ca-cc672b209ed2.pt,62771.0,73355.1875,34172.0,56504.42578125,1980.0,403.1392822265625,7.0,7.923866271972656,289.0,423.5572509765625,5.0,61.76302719116211
exemplar,327,exemplar,exemplar/archive_4/793ea687-01ef-44be-b851-29489b1d2453.pt,9606.0,15548.84375,14135.0,12716.935546875,5.0,15.501346588134766,4.0,2.4550788402557373,1080.0,539.7736206054688,160.0,12.414102554321289
exemplar,328,exemplar,exemplar/archive_4/7e1e21b3-d775-40d7-b923-9c251c8ff98f.pt,42926.0,23689.92578125,10071.0,18917.69921875,2045.0,252.93731689453125,1.0,3.2854037284851074,32.0,242.3758544921875,1.0,13.87591552734375
exemplar,329,exemplar,exemplar/archive_4/81049602-6fd0-431d-9dbd-aef3d91e01e8.pt,7371.0,19099.6953125,8872.0,16695.107421875,3.0,6.81275749206543,3.0,3.202921152114868,2628.0,1777.78955078125,1024.0,536.0223999023438
exemplar,330,exemplar,exemplar/archive_4/88b89300-6a68-4bc1-b5ca-e93bef2c30ab.pt,58.0,264.1158142089844,5.0,9.386412620544434,0.0,0.0,0.0,2.547226667404175,16.0,86.80593872070312,1.0,3.557999610900879
exemplar,331,exemplar,exemplar/archive_4/898dad40-db7b-47cd-af97-3522c21a66a7.pt,5172.0,8816.146484375,1949.0,1283.652099609375,2.0,17.929494857788086,1.0,2.825817108154297,49.0,213.44747924804688,12.0,18.772253036499023
exemplar,332,exemplar,exemplar/archive_4/89d891b2-fb1f-42c9-a51c-82cb5df44342.pt,6081.0,12186.6142578125,5590.0,5854.884765625,2.0,4.875458717346191,0.0,2.176236867904663,310.0,1170.0306396484375,294.0,433.8575134277344
exemplar,333,exemplar,exemplar/archive_4/8b0e6e47-4421-4097-acfc-430e933fda9e.pt,63.0,617.6468505859375,1.0,22.378154754638672,0.0,0.0,0.0,2.289580821990967,12.0,244.24560546875,1.0,109.10580444335938
exemplar,334,exemplar,exemplar/archive_4/8b353157-f769-4d64-a2b9-0ec8c60ed8a1.pt,2664.0,6459.662109375,782.0,1759.0782470703125,0.0,2.958162307739258,0.0,1.6838929653167725,39.0,754.2605590820312,24.0,317.8711853027344
exemplar,335,exemplar,exemplar/archive_4/8c5381e4-a0a9-4d25-8d9f-a7dc0defa1fa.pt,5066.0,9148.2265625,4598.0,7212.970703125,128.0,72.9079360961914,0.0,2.613612651824951,409.0,677.48095703125,64.0,81.81318664550781
exemplar,336,exemplar,exemplar/archive_4/8c92183a-750e-4a40-bed6-f6bf66068a7a.pt,6594.0,8034.27294921875,5240.0,3866.695556640625,4.0,52.11528778076172,0.0,4.2651567459106445,128.0,130.88587951660156,88.0,20.01688575744629
exemplar,337,exemplar,exemplar/archive_4/90a548ee-6183-405f-a8d9-33388f78d5ca.pt,14980.0,20842.62109375,18614.0,20874.947265625,7.0,8.77804183959961,3.0,3.3985254764556885,2633.0,2698.820068359375,1024.0,883.0380859375
exemplar,338,exemplar,exemplar/archive_4/914614f2-637f-4b82-88d3-a9493d2e4e55.pt,34508.0,65169.02734375,47632.0,61647.921875,149.0,251.02195739746094,9.0,8.343379020690918,838.0,625.3244018554688,128.0,125.58206939697266
exemplar,339,exemplar,exemplar/archive_4/93e7c6b7-e200-4cf5-a00f-14a34b93201c.pt,9091.0,18595.23046875,7139.0,9477.0107421875,6.0,7.93572473526001,1.0,2.4562454223632812,438.0,1327.73388671875,423.0,404.7813720703125
exemplar,340,exemplar,exemplar/archive_4/9534d794-7535-4fdc-b445-c2419b20ffaf.pt,29208.0,16164.5478515625,3870.0,11542.337890625,5.0,19.593461990356445,2.0,2.368633270263672,532.0,440.3709716796875,1.0,7.515277862548828
exemplar,341,exemplar,exemplar/archive_4/964aaac0-3bed-4318-bea6-21d50ad72c0e.pt,21176.0,43195.44140625,32593.0,40280.640625,128.0,23.172853469848633,8.0,7.01389741897583,2889.0,2592.206787109375,1024.0,926.7866821289062
exemplar,342,exemplar,exemplar/archive_4/97dbcdf5-c848-49aa-9352-d36fb012c09e.pt,2168.0,10097.6943359375,290.0,3560.406494140625,0.0,0.0,0.0,2.6892917156219482,80.0,1368.37841796875,1.0,322.6141662597656
exemplar,343,exemplar,exemplar/archive_4/98139b78-5b5f-48a0-80de-d9b6e3d24d09.pt,912.0,2485.124755859375,743.0,2126.890869140625,2.0,19.206409454345703,0.0,2.320842981338501,24.0,211.898193359375,1.0,26.72616958618164
exemplar,344,exemplar,exemplar/archive_4/9a1f36d7-2816-4b0f-b8b5-b2e65627cf2e.pt,2738.0,4890.5712890625,2633.0,4113.80078125,5.0,10.571538925170898,14.0,2.1645939350128174,537.0,516.3685302734375,3.0,10.219202995300293
exemplar,345,exemplar,exemplar/archive_4/9a6997d9-2bd1-4ff6-9a73-f05621c1f081.pt,21988.0,34904.796875,24276.0,39288.421875,0.0,8.032414436340332,5.0,5.681102752685547,6583.0,4423.42041015625,1296.0,918.166015625
exemplar,346,exemplar,exemplar/archive_4/9ada9795-eb64-47d0-aa19-a9162b706a25.pt,55454.0,45708.375,9473.0,13673.8876953125,2327.0,239.93728637695312,2.0,2.688957452774048,534.0,556.6212158203125,1.0,4.32997989654541
exemplar,347,exemplar,exemplar/archive_4/9b0c91ce-b9b1-429d-9742-7450ed142395.pt,3275.0,6807.5888671875,3636.0,6151.26171875,2.0,17.5550594329834,2.0,3.3147575855255127,328.0,202.94943237304688,96.0,20.899194717407227
exemplar,348,exemplar,exemplar/archive_4/9c54421a-7338-494a-8474-d9074a9ecf97.pt,2416.0,2822.57568359375,390.0,454.60595703125,111.0,72.27420043945312,0.0,1.4644944667816162,265.0,269.9639892578125,1.0,2.3571934700012207
exemplar,349,exemplar,exemplar/archive_4/9d448692-78f8-4d5c-8088-898eb5995a9b.pt,9619.0,15851.5908203125,8367.0,16883.298828125,0.0,0.0,4.0,3.1431069374084473,6581.0,2243.771728515625,1296.0,715.484130859375
exemplar,350,exemplar,exemplar/archive_4/9e38eb64-1cfe-4f12-9432-22bdf4a349e1.pt,9207.0,18595.23046875,6958.0,9477.0107421875,6.0,7.93572473526001,1.0,2.456244945526123,435.0,1327.7332763671875,420.0,404.78118896484375
exemplar,351,exemplar,exemplar/archive_4/a391283d-e967-49dc-b6bc-4b02d35e002e.pt,9507.0,15851.5751953125,8401.0,16883.298828125,0.0,0.0,4.0,3.143106460571289,6582.0,2243.770751953125,1296.0,715.484130859375
exemplar,352,exemplar,exemplar/archive_4/a3ea0c4f-3403-453c-81e8-4c9371ba8d41.pt,64857.0,109778.7890625,21215.0,41532.73046875,0.0,808.015380859375,0.0,0.0,101.0,83.01160430908203,2.0,14.9498929977417
exemplar,353,exemplar,exemplar/archive_4/aab521f7-157c-46ec-bffc-c37761dff1db.pt,52704.0,66018.71875,32026.0,63437.671875,24.0,67.19759368896484,1.0,0.0,392.0,410.6449279785156,99.0,69.02032470703125
exemplar,354,exemplar,exemplar/archive_4/ab77bd50-b36b-4b19-913c-cd01ff0e8a94.pt,6695.0,4949.49169921875,7690.0,7207.22119140625,8.0,28.0924072265625,2.0,1.9387997388839722,333.0,238.42449951171875,96.0,27.923614501953125
exemplar,355,exemplar,exemplar/archive_4/acd0fc9a-5e08-4344-88ef-ada264891cb6.pt,59520.0,145761.421875,9351.0,60494.3984375,0.0,385.9305725097656,0.0,0.0,89.0,61.42914581298828,1.0,8.922080039978027
exemplar,356,exemplar,exemplar/archive_4/ad9bbfab-8ff4-49f3-8d9c-ab37947d788a.pt,29483.0,16164.5478515625,4514.0,11542.337890625,5.0,19.593456268310547,2.0,2.368633270263672,538.0,440.3709716796875,2.0,7.515277862548828
exemplar,357,exemplar,exemplar/archive_4/b1e95b21-3d49-4f0f-9eb6-fc4835b0816b.pt,3299.0,4579.12451171875,4040.0,4120.87451171875,5.0,9.45726203918457,0.0,2.3976891040802,1084.0,526.9514770507812,160.0,11.427558898925781
exemplar,358,exemplar,exemplar/archive_4/b3e352b0-02aa-42e9-b905-77d4b7f1dfd1.pt,3057.0,4011.327392578125,2828.0,4318.13525390625,3.0,0.0,2.0,3.2328579425811768,2631.0,620.053955078125,1024.0,239.12283325195312
exemplar,359,exemplar,exemplar/archive_4/b3ee34d7-b26c-4327-9077-79e2513947cc.pt,345.0,806.5550537109375,297.0,865.5763549804688,0.0,0.0,0.0,3.2858543395996094,17.0,143.41995239257812,1.0,20.633846282958984
exemplar,360,exemplar,exemplar/archive_4/b3ff10dc-d76f-4720-bd29-4bf354efbe46.pt,22877.0,22143.181640625,798.0,3997.209716796875,3.0,41.271060943603516,1.0,0.0,28.0,142.2496795654297,1.0,6.719939708709717
exemplar,361,exemplar,exemplar/archive_4/b4dfdcc1-4667-49f1-ac5b-183e7ecc2ebc.pt,52.0,264.1158142089844,1.0,9.386412620544434,0.0,0.0,0.0,2.5472264289855957,13.0,86.80593872070312,1.0,3.557999610900879
exemplar,362,exemplar,exemplar/archive_4/b5c285f0-db91-4f79-9db6-e8a7c94edf84.pt,21851.0,22766.115234375,3533.0,4201.037109375,5.0,40.87553024291992,2.0,0.0,39.0,141.9256591796875,1.0,6.81868314743042
exemplar,363,exemplar,exemplar/archive_4/b624fe6a-af6a-49d1-9462-76d216decf06.pt,13427.0,22952.8671875,16969.0,24561.85546875,24.0,101.05039978027344,5.0,3.871425151824951,507.0,396.8672180175781,128.0,56.70699691772461
exemplar,364,exemplar,exemplar/archive_4/b8f39c72-91d2-4d02-b05c-57c42cb15022.pt,2269.0,9563.1884765625,1696.0,4779.85595703125,109.0,51.49708938598633,0.0,2.557568073272705,272.0,903.8069458007812,1.0,55.720680236816406
exemplar,365,exemplar,exemplar/archive_4/bba17e96-bfc6-4f7b-a3b3-e191e54db17e.pt,14842.0,22952.8671875,17106.0,24561.85546875,24.0,101.05045318603516,5.0,3.871425151824951,505.0,396.8672180175781,128.0,56.70699691772461
exemplar,366,exemplar,exemplar/archive_4/c0318fb8-5cf4-4868-a6e3-376c95dee192.pt,6459.0,10715.736328125,230.0,964.0040283203125,2.0,25.938800811767578,1.0,2.968888759613037,18.0,163.0553741455078,1.0,6.340250015258789
exemplar,367,exemplar,exemplar/archive_4/c21d74eb-cbc9-46a8-8b36-055d46bcd75f.pt,15484.0,23774.078125,17459.0,25376.5859375,26.0,102.44001007080078,6.0,3.968623638153076,591.0,401.4193420410156,160.0,58.37763214111328
exemplar,368,exemplar,exemplar/archive_4/c3db69c9-fbf2-4375-ae82-034c48a2402e.pt,8039.0,17967.8046875,8344.0,13587.1123046875,5.0,28.327167510986328,4.0,0.0,587.0,267.2469482421875,160.0,31.906681060791016
exemplar,369,exemplar,exemplar/archive_4/c450d8f6-023f-4ab0-85f6-0934c9d8e967.pt,402.0,675.0037841796875,354.0,805.290283203125,0.0,0.0,0.0,3.537785530090332,19.0,142.11585998535156,1.0,32.22526168823242
exemplar,370,exemplar,exemplar/archive_4/c5aa81c6-cac5-44db-bb2d-0450c909ea9f.pt,64637.0,46826.984375,46157.0,39265.1953125,10.0,18.223392486572266,2.0,4.686624526977539,2214.0,1701.58544921875,1691.0,277.38323974609375
exemplar,371,exemplar,exemplar/archive_4/ca4b5a45-6965-4ecb-9d2e-38ddff7463e5.pt,9741.0,18191.703125,14518.0,19891.365234375,5.0,4.912116050720215,3.0,3.546356678009033,2872.0,1630.0921630859375,1024.0,304.7987060546875
exemplar,372,exemplar,exemplar/archive_4/cc1c90d0-9335-4c05-bf3a-b750ec5adc20.pt,3275.0,6807.5888671875,3636.0,6151.26171875,2.0,17.5550594329834,2.0,3.3147592544555664,328.0,202.94943237304688,96.0,20.899185180664062
exemplar,373,exemplar,exemplar/archive_4/cc2d357e-c3ae-491b-b7d7-703727137e95.pt,20159.0,43852.76171875,35143.0,37217.73828125,128.0,83.13804626464844,6.0,8.07360553741455,856.0,455.3497619628906,128.0,63.36164474487305
exemplar,374,exemplar,exemplar/archive_4/cd22e983-c9c3-4d45-929b-a53cb807295c.pt,5147.0,10767.361328125,1377.0,2450.921875,267.0,160.4818878173828,0.0,4.742539405822754,20.0,74.67655944824219,1.0,3.044015884399414
exemplar,375,exemplar,exemplar/archive_4/d2dd5e51-59c3-41f2-aa1b-e0f82ffe6545.pt,7939.0,17967.8046875,8237.0,13587.1123046875,5.0,28.327167510986328,4.0,0.0,584.0,267.2469482421875,160.0,31.906681060791016
exemplar,376,exemplar,exemplar/archive_4/d89b0478-e5aa-475d-af6f-3e044a842d22.pt,23288.0,26643.70703125,3553.0,18483.75,5.0,6.647458076477051,2.0,4.003915786743164,81.0,1639.9527587890625,53.0,467.3731384277344
exemplar,377,exemplar,exemplar/archive_4/d8f74d4e-05f1-4955-86f0-830ca762b176.pt,10390.0,18191.703125,14642.0,19891.365234375,5.0,4.912116527557373,3.0,3.546356201171875,2875.0,1630.0921630859375,1024.0,304.7988586425781
exemplar,378,exemplar,exemplar/archive_4/d9f93158-6ccc-4d2b-a170-237f34ce5331.pt,4848.0,10767.361328125,532.0,2450.921875,281.0,160.4818878173828,0.0,4.74254035949707,14.0,74.67655944824219,1.0,3.044018030166626
exemplar,379,exemplar,exemplar/archive_4/da3f016e-20ab-4fd7-952a-595b8f71f7af.pt,22664.0,27645.93359375,1522.0,10912.91015625,3.0,30.207653045654297,1.0,0.0,41.0,225.32861328125,10.0,27.169878005981445
exemplar,380,exemplar,exemplar/archive_4/db688f60-06c1-4a90-9135-f24939f749c1.pt,86.0,851.8224487304688,5.0,44.39418029785156,2.0,19.813650131225586,0.0,1.3343260288238525,15.0,120.48639678955078,1.0,2.1398680210113525
exemplar,381,exemplar,exemplar/archive_4/de2b487d-3146-4596-8935-9b3df1e70a4f.pt,7720.0,17592.23046875,8021.0,13339.18359375,3.0,28.309776306152344,4.0,0.0,500.0,264.3605651855469,128.0,30.693729400634766
exemplar,382,exemplar,exemplar/archive_4/deae57f3-6e32-43b3-82ae-eb94666b0ec5.pt,68.0,264.1158142089844,1.0,9.386412620544434,0.0,0.0,0.0,2.547226667404175,12.0,86.80593872070312,1.0,3.557999610900879
exemplar,383,exemplar,exemplar/archive_4/dff07353-88f8-4592-9a88-cda83160792d.pt,44477.0,122960.484375,44202.0,96323.609375,54.0,239.42898559570312,9.0,0.0,828.0,639.1260986328125,144.0,109.53838348388672
exemplar,384,exemplar,exemplar/archive_4/e276239b-fb1a-42fe-a821-26f171cd3740.pt,7705.0,16624.625,10113.0,14317.931640625,128.0,51.5500602722168,2.0,3.395857810974121,3010.0,1809.237060546875,1024.0,543.9635009765625
exemplar,385,exemplar,exemplar/archive_4/e950ae24-8149-4902-abb3-92bbe2aecd63.pt,1400.0,1253.885986328125,1336.0,950.832763671875,2.0,8.791604995727539,0.0,1.6298961639404297,521.0,342.114501953125,192.0,123.44039154052734
exemplar,386,exemplar,exemplar/archive_4/eaba7bd5-f8e5-45c7-8194-e722f3af20ff.pt,2340.0,1662.319580078125,218.0,67.26390075683594,0.0,0.0,0.0,0.0,79.0,75.40587615966797,1.0,1.0703967809677124
exemplar,387,exemplar,exemplar/archive_4/ead2ec1e-40d8-4acc-91c8-0d319af0c066.pt,55689.0,69533.6171875,31223.0,66978.9296875,27.0,67.40599822998047,2.0,0.0,402.0,415.9411926269531,105.0,70.49653625488281
exemplar,388,exemplar,exemplar/archive_4/eb5a1ea8-c51d-4bb9-b7b4-75eed4853c86.pt,20451.0,43852.76171875,34313.0,37217.73828125,128.0,83.13800811767578,6.0,8.07360553741455,857.0,455.3497619628906,128.0,63.36167526245117
exemplar,389,exemplar,exemplar/archive_4/ebce0d5b-5f05-4508-8ee8-3f25e158eb65.pt,7101.0,7408.34765625,3358.0,9787.755859375,307.0,5.69404411315918,0.0,1.7865402698516846,15.0,1020.9756469726562,1.0,489.2284240722656
exemplar,390,exemplar,exemplar/archive_4/ecd4a3ae-951b-4cf2-9c32-79bbf5637673.pt,3041.0,4275.341796875,1909.0,3377.679931640625,5.0,25.671894073486328,0.0,3.1900579929351807,40.0,212.89437866210938,3.0,27.304044723510742
exemplar,391,exemplar,exemplar/archive_4/ed65d0b7-0b0c-4b25-b9b3-bba6415e835f.pt,56036.0,69533.5546875,34149.0,66978.8671875,27.0,67.40596771240234,2.0,0.0,398.0,415.9413757324219,101.0,70.49657440185547
exemplar,392,exemplar,exemplar/archive_4/ef021cd3-8378-4d1e-9f1f-070602c5f684.pt,64588.0,46826.984375,47501.0,39265.1953125,10.0,18.223392486572266,2.0,4.686623573303223,2228.0,1701.58544921875,1704.0,277.38311767578125
exemplar,393,exemplar,exemplar/archive_4/ef2865d0-3f5b-4b1f-8655-ff7d550736c2.pt,132.0,851.8224487304688,42.0,44.39415740966797,2.0,19.813650131225586,0.0,1.334325909614563,18.0,120.48639678955078,1.0,2.1398680210113525
exemplar,394,exemplar,exemplar/archive_4/efa78183-092f-4770-86fd-d318cda4daa2.pt,9862.0,7328.943359375,5912.0,8784.75390625,425.0,62.234596252441406,1.0,2.1671624183654785,29.0,206.25027465820312,2.0,9.549315452575684
exemplar,395,exemplar,exemplar/archive_4/f1369026-b6ce-4401-8f3a-9079a7bb9cfb.pt,64836.0,73355.1875,52517.0,56504.42578125,1977.0,403.1392822265625,4.0,7.923866271972656,313.0,423.5572509765625,9.0,61.76302719116211
exemplar,396,exemplar,exemplar/archive_4/f2ac7800-495d-44fc-81ae-b3c9fdc3656d.pt,65321.0,109778.6796875,21362.0,41532.73046875,0.0,808.0150146484375,0.0,0.0,101.0,83.01168060302734,2.0,14.94990062713623
exemplar,397,exemplar,exemplar/archive_4/f9012451-79a9-4be9-be03-9b56617d2e21.pt,5018.0,9148.2265625,4604.0,7212.970703125,128.0,72.90800476074219,0.0,2.6136136054992676,409.0,677.48095703125,64.0,81.81318664550781
exemplar,398,exemplar,exemplar/archive_4/f91aaca3-3e17-40f5-8dbc-f91b66fb6ff6.pt,14813.0,21127.453125,18681.0,21226.62109375,9.0,8.852137565612793,3.0,3.4371070861816406,2767.0,2740.556884765625,1024.0,896.5208740234375
exemplar,399,exemplar,exemplar/archive_4/fe7e730c-d073-4096-b2ee-40007ede4bd8.pt,26547.0,16164.5478515625,5472.0,11542.337890625,5.0,19.59347152709961,2.0,2.3686325550079346,538.0,440.3709716796875,2.0,7.515277862548828
