split,dataset_index,kernel_family,tensor_path,target_lut,prediction_lut,target_ff,prediction_ff,target_dsp,prediction_dsp,target_bram,prediction_bram,target_cycles_max,prediction_cycles_max,target_interval_max,prediction_interval_max
test,5,2layer,2layer/archive_1/0e501e7a-8a7e-4233-a38f-8c4299d1b20b.pt,4427.0,16044.6220703125,4642.0,10752.654296875,2.0,4.299947738647461,0.5,1.212533712387085,1412.0,1655.166748046875,1280.0,918.485595703125
test,9,2layer,2layer/archive_1/18280638-35c3-4ac7-877a-fe029f413ead.pt,18331.0,15702.4296875,16012.0,11968.392578125,0.0,0.0,6.0,1.7902326583862305,3877.0,4005.79833984375,2464.0,2374.52099609375
test,10,2layer,2layer/archive_1/193f123f-9fe7-4326-a99f-46cbe91f2168.pt,10682.0,15398.5078125,8613.0,11703.4609375,0.0,0.0,1.5,1.7585293054580688,4037.0,3782.07958984375,2496.0,2240.47216796875
test,13,2layer,2layer/archive_1/28f27352-4968-4846-8e24-fbf005003fc0.pt,21462.0,21026.0625,14645.0,15245.88671875,3.0,3.9411864280700684,3.0,2.2227210998535156,8965.0,6743.37744140625,5120.0,4304.97021484375
test,16,2layer,2layer/archive_1/3837a7d5-0c0e-4596-8191-a70ace44a780.pt,10282.0,13095.87890625,7961.0,9634.3408203125,1.0,0.0,1.0,1.4223310947418213,1605.0,1902.721923828125,960.0,1059.5179443359375
test,23,2layer,2layer/archive_1/5902f8e5-9539-4fef-b6d3-2d59841dfa35.pt,23650.0,19178.3125,15141.0,13118.806640625,6.0,3.791600465774536,1.5,1.7195614576339722,3957.0,3973.2333984375,2496.0,2311.933837890625
test,31,2layer,2layer/archive_1/6a7ab3f1-833f-4330-9401-1daee0b9b457.pt,20970.0,19804.404296875,13102.0,13762.3583984375,4.0,3.8078672885894775,2.0,1.891298770904541,5381.0,4559.537109375,2912.0,2692.56298828125
test,33,2layer,2layer/archive_1/6fdbe1c4-08f0-46fa-ac3d-070d8b7126e9.pt,20185.0,15679.533203125,15404.0,11975.7353515625,0.0,0.0,1.5,1.7915101051330566,4325.0,3913.581787109375,2304.0,2316.053466796875
test,36,2layer,2layer/archive_1/78e928e4-f7e4-40c9-b6b4-8fd5186928b1.pt,21070.0,18077.77734375,17217.0,13814.77734375,0.0,0.0,3.0,2.121302366256714,8197.0,6916.85986328125,5120.0,3983.65087890625
test,39,2layer,2layer/archive_1/80236500-af6b-41d2-a063-6bdd779fca11.pt,23743.0,12580.02734375,16289.0,9629.7021484375,0.0,0.0,8.0,1.4862960577011108,1989.0,2023.97900390625,1024.0,1213.107666015625
test,40,2layer,2layer/archive_1/80788302-2292-4caa-a003-821aed591a4a.pt,25839.0,15404.9560546875,19958.0,11248.931640625,0.0,0.0,1.0,1.6782870292663574,3589.0,3005.78857421875,1792.0,1680.009521484375
test,45,2layer,2layer/archive_1/8491a254-4f47-453e-8a27-5b6e15733e2d.pt,19810.0,19292.935546875,12208.0,13209.8828125,4.0,3.781026601791382,2.0,1.7375478744506836,4709.0,4075.14990234375,2464.0,2372.107421875
test,50,2layer,2layer/archive_1/8fa8fee2-a29c-49de-af50-ddba5830bd36.pt,24892.0,17393.001953125,17980.0,13244.12109375,0.0,0.0,4.5,2.008415699005127,6725.0,5858.0517578125,3840.0,3405.18603515625
test,58,2layer,2layer/archive_1/a77cb707-ea79-4f1c-b0be-3c48ad115929.pt,13875.0,16736.95703125,9757.0,11431.43359375,6.0,3.9861135482788086,1.0,1.4294803142547607,2117.0,2169.8046875,1152.0,1254.91552734375
test,74,2layer,2layer/archive_1/cd02c6b2-1a29-4fdd-9daf-92dc46e656fe.pt,30122.0,16875.37890625,15300.0,11402.5673828125,14.0,3.923884868621826,7.0,1.3837199211120605,2085.0,2218.512451171875,1120.0,1276.2825927734375
test,85,2layer,2layer/archive_1/e2d32045-fe85-41fa-87fd-34469cfd2b33.pt,17230.0,17611.015625,12142.0,12164.8984375,4.0,3.443683624267578,2.0,1.7162449359893799,3845.0,3173.91162109375,1920.0,1832.265380859375
test,88,2layer,2layer/archive_1/e71cebc8-9c8d-4db4-af21-b5ffd3e7d1e9.pt,6342.0,17636.2109375,6039.0,11824.015625,2.0,3.860666513442993,1.0,1.4471688270568848,2501.0,2761.60595703125,1920.0,1582.1348876953125
test,105,2layer,2layer/archive_2/0e95ad61-8028-4bb9-ae14-0e6e4725adec.pt,25490.0,18411.052734375,14706.0,12524.6943359375,8.0,3.862872838973999,1.0,1.6031551361083984,3461.0,3329.593017578125,1872.0,1932.572998046875
test,110,2layer,2layer/archive_2/1d49f5b4-a149-4735-93ae-1354280d2181.pt,21138.0,16854.517578125,12730.0,11285.587890625,9.0,3.8960347175598145,1.0,1.3429818153381348,2309.0,2200.43994140625,1280.0,1251.5484619140625
test,118,2layer,2layer/archive_2/2b5bcf33-a7e5-455b-a676-40dc80ad105e.pt,18960.0,19318.435546875,11225.0,13226.7255859375,3.0,3.7798960208892822,2.0,1.7415235042572021,4965.0,4101.43115234375,2560.0,2387.4501953125
test,129,2layer,2layer/archive_2/47a23286-3cd6-4917-bebc-c3c14fe64538.pt,12763.0,16973.826171875,10536.0,11460.1884765625,2.0,3.9200782775878906,1.0,1.3969380855560303,2117.0,2317.73681640625,1408.0,1334.088134765625
test,138,2layer,2layer/archive_2/5d0eb902-1bc3-48ca-b0d4-3d6de45181de.pt,24382.0,18254.880859375,18225.0,14016.3203125,0.0,0.0,2.5,2.1584219932556152,8165.0,7516.17626953125,5280.0,4303.47998046875
test,140,2layer,2layer/archive_2/65ee1758-1d06-491d-a879-bc81bb7249f9.pt,9340.0,16586.029296875,6908.0,11322.1357421875,3.0,3.992446184158325,1.0,1.4076790809631348,2021.0,2090.512451171875,1152.0,1204.342041015625
test,148,2layer,2layer/archive_2/7e1727a1-0ff8-4992-b05a-0691712f8fd0.pt,22263.0,18864.333984375,14885.0,13287.884765625,6.0,4.00016450881958,1.5,1.870234489440918,3541.0,3680.518310546875,2080.0,2210.913818359375
test,150,2layer,2layer/archive_2/802b8c33-0ab8-4651-ba3e-c0c35f7cfe79.pt,31673.0,19955.095703125,19693.0,13889.3544921875,7.0,3.7970333099365234,1.5,1.9148423671722412,5125.0,4694.64404296875,3072.0,2774.99853515625
test,152,2layer,2layer/archive_2/835d1772-8af4-491d-969a-1590057430d9.pt,10199.0,16813.78515625,6318.0,11486.80078125,2.0,3.9837806224823,1.0,1.4411696195602417,1925.0,2217.1083984375,1408.0,1284.5950927734375
test,162,2layer,2layer/archive_2/92a3099f-2ff0-4f81-a4f5-3e4983dee369.pt,20273.0,19974.15625,13937.0,13887.83203125,2.0,3.7954392433166504,1.5,1.9172921180725098,5381.0,4743.7099609375,3584.0,2803.6552734375
test,173,2layer,2layer/archive_2/bfa0bcb1-a253-411f-be39-71dd5517df73.pt,18753.0,14953.708984375,13648.0,11425.0361328125,0.0,0.0,3.0,1.7158489227294922,3717.0,3473.944091796875,1920.0,2073.83544921875
test,174,2layer,2layer/archive_2/c2bd5389-a08c-42ec-8b3c-5e01479d314d.pt,13609.0,18859.33203125,12664.0,13775.5556640625,0.0,0.0,2.5,2.088247776031494,6149.0,6101.6962890625,5376.0,3540.194091796875
test,180,2layer,2layer/archive_2/cc5668f5-d37e-49ec-876f-52d4173ccde5.pt,19022.0,18365.560546875,11885.0,12483.57421875,4.0,3.868279218673706,1.0,1.5964922904968262,3717.0,3300.2626953125,1920.0,1914.76953125
test,185,2layer,2layer/archive_2/d6f6caf0-10ec-4d93-ad62-95a7beaec004.pt,13306.0,18433.470703125,7571.0,12416.3896484375,2.0,3.8166558742523193,1.5,1.5613924264907837,3077.0,3355.779296875,2496.0,1928.3741455078125
test,188,2layer,2layer/archive_2/e5344317-1ff4-480a-9e6f-b91dcb1fc112.pt,26475.0,18631.765625,15665.0,12693.341796875,10.0,3.8430581092834473,1.5,1.6367111206054688,3525.0,3507.1787109375,2112.0,2036.93505859375
test,191,2layer,2layer/archive_2/ecf1f155-c2ee-4cac-bb25-b90e33da8203.pt,17569.0,17469.142578125,10860.0,12233.591796875,6.0,4.051249027252197,1.0,1.6561686992645264,2469.0,2612.909423828125,1344.0,1548.89501953125
test,193,2layer,2layer/archive_2/f2428e9d-edd8-42e7-99c6-e046e4644daf.pt,16523.0,17096.490234375,12656.0,12980.333984375,0.0,0.0,2.5,1.9518709182739258,6341.0,5370.9609375,3456.0,3132.894287109375
test,198,2layer,2layer/archive_2/fe60de96-e0a9-4ea9-8814-8ce712e4cdfc.pt,21443.0,16221.953125,16272.0,12306.462890625,0.0,0.0,4.5,1.8398357629776,5205.0,4404.3603515625,2704.0,2591.75537109375
test,201,2layer,2layer/archive_3/0956ec5b-0763-4499-a2a8-9a9a04a35bf3.pt,17678.0,13254.9375,11296.0,10185.056640625,0.0,0.0,2.0,1.5374332666397095,2149.0,2320.1650390625,1248.0,1390.28125
test,212,2layer,2layer/archive_3/24ea1913-f519-412c-ad65-b98cebea76f5.pt,14996.0,17151.673828125,10618.0,12997.330078125,0.0,0.0,2.0,1.9546514749526978,6149.0,5422.3955078125,3840.0,3151.73486328125
test,229,2layer,2layer/archive_3/526cd48b-c15d-4ced-9692-a7198315280f.pt,15522.0,17509.658203125,9324.0,12698.669921875,0.0,0.0,1.5,1.8974777460098267,4229.0,4482.13232421875,3072.0,2471.2392578125
test,231,2layer,2layer/archive_3/5584b981-88c7-47dc-ae9f-6f9de8af9049.pt,18738.0,16814.923828125,12289.0,11577.607421875,8.0,3.5616188049316406,5.0,1.5928127765655518,2165.0,2609.398193359375,1280.0,1503.835205078125
test,236,2layer,2layer/archive_3/64a73bab-f3a9-4a81-8efe-0260acfe8919.pt,9006.0,16264.447265625,5686.0,10948.376953125,2.0,3.949737787246704,1.0,1.2964223623275757,1669.0,1896.4052734375,1152.0,1074.1224365234375
test,247,2layer,2layer/archive_3/76c63687-fb2b-4102-8cf7-6600c48ac04c.pt,14930.0,17609.05078125,11255.0,13380.123046875,0.0,0.0,2.0,2.0330395698547363,6341.0,5977.32763671875,4608.0,3449.56298828125
test,249,2layer,2layer/archive_3/7fa826ee-4602-4d40-a55b-e7230afc70e9.pt,24914.0,16544.935546875,14010.0,11125.525390625,12.0,3.9378628730773926,1.0,1.3236407041549683,2165.0,2027.0306396484375,1152.0,1148.3992919921875
test,262,2layer,2layer/archive_3/96ddafdb-c1a1-464d-a77e-1f6956a91deb.pt,29596.0,17189.17578125,15628.0,11627.6484375,10.0,3.9119515419006348,1.0,1.428488850593567,2397.0,2454.353271484375,1248.0,1415.5634765625
test,264,2layer,2layer/archive_3/98c7083e-8b81-4b46-99a6-9214ede4dd8c.pt,30491.0,21729.75,17939.0,15205.416015625,4.0,3.621198892593384,3.0,2.1101412773132324,10213.0,7056.552734375,5280.0,4258.6904296875
test,265,2layer,2layer/archive_3/9a8a2054-ac77-4816-b009-5dcfec1f31aa.pt,15698.0,16212.7041015625,10446.0,11289.064453125,6.0,4.103956699371338,1.0,1.464324951171875,1541.0,1970.3388671875,1024.0,1151.03515625
test,280,2layer,2layer/archive_3/d29cbb53-9b53-4cae-a12a-8f9a4e920a10.pt,4556.0,14692.513671875,5050.0,10036.0439453125,2.0,3.730095624923706,1.0,1.2876793146133423,1029.0,1711.73046875,832.0,948.6023559570312
test,293,2layer,2layer/archive_3/f59f9642-8d8b-4cbc-a4c8-80b378b8e6c0.pt,17557.0,18660.716796875,13243.0,12601.0546875,4.0,3.7945728302001953,1.5,1.5962059497833252,4101.0,3527.2666015625,2304.0,2028.951171875
test,306,2layer,2layer/archive_4/098f434f-1b68-491d-94cf-03f1cfe0cfa1.pt,16849.0,16752.224609375,12066.0,12702.1103515625,0.0,0.0,2.5,1.8981068134307861,5765.0,4915.26904296875,3200.0,2881.41015625
test,310,2layer,2layer/archive_4/1be5c2a5-5b49-4f8c-9fb6-0b444f6b85e4.pt,24409.0,19225.54296875,17864.0,14160.669921875,0.0,0.0,2.5,2.1616761684417725,8517.0,6921.82958984375,4928.0,4147.00732421875
test,315,2layer,2layer/archive_4/247e4213-8ae5-462d-b957-a9f783755031.pt,10996.0,15286.013671875,7502.0,11616.287109375,0.0,0.0,1.5,1.7483091354370117,3333.0,3704.37158203125,2560.0,2196.02294921875
test,316,2layer,2layer/archive_4/25b1fddf-e065-4fea-b31e-274ba799605a.pt,22869.0,17871.65234375,17850.0,12531.7919921875,9.0,4.037977695465088,1.0,1.7196911573410034,2821.0,2918.85986328125,1792.0,1735.59326171875
test,337,2layer,2layer/archive_4/62878700-1b8b-452f-8cfd-c1c35028130d.pt,36022.0,16089.10546875,19075.0,10801.58203125,26.0,4.140708923339844,15.0,1.2448790073394775,1733.0,1736.7877197265625,896.0,968.827880859375
test,354,2layer,2layer/archive_4/8f67864f-c9d4-45ad-8c91-a0d544c15b4c.pt,20398.0,16204.46484375,11867.0,10914.169921875,8.0,3.951899528503418,1.0,1.288221836090088,1861.0,1849.669189453125,960.0,1046.6158447265625
test,356,2layer,2layer/archive_4/936a8ff7-7ebb-4277-ab21-b9de8be46fc5.pt,17358.0,12524.32421875,14011.0,9598.451171875,0.0,0.0,3.0,1.4789949655532837,1877.0,1994.30029296875,1040.0,1195.512939453125
test,374,2layer,2layer/archive_4/bdceb934-f44d-47a5-a407-bba9907dde42.pt,13311.0,19727.6796875,8418.0,13690.642578125,2.0,3.8161115646362305,1.5,1.8780303001403809,4165.0,4500.03076171875,3520.0,2656.93798828125
test,376,2layer,2layer/archive_4/c0408fb1-d997-4a14-b9cb-fcc363e2e63f.pt,12889.0,12380.548828125,10881.0,9473.3681640625,0.0,0.0,1.5,1.4642950296401978,1765.0,1928.63818359375,1056.0,1151.694091796875
test,378,2layer,2layer/archive_4/c4b52d21-e3b2-4ad5-b29b-7aeea1cd9169.pt,14894.0,16562.14453125,12834.0,12520.287109375,0.0,0.0,2.5,1.8707830905914307,7173.0,4703.3349609375,3584.0,2747.9384765625
test,383,2layer,2layer/archive_4/cf3f2c09-b079-49cc-a2c9-be50e9340c14.pt,16564.0,19197.087890625,13693.0,13122.3974609375,2.0,3.790496349334717,1.5,1.7221627235412598,4485.0,4004.23193359375,2688.0,2329.2666015625
test,385,2layer,2layer/archive_4/d3bb67b0-53b9-4d26-a700-f081ba4bdbb6.pt,13619.0,16300.7236328125,10495.0,12313.37890625,0.0,0.0,2.0,1.8400903940200806,6917.0,4356.18896484375,3456.0,2539.694580078125
test,386,2layer,2layer/archive_4/d630ae52-0bde-447d-9b3b-458df1884f34.pt,11508.0,15383.373046875,6566.0,10483.3896484375,2.0,3.5738272666931152,1.5,1.3564436435699463,1221.0,1920.70654296875,896.0,1075.6507568359375
test,391,2layer,2layer/archive_4/e45b7645-39d0-4cd5-83d9-2306a1618dc4.pt,23966.0,18104.78125,18168.0,13870.966796875,0.0,0.0,2.5,2.1330907344818115,8165.0,7059.205078125,4800.0,4064.593994140625
test,392,2layer,2layer/archive_4/f1f196d5-1325-4225-893b-f7fa6e75ed62.pt,20477.0,18370.67578125,15197.0,12835.8154296875,6.0,3.3454842567443848,3.5,1.8604974746704102,3749.0,3796.726806640625,2080.0,2217.2607421875
test,393,2layer,2layer/archive_4/f1fa0476-2eb3-4fce-8070-80b3bcd31c66.pt,14528.0,17658.630859375,8802.0,12230.5,3.0,3.438448905944824,2.0,1.7310857772827148,2437.0,3223.792236328125,1920.0,1866.92724609375
test,397,2layer,2layer/archive_4/f8ca8e8f-370f-483d-a7eb-4e709b42d7e1.pt,3840.0,14956.291015625,4521.0,10344.466796875,2.0,4.161959171295166,0.5,1.2723374366760254,900.0,1558.7489013671875,832.0,899.5521240234375
test,800,3layer,3layer/archive_1/0024ccb6-93d3-4d05-b42a-dcd082b9fb71.pt,16496.0,24707.19140625,14252.0,18649.98828125,3.0,5.410378456115723,2.5,3.1858303546905518,6472.0,5681.5478515625,2880.0,2964.67431640625
test,803,3layer,3layer/archive_1/075ba7e2-686c-4d8c-8154-801a8c763333.pt,9233.0,22987.939453125,8509.0,16331.45703125,3.0,5.496786117553711,1.5,2.833205461502075,2632.0,3256.78662109375,1344.0,1462.44140625
test,806,3layer,3layer/archive_1/1779f702-f865-451f-89d0-4f6b42a09e77.pt,25151.0,21194.25390625,20528.0,15605.134765625,0.0,0.0,2.0,2.0862579345703125,2984.0,3723.51708984375,1120.0,1568.681884765625
test,810,3layer,3layer/archive_1/1becf3c5-7c0f-49df-bdca-22bd47ef0f94.pt,33780.0,20665.193359375,25025.0,15176.5703125,0.0,0.0,9.5,2.0369975566864014,2464.0,3338.9541015625,896.0,1372.4786376953125
test,822,3layer,3layer/archive_1/4f415d2a-8a37-4458-9923-fe4ae65d193c.pt,17298.0,31924.4140625,13192.0,21755.607421875,4.0,10.212699890136719,1.5,1.9586328268051147,3016.0,3954.9013671875,1280.0,1723.724609375
test,834,3layer,3layer/archive_1/6677bec8-2c88-4ce9-89c6-8588190f1b63.pt,31188.0,30069.109375,22330.0,21610.93359375,6.0,7.546907901763916,2.5,2.2651329040527344,5944.0,6362.27783203125,2816.0,3148.564208984375
test,836,3layer,3layer/archive_1/6a93c56c-3a7d-4fb0-aa09-acf3c5c8cef0.pt,37935.0,32912.93359375,22505.0,22009.4453125,20.0,11.556816101074219,1.5,1.86061692237854,2632.0,3337.431884765625,960.0,1367.3555908203125
test,842,3layer,3layer/archive_1/7dff1db2-d16a-4a01-829b-05b72a41623c.pt,28802.0,29562.796875,20556.0,22112.181640625,4.0,6.782127857208252,3.0,2.502723217010498,10824.0,8147.8212890625,3840.0,4261.82763671875
test,845,3layer,3layer/archive_1/85da7610-5409-4ed2-b342-2d09b3584690.pt,44187.0,32542.755859375,22532.0,22034.66796875,20.0,10.820964813232422,1.5,1.9313617944717407,2752.0,3770.620361328125,1144.0,1620.0093994140625
test,847,3layer,3layer/archive_1/8a954d90-0bd3-4c11-ba3a-fba78f17ae0e.pt,56373.0,29955.048828125,29336.0,21546.3125,13.0,7.461647033691406,3.0,2.2692201137542725,6872.0,6411.6533203125,2640.0,3180.070068359375
test,853,3layer,3layer/archive_1/92d982a4-b98e-4746-bdec-60cb53775183.pt,21093.0,22449.984375,14828.0,15682.779296875,9.0,5.472532272338867,2.0,2.738287925720215,2568.0,2774.684814453125,896.0,1164.56396484375
test,856,3layer,3layer/archive_1/9421bcba-aa11-4638-97d1-9a26a8309e94.pt,18172.0,23714.29296875,17338.0,18492.44140625,0.0,0.0,5.0,2.571458339691162,8647.0,7791.49609375,4160.0,3775.24169921875
test,878,3layer,3layer/archive_1/c931f125-d81f-4ad7-8deb-3fedba17c28a.pt,24123.0,25399.7578125,17913.0,19683.17578125,4.0,5.369541168212891,2.5,3.3516764640808105,8264.0,6990.89306640625,3840.0,3788.1455078125
test,881,3layer,3layer/archive_1/ce352bfc-bbec-4951-8281-f01f2aef7e78.pt,33612.0,25594.33984375,25132.0,18249.275390625,18.0,6.437980651855469,31.5,2.1314239501953125,2952.0,3586.6826171875,1152.0,1575.4613037109375
test,896,3layer,3layer/archive_1/f1316787-264b-4558-83f8-97dc77bdfb14.pt,20085.0,23361.3671875,13156.0,17896.40234375,0.0,0.0,2.0,2.440150260925293,4424.0,6581.14013671875,3072.0,3106.8427734375
test,906,3layer,3layer/archive_2/1aa82de7-cb5d-4b40-83ec-5d06eeb961d7.pt,17256.0,23234.7578125,12363.0,17477.591796875,4.0,5.046515941619873,4.0,2.3531150817871094,3752.0,4569.03271484375,2080.0,2172.4873046875
test,909,3layer,3layer/archive_2/1cb93ea5-5bd1-4044-9d56-c6d7c3f82adb.pt,44754.0,29521.88671875,28149.0,22250.787109375,5.0,6.714970111846924,9.0,2.6427040100097656,14984.0,8554.126953125,5408.0,4399.1748046875
test,910,3layer,3layer/archive_2/212e820a-7f1a-4ca0-846a-920f20a79783.pt,40991.0,25870.72265625,28078.0,18400.748046875,26.0,6.636291027069092,36.5,2.0267324447631836,2840.0,3231.91845703125,1040.0,1345.2685546875
test,932,3layer,3layer/archive_2/52946797-a7fd-484d-a2e8-1d16801f50c7.pt,42780.0,29704.841796875,23203.0,21256.54296875,10.0,7.3830485343933105,2.5,2.297347068786621,6312.0,5779.21484375,2560.0,2710.684814453125
test,933,3layer,3layer/archive_2/542d7695-0143-4f00-adf6-51d6b975289a.pt,19429.0,20161.27734375,13907.0,15017.2236328125,0.0,0.0,1.5,2.044712543487549,2568.0,2705.426025390625,896.0,1104.91845703125
test,936,3layer,3layer/archive_2/5ceabaab-17e3-4e32-97e2-3b2c322edf2a.pt,7805.0,21021.771484375,7444.0,15709.8603515625,0.0,0.0,1.0,2.1010630130767822,1990.0,3314.840087890625,1536.0,1400.56884765625
test,938,3layer,3layer/archive_2/5efe7324-c1c2-4a88-9406-6ea781fc4cad.pt,32335.0,29871.345703125,20517.0,22598.853515625,4.0,6.887513160705566,3.5,2.673656702041626,11016.0,8520.0908203125,4928.0,4365.60693359375
test,942,3layer,3layer/archive_2/703a84aa-5305-4cf6-98b9-6258a05b3068.pt,47515.0,29681.44921875,27601.0,22205.9921875,7.0,6.860307693481445,3.5,2.60012149810791,11336.0,7961.08154296875,4160.0,4015.20947265625
test,944,3layer,3layer/archive_2/753eded0-6f3c-48c9-a62e-b5090d610223.pt,29470.0,29568.013671875,18876.0,21067.3515625,5.0,7.338089466094971,3.0,2.2739880084991455,7944.0,5662.9306640625,2816.0,2648.791015625
test,949,3layer,3layer/archive_2/8226cd2a-649d-471a-9671-4e7ab433f595.pt,22668.0,22479.400390625,15117.0,16534.966796875,6.0,5.063555717468262,2.0,2.1903815269470215,2872.0,3692.157958984375,1456.0,1649.3897705078125
test,956,3layer,3layer/archive_2/8d32562c-c074-44ad-971a-87b462918ee4.pt,19816.0,29909.916015625,16504.0,21126.76953125,4.0,7.637036323547363,2.0,2.228671073913574,5640.0,5323.40478515625,2560.0,2455.296142578125
test,959,3layer,3layer/archive_2/9284e126-07b2-4bd9-bd1e-b86e7535e0f2.pt,36059.0,21409.521484375,24395.0,16071.8369140625,0.0,0.0,1.5,2.146638870239258,2888.0,3574.754638671875,1120.0,1538.7965087890625
test,970,3layer,3layer/archive_2/b31bf542-c0ce-4b6f-89c6-79a458c355ee.pt,22134.0,29159.630859375,16377.0,21027.748046875,4.0,6.9818854331970215,2.5,2.335794448852539,7432.0,6094.60595703125,3072.0,2897.287109375
test,971,3layer,3layer/archive_2/b3922866-ccd0-49ba-afd4-85473963e4a8.pt,17938.0,24009.544921875,15041.0,18340.390625,3.0,5.0267744064331055,2.5,2.493618965148926,7624.0,5650.4287109375,3136.0,2862.9228515625
test,972,3layer,3layer/archive_2/b7ba3ab1-37aa-4904-987e-010524cc327f.pt,29563.0,24241.93359375,26451.0,19562.150390625,0.0,0.0,5.0,2.7304470539093018,10248.0,8052.2705078125,4160.0,3977.393310546875
test,975,3layer,3layer/archive_2/b9ec55d5-3a3f-4beb-af23-6613b1c0ecb9.pt,21151.0,29480.275390625,15819.0,22032.37890625,3.0,6.751880645751953,3.0,2.589043617248535,9608.0,8034.95458984375,4800.0,4068.30224609375
test,981,3layer,3layer/archive_2/c448356c-b3c9-49be-88c4-23b0d0c3f564.pt,15804.0,29209.28515625,11738.0,21366.400390625,3.0,6.787098407745361,2.5,2.4435038566589355,5832.0,6986.060546875,4992.0,3425.0751953125
test,1004,3layer,3layer/archive_3/0b9292d5-b52f-4bcf-9d7f-8ec507a82838.pt,16178.0,30189.19140625,12690.0,21223.787109375,3.0,7.860990047454834,2.0,2.205441951751709,5768.0,5154.4345703125,2304.0,2358.80224609375
test,1011,3layer,3layer/archive_3/15b0d127-a686-475d-868d-1b5885f20d0a.pt,20889.0,23292.5546875,17281.0,18204.322265625,0.0,0.0,2.5,2.4838075637817383,7176.0,6216.763671875,2816.0,2942.614013671875
test,1013,3layer,3layer/archive_3/1a4c6aa8-057b-4094-be6a-fa4f86bf0c04.pt,42459.0,25372.27734375,26728.0,18871.1171875,11.0,5.2695817947387695,4.0,2.3349907398223877,6664.0,5558.033203125,2496.0,2667.3662109375
test,1018,3layer,3layer/archive_3/2a171325-74e9-44cd-ad59-2d6e0df0ca79.pt,25048.0,24407.15625,20557.0,19906.376953125,0.0,0.0,3.0,2.799558162689209,8520.0,8493.1220703125,4160.0,4233.94140625
test,1019,3layer,3layer/archive_3/30a00082-630a-405d-83de-ee6e38ba241a.pt,25045.0,29914.052734375,20318.0,22721.953125,3.0,6.882350921630859,4.5,2.6995673179626465,12296.0,8756.37890625,5376.0,4516.8154296875
test,1023,3layer,3layer/archive_3/38dd22a9-e82d-4e9c-99cf-744bc749693b.pt,26414.0,22080.71875,19498.0,16670.8125,0.0,0.0,1.5,2.2167367935180664,3744.0,4128.82666015625,1344.0,1824.28076171875
test,1024,3layer,3layer/archive_3/414d64df-e05d-43bc-bf86-e29fef941191.pt,16125.0,31941.46875,11548.0,21542.263671875,3.0,9.945562362670898,1.5,1.9764033555984497,2632.0,3689.5595703125,1536.0,1558.86865234375
test,1029,3layer,3layer/archive_3/49b2d6e6-2351-4e22-9e67-ae3eceeed11b.pt,32382.0,29603.33984375,23150.0,22160.46484375,4.0,6.81077241897583,3.0,2.6017539501190186,10440.0,8046.78076171875,4608.0,4071.959716796875
test,1051,3layer,3layer/archive_3/8dfd5db3-a4b3-4ad8-9cd1-4b308e30413c.pt,19057.0,25753.83984375,13039.0,18296.29296875,5.0,6.594958305358887,1.5,2.0182385444641113,2952.0,3206.38330078125,1152.0,1332.746826171875
test,1059,3layer,3layer/archive_3/a2715528-63a3-4c2e-9685-6efbe7fdd477.pt,23527.0,29772.5703125,17266.0,22468.875,3.0,6.8484649658203125,4.0,2.655618667602539,11272.0,8432.8251953125,5120.0,4313.03466796875
test,1065,3layer,3layer/archive_3/afe1d671-8d40-474a-9ee1-9a778cb082db.pt,31982.0,23782.2421875,23229.0,18263.517578125,11.0,5.037907123565674,3.0,2.4957292079925537,5768.0,5331.4033203125,2304.0,2656.982421875
test,1067,3layer,3layer/archive_3/b682c296-4570-4878-873f-d5e1915cbc27.pt,30544.0,21452.93359375,22415.0,16123.7763671875,0.0,0.0,7.5,2.1545779705047607,2968.0,3591.64697265625,1120.0,1551.642333984375
test,1086,3layer,3layer/archive_3/dd7ecf45-dbc0-449b-8f58-f01a9017870a.pt,32527.0,24207.00390625,25356.0,19570.697265625,0.0,0.0,3.0,2.7336957454681396,8504.0,7875.84375,3120.0,3884.82275390625
test,1093,3layer,3layer/archive_3/f081b615-1a42-4b07-b1d1-9f4d57b0f095.pt,24444.0,22914.720703125,19902.0,17099.669921875,6.0,5.053036212921143,2.0,2.290165424346924,3528.0,4185.91650390625,1792.0,1941.517578125
test,1097,3layer,3layer/archive_3/f8f3e631-e290-4827-b9d9-ad11b1f8d1c6.pt,22488.0,23010.970703125,16869.0,17860.833984375,0.0,0.0,1.5,2.4242751598358154,5352.0,5626.35107421875,2016.0,2621.012451171875
test,1106,3layer,3layer/archive_4/086ee6d8-31d7-4842-a9e5-9239d93a2d3a.pt,21515.0,24025.533203125,18799.0,19254.150390625,0.0,0.0,2.5,2.6738905906677246,7304.0,7544.86328125,3456.0,3691.770751953125
test,1107,3layer,3layer/archive_4/0b6e0739-ef7c-4111-b86d-f6cd64150fbc.pt,16720.0,21322.61328125,12179.0,15111.11328125,4.0,5.046264171600342,2.0,1.9398319721221924,1992.0,2531.938232421875,768.0,1008.2195434570312
test,1136,3layer,3layer/archive_4/53000a96-26ac-405d-8a15-1e0e56150a13.pt,34211.0,32534.06640625,21361.0,21753.96875,12.0,10.629476547241211,1.5,1.968277096748352,3320.0,3487.923828125,1152.0,1448.8450927734375
test,1165,3layer,3layer/archive_4/8ce80c0c-b515-40b7-8fe6-cdf7c22a9c2b.pt,24482.0,23240.41015625,20558.0,18157.296875,0.0,0.0,2.5,2.4765539169311523,7048.0,6105.9580078125,2560.0,2880.89208984375
test,1173,3layer,3layer/archive_4/b350aeb2-ef15-4209-acac-66479979a96e.pt,21796.0,24349.7734375,16543.0,19016.974609375,4.0,5.022959232330322,2.5,2.6230785846710205,6728.0,6214.244140625,2880.0,3235.25
test,1179,3layer,3layer/archive_4/cae88075-6535-4fc8-ab67-205d9e535cd4.pt,27346.0,24908.296875,21636.0,20988.517578125,0.0,0.0,3.5,3.026124954223633,12040.0,10333.15625,4992.0,5315.560546875
test,1183,3layer,3layer/archive_4/d0087184-cf84-48db-a6d1-3e8c72f12840.pt,18645.0,22734.00390625,13297.0,17448.978515625,0.0,0.0,1.5,2.348024368286133,4744.0,5265.89208984375,2048.0,2416.859619140625
test,1190,3layer,3layer/archive_4/e62db8bd-0863-4b42-a0f9-4f0f0da213c8.pt,28634.0,29169.421875,20752.0,21332.08984375,4.0,6.763764381408691,3.0,2.4426658153533936,8840.0,6953.8974609375,3520.0,3404.28955078125
test,1191,3layer,3layer/archive_4/e6cb7c40-cd11-41f6-a64b-643d8a61edc2.pt,37417.0,29690.396484375,25360.0,22287.5078125,5.0,6.838982105255127,3.5,2.617952346801758,11784.0,8157.3935546875,4608.0,4141.0107421875
test,1193,3layer,3layer/archive_4/e9035178-92d9-419e-aebb-2f24d863a874.pt,16543.0,29450.96484375,12926.0,21132.7734375,4.0,7.197280406951904,1.5,2.311415672302246,4744.0,5943.32470703125,4032.0,2809.2216796875
test,1196,3layer,3layer/archive_4/f2a1eb9a-a5c2-486a-b0b8-03bc9bbe3ae7.pt,31100.0,30924.5,18062.0,21488.33984375,6.0,8.46001148223877,2.5,2.1490979194641113,3720.0,4774.04638671875,2112.0,2144.44140625
test,1600,conv1d,conv1d/archive_1/03c73b3e-86d4-462f-8e86-603db87552ba.pt,18163.0,18512.5234375,35596.0,32288.482421875,0.0,0.0,6.5,12.536840438842773,145699.0,172971.234375,145694.0,184628.296875
test,1601,conv1d,conv1d/archive_1/06f4e142-874c-464c-b830-43ff897b1009.pt,18579.0,16764.1796875,25405.0,32367.8125,4.0,1.9270423650741577,39.0,18.95718765258789,215563.0,119439.0546875,215561.0,111881.453125
test,1603,conv1d,conv1d/archive_1/10a572f8-97b1-42fd-b3b5-2efb9c639d3d.pt,19119.0,13847.63671875,30481.0,30590.74609375,0.0,0.0,26.5,21.11979103088379,653170.0,508103.78125,653165.0,569394.625
test,1607,conv1d,conv1d/archive_1/2ed5ad7e-2bba-4aff-abf0-77301c2fcbbb.pt,13178.0,20425.009765625,21040.0,24713.08203125,3.0,3.8642568588256836,4.0,5.818702220916748,82817.0,35518.58203125,82818.0,33680.1015625
test,1608,conv1d,conv1d/archive_1/39ca686c-2d2d-42fa-b145-c6ba2f8b4c01.pt,15029.0,12876.4375,24021.0,20301.958984375,0.0,0.0,6.5,9.258570671081543,64513.0,52069.03515625,64514.0,50129.734375
test,1618,conv1d,conv1d/archive_1/6adb216d-3204-4aad-adbb-b9205c614931.pt,31452.0,21885.92578125,44279.0,33542.390625,4.0,1.8441808223724365,13.5,10.60368824005127,55553.0,54967.33984375,55554.0,44351.50390625
test,1630,conv1d,conv1d/archive_1/a4d19761-4b0a-42ab-9d53-c66d8f00f10b.pt,15390.0,15113.6357421875,22857.0,23439.54296875,0.0,0.0,4.0,8.84570598602295,102718.0,143371.359375,102716.0,159741.65625
test,1651,conv1d,conv1d/archive_2/1970606f-61b7-4b2f-a848-aadadcde58a9.pt,15850.0,17771.16796875,22701.0,30342.953125,5.0,4.156093597412109,23.0,14.8859224319458,54604.0,36325.8984375,54602.0,31736.595703125
test,1669,conv1d,conv1d/archive_2/97c4a2dd-c9f0-40e9-ac63-628801202d07.pt,34710.0,24754.9296875,40870.0,35613.5234375,7.0,5.008695602416992,7.5,10.372537612915039,28987.0,27862.34765625,28973.0,20468.96484375
test,1676,conv1d,conv1d/archive_2/f656316b-2a7a-44b0-8a40-0d4d05aa6c00.pt,31277.0,27503.345703125,40224.0,45794.6796875,5.0,4.401699066162109,22.0,15.50977611541748,160018.0,97635.71875,160013.0,89727.2578125
test,1680,conv1d,conv1d/archive_3/0d0e9227-ea1f-43e1-a2fb-4d545571d647.pt,15876.0,17349.380859375,22783.0,21604.1328125,2.0,1.5191948413848877,3.5,5.424327373504639,9025.0,10412.2119140625,9026.0,7003.640625
test,1683,conv1d,conv1d/archive_3/1d537023-4542-4f7e-8f63-e5eb6c279129.pt,11768.0,13494.052734375,20553.0,21182.59375,0.0,0.0,4.0,8.06619930267334,121729.0,69659.59375,121730.0,69962.65625
test,1707,conv1d,conv1d/archive_3/a3e0030b-e934-447d-b9f8-b2ed2cb4ba40.pt,64644.0,39880.9609375,76009.0,72920.640625,7.0,5.574100017547607,41.5,20.948144912719727,371986.0,308862.15625,371981.0,276429.71875
test,1709,conv1d,conv1d/archive_3/aa96468f-065d-4d9e-81b4-6ef162123c27.pt,31689.0,29164.302734375,53359.0,51546.1953125,3.0,2.0908896923065186,25.0,16.750701904296875,71764.0,104009.7890625,71762.0,82472.6640625
test,1710,conv1d,conv1d/archive_3/afb9a8e4-c0b7-4c81-951e-beace7c6580d.pt,7928.0,14307.4072265625,14764.0,19332.904296875,0.0,0.0,3.0,5.611929416656494,19169.0,25818.689453125,19170.0,21911.279296875
test,1716,conv1d,conv1d/archive_3/dc48d02e-01b9-417e-883c-6182b1617c94.pt,17465.0,14138.740234375,25064.0,27259.677734375,0.0,0.0,17.5,15.815834045410156,442654.0,193459.875,442652.0,219279.953125
test,1719,conv1d,conv1d/archive_3/e28af083-279c-4728-846a-678e6d7bb22f.pt,12249.0,18722.236328125,19967.0,32039.404296875,2.0,1.427990198135376,3.5,12.924970626831055,114433.0,61694.328125,114434.0,56234.9296875
test,1732,conv1d,conv1d/archive_4/18a551db-28d4-4a35-a3d2-d13dd25fc759.pt,37982.0,30619.904296875,70254.0,62730.2890625,2.0,1.6733710765838623,30.5,23.522186279296875,193522.0,270305.78125,193517.0,243980.140625
test,1736,conv1d,conv1d/archive_4/26fd427e-9c24-498f-b0ca-b698b7aa084d.pt,24004.0,31756.154296875,55208.0,54383.3359375,3.0,2.0208547115325928,15.0,15.560264587402344,266113.0,234871.578125,266114.0,208134.1875
test,1737,conv1d,conv1d/archive_4/2a73b7ff-fd17-49dc-a651-08351f8086b0.pt,17247.0,21934.572265625,37741.0,43825.04296875,0.0,0.0,18.5,20.14484405517578,223747.0,221631.71875,223742.0,224856.28125
test,1747,conv1d,conv1d/archive_4/5830e323-ccaf-4db3-92eb-6526ef2b92d6.pt,13810.0,20178.974609375,22737.0,30193.279296875,3.0,2.5568175315856934,4.5,10.201252937316895,81793.0,60828.8984375,81794.0,59063.38671875
test,1750,conv1d,conv1d/archive_4/6a259c16-db85-41f8-bf80-6109650e2888.pt,13147.0,16129.220703125,25239.0,25101.626953125,0.0,0.0,5.5,8.731412887573242,31681.0,41041.95703125,31682.0,37145.36328125
test,1757,conv1d,conv1d/archive_4/a4e94a46-08df-49ef-a586-a3a56af160f8.pt,53293.0,32756.986328125,76241.0,53327.2265625,7.0,4.956168174743652,33.0,15.923346519470215,56769.0,110738.390625,56770.0,86628.046875
test,1762,conv1d,conv1d/archive_4/bd5948fb-b4a0-497e-aaf7-faf8d3a53559.pt,26514.0,21381.158203125,41609.0,34896.7421875,0.0,0.0,16.5,11.919221878051758,31820.0,61347.51953125,31814.0,51440.46484375
test,1948,conv2d,conv2d/archive_1/16c81531-2d4a-44cd-a0f6-5818fb4eac23.pt,17139.0,24035.59375,24051.0,48365.7890625,2.0,1.8091511726379395,11.0,24.115615844726562,982712.0,1577861.5,980912.0,2056758.125
test,1961,conv2d,conv2d/archive_1/8203796d-273a-48d8-bad6-5a88633e1b02.pt,64114.0,41598.890625,89800.0,67988.6328125,8.0,6.1468586921691895,45.0,15.153237342834473,980271.0,380548.25,980272.0,368844.9375
test,1968,conv2d,conv2d/archive_1/de099b6c-414e-45fe-9f32-db5a4f4fb51a.pt,25018.0,31489.552734375,36360.0,59955.7109375,3.0,5.472710609436035,17.5,32.948360443115234,558033.0,1426602.375,556742.0,2205578.0
test,1969,conv2d,conv2d/archive_1/e49f8865-3ed1-438b-8d47-f4df3fa258b1.pt,12620.0,24460.21484375,24980.0,54206.921875,0.0,0.0,12.0,24.947002410888672,684739.0,2131628.5,682112.0,2904242.0
test,1970,conv2d,conv2d/archive_1/ed9737f7-5085-49cd-aff9-f5394b9ad940.pt,81241.0,61179.1953125,256413.0,207144.671875,0.0,0.0,82.5,57.98785400390625,473230.0,5560572.5,473231.0,4865936.5
test,1971,conv2d,conv2d/archive_1/fe1fcd99-035b-4da0-b4c6-8d72ed3b2525.pt,30623.0,35860.17578125,63312.0,64896.01171875,2.0,2.269376754760742,12.5,17.813865661621094,1249441.0,578925.8125,1249442.0,599772.8125
test,1978,conv2d,conv2d/archive_3/1a7e57ac-ac64-4844-a748-391494154a11.pt,13136.0,26341.19921875,27107.0,53434.8515625,1.0,1.8219587802886963,15.0,23.891921997070312,199302.0,485941.40625,199298.0,599388.5625
test,1982,conv2d,conv2d/archive_3/2da90877-d92f-4cc9-a745-09946576a12a.pt,27441.0,28665.869140625,56157.0,63917.91015625,2.0,2.3418469429016113,29.0,38.509063720703125,5021142.0,3079079.75,5021122.0,3974955.0
test,1998,conv2d,conv2d/archive_3/c1ce78ac-7210-45cc-9548-b632389bdf35.pt,15393.0,20380.703125,32375.0,43233.8125,0.0,0.0,13.5,24.604040145874023,3731455.0,1516937.0,3731456.0,2040269.75
test,2004,conv2d,conv2d/archive_4/17baa5f9-fa5f-42ac-a377-9bcaaa336950.pt,30312.0,30811.044921875,54386.0,66874.1875,1.0,2.6549437046051025,27.5,41.011131286621094,5959501.0,4484108.5,5959502.0,6131687.0
test,2005,conv2d,conv2d/archive_4/30cb88ae-98c8-464e-a664-6e3082f34722.pt,24870.0,29635.68359375,54470.0,63522.66796875,2.0,1.8155958652496338,26.0,31.16405487060547,949417.0,3186572.5,949412.0,4099155.0
test,2006,conv2d,conv2d/archive_4/38f47c2b-0eb1-45b2-bc5b-2838a5b7e752.pt,10442.0,21462.4296875,22578.0,41641.28125,0.0,0.0,6.5,18.058712005615234,521551.0,935574.0,521552.0,1164363.125
test,2017,conv2d,conv2d/archive_4/c0d17dad-4957-4bc3-89d2-0d422c6be1e4.pt,24617.0,35336.5703125,55067.0,77989.125,2.0,1.82500422000885,17.5,29.042404174804688,1311313.0,2612799.75,1311314.0,3572871.75
test,2145,dense_latency,dense_latency/archive_1/141cccfe-4a6b-4af0-891c-de5382802c9d.pt,112883.0,57284.125,22675.0,10853.4228515625,0.0,0.0,0.0,0.032309699803590775,22.0,14.732688903808594,1.0,0.6676715612411499
test,2146,dense_latency,dense_latency/archive_1/14962ede-dafe-4294-b6e2-7e1f48c5e6f6.pt,109697.0,86265.796875,22385.0,18082.2265625,0.0,0.0,0.0,1.1920928955078125e-07,13.0,12.697793006896973,3.0,1.508528470993042
test,2147,dense_latency,dense_latency/archive_1/153c06a9-71c3-493e-a71b-5e9adf9f50f8.pt,177770.0,112915.1015625,37525.0,28934.7421875,0.0,0.0,0.0,0.15911045670509338,27.0,19.97191619873047,3.0,1.5493276119232178
test,2150,dense_latency,dense_latency/archive_1/16fff3d4-afd3-4400-abf5-b01c877da50d.pt,103870.0,166753.296875,31562.0,50821.03515625,6425.0,7606.01220703125,0.0,0.09485266357660294,17.0,15.81112003326416,1.0,0.9553382992744446
test,2157,dense_latency,dense_latency/archive_1/4325e22a-7bf5-466c-8183-1e5d2d85e4ae.pt,100986.0,87230.3359375,21215.0,17822.919921875,0.0,0.0,0.0,1.1920928955078125e-07,18.0,13.474935531616211,2.0,1.6640598773956299
test,2172,dense_latency,dense_latency/archive_1/71fd7aec-e295-42eb-aadc-bccd0fd8383b.pt,267886.0,277297.09375,245003.0,254791.078125,370.0,295.115234375,0.0,0.036175988614559174,500.0,432.798583984375,63.0,85.33905029296875
test,2176,dense_latency,dense_latency/archive_1/777e4ee2-ce18-47a2-9f62-0061ca24e3b7.pt,213557.0,119467.7578125,45661.0,34171.46875,689.0,1981.4840087890625,0.0,0.07503784447908401,20.0,16.638092041015625,1.0,1.0569490194320679
test,2183,dense_latency,dense_latency/archive_1/8dac354c-4a68-4c4d-b0db-d4889b5e797c.pt,217582.0,293246.9375,180265.0,255789.03125,459.0,336.1815490722656,0.0,0.0005848925211466849,254.0,314.6517639160156,32.0,61.68224334716797
test,2188,dense_latency,dense_latency/archive_1/be152b4e-03af-4473-87e2-1b4a380b94a5.pt,153510.0,120549.3046875,33273.0,29378.83984375,0.0,0.0,0.0,0.14391954243183136,27.0,18.963241577148438,2.0,1.5305767059326172
test,2219,dense_latency,dense_latency/archive_2/2c0510c5-5826-40a9-99e6-6a83ff6a2b93.pt,72930.0,163602.21875,66907.0,142068.53125,143.0,142.65846252441406,0.0,0.1970958411693573,386.0,380.09765625,86.0,88.15211486816406
test,2226,dense_latency,dense_latency/archive_2/4c56e491-5605-4a08-a69e-aa4297e5ae17.pt,186063.0,177800.625,110859.0,92494.703125,144.0,268.38543701171875,0.0,1.1920928955078125e-07,88.0,88.321044921875,19.0,18.84956932067871
test,2229,dense_latency,dense_latency/archive_2/5d272459-e54d-401d-81a7-4c40ae6a5ae6.pt,22371.0,67595.609375,16349.0,42130.21875,29.0,43.70841979980469,0.0,0.1691814363002777,146.0,211.122802734375,37.0,49.084556579589844
test,2232,dense_latency,dense_latency/archive_2/60018a21-6d18-457e-8937-4e402e92ca11.pt,62733.0,75769.484375,44569.0,41621.58984375,43.0,59.000831604003906,0.0,1.1920928955078125e-07,193.0,116.0782699584961,51.0,27.912492752075195
test,2243,dense_latency,dense_latency/archive_2/82d609f5-d822-4d65-b482-9c6a6e0f4b7f.pt,43594.0,58276.64453125,9183.0,11843.328125,0.0,0.0,0.0,0.045634470880031586,19.0,15.151022911071777,1.0,0.7360126972198486
test,2248,dense_latency,dense_latency/archive_2/93838855-384c-451a-889d-c28d7768640f.pt,586060.0,355857.53125,524745.0,299455.65625,386.0,504.1124267578125,0.0,1.1920928955078125e-07,258.0,260.2087707519531,64.0,44.151824951171875
test,2253,dense_latency,dense_latency/archive_2/acc3fdac-8d42-4caf-9aba-9b03d8ad4ce6.pt,111297.0,57105.7578125,22200.0,11477.580078125,0.0,0.0,0.0,0.08164430409669876,21.0,14.935623168945312,1.0,0.7888116836547852
test,2254,dense_latency,dense_latency/archive_2/b24ba935-f69e-4cba-b055-bb345ac6b627.pt,122279.0,76878.921875,27201.0,16454.34375,0.0,0.0,0.0,0.016406996175646782,26.0,14.872163772583008,1.0,0.7379764914512634
test,2258,dense_latency,dense_latency/archive_2/c441e13c-e695-43ab-8b0e-e9fae1382054.pt,70364.0,75510.515625,14616.0,16167.9404296875,0.0,0.0,0.0,0.06286507099866867,14.0,14.606891632080078,1.0,0.8622894287109375
test,2273,dense_latency,dense_latency/archive_2/f6dadb65-282a-45bd-bd8c-1b4e077d5799.pt,86391.0,64918.421875,18560.0,13968.5703125,0.0,0.0,0.0,0.06780578941106796,21.0,14.429612159729004,1.0,0.7672019004821777
test,2278,dense_latency,dense_latency/archive_2/fb7184e1-5b3f-4d28-a759-e64bfba6ab9f.pt,117787.0,137916.71875,76082.0,76917.5703125,52.0,142.49990844726562,0.0,1.1920928955078125e-07,141.0,136.6216278076172,36.0,27.937740325927734
test,2281,dense_latency,dense_latency/archive_3/0bacae1a-1069-4078-b41c-3c240faa19d9.pt,227802.0,164577.15625,154669.0,117752.046875,75.0,114.41168212890625,0.0,0.10916254669427872,376.0,236.15597534179688,49.0,37.0421142578125
test,2289,dense_latency,dense_latency/archive_3/2fde3c76-08ff-4f41-ad59-937cb139cfc7.pt,309662.0,314232.09375,278114.0,270381.0625,573.0,374.88031005859375,0.0,0.02443409524857998,256.0,314.33209228515625,32.0,59.677223205566406
test,2291,dense_latency,dense_latency/archive_3/30a09565-a681-4419-875f-f4fcc35ed53c.pt,276878.0,202747.9375,146553.0,118780.1015625,518.0,225.56887817382812,0.0,0.07429391145706177,128.0,138.53485107421875,19.0,25.965307235717773
test,2295,dense_latency,dense_latency/archive_3/37f43986-008b-4880-8250-0031eefdb6ce.pt,73141.0,123589.1015625,20756.0,41060.515625,4779.0,4176.021484375,0.0,0.20024347305297852,10.0,18.329801559448242,1.0,1.5573279857635498
test,2301,dense_latency,dense_latency/archive_3/4b863955-16a3-4e20-af4d-158f5a57b81e.pt,76133.0,58652.7265625,14215.0,11430.5947265625,0.0,0.0,0.0,0.0490245595574379,18.0,14.847525596618652,1.0,0.7077875137329102
test,2322,dense_latency,dense_latency/archive_3/97e59d64-5e19-4320-b05f-b606732d96d2.pt,519250.0,342868.6875,487589.0,288017.4375,368.0,434.21514892578125,0.0,0.01768961176276207,387.0,294.4610900878906,64.0,53.71697235107422
test,2324,dense_latency,dense_latency/archive_3/9bdde29f-91ec-4b64-9214-5466930df099.pt,242184.0,298155.65625,222418.0,261200.953125,417.0,345.0657043457031,0.0,1.1920928955078125e-07,255.0,319.75592041015625,32.0,61.969688415527344
test,2335,dense_latency,dense_latency/archive_3/be08fd22-d477-4e83-93ea-abdffe96c4bd.pt,240326.0,217774.65625,217967.0,197369.078125,274.0,209.46963500976562,0.0,0.08721419423818588,592.0,418.9909362792969,94.0,88.6512222290039
test,2338,dense_latency,dense_latency/archive_3/c58ce5f8-2396-45d7-b9df-a546fd57b27f.pt,192880.0,192884.171875,113651.0,124628.0625,420.0,186.215576171875,0.0,0.08569018542766571,149.0,173.3365936279297,20.0,31.138099670410156
test,2343,dense_latency,dense_latency/archive_3/dffb4c84-2e37-4632-a8cd-760033084e1e.pt,287860.0,243122.828125,264775.0,219297.9375,256.0,247.25413513183594,0.0,0.0398099347949028,530.0,390.55767822265625,93.0,81.6294174194336
test,2348,dense_latency,dense_latency/archive_3/ed197369-8970-412b-bddc-1f630cd23fa3.pt,97265.0,126024.890625,61982.0,70198.515625,63.0,127.4572982788086,0.0,0.0015861440915614367,136.0,136.90093994140625,35.0,28.34105682373047
test,2355,dense_latency,dense_latency/archive_4/04b281e9-3408-4487-aa3c-47d9d20aac11.pt,73949.0,133060.140625,9012.0,44224.37109375,5834.0,4684.7802734375,0.0,0.2115265429019928,14.0,18.768747329711914,1.0,1.4854252338409424
test,2356,dense_latency,dense_latency/archive_4/0a998bec-4ace-4de2-8334-1a54bd946445.pt,169329.0,149332.25,50860.0,44065.44140625,11143.0,6025.669921875,0.0,0.05031603202223778,16.0,12.937665939331055,1.0,0.7830803990364075
test,2357,dense_latency,dense_latency/archive_4/0d969b0d-b59f-4d6b-91f1-bd0769614276.pt,364226.0,350630.25,316803.0,290015.46875,630.0,470.2015075683594,0.0,0.010339537635445595,229.0,264.0474548339844,32.0,47.586910247802734
test,2359,dense_latency,dense_latency/archive_4/11b91499-1fc2-4c8c-976c-8f3702039b90.pt,208587.0,120711.9765625,44745.0,34694.31640625,698.0,1918.785888671875,0.0,0.09337972849607468,20.0,16.621456146240234,1.0,1.0898653268814087
test,2362,dense_latency,dense_latency/archive_4/153109f7-21cf-4526-92c2-d966688b0219.pt,88848.0,175855.40625,84647.0,149021.828125,278.0,184.11199951171875,0.0,0.06912994384765625,189.0,285.8774719238281,32.0,63.25171661376953
test,2376,dense_latency,dense_latency/archive_4/51c3a472-2330-4e9b-b409-1d85f05b5641.pt,274352.0,244961.453125,228556.0,211307.015625,562.0,269.62762451171875,0.0,0.03791317343711853,222.0,285.2964172363281,32.0,57.01897048950195
test,2386,dense_latency,dense_latency/archive_4/67063dbe-cfdc-41bb-803a-261839437630.pt,238065.0,220552.375,216738.0,195813.34375,174.0,223.9869384765625,0.0,0.04130404815077782,450.0,347.12744140625,94.0,74.91336059570312
test,2401,dense_latency,dense_latency/archive_4/a3238af5-b80b-474b-88e0-02f68a61affa.pt,174120.0,152391.484375,122440.0,109016.1328125,54.0,102.96044921875,0.0,0.11918573081493378,370.0,243.30941772460938,50.0,37.99399185180664
test,2416,dense_latency,dense_latency/archive_4/d4fd6441-4e9c-4adf-a1a1-71018c2543d5.pt,297716.0,297956.40625,243147.0,250720.828125,553.0,371.78057861328125,0.0,1.1920928955078125e-07,223.0,263.53369140625,32.0,50.3005256652832
test,2420,dense_latency,dense_latency/archive_4/de113925-04dd-418f-9f74-7df76d9fd168.pt,206374.0,172610.03125,141637.0,101471.5,21.0,178.09591674804688,0.0,0.030751941725611687,165.0,145.237060546875,34.0,28.53059959411621
test,2429,dense_latency,dense_latency/archive_4/f85832e2-da29-4084-8559-996e703857fa.pt,177116.0,144505.484375,118583.0,91634.609375,136.0,120.87810516357422,0.0,0.04125898703932762,241.0,177.36009216308594,50.0,34.039371490478516
test,2690,dense_resource,dense_resource/archive_1/024063f6-75d8-4f1a-8bb9-ae3c65538458.pt,103948.0,82244.7265625,145619.0,119838.046875,104.0,60.91204833984375,29.0,23.259885787963867,3914.0,2892.13134765625,512.0,401.4485168457031
test,2695,dense_resource,dense_resource/archive_1/17383848-f5b7-4a30-aa15-3950fdea85a0.pt,34095.0,40014.3046875,51356.0,49287.10546875,0.0,0.0,5.5,6.375375270843506,2751.0,2873.2958984375,512.0,472.8894348144531
test,2703,dense_resource,dense_resource/archive_1/38a5f100-6115-4692-a253-645686ee9f39.pt,40577.0,57878.90234375,54244.0,85581.15625,0.0,0.0,9.0,9.686422348022461,5528.0,5530.48583984375,1024.0,754.7638549804688
test,2715,dense_resource,dense_resource/archive_1/60a8d365-6cf8-4bab-936d-c14405792b5b.pt,35066.0,45579.3515625,50321.0,55360.1171875,0.0,0.0,6.5,6.854086399078369,2363.0,2644.06689453125,512.0,426.2782897949219
test,2722,dense_resource,dense_resource/archive_1/85dd97fc-ca2c-4743-9090-d348dc5566ea.pt,58904.0,63073.78515625,90976.0,82999.5859375,42.0,14.809391021728516,12.0,11.641441345214844,3669.0,3326.107421875,512.0,491.2712707519531
test,2723,dense_resource,dense_resource/archive_1/899d2a0e-ebfa-4fa4-be42-7ab12ff6eb74.pt,54346.0,44517.58203125,70843.0,58401.71875,40.0,22.997215270996094,12.0,9.994392395019531,2068.0,2129.5966796875,512.0,424.097900390625
test,2734,dense_resource,dense_resource/archive_1/b1bebdb4-d6ea-47bd-b1eb-1add0957e49b.pt,86375.0,84160.203125,126173.0,123980.9140625,87.0,63.37868118286133,25.5,23.704978942871094,4365.0,3031.4814453125,512.0,424.854248046875
test,2738,dense_resource,dense_resource/archive_1/d64a96c8-6d04-455d-b566-19cc61698d68.pt,420683.0,325073.8125,139213.0,105234.234375,0.0,0.0,0.0,0.1523839831352234,501.0,161.29241943359375,128.0,61.461124420166016
test,2742,dense_resource,dense_resource/archive_1/f07f2efc-9719-475a-a03f-9af73e585bf3.pt,75244.0,74129.828125,107785.0,109716.828125,12.0,16.92125129699707,15.0,15.418723106384277,8234.0,5961.2373046875,1024.0,809.05419921875
test,2746,dense_resource,dense_resource/archive_1/f8404942-926e-4a43-b971-da3cc743f93c.pt,41261.0,49848.36328125,54943.0,66513.671875,0.0,0.0,7.5,7.811942100524902,3816.0,3659.06591796875,512.0,556.7554931640625
test,2753,dense_resource,dense_resource/archive_2/18e8fab5-f8a9-4b28-a114-4d07a18cc111.pt,53006.0,46937.59765625,67004.0,59222.50390625,9.0,8.44184398651123,8.5,7.887977600097656,6450.0,4463.189453125,1024.0,870.9793701171875
test,2755,dense_resource,dense_resource/archive_2/1c0c0221-5387-4390-beb1-0644a677d57d.pt,90684.0,69157.25,120364.0,100041.2265625,42.0,26.995702743530273,24.5,14.935004234313965,7271.0,5563.97900390625,1024.0,881.3181762695312
test,2757,dense_resource,dense_resource/archive_2/21428f86-33ad-4ebc-9ab1-748f2da43d6c.pt,70125.0,68395.21875,85317.0,87873.0078125,38.0,18.281269073486328,14.5,12.41094970703125,3654.0,3064.66259765625,512.0,461.3417663574219
test,2762,dense_resource,dense_resource/archive_2/37bd87b0-722b-4e60-95a5-ae6c7c6a0a62.pt,80825.0,71161.3359375,100842.0,102184.484375,35.0,35.796024322509766,20.5,17.212804794311523,6277.0,4500.75634765625,1024.0,693.007568359375
test,2772,dense_resource,dense_resource/archive_2/5d2e4e5c-5f78-4492-8f17-dbfed9427da4.pt,43953.0,60686.8203125,69475.0,78536.21875,32.0,13.8001708984375,10.0,10.714479446411133,3750.0,3371.54736328125,512.0,522.56494140625
test,2775,dense_resource,dense_resource/archive_2/6e883452-6f28-4f3a-9f8d-693148e4c98d.pt,34177.0,36299.71875,46479.0,41299.96484375,16.0,7.932602405548096,6.5,6.435385227203369,2101.0,2266.757568359375,512.0,458.3746643066406
test,2776,dense_resource,dense_resource/archive_2/786039fd-67cd-4fe8-a285-36ea1bb82d69.pt,111270.0,85184.2734375,153280.0,128419.015625,58.0,45.10004425048828,33.0,22.74673843383789,8384.0,5203.97998046875,1024.0,705.12548828125
test,2782,dense_resource,dense_resource/archive_2/a6bf8d29-0790-4d99-97d9-5afdf002c539.pt,984490.0,491117.5,343271.0,147986.546875,7645.0,4662.3916015625,0.0,1.1920928955078125e-07,66.0,151.75265502929688,9.0,46.08259582519531
test,2783,dense_resource,dense_resource/archive_2/ab8387a8-0cf4-4735-91a0-7e27b1fed41e.pt,45045.0,47093.63671875,61660.0,57959.546875,0.0,0.0,7.5,7.127020359039307,2846.0,2584.58349609375,512.0,393.994873046875
test,2808,dense_resource,dense_resource/archive_3/2f5641cb-d4e0-45a9-bfa0-a0a97046853c.pt,66353.0,71222.71875,97734.0,103418.109375,20.0,15.684502601623535,13.5,13.897651672363281,6821.0,5620.4560546875,1024.0,783.5430908203125
test,2810,dense_resource,dense_resource/archive_3/385a8c22-24c6-4606-a155-4160d1611390.pt,158256.0,154245.78125,47310.0,51897.3515625,0.0,0.0,0.0,1.1920928955078125e-07,103.0,47.04326629638672,64.0,19.61837387084961
test,2816,dense_resource,dense_resource/archive_3/51797543-2176-45df-b553-44507e9154e5.pt,76034.0,62392.88671875,108032.0,98251.265625,0.0,0.0,12.5,11.155780792236328,8301.0,6277.20703125,1024.0,766.4293212890625
test,2822,dense_resource,dense_resource/archive_3/61e28d4b-b78d-476f-8d9a-e9fae47fa50b.pt,53970.0,53649.2109375,66340.0,71825.2890625,21.0,24.393924713134766,8.5,10.441542625427246,2866.0,3100.97119140625,512.0,603.725830078125
test,2840,dense_resource,dense_resource/archive_3/d41b3e62-73a5-4cda-a6a6-470b5ecfa30c.pt,71511.0,55651.26171875,75802.0,74706.6875,12.0,17.582584381103516,9.0,9.649272918701172,6506.0,4833.8271484375,1024.0,953.1744384765625
test,2842,dense_resource,dense_resource/archive_3/d57f6e5b-bbbb-4c8a-8668-914a8593cb6c.pt,199259.0,226085.375,72109.0,77178.0546875,0.0,0.0,0.0,0.05268624797463417,20.0,90.75999450683594,4.0,43.81159210205078
test,2849,dense_resource,dense_resource/archive_3/fe635281-5550-4f0e-bab9-b58a6c373e51.pt,109349.0,85469.328125,151767.0,125805.3828125,114.0,64.76655578613281,31.5,24.941696166992188,4529.0,3050.471923828125,512.0,413.7020263671875
test,2863,dense_resource,dense_resource/archive_4/567a8d26-0155-4b47-989b-f79ccf3b90d3.pt,98427.0,71970.65625,130369.0,94703.703125,32.0,19.827951431274414,22.5,14.589635848999023,3815.0,2903.48779296875,512.0,389.9772644042969
test,2864,dense_resource,dense_resource/archive_4/56cc1f67-c320-4bc6-aa2c-46f204e6f844.pt,26667.0,30609.685546875,31122.0,37182.40234375,7.0,11.445703506469727,4.0,5.473115921020508,1832.0,2200.812744140625,512.0,644.1491088867188
test,2865,dense_resource,dense_resource/archive_4/580d5717-9254-47b5-a5b2-1b20f3063ab2.pt,221049.0,159322.96875,56419.0,53408.1015625,0.0,0.0,0.0,1.1920928955078125e-07,19.0,48.01396942138672,4.0,19.839942932128906
test,2867,dense_resource,dense_resource/archive_4/6432e28b-6416-4a6d-8588-5c6cd9a0b3b1.pt,40865.0,36091.1171875,60576.0,41651.88671875,4.0,6.751529693603516,8.0,6.108933448791504,4313.0,2931.70556640625,1024.0,600.155029296875
test,2876,dense_resource,dense_resource/archive_4/8847bc5b-b8ef-48a5-a413-2c32dbd9d557.pt,40989.0,52028.48046875,61990.0,70294.046875,0.0,0.0,8.0,8.039886474609375,3771.0,3620.487548828125,512.0,521.8140258789062
test,2878,dense_resource,dense_resource/archive_4/8ed3a393-67d9-418c-9d77-d791921c2de2.pt,180570.0,204004.5625,60744.0,69239.8125,0.0,0.0,0.0,0.026081502437591553,183.0,78.20042419433594,128.0,35.8016242980957
test,2881,dense_resource,dense_resource/archive_4/946a2ebc-84bd-444f-9fee-b1b8f8cd5205.pt,249177.0,407005.3125,98249.0,129038.859375,3239.0,3225.4716796875,0.0,1.1920928955078125e-07,35.0,111.3377456665039,7.0,32.06890106201172
test,2892,dense_resource,dense_resource/archive_4/e8a8bf8c-1088-4653-98e9-edff69288279.pt,41095.0,45266.7109375,55343.0,60368.7578125,0.0,0.0,7.5,7.32122278213501,3815.0,4131.05224609375,1024.0,650.8394775390625
test,3109,rule4ml,rule4ml/archive_1/0ed991e0a4e25ed19987f0cc9210b426.pt,21778.0,23661.880859375,24051.0,22526.658203125,0.0,0.0,19.0,38.85132598876953,1462.0,720.5824584960938,64.0,35.03831100463867
test,3122,rule4ml,rule4ml/archive_1/2b8cd655c4b32c156ea3a3f4d0ebf158.pt,1339.0,786.8544921875,429.0,27.098005294799805,0.0,0.0,8.0,18.12088394165039,82.0,327.5506591796875,2.0,1.8920702934265137
test,3123,rule4ml,rule4ml/archive_1/2ed023f9ef036f1cf6698c523844b9e5.pt,41321.0,42674.07421875,1665.0,3512.26123046875,16.0,16.70379066467285,66.5,37.95207595825195,156.0,329.2108154296875,2.0,4.347326278686523
test,3125,rule4ml,rule4ml/archive_1/3219ffd8661622e8c83c7ceec7993204.pt,19634.0,81464.40625,2173.0,24203.240234375,0.0,0.0,0.0,17.075010299682617,1246.0,434.5113830566406,1.0,8.765010833740234
test,3126,rule4ml,rule4ml/archive_1/36781015570b9033a4256c6751954dfa.pt,13186.0,49781.8515625,1261.0,6318.48095703125,36.0,32.75291442871094,18.0,47.66876220703125,568.0,403.7000427246094,2.0,5.483987331390381
test,3132,rule4ml,rule4ml/archive_1/466d99f5bafd16bc2656bb493e26d3a3.pt,63269.0,75543.9375,20395.0,32417.0859375,128.0,47.88298034667969,13.0,31.353370666503906,309.0,326.68060302734375,5.0,16.182758331298828
test,3145,rule4ml,rule4ml/archive_1/72287c9cac676de50d6937c1591c013c.pt,90974.0,18430.04296875,43278.0,16818.244140625,220.0,130.42283630371094,6.0,35.146209716796875,1175.0,666.0587768554688,393.0,47.63215637207031
test,3159,rule4ml,rule4ml/archive_1/9f4aa5283477144a0d0cf869e8d72889.pt,357796.0,215782.34375,106967.0,84279.3203125,220.0,342.048095703125,20.0,26.786588668823242,1278.0,327.1927490234375,322.0,6.503509521484375
test,3160,rule4ml,rule4ml/archive_1/9f747c2c9350eb5ee9df92af5c71cab0.pt,8847.0,7581.86376953125,6104.0,2631.243408203125,173.0,148.1740264892578,43.5,39.41417694091797,1087.0,424.3379821777344,2.0,1.4151042699813843
test,3180,rule4ml,rule4ml/archive_1/d5a14627ffa5ac99e92e5015fd44796d.pt,134204.0,66757.9609375,14212.0,3725.13720703125,90.0,40.478912353515625,29.5,75.20604705810547,1111.0,434.38555908203125,6.0,2.8885841369628906
test,3189,rule4ml,rule4ml/archive_1/dd45999e8410dbd0e67c40f31cd5955a.pt,100450.0,160895.078125,80302.0,98561.15625,2096.0,1452.279541015625,44.5,42.60807418823242,657.0,277.5756530761719,4.0,7.795507431030273
test,3194,rule4ml,rule4ml/archive_1/e76bf57773bcf57b1f19da562e9ff10b.pt,9451.0,34802.8515625,7408.0,28131.087890625,32.0,305.149169921875,26.0,76.29059600830078,283.0,771.8499755859375,8.0,53.511810302734375
test,3196,rule4ml,rule4ml/archive_1/ecf7f5a60f0ef8948e0f8b3c91eab2f1.pt,28241.0,38491.58203125,26303.0,33890.73046875,292.0,237.42898559570312,72.5,183.28494262695312,1596.0,741.9360961914062,128.0,33.01573944091797
test,3197,rule4ml,rule4ml/archive_1/ed8331280ac6ef5ef8886e15cb23dbff.pt,9909.0,22817.67578125,10886.0,22673.138671875,256.0,117.42276763916016,13.0,34.01099395751953,1735.0,1244.70947265625,128.0,125.37942504882812
test,3199,rule4ml,rule4ml/archive_1/eea79f2ee33e9eba8e086cce0a1f286d.pt,18418.0,10131.845703125,17414.0,8429.359375,0.0,0.0,54.5,41.207244873046875,800.0,354.9197692871094,8.0,3.4809625148773193
test,3205,rule4ml,rule4ml/archive_2/040d56cdc4fbbcd7e59884b75505e1fc.pt,1239.0,929.3907470703125,24.0,37.867618560791016,0.0,0.0,8.0,1.130151629447937,138.0,359.6971435546875,1.0,6.161107540130615
test,3206,rule4ml,rule4ml/archive_2/09b08d4078369169809eed465eb3200c.pt,51844.0,40409.84375,33858.0,983.5711669921875,0.0,0.0,124.5,40.5963134765625,1073.0,210.6709442138672,1.0,1.1978788375854492
test,3217,rule4ml,rule4ml/archive_2/280f5b70344e92009ae9811b3736dc68.pt,25096.0,22848.75,10888.0,14724.5537109375,0.0,0.0,0.0,9.21444320678711,92.0,479.38287353515625,8.0,55.82997131347656
test,3228,rule4ml,rule4ml/archive_2/4fa4f84dcdbc74a4dcea9c798e981f13.pt,44740.0,40857.390625,23137.0,20506.96875,41.0,69.90528106689453,0.0,9.505937576293945,712.0,2528.86865234375,44.0,275.15496826171875
test,3236,rule4ml,rule4ml/archive_2/70099d4a3ee6ba6d3c7ed191ef4e5070.pt,8279.0,9540.640625,7183.0,10314.9697265625,63.0,64.88074493408203,4.0,16.793521881103516,120.0,383.3957214355469,32.0,22.865543365478516
test,3239,rule4ml,rule4ml/archive_2/777dabde721419f1eee884b2e6da3d01.pt,55929.0,33784.6875,38806.0,29911.513671875,220.0,234.58514404296875,84.0,166.17568969726562,1040.0,641.5462646484375,125.0,30.175235748291016
test,3240,rule4ml,rule4ml/archive_2/779ddffa7b579aa1f0c7ecba6016a160.pt,1100.0,1604.8349609375,10.0,440.26300048828125,4.0,30.31899642944336,0.0,13.945255279541016,602.0,358.31524658203125,1.0,1.1650909185409546
test,3251,rule4ml,rule4ml/archive_2/90af6814f2d9e83b1dfadf3f34e10b66.pt,33707.0,26190.19921875,1142.0,777.020263671875,0.0,0.0,32.0,28.41718292236328,154.0,283.5128173828125,1.0,6.748443603515625
test,3263,rule4ml,rule4ml/archive_2/a9c2f691ad83bc53dd4d8fbabf4dbf59.pt,112594.0,58674.20703125,4971.0,4205.439453125,48.0,78.68978118896484,137.0,77.08221435546875,687.0,580.4451904296875,2.0,3.2465803623199463
test,3270,rule4ml,rule4ml/archive_2/bd5548e90a3ec8de981c3cb0530b5ae2.pt,49710.0,35914.5625,6365.0,6008.6533203125,64.0,44.21895217895508,23.0,19.442285537719727,1105.0,546.2879028320312,9.0,10.017683029174805
test,3278,rule4ml,rule4ml/archive_2/cf911e52ca87a152ab213ee3d7dbf414.pt,29649.0,38654.4765625,20231.0,30900.1796875,0.0,0.0,10.0,53.11907196044922,840.0,687.81494140625,16.0,22.57940673828125
test,3290,rule4ml,rule4ml/archive_2/e296617420c88f3d2005154d29a1581f.pt,121120.0,107249.75,112352.0,77027.75,220.0,100.10474395751953,76.5,130.9832763671875,959.0,627.5623168945312,156.0,24.451641082763672
test,3311,rule4ml,rule4ml/archive_3/1d3ae7f2b1959ad4ceb82066b34e4843.pt,7043.0,13149.72265625,4873.0,2594.46923828125,32.0,242.22921752929688,123.5,80.53718566894531,120.0,611.8419189453125,1.0,0.3635479211807251
test,3312,rule4ml,rule4ml/archive_3/1edc30fd6622623a89f5fda4dd11ebfe.pt,42776.0,19269.341796875,45742.0,22058.87109375,181.0,203.82870483398438,83.0,20.74553871154785,412.0,200.11749267578125,40.0,21.695411682128906
test,3321,rule4ml,rule4ml/archive_3/2d3bf7dd79e86541e033b67df6595805.pt,94256.0,71628.8359375,38429.0,22334.4921875,149.0,305.8852233886719,28.5,14.91048812866211,671.0,247.90225219726562,28.0,6.916466236114502
test,3332,rule4ml,rule4ml/archive_3/42ab144f01d57a39720e483cccd70f8d.pt,178655.0,210915.828125,173033.0,120749.1640625,5888.0,2541.3984375,236.0,55.17015838623047,223.0,255.7056884765625,2.0,4.948971748352051
test,3344,rule4ml,rule4ml/archive_3/58e6e657e9b7e1346033523402c72911.pt,303018.0,86614.171875,181273.0,69195.1171875,220.0,506.0032958984375,197.0,41.782737731933594,685.0,243.169189453125,8.0,5.000763893127441
test,3349,rule4ml,rule4ml/archive_3/6525c522aac153d069b607fb979a4c05.pt,37764.0,45779.484375,17075.0,11237.4150390625,154.0,40.995445251464844,41.5,38.16108703613281,439.0,425.2496032714844,6.0,7.836300373077393
test,3376,rule4ml,rule4ml/archive_3/b25d65de11147148214c45b4adfbffca.pt,2125.0,4211.5009765625,55.0,950.4892578125,8.0,71.66917419433594,46.0,33.161338806152344,867.0,439.46710205078125,1.0,1.275543451309204
test,3379,rule4ml,rule4ml/archive_3/c0c9a93cbe3ceaad1612986eda38288b.pt,6740.0,28554.515625,67.0,651.684814453125,0.0,0.0,4.0,29.69273567199707,72.0,234.32847595214844,1.0,1.6531498432159424
test,3380,rule4ml,rule4ml/archive_3/c3b6b3ceb8f5084c79c0dfecdf95e041.pt,609385.0,372131.1875,170932.0,101120.046875,220.0,978.3494262695312,142.0,63.96725845336914,116.0,192.6695556640625,6.0,6.092032432556152
test,3388,rule4ml,rule4ml/archive_3/d0a0795f687d44bf562f687304ee9bb1.pt,2116.0,640.275390625,3.0,22.724260330200195,0.0,0.0,80.5,18.14786720275879,217.0,347.21014404296875,1.0,1.3586602210998535
test,3394,rule4ml,rule4ml/archive_3/e3e96daf1f06a53589fa0df43cec0034.pt,33832.0,19651.30859375,12616.0,7987.3134765625,220.0,419.24737548828125,13.0,67.02266693115234,229.0,705.5654296875,3.0,6.558300971984863
test,3396,rule4ml,rule4ml/archive_3/ee14146f314d7dc7058f6318e3dd7b3a.pt,38147.0,38055.25,2522.0,3001.8828125,32.0,17.233928680419922,5.5,33.94828796386719,57.0,312.623046875,2.0,4.641940116882324
test,3397,rule4ml,rule4ml/archive_3/f163c6412ca9e14b905b6aade7c33ceb.pt,76275.0,41912.0078125,47637.0,20138.984375,0.0,0.0,25.0,27.904354095458984,907.0,302.56585693359375,16.0,10.224254608154297
test,3409,rule4ml,rule4ml/archive_4/0a928a232e0c7455fd8115576b1ff71f.pt,86939.0,53747.5390625,88195.0,44156.6015625,220.0,39.907958984375,17.5,59.86479949951172,1089.0,717.8172607421875,156.0,45.945899963378906
test,3410,rule4ml,rule4ml/archive_4/0c8fe5455f887526a92964feef5e6035.pt,24631.0,46664.484375,127.0,1105.9029541015625,0.0,0.0,78.0,55.870418548583984,528.0,196.264404296875,1.0,1.2679271697998047
test,3420,rule4ml,rule4ml/archive_4/2d3c0b81cc618c0a89cb7a55d96c0ba2.pt,49561.0,54367.57421875,19292.0,34521.828125,90.0,113.92764282226562,5.5,7.583806991577148,267.0,480.8695068359375,28.0,58.81389617919922
test,3433,rule4ml,rule4ml/archive_4/4ec861dcf23df55a2f7c7e79c4773fa9.pt,3170.0,2855.8984375,409.0,517.1541137695312,98.0,220.36526489257812,31.5,6.530361652374268,104.0,329.4830017089844,1.0,1.3971281051635742
test,3434,rule4ml,rule4ml/archive_4/549a539a2b801c875a1b52bfbc61667f.pt,57595.0,44147.88671875,50079.0,39100.734375,220.0,224.34962463378906,57.0,23.90593147277832,824.0,269.80718994140625,32.0,18.0155029296875
test,3445,rule4ml,rule4ml/archive_4/69665507dcb361898217e89a5528c662.pt,36552.0,157606.65625,17630.0,35421.36328125,256.0,804.76220703125,28.0,21.695568084716797,112.0,93.42341613769531,7.0,3.2393858432769775
test,3447,rule4ml,rule4ml/archive_4/704aa9e24c7cd1c104e3fe1bd971bb31.pt,53176.0,83500.5625,53538.0,5514.4462890625,220.0,63.692256927490234,19.5,114.0326919555664,868.0,629.822998046875,131.0,1.1568876504898071
test,3454,rule4ml,rule4ml/archive_4/9008b2aa570b34cdab27419a5e85a359.pt,29680.0,29705.46484375,48758.0,27782.716796875,256.0,40.66072082519531,17.5,38.912567138671875,1472.0,716.593994140625,156.0,65.28736114501953
test,3466,rule4ml,rule4ml/archive_4/ae4da2ac435e552272b954dd29f211e4.pt,214833.0,148311.78125,136561.0,100580.390625,528.0,201.72677612304688,120.0,179.0918731689453,1795.0,643.378662109375,156.0,27.727767944335938
test,3470,rule4ml,rule4ml/archive_4/b2b008a9c8861976b3750110cd50a594.pt,17873.0,32685.087890625,14888.0,26216.638671875,12.0,303.5548095703125,130.5,159.61911010742188,456.0,524.7174072265625,4.0,18.006446838378906
test,3474,rule4ml,rule4ml/archive_4/be03d0b434a436aa7aba918057418f50.pt,65515.0,256864.375,2200.0,83495.703125,2639.0,431.57037353515625,20.0,42.551509857177734,1061.0,200.69198608398438,2.0,8.937406539916992
test,3476,rule4ml,rule4ml/archive_4/c10e1255882a9a2d67ceb1dc447a54fb.pt,2341.0,3884.570556640625,2331.0,3009.31494140625,0.0,0.0,2.5,4.1425251960754395,393.0,399.36773681640625,64.0,57.68796157836914
test,3481,rule4ml,rule4ml/archive_4/da97998944a51cc8d03dd3db6405e6c8.pt,112.0,396.0126953125,49.0,14.582701683044434,0.0,0.0,4.5,7.905135154724121,1035.0,307.09735107421875,2.0,2.075021743774414
test,3482,rule4ml,rule4ml/archive_4/db5d645b590bdff4dedbf71eee68706a.pt,643280.0,356861.125,102182.0,176778.21875,2520.0,5870.24560546875,46.0,92.84979248046875,633.0,464.5777282714844,2.0,15.812895774841309
test,3484,rule4ml,rule4ml/archive_4/de75123bb8bf43bfd70ca187aafbb6d6.pt,57882.0,58314.7265625,35558.0,6390.13232421875,260.0,35.376399993896484,115.5,57.36615753173828,751.0,500.5390319824219,131.0,4.231414318084717
test,3485,rule4ml,rule4ml/archive_4/e254c796096e6846cc76ec457da6dfa9.pt,35295.0,63495.3515625,18189.0,5557.84228515625,4.0,25.71161651611328,77.5,55.27592086791992,533.0,404.7167663574219,4.0,2.6375739574432373
test,3491,rule4ml,rule4ml/archive_4/e903f30418f06f8b706b12a8ec5de0d8.pt,28519.0,25251.119140625,13410.0,2681.822509765625,112.0,17.805713653564453,36.5,17.192718505859375,166.0,342.9143371582031,7.0,7.182321548461914
test,3498,rule4ml,rule4ml/archive_4/efa2dbd75f7baecfda9bef1853ec7e5e.pt,16873.0,10956.775390625,12276.0,6408.24169921875,0.0,0.0,26.5,16.452472686767578,293.0,207.13963317871094,32.0,21.346328735351562
test,3503,rule4ml,rule4ml/archive_4/fa71f4355a569050ee55b205dc657847.pt,20232.0,22937.525390625,9273.0,371.44549560546875,0.0,0.0,118.5,40.030487060546875,859.0,322.97930908203125,4.0,2.0027191638946533
exemplar,0,exemplar,exemplar/archive_1/0273888c-6100-46de-ba53-476666388e81.pt,21988.0,13188.3564453125,24276.0,11071.529296875,0.0,16.435794830322266,5.0,3.6144461631774902,6583.0,837.0662841796875,1296.0,211.46221923828125
exemplar,1,exemplar,exemplar/archive_1/08ceef03-f529-483b-9de4-b4b67e848d56.pt,6595.0,14787.560546875,8049.0,12614.6904296875,6.0,12.278128623962402,1.0,2.3899483680725098,525.0,684.781494140625,192.0,214.68331909179688
exemplar,2,exemplar,exemplar/archive_1/0971e6d6-d73b-4833-aefc-bbae6dc5b505.pt,158971.0,61096.3984375,82018.0,25411.072265625,66.0,173.17788696289062,0.0,38.599815368652344,619.0,477.1571960449219,92.0,33.659934997558594
exemplar,3,exemplar,exemplar/archive_1/0b264399-9786-4e1d-95f5-b15ae9eef489.pt,7929.0,12894.5771484375,8102.0,10793.703125,3.0,22.405818939208984,4.0,5.580626010894775,502.0,610.6239624023438,128.0,157.50534057617188
exemplar,4,exemplar,exemplar/archive_1/0ca740a3-feef-4ee0-91b6-46f493ae36b2.pt,3349.0,13886.0703125,3918.0,10959.2939453125,2.0,8.118000984191895,1.0,1.951889157295227,521.0,1021.4835815429688,192.0,447.3585205078125
exemplar,5,exemplar,exemplar/archive_1/0e85b020-3749-4e4d-ac93-a44f053ea57b.pt,2913.0,8821.900390625,2764.0,7438.26220703125,3.0,10.210155487060547,2.0,1.7962982654571533,2631.0,1177.8719482421875,1024.0,710.84228515625
exemplar,6,exemplar,exemplar/archive_1/1096f607-c024-4e57-a794-4bf4d2886e54.pt,6411.0,155462.96875,1850.0,58911.8359375,421.0,171.6327362060547,1.0,21.9615535736084,25.0,238.30532836914062,1.0,12.838787078857422
exemplar,7,exemplar,exemplar/archive_1/12d641dd-5146-4c9f-911d-cf810823fff7.pt,3133.0,8821.310546875,2898.0,7437.5595703125,5.0,10.212544441223145,2.0,1.7963862419128418,2764.0,1177.828125,1024.0,710.7489013671875
exemplar,8,exemplar,exemplar/archive_1/14689274-3866-4b30-b586-c404fc0eb7e3.pt,428.0,6263.5166015625,338.0,4293.32373046875,0.0,0.0,0.0,1.3786907196044922,16.0,965.3334350585938,1.0,663.6077270507812
exemplar,9,exemplar,exemplar/archive_1/182f2870-c640-40ba-987d-d85d5a889c32.pt,1011.0,1716.7384033203125,223.0,464.5455322265625,3.0,35.154502868652344,0.0,15.281523704528809,28.0,365.52581787109375,1.0,1.1444470882415771
exemplar,10,exemplar,exemplar/archive_1/1c3965f8-aac2-4e66-ae41-f24c4f7586e5.pt,37957.0,198938.5,9537.0,72684.3671875,2147.0,279.7104797363281,2.0,35.32526779174805,40.0,241.5986328125,1.0,12.254034042358398
exemplar,11,exemplar,exemplar/archive_1/1d3a9271-bb21-46f7-a928-48272ce7193f.pt,21678.0,15087.3955078125,36597.0,12273.783203125,128.0,9.667831420898438,6.0,2.8289380073547363,2905.0,970.960693359375,1024.0,353.37921142578125
exemplar,12,exemplar,exemplar/archive_1/206dfc0c-9319-43c0-b4e3-b5bf034ef1bd.pt,5101.0,17863.74609375,1837.0,11585.9140625,2.0,13.099504470825195,1.0,5.620244026184082,53.0,527.0743408203125,12.0,72.67078399658203
exemplar,13,exemplar,exemplar/archive_1/247d9155-f7f3-4ed7-92d8-cb8bf564eaeb.pt,640.0,15689.287109375,7.0,10272.537109375,3.0,92.37066650390625,0.0,5.12272834777832,23.0,1653.0374755859375,1.0,193.2774200439453
exemplar,14,exemplar,exemplar/archive_1/250eb325-6f3c-4c11-9d82-2353ec7b3655.pt,3337.0,8803.828125,4167.0,7437.80078125,5.0,10.116898536682129,2.0,1.8000421524047852,2876.0,1171.44580078125,1024.0,709.3499755859375
exemplar,15,exemplar,exemplar/archive_1/275c93ce-d31a-4833-97ca-00657c0684ec.pt,10504.0,6218.080078125,6645.0,3573.728271484375,0.0,0.0,0.0,6.8917927742004395,94.0,318.49261474609375,1.0,8.46334171295166
exemplar,16,exemplar,exemplar/archive_1/2b1ebd37-082b-44ce-80f1-5789f44e794d.pt,38685.0,198938.3125,9433.0,72684.2265625,2126.0,279.7095642089844,2.0,35.32526779174805,40.0,241.59886169433594,1.0,12.254034042358398
exemplar,17,exemplar,exemplar/archive_1/2db30ca7-c3d9-421a-bd5f-13c2711d4758.pt,25110.0,170390.921875,5955.0,48065.83984375,5.0,72.47074890136719,2.0,42.71458435058594,42.0,285.2038879394531,2.0,11.174880981445312
exemplar,18,exemplar,exemplar/archive_1/30e2c5f7-5a29-4903-8934-750ea19679e8.pt,3367.0,10063.2841796875,850.0,594.6298217773438,0.0,0.0,0.0,2.549581527709961,25.0,403.2325439453125,5.0,29.902597427368164
exemplar,19,exemplar,exemplar/archive_1/317b26f4-5f81-4d40-a851-b24c3c44654c.pt,1023.0,1692.1640625,16.0,456.2449951171875,5.0,34.20664978027344,0.0,15.165735244750977,523.0,363.68328857421875,1.0,1.1334776878356934
exemplar,20,exemplar,exemplar/archive_1/34c6a605-582c-4ac3-a672-21a86b84164d.pt,6439.0,19862.380859375,5621.0,13565.9033203125,2.0,24.40499496459961,0.0,1.4291844367980957,301.0,532.3026123046875,286.0,99.10348510742188
exemplar,21,exemplar,exemplar/archive_1/36213331-74e8-44ed-8da9-e209c6703607.pt,7448.0,13905.896484375,8953.0,11007.69140625,3.0,8.098346710205078,3.0,1.9530363082885742,2630.0,1024.4659423828125,1024.0,451.7856750488281
exemplar,22,exemplar,exemplar/archive_1/36b4d64d-8c42-4320-adc4-a82339843784.pt,1367.0,8828.1962890625,1337.0,7417.7939453125,2.0,10.432478904724121,0.0,1.797868013381958,520.0,1179.3118896484375,192.0,705.25244140625
exemplar,23,exemplar,exemplar/archive_1/371d50bf-1f3d-4d55-9d2d-9421bc2a01e2.pt,46584.0,265611.0,21444.0,97455.2421875,2108.0,728.276123046875,2.0,53.1801872253418,43.0,195.08294677734375,2.0,4.454545497894287
exemplar,24,exemplar,exemplar/archive_1/37a7c317-89f4-4554-91c5-68afcaf539c1.pt,2829.0,12046.990234375,1085.0,1440.1658935546875,0.0,0.0,0.0,2.057532787322998,41.0,304.6092224121094,26.0,42.510101318359375
exemplar,25,exemplar,exemplar/archive_1/38f204fc-3e79-4077-93a0-3892a3ab85d2.pt,59846.0,234148.75,7409.0,92766.2578125,2278.0,602.272216796875,2.0,49.705322265625,533.0,202.0531005859375,2.0,4.461822509765625
exemplar,26,exemplar,exemplar/archive_1/3a3f2dca-5b03-44d4-9918-2282eb4440fb.pt,7192.0,11008.6884765625,4704.0,8509.8662109375,287.0,5.944577217102051,0.0,1.166182279586792,20.0,740.94482421875,2.0,378.906494140625
exemplar,27,exemplar,exemplar/archive_1/4107d0be-42b6-4158-9f36-c8a56530d5de.pt,26215.0,150155.53125,5721.0,46130.58203125,3.0,67.23545837402344,1.0,41.09482955932617,37.0,295.669677734375,2.0,11.857921600341797
exemplar,28,exemplar,exemplar/archive_1/45c61271-60eb-4ff5-ba6f-246ba575185f.pt,2227.0,2043.9447021484375,145.0,145.81866455078125,0.0,0.0,0.0,10.155064582824707,78.0,475.87457275390625,1.0,21.27190589904785
exemplar,29,exemplar,exemplar/archive_1/46c56634-0933-47cc-9e72-89614aaa7251.pt,3323.0,13919.1259765625,3676.0,11001.8349609375,2.0,8.201953887939453,2.0,1.9805625677108765,329.0,1012.291259765625,96.0,442.65087890625
exemplar,30,exemplar,exemplar/archive_1/4705b427-e733-41ed-bda3-6cc20c46fb96.pt,9817.0,62914.33984375,5833.0,48499.2265625,422.0,298.6055908203125,1.0,25.729785919189453,29.0,220.15921020507812,2.0,7.8140058517456055
exemplar,31,exemplar,exemplar/archive_1/4d39c459-d8e1-4de1-a8de-a7b376d0e510.pt,45414.0,200491.734375,17157.0,71885.59375,1970.0,258.3502197265625,7.0,32.69513702392578,283.0,216.17355346679688,5.0,11.020027160644531
exemplar,32,exemplar,exemplar/archive_1/4d551fc6-7a68-4f90-a6b9-4c483baed59e.pt,5013.0,6652.41796875,4684.0,7701.45263671875,128.0,33.462982177734375,0.0,10.681265830993652,409.0,342.406005859375,64.0,14.606084823608398
exemplar,33,exemplar,exemplar/archive_1/4d7af3a5-68b9-46b1-9875-78271f4a712b.pt,7489.0,9335.61328125,7842.0,8069.5078125,128.0,14.143028259277344,2.0,2.1049270629882812,3006.0,1268.8131103515625,1024.0,676.6129150390625
exemplar,34,exemplar,exemplar/archive_1/4fe50b78-f06b-4441-a458-1445bd2d983a.pt,7423.0,13897.556640625,9003.0,10992.33203125,5.0,8.102212905883789,3.0,1.9492989778518677,2760.0,1024.40478515625,1024.0,451.19708251953125
exemplar,35,exemplar,exemplar/archive_1/52c0f586-1dea-422b-84cb-fcc178db7048.pt,7711.0,13897.556640625,9110.0,10992.33203125,5.0,8.102210998535156,3.0,1.9492989778518677,2763.0,1024.40478515625,1024.0,451.19708251953125
exemplar,36,exemplar,exemplar/archive_1/568fa7df-b876-4e31-bcb8-7dd7426d9616.pt,3194.0,8821.310546875,2900.0,7437.5595703125,5.0,10.212544441223145,2.0,1.7963862419128418,2765.0,1177.828125,1024.0,710.7489013671875
exemplar,37,exemplar,exemplar/archive_1/6346baef-4016-4baa-95ca-4d01f340d884.pt,3112.0,5380.359375,1909.0,6140.6689453125,5.0,18.481815338134766,0.0,7.705869197845459,41.0,299.82196044921875,3.0,9.553617477416992
exemplar,38,exemplar,exemplar/archive_1/641d2098-53ea-4e20-b11b-636ecfc4de3b.pt,5034.0,10402.59375,1683.0,7274.23193359375,0.0,6.368348121643066,0.0,1.4933260679244995,19.0,914.2538452148438,2.0,506.8758544921875
exemplar,39,exemplar,exemplar/archive_1/64239147-5c4d-4f1c-b543-1bb26a6df2a6.pt,842.0,6294.1318359375,677.0,6191.802734375,2.0,34.622467041015625,0.0,8.625852584838867,24.0,410.35589599609375,1.0,25.40488052368164
exemplar,40,exemplar,exemplar/archive_1/67c490e4-5293-4931-a67a-efe1c2b8a712.pt,32622.0,148408.0,27846.0,48985.5078125,128.0,74.13355255126953,4.0,44.37947082519531,310.0,307.8473815917969,9.0,11.802738189697266
exemplar,41,exemplar,exemplar/archive_1/6f78ee34-8249-459a-900a-d8aee5f203ad.pt,44213.0,265611.0,10168.0,97455.15625,2107.0,728.2747802734375,2.0,53.18014907836914,36.0,195.08303833007812,1.0,4.454553127288818
exemplar,42,exemplar,exemplar/archive_1/733d4346-c1e0-45cc-841d-62a798bbe60a.pt,56989.0,41630.125,55082.0,26513.6953125,149.0,50.367557525634766,4.0,6.295354843139648,693.0,671.7722778320312,98.0,94.00543212890625
exemplar,43,exemplar,exemplar/archive_1/74923cb9-abeb-4329-bb34-2e0714e33867.pt,7563.0,36273.796875,2302.0,20127.732421875,2.0,48.823753356933594,1.0,30.74401092529297,26.0,334.43646240234375,2.0,18.000791549682617
exemplar,44,exemplar,exemplar/archive_1/7ad022f0-031e-4928-8967-2a10e6ead5a5.pt,22907.0,44397.6328125,800.0,4403.50341796875,3.0,20.40931510925293,1.0,54.75007629394531,28.0,428.7359313964844,1.0,3.7733044624328613
exemplar,45,exemplar,exemplar/archive_1/7ecb5102-3313-4c41-9586-c1ad1fd36c66.pt,109778.0,230298.640625,29872.0,52466.71484375,5853.0,910.4856567382812,0.0,22.795381546020508,90.0,74.6517333984375,1.0,2.378429889678955
exemplar,46,exemplar,exemplar/archive_1/7f402bb4-51cf-485d-bc52-6ee172ca14fa.pt,5895.0,14814.1982421875,6753.0,12659.0068359375,8.0,12.516252517700195,2.0,2.415849447250366,328.0,675.8507690429688,96.0,210.76019287109375
exemplar,47,exemplar,exemplar/archive_1/8317cf35-eefa-4791-bcf7-f4065665fd13.pt,5111.0,10402.59375,1702.0,7274.2392578125,0.0,6.368344783782959,0.0,1.4933258295059204,19.0,914.2542724609375,2.0,506.8758544921875
exemplar,48,exemplar,exemplar/archive_1/840fcf94-ccfc-43d8-b7c2-d33799fa8aa8.pt,3334.0,8803.828125,4118.0,7437.80078125,5.0,10.116901397705078,2.0,1.8000421524047852,2876.0,1171.44580078125,1024.0,709.3499755859375
exemplar,49,exemplar,exemplar/archive_1/84384e9c-dbd4-42f2-9768-d6071fed7642.pt,45548.0,38809.3984375,35581.0,27099.35546875,9.0,34.590576171875,2.0,8.256963729858398,2171.0,1893.323486328125,2143.0,344.27569580078125
exemplar,50,exemplar,exemplar/archive_1/85e17655-4ec7-4dde-bbe4-d48bacfaa343.pt,36.0,720.3114013671875,1.0,42.762115478515625,0.0,0.0,0.0,0.8859125375747681,13.0,327.6015930175781,1.0,15.141510009765625
exemplar,51,exemplar,exemplar/archive_1/86a7fb3e-bc83-41fa-894f-d57ab0a037c1.pt,7222.0,67856.546875,4720.0,48352.875,282.0,328.0818786621094,0.0,7.150917053222656,20.0,375.8115234375,2.0,20.663597106933594
exemplar,52,exemplar,exemplar/archive_1/8c5001d5-58f2-49e9-a6bb-2ae23830866f.pt,25884.0,20073.61328125,14460.0,6436.11328125,128.0,18.85863494873047,6.0,7.275547504425049,292.0,393.2852478027344,12.0,29.904417037963867
exemplar,53,exemplar,exemplar/archive_1/8d2bea12-85c5-4b4c-802c-3390a356a35e.pt,9199.0,4826.28466796875,7911.0,3838.99462890625,0.0,0.0,3.0,4.0774006843566895,821.0,503.3822021484375,144.0,68.04855346679688
exemplar,54,exemplar,exemplar/archive_1/8e75be00-7e3e-4f3d-8aa1-3e913ec040ec.pt,46262.0,200491.546875,28091.0,71885.53125,1998.0,258.34912109375,4.0,32.69513702392578,305.0,216.1739501953125,9.0,11.020035743713379
exemplar,55,exemplar,exemplar/archive_1/90c22023-a457-4031-8dcc-74aa8742c717.pt,91.0,720.3114013671875,1.0,42.762115478515625,0.0,0.0,0.0,0.8859125375747681,13.0,327.60174560546875,1.0,15.141510009765625
exemplar,56,exemplar,exemplar/archive_1/933de88a-1fe8-4497-b8cf-66fe9146b0e0.pt,10507.0,6218.080078125,6645.0,3573.724853515625,0.0,0.0,0.0,6.891794681549072,94.0,318.49261474609375,1.0,8.463346481323242
exemplar,57,exemplar,exemplar/archive_1/93c8fe85-cd4d-4b53-a93f-688a737d92ef.pt,2795.0,12046.990234375,771.0,1440.1658935546875,0.0,0.0,0.0,2.05753231048584,33.0,304.6092224121094,21.0,42.510101318359375
exemplar,58,exemplar,exemplar/archive_1/93f027a8-36c7-4159-b997-fa581ea23d40.pt,55888.0,38931.43359375,34051.0,24231.48828125,27.0,38.95918655395508,2.0,4.476476669311523,408.0,651.6204223632812,103.0,101.98825073242188
exemplar,59,exemplar,exemplar/archive_1/94394a1c-cebb-41b5-97ba-053c2cbb4444.pt,6967.0,8636.072265625,7374.0,7641.99267578125,128.0,24.744749069213867,0.0,3.174420118331909,958.0,860.3348999023438,128.0,281.56280517578125
exemplar,60,exemplar,exemplar/archive_1/9748b154-4100-4641-a2d4-c9e8328e837d.pt,24744.0,47852.2421875,19067.0,4485.763671875,128.0,19.92108917236328,4.0,52.25771713256836,306.0,402.41455078125,9.0,3.5937812328338623
exemplar,61,exemplar,exemplar/archive_1/990eb8b7-92c6-40ca-b679-e3cbaa3024b6.pt,16360.0,14836.623046875,28255.0,12682.572265625,10.0,12.472650527954102,3.0,2.4084253311157227,2872.0,679.6578979492188,1024.0,212.8905029296875
exemplar,62,exemplar,exemplar/archive_1/9a9a9339-a608-467c-91a9-1a3f6a783e95.pt,62820.0,41584.6875,2597.0,2231.489501953125,0.0,0.0,0.0,21.744457244873047,82.0,350.817626953125,1.0,20.221298217773438
exemplar,63,exemplar,exemplar/archive_1/9bce92a8-b4b7-42eb-a5e4-15f5d4f3c872.pt,11925.0,15662.64453125,15471.0,14915.607421875,26.0,33.4185676574707,6.0,4.934877872467041,584.0,403.0357971191406,160.0,77.94410705566406
exemplar,64,exemplar,exemplar/archive_1/9c3ee7e5-a98f-4ec9-9b34-0d1baaa3da26.pt,39506.0,15991.6865234375,64013.0,13793.3564453125,133.0,15.946449279785156,7.0,2.9913647174835205,2909.0,636.111328125,1024.0,168.3413543701172
exemplar,65,exemplar,exemplar/archive_1/9c51cef1-e8be-4066-85b1-e69bbe003acc.pt,62726.0,39992.94140625,2597.0,1238.00634765625,0.0,0.0,0.0,31.91074562072754,82.0,207.928955078125,1.0,1.5092031955718994
exemplar,66,exemplar,exemplar/archive_1/a2d0b7bd-e241-47cf-9b48-c8d5b31a4dfb.pt,52808.0,34944.66796875,30535.0,22425.56640625,24.0,34.519657135009766,1.0,4.479571342468262,401.0,710.1939086914062,101.0,118.82435607910156
exemplar,67,exemplar,exemplar/archive_1/a7ab27fb-bd8e-4dfb-bc4f-fc37b71e548c.pt,2769.0,5116.90576171875,1763.0,6147.2734375,3.0,18.54184913635254,0.0,7.439822673797607,35.0,309.2930908203125,2.0,10.936687469482422
exemplar,68,exemplar,exemplar/archive_1/a7fcc3e0-563d-4404-9467-f86818191469.pt,10528.0,6218.080078125,6645.0,3573.728271484375,0.0,0.0,0.0,6.8917927742004395,94.0,318.49261474609375,1.0,8.463350296020508
exemplar,69,exemplar,exemplar/archive_1/a84153c9-baad-493e-b043-331117736a38.pt,26154.0,20073.61328125,11148.0,6436.11328125,128.0,18.85862922668457,7.0,7.275549411773682,285.0,393.2852478027344,5.0,29.904417037963867
exemplar,70,exemplar,exemplar/archive_1/ab107bcf-9e12-42e0-9b1a-bf08d137f970.pt,61095.0,34043.46875,5272.0,5890.98828125,0.0,0.0,0.0,5.797628402709961,98.0,1498.6103515625,19.0,124.60527038574219
exemplar,71,exemplar,exemplar/archive_1/af019597-795a-45fb-af20-0492e247f185.pt,7535.0,11008.69921875,3360.0,8509.8740234375,281.0,5.944593906402588,0.0,1.1661819219589233,15.0,740.944091796875,1.0,378.9056091308594
exemplar,72,exemplar,exemplar/archive_1/b19f2e4b-4590-4abd-a767-7530be27f889.pt,27733.0,170390.921875,5435.0,48065.83984375,5.0,72.4708251953125,2.0,42.71455383300781,36.0,285.2040100097656,1.0,11.174883842468262
exemplar,73,exemplar,exemplar/archive_1/b43c3d48-b63e-4826-8f80-4f21daca2b4f.pt,2911.0,4548.7333984375,2758.0,5518.86083984375,5.0,14.460965156555176,14.0,6.418022155761719,537.0,296.5516052246094,3.0,9.266212463378906
exemplar,74,exemplar,exemplar/archive_1/b656d259-da97-4fd2-982a-eae002500fb2.pt,2806.0,7988.357421875,2566.0,6847.82861328125,3.0,17.313735961914062,1.0,2.708170175552368,502.0,761.9603271484375,128.0,297.7708740234375
exemplar,75,exemplar,exemplar/archive_1/b85933b6-f63c-4af0-aa76-bbf3f5b74598.pt,64713.0,34943.16796875,48949.0,24444.2421875,10.0,32.443355560302734,2.0,7.267393112182617,2239.0,1543.7686767578125,1715.0,289.52593994140625
exemplar,76,exemplar,exemplar/archive_1/bb07fdf6-0145-43fa-b254-ae7790bd0390.pt,5228.0,34173.75,897.0,3268.05908203125,2.0,16.73415756225586,1.0,36.20499038696289,24.0,358.6865539550781,1.0,4.869436740875244
exemplar,77,exemplar,exemplar/archive_1/bfc05050-5933-4357-afc0-782c3c9871d3.pt,72372.0,49216.6953125,37872.0,30725.037109375,32.0,68.60845947265625,2.0,6.29425573348999,881.0,553.6006469726562,102.0,71.9058837890625
exemplar,78,exemplar,exemplar/archive_1/c50b7d06-2743-447e-8d30-7d44ffd86fa1.pt,6127.0,34173.71875,771.0,3268.05908203125,2.0,16.734161376953125,1.0,36.20500183105469,24.0,358.6865539550781,1.0,4.869434356689453
exemplar,79,exemplar,exemplar/archive_1/c50bdf2e-0abe-43fc-8139-06cf5e73816b.pt,1357.0,8798.564453125,1278.0,7404.2646484375,2.0,10.376556396484375,0.0,1.8061853647232056,329.0,1166.4757080078125,96.0,697.9202880859375
exemplar,80,exemplar,exemplar/archive_1/c547deb4-f314-4e7d-9e7b-88bda5d6f7ff.pt,4920.0,88460.671875,63.0,25686.48046875,275.0,316.1744384765625,0.0,11.383312225341797,14.0,158.25527954101562,1.0,4.622249126434326
exemplar,81,exemplar,exemplar/archive_1/c554422a-7e7f-40d8-88a4-8c54a0a92d59.pt,3337.0,8803.8359375,4118.0,7437.80078125,5.0,10.116901397705078,2.0,1.8000421524047852,2876.0,1171.44580078125,1024.0,709.3499755859375
exemplar,82,exemplar,exemplar/archive_1/c76f45c1-2e16-422b-b87f-0befcb5d1cc0.pt,33986.0,198361.640625,1592.0,72627.75,2019.0,278.1245422363281,1.0,35.024635314941406,28.0,241.3946533203125,1.0,12.283920288085938
exemplar,83,exemplar,exemplar/archive_1/cc933a28-ea40-4c6e-94eb-19bb770284e0.pt,14151.0,14780.49609375,17032.0,12610.515625,9.0,12.267935752868652,3.0,2.390451192855835,2760.0,685.1629028320312,1024.0,214.9340057373047
exemplar,84,exemplar,exemplar/archive_1/d2f9b92b-36b8-4913-bf89-d73b70e688b6.pt,74.0,421.7762451171875,1.0,13.640094757080078,0.0,0.0,0.0,10.700676918029785,13.0,372.327392578125,1.0,1.5902676582336426
exemplar,85,exemplar,exemplar/archive_1/d555c2bc-0669-45e4-91b5-39d9ebf234a6.pt,76.0,15697.8330078125,5.0,10219.599609375,2.0,92.95166015625,0.0,5.128486633300781,15.0,1649.90771484375,1.0,193.2144317626953
exemplar,86,exemplar,exemplar/archive_1/d624f608-06d4-4b6b-b0a4-1fd09b11f9a5.pt,57420.0,34043.46875,8222.0,5890.98828125,0.0,0.0,0.0,5.797628402709961,96.0,1498.6103515625,17.0,124.60520935058594
exemplar,87,exemplar,exemplar/archive_1/dcec6b57-a6cd-442a-b467-1dd0d8a02ccf.pt,60408.0,234148.75,27260.0,92766.34375,2300.0,602.2756958007812,2.0,49.705360412597656,540.0,202.0529022216797,3.0,4.461804389953613
exemplar,88,exemplar,exemplar/archive_1/dd09668d-3c30-4aad-9f96-919ce4bedbf0.pt,52892.0,34944.66796875,32809.0,22425.546875,24.0,34.51958084106445,1.0,4.4795684814453125,397.0,710.1935424804688,99.0,118.8242416381836
exemplar,89,exemplar,exemplar/archive_1/e0877d2d-c62b-4796-be5f-96c63aefb754.pt,9596.0,62914.3984375,4242.0,48499.2734375,423.0,298.6061706542969,1.0,25.729785919189453,24.0,220.15879821777344,1.0,7.813971996307373
exemplar,90,exemplar,exemplar/archive_1/e3f6f73c-985e-45e2-8dfd-c8eeaf9b40da.pt,85.0,9883.5908203125,5.0,5553.3642578125,2.0,50.76820373535156,0.0,5.109743595123291,15.0,724.6934814453125,1.0,73.91461944580078
exemplar,91,exemplar,exemplar/archive_1/e6a82969-b2e7-4bf3-ba16-00307a537ca0.pt,6445.0,14814.1982421875,7587.0,12659.01953125,8.0,12.516258239746094,2.0,2.4158499240875244,333.0,675.8504638671875,96.0,210.7600860595703
exemplar,92,exemplar,exemplar/archive_1/e78a5e99-9c04-4b9b-be44-a1b0d34a316b.pt,32764.0,148408.0,28186.0,48985.5546875,128.0,74.13362884521484,4.0,44.379451751708984,309.0,307.8473815917969,9.0,11.802738189697266
exemplar,93,exemplar,exemplar/archive_1/e7919f10-29bd-4777-b4cc-29dbe353cd1c.pt,35600.0,198938.3125,1624.0,72684.296875,2091.0,279.7098083496094,2.0,35.32526779174805,32.0,241.59909057617188,1.0,12.254040718078613
exemplar,94,exemplar,exemplar/archive_1/e8403995-eed4-4ab2-bad9-4ab7a8a95220.pt,9741.0,13885.39453125,14518.0,11036.04296875,5.0,8.170127868652344,3.0,1.9703913927078247,2872.0,1021.7620239257812,1024.0,451.3387756347656
exemplar,95,exemplar,exemplar/archive_1/e87f94ad-6357-4f1e-8148-702cc5865918.pt,738.0,15689.287109375,7.0,10272.52734375,3.0,92.37066650390625,0.0,5.122727394104004,23.0,1653.03662109375,1.0,193.2774200439453
exemplar,96,exemplar,exemplar/archive_1/e89c3f49-0a65-47bb-8ace-4c65db6d108b.pt,21260.0,13188.3564453125,23944.0,11071.5185546875,0.0,16.435802459716797,5.0,3.6144466400146484,6581.0,837.0662841796875,1296.0,211.4621124267578
exemplar,97,exemplar,exemplar/archive_1/e9e2bcad-ffaa-477a-93b0-5d0493070787.pt,15128.0,14780.49609375,18973.0,12610.515625,9.0,12.267945289611816,4.0,2.3904500007629395,2767.0,685.16259765625,1024.0,214.93389892578125
exemplar,98,exemplar,exemplar/archive_1/f47f94f0-87d1-4681-9dcc-02c2cb74fd5a.pt,2236.0,2043.9447021484375,145.0,145.81866455078125,0.0,0.0,0.0,10.155064582824707,78.0,475.8747863769531,1.0,21.271923065185547
exemplar,99,exemplar,exemplar/archive_1/f7965c2f-28df-4155-9306-bfef8953a6be.pt,3057.0,8821.900390625,2828.0,7438.26220703125,3.0,10.210155487060547,2.0,1.7962982654571533,2630.0,1177.8719482421875,1024.0,710.8425903320312
exemplar,100,exemplar,exemplar/archive_2/01525b57-2df4-49a4-8b44-6082bf153f1c.pt,8073.0,10978.4072265625,3359.0,8469.84765625,267.0,5.864059925079346,0.0,1.1621558666229248,15.0,751.3297119140625,1.0,386.0473937988281
exemplar,101,exemplar,exemplar/archive_2/01f697c6-b10b-4565-8590-f81514e880c9.pt,2904.0,4548.72900390625,2680.0,5518.86083984375,5.0,14.4610013961792,14.0,6.418029308319092,537.0,296.552001953125,3.0,9.266219139099121
exemplar,102,exemplar,exemplar/archive_2/0551c9ea-59f7-4e4a-87c0-37df99b26573.pt,21176.0,15087.3955078125,32593.0,12273.783203125,128.0,9.66783618927002,8.0,2.8289389610290527,2889.0,970.960693359375,1024.0,353.37921142578125
exemplar,103,exemplar,exemplar/archive_2/05f0ccd2-98cf-4535-93c2-1d3e77a9b07c.pt,24862.0,10572.494140625,22177.0,9857.50390625,0.0,40.85187530517578,6.0,7.618297100067139,821.0,544.822998046875,144.0,116.06381225585938
exemplar,104,exemplar,exemplar/archive_2/0755003d-fac1-4914-9051-bc9a85e03624.pt,9525.0,38711.328125,7874.0,27030.205078125,6.0,34.47195816040039,1.0,8.257460594177246,438.0,1891.885009765625,422.0,343.7408447265625
exemplar,105,exemplar,exemplar/archive_2/085e0d62-34ae-4f6e-8eaf-6c9695beccbf.pt,717.0,15689.287109375,83.0,10272.52734375,3.0,92.37075805664062,0.0,5.1227288246154785,26.0,1653.03662109375,1.0,193.2774200439453
exemplar,106,exemplar,exemplar/archive_2/08899062-2fac-4cd8-8c35-4678076c0341.pt,9984.0,30867.3671875,6970.0,21048.25390625,8.0,31.75951385498047,1.0,6.37630033493042,275.0,926.4085083007812,84.0,167.4682159423828
exemplar,107,exemplar,exemplar/archive_2/118ec27f-9c9b-4bde-83fa-26ff090691b8.pt,22404.0,23735.7890625,3219.0,17456.951171875,3.0,14.351410865783691,1.0,7.171910762786865,69.0,1284.21875,45.0,183.3914794921875
exemplar,108,exemplar,exemplar/archive_2/121c5201-0714-4c8a-b636-a8f195ba5a03.pt,10823.0,13885.39453125,14535.0,11036.04296875,5.0,8.170129776000977,3.0,1.9703924655914307,2875.0,1021.7615356445312,1024.0,451.3387756347656
exemplar,109,exemplar,exemplar/archive_2/18aa6349-af5a-4ca3-83cd-47dc55381cf4.pt,42742.0,13482.822265625,44659.0,13249.56640625,6.0,16.49711036682129,2.0,3.3762762546539307,6581.0,811.8055419921875,1296.0,319.3502502441406
exemplar,110,exemplar,exemplar/archive_2/1c92271f-850d-4e3c-968f-1dead1ccdaa5.pt,3301.0,13886.0703125,3878.0,10959.2939453125,2.0,8.118002891540527,1.0,1.951889157295227,520.0,1021.4835815429688,192.0,447.3587341308594
exemplar,111,exemplar,exemplar/archive_2/1d7221e2-8d8e-4e81-b2e3-b52c9202ec83.pt,26374.0,150155.53125,5371.0,46130.625,3.0,67.23558807373047,1.0,41.094886779785156,32.0,295.6698303222656,1.0,11.85793399810791
exemplar,112,exemplar,exemplar/archive_2/1fb9d731-44fe-4908-bcb5-265067f24c3e.pt,138432.0,316238.8125,31416.0,107214.46875,5833.0,1376.038818359375,0.0,18.690980911254883,95.0,227.63722229003906,2.0,11.115546226501465
exemplar,113,exemplar,exemplar/archive_2/1feebb8f-df74-4410-90ca-979c51199bfe.pt,5391.0,14787.560546875,7192.0,12614.6904296875,6.0,12.278141021728516,1.0,2.3899476528167725,520.0,684.781494140625,192.0,214.68312072753906
exemplar,114,exemplar,exemplar/archive_2/205c6f44-b54e-4065-8e6d-b654978246be.pt,383.0,2655.5947265625,281.0,3043.039794921875,0.0,0.0,0.0,0.7371140122413635,18.0,490.72979736328125,1.0,23.239429473876953
exemplar,115,exemplar,exemplar/archive_2/249c5897-9354-48ad-b5a5-0cac1690c152.pt,981.0,13887.552734375,86.0,9078.671875,5.0,81.900146484375,0.0,5.281491756439209,528.0,1339.1358642578125,1.0,157.31114196777344
exemplar,116,exemplar,exemplar/archive_2/2ab1a76c-9907-4d18-bf5d-09fe5d1a4db6.pt,5991.0,34173.75,640.0,3268.05615234375,2.0,16.734182357788086,1.0,36.20500183105469,23.0,358.6868896484375,1.0,4.869442462921143
exemplar,117,exemplar,exemplar/archive_2/2fa8fb20-8946-461e-9867-f56d2b13bcff.pt,6967.0,8636.072265625,7374.0,7641.99267578125,128.0,24.744754791259766,0.0,3.174420118331909,958.0,860.3353271484375,128.0,281.5629577636719
exemplar,118,exemplar,exemplar/archive_2/359b58b7-0326-4a93-956a-4b2eaa583f53.pt,4627.0,10418.4599609375,1647.0,7300.38037109375,0.0,6.242696762084961,0.0,1.4763675928115845,20.0,925.3499755859375,2.0,514.1669921875
exemplar,119,exemplar,exemplar/archive_2/3748ff96-bb56-46fe-8e84-6d00af316083.pt,127.0,15697.8330078125,35.0,10219.599609375,2.0,92.95170593261719,0.0,5.128489017486572,17.0,1649.908447265625,1.0,193.21461486816406
exemplar,120,exemplar,exemplar/archive_2/375a3000-6499-4100-b3f4-ed7ccfa6efa9.pt,21623.0,18752.078125,1838.0,6814.41650390625,3.0,14.377650260925293,1.0,5.527328014373779,42.0,433.58990478515625,12.0,45.22270202636719
exemplar,121,exemplar,exemplar/archive_2/3c4f0518-cd12-4c04-a710-7ac6af24b36b.pt,20483.0,18810.29296875,28917.0,18737.455078125,31.0,107.69255065917969,5.0,11.109161376953125,1087.0,269.1965637207031,160.0,32.73164367675781
exemplar,122,exemplar,exemplar/archive_2/3c5398da-d7cf-47aa-97b4-bd7c74fcb34c.pt,2913.0,8821.8916015625,2764.0,7438.26220703125,3.0,10.210160255432129,2.0,1.7962982654571533,2631.0,1177.8719482421875,1024.0,710.8425903320312
exemplar,123,exemplar,exemplar/archive_2/4090a3d7-2624-4487-bc49-3a11e7cb7c9c.pt,24753.0,28595.3671875,21240.0,19870.69921875,128.0,20.851665496826172,4.0,10.689164161682129,315.0,1320.4334716796875,52.0,137.72145080566406
exemplar,124,exemplar,exemplar/archive_2/431255d8-05e7-48b2-8e7e-f16b51ca6522.pt,45063.0,13482.822265625,44698.0,13249.56640625,6.0,16.497102737426758,3.0,3.376276731491089,6581.0,811.8055419921875,1296.0,319.3505554199219
exemplar,125,exemplar,exemplar/archive_2/49637ef4-da70-4343-b00b-3e757a368528.pt,7430.0,67856.6796875,3359.0,48352.96484375,293.0,328.084716796875,0.0,7.150940418243408,16.0,375.8120422363281,1.0,20.663639068603516
exemplar,126,exemplar,exemplar/archive_2/49a75271-725b-4791-bf1f-7d5927b40ac3.pt,7388.0,10978.41796875,4159.0,8469.84765625,291.0,5.864070415496826,0.0,1.1621545553207397,20.0,751.3289794921875,2.0,386.04644775390625
exemplar,127,exemplar,exemplar/archive_2/4ae47494-a6f6-48d1-87e7-ebfcc0ae914c.pt,6113.0,21458.234375,5607.0,14582.798828125,2.0,15.00174331665039,0.0,1.7062878608703613,309.0,809.1356811523438,296.0,184.30905151367188
exemplar,128,exemplar,exemplar/archive_2/51118e02-295c-4b79-937d-7dbad6a2c0d2.pt,24112.0,44785.7734375,816.0,4439.86474609375,5.0,20.70071792602539,2.0,55.03984451293945,32.0,428.2501525878906,1.0,3.750824213027954
exemplar,129,exemplar,exemplar/archive_2/581844f6-d44a-43db-be68-0b45f3b7344d.pt,483.0,6263.5107421875,376.0,4293.32373046875,0.0,0.0,0.0,1.3786925077438354,15.0,965.3329467773438,1.0,663.6087036132812
exemplar,130,exemplar,exemplar/archive_2/5983ca74-e282-412a-b2f0-489327a9ccea.pt,1723.0,1832.6273193359375,800.0,505.9772033691406,107.0,32.01630783081055,0.0,15.792412757873535,270.0,357.87432861328125,1.0,1.2278326749801636
exemplar,131,exemplar,exemplar/archive_2/5b16206e-bc49-4eb0-8532-21e989df898d.pt,33728.0,148408.0,28029.0,48985.5546875,128.0,74.13369750976562,4.0,44.379539489746094,310.0,307.8475341796875,9.0,11.802743911743164
exemplar,132,exemplar,exemplar/archive_2/5f97c105-e8db-4856-99c8-6f244035d9f6.pt,24869.0,21267.1484375,3028.0,5672.79150390625,5.0,23.29901123046875,2.0,7.684261322021484,552.0,372.9905700683594,11.0,25.340017318725586
exemplar,133,exemplar,exemplar/archive_2/6452b03d-2f7b-488d-90ed-e4c45432f442.pt,24520.0,10572.494140625,22669.0,9857.50390625,0.0,40.85187530517578,6.0,7.6182990074157715,823.0,544.822998046875,144.0,116.06381225585938
exemplar,134,exemplar,exemplar/archive_2/64bda8fc-695e-49c2-8e02-09ed011f9f98.pt,7253.0,67856.6796875,4651.0,48352.96484375,282.0,328.0851745605469,0.0,7.150942325592041,20.0,375.8120422363281,2.0,20.663658142089844
exemplar,135,exemplar,exemplar/archive_2/653010fa-d67d-4455-a52a-5586456f6387.pt,22165.0,18752.078125,1876.0,6814.41650390625,3.0,14.377654075622559,1.0,5.527327060699463,42.0,433.5896911621094,11.0,45.222679138183594
exemplar,136,exemplar,exemplar/archive_2/65f2dd57-ee52-4db0-87b2-6b1d5c5edfc4.pt,122.0,1374.7734375,44.0,384.21978759765625,2.0,20.498188018798828,0.0,8.694666862487793,18.0,336.7909851074219,1.0,1.4242827892303467
exemplar,137,exemplar,exemplar/archive_2/6feffc6b-567e-4b36-bad3-e4c57ab9cec2.pt,414.0,6263.5107421875,338.0,4293.32373046875,0.0,0.0,0.0,1.3786925077438354,18.0,965.3329467773438,1.0,663.6087036132812
exemplar,138,exemplar,exemplar/archive_2/71fc7a21-01aa-4f22-8f37-e9b5e3e23654.pt,1017.0,4035.20654296875,24.0,1795.2044677734375,5.0,44.67487716674805,0.0,3.090937376022339,27.0,327.2822570800781,1.0,12.65812873840332
exemplar,139,exemplar,exemplar/archive_2/71ff4609-1463-4d28-9ef0-cef1641b5731.pt,64296.0,34943.1015625,45559.0,24444.2421875,10.0,32.44324493408203,2.0,7.267396926879883,2215.0,1543.7686767578125,1692.0,289.52606201171875
exemplar,140,exemplar,exemplar/archive_2/720c1054-ed10-46fc-86fc-9d4dc4b5fc1d.pt,6311.0,21458.21484375,5375.0,14582.78515625,2.0,15.001701354980469,0.0,1.706284999847412,298.0,809.1333618164062,285.0,184.30850219726562
exemplar,141,exemplar,exemplar/archive_2/753db279-3897-4e89-a08d-a46c207dc829.pt,60890.0,23217.923828125,7075.0,2247.180419921875,0.0,384.4617919921875,0.0,17.64025115966797,93.0,179.27780151367188,2.0,11.438254356384277
exemplar,142,exemplar,exemplar/archive_2/7b0a48f6-26f7-4734-8ff2-b2389721cf8b.pt,64315.0,34943.19921875,48353.0,24444.287109375,10.0,32.44348907470703,2.0,7.26739501953125,2241.0,1543.7694091796875,1717.0,289.5262145996094
exemplar,143,exemplar,exemplar/archive_2/7eb90940-c8fc-46eb-b334-63c1540139b5.pt,49.0,421.7744140625,1.0,13.64000415802002,0.0,0.0,0.0,10.700693130493164,13.0,372.3284912109375,1.0,1.5902800559997559
exemplar,144,exemplar,exemplar/archive_2/88525790-1f2d-4b08-abd1-87d93fbfa721.pt,7423.0,13897.556640625,9003.0,10992.33203125,5.0,8.102212905883789,3.0,1.9492989778518677,2760.0,1024.40478515625,1024.0,451.1968688964844
exemplar,145,exemplar,exemplar/archive_2/88562b99-cdec-44f1-a048-2808b2e91b5d.pt,3337.0,8803.828125,4118.0,7437.80078125,5.0,10.116901397705078,2.0,1.8000421524047852,2877.0,1171.44580078125,1024.0,709.350341796875
exemplar,146,exemplar,exemplar/archive_2/8858c4d4-cdcf-46ad-8093-195db8550140.pt,26082.0,20894.587890625,2632.0,15008.67578125,5.0,13.530210494995117,2.0,6.328023910522461,564.0,1009.8700561523438,40.0,146.88340759277344
exemplar,147,exemplar,exemplar/archive_2/8fb92d64-ae75-49a3-83d4-b20cc8facacb.pt,14150.0,14780.49609375,17032.0,12610.50390625,9.0,12.267948150634766,3.0,2.3904480934143066,2760.0,685.1622314453125,1024.0,214.93359375
exemplar,148,exemplar,exemplar/archive_2/8fc296f2-d676-4db0-8fca-4aad1c0f9562.pt,7448.0,13905.896484375,8953.0,11007.69140625,3.0,8.098346710205078,3.0,1.9530365467071533,2630.0,1024.4659423828125,1024.0,451.7856750488281
exemplar,149,exemplar,exemplar/archive_2/92338979-551d-417d-b540-907ba3e43cdf.pt,29043.0,18810.29296875,37083.0,18737.4375,31.0,107.69235229492188,5.0,11.109161376953125,1087.0,269.1965637207031,160.0,32.73164367675781
exemplar,150,exemplar,exemplar/archive_2/9313be69-b1d3-4511-8970-154a74b6e9a1.pt,2114.0,1808.6812744140625,145.0,122.42483520507812,0.0,0.0,0.0,17.135087966918945,78.0,188.52838134765625,1.0,0.8502330780029297
exemplar,151,exemplar,exemplar/archive_2/9484c0eb-623f-4785-b182-7fa5cc18e87e.pt,13661.0,14780.49609375,17018.0,12610.50390625,9.0,12.267929077148438,3.0,2.3904500007629395,2760.0,685.1629028320312,1024.0,214.9340057373047
exemplar,152,exemplar,exemplar/archive_2/9847d2cf-f15c-4505-8b8d-f64ac3998050.pt,24672.0,150155.53125,5377.0,46130.625,3.0,67.23551940917969,1.0,41.09490966796875,32.0,295.6698303222656,1.0,11.85793399810791
exemplar,153,exemplar,exemplar/archive_2/991f13af-b7f2-4986-8d9a-67446552fda3.pt,4933.0,23647.48828125,1767.0,17357.970703125,2.0,14.327171325683594,1.0,7.155409336090088,80.0,1275.73388671875,65.0,181.63592529296875
exemplar,154,exemplar,exemplar/archive_2/9bf554fc-02eb-4516-9e17-0417c78bcfc4.pt,825.0,15689.271484375,132.0,10271.6748046875,5.0,92.38250732421875,0.0,5.122869968414307,32.0,1652.9862060546875,1.0,193.27389526367188
exemplar,155,exemplar,exemplar/archive_2/9e988320-f57a-4fd9-9af6-e0dd6526b45f.pt,3337.0,8803.828125,4118.0,7437.80078125,5.0,10.116903305053711,2.0,1.8000421524047852,2877.0,1171.44580078125,1024.0,709.350341796875
exemplar,156,exemplar,exemplar/archive_2/a191dd12-d602-4bc6-aaf3-c8cb908fd702.pt,26532.0,20073.61328125,19612.0,6436.107421875,128.0,18.858642578125,4.0,7.275547504425049,309.0,393.2852478027344,9.0,29.9044246673584
exemplar,157,exemplar,exemplar/archive_2/a1fe7c8f-9a29-4f21-ae4d-1839cca18741.pt,141209.0,45308.6953125,87556.0,41066.9765625,12.0,57.660682678222656,0.0,4.414431095123291,3055.0,1225.259033203125,2976.0,196.55715942382812
exemplar,158,exemplar,exemplar/archive_2/aa61c13f-4b69-4075-914c-dd0ce3023d0a.pt,2010.0,17516.439453125,1245.0,10794.10546875,114.0,147.3196258544922,0.0,6.317587852478027,272.0,1812.03759765625,1.0,152.24481201171875
exemplar,159,exemplar,exemplar/archive_2/aacf0ac9-db95-4fcc-8c4d-aecbc270036b.pt,11924.0,15662.64453125,15471.0,14915.62109375,26.0,33.41864776611328,6.0,4.934883117675781,584.0,403.0359802246094,160.0,77.94425964355469
exemplar,160,exemplar,exemplar/archive_2/ab159ae2-584e-4dcd-a535-87f562c45533.pt,5311.0,88460.75,1379.0,25686.48046875,285.0,316.1759338378906,0.0,11.383333206176758,20.0,158.25596618652344,1.0,4.622254371643066
exemplar,161,exemplar,exemplar/archive_2/aec95022-1104-4ae4-a2f5-570b3651b52c.pt,6738.0,8636.072265625,9529.0,7641.99267578125,128.0,24.744754791259766,0.0,3.1744205951690674,962.0,860.3353271484375,128.0,281.5629577636719
exemplar,162,exemplar,exemplar/archive_2/af819660-64bf-4cba-9691-9f108cad6317.pt,5391.0,14787.5322265625,7192.0,12614.677734375,6.0,12.27806568145752,1.0,2.3899495601654053,520.0,684.782470703125,192.0,214.68405151367188
exemplar,163,exemplar,exemplar/archive_2/af92a7a9-9199-47a1-b0a9-5342e82f3648.pt,34873.0,15991.6865234375,51955.0,13793.3564453125,133.0,15.94644546508789,9.0,2.9913642406463623,2886.0,636.111328125,1024.0,168.34127807617188
exemplar,164,exemplar,exemplar/archive_2/b09aaa61-8f84-4cf9-a06d-599c34d35835.pt,59062.0,234149.1875,7409.0,92766.4375,2290.0,602.2791137695312,2.0,49.705421447753906,533.0,202.05319213867188,2.0,4.461804389953613
exemplar,165,exemplar,exemplar/archive_2/b2a102d6-2db3-4141-a7c7-ed4324a7263b.pt,42567.0,13614.5869140625,41403.0,15459.236328125,54.0,83.49845123291016,9.0,8.441634178161621,821.0,404.883544921875,144.0,88.69282531738281
exemplar,166,exemplar,exemplar/archive_2/b880a011-7afd-4691-9c3b-f599fcac6507.pt,21678.0,15087.3955078125,36597.0,12273.783203125,128.0,9.66783332824707,6.0,2.8289384841918945,2905.0,970.960693359375,1024.0,353.37921142578125
exemplar,167,exemplar,exemplar/archive_2/b9edb958-f6ba-439a-ba1f-5dc57457d87b.pt,5341.0,17863.74609375,1413.0,11585.9140625,2.0,13.099507331848145,1.0,5.620244026184082,46.0,527.0743408203125,12.0,72.67082214355469
exemplar,168,exemplar,exemplar/archive_2/ba32d4dc-3186-4b4c-b1d4-340affbac563.pt,3398.0,8803.828125,4169.0,7437.80078125,5.0,10.116903305053711,2.0,1.8000421524047852,2877.0,1171.44580078125,1024.0,709.350341796875
exemplar,169,exemplar,exemplar/archive_2/ba3d991d-2cd4-44eb-8a4a-4686a9a792e5.pt,9430.0,6262.05908203125,7945.0,5552.32080078125,0.0,0.0,3.0,3.658154249191284,822.0,603.5084228515625,144.0,121.05281066894531
exemplar,170,exemplar,exemplar/archive_2/bd8316b7-d3b7-49ff-9167-f583a6f7f78a.pt,12949.0,15662.64453125,15545.0,14915.607421875,26.0,33.418617248535156,6.0,4.9348859786987305,584.0,403.03619384765625,160.0,77.94436645507812
exemplar,171,exemplar,exemplar/archive_2/c3443d82-ae16-48f6-a622-6ce65bee8aca.pt,955.0,13887.552734375,43.0,9078.671875,5.0,81.90010833740234,0.0,5.281491756439209,527.0,1339.1358642578125,1.0,157.31114196777344
exemplar,172,exemplar,exemplar/archive_2/c3a185b3-0e34-4a6a-9e0f-ff2533cfe862.pt,3142.0,13886.0703125,3917.0,10959.2939453125,2.0,8.118000984191895,1.0,1.951889157295227,521.0,1021.4835815429688,192.0,447.3587341308594
exemplar,173,exemplar,exemplar/archive_2/c4f9c274-e5de-425d-b846-794493bdb601.pt,26314.0,20894.587890625,958.0,15008.67578125,5.0,13.530210494995117,2.0,6.328024864196777,546.0,1009.8695678710938,23.0,146.88333129882812
exemplar,174,exemplar,exemplar/archive_2/c7058331-3595-4e04-a0e6-5f31ca0ee832.pt,6665.0,13905.896484375,8866.0,11007.69140625,3.0,8.098346710205078,3.0,1.9530365467071533,2628.0,1024.4659423828125,1024.0,451.7856750488281
exemplar,175,exemplar,exemplar/archive_2/c91f1953-c631-4fc6-ac39-e58cdf044715.pt,84.0,788.5355834960938,1.0,47.69908142089844,0.0,0.0,0.0,0.9636367559432983,12.0,409.798828125,1.0,20.219173431396484
exemplar,176,exemplar,exemplar/archive_2/cb4208e9-f4ec-4508-a127-e61713fa4427.pt,1083.0,1728.31982421875,183.0,469.2466735839844,5.0,35.478389739990234,0.0,15.430384635925293,33.0,365.2181701660156,1.0,1.1466251611709595
exemplar,177,exemplar,exemplar/archive_2/cbe41495-f713-4951-a5ab-bfc09d0b62ef.pt,24983.0,47852.2421875,20118.0,4485.763671875,128.0,19.92110252380371,4.0,52.257755279541016,307.0,402.4147644042969,9.0,3.5937812328338623
exemplar,178,exemplar,exemplar/archive_2/cdbce098-85d7-472c-ab93-3fd7760cf305.pt,10021.0,30867.42578125,7133.0,21048.29296875,8.0,31.75971031188965,1.0,6.37630558013916,274.0,926.408935546875,82.0,167.4683837890625
exemplar,179,exemplar,exemplar/archive_2/cdfa8f37-89f2-4dd4-a946-19c2e5ded11b.pt,2112.0,1832.6273193359375,1084.0,505.9772033691406,113.0,32.01631546020508,0.0,15.792404174804688,270.0,357.8741455078125,1.0,1.2278326749801636
exemplar,180,exemplar,exemplar/archive_2/cf9ebcf6-3e99-4143-965c-4e208570a8ed.pt,103.0,15697.8330078125,21.0,10219.599609375,2.0,92.95170593261719,0.0,5.1284894943237305,17.0,1649.908447265625,1.0,193.21461486816406
exemplar,181,exemplar,exemplar/archive_2/d421446f-6e66-43e0-9f09-f49746ab729a.pt,20143.0,15087.3955078125,30349.0,12273.783203125,128.0,9.66783618927002,9.0,2.8289389610290527,2886.0,970.960693359375,1024.0,353.37921142578125
exemplar,182,exemplar,exemplar/archive_2/d8b32d50-b3cf-432b-bb5b-b8f535ce714c.pt,9619.0,8420.48828125,8367.0,7101.72412109375,0.0,0.0,4.0,2.0569751262664795,6581.0,1196.2623291015625,1296.0,430.2087097167969
exemplar,183,exemplar,exemplar/archive_2/dcb74e34-ca5a-486e-86d9-d9a6040d1c0e.pt,2909.0,15774.1787109375,1051.0,2084.761962890625,0.0,0.0,0.0,2.346869468688965,41.0,526.9716186523438,26.0,97.3561782836914
exemplar,184,exemplar,exemplar/archive_2/dd00795c-3e46-41f8-b2ef-d07178c68303.pt,5308.0,6652.41796875,6923.0,7701.45263671875,128.0,33.4630241394043,0.0,10.6812744140625,414.0,342.4063415527344,64.0,14.606110572814941
exemplar,185,exemplar,exemplar/archive_2/dd6967a6-6467-4056-a70b-bf30ac5ce5a8.pt,24764.0,21267.1484375,3054.0,5672.7861328125,5.0,23.299028396606445,2.0,7.684263706207275,548.0,372.9903869628906,10.0,25.339984893798828
exemplar,186,exemplar,exemplar/archive_2/df404ea2-7749-44ca-9f48-4e40bcbbcccc.pt,34873.0,15991.6865234375,51955.0,13793.3564453125,133.0,15.94646167755127,9.0,2.9913623332977295,2886.0,636.111083984375,1024.0,168.34103393554688
exemplar,187,exemplar,exemplar/archive_2/e1d7bcd5-74f3-4ba8-98fa-8fd7e8e53d4c.pt,4950.0,42203.734375,1682.0,19029.494140625,0.0,0.0,0.0,10.12983512878418,19.0,467.57464599609375,2.0,30.555801391601562
exemplar,188,exemplar,exemplar/archive_2/e206f89f-6722-4b7b-aa5e-1da854f3c74f.pt,27004.0,44085.32421875,331.0,4375.1953125,5.0,20.196475982666016,2.0,54.55775833129883,527.0,427.80682373046875,1.0,3.7964444160461426
exemplar,189,exemplar,exemplar/archive_2/e3ca47f3-9ba7-4a01-a793-27142befd25c.pt,47382.0,265611.0,21390.0,97455.2421875,2100.0,728.276123046875,2.0,53.18025207519531,43.0,195.0831298828125,2.0,4.454547882080078
exemplar,190,exemplar,exemplar/archive_2/e52443e5-a588-4cfc-9d56-0d24ba75bb95.pt,6719.0,24444.427734375,5572.0,15000.8330078125,4.0,31.564096450805664,0.0,0.9309215545654297,127.0,511.6886901855469,86.0,66.9463882446289
exemplar,191,exemplar,exemplar/archive_2/e871b1d9-adf7-4508-b8d5-8ba960b2e566.pt,22003.0,170391.078125,6714.0,48065.8828125,5.0,72.47085571289062,2.0,42.714630126953125,43.0,285.20416259765625,2.0,11.174895286560059
exemplar,192,exemplar,exemplar/archive_2/e8e67ed2-6a32-4e3a-9a24-1a5b7a5d7691.pt,3057.0,8821.8916015625,2828.0,7438.26220703125,3.0,10.210160255432129,2.0,1.7962982654571533,2630.0,1177.8719482421875,1024.0,710.8425903320312
exemplar,193,exemplar,exemplar/archive_2/eaa44c08-a035-4803-ab47-513783efb3a7.pt,62507.0,23217.923828125,2597.0,2247.17919921875,0.0,384.46197509765625,0.0,17.64025115966797,82.0,179.27780151367188,1.0,11.438262939453125
exemplar,194,exemplar,exemplar/archive_2/ee25387d-83ea-4d27-a105-d01ae8728a92.pt,692.0,4608.544921875,7.0,2201.497314453125,3.0,44.74237823486328,0.0,3.239672899246216,23.0,368.97430419921875,1.0,18.628631591796875
exemplar,195,exemplar,exemplar/archive_2/f1752ca3-1640-4967-938c-5272dc274596.pt,19721.0,18810.310546875,27649.0,18737.47265625,31.0,107.69276428222656,5.0,11.109146118164062,1080.0,269.1962890625,160.0,32.73154830932617
exemplar,196,exemplar,exemplar/archive_2/f1d40b09-efc4-448c-b6d0-d6a3f43e3b8e.pt,137.0,15697.8330078125,33.0,10219.599609375,2.0,92.95170593261719,0.0,5.128489017486572,17.0,1649.908447265625,1.0,193.21461486816406
exemplar,197,exemplar,exemplar/archive_2/f5b0a3bb-2a24-4ea7-9add-17c93d3d1e7f.pt,7531.0,10978.41796875,4195.0,8469.84765625,279.0,5.8640666007995605,0.0,1.1621544361114502,20.0,751.329345703125,2.0,386.0468444824219
exemplar,198,exemplar,exemplar/archive_2/f724084e-64df-4b4c-88a0-1dc091f01bcd.pt,2863.0,15774.1787109375,867.0,2084.762939453125,0.0,0.0,0.0,2.346869468688965,39.0,526.9716186523438,27.0,97.3561782836914
exemplar,199,exemplar,exemplar/archive_2/fe04f4ae-8adb-4468-832b-52fe73541363.pt,7557.0,36273.796875,2268.0,20127.732421875,2.0,48.823814392089844,1.0,30.74402618408203,24.0,334.43646240234375,1.0,18.000804901123047
exemplar,200,exemplar,exemplar/archive_3/06583efc-f9a7-4a60-af97-acc52a47cf4d.pt,5052.0,88460.8359375,1402.0,25686.50390625,292.0,316.1765441894531,0.0,11.383323669433594,20.0,158.2558135986328,1.0,4.622254371643066
exemplar,201,exemplar,exemplar/archive_3/08d11c63-55b7-499f-975d-fd09bd12dc53.pt,2280.0,17516.45703125,421.0,10794.10546875,107.0,147.3196258544922,0.0,6.317586898803711,266.0,1812.03759765625,1.0,152.24481201171875
exemplar,202,exemplar,exemplar/archive_3/0bd10243-a38d-4bdd-bbe8-5e29012bae94.pt,1096.0,4035.20654296875,183.0,1795.2044677734375,5.0,44.67487716674805,0.0,3.090937376022339,33.0,327.2822570800781,1.0,12.658122062683105
exemplar,203,exemplar,exemplar/archive_3/0d2973d0-80d2-4ac3-8942-1bfab430d8fb.pt,32667.0,148408.140625,30766.0,48985.5546875,128.0,74.13377380371094,19.0,44.3795280456543,310.0,307.8475341796875,9.0,11.802749633789062
exemplar,204,exemplar,exemplar/archive_3/0eb34ec2-1755-44cf-9fd1-ae1eda09f0b7.pt,41337.0,13614.599609375,41195.0,15459.236328125,54.0,83.49869537353516,9.0,8.44163703918457,821.0,404.8831787109375,144.0,88.69270324707031
exemplar,205,exemplar,exemplar/archive_3/0f110dec-cdf6-4850-b898-f98be71240f5.pt,700.0,1716.7376708984375,7.0,464.5453186035156,3.0,35.154510498046875,0.0,15.28153133392334,23.0,365.5260009765625,1.0,1.144448161125183
exemplar,206,exemplar,exemplar/archive_3/12ecbf82-8a28-44e1-b2ab-06f8e50cea97.pt,7404.0,36273.796875,2268.0,20127.732421875,2.0,48.82382583618164,1.0,30.74402618408203,24.0,334.4366149902344,1.0,18.00081443786621
exemplar,207,exemplar,exemplar/archive_3/1388fecd-67a1-45ac-8157-fc0f8d2f0a05.pt,46486.0,13482.822265625,47589.0,13249.56640625,6.0,16.497093200683594,3.0,3.3762757778167725,6588.0,811.8055419921875,1296.0,319.3505554199219
exemplar,208,exemplar,exemplar/archive_3/13fb640f-1e24-47fd-bb39-25b8d08a824d.pt,12949.0,15662.64453125,15545.0,14915.62109375,26.0,33.41864776611328,6.0,4.9348835945129395,584.0,403.0359802246094,160.0,77.94425964355469
exemplar,209,exemplar,exemplar/archive_3/1850c071-2916-4efd-ae6e-47fc45672aeb.pt,72366.0,49216.6484375,37663.0,30725.0078125,32.0,68.60845947265625,2.0,6.294256210327148,887.0,553.600341796875,113.0,71.90580749511719
exemplar,210,exemplar,exemplar/archive_3/1b2d4669-b746-4295-9d6f-a209f5d3b340.pt,26216.0,20894.587890625,1328.0,15008.67578125,5.0,13.530210494995117,2.0,6.328023910522461,552.0,1009.8700561523438,29.0,146.88340759277344
exemplar,211,exemplar,exemplar/archive_3/1d4d5e23-1d85-41d4-a3f9-b1a83d23c34b.pt,7381.0,11008.6884765625,3336.0,8509.8740234375,285.0,5.944593906402588,0.0,1.1661819219589233,15.0,740.9437255859375,1.0,378.9057922363281
exemplar,212,exemplar,exemplar/archive_3/1e583b76-4ef7-4e53-a161-03b8f8430ed8.pt,21914.0,23735.7890625,2056.0,17456.966796875,3.0,14.351410865783691,1.0,7.171910762786865,63.0,1284.21875,40.0,183.3914794921875
exemplar,213,exemplar,exemplar/archive_3/21ae4549-1aff-4723-9c89-74015a97c167.pt,2589.0,1808.6812744140625,653.0,122.42483520507812,0.0,0.0,0.0,17.135087966918945,83.0,188.52838134765625,1.0,0.8502330780029297
exemplar,214,exemplar,exemplar/archive_3/2259df4b-da56-4694-8ebf-a250b93cf8f5.pt,61375.0,234148.96875,19858.0,92766.4375,2286.0,602.2762451171875,2.0,49.70538330078125,538.0,202.0533905029297,2.0,4.461830139160156
exemplar,215,exemplar,exemplar/archive_3/232fe499-7681-4c8a-b15d-0864a56edfd4.pt,2852.0,5116.90576171875,1780.0,6147.2734375,3.0,18.541881561279297,0.0,7.439830303192139,34.0,309.29339599609375,2.0,10.936707496643066
exemplar,216,exemplar,exemplar/archive_3/2366c0f3-3d8a-4ba5-a1e5-4448a419d2fd.pt,3095.0,7988.06005859375,2700.0,6833.05078125,5.0,17.341115951538086,1.0,2.7083261013031006,588.0,760.9351196289062,160.0,296.184326171875
exemplar,217,exemplar,exemplar/archive_3/28eb748c-eb75-4d49-9730-91b175a03814.pt,5088.0,10418.470703125,1678.0,7300.38037109375,0.0,6.2426958084106445,0.0,1.476367712020874,16.0,925.3499755859375,1.0,514.167236328125
exemplar,218,exemplar,exemplar/archive_3/2911e90a-d77a-49df-ad2e-6d3041ef039d.pt,140500.0,45308.6953125,86778.0,41066.9765625,12.0,57.6606559753418,0.0,4.414430618286133,3058.0,1225.259033203125,2979.0,196.55715942382812
exemplar,219,exemplar,exemplar/archive_3/2b4a4eaf-94fc-43b7-bd1e-9ae39557e259.pt,55665.0,38931.43359375,31596.0,24231.48828125,27.0,38.95919418334961,2.0,4.47647762298584,398.0,651.6204223632812,103.0,101.9883041381836
exemplar,220,exemplar,exemplar/archive_3/2cba8c1f-4f72-400a-b18f-1905a649a686.pt,10513.0,9100.3193359375,6645.0,6288.52099609375,0.0,0.0,0.0,4.757476329803467,95.0,271.43548583984375,1.0,13.639598846435547
exemplar,221,exemplar,exemplar/archive_3/2eed692f-7176-4ea9-bbef-c95f4bd43b45.pt,21176.0,15087.3955078125,32593.0,12273.783203125,128.0,9.66783332824707,8.0,2.8289389610290527,2889.0,970.960693359375,1024.0,353.37921142578125
exemplar,222,exemplar,exemplar/archive_3/305dc971-6cb9-4479-8da4-3ed6a2167a44.pt,9619.0,8420.48828125,8367.0,7101.72412109375,0.0,0.0,4.0,2.056974411010742,6581.0,1196.2623291015625,1296.0,430.2087097167969
exemplar,223,exemplar,exemplar/archive_3/37871b96-f93e-4673-a7c8-d7a71505804b.pt,6448.0,34173.71875,230.0,3268.05615234375,2.0,16.734174728393555,1.0,36.20500183105469,18.0,358.6868896484375,1.0,4.869442462921143
exemplar,224,exemplar,exemplar/archive_3/37996d69-2677-4717-ae97-cde6bd8748be.pt,905.0,15689.271484375,151.0,10271.6748046875,5.0,92.38250732421875,0.0,5.12286901473999,33.0,1652.9862060546875,1.0,193.27389526367188
exemplar,225,exemplar,exemplar/archive_3/3864614f-2506-48de-b994-99ae08ca30de.pt,9619.0,8420.48828125,8367.0,7101.72412109375,0.0,0.0,4.0,2.0569748878479004,6581.0,1196.2623291015625,1296.0,430.2087097167969
exemplar,226,exemplar,exemplar/archive_3/3a7ddf40-4818-4f21-9614-7429c3608ef7.pt,3367.0,7861.021484375,4037.0,6809.361328125,5.0,37.91913986206055,1.0,4.263390064239502,1085.0,560.5313110351562,160.0,135.62841796875
exemplar,227,exemplar,exemplar/archive_3/3c34c8dd-6143-4349-ba49-9db7514afb35.pt,72892.0,49216.6015625,35638.0,30725.0078125,32.0,68.60832214355469,2.0,6.294256210327148,873.0,553.60009765625,101.0,71.90580749511719
exemplar,228,exemplar,exemplar/archive_3/3c3922e9-8e61-4c70-96f8-df25f0a19bf7.pt,5238.0,42203.69140625,1731.0,19029.4765625,0.0,0.0,0.0,10.129837989807129,19.0,467.57464599609375,2.0,30.55577850341797
exemplar,229,exemplar,exemplar/archive_3/41564015-3c26-45b3-975a-6e027e49d63d.pt,993.0,1692.163330078125,26.0,456.24456787109375,5.0,34.2066650390625,0.0,15.165739059448242,524.0,363.6834716796875,1.0,1.1334787607192993
exemplar,230,exemplar,exemplar/archive_3/41c44d85-1b9b-468f-a8cd-379651170f92.pt,1367.0,8828.1962890625,1337.0,7417.7939453125,2.0,10.432478904724121,0.0,1.797868013381958,520.0,1179.3118896484375,192.0,705.2528076171875
exemplar,231,exemplar,exemplar/archive_3/467481bc-1cd4-4fe9-89ba-205dac892ea5.pt,1363.0,4876.1962890625,747.0,2170.42578125,117.0,82.94537353515625,0.0,4.137820720672607,270.0,393.7265625,1.0,14.513814926147461
exemplar,232,exemplar,exemplar/archive_3/49f1f8f6-4127-4a44-9242-241f59f88c5e.pt,26907.0,170391.078125,5435.0,48065.8828125,5.0,72.47085571289062,2.0,42.71461868286133,36.0,285.20416259765625,1.0,11.174895286560059
exemplar,233,exemplar,exemplar/archive_3/4df0be4b-66c4-43cd-95f6-183ce806d41e.pt,158260.0,44379.17578125,90216.0,22659.1953125,66.0,330.57611083984375,0.0,21.480188369750977,626.0,378.89312744140625,92.0,25.943984985351562
exemplar,234,exemplar,exemplar/archive_3/513a25e1-b5eb-493a-81eb-2c6783edec5c.pt,5004.0,17863.74609375,1937.0,11585.9140625,2.0,13.099507331848145,1.0,5.62024450302124,49.0,527.0743408203125,12.0,72.67078399658203
exemplar,235,exemplar,exemplar/archive_3/526a1c2b-6fb4-4058-81df-1804a76c3555.pt,399.0,2655.5947265625,319.0,3043.036865234375,0.0,0.0,0.0,0.7371146082878113,16.0,490.72979736328125,1.0,23.239418029785156
exemplar,236,exemplar,exemplar/archive_3/5339e381-b42d-4d17-af6e-9f012b8a4e95.pt,9745.0,12785.16015625,14215.0,10886.2451171875,5.0,51.203617095947266,4.0,13.856024742126465,1080.0,404.74346923828125,160.0,61.192874908447266
exemplar,237,exemplar,exemplar/archive_3/58a5481a-b506-4e99-b4fb-49575de3138b.pt,21086.0,23688.66015625,3624.0,17405.115234375,5.0,14.341780662536621,2.0,7.16290283203125,70.0,1280.052734375,42.0,182.52297973632812
exemplar,238,exemplar,exemplar/archive_3/59f7052a-5874-4452-a75a-0ac2831b9d84.pt,21591.0,44785.7734375,3552.0,4439.86474609375,5.0,20.70071792602539,2.0,55.03984451293945,39.0,428.2501525878906,1.0,3.750824213027954
exemplar,239,exemplar,exemplar/archive_3/5b52039c-4c2d-4e64-a978-c21785ee7c6b.pt,3057.0,8821.8916015625,2828.0,7438.26220703125,3.0,10.210160255432129,2.0,1.7962982654571533,2630.0,1177.8719482421875,1024.0,710.8425903320312
exemplar,240,exemplar,exemplar/archive_3/62825ea7-7137-4533-92d7-d441af4c40ba.pt,12478.0,12785.16015625,14237.0,10886.2451171875,5.0,51.20360565185547,4.0,13.856024742126465,1083.0,404.7432861328125,160.0,61.192813873291016
exemplar,241,exemplar,exemplar/archive_3/64224705-c771-420a-9f84-1c001366ba33.pt,14078.0,15662.64453125,17206.0,14915.607421875,26.0,33.418617248535156,6.0,4.934882164001465,591.0,403.0359802246094,160.0,77.94425964355469
exemplar,242,exemplar,exemplar/archive_3/645258ad-eb6e-4363-bf0c-9fda5164f36b.pt,9507.0,8420.48828125,8401.0,7101.72412109375,0.0,0.0,4.0,2.056974411010742,6582.0,1196.2623291015625,1296.0,430.2087097167969
exemplar,243,exemplar,exemplar/archive_3/69d67690-ef91-4389-b6a9-704f1e89952c.pt,3367.0,7861.021484375,4037.0,6809.361328125,5.0,37.91913986206055,1.0,4.263390064239502,1085.0,560.5313110351562,160.0,135.62841796875
exemplar,244,exemplar,exemplar/archive_3/6ee6e354-d81a-46f4-a113-c16e881419db.pt,7448.0,67856.6796875,3359.0,48352.96484375,282.0,328.084716796875,0.0,7.150952339172363,15.0,375.8122253417969,1.0,20.663711547851562
exemplar,245,exemplar,exemplar/archive_3/6f0ca42f-3067-45a1-a683-4042133a9202.pt,78.0,15697.8330078125,5.0,10219.599609375,2.0,92.95170593261719,0.0,5.128489017486572,15.0,1649.908447265625,1.0,193.2145233154297
exemplar,246,exemplar,exemplar/archive_3/714d7039-2846-4e1e-a836-7bbcc8b6289a.pt,120.0,9883.5908203125,48.0,5553.35888671875,2.0,50.76820373535156,0.0,5.109743595123291,18.0,724.6937866210938,1.0,73.9146499633789
exemplar,247,exemplar,exemplar/archive_3/765100ca-9941-475f-92bd-c0304625006e.pt,34970.0,17409.896484375,48853.0,16702.353515625,149.0,43.26132583618164,8.0,6.183734893798828,841.0,389.64666748046875,128.0,63.86863708496094
exemplar,248,exemplar,exemplar/archive_3/7a8292e7-d54f-47e7-939d-07247297c66a.pt,6500.0,21458.234375,5446.0,14582.798828125,2.0,15.001747131347656,0.0,1.7062857151031494,288.0,809.1341552734375,275.0,184.30859375
exemplar,249,exemplar,exemplar/archive_3/7ca5352c-c08e-405a-81fc-ad9b893bbb74.pt,3337.0,8803.828125,4118.0,7437.80078125,5.0,10.116903305053711,2.0,1.800041913986206,2876.0,1171.44580078125,1024.0,709.350341796875
exemplar,250,exemplar,exemplar/archive_3/7efb5b4e-0e1d-4b1e-a030-e65c830dba5d.pt,29649.0,150661.3125,3871.0,44660.84375,5.0,64.90013122558594,2.0,40.609718322753906,532.0,287.772705078125,1.0,11.337213516235352
exemplar,251,exemplar,exemplar/archive_3/7fde29f5-7a7e-4430-bd5a-d53d331c76fd.pt,2039.0,4876.1962890625,1009.0,2170.42578125,112.0,82.94537353515625,0.0,4.137820243835449,270.0,393.7265625,1.0,14.513814926147461
exemplar,252,exemplar,exemplar/archive_3/84f243ce-de91-4e4e-82df-037ca151348d.pt,20159.0,14213.046875,35143.0,12075.47265625,128.0,25.590660095214844,6.0,7.296982765197754,856.0,607.2388916015625,128.0,125.8744888305664
exemplar,253,exemplar,exemplar/archive_3/85ddd60e-a64f-419e-8b38-b5166d5ad1b1.pt,44605.0,200491.734375,18280.0,71885.53125,2005.0,258.349609375,6.0,32.69517135620117,286.0,216.17385864257812,6.0,11.020035743713379
exemplar,254,exemplar,exemplar/archive_3/86d4e5a5-73ae-4efb-a82b-74835eb253df.pt,1507.0,4876.1962890625,1068.0,2170.42578125,106.0,82.94532775878906,0.0,4.137819290161133,272.0,393.7265625,1.0,14.513822555541992
exemplar,255,exemplar,exemplar/archive_3/8a1b09f4-8b12-4e3a-95b9-58b27dae1b27.pt,7939.0,12907.0166015625,8237.0,10760.8212890625,5.0,22.30347442626953,4.0,5.553081512451172,584.0,605.5240478515625,160.0,155.26156616210938
exemplar,256,exemplar,exemplar/archive_3/8be9ce88-19c5-490e-8054-80f1eb75f145.pt,130.0,9883.5908203125,44.0,5553.35888671875,2.0,50.768218994140625,0.0,5.109743595123291,18.0,724.6934814453125,1.0,73.91461944580078
exemplar,257,exemplar,exemplar/archive_3/8db4404b-d427-4fdb-bb09-ea2dbd1df722.pt,15128.0,14780.5107421875,18973.0,12610.515625,9.0,12.267976760864258,4.0,2.3904507160186768,2767.0,685.1622314453125,1024.0,214.93380737304688
exemplar,258,exemplar,exemplar/archive_3/908de307-aeee-4cfe-95b0-46ab568997c4.pt,21170.0,23688.66015625,3792.0,17405.115234375,5.0,14.341780662536621,2.0,7.16290283203125,69.0,1280.052734375,41.0,182.52297973632812
exemplar,259,exemplar,exemplar/archive_3/933b3c35-b647-4b59-9bcd-f042466674b6.pt,2083.0,17516.439453125,959.0,10794.10546875,105.0,147.3197021484375,0.0,6.317587852478027,270.0,1812.03759765625,1.0,152.24481201171875
exemplar,260,exemplar,exemplar/archive_3/93d9e5bf-7351-4866-8514-29bc581b2375.pt,43520.0,38811.5078125,32449.0,27101.189453125,7.0,34.590736389160156,1.0,8.256855964660645,2051.0,1893.375,2028.0,344.30072021484375
exemplar,261,exemplar,exemplar/archive_3/93e43f7b-8376-46b6-99c5-66025727bea6.pt,1324.0,8798.564453125,1279.0,7404.2646484375,2.0,10.376562118530273,0.0,1.8061857223510742,328.0,1166.4757080078125,96.0,697.920654296875
exemplar,262,exemplar,exemplar/archive_3/95c22d49-3c60-4de8-aaf1-50d771902c6f.pt,902.0,6294.1318359375,766.0,6191.802734375,2.0,34.622501373291016,0.0,8.62585735321045,26.0,410.3560791015625,1.0,25.40489959716797
exemplar,263,exemplar,exemplar/archive_3/9842c884-7992-4951-a284-bf50d8e97b05.pt,25409.0,21267.1484375,2298.0,5672.7861328125,5.0,23.299039840698242,2.0,7.684263706207275,546.0,372.990234375,8.0,25.339984893798828
exemplar,264,exemplar,exemplar/archive_3/9f921d58-91bf-4b62-8e1d-b95c556b3e67.pt,73160.0,49216.5546875,38475.0,30724.978515625,32.0,68.60795593261719,2.0,6.29425573348999,881.0,553.599853515625,108.0,71.90584564208984
exemplar,265,exemplar,exemplar/archive_3/a045e629-9ce5-4a46-98d1-f46171bbc5d7.pt,53357.0,47546.0,61963.0,32717.1796875,133.0,50.99239730834961,4.0,11.791036605834961,2147.0,2079.017333984375,1884.0,315.35906982421875
exemplar,266,exemplar,exemplar/archive_3/aa38623f-8522-4555-a87c-1e5aee2b9c6c.pt,2316.0,4319.2353515625,290.0,677.976806640625,0.0,0.0,0.0,2.559147834777832,80.0,707.871337890625,1.0,40.468727111816406
exemplar,267,exemplar,exemplar/archive_3/acdcfe80-36b1-402d-9fda-579b9cd12e61.pt,7526.0,36273.796875,2268.0,20127.732421875,2.0,48.823814392089844,1.0,30.74402618408203,24.0,334.43646240234375,1.0,18.000797271728516
exemplar,268,exemplar,exemplar/archive_3/b379766c-1fc4-4ddd-8c8f-01671d294e2d.pt,350.0,6281.2138671875,262.0,4308.3759765625,0.0,0.0,0.0,1.3763933181762695,18.0,975.5221557617188,1.0,670.1477661132812
exemplar,269,exemplar,exemplar/archive_3/bb6cc7af-5692-4f06-a0d7-5ed5799c9d61.pt,2233.0,2356.3369140625,290.0,240.79885864257812,0.0,0.0,0.0,9.392049789428711,80.0,167.34759521484375,1.0,8.098915100097656
exemplar,270,exemplar,exemplar/archive_3/be33a535-98f4-49a5-99b7-fe08cd80c49a.pt,802.0,15689.287109375,148.0,10272.52734375,3.0,92.37075805664062,0.0,5.1227288246154785,27.0,1653.03662109375,1.0,193.2775115966797
exemplar,271,exemplar,exemplar/archive_3/c17d9415-d1da-404b-9550-d974901b0f77.pt,65869.0,209407.625,52752.0,89698.5078125,1918.0,789.353759765625,4.0,58.083621978759766,313.0,191.1182403564453,9.0,4.088682174682617
exemplar,272,exemplar,exemplar/archive_3/c3a84bad-a891-4ed4-9590-49b2e3825c7a.pt,20915.0,44397.6328125,2704.0,4403.50341796875,3.0,20.409334182739258,1.0,54.75012969970703,33.0,428.73614501953125,1.0,3.7733089923858643
exemplar,273,exemplar,exemplar/archive_3/c47a57ee-6f6c-4509-83a4-d911de7a608c.pt,20987.0,44397.6328125,2845.0,4403.4990234375,3.0,20.409324645996094,1.0,54.75012969970703,33.0,428.73614501953125,1.0,3.7733089923858643
exemplar,274,exemplar,exemplar/archive_3/c5953b88-a18f-45ef-b053-a10de5b77f79.pt,5032.0,10402.59375,1673.0,7274.23193359375,0.0,6.36836051940918,0.0,1.4933278560638428,16.0,914.2538452148438,1.0,506.8765563964844
exemplar,275,exemplar,exemplar/archive_3/c87c3130-88ad-4825-9f55-68c8d961414d.pt,160670.0,44379.1328125,82253.0,22659.130859375,66.0,330.5753173828125,0.0,21.480194091796875,618.0,378.892578125,92.0,25.943965911865234
exemplar,276,exemplar,exemplar/archive_3/c9149d5a-b5b0-47f3-a3f7-0bfb26bcc26a.pt,8039.0,12907.0166015625,8344.0,10760.8212890625,5.0,22.30347442626953,4.0,5.553082466125488,587.0,605.5240478515625,160.0,155.26148986816406
exemplar,277,exemplar,exemplar/archive_3/ca8f38ac-e952-45d7-a4f5-d6e24a85588a.pt,930.0,1692.163330078125,19.0,456.24456787109375,5.0,34.2066650390625,0.0,15.165742874145508,523.0,363.6834716796875,1.0,1.1334787607192993
exemplar,278,exemplar,exemplar/archive_3/cbef8382-effa-4dc5-a6bc-9614f1772d1c.pt,866.0,13887.552734375,32.0,9078.671875,5.0,81.90010833740234,0.0,5.281491756439209,524.0,1339.1358642578125,1.0,157.31114196777344
exemplar,279,exemplar,exemplar/archive_3/ce72004b-1e4c-4a21-aed6-379cab5486bf.pt,10390.0,13885.39453125,14642.0,11036.04296875,5.0,8.170129776000977,3.0,1.9703917503356934,2875.0,1021.7620239257812,1024.0,451.3387756347656
exemplar,280,exemplar,exemplar/archive_3/cf4557ce-c04b-4f6e-95d5-2ef67749feec.pt,139851.0,45308.6953125,87587.0,41066.9765625,12.0,57.66062927246094,0.0,4.414430618286133,3032.0,1225.258544921875,2953.0,196.55706787109375
exemplar,281,exemplar,exemplar/archive_3/cfabdefd-a93f-4e93-b729-2f4c44a0e6df.pt,35782.0,198938.125,1624.0,72684.2265625,2118.0,279.70928955078125,2.0,35.325294494628906,32.0,241.5993194580078,1.0,12.254049301147461
exemplar,282,exemplar,exemplar/archive_3/d6b83ff5-29c7-47f9-819c-d07f83d82b93.pt,6367.0,14787.546875,8139.0,12614.677734375,6.0,12.278106689453125,1.0,2.3899478912353516,525.0,684.7818603515625,192.0,214.6834259033203
exemplar,283,exemplar,exemplar/archive_3/dab5f456-ccc2-4a72-9b87-e9bc7c20e029.pt,2806.0,7988.357421875,2566.0,6847.82861328125,3.0,17.313745498657227,1.0,2.7081706523895264,503.0,761.9603271484375,128.0,297.7710266113281
exemplar,284,exemplar,exemplar/archive_3/dd896667-6c8d-4e6b-b951-01ef21962849.pt,106521.0,160648.375,5189.0,39250.85546875,5809.0,1034.9599609375,0.0,13.62650203704834,82.0,69.41236114501953,1.0,2.078402042388916
exemplar,285,exemplar,exemplar/archive_3/dda9c4c0-57d6-4052-b555-2e8fb599475b.pt,2557.0,1808.6812744140625,653.0,122.42483520507812,0.0,0.0,0.0,17.135087966918945,83.0,188.52838134765625,1.0,0.8502321839332581
exemplar,286,exemplar,exemplar/archive_3/de766c24-bdab-4176-a0dd-d9b2706491c9.pt,5306.0,14814.18359375,6778.0,12659.0068359375,8.0,12.516216278076172,2.0,2.4158477783203125,328.0,675.8507690429688,96.0,210.76019287109375
exemplar,287,exemplar,exemplar/archive_3/e11131f2-d974-4ada-b80f-a2f1298bdd41.pt,704.0,1716.7376708984375,56.0,464.5453186035156,3.0,35.154483795166016,0.0,15.28153133392334,24.0,365.5260009765625,1.0,1.144448161125183
exemplar,288,exemplar,exemplar/archive_3/e11b3965-6e57-43b8-a3a0-e83e94e5b616.pt,8039.0,12907.0166015625,8344.0,10760.8212890625,5.0,22.30347442626953,4.0,5.5530805587768555,587.0,605.5243530273438,160.0,155.26156616210938
exemplar,289,exemplar,exemplar/archive_3/e2c16677-3f06-4890-b4e7-0efbd1d94f95.pt,20335.0,14836.6376953125,28227.0,12682.572265625,10.0,12.472686767578125,3.0,2.4084229469299316,2872.0,679.6572875976562,1024.0,212.889892578125
exemplar,290,exemplar,exemplar/archive_3/e57ceb3b-5dc0-4127-bc68-868a6b1dee73.pt,947.0,6294.1318359375,781.0,6191.802734375,2.0,34.622501373291016,0.0,8.62585735321045,25.0,410.3560791015625,1.0,25.40489959716797
exemplar,291,exemplar,exemplar/archive_3/eb42dbfe-9069-4c08-bb95-26221e0d0945.pt,34950.0,198938.5,1624.0,72684.296875,2134.0,279.7100830078125,2.0,35.325294494628906,32.0,241.59886169433594,1.0,12.254040718078613
exemplar,292,exemplar,exemplar/archive_3/ecc6822e-1712-420f-bf26-a16ab0ce3dba.pt,35602.0,198938.3125,1624.0,72684.296875,2114.0,279.7098083496094,2.0,35.32530212402344,32.0,241.59909057617188,1.0,12.254046440124512
exemplar,293,exemplar,exemplar/archive_3/ecf51998-8937-4724-9018-6a86368049b0.pt,9863.0,62914.33984375,5829.0,48499.2734375,418.0,298.6070251464844,1.0,25.729812622070312,29.0,220.15921020507812,2.0,7.814018249511719
exemplar,294,exemplar,exemplar/archive_3/ee50ed59-19d1-41c1-8e61-3f822cfb42ff.pt,3402.0,17353.865234375,482.0,322.7478332519531,0.0,0.0,0.0,25.695045471191406,18.0,334.78228759765625,1.0,2.152121067047119
exemplar,295,exemplar,exemplar/archive_3/f3a17e75-5fe1-4109-91ee-c0ad8c94ad33.pt,2806.0,7988.357421875,2566.0,6847.82861328125,3.0,17.31374168395996,1.0,2.7081706523895264,503.0,761.9603271484375,128.0,297.7708740234375
exemplar,296,exemplar,exemplar/archive_3/f6040824-accb-468b-8f6b-ef5ae8b186f4.pt,38548.0,198938.3125,9454.0,72684.2265625,2122.0,279.7098083496094,2.0,35.32530975341797,40.0,241.59909057617188,1.0,12.254040718078613
exemplar,297,exemplar,exemplar/archive_3/fb0ac19f-be36-46bf-8b05-dc7c4c7a44a9.pt,930.0,1692.163330078125,31.0,456.24456787109375,5.0,34.2066650390625,0.0,15.165739059448242,524.0,363.6834716796875,1.0,1.1334787607192993
exemplar,298,exemplar,exemplar/archive_3/fc0f1430-b62b-426d-b513-62314b7bd0ab.pt,5895.0,14814.1982421875,6753.0,12659.0068359375,8.0,12.516252517700195,2.0,2.4158482551574707,328.0,675.8504638671875,96.0,210.7600860595703
exemplar,299,exemplar,exemplar/archive_3/ff750069-8a1a-43e7-805d-ee4732963670.pt,9462.0,62914.33984375,4241.0,48499.2734375,429.0,298.6070251464844,1.0,25.729799270629883,24.0,220.15899658203125,1.0,7.813992977142334
exemplar,300,exemplar,exemplar/archive_4/0a377130-21b9-41f1-b1d8-8f948b575b71.pt,884.0,3925.782470703125,21.0,1591.58935546875,5.0,91.11949157714844,0.0,3.714118242263794,523.0,289.52301025390625,1.0,7.881745338439941
exemplar,301,exemplar,exemplar/archive_4/189bf1a2-3b24-4280-9e2d-16a482d64e05.pt,26387.0,21267.1484375,1055.0,5672.7861328125,5.0,23.299039840698242,2.0,7.684263706207275,544.0,372.990234375,11.0,25.339984893798828
exemplar,302,exemplar,exemplar/archive_4/1ddc2346-a367-4cb9-b052-104862f3d153.pt,2620.0,2356.338134765625,653.0,240.79898071289062,0.0,0.0,0.0,9.39205265045166,83.0,167.34751892089844,1.0,8.098915100097656
exemplar,303,exemplar,exemplar/archive_4/2012f675-4b3a-4d44-a52c-533e1a5686ad.pt,44864.0,200491.734375,18266.0,71885.59375,1959.0,258.3502197265625,6.0,32.695152282714844,286.0,216.17364501953125,6.0,11.020035743713379
exemplar,304,exemplar,exemplar/archive_4/218f0836-58b7-4a31-b3e5-feb2e0b8baf5.pt,5224.0,6652.41796875,7000.0,7701.45263671875,128.0,33.4630241394043,0.0,10.6812744140625,414.0,342.4063415527344,64.0,14.606110572814941
exemplar,305,exemplar,exemplar/archive_4/24828ab5-d6f4-402b-8d0d-1f4316d3f0bc.pt,141266.0,45308.73828125,86447.0,41067.09375,12.0,57.66088104248047,0.0,4.4144287109375,2986.0,1225.2608642578125,2908.0,196.55743408203125
exemplar,306,exemplar,exemplar/archive_4/2b3a7651-e925-4edc-8c91-4cce0c803daf.pt,42883.0,38811.39453125,33519.0,27101.11328125,7.0,34.5904655456543,1.0,8.256853103637695,2079.0,1893.3731689453125,2055.0,344.3003845214844
exemplar,307,exemplar,exemplar/archive_4/2d92e029-54c9-42a8-8400-ff86e21af205.pt,3305.0,15774.1787109375,524.0,2084.762939453125,0.0,0.0,0.0,2.346869945526123,30.0,526.9713745117188,18.0,97.35613250732422
exemplar,308,exemplar,exemplar/archive_4/2f6c8850-6475-4336-b996-f3d0d54f1cb0.pt,141356.0,45308.73828125,86396.0,41067.0546875,12.0,57.660850524902344,0.0,4.4144287109375,3036.0,1225.2608642578125,2958.0,196.55743408203125
exemplar,309,exemplar,exemplar/archive_4/34caebe1-94b9-4f7c-bf8f-d1f1a14c9ae4.pt,3095.0,7988.06005859375,2700.0,6833.05078125,5.0,17.341115951538086,1.0,2.708326578140259,588.0,760.9351196289062,160.0,296.1842041015625
exemplar,310,exemplar,exemplar/archive_4/3824541e-ee56-4d65-9c02-4382bf7c0189.pt,24256.0,10572.494140625,22261.0,9857.50390625,0.0,40.851863861083984,6.0,7.618297100067139,821.0,544.8232421875,144.0,116.06381225585938
exemplar,311,exemplar,exemplar/archive_4/3aab06a7-4eae-47b9-848f-f281514dd686.pt,9359.0,6262.05908203125,7911.0,5552.32080078125,0.0,0.0,3.0,3.6581547260284424,821.0,603.5084228515625,144.0,121.05281066894531
exemplar,312,exemplar,exemplar/archive_4/40416ef5-e7a5-4c4d-918e-702961928757.pt,20988.0,150155.53125,6540.0,46130.625,3.0,67.23551940917969,1.0,41.09489822387695,38.0,295.6698303222656,2.0,11.85793399810791
exemplar,313,exemplar,exemplar/archive_4/42238099-ebd6-4d1a-b7e3-eb0e58c08eaf.pt,53538.0,47545.95703125,59942.0,32717.1796875,133.0,50.992271423339844,4.0,11.791036605834961,2169.0,2079.016357421875,1906.0,315.3589172363281
exemplar,314,exemplar,exemplar/archive_4/436700eb-9a0b-4657-a1ab-0c897ff2a318.pt,46294.0,265611.0,25454.0,97455.15625,2133.0,728.2733154296875,2.0,53.18030548095703,43.0,195.0831298828125,2.0,4.454550743103027
exemplar,315,exemplar,exemplar/archive_4/45ce74b6-c127-486c-baa4-e41f747036c4.pt,21993.0,170391.078125,6696.0,48065.8828125,5.0,72.47089385986328,2.0,42.71458435058594,43.0,285.20416259765625,2.0,11.174895286560059
exemplar,316,exemplar,exemplar/archive_4/48a0e69b-505b-4541-a94e-46f99b98f807.pt,1382.0,8828.1962890625,1337.0,7417.7939453125,2.0,10.432478904724121,0.0,1.797868013381958,521.0,1179.3125,192.0,705.2528076171875
exemplar,317,exemplar,exemplar/archive_4/4db9bc2c-66bc-4c7a-9a03-cd0862dc81bf.pt,43456.0,13614.5869140625,44327.0,15459.236328125,54.0,83.49853515625,9.0,8.441638946533203,828.0,404.883544921875,144.0,88.69282531738281
exemplar,318,exemplar,exemplar/archive_4/4fdb2a6b-0614-43ed-97b8-dccd2ff200f7.pt,7448.0,13905.896484375,8953.0,11007.69140625,3.0,8.098346710205078,3.0,1.9530365467071533,2630.0,1024.4659423828125,1024.0,451.7856750488281
exemplar,319,exemplar,exemplar/archive_4/548bf9ee-eff8-4e75-b69a-c9db9b3d72e6.pt,25756.0,44085.32421875,2805.0,4375.19091796875,5.0,20.196475982666016,2.0,54.55775833129883,534.0,427.80682373046875,1.0,3.7964444160461426
exemplar,320,exemplar,exemplar/archive_4/585d28bf-c9f5-4ff2-a8ad-c9fc4f31888c.pt,6486.0,155462.96875,454.0,58911.77734375,430.0,171.63265991210938,1.0,21.961570739746094,18.0,238.30555725097656,1.0,12.83877944946289
exemplar,321,exemplar,exemplar/archive_4/596a91cf-3df6-463f-b1c6-65707df4f7a9.pt,7423.0,13897.556640625,9003.0,10992.33203125,5.0,8.102212905883789,3.0,1.9492989778518677,2760.0,1024.40478515625,1024.0,451.19708251953125
exemplar,322,exemplar,exemplar/archive_4/5c9ecfa4-a74b-40cf-af7a-b727ed7ca083.pt,1143.0,1832.6273193359375,708.0,505.9772033691406,107.0,32.01630783081055,0.0,15.792404174804688,270.0,357.8741455078125,1.0,1.2278326749801636
exemplar,323,exemplar,exemplar/archive_4/64424fcf-ad58-4dc1-82e0-e3868ab87fd6.pt,3130.0,8821.310546875,2898.0,7437.5595703125,5.0,10.212547302246094,2.0,1.7963862419128418,2764.0,1177.828125,1024.0,710.749267578125
exemplar,324,exemplar,exemplar/archive_4/6d55b2ed-ab05-4aba-a4a8-3f15f3dfd306.pt,56938.0,23217.923828125,8701.0,2247.17919921875,0.0,384.46234130859375,0.0,17.64025115966797,89.0,179.27789306640625,2.0,11.438262939453125
exemplar,325,exemplar,exemplar/archive_4/77643d2e-ad72-4bcc-b6e9-1a147858d106.pt,35752.0,17409.896484375,57348.0,16702.337890625,149.0,43.26130676269531,7.0,6.1837310791015625,862.0,389.646484375,128.0,63.86857223510742
exemplar,326,exemplar,exemplar/archive_4/78a6191a-884a-46bd-88ca-cc672b209ed2.pt,62771.0,209407.625,34172.0,89698.59375,1980.0,789.3590087890625,7.0,58.083621978759766,289.0,191.11805725097656,5.0,4.088672637939453
exemplar,327,exemplar,exemplar/archive_4/793ea687-01ef-44be-b851-29489b1d2453.pt,9606.0,12785.16015625,14135.0,10886.2451171875,5.0,51.20360565185547,4.0,13.856024742126465,1080.0,404.7432861328125,160.0,61.192813873291016
exemplar,328,exemplar,exemplar/archive_4/7e1e21b3-d775-40d7-b923-9c251c8ff98f.pt,42926.0,226193.859375,10071.0,91360.6171875,2045.0,654.5137329101562,1.0,52.35597229003906,32.0,193.5108184814453,1.0,4.529399394989014
exemplar,329,exemplar,exemplar/archive_4/81049602-6fd0-431d-9dbd-aef3d91e01e8.pt,7371.0,13905.896484375,8872.0,11007.69140625,3.0,8.098346710205078,3.0,1.9530363082885742,2628.0,1024.4659423828125,1024.0,451.785888671875
exemplar,330,exemplar,exemplar/archive_4/88b89300-6a68-4bc1-b5ca-e93bef2c30ab.pt,58.0,421.77423095703125,5.0,13.64000415802002,0.0,0.0,0.0,10.700693130493164,16.0,372.3286437988281,1.0,1.5902788639068604
exemplar,331,exemplar,exemplar/archive_4/898dad40-db7b-47cd-af97-3522c21a66a7.pt,5172.0,17863.74609375,1949.0,11585.9140625,2.0,13.099504470825195,1.0,5.620244026184082,49.0,527.0743408203125,12.0,72.67082214355469
exemplar,332,exemplar,exemplar/archive_4/89d891b2-fb1f-42c9-a51c-82cb5df44342.pt,6081.0,21458.21484375,5590.0,14582.78515625,2.0,15.001686096191406,0.0,1.706284999847412,310.0,809.1341552734375,294.0,184.30868530273438
exemplar,333,exemplar,exemplar/archive_4/8b0e6e47-4421-4097-acfc-430e933fda9e.pt,63.0,2136.892578125,1.0,209.8494415283203,0.0,0.0,0.0,1.706986427307129,12.0,950.8182373046875,1.0,119.49127197265625
exemplar,334,exemplar,exemplar/archive_4/8b353157-f769-4d64-a2b9-0ec8c60ed8a1.pt,2664.0,15774.1787109375,782.0,2084.760986328125,0.0,0.0,0.0,2.346869945526123,39.0,526.9713745117188,24.0,97.35613250732422
exemplar,335,exemplar,exemplar/archive_4/8c5381e4-a0a9-4d25-8d9f-a7dc0defa1fa.pt,5066.0,6652.41796875,4598.0,7701.45263671875,128.0,33.4630241394043,0.0,10.6812744140625,409.0,342.4063415527344,64.0,14.606110572814941
exemplar,336,exemplar,exemplar/archive_4/8c92183a-750e-4a40-bed6-f6bf66068a7a.pt,6594.0,24444.427734375,5240.0,15000.8330078125,4.0,31.564119338989258,0.0,0.9309206008911133,128.0,511.6886901855469,88.0,66.94635772705078
exemplar,337,exemplar,exemplar/archive_4/90a548ee-6183-405f-a8d9-33388f78d5ca.pt,14980.0,14811.146484375,18614.0,12637.7509765625,7.0,12.318121910095215,3.0,2.3914318084716797,2633.0,683.96875,1024.0,214.3743896484375
exemplar,338,exemplar,exemplar/archive_4/914614f2-637f-4b82-88d3-a9493d2e4e55.pt,34508.0,17409.880859375,47632.0,16702.337890625,149.0,43.2612419128418,9.0,6.183740615844727,838.0,389.6468505859375,128.0,63.86875915527344
exemplar,339,exemplar,exemplar/archive_4/93e7c6b7-e200-4cf5-a00f-14a34b93201c.pt,9091.0,38711.328125,7139.0,27030.1796875,6.0,34.471900939941406,1.0,8.257460594177246,438.0,1891.885009765625,423.0,343.7408447265625
exemplar,340,exemplar,exemplar/archive_4/9534d794-7535-4fdc-b445-c2419b20ffaf.pt,29208.0,150661.3125,3870.0,44660.890625,5.0,64.90019226074219,2.0,40.60968780517578,532.0,287.772705078125,1.0,11.337213516235352
exemplar,341,exemplar,exemplar/archive_4/964aaac0-3bed-4318-bea6-21d50ad72c0e.pt,21176.0,15087.3955078125,32593.0,12273.783203125,128.0,9.66783332824707,8.0,2.8289389610290527,2889.0,970.960693359375,1024.0,353.37921142578125
exemplar,342,exemplar,exemplar/archive_4/97dbcdf5-c848-49aa-9352-d36fb012c09e.pt,2168.0,4319.2353515625,290.0,677.976806640625,0.0,0.0,0.0,2.559147834777832,80.0,707.871337890625,1.0,40.468727111816406
exemplar,343,exemplar,exemplar/archive_4/98139b78-5b5f-48a0-80de-d9b6e3d24d09.pt,912.0,6294.1318359375,743.0,6191.802734375,2.0,34.62248611450195,0.0,8.6258544921875,24.0,410.3560791015625,1.0,25.40489959716797
exemplar,344,exemplar,exemplar/archive_4/9a1f36d7-2816-4b0f-b8b5-b2e65627cf2e.pt,2738.0,4548.72900390625,2633.0,5518.85546875,5.0,14.4610013961792,14.0,6.418029308319092,537.0,296.552001953125,3.0,9.266219139099121
exemplar,345,exemplar,exemplar/archive_4/9a6997d9-2bd1-4ff6-9a73-f05621c1f081.pt,21988.0,13279.359375,24276.0,12103.8037109375,0.0,11.356998443603516,5.0,2.4230873584747314,6583.0,1190.6300048828125,1296.0,464.9386291503906
exemplar,346,exemplar,exemplar/archive_4/9ada9795-eb64-47d0-aa19-a9162b706a25.pt,55454.0,199477.296875,9473.0,72932.671875,2327.0,279.9133605957031,2.0,34.847469329833984,534.0,238.89967346191406,1.0,12.118985176086426
exemplar,347,exemplar,exemplar/archive_4/9b0c91ce-b9b1-429d-9742-7450ed142395.pt,3275.0,13919.1259765625,3636.0,11001.8349609375,2.0,8.201956748962402,2.0,1.980563998222351,328.0,1012.290771484375,96.0,442.6506652832031
exemplar,348,exemplar,exemplar/archive_4/9c54421a-7338-494a-8474-d9074a9ecf97.pt,2416.0,1832.6273193359375,390.0,505.9772033691406,111.0,32.01630783081055,0.0,15.792407989501953,265.0,357.8741455078125,1.0,1.2278326749801636
exemplar,349,exemplar,exemplar/archive_4/9d448692-78f8-4d5c-8088-898eb5995a9b.pt,9619.0,8420.48828125,8367.0,7101.72412109375,0.0,0.0,4.0,2.056974411010742,6581.0,1196.2623291015625,1296.0,430.2087097167969
exemplar,350,exemplar,exemplar/archive_4/9e38eb64-1cfe-4f12-9432-22bdf4a349e1.pt,9207.0,38711.2890625,6958.0,27030.15234375,6.0,34.471797943115234,1.0,8.257457733154297,435.0,1891.8841552734375,420.0,343.7406921386719
exemplar,351,exemplar,exemplar/archive_4/a391283d-e967-49dc-b6bc-4b02d35e002e.pt,9507.0,8420.48828125,8401.0,7101.73095703125,0.0,0.0,4.0,2.056974411010742,6582.0,1196.2623291015625,1296.0,430.2087097167969
exemplar,352,exemplar,exemplar/archive_4/a3ea0c4f-3403-453c-81e8-4c9371ba8d41.pt,64857.0,157598.390625,21215.0,50303.6796875,0.0,155.04466247558594,0.0,16.004661560058594,101.0,295.7142333984375,2.0,21.872705459594727
exemplar,353,exemplar,exemplar/archive_4/aab521f7-157c-46ec-bffc-c37761dff1db.pt,52704.0,34944.6328125,32026.0,22425.5234375,24.0,34.51954650878906,1.0,4.479569435119629,392.0,710.1935424804688,99.0,118.8242416381836
exemplar,354,exemplar,exemplar/archive_4/ab77bd50-b36b-4b19-913c-cd01ff0e8a94.pt,6695.0,14814.18359375,7690.0,12659.0068359375,8.0,12.516236305236816,2.0,2.415849447250366,333.0,675.85107421875,96.0,210.76039123535156
exemplar,355,exemplar,exemplar/archive_4/acd0fc9a-5e08-4344-88ef-ada264891cb6.pt,59520.0,30482.58203125,9351.0,1927.439697265625,0.0,120.94013214111328,0.0,20.57989501953125,89.0,132.13150024414062,1.0,0.9495577216148376
exemplar,356,exemplar,exemplar/archive_4/ad9bbfab-8ff4-49f3-8d9c-ab37947d788a.pt,29483.0,150661.3125,4514.0,44660.84375,5.0,64.90019226074219,2.0,40.60968780517578,538.0,287.772705078125,2.0,11.337213516235352
exemplar,357,exemplar,exemplar/archive_4/b1e95b21-3d49-4f0f-9eb6-fc4835b0816b.pt,3299.0,7861.02880859375,4040.0,6809.361328125,5.0,37.91913986206055,0.0,4.263390064239502,1084.0,560.5313110351562,160.0,135.62841796875
exemplar,358,exemplar,exemplar/archive_4/b3e352b0-02aa-42e9-b905-77d4b7f1dfd1.pt,3057.0,8821.8916015625,2828.0,7438.26220703125,3.0,10.210160255432129,2.0,1.7962979078292847,2631.0,1177.8719482421875,1024.0,710.8425903320312
exemplar,359,exemplar,exemplar/archive_4/b3ee34d7-b26c-4327-9077-79e2513947cc.pt,345.0,2655.5947265625,297.0,3043.036865234375,0.0,0.0,0.0,0.737114429473877,17.0,490.72955322265625,1.0,23.239418029785156
exemplar,360,exemplar,exemplar/archive_4/b3ff10dc-d76f-4720-bd29-4bf354efbe46.pt,22877.0,44397.6328125,798.0,4403.50341796875,3.0,20.409334182739258,1.0,54.75012969970703,28.0,428.73614501953125,1.0,3.7733044624328613
exemplar,361,exemplar,exemplar/archive_4/b4dfdcc1-4667-49f1-ac5b-183e7ecc2ebc.pt,52.0,421.77423095703125,1.0,13.64000415802002,0.0,0.0,0.0,10.700693130493164,13.0,372.3284912109375,1.0,1.5902800559997559
exemplar,362,exemplar,exemplar/archive_4/b5c285f0-db91-4f79-9db6-e8a7c94edf84.pt,21851.0,44785.7734375,3533.0,4439.86474609375,5.0,20.70072364807129,2.0,55.03984451293945,39.0,428.24993896484375,1.0,3.750824213027954
exemplar,363,exemplar,exemplar/archive_4/b624fe6a-af6a-49d1-9462-76d216decf06.pt,13427.0,15772.5693359375,16969.0,15038.8232421875,24.0,33.8554801940918,5.0,4.94748592376709,507.0,401.68096923828125,128.0,77.64173126220703
exemplar,364,exemplar,exemplar/archive_4/b8f39c72-91d2-4d02-b05c-57c42cb15022.pt,2269.0,17516.439453125,1696.0,10794.10546875,109.0,147.3196258544922,0.0,6.317586898803711,272.0,1812.03759765625,1.0,152.24481201171875
exemplar,365,exemplar,exemplar/archive_4/bba17e96-bfc6-4f7b-a3b3-e191e54db17e.pt,14842.0,15772.5390625,17106.0,15038.80859375,24.0,33.855464935302734,5.0,4.9474945068359375,505.0,401.6815490722656,128.0,77.64202880859375
exemplar,366,exemplar,exemplar/archive_4/c0318fb8-5cf4-4868-a6e3-376c95dee192.pt,6459.0,34173.75,230.0,3268.05615234375,2.0,16.734174728393555,1.0,36.20500183105469,18.0,358.6868896484375,1.0,4.869442462921143
exemplar,367,exemplar,exemplar/archive_4/c21d74eb-cbc9-46a8-8b36-055d46bcd75f.pt,15484.0,15662.6298828125,17459.0,14915.607421875,26.0,33.4185676574707,6.0,4.934885025024414,591.0,403.036376953125,160.0,77.94444274902344
exemplar,368,exemplar,exemplar/archive_4/c3db69c9-fbf2-4375-ae82-034c48a2402e.pt,8039.0,12907.0166015625,8344.0,10760.8212890625,5.0,22.303468704223633,4.0,5.5530805587768555,587.0,605.5240478515625,160.0,155.26148986816406
exemplar,369,exemplar,exemplar/archive_4/c450d8f6-023f-4ab0-85f6-0934c9d8e967.pt,402.0,6263.5107421875,354.0,4293.32373046875,0.0,0.0,0.0,1.3786925077438354,19.0,965.3329467773438,1.0,663.6087036132812
exemplar,370,exemplar,exemplar/archive_4/c5aa81c6-cac5-44db-bb2d-0450c909ea9f.pt,64637.0,34943.1328125,46157.0,24444.2421875,10.0,32.44328308105469,2.0,7.267396926879883,2214.0,1543.7694091796875,1691.0,289.5262145996094
exemplar,371,exemplar,exemplar/archive_4/ca4b5a45-6965-4ecb-9d2e-38ddff7463e5.pt,9741.0,13885.39453125,14518.0,11036.04296875,5.0,8.170129776000977,3.0,1.9703924655914307,2872.0,1021.7620239257812,1024.0,451.3387756347656
exemplar,372,exemplar,exemplar/archive_4/cc1c90d0-9335-4c05-bf3a-b750ec5adc20.pt,3275.0,13919.1259765625,3636.0,11001.8349609375,2.0,8.201953887939453,2.0,1.9805625677108765,328.0,1012.290771484375,96.0,442.6506652832031
exemplar,373,exemplar,exemplar/archive_4/cc2d357e-c3ae-491b-b7d7-703727137e95.pt,20159.0,14213.046875,35143.0,12075.47265625,128.0,25.590665817260742,6.0,7.296982765197754,856.0,607.2391967773438,128.0,125.87454986572266
exemplar,374,exemplar,exemplar/archive_4/cd22e983-c9c3-4d45-929b-a53cb807295c.pt,5147.0,88460.8359375,1377.0,25686.529296875,267.0,316.17669677734375,0.0,11.383317947387695,20.0,158.2558135986328,1.0,4.622251510620117
exemplar,375,exemplar,exemplar/archive_4/d2dd5e51-59c3-41f2-aa1b-e0f82ffe6545.pt,7939.0,12907.0166015625,8237.0,10760.8212890625,5.0,22.30347442626953,4.0,5.553081512451172,584.0,605.5240478515625,160.0,155.26148986816406
exemplar,376,exemplar,exemplar/archive_4/d89b0478-e5aa-475d-af6f-3e044a842d22.pt,23288.0,23688.66015625,3553.0,17405.115234375,5.0,14.341780662536621,2.0,7.162900924682617,81.0,1280.051513671875,53.0,182.52288818359375
exemplar,377,exemplar,exemplar/archive_4/d8f74d4e-05f1-4955-86f0-830ca762b176.pt,10390.0,13885.39453125,14642.0,11036.04296875,5.0,8.170129776000977,3.0,1.9703917503356934,2875.0,1021.7620239257812,1024.0,451.3389892578125
exemplar,378,exemplar,exemplar/archive_4/d9f93158-6ccc-4d2b-a170-237f34ce5331.pt,4848.0,88460.578125,532.0,25686.40625,281.0,316.1750183105469,0.0,11.383359909057617,14.0,158.25596618652344,1.0,4.622265338897705
exemplar,379,exemplar,exemplar/archive_4/da3f016e-20ab-4fd7-952a-595b8f71f7af.pt,22664.0,18752.078125,1522.0,6814.41650390625,3.0,14.377654075622559,1.0,5.527327060699463,41.0,433.5896911621094,10.0,45.222679138183594
exemplar,380,exemplar,exemplar/archive_4/db688f60-06c1-4a90-9135-f24939f749c1.pt,86.0,1374.7734375,5.0,384.21978759765625,2.0,20.498188018798828,0.0,8.694666862487793,15.0,336.7909851074219,1.0,1.4242827892303467
exemplar,381,exemplar,exemplar/archive_4/de2b487d-3146-4596-8935-9b3df1e70a4f.pt,7720.0,12894.5771484375,8021.0,10793.703125,3.0,22.405818939208984,4.0,5.580626964569092,500.0,610.6239624023438,128.0,157.50534057617188
exemplar,382,exemplar,exemplar/archive_4/deae57f3-6e32-43b3-82ae-eb94666b0ec5.pt,68.0,421.77423095703125,1.0,13.64000415802002,0.0,0.0,0.0,10.700691223144531,12.0,372.3284912109375,1.0,1.5902788639068604
exemplar,383,exemplar,exemplar/archive_4/dff07353-88f8-4592-9a88-cda83160792d.pt,44477.0,13614.5869140625,44202.0,15459.236328125,54.0,83.49848937988281,9.0,8.441634178161621,828.0,404.883544921875,144.0,88.69278717041016
exemplar,384,exemplar,exemplar/archive_4/e276239b-fb1a-42fe-a821-26f171cd3740.pt,7705.0,9335.61328125,10113.0,8069.5078125,128.0,14.14303207397461,2.0,2.1049275398254395,3010.0,1268.8131103515625,1024.0,676.6129150390625
exemplar,385,exemplar,exemplar/archive_4/e950ae24-8149-4902-abb3-92bbe2aecd63.pt,1400.0,8828.1962890625,1336.0,7417.7939453125,2.0,10.432478904724121,0.0,1.7978683710098267,521.0,1179.3118896484375,192.0,705.2528076171875
exemplar,386,exemplar,exemplar/archive_4/eaba7bd5-f8e5-45c7-8194-e722f3af20ff.pt,2340.0,2356.338134765625,218.0,240.79910278320312,0.0,0.0,0.0,9.392049789428711,79.0,167.34768676757812,1.0,8.09892749786377
exemplar,387,exemplar,exemplar/archive_4/ead2ec1e-40d8-4acc-91c8-0d319af0c066.pt,55689.0,38931.46875,31223.0,24231.509765625,27.0,38.95930099487305,2.0,4.476478099822998,402.0,651.6207275390625,105.0,101.98835754394531
exemplar,388,exemplar,exemplar/archive_4/eb5a1ea8-c51d-4bb9-b7b4-75eed4853c86.pt,20451.0,14213.046875,34313.0,12075.47265625,128.0,25.590665817260742,6.0,7.296982765197754,857.0,607.2391967773438,128.0,125.87454986572266
exemplar,389,exemplar,exemplar/archive_4/ebce0d5b-5f05-4508-8ee8-3f25e158eb65.pt,7101.0,10978.41796875,3358.0,8469.84765625,307.0,5.8640666007995605,0.0,1.1621553897857666,15.0,751.329345703125,1.0,386.0468444824219
exemplar,390,exemplar,exemplar/archive_4/ecd4a3ae-951b-4cf2-9c32-79bbf5637673.pt,3041.0,5380.3544921875,1909.0,6140.6630859375,5.0,18.481842041015625,0.0,7.705877304077148,40.0,299.8224182128906,3.0,9.553627014160156
exemplar,391,exemplar,exemplar/archive_4/ed65d0b7-0b0c-4b25-b9b3-bba6415e835f.pt,56036.0,38931.43359375,34149.0,24231.509765625,27.0,38.95916748046875,2.0,4.476478576660156,398.0,651.6207275390625,101.0,101.98844909667969
exemplar,392,exemplar,exemplar/archive_4/ef021cd3-8378-4d1e-9f1f-070602c5f684.pt,64588.0,34943.16796875,47501.0,24444.265625,10.0,32.44339370727539,2.0,7.26739501953125,2228.0,1543.7694091796875,1704.0,289.52606201171875
exemplar,393,exemplar,exemplar/archive_4/ef2865d0-3f5b-4b1f-8655-ff7d550736c2.pt,132.0,1374.7734375,42.0,384.2196044921875,2.0,20.498188018798828,0.0,8.694666862487793,18.0,336.7909851074219,1.0,1.4242827892303467
exemplar,394,exemplar,exemplar/archive_4/efa78183-092f-4770-86fd-d318cda4daa2.pt,9862.0,62914.33984375,5912.0,48499.2734375,425.0,298.60760498046875,1.0,25.72980499267578,29.0,220.15890502929688,2.0,7.81398868560791
exemplar,395,exemplar,exemplar/archive_4/f1369026-b6ce-4401-8f3a-9079a7bb9cfb.pt,64836.0,209407.625,52517.0,89698.59375,1977.0,789.3590087890625,4.0,58.083648681640625,313.0,191.11805725097656,9.0,4.088667869567871
exemplar,396,exemplar,exemplar/archive_4/f2ac7800-495d-44fc-81ae-b3c9fdc3656d.pt,65321.0,157598.234375,21362.0,50303.6796875,0.0,155.04466247558594,0.0,16.004661560058594,101.0,295.7142333984375,2.0,21.872711181640625
exemplar,397,exemplar,exemplar/archive_4/f9012451-79a9-4be9-be03-9b56617d2e21.pt,5018.0,6652.41796875,4604.0,7701.45263671875,128.0,33.4630241394043,0.0,10.6812744140625,409.0,342.4063415527344,64.0,14.60610294342041
exemplar,398,exemplar,exemplar/archive_4/f91aaca3-3e17-40f5-8dbc-f91b66fb6ff6.pt,14813.0,14780.49609375,18681.0,12610.515625,9.0,12.267935752868652,3.0,2.390451192855835,2767.0,685.1629028320312,1024.0,214.93411254882812
exemplar,399,exemplar,exemplar/archive_4/fe7e730c-d073-4096-b2ee-40007ede4bd8.pt,26547.0,150661.3125,5472.0,44660.890625,5.0,64.90022277832031,2.0,40.60966491699219,538.0,287.772705078125,2.0,11.33721923828125
