split,dataset_index,kernel_family,tensor_path,target_lut,prediction_lut,target_ff,prediction_ff,target_dsp,prediction_dsp,target_bram,prediction_bram,target_cycles_max,prediction_cycles_max,target_interval_max,prediction_interval_max
test,5,2layer,2layer/archive_1/0e501e7a-8a7e-4233-a38f-8c4299d1b20b.pt,4427.0,16006.0146484375,4642.0,10487.8701171875,2.0,4.594766139984131,0.5,1.270103931427002,1412.0,1966.4013671875,1280.0,1038.8494873046875
test,9,2layer,2layer/archive_1/18280638-35c3-4ac7-877a-fe029f413ead.pt,18331.0,16324.1376953125,16012.0,13466.552734375,0.0,0.0,6.0,2.428130626678467,3877.0,4585.28759765625,2464.0,2597.571533203125
test,10,2layer,2layer/archive_1/193f123f-9fe7-4326-a99f-46cbe91f2168.pt,10682.0,15688.5986328125,8613.0,12855.67578125,0.0,0.0,1.5,2.319770336151123,4037.0,4317.73974609375,2496.0,2453.165283203125
test,13,2layer,2layer/archive_1/28f27352-4968-4846-8e24-fbf005003fc0.pt,21462.0,20893.53125,14645.0,15113.2900390625,3.0,3.592878818511963,3.0,2.3180010318756104,8965.0,9188.85546875,5120.0,5163.7998046875
test,16,2layer,2layer/archive_1/3837a7d5-0c0e-4596-8191-a70ace44a780.pt,10282.0,13937.2578125,7961.0,9998.06640625,1.0,0.0,1.0,1.501320481300354,1605.0,1789.925048828125,960.0,965.15283203125
test,23,2layer,2layer/archive_1/5902f8e5-9539-4fef-b6d3-2d59841dfa35.pt,23650.0,19933.658203125,15141.0,13485.201171875,6.0,3.916938304901123,1.5,1.9502012729644775,3957.0,5139.1376953125,2496.0,2705.526611328125
test,31,2layer,2layer/archive_1/6a7ab3f1-833f-4330-9401-1daee0b9b457.pt,20970.0,19961.91015625,13102.0,13919.7099609375,4.0,3.6782519817352295,2.0,2.1052591800689697,5381.0,6063.306640625,2912.0,3267.544921875
test,33,2layer,2layer/archive_1/6fdbe1c4-08f0-46fa-ac3d-070d8b7126e9.pt,20185.0,17511.544921875,15404.0,13467.24609375,0.0,0.0,1.5,2.2683932781219482,4325.0,4652.44921875,2304.0,2567.0498046875
test,36,2layer,2layer/archive_1/78e928e4-f7e4-40c9-b6b4-8fd5186928b1.pt,21070.0,19755.337890625,17217.0,16526.673828125,0.0,0.0,3.0,3.4645774364471436,8197.0,8690.947265625,5120.0,4888.98974609375
test,39,2layer,2layer/archive_1/80236500-af6b-41d2-a063-6bdd779fca11.pt,23743.0,11503.02734375,16289.0,9094.1328125,0.0,0.0,8.0,1.6335883140563965,1989.0,2051.295654296875,1024.0,1144.6090087890625
test,40,2layer,2layer/archive_1/80788302-2292-4caa-a003-821aed591a4a.pt,25839.0,16355.4921875,19958.0,11770.087890625,0.0,0.0,1.0,1.9123815298080444,3589.0,3552.75927734375,1792.0,1888.8997802734375
test,45,2layer,2layer/archive_1/8491a254-4f47-453e-8a27-5b6e15733e2d.pt,19810.0,20068.828125,12208.0,13598.2099609375,4.0,3.8963096141815186,2.0,1.975683569908142,4709.0,5281.84912109375,2464.0,2783.572021484375
test,50,2layer,2layer/archive_1/8fa8fee2-a29c-49de-af50-ddba5830bd36.pt,24892.0,18026.884765625,17980.0,15761.7568359375,0.0,0.0,4.5,3.2383060455322266,6725.0,6872.2802734375,3840.0,3986.7529296875
test,58,2layer,2layer/archive_1/a77cb707-ea79-4f1c-b0be-3c48ad115929.pt,13875.0,16872.53125,9757.0,11418.369140625,6.0,4.540496826171875,1.0,1.494722843170166,2117.0,2558.265380859375,1152.0,1315.89501953125
test,74,2layer,2layer/archive_1/cd02c6b2-1a29-4fdd-9daf-92dc46e656fe.pt,30122.0,17475.025390625,15300.0,11589.130859375,14.0,4.579444885253906,7.0,1.4903066158294678,2085.0,2594.344482421875,1120.0,1321.572021484375
test,85,2layer,2layer/archive_1/e2d32045-fe85-41fa-87fd-34469cfd2b33.pt,17230.0,17507.60546875,12142.0,12155.45703125,4.0,3.8175971508026123,2.0,1.789926290512085,3845.0,3646.076416015625,1920.0,1936.65625
test,88,2layer,2layer/archive_1/e71cebc8-9c8d-4db4-af21-b5ffd3e7d1e9.pt,6342.0,18229.201171875,6039.0,12022.7255859375,2.0,4.23850679397583,1.0,1.6191450357437134,2501.0,3496.682373046875,1920.0,1804.27099609375
test,105,2layer,2layer/archive_2/0e95ad61-8028-4bb9-ae14-0e6e4725adec.pt,25490.0,19152.88671875,14706.0,12808.080078125,8.0,4.178480625152588,1.0,1.7806708812713623,3461.0,4143.05712890625,1872.0,2146.402587890625
test,110,2layer,2layer/archive_2/1d49f5b4-a149-4735-93ae-1354280d2181.pt,21138.0,17384.958984375,12730.0,11403.1328125,9.0,4.4701361656188965,1.0,1.4633488655090332,2309.0,2680.52197265625,1280.0,1371.17333984375
test,118,2layer,2layer/archive_2/2b5bcf33-a7e5-455b-a676-40dc80ad105e.pt,18960.0,20028.55859375,11225.0,13589.3935546875,3.0,3.8565726280212402,2.0,1.9816478490829468,4965.0,5351.017578125,2560.0,2828.5908203125
test,129,2layer,2layer/archive_2/47a23286-3cd6-4917-bebc-c3c14fe64538.pt,12763.0,17327.255859375,10536.0,11481.3466796875,2.0,4.44439697265625,1.0,1.4934351444244385,2117.0,2771.154541015625,1408.0,1420.4195556640625
test,138,2layer,2layer/archive_2/5d0eb902-1bc3-48ca-b0d4-3d6de45181de.pt,24382.0,20104.48046875,18225.0,16913.615234375,0.0,0.0,2.5,3.5727286338806152,8165.0,9345.3857421875,5280.0,5211.00390625
test,140,2layer,2layer/archive_2/65ee1758-1d06-491d-a879-bc81bb7249f9.pt,9340.0,16457.638671875,6908.0,11114.6640625,3.0,4.512950897216797,1.0,1.4379841089248657,2021.0,2372.90869140625,1152.0,1236.0565185546875
test,148,2layer,2layer/archive_2/7e1727a1-0ff8-4992-b05a-0691712f8fd0.pt,22263.0,18174.37890625,14885.0,12822.1357421875,6.0,4.053208351135254,1.5,1.8833128213882446,3541.0,4415.07373046875,2080.0,2366.663818359375
test,150,2layer,2layer/archive_2/802b8c33-0ab8-4651-ba3e-c0c35f7cfe79.pt,31673.0,20214.55078125,19693.0,14082.849609375,7.0,3.695504665374756,1.5,2.125330924987793,5125.0,6252.86767578125,3072.0,3365.859130859375
test,152,2layer,2layer/archive_2/835d1772-8af4-491d-969a-1590057430d9.pt,10199.0,16588.830078125,6318.0,11191.72265625,2.0,4.414187908172607,1.0,1.468206524848938,1925.0,2600.12158203125,1408.0,1355.0738525390625
test,162,2layer,2layer/archive_2/92a3099f-2ff0-4f81-a4f5-3e4983dee369.pt,20273.0,19963.546875,13937.0,13953.9375,2.0,3.6044251918792725,1.5,2.112882137298584,5381.0,6442.353515625,3584.0,3505.252197265625
test,173,2layer,2layer/archive_2/bfa0bcb1-a253-411f-be39-71dd5517df73.pt,18753.0,15289.1337890625,13648.0,12342.5966796875,0.0,0.0,3.0,2.1485486030578613,3717.0,3886.850341796875,1920.0,2177.0751953125
test,174,2layer,2layer/archive_2/c2bd5389-a08c-42ec-8b3c-5e01479d314d.pt,13609.0,18949.408203125,12664.0,14340.7275390625,0.0,0.0,2.5,2.8174750804901123,6149.0,7853.15283203125,5376.0,4439.3818359375
test,180,2layer,2layer/archive_2/cc5668f5-d37e-49ec-876f-52d4173ccde5.pt,19022.0,18960.6171875,11885.0,12691.876953125,4.0,4.135490417480469,1.0,1.7668750286102295,3717.0,4118.31640625,1920.0,2141.72509765625
test,185,2layer,2layer/archive_2/d6f6caf0-10ec-4d93-ad62-95a7beaec004.pt,13306.0,18906.30078125,7571.0,12578.8759765625,2.0,3.963059425354004,1.5,1.7608048915863037,3077.0,4311.87060546875,2496.0,2269.1171875
test,188,2layer,2layer/archive_2/e5344317-1ff4-480a-9e6f-b91dcb1fc112.pt,26475.0,19316.41015625,15665.0,12966.1044921875,10.0,4.076977729797363,1.5,1.8261992931365967,3525.0,4423.125,2112.0,2306.9189453125
test,191,2layer,2layer/archive_2/ecf1f155-c2ee-4cac-bb25-b90e33da8203.pt,17569.0,16767.728515625,10860.0,11637.01171875,6.0,4.47216272354126,1.0,1.5939488410949707,2469.0,2969.8447265625,1344.0,1556.8453369140625
test,193,2layer,2layer/archive_2/f2428e9d-edd8-42e7-99c6-e046e4644daf.pt,16523.0,17601.94921875,12656.0,15212.98828125,0.0,0.0,2.5,3.030282974243164,6341.0,6295.76513671875,3456.0,3642.596435546875
test,198,2layer,2layer/archive_2/fe60de96-e0a9-4ea9-8814-8ce712e4cdfc.pt,21443.0,17011.830078125,16272.0,14398.095703125,0.0,0.0,4.5,2.699368476867676,5205.0,5282.29736328125,2704.0,3007.701904296875
test,201,2layer,2layer/archive_3/0956ec5b-0763-4499-a2a8-9a9a04a35bf3.pt,17678.0,14931.220703125,11296.0,11080.234375,0.0,0.0,2.0,1.7156473398208618,2149.0,2551.564697265625,1248.0,1367.1800537109375
test,212,2layer,2layer/archive_3/24ea1913-f519-412c-ad65-b98cebea76f5.pt,14996.0,17517.7421875,10618.0,15177.7138671875,0.0,0.0,2.0,3.0491936206817627,6149.0,6372.04345703125,3840.0,3704.735595703125
test,229,2layer,2layer/archive_3/526cd48b-c15d-4ced-9692-a7198315280f.pt,15522.0,17635.16796875,9324.0,12829.4267578125,0.0,0.0,1.5,2.2589850425720215,4229.0,5419.1171875,3072.0,2992.658447265625
test,231,2layer,2layer/archive_3/5584b981-88c7-47dc-ae9f-6f9de8af9049.pt,18738.0,16472.509765625,12289.0,11397.5439453125,8.0,4.200870990753174,5.0,1.5980525016784668,2165.0,2758.171142578125,1280.0,1439.1402587890625
test,236,2layer,2layer/archive_3/64a73bab-f3a9-4a81-8efe-0260acfe8919.pt,9006.0,16509.423828125,5686.0,10942.75,2.0,4.592402935028076,1.0,1.3678021430969238,1669.0,2158.434814453125,1152.0,1117.8597412109375
test,247,2layer,2layer/archive_3/76c63687-fb2b-4102-8cf7-6600c48ac04c.pt,14930.0,19084.091796875,11255.0,15705.560546875,0.0,0.0,2.0,3.1867661476135254,6341.0,7339.66015625,4608.0,4200.78857421875
test,249,2layer,2layer/archive_3/7fa826ee-4602-4d40-a55b-e7230afc70e9.pt,24914.0,17248.458984375,14010.0,11314.7626953125,12.0,4.567527770996094,1.0,1.4295949935913086,2165.0,2435.2783203125,1152.0,1244.664306640625
test,262,2layer,2layer/archive_3/96ddafdb-c1a1-464d-a77e-1f6956a91deb.pt,29596.0,17773.591796875,15628.0,11786.703125,10.0,4.492354869842529,1.0,1.5426535606384277,2397.0,2916.452392578125,1248.0,1482.62353515625
test,264,2layer,2layer/archive_3/98c7083e-8b81-4b46-99a6-9214ede4dd8c.pt,30491.0,22634.140625,17939.0,15643.2666015625,4.0,3.6545848846435547,3.0,2.310563564300537,10213.0,9737.326171875,5280.0,5316.19921875
test,265,2layer,2layer/archive_3/9a8a2054-ac77-4816-b009-5dcfec1f31aa.pt,15698.0,15412.685546875,10446.0,10691.2978515625,6.0,4.678104400634766,1.0,1.3795394897460938,1541.0,1993.5611572265625,1024.0,1075.057861328125
test,280,2layer,2layer/archive_3/d29cbb53-9b53-4cae-a12a-8f9a4e920a10.pt,4556.0,13940.1962890625,5050.0,9875.3935546875,2.0,4.382152080535889,1.0,1.288943886756897,1029.0,1576.473388671875,832.0,896.0386962890625
test,293,2layer,2layer/archive_3/f59f9642-8d8b-4cbc-a4c8-80b378b8e6c0.pt,17557.0,19378.076171875,13243.0,12916.36328125,4.0,3.9728798866271973,1.5,1.8225630521774292,4101.0,4578.08544921875,2304.0,2402.830078125
test,306,2layer,2layer/archive_4/098f434f-1b68-491d-94cf-03f1cfe0cfa1.pt,16849.0,17211.091796875,12066.0,14672.125,0.0,0.0,2.5,2.8257076740264893,5765.0,5745.3359375,3200.0,3308.8466796875
test,310,2layer,2layer/archive_4/1be5c2a5-5b49-4f8c-9fb6-0b444f6b85e4.pt,24409.0,19782.71484375,17864.0,15187.212890625,0.0,0.0,2.5,3.038586139678955,8517.0,9038.3935546875,4928.0,5038.22314453125
test,315,2layer,2layer/archive_4/247e4213-8ae5-462d-b957-a9f783755031.pt,10996.0,15482.7119140625,7502.0,12639.861328125,0.0,0.0,1.5,2.2723305225372314,3333.0,4207.75048828125,2560.0,2388.4697265625
test,316,2layer,2layer/archive_4/25b1fddf-e065-4fea-b31e-274ba799605a.pt,22869.0,17018.986328125,17850.0,11874.068359375,9.0,4.236324787139893,1.0,1.6750590801239014,2821.0,3433.3876953125,1792.0,1824.7020263671875
test,337,2layer,2layer/archive_4/62878700-1b8b-452f-8cfd-c1c35028130d.pt,36022.0,16714.671875,19075.0,11005.990234375,26.0,4.706833362579346,15.0,1.3574854135513306,1733.0,2089.1865234375,896.0,1072.005615234375
test,354,2layer,2layer/archive_4/8f67864f-c9d4-45ad-8c91-a0d544c15b4c.pt,20398.0,16658.84375,11867.0,11051.779296875,8.0,4.691189289093018,1.0,1.3727390766143799,1861.0,2094.052001953125,960.0,1079.741943359375
test,356,2layer,2layer/archive_4/936a8ff7-7ebb-4277-ab21-b9de8be46fc5.pt,17358.0,11321.1533203125,14011.0,8965.8759765625,0.0,0.0,3.0,1.6200753450393677,1877.0,2003.0115966796875,1040.0,1119.6846923828125
test,374,2layer,2layer/archive_4/bdceb934-f44d-47a5-a407-bba9907dde42.pt,13311.0,19675.6875,8418.0,13732.1494140625,2.0,3.6125733852386475,1.5,2.082073926925659,4165.0,6005.244140625,3520.0,3256.010009765625
test,376,2layer,2layer/archive_4/c0408fb1-d997-4a14-b9cb-fcc363e2e63f.pt,12889.0,10860.7646484375,10881.0,8649.6240234375,0.0,0.0,1.5,1.5933595895767212,1765.0,1929.9166259765625,1056.0,1084.3857421875
test,378,2layer,2layer/archive_4/c4b52d21-e3b2-4ad5-b29b-7aeea1cd9169.pt,14894.0,17259.302734375,12834.0,14775.39453125,0.0,0.0,2.5,2.8391470909118652,7173.0,5710.919921875,3584.0,3282.488037109375
test,383,2layer,2layer/archive_4/cf3f2c09-b079-49cc-a2c9-be50e9340c14.pt,16564.0,19791.037109375,13693.0,13435.4423828125,2.0,3.8249549865722656,1.5,1.95932137966156,4485.0,5272.27001953125,2688.0,2796.668212890625
test,385,2layer,2layer/archive_4/d3bb67b0-53b9-4d26-a700-f081ba4bdbb6.pt,13619.0,17975.27734375,10495.0,14294.9951171875,0.0,0.0,2.0,2.600217342376709,6917.0,5553.3642578125,3456.0,3125.4970703125
test,386,2layer,2layer/archive_4/d630ae52-0bde-447d-9b3b-458df1884f34.pt,11508.0,14595.140625,6566.0,10260.169921875,2.0,4.3691253662109375,1.5,1.3639624118804932,1221.0,1783.493408203125,896.0,972.7030639648438
test,391,2layer,2layer/archive_4/e45b7645-39d0-4cd5-83d9-2306a1618dc4.pt,23966.0,19925.029296875,18168.0,16679.60546875,0.0,0.0,2.5,3.494556427001953,8165.0,8771.8271484375,4800.0,4925.27978515625
test,392,2layer,2layer/archive_4/f1f196d5-1325-4225-893b-f7fa6e75ed62.pt,20477.0,18236.486328125,15197.0,12782.001953125,6.0,3.6625609397888184,3.5,1.9378806352615356,3749.0,4398.43212890625,2080.0,2364.2119140625
test,393,2layer,2layer/archive_4/f1fa0476-2eb3-4fce-8070-80b3bcd31c66.pt,14528.0,17289.22265625,8802.0,11989.140625,3.0,3.800143003463745,2.0,1.756685733795166,2437.0,3563.552978515625,1920.0,1900.8953857421875
test,397,2layer,2layer/archive_4/f8ca8e8f-370f-483d-a7eb-4e709b42d7e1.pt,3840.0,14067.7734375,4521.0,9851.1318359375,2.0,4.88722038269043,0.5,1.1975667476654053,900.0,1480.74658203125,832.0,867.2933349609375
test,800,3layer,3layer/archive_1/0024ccb6-93d3-4d05-b42a-dcd082b9fb71.pt,16496.0,24632.654296875,14252.0,18160.328125,3.0,5.066444396972656,2.5,2.6829113960266113,6472.0,5259.30615234375,2880.0,2199.6865234375
test,803,3layer,3layer/archive_1/075ba7e2-686c-4d8c-8154-801a8c763333.pt,9233.0,22498.48828125,8509.0,16190.7158203125,3.0,5.855954170227051,1.5,2.24119234085083,2632.0,2819.990478515625,1344.0,1090.4976806640625
test,806,3layer,3layer/archive_1/1779f702-f865-451f-89d0-4f6b42a09e77.pt,25151.0,22587.8203125,20528.0,16539.193359375,0.0,0.0,2.0,2.213404655456543,2984.0,2759.20556640625,1120.0,1054.39599609375
test,810,3layer,3layer/archive_1/1becf3c5-7c0f-49df-bdca-22bd47ef0f94.pt,33780.0,22430.2734375,25025.0,15991.4423828125,0.0,0.0,9.5,2.0827598571777344,2464.0,2424.235595703125,896.0,934.3162231445312
test,822,3layer,3layer/archive_1/4f415d2a-8a37-4458-9923-fe4ae65d193c.pt,17298.0,29085.333984375,13192.0,19263.333984375,4.0,9.263845443725586,1.5,1.753495693206787,3016.0,2975.110595703125,1280.0,1108.1885986328125
test,834,3layer,3layer/archive_1/6677bec8-2c88-4ce9-89c6-8588190f1b63.pt,31188.0,30514.548828125,22330.0,21023.67578125,6.0,7.205352306365967,2.5,2.194098711013794,5944.0,5202.15869140625,2816.0,2122.7998046875
test,836,3layer,3layer/archive_1/6a93c56c-3a7d-4fb0-aa09-acf3c5c8cef0.pt,37935.0,29348.259765625,22505.0,19478.5234375,20.0,10.529056549072266,1.5,1.6950428485870361,2632.0,2461.940185546875,960.0,874.0917358398438
test,842,3layer,3layer/archive_1/7dff1db2-d16a-4a01-829b-05b72a41623c.pt,28802.0,31448.166015625,20556.0,22393.08203125,4.0,6.376346588134766,3.0,2.5214428901672363,10824.0,6873.13916015625,3840.0,2897.412841796875
test,845,3layer,3layer/archive_1/85da7610-5409-4ed2-b342-2d09b3584690.pt,44187.0,29677.65625,22532.0,19710.84765625,20.0,9.797477722167969,1.5,1.7325990200042725,2752.0,2777.041748046875,1144.0,1016.7059936523438
test,847,3layer,3layer/archive_1/8a954d90-0bd3-4c11-ba3a-fba78f17ae0e.pt,56373.0,30761.189453125,29336.0,21338.134765625,13.0,7.155881881713867,3.0,2.2413368225097656,6872.0,5329.17626953125,2640.0,2178.90283203125
test,853,3layer,3layer/archive_1/92d982a4-b98e-4746-bdec-60cb53775183.pt,21093.0,22176.40625,14828.0,15849.822265625,9.0,6.256825923919678,2.0,2.154733657836914,2568.0,2366.62890625,896.0,875.660400390625
test,856,3layer,3layer/archive_1/9421bcba-aa11-4638-97d1-9a26a8309e94.pt,18172.0,24752.380859375,17338.0,20099.091796875,0.0,0.0,5.0,3.2839605808258057,8647.0,6980.3857421875,4160.0,2662.576171875
test,878,3layer,3layer/archive_1/c931f125-d81f-4ad7-8deb-3fedba17c28a.pt,24123.0,25518.90234375,17913.0,18993.71875,4.0,4.856225967407227,2.5,2.862483024597168,8264.0,6430.6396484375,3840.0,2751.88427734375
test,881,3layer,3layer/archive_1/ce352bfc-bbec-4951-8281-f01f2aef7e78.pt,33612.0,26711.537109375,25132.0,18259.19921875,18.0,8.17698860168457,31.5,1.8642748594284058,2952.0,2832.031005859375,1152.0,1056.029296875
test,896,3layer,3layer/archive_1/f1316787-264b-4558-83f8-97dc77bdfb14.pt,20085.0,24313.15625,13156.0,19157.052734375,0.0,0.0,2.0,2.9599623680114746,4424.0,5412.74755859375,3072.0,2067.22216796875
test,906,3layer,3layer/archive_2/1aa82de7-cb5d-4b40-83ec-5d06eeb961d7.pt,17256.0,24419.37890625,12363.0,18050.1953125,4.0,5.923340320587158,4.0,2.5570011138916016,3752.0,4793.46240234375,2080.0,2005.605712890625
test,909,3layer,3layer/archive_2/1cb93ea5-5bd1-4044-9d56-c6d7c3f82adb.pt,44754.0,33422.6796875,28149.0,25524.453125,5.0,6.004663467407227,9.0,3.236485004425049,14984.0,10369.52734375,5408.0,4548.6337890625
test,910,3layer,3layer/archive_2/212e820a-7f1a-4ca0-846a-920f20a79783.pt,40991.0,26692.029296875,28078.0,18680.4453125,26.0,8.778626441955566,36.5,1.9085040092468262,2840.0,2967.257568359375,1040.0,1175.068603515625
test,932,3layer,3layer/archive_2/52946797-a7fd-484d-a2e8-1d16801f50c7.pt,42780.0,30995.158203125,23203.0,22403.505859375,10.0,6.580171585083008,2.5,2.516512155532837,6312.0,6485.072265625,2560.0,2685.321044921875
test,933,3layer,3layer/archive_2/542d7695-0143-4f00-adf6-51d6b975289a.pt,19429.0,22049.279296875,13907.0,16943.41796875,0.0,0.0,1.5,2.1016740798950195,2568.0,2398.430419921875,896.0,1017.6551513671875
test,936,3layer,3layer/archive_2/5ceabaab-17e3-4e32-97e2-3b2c322edf2a.pt,7805.0,22674.28515625,7444.0,17547.69140625,0.0,0.0,1.0,2.2388627529144287,1990.0,2823.054931640625,1536.0,1176.430419921875
test,938,3layer,3layer/archive_2/5efe7324-c1c2-4a88-9406-6ea781fc4cad.pt,32335.0,33210.93359375,20517.0,25103.99609375,4.0,5.944129943847656,3.5,3.1325254440307617,11016.0,9956.509765625,4928.0,4353.46826171875
test,942,3layer,3layer/archive_2/703a84aa-5305-4cf6-98b9-6258a05b3068.pt,47515.0,33229.5,27601.0,25064.4765625,7.0,6.059120178222656,3.5,3.091247081756592,11336.0,9380.123046875,4160.0,4066.761962890625
test,944,3layer,3layer/archive_2/753eded0-6f3c-48c9-a62e-b5090d610223.pt,29470.0,30729.19921875,18876.0,22233.837890625,5.0,6.476640701293945,3.0,2.5425238609313965,7944.0,6567.1884765625,2816.0,2723.79541015625
test,949,3layer,3layer/archive_2/8226cd2a-649d-471a-9671-4e7ab433f595.pt,22668.0,23626.7265625,15117.0,17247.521484375,6.0,6.706076145172119,2.0,2.3288397789001465,2872.0,3581.741943359375,1456.0,1464.65869140625
test,956,3layer,3layer/archive_2/8d32562c-c074-44ad-971a-87b462918ee4.pt,19816.0,29933.2578125,16504.0,21300.82421875,4.0,6.674032688140869,2.0,2.3746883869171143,5640.0,5870.9677734375,2560.0,2420.50439453125
test,959,3layer,3layer/archive_2/9284e126-07b2-4bd9-bd1e-b86e7535e0f2.pt,36059.0,23474.958984375,24395.0,18236.052734375,0.0,0.0,1.5,2.326927661895752,2888.0,3090.339599609375,1120.0,1277.7098388671875
test,970,3layer,3layer/archive_2/b31bf542-c0ce-4b6f-89c6-79a458c355ee.pt,22134.0,30931.609375,16377.0,22473.61328125,4.0,6.273893356323242,2.5,2.622478723526001,7432.0,7080.263671875,3072.0,2967.7177734375
test,971,3layer,3layer/archive_2/b3922866-ccd0-49ba-afd4-85473963e4a8.pt,17938.0,25505.107421875,15041.0,19507.93359375,3.0,5.109970569610596,2.5,2.948169469833374,7624.0,6860.93017578125,3136.0,2927.77880859375
test,972,3layer,3layer/archive_2/b7ba3ab1-37aa-4904-987e-010524cc327f.pt,29563.0,26826.984375,26451.0,22791.033203125,0.0,0.0,5.0,3.76578950881958,10248.0,10189.21484375,4160.0,3962.117431640625
test,975,3layer,3layer/archive_2/b9ec55d5-3a3f-4beb-af23-6613b1c0ecb9.pt,21151.0,32700.958984375,15819.0,24621.9453125,3.0,5.908864498138428,3.0,3.089951515197754,9608.0,9498.1123046875,4800.0,4129.3779296875
test,981,3layer,3layer/archive_2/c448356c-b3c9-49be-88c4-23b0d0c3f564.pt,15804.0,31764.908203125,11738.0,23409.228515625,3.0,6.054870128631592,2.5,2.8299171924591064,5832.0,8152.01123046875,4992.0,3480.196533203125
test,1004,3layer,3layer/archive_3/0b9292d5-b52f-4bcf-9d7f-8ec507a82838.pt,16178.0,30069.826171875,12690.0,21346.37890625,3.0,6.980123519897461,2.0,2.327817440032959,5768.0,5573.96044921875,2304.0,2284.142822265625
test,1011,3layer,3layer/archive_3/15b0d127-a686-475d-868d-1b5885f20d0a.pt,20889.0,25874.84375,17281.0,21100.671875,0.0,0.0,2.5,3.1274852752685547,7176.0,6874.81103515625,2816.0,2746.845458984375
test,1013,3layer,3layer/archive_3/1a4c6aa8-057b-4094-be6a-fa4f86bf0c04.pt,42459.0,29157.8515625,26728.0,21415.66796875,11.0,6.283018589019775,4.0,2.6547412872314453,6664.0,6495.18115234375,2496.0,2700.820068359375
test,1018,3layer,3layer/archive_3/2a171325-74e9-44cd-ad59-2d6e0df0ca79.pt,25048.0,26838.140625,20557.0,22792.685546875,0.0,0.0,3.0,3.8051106929779053,8520.0,10514.58203125,4160.0,4070.083984375
test,1019,3layer,3layer/archive_3/30a00082-630a-405d-83de-ee6e38ba241a.pt,25045.0,33079.96875,20318.0,25000.923828125,3.0,5.872028827667236,4.5,3.140136241912842,12296.0,10241.828125,5376.0,4497.73486328125
test,1023,3layer,3layer/archive_3/38dd22a9-e82d-4e9c-99cf-744bc749693b.pt,26414.0,23939.76171875,19498.0,18609.015625,0.0,0.0,1.5,2.4164228439331055,3744.0,3576.69873046875,1344.0,1500.632568359375
test,1024,3layer,3layer/archive_3/414d64df-e05d-43bc-bf86-e29fef941191.pt,16125.0,29468.44140625,11548.0,20123.3359375,3.0,9.531877517700195,1.5,1.8789639472961426,2632.0,3405.5693359375,1536.0,1351.583984375
test,1029,3layer,3layer/archive_3/49b2d6e6-2351-4e22-9e67-ae3eceeed11b.pt,32382.0,32781.11328125,23150.0,24653.21875,4.0,5.911903381347656,3.0,3.078090190887451,10440.0,9493.728515625,4608.0,4127.9287109375
test,1051,3layer,3layer/archive_3/8dfd5db3-a4b3-4ad8-9cd1-4b308e30413c.pt,19057.0,26634.408203125,13039.0,18668.9765625,5.0,8.673526763916016,1.5,1.9265692234039307,2952.0,2997.07568359375,1152.0,1184.605712890625
test,1059,3layer,3layer/archive_3/a2715528-63a3-4c2e-9685-6efbe7fdd477.pt,23527.0,32901.63671875,17266.0,24796.068359375,3.0,5.879927158355713,4.0,3.1069674491882324,11272.0,9877.5595703125,5120.0,4317.85107421875
test,1065,3layer,3layer/archive_3/afe1d671-8d40-474a-9ee1-9a778cb082db.pt,31982.0,25230.51171875,23229.0,18978.509765625,11.0,5.591314315795898,3.0,2.76015043258667,5768.0,5852.4169921875,2304.0,2469.083984375
test,1067,3layer,3layer/archive_3/b682c296-4570-4878-873f-d5e1915cbc27.pt,30544.0,23293.84375,22415.0,18022.9140625,0.0,0.0,7.5,2.3018810749053955,2968.0,3040.1728515625,1120.0,1258.857421875
test,1086,3layer,3layer/archive_3/dd7ecf45-dbc0-449b-8f58-f01a9017870a.pt,32527.0,26897.5625,25356.0,22528.69921875,0.0,0.0,3.0,3.636317491531372,8504.0,9377.7353515625,3120.0,3636.697509765625
test,1093,3layer,3layer/archive_3/f081b615-1a42-4b07-b1d1-9f4d57b0f095.pt,24444.0,24168.43359375,19902.0,17773.45703125,6.0,6.2856764793396,2.0,2.4627301692962646,3528.0,4254.6826171875,1792.0,1760.7147216796875
test,1097,3layer,3layer/archive_3/f8f3e631-e290-4827-b9d9-ad11b1f8d1c6.pt,22488.0,25406.10546875,16869.0,20195.744140625,0.0,0.0,1.5,2.8119375705718994,5352.0,5546.43994140625,2016.0,2254.618408203125
test,1106,3layer,3layer/archive_4/086ee6d8-31d7-4842-a9e5-9239d93a2d3a.pt,21515.0,26470.642578125,18799.0,22145.462890625,0.0,0.0,2.5,3.5556349754333496,7304.0,9085.376953125,3456.0,3549.9609375
test,1107,3layer,3layer/archive_4/0b6e0739-ef7c-4111-b86d-f6cd64150fbc.pt,16720.0,21715.1640625,12179.0,15667.3359375,4.0,7.885979652404785,2.0,1.961944341659546,1992.0,2426.25439453125,768.0,1006.4885864257812
test,1136,3layer,3layer/archive_4/53000a96-26ac-405d-8a15-1e0e56150a13.pt,34211.0,30366.6640625,21361.0,21022.59375,12.0,10.442644119262695,1.5,1.9007512331008911,3320.0,3188.593994140625,1152.0,1239.2476806640625
test,1165,3layer,3layer/archive_4/8ce80c0c-b515-40b7-8fe6-cdf7c22a9c2b.pt,24482.0,25906.326171875,20558.0,21000.9921875,0.0,0.0,2.5,3.0662906169891357,7048.0,6550.12255859375,2560.0,2621.0361328125
test,1173,3layer,3layer/archive_4/b350aeb2-ef15-4209-acac-66479979a96e.pt,21796.0,25713.58984375,16543.0,19644.63671875,4.0,5.098054885864258,2.5,2.9572556018829346,6728.0,7103.634765625,2880.0,3046.57470703125
test,1179,3layer,3layer/archive_4/cae88075-6535-4fc8-ab67-205d9e535cd4.pt,27346.0,27180.734375,21636.0,23761.359375,0.0,0.0,3.5,4.204432964324951,12040.0,13029.3388671875,4992.0,4974.7763671875
test,1183,3layer,3layer/archive_4/d0087184-cf84-48db-a6d1-3e8c72f12840.pt,18645.0,25162.748046875,13297.0,19935.958984375,0.0,0.0,1.5,2.722626209259033,4744.0,5164.77978515625,2048.0,2112.54150390625
test,1190,3layer,3layer/archive_4/e62db8bd-0863-4b42-a0f9-4f0f0da213c8.pt,28634.0,32259.91796875,20752.0,23958.490234375,4.0,6.1518449783325195,3.0,2.8976433277130127,8840.0,8297.0126953125,3520.0,3544.2490234375
test,1191,3layer,3layer/archive_4/e6cb7c40-cd11-41f6-a64b-643d8a61edc2.pt,37417.0,33015.484375,25360.0,24881.23046875,5.0,5.9494171142578125,3.5,3.0979201793670654,11784.0,9596.8583984375,4608.0,4176.431640625
test,1193,3layer,3layer/archive_4/e9035178-92d9-419e-aebb-2f24d863a874.pt,16543.0,30503.55078125,12926.0,21944.34375,4.0,6.289401531219482,1.5,2.5246617794036865,4744.0,6712.8369140625,4032.0,2800.001220703125
test,1196,3layer,3layer/archive_4/f2a1eb9a-a5c2-486a-b0b8-03bc9bbe3ae7.pt,31100.0,30323.6875,18062.0,21341.2890625,6.0,7.758178234100342,2.5,2.2036588191986084,3720.0,4895.91552734375,2112.0,1980.45849609375
test,1600,conv1d,conv1d/archive_1/03c73b3e-86d4-462f-8e86-603db87552ba.pt,18163.0,18515.578125,35596.0,31634.66796875,0.0,0.0,6.5,10.183859825134277,145699.0,264770.34375,145694.0,223439.890625
test,1601,conv1d,conv1d/archive_1/06f4e142-874c-464c-b830-43ff897b1009.pt,18579.0,21083.3515625,25405.0,32830.609375,4.0,2.5512280464172363,39.0,19.89865493774414,215563.0,177511.578125,215561.0,126589.234375
test,1603,conv1d,conv1d/archive_1/10a572f8-97b1-42fd-b3b5-2efb9c639d3d.pt,19119.0,17851.91015625,30481.0,31280.08984375,0.0,0.0,26.5,25.82455825805664,653170.0,437326.9375,653165.0,385967.125
test,1607,conv1d,conv1d/archive_1/2ed5ad7e-2bba-4aff-abf0-77301c2fcbbb.pt,13178.0,18069.125,21040.0,24752.21484375,3.0,2.789566993713379,4.0,5.114250659942627,82817.0,61756.84375,82818.0,42357.765625
test,1608,conv1d,conv1d/archive_1/39ca686c-2d2d-42fa-b145-c6ba2f8b4c01.pt,15029.0,15532.5693359375,24021.0,24274.34765625,0.0,0.0,6.5,10.631475448608398,64513.0,105937.6875,64514.0,81477.078125
test,1618,conv1d,conv1d/archive_1/6adb216d-3204-4aad-adbb-b9205c614931.pt,31452.0,27328.5546875,44279.0,35952.83984375,4.0,3.0404775142669678,13.5,10.410032272338867,55553.0,128167.9453125,55554.0,94449.171875
test,1630,conv1d,conv1d/archive_1/a4d19761-4b0a-42ab-9d53-c66d8f00f10b.pt,15390.0,13605.8505859375,22857.0,23005.08984375,0.0,0.0,4.0,6.213678359985352,102718.0,176419.15625,102716.0,144857.75
test,1651,conv1d,conv1d/archive_2/1970606f-61b7-4b2f-a848-aadadcde58a9.pt,15850.0,20751.521484375,22701.0,29762.06640625,5.0,4.274123191833496,23.0,15.3816556930542,54604.0,53598.8359375,54602.0,34470.57421875
test,1669,conv1d,conv1d/archive_2/97c4a2dd-c9f0-40e9-ac63-628801202d07.pt,34710.0,31066.865234375,40870.0,40979.02734375,7.0,6.6014838218688965,7.5,11.442071914672852,28987.0,47053.2734375,28973.0,28800.19921875
test,1676,conv1d,conv1d/archive_2/f656316b-2a7a-44b0-8a40-0d4d05aa6c00.pt,31277.0,29312.259765625,40224.0,42613.515625,5.0,5.310366153717041,22.0,17.090599060058594,160018.0,121696.109375,160013.0,84033.890625
test,1680,conv1d,conv1d/archive_3/0d0e9227-ea1f-43e1-a2fb-4d545571d647.pt,15876.0,15351.9345703125,22783.0,19276.75,2.0,2.0130198001861572,3.5,3.827928304672241,9025.0,14169.0869140625,9026.0,8406.8857421875
test,1683,conv1d,conv1d/archive_3/1d537023-4542-4f7e-8f63-e5eb6c279129.pt,11768.0,13507.546875,20553.0,21510.40234375,0.0,0.0,4.0,6.713642120361328,121729.0,101536.640625,121730.0,78146.4453125
test,1707,conv1d,conv1d/archive_3/a3e0030b-e934-447d-b9f8-b2ed2cb4ba40.pt,64644.0,45210.5390625,76009.0,71705.3125,7.0,7.8129401206970215,41.5,29.375343322753906,371986.0,256575.71875,371981.0,155667.703125
test,1709,conv1d,conv1d/archive_3/aa96468f-065d-4d9e-81b4-6ef162123c27.pt,31689.0,31870.8125,53359.0,47109.5390625,3.0,3.136814594268799,25.0,18.98571014404297,71764.0,152362.421875,71762.0,96440.984375
test,1710,conv1d,conv1d/archive_3/afb9a8e4-c0b7-4c81-951e-beace7c6580d.pt,7928.0,13619.0546875,14764.0,19184.806640625,0.0,0.0,3.0,4.5290703773498535,19169.0,43897.53515625,19170.0,30015.16015625
test,1716,conv1d,conv1d/archive_3/dc48d02e-01b9-417e-883c-6182b1617c94.pt,17465.0,17933.427734375,25064.0,31124.783203125,0.0,0.0,17.5,20.41815757751465,442654.0,258086.96875,442652.0,206281.609375
test,1719,conv1d,conv1d/archive_3/e28af083-279c-4728-846a-678e6d7bb22f.pt,12249.0,20312.396484375,19967.0,30361.189453125,2.0,2.1487319469451904,3.5,11.040971755981445,114433.0,129831.21875,114434.0,90995.9296875
test,1732,conv1d,conv1d/archive_4/18a551db-28d4-4a35-a3d2-d13dd25fc759.pt,37982.0,34161.20703125,70254.0,56552.8359375,2.0,2.9211723804473877,30.5,28.987945556640625,193522.0,405982.6875,193517.0,252024.234375
test,1736,conv1d,conv1d/archive_4/26fd427e-9c24-498f-b0ca-b698b7aa084d.pt,24004.0,31854.068359375,55208.0,48703.8203125,3.0,3.1284399032592773,15.0,15.734304428100586,266113.0,213144.75,266114.0,144922.140625
test,1737,conv1d,conv1d/archive_4/2a73b7ff-fd17-49dc-a651-08351f8086b0.pt,17247.0,24342.71484375,37741.0,43015.546875,0.0,0.0,18.5,22.654050827026367,223747.0,201692.828125,223742.0,127395.09375
test,1747,conv1d,conv1d/archive_4/5830e323-ccaf-4db3-92eb-6526ef2b92d6.pt,13810.0,20902.83984375,22737.0,28173.1328125,3.0,4.518202304840088,4.5,10.885122299194336,81793.0,47095.20703125,81794.0,31608.341796875
test,1750,conv1d,conv1d/archive_4/6a259c16-db85-41f8-bf80-6109650e2888.pt,13147.0,17584.849609375,25239.0,27110.91015625,0.0,0.0,5.5,7.115199565887451,31681.0,78622.9296875,31682.0,56501.89453125
test,1757,conv1d,conv1d/archive_4/a4e94a46-08df-49ef-a586-a3a56af160f8.pt,53293.0,51688.1171875,76241.0,82368.59375,7.0,10.101432800292969,33.0,30.465303421020508,56769.0,134468.609375,56770.0,72950.96875
test,1762,conv1d,conv1d/archive_4/bd5948fb-b4a0-497e-aaf7-faf8d3a53559.pt,26514.0,24298.55078125,41609.0,37731.91796875,0.0,0.0,16.5,12.399702072143555,31820.0,72704.265625,31814.0,47059.6015625
test,1948,conv2d,conv2d/archive_1/16c81531-2d4a-44cd-a0f6-5818fb4eac23.pt,17139.0,26031.34765625,24051.0,38864.8046875,2.0,3.089923143386841,11.0,14.391030311584473,982712.0,1666102.625,980912.0,1102260.125
test,1961,conv2d,conv2d/archive_1/8203796d-273a-48d8-bad6-5a88633e1b02.pt,64114.0,45942.84375,89800.0,72604.8984375,8.0,8.229766845703125,45.0,25.982921600341797,980271.0,324071.53125,980272.0,164160.1875
test,1968,conv2d,conv2d/archive_1/de099b6c-414e-45fe-9f32-db5a4f4fb51a.pt,25018.0,25230.73046875,36360.0,39628.34375,3.0,3.9350783824920654,17.5,19.545812606811523,558033.0,1266015.5,556742.0,902821.875
test,1969,conv2d,conv2d/archive_1/e49f8865-3ed1-438b-8d47-f4df3fa258b1.pt,12620.0,18521.63671875,24980.0,34001.3203125,0.0,0.0,12.0,17.06588363647461,684739.0,1355813.75,682112.0,1111261.375
test,1970,conv2d,conv2d/archive_1/ed9737f7-5085-49cd-aff9-f5394b9ad940.pt,81241.0,76070.3203125,256413.0,159177.46875,0.0,0.0,82.5,60.62428665161133,473230.0,1386464.375,473231.0,602038.75
test,1971,conv2d,conv2d/archive_1/fe1fcd99-035b-4da0-b4c6-8d72ed3b2525.pt,30623.0,33426.56640625,63312.0,51311.65234375,2.0,3.3612747192382812,12.5,17.725635528564453,1249441.0,774071.3125,1249442.0,501564.84375
test,1978,conv2d,conv2d/archive_3/1a7e57ac-ac64-4844-a748-391494154a11.pt,13136.0,20702.556640625,27107.0,35047.23046875,1.0,2.042524814605713,15.0,16.536970138549805,199302.0,525310.75,199298.0,401397.125
test,1982,conv2d,conv2d/archive_3/2da90877-d92f-4cc9-a745-09946576a12a.pt,27441.0,34918.8828125,56157.0,57650.2265625,2.0,3.444870948791504,29.0,25.151622772216797,5021142.0,3409157.25,5021122.0,1990313.5
test,1998,conv2d,conv2d/archive_3/c1ce78ac-7210-45cc-9548-b632389bdf35.pt,15393.0,23484.00390625,32375.0,40071.7421875,0.0,0.0,13.5,17.586580276489258,3731455.0,1358311.5,3731456.0,850772.4375
test,2004,conv2d,conv2d/archive_4/17baa5f9-fa5f-42ac-a377-9bcaaa336950.pt,30312.0,36320.703125,54386.0,62939.546875,1.0,3.3281986713409424,27.5,29.99698257446289,5959501.0,5618671.0,5959502.0,3294951.0
test,2005,conv2d,conv2d/archive_4/30cb88ae-98c8-464e-a664-6e3082f34722.pt,24870.0,37138.59765625,54470.0,61159.59375,2.0,4.071319103240967,26.0,25.791763305664062,949417.0,3386193.5,949412.0,1950767.875
test,2006,conv2d,conv2d/archive_4/38f47c2b-0eb1-45b2-bc5b-2838a5b7e752.pt,10442.0,17725.685546875,22578.0,28600.05859375,0.0,0.0,6.5,8.534869194030762,521551.0,571424.8125,521552.0,433937.28125
test,2017,conv2d,conv2d/archive_4/c0d17dad-4957-4bc3-89d2-0d422c6be1e4.pt,24617.0,28807.06640625,55067.0,47529.09375,2.0,3.103226661682129,17.5,24.92464828491211,1311313.0,3165277.0,1311314.0,2532175.5
test,2145,dense_latency,dense_latency/archive_1/141cccfe-4a6b-4af0-891c-de5382802c9d.pt,112883.0,41090.7578125,22675.0,8760.0966796875,0.0,0.0,0.0,0.0,22.0,14.480698585510254,1.0,0.41614726185798645
test,2146,dense_latency,dense_latency/archive_1/14962ede-dafe-4294-b6e2-7e1f48c5e6f6.pt,109697.0,100239.875,22385.0,23389.58984375,0.0,0.0,0.0,0.0,13.0,18.380876541137695,3.0,2.391817569732666
test,2147,dense_latency,dense_latency/archive_1/153c06a9-71c3-493e-a71b-5e9adf9f50f8.pt,177770.0,148935.859375,37525.0,38250.24609375,0.0,0.0,0.0,0.0,27.0,25.748260498046875,3.0,2.973729133605957
test,2150,dense_latency,dense_latency/archive_1/16fff3d4-afd3-4400-abf5-b01c877da50d.pt,103870.0,98731.25,31562.0,25802.34375,6425.0,5959.9921875,0.0,0.0,17.0,16.088342666625977,1.0,0.756687343120575
test,2157,dense_latency,dense_latency/archive_1/4325e22a-7bf5-466c-8183-1e5d2d85e4ae.pt,100986.0,67582.5859375,21215.0,15833.8369140625,0.0,0.0,0.0,0.0,18.0,19.885414123535156,2.0,2.33418869972229
test,2172,dense_latency,dense_latency/archive_1/71fd7aec-e295-42eb-aadc-bccd0fd8383b.pt,267886.0,258226.8125,245003.0,215386.96875,370.0,225.32656860351562,0.0,0.0,500.0,496.65618896484375,63.0,77.7059555053711
test,2176,dense_latency,dense_latency/archive_1/777e4ee2-ce18-47a2-9f62-0061ca24e3b7.pt,213557.0,137802.078125,45661.0,34661.609375,689.0,2217.30615234375,0.0,0.0,20.0,18.047687530517578,1.0,0.8505480885505676
test,2183,dense_latency,dense_latency/archive_1/8dac354c-4a68-4c4d-b0db-d4889b5e797c.pt,217582.0,221823.5,180265.0,157734.921875,459.0,360.9583435058594,0.0,0.0,254.0,214.580810546875,32.0,35.84947204589844
test,2188,dense_latency,dense_latency/archive_1/be152b4e-03af-4473-87e2-1b4a380b94a5.pt,153510.0,120547.8125,33273.0,29517.12890625,0.0,0.0,0.0,0.0,27.0,25.261138916015625,2.0,3.087869167327881
test,2219,dense_latency,dense_latency/archive_2/2c0510c5-5826-40a9-99e6-6a83ff6a2b93.pt,72930.0,120802.3828125,66907.0,96245.09375,143.0,130.12937927246094,0.0,0.0,386.0,287.69671630859375,86.0,54.89210891723633
test,2226,dense_latency,dense_latency/archive_2/4c56e491-5605-4a08-a69e-aa4297e5ae17.pt,186063.0,233613.21875,110859.0,125845.1015625,144.0,497.16900634765625,0.0,0.0,88.0,103.11990356445312,19.0,19.329538345336914
test,2229,dense_latency,dense_latency/archive_2/5d272459-e54d-401d-81a7-4c40ae6a5ae6.pt,22371.0,42898.171875,16349.0,23600.12890625,29.0,126.21621704101562,0.0,0.0,146.0,108.15595245361328,37.0,22.789743423461914
test,2232,dense_latency,dense_latency/archive_2/60018a21-6d18-457e-8937-4e402e92ca11.pt,62733.0,74221.0859375,44569.0,49957.828125,43.0,116.0176010131836,0.0,0.0,193.0,201.3385467529297,51.0,44.12792205810547
test,2243,dense_latency,dense_latency/archive_2/82d609f5-d822-4d65-b482-9c6a6e0f4b7f.pt,43594.0,39845.37890625,9183.0,8489.5009765625,0.0,0.0,0.0,0.0,19.0,14.714207649230957,1.0,0.522006630897522
test,2248,dense_latency,dense_latency/archive_2/93838855-384c-451a-889d-c28d7768640f.pt,586060.0,432026.25,524745.0,351002.96875,386.0,434.1007995605469,0.0,0.0,258.0,281.13250732421875,64.0,49.94413375854492
test,2253,dense_latency,dense_latency/archive_2/acc3fdac-8d42-4caf-9aba-9b03d8ad4ce6.pt,111297.0,53931.25390625,22200.0,11245.005859375,0.0,0.0,0.0,0.0,21.0,14.66123104095459,1.0,0.627985417842865
test,2254,dense_latency,dense_latency/archive_2/b24ba935-f69e-4cba-b055-bb345ac6b627.pt,122279.0,84066.2734375,27201.0,16805.416015625,0.0,0.0,0.0,0.0,26.0,16.710004806518555,1.0,0.6359891295433044
test,2258,dense_latency,dense_latency/archive_2/c441e13c-e695-43ab-8b0e-e9fae1382054.pt,70364.0,86991.90625,14616.0,17950.21484375,0.0,0.0,0.0,0.0,14.0,15.718611717224121,1.0,0.7373360395431519
test,2273,dense_latency,dense_latency/archive_2/f6dadb65-282a-45bd-bd8c-1b4e077d5799.pt,86391.0,66070.046875,18560.0,13524.279296875,0.0,0.0,0.0,0.0,21.0,14.518671989440918,1.0,0.6887807846069336
test,2278,dense_latency,dense_latency/archive_2/fb7184e1-5b3f-4d28-a759-e64bfba6ab9f.pt,117787.0,129831.5859375,76082.0,74652.484375,52.0,131.8543701171875,0.0,0.0,141.0,143.83213806152344,36.0,25.58448028564453
test,2281,dense_latency,dense_latency/archive_3/0bacae1a-1069-4078-b41c-3c240faa19d9.pt,227802.0,171240.953125,154669.0,110953.203125,75.0,125.60440826416016,0.0,0.0,376.0,355.4386291503906,49.0,48.56698989868164
test,2289,dense_latency,dense_latency/archive_3/2fde3c76-08ff-4f41-ad59-937cb139cfc7.pt,309662.0,269679.5625,278114.0,192069.53125,573.0,393.31683349609375,0.0,0.0,256.0,216.77676391601562,32.0,36.1684455871582
test,2291,dense_latency,dense_latency/archive_3/30a09565-a681-4419-875f-f4fcc35ed53c.pt,276878.0,238761.015625,146553.0,121470.1171875,518.0,394.9322509765625,0.0,0.0,128.0,116.5932846069336,19.0,20.001483917236328
test,2295,dense_latency,dense_latency/archive_3/37f43986-008b-4880-8250-0031eefdb6ce.pt,73141.0,58603.6328125,20756.0,17038.78515625,4779.0,3181.55078125,0.0,0.0,10.0,11.975440979003906,1.0,0.822813868522644
test,2301,dense_latency,dense_latency/archive_3/4b863955-16a3-4e20-af4d-158f5a57b81e.pt,76133.0,47580.4296875,14215.0,9937.431640625,0.0,0.0,0.0,0.0,18.0,15.017863273620605,1.0,0.48994094133377075
test,2322,dense_latency,dense_latency/archive_3/97e59d64-5e19-4320-b05f-b606732d96d2.pt,519250.0,421431.96875,487589.0,344420.125,368.0,374.34405517578125,0.0,0.0,387.0,373.91656494140625,64.0,61.7648811340332
test,2324,dense_latency,dense_latency/archive_3/9bdde29f-91ec-4b64-9214-5466930df099.pt,242184.0,226807.96875,222418.0,165795.515625,417.0,320.867919921875,0.0,0.0,255.0,232.75302124023438,32.0,38.355316162109375
test,2335,dense_latency,dense_latency/archive_3/be08fd22-d477-4e83-93ea-abdffe96c4bd.pt,240326.0,208984.671875,217967.0,184748.78125,274.0,155.09654235839844,0.0,0.0,592.0,555.9375,94.0,92.07417297363281
test,2338,dense_latency,dense_latency/archive_3/c58ce5f8-2396-45d7-b9df-a546fd57b27f.pt,192880.0,187579.25,113651.0,97339.5078125,420.0,298.16448974609375,0.0,0.0,149.0,136.60377502441406,20.0,21.89975357055664
test,2343,dense_latency,dense_latency/archive_3/dffb4c84-2e37-4632-a8cd-760033084e1e.pt,287860.0,205148.046875,264775.0,185416.5,256.0,143.38613891601562,0.0,0.0,530.0,516.5136108398438,93.0,89.07372283935547
test,2348,dense_latency,dense_latency/archive_3/ed197369-8970-412b-bddc-1f630cd23fa3.pt,97265.0,112598.953125,61982.0,66447.796875,63.0,112.12745666503906,0.0,0.0,136.0,141.6968536376953,35.0,26.787569046020508
test,2355,dense_latency,dense_latency/archive_4/04b281e9-3408-4487-aa3c-47d9d20aac11.pt,73949.0,81342.21875,9012.0,22269.51171875,5834.0,3949.924560546875,0.0,0.0,14.0,14.214298248291016,1.0,0.9231730103492737
test,2356,dense_latency,dense_latency/archive_4/0a998bec-4ace-4de2-8334-1a54bd946445.pt,169329.0,109265.9375,50860.0,25807.291015625,11143.0,6618.5771484375,0.0,0.0,16.0,13.678211212158203,1.0,0.7468899488449097
test,2357,dense_latency,dense_latency/archive_4/0d969b0d-b59f-4d6b-91f1-bd0769614276.pt,364226.0,348143.25,316803.0,242204.3125,630.0,541.4898071289062,0.0,0.0,229.0,190.41505432128906,32.0,33.732093811035156
test,2359,dense_latency,dense_latency/archive_4/11b91499-1fc2-4c8c-976c-8f3702039b90.pt,208587.0,156560.546875,44745.0,37968.4296875,698.0,2101.478515625,0.0,0.0,20.0,17.182199478149414,1.0,0.8912969827651978
test,2362,dense_latency,dense_latency/archive_4/153109f7-21cf-4526-92c2-d966688b0219.pt,88848.0,89227.546875,84647.0,66033.390625,278.0,218.22686767578125,0.0,0.0,189.0,187.15921020507812,32.0,35.217525482177734
test,2376,dense_latency,dense_latency/archive_4/51c3a472-2330-4e9b-b409-1d85f05b5641.pt,274352.0,207459.40625,228556.0,156777.953125,562.0,278.2239990234375,0.0,0.0,222.0,212.02859497070312,32.0,38.944374084472656
test,2386,dense_latency,dense_latency/archive_4/67063dbe-cfdc-41bb-803a-261839437630.pt,238065.0,175675.375,216738.0,159334.65625,174.0,121.72991180419922,0.0,0.0,450.0,457.0860595703125,94.0,81.00554656982422
test,2401,dense_latency,dense_latency/archive_4/a3238af5-b80b-474b-88e0-02f68a61affa.pt,174120.0,152434.21875,122440.0,94459.3515625,54.0,111.93930053710938,0.0,0.0,370.0,332.7656555175781,50.0,46.117305755615234
test,2416,dense_latency,dense_latency/archive_4/d4fd6441-4e9c-4adf-a1a1-71018c2543d5.pt,297716.0,268399.0,243147.0,199821.921875,553.0,347.42205810546875,0.0,0.0,223.0,212.18162536621094,32.0,34.925628662109375
test,2420,dense_latency,dense_latency/archive_4/de113925-04dd-418f-9f74-7df76d9fd168.pt,206374.0,194717.984375,141637.0,111130.265625,21.0,175.97824096679688,0.0,0.0,165.0,163.97972106933594,34.0,26.3839168548584
test,2429,dense_latency,dense_latency/archive_4/f85832e2-da29-4084-8559-996e703857fa.pt,177116.0,133900.9375,118583.0,89060.15625,136.0,100.38306427001953,0.0,0.0,241.0,270.9443664550781,50.0,44.23494338989258
test,2690,dense_resource,dense_resource/archive_1/024063f6-75d8-4f1a-8bb9-ae3c65538458.pt,103948.0,108600.234375,145619.0,121515.421875,104.0,97.65303039550781,29.0,25.254478454589844,3914.0,4362.13916015625,512.0,590.3390502929688
test,2695,dense_resource,dense_resource/archive_1/17383848-f5b7-4a30-aa15-3950fdea85a0.pt,34095.0,48872.62890625,51356.0,52696.03515625,0.0,0.0,5.5,7.492059707641602,2751.0,2579.96923828125,512.0,448.3421936035156
test,2703,dense_resource,dense_resource/archive_1/38a5f100-6115-4692-a253-645686ee9f39.pt,40577.0,61009.00390625,54244.0,82868.921875,0.0,0.0,9.0,9.998367309570312,5528.0,5904.083984375,1024.0,928.9268188476562
test,2715,dense_resource,dense_resource/archive_1/60a8d365-6cf8-4bab-936d-c14405792b5b.pt,35066.0,54839.0546875,50321.0,59486.1171875,0.0,0.0,6.5,8.76979923248291,2363.0,2730.789306640625,512.0,461.9170837402344
test,2722,dense_resource,dense_resource/archive_1/85dd97fc-ca2c-4743-9090-d348dc5566ea.pt,58904.0,73504.6953125,90976.0,82163.8984375,42.0,32.387962341308594,12.0,15.244750022888184,3669.0,3788.98388671875,512.0,574.4542846679688
test,2723,dense_resource,dense_resource/archive_1/899d2a0e-ebfa-4fa4-be42-7ab12ff6eb74.pt,54346.0,67259.6796875,70843.0,75343.3359375,40.0,40.773887634277344,12.0,14.277917861938477,2068.0,2973.653564453125,512.0,642.413330078125
test,2734,dense_resource,dense_resource/archive_1/b1bebdb4-d6ea-47bd-b1eb-1add0957e49b.pt,86375.0,104673.90625,126173.0,121846.9609375,87.0,87.26611328125,25.5,25.681053161621094,4365.0,4815.2119140625,512.0,664.3243408203125
test,2738,dense_resource,dense_resource/archive_1/d64a96c8-6d04-455d-b566-19cc61698d68.pt,420683.0,333555.46875,139213.0,111158.25,0.0,0.0,0.0,0.0,501.0,214.11102294921875,128.0,68.95243835449219
test,2742,dense_resource,dense_resource/archive_1/f07f2efc-9719-475a-a03f-9af73e585bf3.pt,75244.0,81693.0625,107785.0,114372.25,12.0,17.002443313598633,15.0,16.83153533935547,8234.0,6843.64306640625,1024.0,949.2568969726562
test,2746,dense_resource,dense_resource/archive_1/f8404942-926e-4a43-b971-da3cc743f93c.pt,41261.0,52713.17578125,54943.0,61725.05078125,0.0,0.0,7.5,8.338913917541504,3816.0,3535.462646484375,512.0,600.6115112304688
test,2753,dense_resource,dense_resource/archive_2/18e8fab5-f8a9-4b28-a114-4d07a18cc111.pt,53006.0,54147.76171875,67004.0,69645.25,9.0,10.305341720581055,8.5,10.302366256713867,6450.0,5515.3349609375,1024.0,932.6773071289062
test,2755,dense_resource,dense_resource/archive_2/1c0c0221-5387-4390-beb1-0644a677d57d.pt,90684.0,83890.3984375,120364.0,120604.5,42.0,28.472936630249023,24.5,20.72174072265625,7271.0,7131.8291015625,1024.0,1016.3381958007812
test,2757,dense_resource,dense_resource/archive_2/21428f86-33ad-4ebc-9ab1-748f2da43d6c.pt,70125.0,80007.8984375,85317.0,88763.96875,38.0,39.598846435546875,14.5,17.418153762817383,3654.0,3771.4189453125,512.0,565.8993530273438
test,2762,dense_resource,dense_resource/archive_2/37bd87b0-722b-4e60-95a5-ae6c7c6a0a62.pt,80825.0,81211.53125,100842.0,110202.984375,35.0,32.950904846191406,20.5,19.917037963867188,6277.0,5785.19384765625,1024.0,950.3513793945312
test,2772,dense_resource,dense_resource/archive_2/5d2e4e5c-5f78-4492-8f17-dbfed9427da4.pt,43953.0,71015.234375,69475.0,81538.40625,32.0,28.07392120361328,10.0,14.672660827636719,3750.0,4004.46484375,512.0,629.4395751953125
test,2775,dense_resource,dense_resource/archive_2/6e883452-6f28-4f3a-9f8d-693148e4c98d.pt,34177.0,47177.0234375,46479.0,50699.8671875,16.0,18.910831451416016,6.5,9.315825462341309,2101.0,2556.985595703125,512.0,563.0205078125
test,2776,dense_resource,dense_resource/archive_2/786039fd-67cd-4fe8-a285-36ea1bb82d69.pt,111270.0,102263.75,153280.0,143413.34375,58.0,43.981468200683594,33.0,26.607990264892578,8384.0,7179.6669921875,1024.0,937.5364990234375
test,2782,dense_resource,dense_resource/archive_2/a6bf8d29-0790-4d99-97d9-5afdf002c539.pt,984490.0,412915.90625,343271.0,126242.015625,7645.0,6375.49658203125,0.0,0.0,66.0,114.95635986328125,9.0,11.59179973602295
test,2783,dense_resource,dense_resource/archive_2/ab8387a8-0cf4-4735-91a0-7e27b1fed41e.pt,45045.0,57944.18359375,61660.0,60778.21875,0.0,0.0,7.5,9.404926300048828,2846.0,2539.109375,512.0,386.690185546875
test,2808,dense_resource,dense_resource/archive_3/2f5641cb-d4e0-45a9-bfa0-a0a97046853c.pt,66353.0,77629.6015625,97734.0,106658.8671875,20.0,16.85266876220703,13.5,15.977022171020508,6821.0,6336.39990234375,1024.0,952.6759033203125
test,2810,dense_resource,dense_resource/archive_3/385a8c22-24c6-4606-a155-4160d1611390.pt,158256.0,118720.7578125,47310.0,36483.17578125,0.0,0.0,0.0,0.0,103.0,92.35882568359375,64.0,46.67866516113281
test,2816,dense_resource,dense_resource/archive_3/51797543-2176-45df-b553-44507e9154e5.pt,76034.0,71599.734375,108032.0,101014.3125,0.0,0.0,12.5,12.27544116973877,8301.0,7160.9345703125,1024.0,994.8136596679688
test,2822,dense_resource,dense_resource/archive_3/61e28d4b-b78d-476f-8d9a-e9fae47fa50b.pt,53970.0,57392.23046875,66340.0,67452.7734375,21.0,23.78969383239746,8.5,12.438591003417969,2866.0,3871.046630859375,512.0,798.6922607421875
test,2840,dense_resource,dense_resource/archive_3/d41b3e62-73a5-4cda-a6a6-470b5ecfa30c.pt,71511.0,61691.15234375,75802.0,81874.953125,12.0,17.23172378540039,9.0,13.665898323059082,6506.0,6383.82080078125,1024.0,1053.1099853515625
test,2842,dense_resource,dense_resource/archive_3/d57f6e5b-bbbb-4c8a-8668-914a8593cb6c.pt,199259.0,233319.3125,72109.0,74332.65625,0.0,0.0,0.0,0.0,20.0,120.54312133789062,4.0,55.70626449584961
test,2849,dense_resource,dense_resource/archive_3/fe635281-5550-4f0e-bab9-b58a6c373e51.pt,109349.0,111954.03125,151767.0,128789.53125,114.0,97.4022445678711,31.5,27.020952224731445,4529.0,4864.669921875,512.0,625.971923828125
test,2863,dense_resource,dense_resource/archive_4/567a8d26-0155-4b47-989b-f79ccf3b90d3.pt,98427.0,92123.109375,130369.0,98813.390625,32.0,51.69523239135742,22.5,19.53809356689453,3815.0,3612.24609375,512.0,451.4953918457031
test,2864,dense_resource,dense_resource/archive_4/56cc1f67-c320-4bc6-aa2c-46f204e6f844.pt,26667.0,35364.18359375,31122.0,40083.78125,7.0,9.532881736755371,4.0,6.816845417022705,1832.0,2947.66845703125,512.0,877.85693359375
test,2865,dense_resource,dense_resource/archive_4/580d5717-9254-47b5-a5b2-1b20f3063ab2.pt,221049.0,114076.828125,56419.0,34003.265625,0.0,0.0,0.0,0.0,19.0,55.73672103881836,4.0,6.985707759857178
test,2867,dense_resource,dense_resource/archive_4/6432e28b-6416-4a6d-8588-5c6cd9a0b3b1.pt,40865.0,41337.515625,60576.0,49023.36328125,4.0,8.260336875915527,8.0,7.651598930358887,4313.0,3849.732421875,1024.0,888.9907836914062
test,2876,dense_resource,dense_resource/archive_4/8847bc5b-b8ef-48a5-a413-2c32dbd9d557.pt,40989.0,53476.80859375,61990.0,61556.56640625,0.0,0.0,8.0,8.560822486877441,3771.0,3418.550048828125,512.0,554.1755981445312
test,2878,dense_resource,dense_resource/archive_4/8ed3a393-67d9-418c-9d77-d791921c2de2.pt,180570.0,207982.0,60744.0,67694.5078125,0.0,0.0,0.0,0.0,183.0,122.294189453125,128.0,58.88067626953125
test,2881,dense_resource,dense_resource/archive_4/946a2ebc-84bd-444f-9fee-b1b8f8cd5205.pt,249177.0,303663.34375,98249.0,103688.609375,3239.0,2663.61669921875,0.0,0.0,35.0,142.77853393554688,7.0,48.60517501831055
test,2892,dense_resource,dense_resource/archive_4/e8a8bf8c-1088-4653-98e9-edff69288279.pt,41095.0,48313.6953125,55343.0,58426.453125,0.0,0.0,7.5,7.343305587768555,3815.0,4391.2216796875,1024.0,889.4080810546875
test,3109,rule4ml,rule4ml/archive_1/0ed991e0a4e25ed19987f0cc9210b426.pt,21778.0,29102.537109375,24051.0,19881.3515625,0.0,0.0,19.0,23.270883560180664,1462.0,554.593505859375,64.0,34.7158203125
test,3122,rule4ml,rule4ml/archive_1/2b8cd655c4b32c156ea3a3f4d0ebf158.pt,1339.0,93.07543182373047,429.0,2.9177803993225098,0.0,0.0,8.0,4.815239906311035,82.0,360.9359130859375,2.0,2.833461284637451
test,3123,rule4ml,rule4ml/archive_1/2ed023f9ef036f1cf6698c523844b9e5.pt,41321.0,41199.765625,1665.0,9674.79296875,16.0,29.44049644470215,66.5,9.099141120910645,156.0,230.95375061035156,2.0,4.543713569641113
test,3125,rule4ml,rule4ml/archive_1/3219ffd8661622e8c83c7ceec7993204.pt,19634.0,82242.921875,2173.0,30540.28515625,0.0,0.0,0.0,0.0,1246.0,326.51300048828125,1.0,14.720566749572754
test,3126,rule4ml,rule4ml/archive_1/36781015570b9033a4256c6751954dfa.pt,13186.0,52742.44140625,1261.0,11632.5732421875,36.0,45.47474670410156,18.0,33.05516815185547,568.0,400.51177978515625,2.0,6.0098490715026855
test,3132,rule4ml,rule4ml/archive_1/466d99f5bafd16bc2656bb493e26d3a3.pt,63269.0,49229.3203125,20395.0,29329.009765625,128.0,192.05198669433594,13.0,26.104604721069336,309.0,451.9703369140625,5.0,16.881921768188477
test,3145,rule4ml,rule4ml/archive_1/72287c9cac676de50d6937c1591c013c.pt,90974.0,3983.75732421875,43278.0,4777.30810546875,220.0,54.51641845703125,6.0,0.0,1175.0,279.6224365234375,393.0,31.8095703125
test,3159,rule4ml,rule4ml/archive_1/9f4aa5283477144a0d0cf869e8d72889.pt,357796.0,131247.8125,106967.0,63434.0390625,220.0,1192.0821533203125,20.0,0.0,1278.0,237.58570861816406,322.0,18.22671890258789
test,3160,rule4ml,rule4ml/archive_1/9f747c2c9350eb5ee9df92af5c71cab0.pt,8847.0,7287.0302734375,6104.0,3263.532470703125,173.0,122.92982482910156,43.5,20.232547760009766,1087.0,514.006591796875,2.0,3.7439041137695312
test,3180,rule4ml,rule4ml/archive_1/d5a14627ffa5ac99e92e5015fd44796d.pt,134204.0,77795.984375,14212.0,13956.6923828125,90.0,54.96125793457031,29.5,35.79082489013672,1111.0,415.80303955078125,6.0,7.939432621002197
test,3189,rule4ml,rule4ml/archive_1/dd45999e8410dbd0e67c40f31cd5955a.pt,100450.0,118596.0546875,80302.0,66251.0703125,2096.0,1036.9169921875,44.5,29.58970832824707,657.0,418.7901306152344,4.0,9.517311096191406
test,3194,rule4ml,rule4ml/archive_1/e76bf57773bcf57b1f19da562e9ff10b.pt,9451.0,16171.671875,7408.0,16018.552734375,32.0,222.6841278076172,26.0,31.60784339904785,283.0,654.2618408203125,8.0,29.129304885864258
test,3196,rule4ml,rule4ml/archive_1/ecf7f5a60f0ef8948e0f8b3c91eab2f1.pt,28241.0,19135.724609375,26303.0,22404.89453125,292.0,143.75233459472656,72.5,73.09014892578125,1596.0,1157.98974609375,128.0,68.5379638671875
test,3197,rule4ml,rule4ml/archive_1/ed8331280ac6ef5ef8886e15cb23dbff.pt,9909.0,9657.2119140625,10886.0,9102.646484375,256.0,218.55096435546875,13.0,21.967987060546875,1735.0,1451.8125,128.0,123.38906860351562
test,3199,rule4ml,rule4ml/archive_1/eea79f2ee33e9eba8e086cce0a1f286d.pt,18418.0,6322.95458984375,17414.0,5422.0439453125,0.0,0.0,54.5,20.624526977539062,800.0,647.6767578125,8.0,14.570751190185547
test,3205,rule4ml,rule4ml/archive_2/040d56cdc4fbbcd7e59884b75505e1fc.pt,1239.0,1649.06396484375,24.0,304.1639099121094,0.0,0.0,8.0,11.132265090942383,138.0,233.38699340820312,1.0,3.1258835792541504
test,3206,rule4ml,rule4ml/archive_2/09b08d4078369169809eed465eb3200c.pt,51844.0,46484.90234375,33858.0,964.9552001953125,0.0,0.0,124.5,33.22128677368164,1073.0,325.8130187988281,1.0,1.4920685291290283
test,3217,rule4ml,rule4ml/archive_2/280f5b70344e92009ae9811b3736dc68.pt,25096.0,27420.53125,10888.0,15225.529296875,0.0,0.0,0.0,0.0,92.0,466.81890869140625,8.0,6.111894130706787
test,3228,rule4ml,rule4ml/archive_2/4fa4f84dcdbc74a4dcea9c798e981f13.pt,44740.0,51763.1484375,23137.0,12095.990234375,41.0,68.19459533691406,0.0,0.0,712.0,523.5678100585938,44.0,16.634845733642578
test,3236,rule4ml,rule4ml/archive_2/70099d4a3ee6ba6d3c7ed191ef4e5070.pt,8279.0,6144.00830078125,7183.0,6272.9453125,63.0,78.94196319580078,4.0,7.177334785461426,120.0,407.83099365234375,32.0,20.74384307861328
test,3239,rule4ml,rule4ml/archive_2/777dabde721419f1eee884b2e6da3d01.pt,55929.0,18879.201171875,38806.0,18196.4921875,220.0,269.66607666015625,84.0,63.564334869384766,1040.0,963.71923828125,125.0,48.075767517089844
test,3240,rule4ml,rule4ml/archive_2/779ddffa7b579aa1f0c7ecba6016a160.pt,1100.0,2229.457275390625,10.0,2012.3531494140625,4.0,18.315427780151367,0.0,1.034650206565857,602.0,120.89217376708984,1.0,2.693004608154297
test,3251,rule4ml,rule4ml/archive_2/90af6814f2d9e83b1dfadf3f34e10b66.pt,33707.0,12690.4375,1142.0,474.88690185546875,0.0,0.0,32.0,4.380753993988037,154.0,269.23455810546875,1.0,5.040957450866699
test,3263,rule4ml,rule4ml/archive_2/a9c2f691ad83bc53dd4d8fbabf4dbf59.pt,112594.0,119468.328125,4971.0,27276.400390625,48.0,111.88147735595703,137.0,92.51164245605469,687.0,405.1292419433594,2.0,11.388961791992188
test,3270,rule4ml,rule4ml/archive_2/bd5548e90a3ec8de981c3cb0530b5ae2.pt,49710.0,50930.05859375,6365.0,15799.8046875,64.0,48.811222076416016,23.0,28.062318801879883,1105.0,342.03875732421875,9.0,10.663949966430664
test,3278,rule4ml,rule4ml/archive_2/cf911e52ca87a152ab213ee3d7dbf414.pt,29649.0,56063.84375,20231.0,28540.90234375,0.0,0.0,10.0,31.888837814331055,840.0,625.5809936523438,16.0,15.589258193969727
test,3290,rule4ml,rule4ml/archive_2/e296617420c88f3d2005154d29a1581f.pt,121120.0,131637.78125,112352.0,71049.7890625,220.0,137.97760009765625,76.5,83.0174560546875,959.0,772.820556640625,156.0,22.767921447753906
test,3311,rule4ml,rule4ml/archive_3/1d3ae7f2b1959ad4ceb82066b34e4843.pt,7043.0,4473.41015625,4873.0,1437.81884765625,32.0,168.21148681640625,123.5,30.944355010986328,120.0,500.737060546875,1.0,2.1600942611694336
test,3312,rule4ml,rule4ml/archive_3/1edc30fd6622623a89f5fda4dd11ebfe.pt,42776.0,43503.31640625,45742.0,30766.6171875,181.0,150.5410919189453,83.0,19.00455093383789,412.0,586.9095458984375,40.0,24.460622787475586
test,3321,rule4ml,rule4ml/archive_3/2d3bf7dd79e86541e033b67df6595805.pt,94256.0,60349.2421875,38429.0,25150.103515625,149.0,91.68509674072266,28.5,10.263526916503906,671.0,666.3095092773438,28.0,5.818458557128906
test,3332,rule4ml,rule4ml/archive_3/42ab144f01d57a39720e483cccd70f8d.pt,178655.0,186042.46875,173033.0,46660.2578125,5888.0,577.2141723632812,236.0,40.24095916748047,223.0,328.72149658203125,2.0,2.9363694190979004
test,3344,rule4ml,rule4ml/archive_3/58e6e657e9b7e1346033523402c72911.pt,303018.0,106104.6171875,181273.0,53120.7421875,220.0,908.3229370117188,197.0,41.86054611206055,685.0,522.5025634765625,8.0,15.871723175048828
test,3349,rule4ml,rule4ml/archive_3/6525c522aac153d069b607fb979a4c05.pt,37764.0,44548.45703125,17075.0,18996.47265625,154.0,67.49311065673828,41.5,20.87081527709961,439.0,500.90289306640625,6.0,12.708152770996094
test,3376,rule4ml,rule4ml/archive_3/b25d65de11147148214c45b4adfbffca.pt,2125.0,3629.6376953125,55.0,799.1575927734375,8.0,129.7224578857422,46.0,16.78127098083496,867.0,352.07891845703125,1.0,1.1581242084503174
test,3379,rule4ml,rule4ml/archive_3/c0c9a93cbe3ceaad1612986eda38288b.pt,6740.0,35499.5859375,67.0,694.2791748046875,0.0,0.0,4.0,17.672849655151367,72.0,328.9139709472656,1.0,1.5407633781433105
test,3380,rule4ml,rule4ml/archive_3/c3b6b3ceb8f5084c79c0dfecdf95e041.pt,609385.0,269688.8125,170932.0,80676.953125,220.0,483.140869140625,142.0,42.0213737487793,116.0,320.0126647949219,6.0,7.010619640350342
test,3388,rule4ml,rule4ml/archive_3/d0a0795f687d44bf562f687304ee9bb1.pt,2116.0,591.2979736328125,3.0,17.2955379486084,0.0,0.0,80.5,13.713396072387695,217.0,809.1322021484375,1.0,3.117124319076538
test,3394,rule4ml,rule4ml/archive_3/e3e96daf1f06a53589fa0df43cec0034.pt,33832.0,9689.734375,12616.0,8068.49951171875,220.0,251.57066345214844,13.0,28.375732421875,229.0,981.962158203125,3.0,26.5255126953125
test,3396,rule4ml,rule4ml/archive_3/ee14146f314d7dc7058f6318e3dd7b3a.pt,38147.0,53186.5390625,2522.0,8848.9765625,32.0,24.1519775390625,5.5,22.50201988220215,57.0,341.2236633300781,2.0,4.336599349975586
test,3397,rule4ml,rule4ml/archive_3/f163c6412ca9e14b905b6aade7c33ceb.pt,76275.0,43447.17578125,47637.0,22685.8125,0.0,0.0,25.0,29.49686050415039,907.0,473.9519958496094,16.0,12.66942310333252
test,3409,rule4ml,rule4ml/archive_4/0a928a232e0c7455fd8115576b1ff71f.pt,86939.0,53247.0859375,88195.0,39025.96484375,220.0,96.50968933105469,17.5,24.232641220092773,1089.0,763.3837890625,156.0,39.47300338745117
test,3410,rule4ml,rule4ml/archive_4/0c8fe5455f887526a92964feef5e6035.pt,24631.0,36133.75390625,127.0,1277.5543212890625,0.0,0.0,78.0,45.50307846069336,528.0,297.2452087402344,1.0,1.2685024738311768
test,3420,rule4ml,rule4ml/archive_4/2d3c0b81cc618c0a89cb7a55d96c0ba2.pt,49561.0,59624.9296875,19292.0,39434.0703125,90.0,196.68785095214844,5.5,11.615352630615234,267.0,602.3890380859375,28.0,58.1340446472168
test,3433,rule4ml,rule4ml/archive_4/4ec861dcf23df55a2f7c7e79c4773fa9.pt,3170.0,1948.408203125,409.0,384.758544921875,98.0,93.25,31.5,7.099564075469971,104.0,528.7734375,1.0,2.7633438110351562
test,3434,rule4ml,rule4ml/archive_4/549a539a2b801c875a1b52bfbc61667f.pt,57595.0,41482.57421875,50079.0,27044.025390625,220.0,244.0238800048828,57.0,19.489620208740234,824.0,552.3907470703125,32.0,17.71878433227539
test,3445,rule4ml,rule4ml/archive_4/69665507dcb361898217e89a5528c662.pt,36552.0,57006.125,17630.0,16264.10546875,256.0,393.6277770996094,28.0,24.165390014648438,112.0,245.31996154785156,7.0,2.8126773834228516
test,3447,rule4ml,rule4ml/archive_4/704aa9e24c7cd1c104e3fe1bd971bb31.pt,53176.0,104911.265625,53538.0,10641.052734375,220.0,79.41512298583984,19.5,69.88777160644531,868.0,421.3915710449219,131.0,3.9481053352355957
test,3454,rule4ml,rule4ml/archive_4/9008b2aa570b34cdab27419a5e85a359.pt,29680.0,34480.4375,48758.0,27192.8671875,256.0,77.24419403076172,17.5,30.2756290435791,1472.0,780.7860107421875,156.0,65.88899230957031
test,3466,rule4ml,rule4ml/archive_4/ae4da2ac435e552272b954dd29f211e4.pt,214833.0,214578.15625,136561.0,113086.7734375,528.0,232.02487182617188,120.0,146.51007080078125,1795.0,780.358154296875,156.0,18.0483455657959
test,3470,rule4ml,rule4ml/archive_4/b2b008a9c8861976b3750110cd50a594.pt,17873.0,3344.2998046875,14888.0,7486.76953125,12.0,50.64849853515625,130.5,58.56269454956055,456.0,1437.768798828125,4.0,39.591957092285156
test,3474,rule4ml,rule4ml/archive_4/be03d0b434a436aa7aba918057418f50.pt,65515.0,244387.203125,2200.0,92241.359375,2639.0,251.55368041992188,20.0,41.36331558227539,1061.0,346.5545654296875,2.0,8.728727340698242
test,3476,rule4ml,rule4ml/archive_4/c10e1255882a9a2d67ceb1dc447a54fb.pt,2341.0,1441.2259521484375,2331.0,1571.5625,0.0,0.0,2.5,4.514348030090332,393.0,427.8414001464844,64.0,51.44062042236328
test,3481,rule4ml,rule4ml/archive_4/da97998944a51cc8d03dd3db6405e6c8.pt,112.0,132.92037963867188,49.0,2.681691884994507,0.0,0.0,4.5,16.416990280151367,1035.0,1190.6817626953125,2.0,4.367612361907959
test,3482,rule4ml,rule4ml/archive_4/db5d645b590bdff4dedbf71eee68706a.pt,643280.0,229015.84375,102182.0,108736.609375,2520.0,1632.20751953125,46.0,74.20997619628906,633.0,505.8742370605469,2.0,8.733033180236816
test,3484,rule4ml,rule4ml/archive_4/de75123bb8bf43bfd70ca187aafbb6d6.pt,57882.0,90647.9921875,35558.0,10257.185546875,260.0,51.453426361083984,115.5,68.82743835449219,751.0,471.4078063964844,131.0,5.721027374267578
test,3485,rule4ml,rule4ml/archive_4/e254c796096e6846cc76ec457da6dfa9.pt,35295.0,67396.3203125,18189.0,8226.259765625,4.0,46.87309265136719,77.5,42.920284271240234,533.0,400.0630798339844,4.0,3.940558433532715
test,3491,rule4ml,rule4ml/archive_4/e903f30418f06f8b706b12a8ec5de0d8.pt,28519.0,35311.00390625,13410.0,7377.1318359375,112.0,24.106306076049805,36.5,13.092759132385254,166.0,364.7860412597656,7.0,5.550547122955322
test,3498,rule4ml,rule4ml/archive_4/efa2dbd75f7baecfda9bef1853ec7e5e.pt,16873.0,16282.66796875,12276.0,12720.646484375,0.0,0.0,26.5,9.813220024108887,293.0,361.34100341796875,32.0,21.484010696411133
test,3503,rule4ml,rule4ml/archive_4/fa71f4355a569050ee55b205dc657847.pt,20232.0,29826.283203125,9273.0,933.0820922851562,0.0,0.0,118.5,27.510818481445312,859.0,675.24267578125,4.0,2.533008575439453
exemplar,0,exemplar,exemplar/archive_1/0273888c-6100-46de-ba53-476666388e81.pt,21988.0,10777.2861328125,24276.0,10444.1083984375,0.0,0.0,5.0,2.250831127166748,6583.0,821.9397583007812,1296.0,237.8567352294922
exemplar,1,exemplar,exemplar/archive_1/08ceef03-f529-483b-9de4-b4b67e848d56.pt,6595.0,10895.4794921875,8049.0,10555.466796875,6.0,27.83311653137207,1.0,2.953355312347412,525.0,441.3701171875,192.0,179.32974243164062
exemplar,2,exemplar,exemplar/archive_1/0971e6d6-d73b-4833-aefc-bbae6dc5b505.pt,158971.0,101548.84375,82018.0,52367.53515625,66.0,56.51673126220703,0.0,0.0,619.0,451.45135498046875,92.0,31.547447204589844
exemplar,3,exemplar,exemplar/archive_1/0b264399-9786-4e1d-95f5-b15ae9eef489.pt,7929.0,14859.0546875,8102.0,13763.8544921875,3.0,27.01053237915039,4.0,4.067730903625488,502.0,515.7999267578125,128.0,149.23536682128906
exemplar,4,exemplar,exemplar/archive_1/0ca740a3-feef-4ee0-91b6-46f493ae36b2.pt,3349.0,8147.0986328125,3918.0,8561.3017578125,2.0,11.509809494018555,1.0,2.587496042251587,521.0,353.681640625,192.0,190.41879272460938
exemplar,5,exemplar,exemplar/archive_1/0e85b020-3749-4e4d-ac93-a44f053ea57b.pt,2913.0,696.664306640625,2764.0,1386.87744140625,3.0,14.433442115783691,2.0,1.0659698247909546,2631.0,310.8633728027344,1024.0,98.22880554199219
exemplar,6,exemplar,exemplar/archive_1/1096f607-c024-4e57-a794-4bf4d2886e54.pt,6411.0,79172.8125,1850.0,42565.9140625,421.0,242.08798217773438,1.0,0.0,25.0,89.31572723388672,1.0,10.2904052734375
exemplar,7,exemplar,exemplar/archive_1/12d641dd-5146-4c9f-911d-cf810823fff7.pt,3133.0,695.7015991210938,2898.0,1386.5294189453125,5.0,14.452698707580566,2.0,1.0706757307052612,2764.0,311.9529113769531,1024.0,98.32466125488281
exemplar,8,exemplar,exemplar/archive_1/14689274-3866-4b30-b586-c404fc0eb7e3.pt,428.0,293.4126281738281,338.0,351.79486083984375,0.0,0.0,0.0,3.592223644256592,16.0,206.92784118652344,1.0,76.61679077148438
exemplar,9,exemplar,exemplar/archive_1/182f2870-c640-40ba-987d-d85d5a889c32.pt,1011.0,2292.477294921875,223.0,2334.82666015625,3.0,20.55373764038086,0.0,0.8550184965133667,28.0,95.08839416503906,1.0,3.0020089149475098
exemplar,10,exemplar,exemplar/archive_1/1c3965f8-aac2-4e66-ae41-f24c4f7586e5.pt,37957.0,164034.671875,9537.0,89344.96875,2147.0,322.6053771972656,2.0,0.0,40.0,127.49369049072266,1.0,10.757791519165039
exemplar,11,exemplar,exemplar/archive_1/1d3a9271-bb21-46f7-a928-48272ce7193f.pt,21678.0,10339.150390625,36597.0,10854.28125,128.0,14.218006134033203,6.0,3.302772283554077,2905.0,460.232421875,1024.0,183.3708953857422
exemplar,12,exemplar,exemplar/archive_1/206dfc0c-9319-43c0-b4e3-b5bf034ef1bd.pt,5101.0,24370.63671875,1837.0,17346.3359375,2.0,30.916933059692383,1.0,2.518003225326538,53.0,399.10418701171875,12.0,68.25476837158203
exemplar,13,exemplar,exemplar/archive_1/247d9155-f7f3-4ed7-92d8-cb8bf564eaeb.pt,640.0,16058.001953125,7.0,21297.00390625,3.0,2.962986707687378,0.0,5.04360818862915,23.0,2603.949462890625,1.0,451.3020935058594
exemplar,14,exemplar,exemplar/archive_1/250eb325-6f3c-4c11-9d82-2353ec7b3655.pt,3337.0,700.4517211914062,4167.0,1415.190673828125,5.0,14.350086212158203,2.0,1.093938946723938,2876.0,315.77117919921875,1024.0,99.05390167236328
exemplar,15,exemplar,exemplar/archive_1/275c93ce-d31a-4833-97ca-00657c0684ec.pt,10504.0,5180.4453125,6645.0,4164.22705078125,0.0,0.0,0.0,0.0,94.0,246.73831176757812,1.0,10.36378288269043
exemplar,16,exemplar,exemplar/archive_1/2b1ebd37-082b-44ce-80f1-5789f44e794d.pt,38685.0,164034.671875,9433.0,89345.0546875,2126.0,322.60552978515625,2.0,0.0,40.0,127.49369049072266,1.0,10.757791519165039
exemplar,17,exemplar,exemplar/archive_1/2db30ca7-c3d9-421a-bd5f-13c2711d4758.pt,25110.0,153553.609375,5955.0,62160.1875,5.0,921.5519409179688,2.0,0.0,42.0,266.2127380371094,2.0,45.9637451171875
exemplar,18,exemplar,exemplar/archive_1/30e2c5f7-5a29-4903-8934-750ea19679e8.pt,3367.0,5933.865234375,850.0,2497.138916015625,0.0,0.0,0.0,3.4043431282043457,25.0,289.95208740234375,5.0,32.78849411010742
exemplar,19,exemplar,exemplar/archive_1/317b26f4-5f81-4d40-a851-b24c3c44654c.pt,1023.0,2273.329833984375,16.0,2219.91943359375,5.0,17.9666748046875,0.0,1.030357003211975,523.0,114.36040496826172,1.0,2.8610503673553467
exemplar,20,exemplar,exemplar/archive_1/34c6a605-582c-4ac3-a672-21a86b84164d.pt,6439.0,12449.3427734375,5621.0,10267.4921875,2.0,12.578570365905762,0.0,4.437445163726807,301.0,694.7046508789062,286.0,255.03466796875
exemplar,21,exemplar,exemplar/archive_1/36213331-74e8-44ed-8da9-e209c6703607.pt,7448.0,8159.564453125,8953.0,8821.65625,3.0,10.939554214477539,3.0,2.9357330799102783,2630.0,370.131103515625,1024.0,181.19674682617188
exemplar,22,exemplar,exemplar/archive_1/36b4d64d-8c42-4320-adc4-a82339843784.pt,1367.0,687.5526123046875,1337.0,1359.4222412109375,2.0,14.709892272949219,0.0,0.9970200657844543,520.0,302.9901428222656,192.0,104.15049743652344
exemplar,23,exemplar,exemplar/archive_1/371d50bf-1f3d-4d55-9d2d-9421bc2a01e2.pt,46584.0,207517.984375,21444.0,87713.9296875,2108.0,2731.200927734375,2.0,0.0,43.0,268.2675476074219,2.0,21.428794860839844
exemplar,24,exemplar,exemplar/archive_1/37a7c317-89f4-4554-91c5-68afcaf539c1.pt,2829.0,8241.7861328125,1085.0,4856.681640625,0.0,0.0,0.0,4.176889896392822,41.0,531.7688598632812,26.0,194.07965087890625
exemplar,25,exemplar,exemplar/archive_1/38f204fc-3e79-4077-93a0-3892a3ab85d2.pt,59846.0,170632.40625,7409.0,74895.65625,2278.0,2549.60693359375,2.0,0.0,533.0,266.2575988769531,2.0,22.88839340209961
exemplar,26,exemplar,exemplar/archive_1/3a3f2dca-5b03-44d4-9918-2282eb4440fb.pt,7192.0,5818.6416015625,4704.0,6617.396484375,287.0,12.067144393920898,0.0,4.11069393157959,20.0,318.62762451171875,2.0,155.42922973632812
exemplar,27,exemplar,exemplar/archive_1/4107d0be-42b6-4158-9f36-c8a56530d5de.pt,26215.0,138224.453125,5721.0,56937.23046875,3.0,888.8465576171875,1.0,0.0,37.0,256.8568115234375,2.0,44.80846405029297
exemplar,28,exemplar,exemplar/archive_1/45c61271-60eb-4ff5-ba6f-246ba575185f.pt,2227.0,789.9909057617188,145.0,131.56739807128906,0.0,0.0,0.0,1.850016474723816,78.0,77.81697082519531,1.0,3.5182976722717285
exemplar,29,exemplar,exemplar/archive_1/46c56634-0933-47cc-9e72-89614aaa7251.pt,3323.0,8356.0830078125,3676.0,8751.26953125,2.0,12.249481201171875,2.0,2.7088849544525146,329.0,360.82080078125,96.0,192.69375610351562
exemplar,30,exemplar,exemplar/archive_1/4705b427-e733-41ed-bda3-6cc20c46fb96.pt,9817.0,58017.33984375,5833.0,31476.97265625,422.0,872.6004028320312,1.0,4.689330101013184,29.0,232.3003692626953,2.0,25.903331756591797
exemplar,31,exemplar,exemplar/archive_1/4d39c459-d8e1-4de1-a8de-a7b376d0e510.pt,45414.0,161621.265625,17157.0,83744.9921875,1970.0,354.07879638671875,7.0,0.0,283.0,111.6787338256836,5.0,10.027240753173828
exemplar,32,exemplar,exemplar/archive_1/4d551fc6-7a68-4f90-a6b9-4c483baed59e.pt,5013.0,3588.58544921875,4684.0,3941.835693359375,128.0,57.12954330444336,0.0,0.0,409.0,137.80111694335938,64.0,14.591736793518066
exemplar,33,exemplar,exemplar/archive_1/4d7af3a5-68b9-46b1-9875-78271f4a712b.pt,7489.0,997.4329833984375,7842.0,1829.7337646484375,128.0,17.429933547973633,2.0,1.2172220945358276,3006.0,344.85406494140625,1024.0,105.86771392822266
exemplar,34,exemplar,exemplar/archive_1/4fe50b78-f06b-4441-a458-1445bd2d983a.pt,7423.0,8142.54638671875,9003.0,8809.3466796875,5.0,10.945789337158203,3.0,2.948991298675537,2760.0,371.1300354003906,1024.0,180.83067321777344
exemplar,35,exemplar,exemplar/archive_1/52c0f586-1dea-422b-84cb-fcc178db7048.pt,7711.0,8142.54638671875,9110.0,8809.35546875,5.0,10.945786476135254,3.0,2.948990821838379,2763.0,371.1298522949219,1024.0,180.83067321777344
exemplar,36,exemplar,exemplar/archive_1/568fa7df-b876-4e31-bcb8-7dd7426d9616.pt,3194.0,695.7015991210938,2900.0,1386.5294189453125,5.0,14.452698707580566,2.0,1.0706757307052612,2765.0,311.9529113769531,1024.0,98.32461547851562
exemplar,37,exemplar,exemplar/archive_1/6346baef-4016-4baa-95ca-4d01f340d884.pt,3112.0,3038.572265625,1909.0,3570.4296875,5.0,42.171852111816406,0.0,0.0,41.0,135.7532958984375,3.0,12.549617767333984
exemplar,38,exemplar,exemplar/archive_1/641d2098-53ea-4e20-b11b-636ecfc4de3b.pt,5034.0,3849.2587890625,1683.0,3576.903564453125,0.0,0.0,0.0,3.8226122856140137,19.0,263.2623596191406,2.0,140.77749633789062
exemplar,39,exemplar,exemplar/archive_1/64239147-5c4d-4f1c-b543-1bb26a6df2a6.pt,842.0,1755.7838134765625,677.0,2069.3447265625,2.0,51.44737243652344,0.0,0.0,24.0,126.30882263183594,1.0,16.73175621032715
exemplar,40,exemplar,exemplar/archive_1/67c490e4-5293-4931-a67a-efe1c2b8a712.pt,32622.0,145725.421875,27846.0,60634.29296875,128.0,985.5111083984375,4.0,0.0,310.0,304.95257568359375,9.0,47.24586486816406
exemplar,41,exemplar,exemplar/archive_1/6f78ee34-8249-459a-900a-d8aee5f203ad.pt,44213.0,207517.984375,10168.0,87713.9296875,2107.0,2731.20361328125,2.0,0.0,36.0,268.2676696777344,1.0,21.428794860839844
exemplar,42,exemplar,exemplar/archive_1/733d4346-c1e0-45cc-841d-62a798bbe60a.pt,56989.0,29365.05859375,55082.0,24102.9921875,149.0,56.506473541259766,4.0,3.6779167652130127,693.0,302.2170715332031,98.0,55.22699737548828
exemplar,43,exemplar,exemplar/archive_1/74923cb9-abeb-4329-bb34-2e0714e33867.pt,7563.0,42292.65625,2302.0,20098.095703125,2.0,401.8424987792969,1.0,0.0,26.0,203.3396759033203,2.0,34.184654235839844
exemplar,44,exemplar,exemplar/archive_1/7ad022f0-031e-4928-8967-2a10e6ead5a5.pt,22907.0,96087.8125,800.0,44037.25,3.0,147.41415405273438,1.0,0.0,28.0,103.81500244140625,1.0,9.835641860961914
exemplar,45,exemplar,exemplar/archive_1/7ecb5102-3313-4c41-9586-c1ad1fd36c66.pt,109778.0,154973.4375,29872.0,41739.37109375,5853.0,752.19189453125,0.0,0.0,90.0,120.78568267822266,1.0,2.631279706954956
exemplar,46,exemplar,exemplar/archive_1/7f402bb4-51cf-485d-bc52-6ee172ca14fa.pt,5895.0,11282.025390625,6753.0,10836.6142578125,8.0,30.450212478637695,2.0,3.081024646759033,328.0,447.20953369140625,96.0,181.3997344970703
exemplar,47,exemplar,exemplar/archive_1/8317cf35-eefa-4791-bcf7-f4065665fd13.pt,5111.0,3849.2587890625,1702.0,3576.903564453125,0.0,0.0,0.0,3.8226122856140137,19.0,263.2623596191406,2.0,140.77749633789062
exemplar,48,exemplar,exemplar/archive_1/840fcf94-ccfc-43d8-b7c2-d33799fa8aa8.pt,3334.0,700.4517211914062,4118.0,1415.18994140625,5.0,14.350089073181152,2.0,1.093938946723938,2876.0,315.77117919921875,1024.0,99.05390167236328
exemplar,49,exemplar,exemplar/archive_1/84384e9c-dbd4-42f2-9768-d6071fed7642.pt,45548.0,47503.578125,35581.0,51367.37109375,9.0,13.240137100219727,2.0,8.35837459564209,2171.0,2887.377197265625,2143.0,536.78271484375
exemplar,50,exemplar,exemplar/archive_1/85e17655-4ec7-4dde-bbe4-d48bacfaa343.pt,36.0,212.33872985839844,1.0,50.18874740600586,0.0,0.0,0.0,3.9363045692443848,13.0,177.42864990234375,1.0,17.345069885253906
exemplar,51,exemplar,exemplar/archive_1/86a7fb3e-bc83-41fa-894f-d57ab0a037c1.pt,7222.0,29850.61328125,4720.0,19062.20703125,282.0,137.01290893554688,0.0,11.422792434692383,20.0,364.49957275390625,2.0,6.3928728103637695
exemplar,52,exemplar,exemplar/archive_1/8c5001d5-58f2-49e9-a6bb-2ae23830866f.pt,25884.0,18688.359375,14460.0,11220.76171875,128.0,22.553930282592773,6.0,1.3356856107711792,292.0,133.64340209960938,12.0,32.71854019165039
exemplar,53,exemplar,exemplar/archive_1/8d2bea12-85c5-4b4c-802c-3390a356a35e.pt,9199.0,2678.947021484375,7911.0,2347.11865234375,0.0,0.0,3.0,1.1297255754470825,821.0,366.337646484375,144.0,50.01048278808594
exemplar,54,exemplar,exemplar/archive_1/8e75be00-7e3e-4f3d-8aa1-3e913ec040ec.pt,46262.0,161621.265625,28091.0,83744.9921875,1998.0,354.0786437988281,4.0,0.0,305.0,111.6787338256836,9.0,10.027243614196777
exemplar,55,exemplar,exemplar/archive_1/90c22023-a457-4031-8dcc-74aa8742c717.pt,91.0,212.33872985839844,1.0,50.18874740600586,0.0,0.0,0.0,3.936305522918701,13.0,177.42874145507812,1.0,17.345069885253906
exemplar,56,exemplar,exemplar/archive_1/933de88a-1fe8-4497-b8cf-66fe9146b0e0.pt,10507.0,5180.4453125,6645.0,4164.22705078125,0.0,0.0,0.0,0.0,94.0,246.73831176757812,1.0,10.36378288269043
exemplar,57,exemplar,exemplar/archive_1/93c8fe85-cd4d-4b53-a93f-688a737d92ef.pt,2795.0,8241.7861328125,771.0,4856.68603515625,0.0,0.0,0.0,4.1768879890441895,33.0,531.7688598632812,21.0,194.07965087890625
exemplar,58,exemplar,exemplar/archive_1/93f027a8-36c7-4159-b997-fa581ea23d40.pt,55888.0,25434.34765625,34051.0,20659.6171875,27.0,41.32318878173828,2.0,3.3040640354156494,408.0,304.2256164550781,103.0,63.29072952270508
exemplar,59,exemplar,exemplar/archive_1/94394a1c-cebb-41b5-97ba-053c2cbb4444.pt,6967.0,1725.4854736328125,7374.0,2783.2587890625,128.0,20.31863784790039,0.0,1.2990074157714844,958.0,355.6458740234375,128.0,91.29522705078125
exemplar,60,exemplar,exemplar/archive_1/9748b154-4100-4641-a2d4-c9e8328e837d.pt,24744.0,95933.984375,19067.0,42744.5,128.0,157.07119750976562,4.0,0.0,306.0,90.28474426269531,9.0,9.019672393798828
exemplar,61,exemplar,exemplar/archive_1/990eb8b7-92c6-40ca-b679-e3cbaa3024b6.pt,16360.0,11281.9609375,28255.0,10839.0126953125,10.0,31.080102920532227,3.0,3.119307041168213,2872.0,446.00982666015625,1024.0,183.18943786621094
exemplar,62,exemplar,exemplar/archive_1/9a9a9339-a608-467c-91a9-1a3f6a783e95.pt,62820.0,42361.7265625,2597.0,6917.77685546875,0.0,0.0,0.0,0.0,82.0,256.1754150390625,1.0,17.880144119262695
exemplar,63,exemplar,exemplar/archive_1/9bce92a8-b4b7-42eb-a5e4-15f5d4f3c872.pt,11925.0,21332.0703125,15471.0,18768.55859375,26.0,76.76155853271484,6.0,4.358842372894287,584.0,621.0233764648438,160.0,142.2654571533203
exemplar,64,exemplar,exemplar/archive_1/9c3ee7e5-a98f-4ec9-9b34-0d1baaa3da26.pt,39506.0,13632.2314453125,64013.0,13057.142578125,133.0,34.92050552368164,7.0,3.2090296745300293,2909.0,550.5643310546875,1024.0,181.7804718017578
exemplar,65,exemplar,exemplar/archive_1/9c51cef1-e8be-4066-85b1-e69bbe003acc.pt,62726.0,78009.140625,2597.0,7770.45654296875,0.0,0.0,0.0,0.0,82.0,129.0480194091797,1.0,2.254946231842041
exemplar,66,exemplar,exemplar/archive_1/a2d0b7bd-e241-47cf-9b48-c8d5b31a4dfb.pt,52808.0,25483.564453125,30535.0,20689.37109375,24.0,41.44721984863281,1.0,3.297865152359009,401.0,303.87896728515625,101.0,63.18223571777344
exemplar,67,exemplar,exemplar/archive_1/a7ab27fb-bd8e-4dfb-bc4f-fc37b71e548c.pt,2769.0,2851.91259765625,1763.0,3320.014404296875,3.0,43.555294036865234,0.0,0.0,35.0,135.88809204101562,2.0,12.560783386230469
exemplar,68,exemplar,exemplar/archive_1/a7fcc3e0-563d-4404-9467-f86818191469.pt,10528.0,5180.4453125,6645.0,4164.23095703125,0.0,0.0,0.0,0.0,94.0,246.73831176757812,1.0,10.36378288269043
exemplar,69,exemplar,exemplar/archive_1/a84153c9-baad-493e-b043-331117736a38.pt,26154.0,18688.359375,11148.0,11220.7724609375,128.0,22.553930282592773,7.0,1.3356856107711792,285.0,133.6434783935547,5.0,32.71855545043945
exemplar,70,exemplar,exemplar/archive_1/ab107bcf-9e12-42e0-9b1a-bf08d137f970.pt,61095.0,47738.8359375,5272.0,27670.783203125,0.0,0.0,0.0,6.282726764678955,98.0,3755.1533203125,19.0,474.3179016113281
exemplar,71,exemplar,exemplar/archive_1/af019597-795a-45fb-af20-0492e247f185.pt,7535.0,5818.6357421875,3360.0,6617.3837890625,281.0,12.067157745361328,0.0,4.110692501068115,15.0,318.62744140625,1.0,155.4290771484375
exemplar,72,exemplar,exemplar/archive_1/b19f2e4b-4590-4abd-a767-7530be27f889.pt,27733.0,153553.46875,5435.0,62160.06640625,5.0,921.5519409179688,2.0,0.0,36.0,266.2127380371094,1.0,45.96366882324219
exemplar,73,exemplar,exemplar/archive_1/b43c3d48-b63e-4826-8f80-4f21daca2b4f.pt,2911.0,2701.360107421875,2758.0,3160.47216796875,5.0,43.07994842529297,14.0,0.0,537.0,139.70208740234375,3.0,13.090551376342773
exemplar,74,exemplar,exemplar/archive_1/b656d259-da97-4fd2-982a-eae002500fb2.pt,2806.0,1199.5238037109375,2566.0,2182.468017578125,3.0,15.932798385620117,1.0,1.1956837177276611,502.0,311.1304016113281,128.0,79.2613525390625
exemplar,75,exemplar,exemplar/archive_1/b85933b6-f63c-4af0-aa76-bbf3f5b74598.pt,64713.0,48859.1640625,48949.0,53342.99609375,10.0,12.805644035339355,2.0,8.574296951293945,2239.0,3008.9931640625,1715.0,597.2296752929688
exemplar,76,exemplar,exemplar/archive_1/bb07fdf6-0145-43fa-b254-ae7790bd0390.pt,5228.0,52992.3671875,897.0,23207.806640625,2.0,135.7521209716797,1.0,0.0,24.0,62.46635055541992,1.0,8.400551795959473
exemplar,77,exemplar,exemplar/archive_1/bfc05050-5933-4357-afc0-782c3c9871d3.pt,72372.0,36062.0078125,37872.0,29590.35546875,32.0,64.57904052734375,2.0,4.631053447723389,881.0,315.8199768066406,102.0,48.169952392578125
exemplar,78,exemplar,exemplar/archive_1/c50b7d06-2743-447e-8d30-7d44ffd86fa1.pt,6127.0,52992.3203125,771.0,23207.806640625,2.0,135.752197265625,1.0,0.0,24.0,62.46635055541992,1.0,8.400547981262207
exemplar,79,exemplar,exemplar/archive_1/c50bdf2e-0abe-43fc-8139-06cf5e73816b.pt,1357.0,703.5216064453125,1278.0,1411.86669921875,2.0,14.367713928222656,0.0,1.0059880018234253,329.0,306.4549865722656,96.0,105.10206604003906
exemplar,80,exemplar,exemplar/archive_1/c547deb4-f314-4e7d-9e7b-88bda5d6f7ff.pt,4920.0,44053.9296875,63.0,13932.2080078125,275.0,95.55853271484375,0.0,9.942198753356934,14.0,331.4652099609375,1.0,1.70219087600708
exemplar,81,exemplar,exemplar/archive_1/c554422a-7e7f-40d8-88a4-8c54a0a92d59.pt,3337.0,700.4517211914062,4118.0,1415.190673828125,5.0,14.350086212158203,2.0,1.093939185142517,2876.0,315.77117919921875,1024.0,99.05390167236328
exemplar,82,exemplar,exemplar/archive_1/c76f45c1-2e16-422b-b87f-0befcb5d1cc0.pt,33986.0,161771.3125,1592.0,88223.0,2019.0,315.83038330078125,1.0,0.0,28.0,125.53596496582031,1.0,10.649900436401367
exemplar,83,exemplar,exemplar/archive_1/cc933a28-ea40-4c6e-94eb-19bb770284e0.pt,14151.0,10917.052734375,17032.0,10581.513671875,9.0,28.18445587158203,3.0,2.9914052486419678,2760.0,442.12994384765625,1024.0,180.140869140625
exemplar,84,exemplar,exemplar/archive_1/d2f9b92b-36b8-4913-bf89-d73b70e688b6.pt,74.0,215.88491821289062,1.0,4.610939025878906,0.0,0.0,0.0,7.913684844970703,13.0,875.181884765625,1.0,2.423387050628662
exemplar,85,exemplar,exemplar/archive_1/d555c2bc-0669-45e4-91b5-39d9ebf234a6.pt,76.0,11214.9091796875,5.0,16334.494140625,2.0,3.6069705486297607,0.0,4.641812324523926,15.0,2247.663818359375,1.0,377.7117004394531
exemplar,86,exemplar,exemplar/archive_1/d624f608-06d4-4b6b-b0a4-1fd09b11f9a5.pt,57420.0,47738.8359375,8222.0,27670.755859375,0.0,0.0,0.0,6.282725811004639,96.0,3755.1533203125,17.0,474.3179016113281
exemplar,87,exemplar,exemplar/archive_1/dcec6b57-a6cd-442a-b467-1dd0d8a02ccf.pt,60408.0,170632.5625,27260.0,74895.796875,2300.0,2549.6142578125,2.0,0.0,540.0,266.25732421875,3.0,22.888389587402344
exemplar,88,exemplar,exemplar/archive_1/dd09668d-3c30-4aad-9f96-919ce4bedbf0.pt,52892.0,25483.541015625,32809.0,20689.3515625,24.0,41.447181701660156,1.0,3.2978620529174805,397.0,303.87884521484375,99.0,63.18220520019531
exemplar,89,exemplar,exemplar/archive_1/e0877d2d-c62b-4796-be5f-96c63aefb754.pt,9596.0,58017.39453125,4242.0,31476.97265625,423.0,872.5995483398438,1.0,4.689330101013184,24.0,232.30015563964844,1.0,25.903331756591797
exemplar,90,exemplar,exemplar/archive_1/e3f6f73c-985e-45e2-8dfd-c8eeaf9b40da.pt,85.0,1853.061767578125,5.0,2195.99169921875,2.0,24.687454223632812,0.0,0.7991729974746704,15.0,232.17869567871094,1.0,39.48736572265625
exemplar,91,exemplar,exemplar/archive_1/e6a82969-b2e7-4bf3-ba16-00307a537ca0.pt,6445.0,11282.0146484375,7587.0,10836.6142578125,8.0,30.45018196105957,2.0,3.0810251235961914,333.0,447.20953369140625,96.0,181.39981079101562
exemplar,92,exemplar,exemplar/archive_1/e78a5e99-9c04-4b9b-be44-a1b0d34a316b.pt,32764.0,145725.28125,28186.0,60634.234375,128.0,985.5111083984375,4.0,0.0,309.0,304.95257568359375,9.0,47.245853424072266
exemplar,93,exemplar,exemplar/archive_1/e7919f10-29bd-4777-b4cc-29dbe353cd1c.pt,35600.0,164035.140625,1624.0,89345.3125,2091.0,322.6059875488281,2.0,0.0,32.0,127.49369049072266,1.0,10.757791519165039
exemplar,94,exemplar,exemplar/archive_1/e8403995-eed4-4ab2-bad9-4ab7a8a95220.pt,9741.0,8305.1435546875,14518.0,8939.18359375,5.0,11.880599021911621,3.0,3.0822994709014893,2872.0,376.15576171875,1024.0,184.6298065185547
exemplar,95,exemplar,exemplar/archive_1/e87f94ad-6357-4f1e-8148-702cc5865918.pt,738.0,16058.001953125,7.0,21297.00390625,3.0,2.962986707687378,0.0,5.043608665466309,23.0,2603.949462890625,1.0,451.3020935058594
exemplar,96,exemplar,exemplar/archive_1/e89c3f49-0a65-47bb-8ace-4c65db6d108b.pt,21260.0,10777.2861328125,23944.0,10444.1083984375,0.0,0.0,5.0,2.250831127166748,6581.0,821.9397583007812,1296.0,237.8567352294922
exemplar,97,exemplar,exemplar/archive_1/e9e2bcad-ffaa-477a-93b0-5d0493070787.pt,15128.0,10917.052734375,18973.0,10581.513671875,9.0,28.184518814086914,4.0,2.9914042949676514,2767.0,442.12994384765625,1024.0,180.14077758789062
exemplar,98,exemplar,exemplar/archive_1/f47f94f0-87d1-4681-9dcc-02c2cb74fd5a.pt,2236.0,789.9909057617188,145.0,131.56739807128906,0.0,0.0,0.0,1.8500161170959473,78.0,77.81697082519531,1.0,3.5182976722717285
exemplar,99,exemplar,exemplar/archive_1/f7965c2f-28df-4155-9306-bfef8953a6be.pt,3057.0,696.6636962890625,2828.0,1386.87744140625,3.0,14.433445930480957,2.0,1.0659693479537964,2630.0,310.8633728027344,1024.0,98.22880554199219
exemplar,100,exemplar,exemplar/archive_2/01525b57-2df4-49a4-8b44-6082bf153f1c.pt,8073.0,6042.1708984375,3359.0,6858.6728515625,267.0,11.415506362915039,0.0,4.0291595458984375,15.0,357.06890869140625,1.0,204.0975799560547
exemplar,101,exemplar,exemplar/archive_2/01f697c6-b10b-4565-8590-f81514e880c9.pt,2904.0,2669.391357421875,2680.0,3137.706787109375,5.0,41.60002899169922,14.0,0.0,537.0,139.6185760498047,3.0,12.843442916870117
exemplar,102,exemplar,exemplar/archive_2/0551c9ea-59f7-4e4a-87c0-37df99b26573.pt,21176.0,10318.501953125,32593.0,10865.7685546875,128.0,14.283408164978027,8.0,3.4036271572113037,2889.0,468.90325927734375,1024.0,180.69052124023438
exemplar,103,exemplar,exemplar/archive_2/05f0ccd2-98cf-4535-93c2-1d3e77a9b07c.pt,24862.0,16195.611328125,22177.0,12818.125,0.0,62.28346252441406,6.0,2.127983331680298,821.0,495.5406799316406,144.0,61.64862823486328
exemplar,104,exemplar,exemplar/archive_2/0755003d-fac1-4914-9051-bc9a85e03624.pt,9525.0,47408.265625,7874.0,51326.23828125,6.0,12.968080520629883,1.0,8.31743049621582,438.0,2929.20068359375,422.0,546.3711547851562
exemplar,105,exemplar,exemplar/archive_2/085e0d62-34ae-4f6e-8eaf-6c9695beccbf.pt,717.0,16721.49609375,83.0,21765.921875,3.0,3.060880661010742,0.0,5.183789253234863,26.0,2715.81396484375,1.0,475.20513916015625
exemplar,106,exemplar,exemplar/archive_2/08899062-2fac-4cd8-8c35-4678076c0341.pt,9984.0,36535.30078125,6970.0,31580.37890625,8.0,44.8345832824707,1.0,4.611053943634033,275.0,682.2939453125,84.0,84.78819274902344
exemplar,107,exemplar,exemplar/archive_2/118ec27f-9c9b-4bde-83fa-26ff090691b8.pt,22404.0,41967.484375,3219.0,45370.1796875,3.0,8.793988227844238,1.0,7.450308799743652,69.0,3625.685791015625,45.0,644.4688110351562
exemplar,108,exemplar,exemplar/archive_2/121c5201-0714-4c8a-b636-a8f195ba5a03.pt,10823.0,8301.279296875,14535.0,8963.9267578125,5.0,12.031403541564941,3.0,3.190638542175293,2875.0,384.5595703125,1024.0,181.96026611328125
exemplar,109,exemplar,exemplar/archive_2/18aa6349-af5a-4ca3-83cd-47dc55381cf4.pt,42742.0,11463.041015625,44659.0,11594.2158203125,6.0,16.25619888305664,2.0,2.03629469871521,6581.0,847.74853515625,1296.0,385.92596435546875
exemplar,110,exemplar,exemplar/archive_2/1c92271f-850d-4e3c-968f-1dead1ccdaa5.pt,3301.0,8114.86767578125,3878.0,8588.298828125,2.0,11.463802337646484,1.0,2.727458953857422,520.0,359.2976379394531,192.0,187.24734497070312
exemplar,111,exemplar,exemplar/archive_2/1d7221e2-8d8e-4e81-b2e3-b52c9202ec83.pt,26374.0,135496.390625,5371.0,56146.6171875,3.0,847.7623291015625,1.0,0.0,32.0,258.9743957519531,1.0,43.001197814941406
exemplar,112,exemplar,exemplar/archive_2/1fb9d731-44fe-4908-bcb5-265067f24c3e.pt,138432.0,176550.765625,31416.0,55008.5078125,5833.0,2621.2099609375,0.0,0.0,95.0,383.1282043457031,2.0,8.752511978149414
exemplar,113,exemplar,exemplar/archive_2/1feebb8f-df74-4410-90ca-979c51199bfe.pt,5391.0,10817.716796875,7192.0,10517.490234375,6.0,27.99728775024414,1.0,3.0646233558654785,520.0,444.8213806152344,192.0,176.2229766845703
exemplar,114,exemplar,exemplar/archive_2/205c6f44-b54e-4065-8e6d-b654978246be.pt,383.0,580.9666137695312,281.0,350.9653015136719,0.0,0.0,0.0,7.69235897064209,18.0,881.4810180664062,1.0,8.102825164794922
exemplar,115,exemplar,exemplar/archive_2/249c5897-9354-48ad-b5a5-0cac1690c152.pt,981.0,18793.04296875,86.0,23781.515625,5.0,3.207083225250244,0.0,5.630047798156738,528.0,2908.361572265625,1.0,535.2706298828125
exemplar,116,exemplar,exemplar/archive_2/2ab1a76c-9907-4d18-bf5d-09fe5d1a4db6.pt,5991.0,52041.77734375,640.0,23000.044921875,2.0,123.67035675048828,1.0,0.0,23.0,64.87939453125,1.0,8.13570785522461
exemplar,117,exemplar,exemplar/archive_2/2fa8fb20-8946-461e-9867-f56d2b13bcff.pt,6967.0,1717.269287109375,7374.0,2767.200927734375,128.0,20.388294219970703,0.0,1.3064484596252441,958.0,354.224609375,128.0,89.97547912597656
exemplar,118,exemplar,exemplar/archive_2/359b58b7-0326-4a93-956a-4b2eaa583f53.pt,4627.0,4060.99365234375,1647.0,3788.9443359375,0.0,0.0,0.0,3.854924201965332,20.0,279.698974609375,2.0,168.7247772216797
exemplar,119,exemplar,exemplar/archive_2/3748ff96-bb56-46fe-8e84-6d00af316083.pt,127.0,11429.8203125,35.0,16463.91796875,2.0,3.591747760772705,0.0,4.656679630279541,17.0,2271.4404296875,1.0,380.6217346191406
exemplar,120,exemplar,exemplar/archive_2/375a3000-6499-4100-b3f4-ed7ccfa6efa9.pt,21623.0,16387.267578125,1838.0,10451.751953125,3.0,15.163103103637695,1.0,1.4256558418273926,42.0,134.9653778076172,12.0,35.50479507446289
exemplar,121,exemplar,exemplar/archive_2/3c4f0518-cd12-4c04-a710-7ac6af24b36b.pt,20483.0,27765.94921875,28917.0,23975.17578125,31.0,129.51766967773438,5.0,5.3789544105529785,1087.0,671.5272216796875,160.0,120.97705841064453
exemplar,122,exemplar,exemplar/archive_2/3c5398da-d7cf-47aa-97b4-bd7c74fcb34c.pt,2913.0,688.3689575195312,2764.0,1366.69287109375,3.0,14.674394607543945,2.0,1.0967998504638672,2631.0,317.20330810546875,1024.0,97.5561752319336
exemplar,123,exemplar,exemplar/archive_2/4090a3d7-2624-4487-bc49-3a11e7cb7c9c.pt,24753.0,51464.55859375,21240.0,56888.76171875,128.0,10.999656677246094,4.0,9.067062377929688,315.0,4040.352294921875,52.0,595.6121826171875
exemplar,124,exemplar,exemplar/archive_2/431255d8-05e7-48b2-8e7e-f16b51ca6522.pt,45063.0,11463.0302734375,44698.0,11594.2158203125,6.0,16.256187438964844,3.0,2.0362954139709473,6581.0,847.74853515625,1296.0,385.9261474609375
exemplar,125,exemplar,exemplar/archive_2/49637ef4-da70-4343-b00b-3e757a368528.pt,7430.0,30617.451171875,3359.0,19519.416015625,293.0,130.7583465576172,0.0,11.909191131591797,16.0,380.6011657714844,1.0,6.893446922302246
exemplar,126,exemplar,exemplar/archive_2/49a75271-725b-4791-bf1f-7d5927b40ac3.pt,7388.0,6042.1767578125,4159.0,6858.6796875,291.0,11.415523529052734,0.0,4.029160022735596,20.0,357.0690612792969,2.0,204.09767150878906
exemplar,127,exemplar,exemplar/archive_2/4ae47494-a6f6-48d1-87e7-ebfcc0ae914c.pt,6113.0,13533.95703125,5607.0,11637.888671875,2.0,12.603937149047852,0.0,4.550333023071289,309.0,779.6907958984375,296.0,278.23077392578125
exemplar,128,exemplar,exemplar/archive_2/51118e02-295c-4b79-937d-7dbad6a2c0d2.pt,24112.0,93650.453125,816.0,43461.640625,5.0,131.1367950439453,2.0,0.0,32.0,111.79258728027344,1.0,9.799477577209473
exemplar,129,exemplar,exemplar/archive_2/581844f6-d44a-43db-be68-0b45f3b7344d.pt,483.0,302.799560546875,376.0,316.8599853515625,0.0,0.0,0.0,4.070067882537842,15.0,210.32623291015625,1.0,82.96322631835938
exemplar,130,exemplar,exemplar/archive_2/5983ca74-e282-412a-b2f0-489327a9ccea.pt,1723.0,2348.919677734375,800.0,1984.043701171875,107.0,27.28030014038086,0.0,0.5448347926139832,270.0,81.46559143066406,1.0,2.244765043258667
exemplar,131,exemplar,exemplar/archive_2/5b16206e-bc49-4eb0-8532-21e989df898d.pt,33728.0,143349.890625,28029.0,59933.12890625,128.0,949.1282348632812,4.0,0.0,310.0,306.62347412109375,9.0,45.52227783203125
exemplar,132,exemplar,exemplar/archive_2/5f97c105-e8db-4856-99c8-6f244035d9f6.pt,24869.0,22051.296875,3028.0,12889.10546875,5.0,25.00228500366211,2.0,1.8812519311904907,552.0,130.92828369140625,11.0,22.925174713134766
exemplar,133,exemplar,exemplar/archive_2/6452b03d-2f7b-488d-90ed-e4c45432f442.pt,24520.0,16195.611328125,22669.0,12818.125,0.0,62.28349304199219,6.0,2.127983331680298,823.0,495.54046630859375,144.0,61.64862823486328
exemplar,134,exemplar,exemplar/archive_2/64bda8fc-695e-49c2-8e02-09ed011f9f98.pt,7253.0,30617.451171875,4651.0,19519.435546875,282.0,130.75828552246094,0.0,11.909185409545898,20.0,380.6013488769531,2.0,6.893454074859619
exemplar,135,exemplar,exemplar/archive_2/653010fa-d67d-4455-a52a-5586456f6387.pt,22165.0,16387.251953125,1876.0,10451.732421875,3.0,15.163125991821289,1.0,1.4256535768508911,42.0,134.96498107910156,11.0,35.50473403930664
exemplar,136,exemplar,exemplar/archive_2/65f2dd57-ee52-4db0-87b2-6b1d5c5edfc4.pt,122.0,1200.072265625,44.0,883.8359985351562,2.0,40.214576721191406,0.0,0.0,18.0,64.80319213867188,1.0,2.6927316188812256
exemplar,137,exemplar,exemplar/archive_2/6feffc6b-567e-4b36-bad3-e4c57ab9cec2.pt,414.0,302.799560546875,338.0,316.8599853515625,0.0,0.0,0.0,4.070067405700684,18.0,210.32623291015625,1.0,82.96322631835938
exemplar,138,exemplar,exemplar/archive_2/71fc7a21-01aa-4f22-8f37-e9b5e3e23654.pt,1017.0,838.3116455078125,24.0,769.6505126953125,5.0,21.103717803955078,0.0,0.4910878837108612,27.0,106.49014282226562,1.0,14.680509567260742
exemplar,139,exemplar,exemplar/archive_2/71ff4609-1463-4d28-9ef0-cef1641b5731.pt,64296.0,49411.3984375,45559.0,54218.5,10.0,12.616117477416992,2.0,8.685356140136719,2215.0,3105.556884765625,1692.0,628.2103271484375
exemplar,140,exemplar,exemplar/archive_2/720c1054-ed10-46fc-86fc-9d4dc4b5fc1d.pt,6311.0,13533.95703125,5375.0,11637.8779296875,2.0,12.603946685791016,0.0,4.5503315925598145,298.0,779.6907958984375,285.0,278.23077392578125
exemplar,141,exemplar,exemplar/archive_2/753db279-3897-4e89-a08d-a46c207dc829.pt,60890.0,50814.10546875,7075.0,11950.302734375,0.0,0.0,0.0,0.0,93.0,358.1259765625,2.0,25.79345703125
exemplar,142,exemplar,exemplar/archive_2/7b0a48f6-26f7-4734-8ff2-b2389721cf8b.pt,64315.0,49411.3046875,48353.0,54218.44921875,10.0,12.616098403930664,2.0,8.685346603393555,2241.0,3105.559814453125,1717.0,628.2103271484375
exemplar,143,exemplar,exemplar/archive_2/7eb90940-c8fc-46eb-b334-63c1540139b5.pt,49.0,242.4878692626953,1.0,5.649925231933594,0.0,0.0,0.0,8.815256118774414,13.0,917.888671875,1.0,2.725571870803833
exemplar,144,exemplar,exemplar/archive_2/88525790-1f2d-4b08-abd1-87d93fbfa721.pt,7423.0,8140.1005859375,9003.0,8835.9208984375,5.0,11.060528755187988,3.0,3.052051067352295,2760.0,379.6750183105469,1024.0,178.29449462890625
exemplar,145,exemplar,exemplar/archive_2/88562b99-cdec-44f1-a048-2808b2e91b5d.pt,3337.0,691.832763671875,4118.0,1394.637451171875,5.0,14.597257614135742,2.0,1.1252521276474,2877.0,320.7938232421875,1024.0,98.29264831542969
exemplar,146,exemplar,exemplar/archive_2/8858c4d4-cdcf-46ad-8093-195db8550140.pt,26082.0,42533.20703125,2632.0,46240.390625,5.0,8.754500389099121,2.0,7.721930503845215,564.0,3781.275146484375,40.0,717.4290161132812
exemplar,147,exemplar,exemplar/archive_2/8fb92d64-ae75-49a3-83d4-b20cc8facacb.pt,14150.0,10843.333984375,17032.0,10547.07421875,9.0,28.395923614501953,3.0,3.107659339904785,2760.0,445.6141662597656,1024.0,176.88021850585938
exemplar,148,exemplar,exemplar/archive_2/8fc296f2-d676-4db0-8fca-4aad1c0f9562.pt,7448.0,8156.15673828125,8953.0,8847.2802734375,3.0,11.051677703857422,3.0,3.0374178886413574,2630.0,378.5626525878906,1024.0,178.5670928955078
exemplar,149,exemplar,exemplar/archive_2/92338979-551d-417d-b540-907ba3e43cdf.pt,29043.0,27766.029296875,37083.0,23975.24609375,31.0,129.51809692382812,5.0,5.3789544105529785,1087.0,671.5269165039062,160.0,120.97700500488281
exemplar,150,exemplar,exemplar/archive_2/9313be69-b1d3-4511-8970-154a74b6e9a1.pt,2114.0,1390.65283203125,145.0,94.15790557861328,0.0,0.0,0.0,0.0,78.0,107.4608154296875,1.0,1.5825214385986328
exemplar,151,exemplar,exemplar/archive_2/9484c0eb-623f-4785-b182-7fa5cc18e87e.pt,13661.0,10843.3447265625,17018.0,10547.083984375,9.0,28.396007537841797,3.0,3.1076579093933105,2760.0,445.6143798828125,1024.0,176.88021850585938
exemplar,152,exemplar,exemplar/archive_2/9847d2cf-f15c-4505-8b8d-f64ac3998050.pt,24672.0,135496.390625,5377.0,56146.6171875,3.0,847.7623291015625,1.0,0.0,32.0,258.9742736816406,1.0,43.00117874145508
exemplar,153,exemplar,exemplar/archive_2/991f13af-b7f2-4986-8d9a-67446552fda3.pt,4933.0,39592.0390625,1767.0,42398.546875,2.0,8.346877098083496,1.0,6.846872806549072,80.0,3233.3955078125,65.0,522.5687255859375
exemplar,154,exemplar,exemplar/archive_2/9bf554fc-02eb-4516-9e17-0417c78bcfc4.pt,825.0,16759.3359375,132.0,21808.6015625,5.0,3.0643229484558105,0.0,5.1948041915893555,32.0,2718.7109375,1.0,476.0203552246094
exemplar,155,exemplar,exemplar/archive_2/9e988320-f57a-4fd9-9af6-e0dd6526b45f.pt,3337.0,691.832763671875,4118.0,1394.6380615234375,5.0,14.597261428833008,2.0,1.1252521276474,2877.0,320.7938232421875,1024.0,98.2927017211914
exemplar,156,exemplar,exemplar/archive_2/a191dd12-d602-4bc6-aaf3-c8cb908fd702.pt,26532.0,18800.482421875,19612.0,11388.916015625,128.0,21.111207962036133,4.0,1.4455221891403198,309.0,137.46099853515625,9.0,32.505950927734375
exemplar,157,exemplar,exemplar/archive_2/a1fe7c8f-9a29-4f21-ae4d-1839cca18741.pt,141209.0,62121.546875,87556.0,58888.07421875,12.0,25.00469207763672,0.0,10.191136360168457,3055.0,3389.529296875,2976.0,475.1685791015625
exemplar,158,exemplar,exemplar/archive_2/aa61c13f-4b69-4075-914c-dd0ce3023d0a.pt,2010.0,25568.4296875,1245.0,29344.76171875,114.0,3.3801822662353516,0.0,6.031157493591309,272.0,3148.921630859375,1.0,500.7191467285156
exemplar,159,exemplar,exemplar/archive_2/aacf0ac9-db95-4fcc-8c4d-aecbc270036b.pt,11924.0,21084.578125,15471.0,18651.8203125,26.0,76.62663269042969,6.0,4.47414493560791,584.0,627.7841796875,160.0,138.93344116210938
exemplar,160,exemplar,exemplar/archive_2/ab159ae2-584e-4dcd-a535-87f562c45533.pt,5311.0,48281.265625,1379.0,16834.740234375,285.0,96.82306671142578,0.0,10.935822486877441,20.0,328.0467529296875,1.0,1.9483140707015991
exemplar,161,exemplar,exemplar/archive_2/aec95022-1104-4ae4-a2f5-570b3651b52c.pt,6738.0,1717.2701416015625,9529.0,2767.200927734375,128.0,20.3882999420166,0.0,1.3064484596252441,962.0,354.22479248046875,128.0,89.97547912597656
exemplar,162,exemplar,exemplar/archive_2/af819660-64bf-4cba-9691-9f108cad6317.pt,5391.0,10817.716796875,7192.0,10517.490234375,6.0,27.997343063354492,1.0,3.0646228790283203,520.0,444.8213806152344,192.0,176.222900390625
exemplar,163,exemplar,exemplar/archive_2/af92a7a9-9199-47a1-b0a9-5342e82f3648.pt,34873.0,13530.9755859375,51955.0,12989.53515625,133.0,35.14686584472656,9.0,3.312333106994629,2886.0,553.9760131835938,1024.0,178.14358520507812
exemplar,164,exemplar,exemplar/archive_2/b09aaa61-8f84-4cf9-a06d-599c34d35835.pt,59062.0,167543.46875,7409.0,73976.71875,2290.0,2440.4638671875,2.0,0.0,533.0,270.3078918457031,2.0,22.181507110595703
exemplar,165,exemplar,exemplar/archive_2/b2a102d6-2db3-4141-a7c7-ed4324a7263b.pt,42567.0,25198.8671875,41403.0,20655.302734375,54.0,184.3465118408203,9.0,2.982992649078369,821.0,305.44024658203125,144.0,46.99060821533203
exemplar,166,exemplar,exemplar/archive_2/b880a011-7afd-4691-9c3b-f599fcac6507.pt,21678.0,10318.4921875,36597.0,10865.7685546875,128.0,14.283411026000977,6.0,3.4036271572113037,2905.0,468.90325927734375,1024.0,180.69052124023438
exemplar,167,exemplar,exemplar/archive_2/b9edb958-f6ba-439a-ba1f-5dc57457d87b.pt,5341.0,24265.828125,1413.0,17392.171875,2.0,28.718957901000977,1.0,2.5981380939483643,46.0,408.9906005859375,12.0,68.9234619140625
exemplar,168,exemplar,exemplar/archive_2/ba32d4dc-3186-4b4c-b1d4-340affbac563.pt,3398.0,691.832763671875,4169.0,1394.6380615234375,5.0,14.597261428833008,2.0,1.1252521276474,2877.0,320.7938232421875,1024.0,98.2927017211914
exemplar,169,exemplar,exemplar/archive_2/ba3d991d-2cd4-44eb-8a4a-4686a9a792e5.pt,9430.0,1824.17626953125,7945.0,1843.3060302734375,0.0,0.0,3.0,0.9516090750694275,822.0,472.1939697265625,144.0,64.26191711425781
exemplar,170,exemplar,exemplar/archive_2/bd8316b7-d3b7-49ff-9167-f583a6f7f78a.pt,12949.0,21084.578125,15545.0,18651.8203125,26.0,76.62655639648438,6.0,4.47414493560791,584.0,627.7841796875,160.0,138.93344116210938
exemplar,171,exemplar,exemplar/archive_2/c3443d82-ae16-48f6-a622-6ce65bee8aca.pt,955.0,18793.025390625,43.0,23781.515625,5.0,3.2070837020874023,0.0,5.630047798156738,527.0,2908.360107421875,1.0,535.2706298828125
exemplar,172,exemplar,exemplar/archive_2/c3a185b3-0e34-4a6a-9e0f-ff2533cfe862.pt,3142.0,8114.86767578125,3917.0,8588.298828125,2.0,11.463805198669434,1.0,2.7274584770202637,521.0,359.2978210449219,192.0,187.24725341796875
exemplar,173,exemplar,exemplar/archive_2/c4f9c274-e5de-425d-b846-794493bdb601.pt,26314.0,42533.20703125,958.0,46240.390625,5.0,8.754500389099121,2.0,7.721932888031006,546.0,3781.275146484375,23.0,717.4290161132812
exemplar,174,exemplar,exemplar/archive_2/c7058331-3595-4e04-a0e6-5f31ca0ee832.pt,6665.0,8156.15673828125,8866.0,8847.2802734375,3.0,11.051677703857422,3.0,3.0374183654785156,2628.0,378.5626525878906,1024.0,178.56716918945312
exemplar,175,exemplar,exemplar/archive_2/c91f1953-c631-4fc6-ac39-e58cdf044715.pt,84.0,242.5503387451172,1.0,61.83444595336914,0.0,0.0,0.0,4.024582386016846,12.0,185.62765502929688,1.0,18.23170280456543
exemplar,176,exemplar,exemplar/archive_2/cb4208e9-f4ec-4508-a127-e61713fa4427.pt,1083.0,2307.828125,183.0,2290.1142578125,5.0,19.398578643798828,0.0,0.9281960129737854,33.0,103.96595001220703,1.0,2.965839147567749
exemplar,177,exemplar,exemplar/archive_2/cbe41495-f713-4951-a5ab-bfc09d0b62ef.pt,24983.0,93034.703125,20118.0,41924.72265625,128.0,142.86129760742188,4.0,0.0,307.0,94.97743225097656,9.0,8.582958221435547
exemplar,178,exemplar,exemplar/archive_2/cdbce098-85d7-472c-ab93-3fd7760cf305.pt,10021.0,36535.265625,7133.0,31580.318359375,8.0,44.8345947265625,1.0,4.611053466796875,274.0,682.2939453125,82.0,84.78819274902344
exemplar,179,exemplar,exemplar/archive_2/cdfa8f37-89f2-4dd4-a946-19c2e5ded11b.pt,2112.0,2348.918701171875,1084.0,1984.042724609375,113.0,27.28030014038086,0.0,0.5448346138000488,270.0,81.46559143066406,1.0,2.244765043258667
exemplar,180,exemplar,exemplar/archive_2/cf9ebcf6-3e99-4143-965c-4e208570a8ed.pt,103.0,11429.8203125,21.0,16463.91796875,2.0,3.591747760772705,0.0,4.656680107116699,17.0,2271.4404296875,1.0,380.6217346191406
exemplar,181,exemplar,exemplar/archive_2/d421446f-6e66-43e0-9f09-f49746ab729a.pt,20143.0,10318.4921875,30349.0,10865.7685546875,128.0,14.283411026000977,9.0,3.4036271572113037,2886.0,468.90325927734375,1024.0,180.69052124023438
exemplar,182,exemplar,exemplar/archive_2/d8b32d50-b3cf-432b-bb5b-b8f535ce714c.pt,9619.0,1605.688232421875,8367.0,2180.49365234375,0.0,0.0,4.0,1.9498387575149536,6581.0,995.7999267578125,1296.0,393.7295837402344
exemplar,183,exemplar,exemplar/archive_2/dcb74e34-ca5a-486e-86d9-d9a6040d1c0e.pt,2909.0,8777.08203125,1051.0,5277.236328125,0.0,0.0,0.0,4.3881049156188965,41.0,553.9029541015625,26.0,204.1656494140625
exemplar,184,exemplar,exemplar/archive_2/dd00795c-3e46-41f8-b2ef-d07178c68303.pt,5308.0,3548.19677734375,6923.0,3912.70458984375,128.0,55.21045684814453,0.0,0.0,414.0,137.41030883789062,64.0,14.326995849609375
exemplar,185,exemplar,exemplar/archive_2/dd6967a6-6467-4056-a70b-bf30ac5ce5a8.pt,24764.0,22051.318359375,3054.0,12889.1298828125,5.0,25.002262115478516,2.0,1.8812543153762817,548.0,130.928466796875,10.0,22.925216674804688
exemplar,186,exemplar,exemplar/archive_2/df404ea2-7749-44ca-9f48-4e40bcbbcccc.pt,34873.0,13530.98828125,51955.0,12989.53515625,133.0,35.146934509277344,9.0,3.3123321533203125,2886.0,553.9765625,1024.0,178.14358520507812
exemplar,187,exemplar,exemplar/archive_2/e1d7bcd5-74f3-4ba8-98fa-8fd7e8e53d4c.pt,4950.0,18396.81640625,1682.0,8669.5126953125,0.0,0.0,0.0,12.483917236328125,19.0,449.5406799316406,2.0,5.476241111755371
exemplar,188,exemplar,exemplar/archive_2/e206f89f-6722-4b7b-aa5e-1da854f3c74f.pt,27004.0,87548.5390625,331.0,41324.2734375,5.0,105.01625061035156,2.0,0.0,527.0,126.8529281616211,1.0,9.306257247924805
exemplar,189,exemplar,exemplar/archive_2/e3ca47f3-9ba7-4a01-a793-27142befd25c.pt,47382.0,203533.125,21390.0,86475.921875,2100.0,2610.568603515625,2.0,0.0,43.0,272.08111572265625,2.0,20.72274398803711
exemplar,190,exemplar,exemplar/archive_2/e52443e5-a588-4cfc-9d56-0d24ba75bb95.pt,6719.0,10727.2099609375,5572.0,8329.490234375,4.0,19.33229637145996,0.0,4.270692348480225,127.0,381.15948486328125,86.0,76.75985717773438
exemplar,191,exemplar,exemplar/archive_2/e871b1d9-adf7-4508-b8d5-8ba960b2e566.pt,22003.0,150534.0625,6714.0,61302.3125,5.0,879.09033203125,2.0,0.0,43.0,268.4493103027344,2.0,44.12594223022461
exemplar,192,exemplar,exemplar/archive_2/e8e67ed2-6a32-4e3a-9a24-1a5b7a5d7691.pt,3057.0,688.3692626953125,2828.0,1366.69287109375,3.0,14.67439079284668,2.0,1.0967998504638672,2630.0,317.20330810546875,1024.0,97.5561752319336
exemplar,193,exemplar,exemplar/archive_2/eaa44c08-a035-4803-ab47-513783efb3a7.pt,62507.0,50814.10546875,2597.0,11950.302734375,0.0,0.0,0.0,0.0,82.0,358.1259765625,1.0,25.79345703125
exemplar,194,exemplar,exemplar/archive_2/ee25387d-83ea-4d27-a105-d01ae8728a92.pt,692.0,841.03515625,7.0,771.6329956054688,3.0,21.161529541015625,0.0,0.48947441577911377,23.0,106.46908569335938,1.0,14.688762664794922
exemplar,195,exemplar,exemplar/archive_2/f1752ca3-1640-4967-938c-5272dc274596.pt,19721.0,27765.9765625,27649.0,23975.19921875,31.0,129.51803588867188,5.0,5.37895393371582,1080.0,671.5272216796875,160.0,120.97694396972656
exemplar,196,exemplar,exemplar/archive_2/f1d40b09-efc4-448c-b6d0-d6a3f43e3b8e.pt,137.0,11429.8203125,33.0,16463.91796875,2.0,3.591747760772705,0.0,4.656680107116699,17.0,2271.4404296875,1.0,380.6217346191406
exemplar,197,exemplar,exemplar/archive_2/f5b0a3bb-2a24-4ea7-9add-17c93d3d1e7f.pt,7531.0,6042.1708984375,4195.0,6858.6796875,279.0,11.415488243103027,0.0,4.029160022735596,20.0,357.06890869140625,2.0,204.09767150878906
exemplar,198,exemplar,exemplar/archive_2/f724084e-64df-4b4c-88a0-1dc091f01bcd.pt,2863.0,8777.08203125,867.0,5277.2412109375,0.0,0.0,0.0,4.3881025314331055,39.0,553.9027099609375,27.0,204.16555786132812
exemplar,199,exemplar,exemplar/archive_2/fe04f4ae-8adb-4468-832b-52fe73541363.pt,7557.0,41500.30078125,2268.0,19807.728515625,2.0,386.1398620605469,1.0,0.0,24.0,205.0989227294922,1.0,32.669654846191406
exemplar,200,exemplar,exemplar/archive_3/06583efc-f9a7-4a60-af97-acc52a47cf4d.pt,5052.0,48281.5390625,1402.0,16834.93359375,292.0,96.82339477539062,0.0,10.935831069946289,20.0,328.0461120605469,1.0,1.9483182430267334
exemplar,201,exemplar,exemplar/archive_3/08d11c63-55b7-499f-975d-fd09bd12dc53.pt,2280.0,25568.4296875,421.0,29344.76171875,107.0,3.3801822662353516,0.0,6.031157493591309,266.0,3148.921630859375,1.0,500.7191467285156
exemplar,202,exemplar,exemplar/archive_3/0bd10243-a38d-4bdd-bbe8-5e29012bae94.pt,1096.0,838.3120727539062,183.0,769.65087890625,5.0,21.10371208190918,0.0,0.49108824133872986,33.0,106.49009704589844,1.0,14.680509567260742
exemplar,203,exemplar,exemplar/archive_3/0d2973d0-80d2-4ac3-8942-1bfab430d8fb.pt,32667.0,143349.890625,30766.0,59933.12890625,128.0,949.129150390625,19.0,0.0,310.0,306.62347412109375,9.0,45.52227783203125
exemplar,204,exemplar,exemplar/archive_3/0eb34ec2-1755-44cf-9fd1-ae1eda09f0b7.pt,41337.0,25198.8671875,41195.0,20655.302734375,54.0,184.34634399414062,9.0,2.982992172241211,821.0,305.4403991699219,144.0,46.99060821533203
exemplar,205,exemplar,exemplar/archive_3/0f110dec-cdf6-4850-b898-f98be71240f5.pt,700.0,2265.043212890625,7.0,2210.551025390625,3.0,19.75270652770996,0.0,0.8925137519836426,23.0,102.3958740234375,1.0,2.886103868484497
exemplar,206,exemplar,exemplar/archive_3/12ecbf82-8a28-44e1-b2ab-06f8e50cea97.pt,7404.0,41500.33984375,2268.0,19807.748046875,2.0,386.1398620605469,1.0,0.0,24.0,205.0988311767578,1.0,32.669673919677734
exemplar,207,exemplar,exemplar/archive_3/1388fecd-67a1-45ac-8157-fc0f8d2f0a05.pt,46486.0,11463.0302734375,47589.0,11594.2158203125,6.0,16.256202697753906,3.0,2.03629469871521,6588.0,847.74853515625,1296.0,385.92596435546875
exemplar,208,exemplar,exemplar/archive_3/13fb640f-1e24-47fd-bb39-25b8d08a824d.pt,12949.0,21084.619140625,15545.0,18651.85546875,26.0,76.62663269042969,6.0,4.474145412445068,584.0,627.7838745117188,160.0,138.93344116210938
exemplar,209,exemplar,exemplar/archive_3/1850c071-2916-4efd-ae6e-47fc45672aeb.pt,72366.0,36648.47265625,37663.0,30844.001953125,32.0,54.733970642089844,2.0,4.9640398025512695,887.0,344.33380126953125,113.0,50.53567886352539
exemplar,210,exemplar,exemplar/archive_3/1b2d4669-b746-4295-9d6f-a209f5d3b340.pt,26216.0,42533.20703125,1328.0,46240.390625,5.0,8.754500389099121,2.0,7.721932888031006,552.0,3781.275146484375,29.0,717.4290161132812
exemplar,211,exemplar,exemplar/archive_3/1d4d5e23-1d85-41d4-a3f9-b1a83d23c34b.pt,7381.0,6101.4404296875,3336.0,6942.849609375,285.0,12.190594673156738,0.0,4.162400722503662,15.0,346.96380615234375,1.0,189.2722625732422
exemplar,212,exemplar,exemplar/archive_3/1e583b76-4ef7-4e53-a161-03b8f8430ed8.pt,21914.0,41967.484375,2056.0,45370.1796875,3.0,8.793991088867188,1.0,7.450308799743652,63.0,3625.685791015625,40.0,644.468505859375
exemplar,213,exemplar,exemplar/archive_3/21ae4549-1aff-4723-9c89-74015a97c167.pt,2589.0,1390.653564453125,653.0,94.15795135498047,0.0,0.0,0.0,0.0,83.0,107.4608154296875,1.0,1.5825202465057373
exemplar,214,exemplar,exemplar/archive_3/2259df4b-da56-4694-8ebf-a250b93cf8f5.pt,61375.0,167543.3125,19858.0,73976.6484375,2286.0,2440.4638671875,2.0,0.0,538.0,270.3080139160156,2.0,22.181507110595703
exemplar,215,exemplar,exemplar/archive_3/232fe499-7681-4c8a-b15d-0864a56edfd4.pt,2852.0,2818.02978515625,1780.0,3295.251220703125,3.0,42.038414001464844,0.0,0.0,34.0,135.72787475585938,2.0,12.308748245239258
exemplar,216,exemplar,exemplar/archive_3/2366c0f3-3d8a-4ba5-a1e5-4448a419d2fd.pt,3095.0,1189.04296875,2700.0,2159.563720703125,5.0,16.306106567382812,1.0,1.2123949527740479,588.0,314.1734924316406,160.0,78.41400909423828
exemplar,217,exemplar,exemplar/archive_3/28eb748c-eb75-4d49-9730-91b175a03814.pt,5088.0,4060.99365234375,1678.0,3788.9443359375,0.0,0.0,0.0,3.854924201965332,16.0,279.698974609375,1.0,168.7247772216797
exemplar,218,exemplar,exemplar/archive_3/2911e90a-d77a-49df-ad2e-6d3041ef039d.pt,140500.0,62121.546875,86778.0,58888.12890625,12.0,25.004697799682617,0.0,10.191136360168457,3058.0,3389.529296875,2979.0,475.1685791015625
exemplar,219,exemplar,exemplar/archive_3/2b4a4eaf-94fc-43b7-bd1e-9ae39557e259.pt,55665.0,25503.890625,31596.0,20963.310546875,27.0,37.82695770263672,2.0,3.4900708198547363,398.0,323.7706298828125,103.0,64.91241455078125
exemplar,220,exemplar,exemplar/archive_3/2cba8c1f-4f72-400a-b18f-1905a649a686.pt,10513.0,4452.28271484375,6645.0,3680.033935546875,0.0,0.0,0.0,0.0,95.0,370.7230224609375,1.0,6.677960395812988
exemplar,221,exemplar,exemplar/archive_3/2eed692f-7176-4ea9-bbef-c95f4bd43b45.pt,21176.0,10318.4921875,32593.0,10865.7685546875,128.0,14.283411026000977,8.0,3.4036271572113037,2889.0,468.90325927734375,1024.0,180.69052124023438
exemplar,222,exemplar,exemplar/archive_3/305dc971-6cb9-4479-8da4-3ed6a2167a44.pt,9619.0,1605.688232421875,8367.0,2180.49365234375,0.0,0.0,4.0,1.949838399887085,6581.0,995.7999267578125,1296.0,393.7295837402344
exemplar,223,exemplar,exemplar/archive_3/37871b96-f93e-4673-a7c8-d7a71505804b.pt,6448.0,52041.87890625,230.0,23000.111328125,2.0,123.67023468017578,1.0,0.0,18.0,64.87939453125,1.0,8.135716438293457
exemplar,224,exemplar,exemplar/archive_3/37996d69-2677-4717-ae97-cde6bd8748be.pt,905.0,16759.3203125,151.0,21808.6015625,5.0,3.0643234252929688,0.0,5.194803237915039,33.0,2718.7109375,1.0,476.0203552246094
exemplar,225,exemplar,exemplar/archive_3/3864614f-2506-48de-b994-99ae08ca30de.pt,9619.0,1605.688232421875,8367.0,2180.49365234375,0.0,0.0,4.0,1.949838399887085,6581.0,995.7994384765625,1296.0,393.7297668457031
exemplar,226,exemplar,exemplar/archive_3/3a7ddf40-4818-4f21-9614-7429c3608ef7.pt,3367.0,1375.7080078125,4037.0,2350.75244140625,5.0,18.912126541137695,1.0,1.2188539505004883,1085.0,293.7767333984375,160.0,66.50199890136719
exemplar,227,exemplar,exemplar/archive_3/3c34c8dd-6143-4349-ba49-9db7514afb35.pt,72892.0,36648.54296875,35638.0,30844.08984375,32.0,54.73402404785156,2.0,4.964047908782959,873.0,344.33428955078125,101.0,50.53571319580078
exemplar,228,exemplar,exemplar/archive_3/3c3922e9-8e61-4c70-96f8-df25f0a19bf7.pt,5238.0,18396.798828125,1731.0,8669.5048828125,0.0,0.0,0.0,12.483914375305176,19.0,449.5406799316406,2.0,5.476241111755371
exemplar,229,exemplar,exemplar/archive_3/41564015-3c26-45b3-975a-6e027e49d63d.pt,993.0,2265.6796875,26.0,2105.167236328125,5.0,17.519411087036133,0.0,1.0900025367736816,524.0,124.74921417236328,1.0,2.7690634727478027
exemplar,230,exemplar,exemplar/archive_3/41c44d85-1b9b-468f-a8cd-379651170f92.pt,1367.0,681.0868530273438,1337.0,1343.4971923828125,2.0,14.90803337097168,0.0,1.0155110359191895,520.0,305.8597717285156,192.0,102.72752380371094
exemplar,231,exemplar,exemplar/archive_3/467481bc-1cd4-4fe9-89ba-205dac892ea5.pt,1363.0,1101.13916015625,747.0,918.1199951171875,117.0,31.561471939086914,0.0,0.476884126663208,270.0,105.6995849609375,1.0,13.41149616241455
exemplar,232,exemplar,exemplar/archive_3/49f1f8f6-4127-4a44-9242-241f59f88c5e.pt,26907.0,150534.0625,5435.0,61302.3125,5.0,879.0894775390625,2.0,0.0,36.0,268.44903564453125,1.0,44.12594223022461
exemplar,233,exemplar,exemplar/archive_3/4df0be4b-66c4-43cd-95f6-183ce806d41e.pt,158260.0,106541.2421875,90216.0,58675.55078125,66.0,89.75662994384766,0.0,0.0,626.0,582.560546875,92.0,42.92815017700195
exemplar,234,exemplar,exemplar/archive_3/513a25e1-b5eb-493a-81eb-2c6783edec5c.pt,5004.0,24265.806640625,1937.0,17392.15625,2.0,28.718971252441406,1.0,2.5981366634368896,49.0,408.9906005859375,12.0,68.9234619140625
exemplar,235,exemplar,exemplar/archive_3/526a1c2b-6fb4-4058-81df-1804a76c3555.pt,399.0,580.966064453125,319.0,350.9649658203125,0.0,0.0,0.0,7.69235897064209,16.0,881.4814453125,1.0,8.102825164794922
exemplar,236,exemplar,exemplar/archive_3/5339e381-b42d-4d17-af6e-9f012b8a4e95.pt,9745.0,18018.22265625,14215.0,16039.4658203125,5.0,39.794288635253906,4.0,4.680187225341797,1080.0,559.9684448242188,160.0,125.59740447998047
exemplar,237,exemplar,exemplar/archive_3/58a5481a-b506-4e99-b4fb-49575de3138b.pt,21086.0,41889.55078125,3624.0,45285.796875,5.0,8.771551132202148,2.0,7.439572811126709,70.0,3625.99365234375,42.0,644.4121704101562
exemplar,238,exemplar,exemplar/archive_3/59f7052a-5874-4452-a75a-0ac2831b9d84.pt,21591.0,93650.453125,3552.0,43461.640625,5.0,131.13685607910156,2.0,0.0,39.0,111.79258728027344,1.0,9.799480438232422
exemplar,239,exemplar,exemplar/archive_3/5b52039c-4c2d-4e64-a978-c21785ee7c6b.pt,3057.0,688.3692626953125,2828.0,1366.69287109375,3.0,14.674398422241211,2.0,1.0967998504638672,2630.0,317.20330810546875,1024.0,97.5561752319336
exemplar,240,exemplar,exemplar/archive_3/62825ea7-7137-4533-92d7-d441af4c40ba.pt,12478.0,18018.205078125,14237.0,16039.4501953125,5.0,39.794307708740234,4.0,4.6801862716674805,1083.0,559.9684448242188,160.0,125.59734344482422
exemplar,241,exemplar,exemplar/archive_3/64224705-c771-420a-9f84-1c001366ba33.pt,14078.0,21084.578125,17206.0,18651.8203125,26.0,76.62655639648438,6.0,4.47414493560791,591.0,627.7841796875,160.0,138.93344116210938
exemplar,242,exemplar,exemplar/archive_3/645258ad-eb6e-4363-bf0c-9fda5164f36b.pt,9507.0,1605.688232421875,8401.0,2180.49365234375,0.0,0.0,4.0,1.9498380422592163,6582.0,995.7999267578125,1296.0,393.7297668457031
exemplar,243,exemplar,exemplar/archive_3/69d67690-ef91-4389-b6a9-704f1e89952c.pt,3367.0,1375.7080078125,4037.0,2350.75244140625,5.0,18.912126541137695,1.0,1.218853235244751,1085.0,293.776611328125,160.0,66.50193786621094
exemplar,244,exemplar,exemplar/archive_3/6ee6e354-d81a-46f4-a113-c16e881419db.pt,7448.0,30617.451171875,3359.0,19519.435546875,282.0,130.75840759277344,0.0,11.909185409545898,15.0,380.6013488769531,1.0,6.893454074859619
exemplar,245,exemplar,exemplar/archive_3/6f0ca42f-3067-45a1-a683-4042133a9202.pt,78.0,11429.8203125,5.0,16463.90234375,2.0,3.591747760772705,0.0,4.656679630279541,15.0,2271.4404296875,1.0,380.6217346191406
exemplar,246,exemplar,exemplar/archive_3/714d7039-2846-4e1e-a836-7bbcc8b6289a.pt,120.0,1883.0557861328125,48.0,2216.824951171875,2.0,24.465667724609375,0.0,0.8274932503700256,18.0,239.5638427734375,1.0,39.221778869628906
exemplar,247,exemplar,exemplar/archive_3/765100ca-9941-475f-92bd-c0304625006e.pt,34970.0,26007.99609375,48853.0,22564.630859375,149.0,86.6453857421875,8.0,4.42821741104126,841.0,721.5961303710938,128.0,139.6592254638672
exemplar,248,exemplar,exemplar/archive_3/7a8292e7-d54f-47e7-939d-07247297c66a.pt,6500.0,13533.95703125,5446.0,11637.8779296875,2.0,12.6039400100708,0.0,4.5503315925598145,288.0,779.6907958984375,275.0,278.23077392578125
exemplar,249,exemplar,exemplar/archive_3/7ca5352c-c08e-405a-81fc-ad9b893bbb74.pt,3337.0,691.8334350585938,4118.0,1394.6380615234375,5.0,14.597257614135742,2.0,1.1252521276474,2876.0,320.79364013671875,1024.0,98.29264831542969
exemplar,250,exemplar,exemplar/archive_3/7efb5b4e-0e1d-4b1e-a030-e65c830dba5d.pt,29649.0,124901.96875,3871.0,52996.6640625,5.0,816.36376953125,2.0,0.0,532.0,263.9361267089844,1.0,44.290313720703125
exemplar,251,exemplar,exemplar/archive_3/7fde29f5-7a7e-4430-bd5a-d53d331c76fd.pt,2039.0,1101.13916015625,1009.0,918.119140625,112.0,31.561471939086914,0.0,0.47688376903533936,270.0,105.69953155517578,1.0,13.41149616241455
exemplar,252,exemplar,exemplar/archive_3/84f243ce-de91-4e4e-82df-037ca151348d.pt,20159.0,17982.30859375,35143.0,16061.478515625,128.0,29.907108306884766,6.0,4.031758785247803,856.0,630.7579345703125,128.0,150.84286499023438
exemplar,253,exemplar,exemplar/archive_3/85ddd60e-a64f-419e-8b38-b5166d5ad1b1.pt,44605.0,157102.4375,18280.0,82068.984375,2005.0,326.468017578125,6.0,0.0,286.0,116.37301635742188,6.0,10.250995635986328
exemplar,254,exemplar,exemplar/archive_3/86d4e5a5-73ae-4efb-a82b-74835eb253df.pt,1507.0,1101.13916015625,1068.0,918.1199951171875,106.0,31.561479568481445,0.0,0.476884126663208,272.0,105.6995849609375,1.0,13.411502838134766
exemplar,255,exemplar,exemplar/archive_3/8a1b09f4-8b12-4e3a-95b9-58b27dae1b27.pt,7939.0,14669.81640625,8237.0,13681.779296875,5.0,26.57892608642578,4.0,4.184219837188721,584.0,521.203369140625,160.0,146.2235107421875
exemplar,256,exemplar,exemplar/archive_3/8be9ce88-19c5-490e-8054-80f1eb75f145.pt,130.0,1883.0548095703125,44.0,2216.823974609375,2.0,24.465656280517578,0.0,0.8274927735328674,18.0,239.5638427734375,1.0,39.221778869628906
exemplar,257,exemplar,exemplar/archive_3/8db4404b-d427-4fdb-bb09-ea2dbd1df722.pt,15128.0,10843.32421875,18973.0,10547.064453125,9.0,28.395896911621094,4.0,3.107659339904785,2767.0,445.61395263671875,1024.0,176.880126953125
exemplar,258,exemplar,exemplar/archive_3/908de307-aeee-4cfe-95b0-46ab568997c4.pt,21170.0,41889.55078125,3792.0,45285.796875,5.0,8.771551132202148,2.0,7.439572811126709,69.0,3625.99365234375,41.0,644.4127807617188
exemplar,259,exemplar,exemplar/archive_3/933b3c35-b647-4b59-9bcd-f042466674b6.pt,2083.0,25568.4296875,959.0,29344.76171875,105.0,3.380183458328247,0.0,6.031157493591309,270.0,3148.921630859375,1.0,500.7191467285156
exemplar,260,exemplar,exemplar/archive_3/93d9e5bf-7351-4866-8514-29bc581b2375.pt,43520.0,47890.7734375,32449.0,51987.95703125,7.0,13.031572341918945,1.0,8.425642967224121,2051.0,2954.430908203125,2028.0,557.4050903320312
exemplar,261,exemplar,exemplar/archive_3/93e43f7b-8376-46b6-99c5-66025727bea6.pt,1324.0,696.9042358398438,1279.0,1395.96435546875,2.0,14.558564186096191,0.0,1.0223963260650635,328.0,308.7872009277344,96.0,103.61466979980469
exemplar,262,exemplar,exemplar/archive_3/95c22d49-3c60-4de8-aaf1-50d771902c6f.pt,902.0,1752.67529296875,766.0,2063.447509765625,2.0,51.47269058227539,0.0,0.0,26.0,125.9038314819336,1.0,16.42574691772461
exemplar,263,exemplar,exemplar/archive_3/9842c884-7992-4951-a284-bf50d8e97b05.pt,25409.0,22051.296875,2298.0,12889.10546875,5.0,25.00228500366211,2.0,1.881251573562622,546.0,130.92828369140625,8.0,22.925174713134766
exemplar,264,exemplar,exemplar/archive_3/9f921d58-91bf-4b62-8e1d-b95c556b3e67.pt,73160.0,36648.54296875,38475.0,30844.08984375,32.0,54.73410415649414,2.0,4.964048385620117,881.0,344.33428955078125,108.0,50.53571319580078
exemplar,265,exemplar,exemplar/archive_3/a045e629-9ce5-4a46-98d1-f46171bbc5d7.pt,53357.0,54775.9140625,61963.0,60943.2890625,133.0,16.122453689575195,4.0,10.350238800048828,2147.0,3217.294189453125,1884.0,499.39190673828125
exemplar,266,exemplar,exemplar/archive_3/aa38623f-8522-4555-a87c-1e5aee2b9c6c.pt,2316.0,19833.873046875,290.0,11124.37890625,0.0,0.0,0.0,5.2968549728393555,80.0,2633.6630859375,1.0,323.0133056640625
exemplar,267,exemplar,exemplar/archive_3/acdcfe80-36b1-402d-9fda-579b9cd12e61.pt,7526.0,41500.30078125,2268.0,19807.7109375,2.0,386.1398620605469,1.0,0.0,24.0,205.0989227294922,1.0,32.669639587402344
exemplar,268,exemplar,exemplar/archive_3/b379766c-1fc4-4ddd-8c8f-01671d294e2d.pt,350.0,298.83111572265625,262.0,294.68603515625,0.0,0.0,0.0,4.068753242492676,18.0,215.94046020507812,1.0,87.72171020507812
exemplar,269,exemplar,exemplar/archive_3/bb6cc7af-5692-4f06-a0d7-5ed5799c9d61.pt,2233.0,904.8978881835938,290.0,201.5689697265625,0.0,0.0,0.0,0.0,80.0,101.27200317382812,1.0,5.966254234313965
exemplar,270,exemplar,exemplar/archive_3/be33a535-98f4-49a5-99b7-fe08cd80c49a.pt,802.0,16721.51171875,148.0,21765.921875,3.0,3.060880184173584,0.0,5.18379020690918,27.0,2715.81396484375,1.0,475.20513916015625
exemplar,271,exemplar,exemplar/archive_3/c17d9415-d1da-404b-9550-d974901b0f77.pt,65869.0,192237.75,52752.0,82102.8828125,1918.0,2928.544189453125,4.0,0.0,313.0,296.9012451171875,9.0,22.107349395751953
exemplar,272,exemplar,exemplar/archive_3/c3a84bad-a891-4ed4-9590-49b2e3825c7a.pt,20915.0,92960.125,2704.0,43111.609375,3.0,131.5439453125,1.0,0.0,33.0,109.12313079833984,1.0,9.576678276062012
exemplar,273,exemplar,exemplar/archive_3/c47a57ee-6f6c-4509-83a4-d911de7a608c.pt,20987.0,92960.125,2845.0,43111.6484375,3.0,131.5440673828125,1.0,0.0,33.0,109.12313079833984,1.0,9.576678276062012
exemplar,274,exemplar,exemplar/archive_3/c5953b88-a18f-45ef-b053-a10de5b77f79.pt,5032.0,4081.709228515625,1673.0,3836.18701171875,0.0,0.0,0.0,3.947323799133301,16.0,272.9659118652344,1.0,158.08761596679688
exemplar,275,exemplar,exemplar/archive_3/c87c3130-88ad-4825-9f55-68c8d961414d.pt,160670.0,106541.2421875,82253.0,58675.55078125,66.0,89.7567138671875,0.0,0.0,618.0,582.560546875,92.0,42.92815017700195
exemplar,276,exemplar,exemplar/archive_3/c9149d5a-b5b0-47f3-a3f7-0bfb26bcc26a.pt,8039.0,14669.802734375,8344.0,13681.779296875,5.0,26.57892608642578,4.0,4.184219837188721,587.0,521.20361328125,160.0,146.2235107421875
exemplar,277,exemplar,exemplar/archive_3/ca8f38ac-e952-45d7-a4f5-d6e24a85588a.pt,930.0,2265.6796875,19.0,2105.167236328125,5.0,17.519411087036133,0.0,1.0900025367736816,523.0,124.74921417236328,1.0,2.7690634727478027
exemplar,278,exemplar,exemplar/archive_3/cbef8382-effa-4dc5-a6bc-9614f1772d1c.pt,866.0,18793.025390625,32.0,23781.4921875,5.0,3.207083225250244,0.0,5.630047798156738,524.0,2908.360107421875,1.0,535.2706298828125
exemplar,279,exemplar,exemplar/archive_3/ce72004b-1e4c-4a21-aed6-379cab5486bf.pt,10390.0,8301.279296875,14642.0,8963.9345703125,5.0,12.031400680541992,3.0,3.190639019012451,2875.0,384.5595703125,1024.0,181.96035766601562
exemplar,280,exemplar,exemplar/archive_3/cf4557ce-c04b-4f6e-95d5-2ef67749feec.pt,139851.0,62121.546875,87587.0,58888.07421875,12.0,25.00469207763672,0.0,10.191136360168457,3032.0,3389.529296875,2953.0,475.1685791015625
exemplar,281,exemplar,exemplar/archive_3/cfabdefd-a93f-4e93-b729-2f4c44a0e6df.pt,35782.0,161569.484375,1624.0,89175.3125,2118.0,295.222412109375,2.0,0.0,32.0,133.78036499023438,1.0,11.058829307556152
exemplar,282,exemplar,exemplar/archive_3/d6b83ff5-29c7-47f9-819c-d07f83d82b93.pt,6367.0,10817.7373046875,8139.0,10517.5205078125,6.0,27.99738311767578,1.0,3.0646214485168457,525.0,444.822021484375,192.0,176.22314453125
exemplar,283,exemplar,exemplar/archive_3/dab5f456-ccc2-4a72-9b87-e9bc7c20e029.pt,2806.0,1190.949462890625,2566.0,2169.58837890625,3.0,16.058643341064453,1.0,1.2167595624923706,503.0,314.3358459472656,128.0,77.86603546142578
exemplar,284,exemplar,exemplar/archive_3/dd896667-6c8d-4e6b-b951-01ef21962849.pt,106521.0,125561.2265625,5189.0,26467.435546875,5809.0,2221.81494140625,0.0,0.0,82.0,115.75363159179688,1.0,2.1770524978637695
exemplar,285,exemplar,exemplar/archive_3/dda9c4c0-57d6-4052-b555-2e8fb599475b.pt,2557.0,1390.653564453125,653.0,94.15790557861328,0.0,0.0,0.0,0.0,83.0,107.4608154296875,1.0,1.5825214385986328
exemplar,286,exemplar,exemplar/archive_3/de766c24-bdab-4176-a0dd-d9b2706491c9.pt,5306.0,11203.052734375,6778.0,10799.1298828125,8.0,30.702926635742188,2.0,3.198146104812622,328.0,450.486083984375,96.0,177.75413513183594
exemplar,287,exemplar,exemplar/archive_3/e11131f2-d974-4ada-b80f-a2f1298bdd41.pt,704.0,2265.043212890625,56.0,2210.551025390625,3.0,19.75270652770996,0.0,0.8925144076347351,24.0,102.39592742919922,1.0,2.886103868484497
exemplar,288,exemplar,exemplar/archive_3/e11b3965-6e57-43b8-a3a0-e83e94e5b616.pt,8039.0,14669.81640625,8344.0,13681.779296875,5.0,26.57892608642578,4.0,4.184219837188721,587.0,521.20361328125,160.0,146.2235107421875
exemplar,289,exemplar,exemplar/archive_3/e2c16677-3f06-4890-b4e7-0efbd1d94f95.pt,20335.0,11208.0869140625,28227.0,10805.765625,10.0,31.393428802490234,3.0,3.2415575981140137,2872.0,449.3005676269531,1024.0,179.53268432617188
exemplar,290,exemplar,exemplar/archive_3/e57ceb3b-5dc0-4127-bc68-868a6b1dee73.pt,947.0,1752.677001953125,781.0,2063.449462890625,2.0,51.47269058227539,0.0,0.0,25.0,125.9038314819336,1.0,16.42575454711914
exemplar,291,exemplar,exemplar/archive_3/eb42dbfe-9069-4c08-bb95-26221e0d0945.pt,34950.0,161569.484375,1624.0,89175.3125,2134.0,295.22271728515625,2.0,0.0,32.0,133.78036499023438,1.0,11.058829307556152
exemplar,292,exemplar,exemplar/archive_3/ecc6822e-1712-420f-bf26-a16ab0ce3dba.pt,35602.0,161569.484375,1624.0,89175.3984375,2114.0,295.22271728515625,2.0,0.0,32.0,133.78036499023438,1.0,11.05883502960205
exemplar,293,exemplar,exemplar/archive_3/ecf51998-8937-4724-9018-6a86368049b0.pt,9863.0,57201.796875,5829.0,31154.6015625,418.0,849.2359619140625,1.0,4.775199890136719,29.0,235.82000732421875,2.0,24.96731948852539
exemplar,294,exemplar,exemplar/archive_3/ee50ed59-19d1-41c1-8e61-3f822cfb42ff.pt,3402.0,11380.6416015625,482.0,407.4212341308594,0.0,0.0,0.0,11.865609169006348,18.0,554.121337890625,1.0,0.9790136814117432
exemplar,295,exemplar,exemplar/archive_3/f3a17e75-5fe1-4109-91ee-c0ad8c94ad33.pt,2806.0,1190.949462890625,2566.0,2169.58935546875,3.0,16.05864715576172,1.0,1.2167595624923706,503.0,314.3358459472656,128.0,77.86607360839844
exemplar,296,exemplar,exemplar/archive_3/f6040824-accb-468b-8f6b-ef5ae8b186f4.pt,38548.0,161569.171875,9454.0,89175.140625,2122.0,295.2221374511719,2.0,0.0,40.0,133.7802276611328,1.0,11.058829307556152
exemplar,297,exemplar,exemplar/archive_3/fb0ac19f-be36-46bf-8b05-dc7c4c7a44a9.pt,930.0,2265.677490234375,31.0,2105.167236328125,5.0,17.519411087036133,0.0,1.0900022983551025,524.0,124.74921417236328,1.0,2.769061803817749
exemplar,298,exemplar,exemplar/archive_3/fc0f1430-b62b-426d-b513-62314b7bd0ab.pt,5895.0,11203.052734375,6753.0,10799.1298828125,8.0,30.702903747558594,2.0,3.198146104812622,328.0,450.4858703613281,96.0,177.75413513183594
exemplar,299,exemplar,exemplar/archive_3/ff750069-8a1a-43e7-805d-ee4732963670.pt,9462.0,57201.90625,4241.0,31154.66015625,429.0,849.2359619140625,1.0,4.775204658508301,24.0,235.81979370117188,1.0,24.96731948852539
exemplar,300,exemplar,exemplar/archive_4/0a377130-21b9-41f1-b1d8-8f948b575b71.pt,884.0,1103.6824951171875,21.0,777.3416137695312,5.0,29.466184616088867,0.0,0.4775099754333496,523.0,129.03176879882812,1.0,9.131148338317871
exemplar,301,exemplar,exemplar/archive_4/189bf1a2-3b24-4280-9e2d-16a482d64e05.pt,26387.0,22051.318359375,1055.0,12889.1298828125,5.0,25.002262115478516,2.0,1.8812543153762817,544.0,130.92852783203125,11.0,22.925216674804688
exemplar,302,exemplar,exemplar/archive_4/1ddc2346-a367-4cb9-b052-104862f3d153.pt,2620.0,904.8978881835938,653.0,201.5689697265625,0.0,0.0,0.0,0.0,83.0,101.27200317382812,1.0,5.966254234313965
exemplar,303,exemplar,exemplar/archive_4/2012f675-4b3a-4d44-a52c-533e1a5686ad.pt,44864.0,157102.578125,18266.0,82068.984375,1959.0,326.46832275390625,6.0,0.0,286.0,116.37312316894531,6.0,10.250995635986328
exemplar,304,exemplar,exemplar/archive_4/218f0836-58b7-4a31-b3e5-feb2e0b8baf5.pt,5224.0,3548.19677734375,7000.0,3912.70458984375,128.0,55.21045684814453,0.0,0.0,414.0,137.41030883789062,64.0,14.326995849609375
exemplar,305,exemplar,exemplar/archive_4/24828ab5-d6f4-402b-8d0d-1f4316d3f0bc.pt,141266.0,62121.546875,86447.0,58888.07421875,12.0,25.00469207763672,0.0,10.191136360168457,2986.0,3389.529296875,2908.0,475.1685791015625
exemplar,306,exemplar,exemplar/archive_4/2b3a7651-e925-4edc-8c91-4cce0c803daf.pt,42883.0,47890.7734375,33519.0,51987.95703125,7.0,13.031576156616211,1.0,8.425642967224121,2079.0,2954.430908203125,2055.0,557.4048461914062
exemplar,307,exemplar,exemplar/archive_4/2d92e029-54c9-42a8-8400-ff86e21af205.pt,3305.0,8777.08203125,524.0,5277.236328125,0.0,0.0,0.0,4.3881025314331055,30.0,553.9027099609375,18.0,204.16555786132812
exemplar,308,exemplar,exemplar/archive_4/2f6c8850-6475-4336-b996-f3d0d54f1cb0.pt,141356.0,62121.546875,86396.0,58888.12890625,12.0,25.004703521728516,0.0,10.191136360168457,3036.0,3389.52587890625,2958.0,475.1683654785156
exemplar,309,exemplar,exemplar/archive_4/34caebe1-94b9-4f7c-bf8f-d1f1a14c9ae4.pt,3095.0,1189.04296875,2700.0,2159.563720703125,5.0,16.306106567382812,1.0,1.2123949527740479,588.0,314.1734924316406,160.0,78.41400909423828
exemplar,310,exemplar,exemplar/archive_4/3824541e-ee56-4d65-9c02-4382bf7c0189.pt,24256.0,16195.611328125,22261.0,12818.125,0.0,62.28346252441406,6.0,2.127983570098877,821.0,495.5406799316406,144.0,61.64862823486328
exemplar,311,exemplar,exemplar/archive_4/3aab06a7-4eae-47b9-848f-f281514dd686.pt,9359.0,1824.17626953125,7911.0,1843.3060302734375,0.0,0.0,3.0,0.9516090750694275,821.0,472.1941833496094,144.0,64.26191711425781
exemplar,312,exemplar,exemplar/archive_4/40416ef5-e7a5-4c4d-918e-702961928757.pt,20988.0,135496.515625,6540.0,56146.671875,3.0,847.7623291015625,1.0,0.0,38.0,258.9742736816406,2.0,43.001220703125
exemplar,313,exemplar,exemplar/archive_4/42238099-ebd6-4d1a-b7e3-eb0e58c08eaf.pt,53538.0,54775.9140625,59942.0,60943.2890625,133.0,16.12245750427246,4.0,10.350238800048828,2169.0,3217.294189453125,1906.0,499.39190673828125
exemplar,314,exemplar,exemplar/archive_4/436700eb-9a0b-4657-a1ab-0c897ff2a318.pt,46294.0,203533.125,25454.0,86475.921875,2133.0,2610.571044921875,2.0,0.0,43.0,272.08135986328125,2.0,20.72274398803711
exemplar,315,exemplar,exemplar/archive_4/45ce74b6-c127-486c-baa4-e41f747036c4.pt,21993.0,150534.0625,6696.0,61302.3125,5.0,879.09033203125,2.0,0.0,43.0,268.44915771484375,2.0,44.12594223022461
exemplar,316,exemplar,exemplar/archive_4/48a0e69b-505b-4541-a94e-46f99b98f807.pt,1382.0,681.0868530273438,1337.0,1343.4971923828125,2.0,14.90803337097168,0.0,1.0155112743377686,521.0,305.8597717285156,192.0,102.72752380371094
exemplar,317,exemplar,exemplar/archive_4/4db9bc2c-66bc-4c7a-9a03-cd0862dc81bf.pt,43456.0,25198.8671875,44327.0,20655.302734375,54.0,184.34625244140625,9.0,2.9829912185668945,828.0,305.44024658203125,144.0,46.99060821533203
exemplar,318,exemplar,exemplar/archive_4/4fdb2a6b-0614-43ed-97b8-dccd2ff200f7.pt,7448.0,8156.16455078125,8953.0,8847.2802734375,3.0,11.051675796508789,3.0,3.0374178886413574,2630.0,378.5625,1024.0,178.56716918945312
exemplar,319,exemplar,exemplar/archive_4/548bf9ee-eff8-4e75-b69a-c9db9b3d72e6.pt,25756.0,87548.453125,2805.0,41324.2734375,5.0,105.01625061035156,2.0,0.0,534.0,126.85298919677734,1.0,9.306267738342285
exemplar,320,exemplar,exemplar/archive_4/585d28bf-c9f5-4ff2-a8ad-c9fc4f31888c.pt,6486.0,78067.859375,454.0,42112.3828125,430.0,224.89035034179688,1.0,2.6922240257263184,18.0,93.53703308105469,1.0,10.468395233154297
exemplar,321,exemplar,exemplar/archive_4/596a91cf-3df6-463f-b1c6-65707df4f7a9.pt,7423.0,8140.1005859375,9003.0,8835.9208984375,5.0,11.060528755187988,3.0,3.052051067352295,2760.0,379.6750183105469,1024.0,178.29449462890625
exemplar,322,exemplar,exemplar/archive_4/5c9ecfa4-a74b-40cf-af7a-b727ed7ca083.pt,1143.0,2348.918701171875,708.0,1984.042724609375,107.0,27.28030014038086,0.0,0.5448346138000488,270.0,81.46559143066406,1.0,2.244765043258667
exemplar,323,exemplar,exemplar/archive_4/64424fcf-ad58-4dc1-82e0-e3868ab87fd6.pt,3130.0,687.403564453125,2898.0,1366.505615234375,5.0,14.69299030303955,2.0,1.101912260055542,2764.0,317.6766052246094,1024.0,97.64663696289062
exemplar,324,exemplar,exemplar/archive_4/6d55b2ed-ab05-4aba-a4a8-3f15f3dfd306.pt,56938.0,50814.10546875,8701.0,11950.302734375,0.0,0.0,0.0,0.0,89.0,358.12579345703125,2.0,25.79344367980957
exemplar,325,exemplar,exemplar/archive_4/77643d2e-ad72-4bcc-b6e9-1a147858d106.pt,35752.0,26008.0703125,57348.0,22564.6953125,149.0,86.64572143554688,7.0,4.42821741104126,862.0,721.5961303710938,128.0,139.6592254638672
exemplar,326,exemplar,exemplar/archive_4/78a6191a-884a-46bd-88ca-cc672b209ed2.pt,62771.0,192237.578125,34172.0,82102.8046875,1980.0,2928.53857421875,7.0,0.0,289.0,296.90155029296875,5.0,22.107372283935547
exemplar,327,exemplar,exemplar/archive_4/793ea687-01ef-44be-b851-29489b1d2453.pt,9606.0,18018.22265625,14135.0,16039.4658203125,5.0,39.7943000793457,4.0,4.680187225341797,1080.0,559.9684448242188,160.0,125.59740447998047
exemplar,328,exemplar,exemplar/archive_4/7e1e21b3-d775-40d7-b923-9c251c8ff98f.pt,42926.0,182490.1875,10071.0,78478.71875,2045.0,2529.282470703125,1.0,0.0,32.0,265.4724426269531,1.0,20.910568237304688
exemplar,329,exemplar,exemplar/archive_4/81049602-6fd0-431d-9dbd-aef3d91e01e8.pt,7371.0,8156.16455078125,8872.0,8847.2802734375,3.0,11.051675796508789,3.0,3.0374183654785156,2628.0,378.5625,1024.0,178.5672607421875
exemplar,330,exemplar,exemplar/archive_4/88b89300-6a68-4bc1-b5ca-e93bef2c30ab.pt,58.0,242.4879913330078,5.0,5.649931907653809,0.0,0.0,0.0,8.815254211425781,16.0,917.88818359375,1.0,2.725571870803833
exemplar,331,exemplar,exemplar/archive_4/898dad40-db7b-47cd-af97-3522c21a66a7.pt,5172.0,24265.828125,1949.0,17392.171875,2.0,28.718950271606445,1.0,2.598137617111206,49.0,408.9906005859375,12.0,68.9234619140625
exemplar,332,exemplar,exemplar/archive_4/89d891b2-fb1f-42c9-a51c-82cb5df44342.pt,6081.0,13533.95703125,5590.0,11637.8779296875,2.0,12.6039400100708,0.0,4.5503315925598145,310.0,779.6907958984375,294.0,278.23077392578125
exemplar,333,exemplar,exemplar/archive_4/8b0e6e47-4421-4097-acfc-430e933fda9e.pt,63.0,1330.85546875,1.0,600.263671875,0.0,0.0,0.0,3.9105358123779297,12.0,388.8801574707031,1.0,99.57672882080078
exemplar,334,exemplar,exemplar/archive_4/8b353157-f769-4d64-a2b9-0ec8c60ed8a1.pt,2664.0,8777.08203125,782.0,5277.2412109375,0.0,0.0,0.0,4.388103008270264,39.0,553.9029541015625,24.0,204.1656494140625
exemplar,335,exemplar,exemplar/archive_4/8c5381e4-a0a9-4d25-8d9f-a7dc0defa1fa.pt,5066.0,3548.193603515625,4598.0,3912.70458984375,128.0,55.21043014526367,0.0,0.0,409.0,137.41030883789062,64.0,14.326995849609375
exemplar,336,exemplar,exemplar/archive_4/8c92183a-750e-4a40-bed6-f6bf66068a7a.pt,6594.0,10727.2001953125,5240.0,8329.4814453125,4.0,19.332277297973633,0.0,4.270691871643066,128.0,381.15948486328125,88.0,76.75985717773438
exemplar,337,exemplar,exemplar/archive_4/90a548ee-6183-405f-a8d9-33388f78d5ca.pt,14980.0,10877.33984375,18614.0,10565.83203125,7.0,28.47771453857422,3.0,3.0840134620666504,2633.0,445.54388427734375,1024.0,177.28042602539062
exemplar,338,exemplar,exemplar/archive_4/914614f2-637f-4b82-88d3-a9493d2e4e55.pt,34508.0,26008.021484375,47632.0,22564.65234375,149.0,86.64530944824219,9.0,4.428217887878418,838.0,721.5961303710938,128.0,139.65928649902344
exemplar,339,exemplar,exemplar/archive_4/93e7c6b7-e200-4cf5-a00f-14a34b93201c.pt,9091.0,47408.265625,7139.0,51326.23828125,6.0,12.968074798583984,1.0,8.31743049621582,438.0,2929.20068359375,423.0,546.3714599609375
exemplar,340,exemplar,exemplar/archive_4/9534d794-7535-4fdc-b445-c2419b20ffaf.pt,29208.0,124901.96875,3870.0,52996.6640625,5.0,816.3645629882812,2.0,0.0,532.0,263.9361267089844,1.0,44.290313720703125
exemplar,341,exemplar,exemplar/archive_4/964aaac0-3bed-4318-bea6-21d50ad72c0e.pt,21176.0,10318.4921875,32593.0,10865.7685546875,128.0,14.283411026000977,8.0,3.4036271572113037,2889.0,468.90325927734375,1024.0,180.69052124023438
exemplar,342,exemplar,exemplar/archive_4/97dbcdf5-c848-49aa-9352-d36fb012c09e.pt,2168.0,19833.873046875,290.0,11124.37890625,0.0,0.0,0.0,5.2968549728393555,80.0,2633.6630859375,1.0,323.0133056640625
exemplar,343,exemplar,exemplar/archive_4/98139b78-5b5f-48a0-80de-d9b6e3d24d09.pt,912.0,1752.677001953125,743.0,2063.449462890625,2.0,51.47267532348633,0.0,0.0,24.0,125.9038314819336,1.0,16.42575454711914
exemplar,344,exemplar,exemplar/archive_4/9a1f36d7-2816-4b0f-b8b5-b2e65627cf2e.pt,2738.0,2669.391357421875,2633.0,3137.706787109375,5.0,41.60001754760742,14.0,0.0,537.0,139.6185760498047,3.0,12.843442916870117
exemplar,345,exemplar,exemplar/archive_4/9a6997d9-2bd1-4ff6-9a73-f05621c1f081.pt,21988.0,8714.49609375,24276.0,8868.908203125,0.0,5.765162467956543,5.0,2.1682190895080566,6583.0,858.6276245117188,1296.0,399.96209716796875
exemplar,346,exemplar,exemplar/archive_4/9ada9795-eb64-47d0-aa19-a9162b706a25.pt,55454.0,157734.921875,9473.0,89852.453125,2327.0,246.69129943847656,2.0,6.304195404052734,534.0,149.11721801757812,1.0,11.771674156188965
exemplar,347,exemplar,exemplar/archive_4/9b0c91ce-b9b1-429d-9742-7450ed142395.pt,3275.0,8312.36328125,3636.0,8778.8828125,2.0,12.139078140258789,2.0,2.8406660556793213,328.0,366.099853515625,96.0,188.6170654296875
exemplar,348,exemplar,exemplar/archive_4/9c54421a-7338-494a-8474-d9074a9ecf97.pt,2416.0,2348.91748046875,390.0,1984.041748046875,111.0,27.28030014038086,0.0,0.5448344349861145,265.0,81.46559143066406,1.0,2.244765043258667
exemplar,349,exemplar,exemplar/archive_4/9d448692-78f8-4d5c-8088-898eb5995a9b.pt,9619.0,1605.68896484375,8367.0,2180.49365234375,0.0,0.0,4.0,1.949838399887085,6581.0,995.7999267578125,1296.0,393.7297668457031
exemplar,350,exemplar,exemplar/archive_4/9e38eb64-1cfe-4f12-9432-22bdf4a349e1.pt,9207.0,47408.265625,6958.0,51326.23828125,6.0,12.968080520629883,1.0,8.31743049621582,435.0,2929.19921875,420.0,546.3711547851562
exemplar,351,exemplar,exemplar/archive_4/a391283d-e967-49dc-b6bc-4b02d35e002e.pt,9507.0,1605.688232421875,8401.0,2180.49365234375,0.0,0.0,4.0,1.949838399887085,6582.0,995.7999267578125,1296.0,393.7295837402344
exemplar,352,exemplar,exemplar/archive_4/a3ea0c4f-3403-453c-81e8-4c9371ba8d41.pt,64857.0,154748.953125,21215.0,46011.6875,0.0,0.0,0.0,0.0,101.0,494.376220703125,2.0,7.398260116577148
exemplar,353,exemplar,exemplar/archive_4/aab521f7-157c-46ec-bffc-c37761dff1db.pt,52704.0,25550.537109375,32026.0,20986.916015625,24.0,37.93879699707031,1.0,3.4813733100891113,392.0,323.32586669921875,99.0,64.79114532470703
exemplar,354,exemplar,exemplar/archive_4/ab77bd50-b36b-4b19-913c-cd01ff0e8a94.pt,6695.0,11203.04296875,7690.0,10799.1298828125,8.0,30.702880859375,2.0,3.1981465816497803,333.0,450.4858703613281,96.0,177.75413513183594
exemplar,355,exemplar,exemplar/archive_4/acd0fc9a-5e08-4344-88ef-ada264891cb6.pt,59520.0,71117.1015625,9351.0,4362.50537109375,0.0,0.0,0.0,0.0,89.0,134.53421020507812,1.0,1.7522538900375366
exemplar,356,exemplar,exemplar/archive_4/ad9bbfab-8ff4-49f3-8d9c-ab37947d788a.pt,29483.0,124901.96875,4514.0,52996.6640625,5.0,816.3645629882812,2.0,0.0,538.0,263.9360046386719,2.0,44.29033660888672
exemplar,357,exemplar,exemplar/archive_4/b1e95b21-3d49-4f0f-9eb6-fc4835b0816b.pt,3299.0,1375.7080078125,4040.0,2350.75244140625,5.0,18.912126541137695,0.0,1.2188539505004883,1084.0,293.7767333984375,160.0,66.50193786621094
exemplar,358,exemplar,exemplar/archive_4/b3e352b0-02aa-42e9-b905-77d4b7f1dfd1.pt,3057.0,688.3692626953125,2828.0,1366.69287109375,3.0,14.674398422241211,2.0,1.0967998504638672,2631.0,317.20330810546875,1024.0,97.5561752319336
exemplar,359,exemplar,exemplar/archive_4/b3ee34d7-b26c-4327-9077-79e2513947cc.pt,345.0,580.9671630859375,297.0,350.9653015136719,0.0,0.0,0.0,7.692360877990723,17.0,881.4810180664062,1.0,8.102825164794922
exemplar,360,exemplar,exemplar/archive_4/b3ff10dc-d76f-4720-bd29-4bf354efbe46.pt,22877.0,92960.125,798.0,43111.6484375,3.0,131.5440673828125,1.0,0.0,28.0,109.12313079833984,1.0,9.576678276062012
exemplar,361,exemplar,exemplar/archive_4/b4dfdcc1-4667-49f1-ac5b-183e7ecc2ebc.pt,52.0,242.4878692626953,1.0,5.649925231933594,0.0,0.0,0.0,8.815256118774414,13.0,917.88818359375,1.0,2.725571870803833
exemplar,362,exemplar,exemplar/archive_4/b5c285f0-db91-4f79-9db6-e8a7c94edf84.pt,21851.0,93650.453125,3533.0,43461.640625,5.0,131.13685607910156,2.0,0.0,39.0,111.79258728027344,1.0,9.799477577209473
exemplar,363,exemplar,exemplar/archive_4/b624fe6a-af6a-49d1-9462-76d216decf06.pt,13427.0,21212.98046875,16969.0,18755.01171875,24.0,78.05293273925781,5.0,4.501278400421143,507.0,628.765625,128.0,137.96395874023438
exemplar,364,exemplar,exemplar/archive_4/b8f39c72-91d2-4d02-b05c-57c42cb15022.pt,2269.0,25568.4296875,1696.0,29344.76171875,109.0,3.380183458328247,0.0,6.031156539916992,272.0,3148.921630859375,1.0,500.7191467285156
exemplar,365,exemplar,exemplar/archive_4/bba17e96-bfc6-4f7b-a3b3-e191e54db17e.pt,14842.0,21212.9609375,17106.0,18754.994140625,24.0,78.05259704589844,5.0,4.501279830932617,505.0,628.765625,128.0,137.96408081054688
exemplar,366,exemplar,exemplar/archive_4/c0318fb8-5cf4-4868-a6e3-376c95dee192.pt,6459.0,52041.828125,230.0,23000.06640625,2.0,123.67023468017578,1.0,0.0,18.0,64.87939453125,1.0,8.135711669921875
exemplar,367,exemplar,exemplar/archive_4/c21d74eb-cbc9-46a8-8b36-055d46bcd75f.pt,15484.0,21084.59765625,17459.0,18651.837890625,26.0,76.62663269042969,6.0,4.474145412445068,591.0,627.7841796875,160.0,138.93344116210938
exemplar,368,exemplar,exemplar/archive_4/c3db69c9-fbf2-4375-ae82-034c48a2402e.pt,8039.0,14669.802734375,8344.0,13681.7666015625,5.0,26.57892608642578,4.0,4.1842193603515625,587.0,521.20361328125,160.0,146.2235107421875
exemplar,369,exemplar,exemplar/archive_4/c450d8f6-023f-4ab0-85f6-0934c9d8e967.pt,402.0,302.7994384765625,354.0,316.8598327636719,0.0,0.0,0.0,4.070067405700684,19.0,210.32623291015625,1.0,82.96322631835938
exemplar,370,exemplar,exemplar/archive_4/c5aa81c6-cac5-44db-bb2d-0450c909ea9f.pt,64637.0,49411.3515625,46157.0,54218.5,10.0,12.616111755371094,2.0,8.685354232788086,2214.0,3105.556884765625,1691.0,628.2103271484375
exemplar,371,exemplar,exemplar/archive_4/ca4b5a45-6965-4ecb-9d2e-38ddff7463e5.pt,9741.0,8301.279296875,14518.0,8963.9267578125,5.0,12.03140926361084,3.0,3.190639019012451,2872.0,384.5599365234375,1024.0,181.96026611328125
exemplar,372,exemplar,exemplar/archive_4/cc1c90d0-9335-4c05-bf3a-b750ec5adc20.pt,3275.0,8312.36328125,3636.0,8778.8740234375,2.0,12.139081954956055,2.0,2.840665578842163,328.0,366.099853515625,96.0,188.6170654296875
exemplar,373,exemplar,exemplar/archive_4/cc2d357e-c3ae-491b-b7d7-703727137e95.pt,20159.0,17982.291015625,35143.0,16061.478515625,128.0,29.907114028930664,6.0,4.031758785247803,856.0,630.7582397460938,128.0,150.84286499023438
exemplar,374,exemplar,exemplar/archive_4/cd22e983-c9c3-4d45-929b-a53cb807295c.pt,5147.0,48281.3125,1377.0,16834.837890625,267.0,96.82334899902344,0.0,10.935819625854492,20.0,328.04656982421875,1.0,1.9483168125152588
exemplar,375,exemplar,exemplar/archive_4/d2dd5e51-59c3-41f2-aa1b-e0f82ffe6545.pt,7939.0,14669.802734375,8237.0,13681.7666015625,5.0,26.57893180847168,4.0,4.1842193603515625,584.0,521.20361328125,160.0,146.2235107421875
exemplar,376,exemplar,exemplar/archive_4/d89b0478-e5aa-475d-af6f-3e044a842d22.pt,23288.0,41889.55078125,3553.0,45285.796875,5.0,8.7715482711792,2.0,7.439572811126709,81.0,3625.99365234375,53.0,644.4124755859375
exemplar,377,exemplar,exemplar/archive_4/d8f74d4e-05f1-4955-86f0-830ca762b176.pt,10390.0,8301.279296875,14642.0,8963.9267578125,5.0,12.03140640258789,3.0,3.190639019012451,2875.0,384.55975341796875,1024.0,181.96026611328125
exemplar,378,exemplar,exemplar/archive_4/d9f93158-6ccc-4d2b-a170-237f34ce5331.pt,4848.0,48281.40625,532.0,16834.884765625,281.0,96.82339477539062,0.0,10.935822486877441,14.0,328.0464172363281,1.0,1.9483168125152588
exemplar,379,exemplar,exemplar/archive_4/da3f016e-20ab-4fd7-952a-595b8f71f7af.pt,22664.0,16387.267578125,1522.0,10451.76171875,3.0,15.163091659545898,1.0,1.4256572723388672,41.0,134.96543884277344,10.0,35.50482177734375
exemplar,380,exemplar,exemplar/archive_4/db688f60-06c1-4a90-9135-f24939f749c1.pt,86.0,1200.072265625,5.0,883.8359985351562,2.0,40.21458435058594,0.0,0.0,15.0,64.80319213867188,1.0,2.6927316188812256
exemplar,381,exemplar,exemplar/archive_4/de2b487d-3146-4596-8935-9b3df1e70a4f.pt,7720.0,14750.68359375,8021.0,13766.11328125,3.0,26.652772903442383,4.0,4.251586437225342,500.0,523.4404907226562,128.0,146.10885620117188
exemplar,382,exemplar,exemplar/archive_4/deae57f3-6e32-43b3-82ae-eb94666b0ec5.pt,68.0,242.4878692626953,1.0,5.649925231933594,0.0,0.0,0.0,8.815256118774414,12.0,917.88818359375,1.0,2.7255754470825195
exemplar,383,exemplar,exemplar/archive_4/dff07353-88f8-4592-9a88-cda83160792d.pt,44477.0,25198.8671875,44202.0,20655.302734375,54.0,184.34616088867188,9.0,2.9829907417297363,828.0,305.44024658203125,144.0,46.99060821533203
exemplar,384,exemplar,exemplar/archive_4/e276239b-fb1a-42fe-a821-26f171cd3740.pt,7705.0,986.3516235351562,10113.0,1805.646240234375,128.0,17.711212158203125,2.0,1.2462886571884155,3010.0,352.428955078125,1024.0,104.93549346923828
exemplar,385,exemplar,exemplar/archive_4/e950ae24-8149-4902-abb3-92bbe2aecd63.pt,1400.0,681.0875244140625,1336.0,1343.497802734375,2.0,14.908029556274414,0.0,1.0155112743377686,521.0,305.8597717285156,192.0,102.72752380371094
exemplar,386,exemplar,exemplar/archive_4/eaba7bd5-f8e5-45c7-8194-e722f3af20ff.pt,2340.0,904.8987426757812,218.0,201.56907653808594,0.0,0.0,0.0,0.0,79.0,101.27200317382812,1.0,5.966254234313965
exemplar,387,exemplar,exemplar/archive_4/ead2ec1e-40d8-4acc-91c8-0d319af0c066.pt,55689.0,25503.84375,31223.0,20963.26953125,27.0,37.82695770263672,2.0,3.490067720413208,402.0,323.77032470703125,105.0,64.912353515625
exemplar,388,exemplar,exemplar/archive_4/eb5a1ea8-c51d-4bb9-b7b4-75eed4853c86.pt,20451.0,17982.291015625,34313.0,16061.478515625,128.0,29.907114028930664,6.0,4.0317583084106445,857.0,630.7579345703125,128.0,150.84286499023438
exemplar,389,exemplar,exemplar/archive_4/ebce0d5b-5f05-4508-8ee8-3f25e158eb65.pt,7101.0,6042.1708984375,3358.0,6858.6796875,307.0,11.415534973144531,0.0,4.029160022735596,15.0,357.0690612792969,1.0,204.0975799560547
exemplar,390,exemplar,exemplar/archive_4/ecd4a3ae-951b-4cf2-9c32-79bbf5637673.pt,3041.0,3002.575927734375,1909.0,3543.99560546875,5.0,40.711097717285156,0.0,0.0,40.0,135.6006622314453,3.0,12.300500869750977
exemplar,391,exemplar,exemplar/archive_4/ed65d0b7-0b0c-4b25-b9b3-bba6415e835f.pt,56036.0,25503.8671875,34149.0,20963.291015625,27.0,37.8270149230957,2.0,3.490070343017578,398.0,323.7706298828125,101.0,64.91238403320312
exemplar,392,exemplar,exemplar/archive_4/ef021cd3-8378-4d1e-9f1f-070602c5f684.pt,64588.0,49411.3984375,47501.0,54218.5546875,10.0,12.616130828857422,2.0,8.6853609085083,2228.0,3105.553955078125,1704.0,628.2100830078125
exemplar,393,exemplar,exemplar/archive_4/ef2865d0-3f5b-4b1f-8655-ff7d550736c2.pt,132.0,1200.0711669921875,42.0,883.8351440429688,2.0,40.21455383300781,0.0,0.0,18.0,64.80319213867188,1.0,2.6927316188812256
exemplar,394,exemplar,exemplar/archive_4/efa78183-092f-4770-86fd-d318cda4daa2.pt,9862.0,57201.796875,5912.0,31154.6015625,425.0,849.234375,1.0,4.7751970291137695,29.0,235.82000732421875,2.0,24.96733856201172
exemplar,395,exemplar,exemplar/archive_4/f1369026-b6ce-4401-8f3a-9079a7bb9cfb.pt,64836.0,192237.578125,52517.0,82102.7265625,1977.0,2928.53857421875,4.0,0.0,313.0,296.90155029296875,9.0,22.10736083984375
exemplar,396,exemplar,exemplar/archive_4/f2ac7800-495d-44fc-81ae-b3c9fdc3656d.pt,65321.0,154748.953125,21362.0,46011.6875,0.0,0.0,0.0,0.0,101.0,494.3759765625,2.0,7.398260116577148
exemplar,397,exemplar,exemplar/archive_4/f9012451-79a9-4be9-be03-9b56617d2e21.pt,5018.0,3548.19677734375,4604.0,3912.70458984375,128.0,55.21043014526367,0.0,0.0,409.0,137.41030883789062,64.0,14.326995849609375
exemplar,398,exemplar,exemplar/archive_4/f91aaca3-3e17-40f5-8dbc-f91b66fb6ff6.pt,14813.0,10843.3447265625,18681.0,10547.083984375,9.0,28.395952224731445,3.0,3.107658863067627,2767.0,445.6143798828125,1024.0,176.88021850585938
exemplar,399,exemplar,exemplar/archive_4/fe7e730c-d073-4096-b2ee-40007ede4bd8.pt,26547.0,124902.0859375,5472.0,52996.71484375,5.0,816.3653564453125,2.0,0.0,538.0,263.9360046386719,2.0,44.29034423828125
