split,dataset_index,kernel_family,tensor_path,target_lut,prediction_lut,target_ff,prediction_ff,target_dsp,prediction_dsp,target_bram,prediction_bram,target_cycles_max,prediction_cycles_max,target_interval_max,prediction_interval_max
test,5,2layer,2layer/archive_1/0e501e7a-8a7e-4233-a38f-8c4299d1b20b.pt,4427.0,7846.2197265625,4642.0,6070.93408203125,2.0,1.5504519939422607,0.5,1.3505053520202637,1412.0,1853.961181640625,1280.0,1357.2567138671875
test,9,2layer,2layer/archive_1/18280638-35c3-4ac7-877a-fe029f413ead.pt,18331.0,18617.12890625,16012.0,14136.0703125,0.0,0.0,6.0,2.9358556270599365,3877.0,3837.716796875,2464.0,1768.2391357421875
test,10,2layer,2layer/archive_1/193f123f-9fe7-4326-a99f-46cbe91f2168.pt,10682.0,11899.837890625,8613.0,9348.2294921875,0.0,0.0,1.5,1.8781236410140991,4037.0,4705.830078125,2496.0,2647.901611328125
test,13,2layer,2layer/archive_1/28f27352-4968-4846-8e24-fbf005003fc0.pt,21462.0,20185.806640625,14645.0,14209.7802734375,3.0,3.267711877822876,3.0,2.0557456016540527,8965.0,7169.3681640625,5120.0,4182.5556640625
test,16,2layer,2layer/archive_1/3837a7d5-0c0e-4596-8191-a70ace44a780.pt,10282.0,9447.8681640625,7961.0,7259.66943359375,1.0,1.0139148235321045,1.0,1.0138543844223022,1605.0,2029.90576171875,960.0,1284.7490234375
test,23,2layer,2layer/archive_1/5902f8e5-9539-4fef-b6d3-2d59841dfa35.pt,23650.0,20708.51953125,15141.0,13939.251953125,6.0,4.20397424697876,1.5,1.5100127458572388,3957.0,4324.26904296875,2496.0,2428.68408203125
test,31,2layer,2layer/archive_1/6a7ab3f1-833f-4330-9401-1daee0b9b457.pt,20970.0,18454.509765625,13102.0,12785.830078125,4.0,3.194767475128174,2.0,1.711147665977478,5381.0,6111.7734375,2912.0,3687.45556640625
test,33,2layer,2layer/archive_1/6fdbe1c4-08f0-46fa-ac3d-070d8b7126e9.pt,20185.0,21034.84765625,15404.0,15587.74609375,0.0,0.0,1.5,2.0019519329071045,4325.0,3680.3427734375,2304.0,1875.25146484375
test,36,2layer,2layer/archive_1/78e928e4-f7e4-40c9-b6b4-8fd5186928b1.pt,21070.0,22339.603515625,17217.0,17797.6953125,0.0,0.0,3.0,2.4804978370666504,8197.0,7137.2666015625,5120.0,3578.50439453125
test,39,2layer,2layer/archive_1/80236500-af6b-41d2-a063-6bdd779fca11.pt,23743.0,20607.115234375,16289.0,15134.5654296875,0.0,0.0,8.0,4.409532070159912,1989.0,2438.580810546875,1024.0,1038.7745361328125
test,40,2layer,2layer/archive_1/80788302-2292-4caa-a003-821aed591a4a.pt,25839.0,24986.09765625,19958.0,16988.3046875,0.0,0.0,1.0,2.2156968116760254,3589.0,3757.102294921875,1792.0,1874.2890625
test,45,2layer,2layer/archive_1/8491a254-4f47-453e-8a27-5b6e15733e2d.pt,19810.0,17464.37890625,12208.0,12317.125,4.0,3.0369644165039062,2.0,1.7105998992919922,4709.0,6300.91943359375,2464.0,4012.8583984375
test,50,2layer,2layer/archive_1/8fa8fee2-a29c-49de-af50-ddba5830bd36.pt,24892.0,21270.12890625,17980.0,16439.36328125,0.0,0.0,4.5,3.1407289505004883,6725.0,5979.7626953125,3840.0,2971.2177734375
test,58,2layer,2layer/archive_1/a77cb707-ea79-4f1c-b0be-3c48ad115929.pt,13875.0,15110.8251953125,9757.0,10084.4990234375,6.0,4.6868577003479,1.0,0.9761345386505127,2117.0,1763.13232421875,1152.0,1197.0452880859375
test,74,2layer,2layer/archive_1/cd02c6b2-1a29-4fdd-9daf-92dc46e656fe.pt,30122.0,28338.564453125,15300.0,16763.36328125,14.0,11.68368911743164,7.0,1.2984845638275146,2085.0,1982.927978515625,1120.0,1176.916748046875
test,85,2layer,2layer/archive_1/e2d32045-fe85-41fa-87fd-34469cfd2b33.pt,17230.0,15672.6416015625,12142.0,11092.63671875,4.0,3.3733432292938232,2.0,1.586606740951538,3845.0,2909.8076171875,1920.0,1678.3702392578125
test,88,2layer,2layer/archive_1/e71cebc8-9c8d-4db4-af21-b5ffd3e7d1e9.pt,6342.0,8805.3232421875,6039.0,6640.626953125,2.0,1.7796543836593628,1.0,1.2677193880081177,2501.0,2040.4324951171875,1920.0,1401.85400390625
test,105,2layer,2layer/archive_2/0e95ad61-8028-4bb9-ae14-0e6e4725adec.pt,25490.0,22599.88671875,14706.0,14841.6328125,8.0,5.100917339324951,1.0,1.5069857835769653,3461.0,4547.96533203125,1872.0,2474.75
test,110,2layer,2layer/archive_2/1d49f5b4-a149-4735-93ae-1354280d2181.pt,21138.0,23107.251953125,12730.0,14191.333984375,9.0,8.84461498260498,1.0,1.0540324449539185,2309.0,1942.654541015625,1280.0,1130.4521484375
test,118,2layer,2layer/archive_2/2b5bcf33-a7e5-455b-a676-40dc80ad105e.pt,18960.0,16814.138671875,11225.0,11842.390625,3.0,2.957324504852295,2.0,1.6381232738494873,4965.0,5766.3525390625,2560.0,3674.277587890625
test,129,2layer,2layer/archive_2/47a23286-3cd6-4917-bebc-c3c14fe64538.pt,12763.0,12423.72265625,10536.0,9402.6064453125,2.0,2.2862491607666016,1.0,1.7660713195800781,2117.0,4578.609375,1408.0,3106.484375
test,138,2layer,2layer/archive_2/5d0eb902-1bc3-48ca-b0d4-3d6de45181de.pt,24382.0,24913.974609375,18225.0,19560.359375,0.0,0.0,2.5,2.714123487472534,8165.0,7711.45654296875,5280.0,3849.864501953125
test,140,2layer,2layer/archive_2/65ee1758-1d06-491d-a879-bc81bb7249f9.pt,9340.0,10421.4814453125,6908.0,7346.0546875,3.0,2.7827038764953613,1.0,0.9285759925842285,2021.0,1333.26513671875,1152.0,858.7587890625
test,148,2layer,2layer/archive_2/7e1727a1-0ff8-4992-b05a-0691712f8fd0.pt,22263.0,19253.654296875,14885.0,12968.29296875,6.0,3.6394333839416504,1.5,1.6609141826629639,3541.0,4098.35693359375,2080.0,2457.09814453125
test,150,2layer,2layer/archive_2/802b8c33-0ab8-4651-ba3e-c0c35f7cfe79.pt,31673.0,31091.23046875,19693.0,19598.7890625,7.0,5.467247009277344,1.5,2.5180530548095703,5125.0,7002.3583984375,3072.0,3661.51708984375
test,152,2layer,2layer/archive_2/835d1772-8af4-491d-969a-1590057430d9.pt,10199.0,9450.9873046875,6318.0,7148.7802734375,2.0,1.8541817665100098,1.0,1.3338783979415894,1925.0,2310.615234375,1408.0,1642.5408935546875
test,162,2layer,2layer/archive_2/92a3099f-2ff0-4f81-a4f5-3e4983dee369.pt,20273.0,16289.5029296875,13937.0,12095.6103515625,2.0,2.817033290863037,1.5,1.9928988218307495,5381.0,6188.97412109375,3584.0,3912.947265625
test,173,2layer,2layer/archive_2/bfa0bcb1-a253-411f-be39-71dd5517df73.pt,18753.0,16241.458984375,13648.0,12321.1669921875,0.0,0.0,3.0,2.429835319519043,3717.0,3485.6123046875,1920.0,1724.2288818359375
test,174,2layer,2layer/archive_2/c2bd5389-a08c-42ec-8b3c-5e01479d314d.pt,13609.0,16413.279296875,12664.0,11998.6123046875,0.0,0.0,2.5,1.7387897968292236,6149.0,5229.94580078125,5376.0,2918.46875
test,180,2layer,2layer/archive_2/cc5668f5-d37e-49ec-876f-52d4173ccde5.pt,19022.0,16377.033203125,11885.0,11536.1748046875,4.0,3.3861494064331055,1.0,1.4006882905960083,3717.0,3667.3232421875,1920.0,2192.271484375
test,185,2layer,2layer/archive_2/d6f6caf0-10ec-4d93-ad62-95a7beaec004.pt,13306.0,11010.599609375,7571.0,8169.84375,2.0,2.1042158603668213,1.5,1.4272990226745605,3077.0,3040.51806640625,2496.0,2179.62109375
test,188,2layer,2layer/archive_2/e5344317-1ff4-480a-9e6f-b91dcb1fc112.pt,26475.0,24567.244140625,15665.0,15670.7578125,10.0,6.246439456939697,1.5,1.5560641288757324,3525.0,4638.986328125,2112.0,2492.09326171875
test,191,2layer,2layer/archive_2/ecf1f155-c2ee-4cac-bb25-b90e33da8203.pt,17569.0,18052.2109375,10860.0,11549.859375,6.0,5.450006484985352,1.0,1.1376301050186157,2469.0,1881.22216796875,1344.0,1323.8941650390625
test,193,2layer,2layer/archive_2/f2428e9d-edd8-42e7-99c6-e046e4644daf.pt,16523.0,17060.39453125,12656.0,12953.2373046875,0.0,0.0,2.5,2.449186325073242,6341.0,5496.78515625,3456.0,2859.671875
test,198,2layer,2layer/archive_2/fe60de96-e0a9-4ea9-8814-8ce712e4cdfc.pt,21443.0,20501.826171875,16272.0,14549.3046875,0.0,0.0,4.5,2.821173906326294,5205.0,3860.5478515625,2704.0,1884.02978515625
test,201,2layer,2layer/archive_3/0956ec5b-0763-4499-a2a8-9a9a04a35bf3.pt,17678.0,16741.779296875,11296.0,12568.634765625,0.0,0.0,2.0,1.772778868675232,2149.0,2207.748779296875,1248.0,1094.8709716796875
test,212,2layer,2layer/archive_3/24ea1913-f519-412c-ad65-b98cebea76f5.pt,14996.0,14698.0498046875,10618.0,11373.599609375,0.0,0.0,2.0,2.065946102142334,6149.0,5432.42333984375,3840.0,3096.37744140625
test,229,2layer,2layer/archive_3/526cd48b-c15d-4ced-9692-a7198315280f.pt,15522.0,14718.3203125,9324.0,10044.0390625,0.0,0.0,1.5,1.2917550802230835,4229.0,2920.94775390625,3072.0,1856.37744140625
test,231,2layer,2layer/archive_3/5584b981-88c7-47dc-ae9f-6f9de8af9049.pt,18738.0,18906.498046875,12289.0,12269.4296875,8.0,6.968518257141113,5.0,3.1119251251220703,2165.0,2032.175048828125,1280.0,1115.940185546875
test,236,2layer,2layer/archive_3/64a73bab-f3a9-4a81-8efe-0260acfe8919.pt,9006.0,8963.439453125,5686.0,6724.044921875,2.0,1.8167688846588135,1.0,1.2286649942398071,1669.0,1860.345947265625,1152.0,1267.56103515625
test,247,2layer,2layer/archive_3/76c63687-fb2b-4102-8cf7-6600c48ac04c.pt,14930.0,16450.388671875,11255.0,12601.439453125,0.0,0.0,2.0,1.849304437637329,6341.0,5653.94921875,4608.0,3171.248046875
test,249,2layer,2layer/archive_3/7fa826ee-4602-4d40-a55b-e7230afc70e9.pt,24914.0,25613.435546875,14010.0,15411.9951171875,12.0,10.986051559448242,1.0,1.1923407316207886,2165.0,2205.0341796875,1152.0,1162.254638671875
test,262,2layer,2layer/archive_3/96ddafdb-c1a1-464d-a77e-1f6956a91deb.pt,29596.0,25651.326171875,15628.0,16005.1748046875,10.0,9.572540283203125,1.0,1.353749394416809,2397.0,2046.6358642578125,1248.0,1184.8551025390625
test,264,2layer,2layer/archive_3/98c7083e-8b81-4b46-99a6-9214ede4dd8c.pt,30491.0,28657.33984375,17939.0,18541.201171875,4.0,4.833830833435059,3.0,2.382012128829956,10213.0,8205.681640625,5280.0,4454.10498046875
test,265,2layer,2layer/archive_3/9a8a2054-ac77-4816-b009-5dcfec1f31aa.pt,15698.0,16289.28515625,10446.0,10951.728515625,6.0,4.600301742553711,1.0,1.1581488847732544,1541.0,1851.653076171875,1024.0,1248.995361328125
test,280,2layer,2layer/archive_3/d29cbb53-9b53-4cae-a12a-8f9a4e920a10.pt,4556.0,6762.86181640625,5050.0,5275.6455078125,2.0,1.7194430828094482,1.0,1.1062566041946411,1029.0,1262.4056396484375,832.0,785.8153076171875
test,293,2layer,2layer/archive_3/f59f9642-8d8b-4cbc-a4c8-80b378b8e6c0.pt,17557.0,17827.2734375,13243.0,12388.6748046875,4.0,3.6595382690429688,1.5,1.4111653566360474,4101.0,4058.46875,2304.0,2426.492919921875
test,306,2layer,2layer/archive_4/098f434f-1b68-491d-94cf-03f1cfe0cfa1.pt,16849.0,15758.0595703125,12066.0,11990.70703125,0.0,0.0,2.5,2.2119734287261963,5765.0,4800.1884765625,3200.0,2635.118408203125
test,310,2layer,2layer/archive_4/1be5c2a5-5b49-4f8c-9fb6-0b444f6b85e4.pt,24409.0,25438.544921875,17864.0,17696.158203125,0.0,0.0,2.5,2.325916051864624,8517.0,7482.68603515625,4928.0,3962.026611328125
test,315,2layer,2layer/archive_4/247e4213-8ae5-462d-b957-a9f783755031.pt,10996.0,12324.751953125,7502.0,9352.3232421875,0.0,0.0,1.5,1.6333543062210083,3333.0,4149.041015625,2560.0,2555.41015625
test,316,2layer,2layer/archive_4/25b1fddf-e065-4fea-b31e-274ba799605a.pt,22869.0,22272.634765625,17850.0,14805.7509765625,9.0,5.01915168762207,1.0,1.9376827478408813,2821.0,3960.485107421875,1792.0,1970.2890625
test,337,2layer,2layer/archive_4/62878700-1b8b-452f-8cfd-c1c35028130d.pt,36022.0,41701.890625,19075.0,22673.9375,26.0,22.136451721191406,15.0,2.214350938796997,1733.0,2498.656982421875,896.0,1131.65966796875
test,354,2layer,2layer/archive_4/8f67864f-c9d4-45ad-8c91-a0d544c15b4c.pt,20398.0,17087.443359375,11867.0,11275.5283203125,8.0,6.373351573944092,1.0,1.1351802349090576,1861.0,1885.297607421875,960.0,1026.0166015625
test,356,2layer,2layer/archive_4/936a8ff7-7ebb-4277-ab21-b9de8be46fc5.pt,17358.0,15379.8525390625,14011.0,11918.63671875,0.0,0.0,3.0,3.4428341388702393,1877.0,2155.151611328125,1040.0,944.3595581054688
test,374,2layer,2layer/archive_4/bdceb934-f44d-47a5-a407-bba9907dde42.pt,13311.0,11510.0947265625,8418.0,8647.083984375,2.0,2.158893585205078,1.5,1.6029469966888428,4165.0,3809.7041015625,3520.0,2749.031982421875
test,376,2layer,2layer/archive_4/c0408fb1-d997-4a14-b9cb-fcc363e2e63f.pt,12889.0,11579.849609375,10881.0,8271.59375,0.0,0.0,1.5,1.8786358833312988,1765.0,1899.922607421875,1056.0,799.052734375
test,378,2layer,2layer/archive_4/c4b52d21-e3b2-4ad5-b29b-7aeea1cd9169.pt,14894.0,15295.9453125,12834.0,12018.552734375,0.0,0.0,2.5,2.521209478378296,7173.0,5195.24609375,3584.0,2598.3583984375
test,383,2layer,2layer/archive_4/cf3f2c09-b079-49cc-a2c9-be50e9340c14.pt,16564.0,17009.640625,13693.0,12135.279296875,2.0,2.949819326400757,1.5,1.7428817749023438,4485.0,5631.08642578125,2688.0,3533.533935546875
test,385,2layer,2layer/archive_4/d3bb67b0-53b9-4d26-a700-f081ba4bdbb6.pt,13619.0,15625.43359375,10495.0,12200.162109375,0.0,0.0,2.0,1.8402460813522339,6917.0,5707.70166015625,3456.0,3110.668701171875
test,386,2layer,2layer/archive_4/d630ae52-0bde-447d-9b3b-458df1884f34.pt,11508.0,9507.9833984375,6566.0,7084.4248046875,2.0,1.8046703338623047,1.5,1.1724560260772705,1221.0,2198.94775390625,896.0,1572.7919921875
test,391,2layer,2layer/archive_4/e45b7645-39d0-4cd5-83d9-2306a1618dc4.pt,23966.0,24752.427734375,18168.0,19565.43359375,0.0,0.0,2.5,2.7168219089508057,8165.0,7756.82373046875,4800.0,3877.69189453125
test,392,2layer,2layer/archive_4/f1f196d5-1325-4225-893b-f7fa6e75ed62.pt,20477.0,20718.298828125,15197.0,13692.6279296875,6.0,3.9146201610565186,3.5,1.9256519079208374,3749.0,3810.20556640625,2080.0,2253.41943359375
test,393,2layer,2layer/archive_4/f1fa0476-2eb3-4fce-8070-80b3bcd31c66.pt,14528.0,13627.318359375,8802.0,9561.4462890625,3.0,2.599031925201416,2.0,1.2907676696777344,2437.0,2858.76904296875,1920.0,2002.004638671875
test,397,2layer,2layer/archive_4/f8ca8e8f-370f-483d-a7eb-4e709b42d7e1.pt,3840.0,6757.26513671875,4521.0,5273.6484375,2.0,1.419711947441101,0.5,1.083990216255188,900.0,1416.5,832.0,918.6610107421875
test,800,3layer,3layer/archive_1/0024ccb6-93d3-4d05-b42a-dcd082b9fb71.pt,16496.0,16550.697265625,14252.0,12806.626953125,3.0,2.8352110385894775,2.5,2.1407594680786133,6472.0,4786.48095703125,2880.0,2650.40869140625
test,803,3layer,3layer/archive_1/075ba7e2-686c-4d8c-8154-801a8c763333.pt,9233.0,10486.9296875,8509.0,8055.15087890625,3.0,1.9642693996429443,1.5,1.5711674690246582,2632.0,2895.984130859375,1344.0,1965.364013671875
test,806,3layer,3layer/archive_1/1779f702-f865-451f-89d0-4f6b42a09e77.pt,25151.0,23694.8046875,20528.0,17996.83984375,0.0,0.0,2.0,2.3316731452941895,2984.0,2399.37548828125,1120.0,1021.5966796875
test,810,3layer,3layer/archive_1/1becf3c5-7c0f-49df-bdca-22bd47ef0f94.pt,33780.0,31235.58203125,25025.0,23546.41796875,0.0,0.0,9.5,4.648996829986572,2464.0,2704.667236328125,896.0,1052.1558837890625
test,822,3layer,3layer/archive_1/4f415d2a-8a37-4458-9923-fe4ae65d193c.pt,17298.0,20788.58203125,13192.0,13483.8251953125,4.0,6.468080520629883,1.5,1.2398321628570557,3016.0,2082.480712890625,1280.0,1039.17431640625
test,834,3layer,3layer/archive_1/6677bec8-2c88-4ce9-89c6-8588190f1b63.pt,31188.0,28273.828125,22330.0,19154.056640625,6.0,4.785730838775635,2.5,2.4808924198150635,5944.0,7233.5908203125,2816.0,3627.111083984375
test,836,3layer,3layer/archive_1/6a93c56c-3a7d-4fb0-aa09-acf3c5c8cef0.pt,37935.0,35445.76171875,22505.0,21920.810546875,20.0,18.077442169189453,1.5,2.0817131996154785,2632.0,2709.7939453125,960.0,1046.7373046875
test,842,3layer,3layer/archive_1/7dff1db2-d16a-4a01-829b-05b72a41623c.pt,28802.0,25186.732421875,20556.0,17834.5,4.0,4.066991806030273,3.0,2.5498862266540527,10824.0,8420.6884765625,3840.0,4432.7255859375
test,845,3layer,3layer/archive_1/85da7610-5409-4ed2-b342-2d09b3584690.pt,44187.0,43021.90625,22532.0,24242.90625,20.0,18.960418701171875,1.5,1.7049309015274048,2752.0,2679.859619140625,1144.0,1129.323974609375
test,847,3layer,3layer/archive_1/8a954d90-0bd3-4c11-ba3a-fba78f17ae0e.pt,56373.0,50213.6640625,29336.0,29034.201171875,13.0,14.924856185913086,3.0,2.8778014183044434,6872.0,5381.84814453125,2640.0,2082.796630859375
test,853,3layer,3layer/archive_1/92d982a4-b98e-4746-bdec-60cb53775183.pt,21093.0,22050.5625,14828.0,15430.5419921875,9.0,5.73801851272583,2.0,2.661370038986206,2568.0,2578.216064453125,896.0,1127.4827880859375
test,856,3layer,3layer/archive_1/9421bcba-aa11-4638-97d1-9a26a8309e94.pt,18172.0,21686.0234375,17338.0,16834.515625,0.0,0.0,5.0,2.3220126628875732,8647.0,6850.5263671875,4160.0,3430.716064453125
test,878,3layer,3layer/archive_1/c931f125-d81f-4ad7-8deb-3fedba17c28a.pt,24123.0,23952.619140625,17913.0,16726.966796875,4.0,3.9152259826660156,2.5,2.3462679386138916,8264.0,6068.560546875,3840.0,3265.92431640625
test,881,3layer,3layer/archive_1/ce352bfc-bbec-4951-8281-f01f2aef7e78.pt,33612.0,38101.84375,25132.0,24295.33203125,18.0,17.696687698364258,31.5,2.976569414138794,2952.0,2760.851318359375,1152.0,1211.8046875
test,896,3layer,3layer/archive_1/f1316787-264b-4558-83f8-97dc77bdfb14.pt,20085.0,19025.06640625,13156.0,13354.548828125,0.0,0.0,2.0,1.773767352104187,4424.0,4772.02490234375,3072.0,2802.05078125
test,906,3layer,3layer/archive_2/1aa82de7-cb5d-4b40-83ec-5d06eeb961d7.pt,17256.0,16829.234375,12363.0,12482.0146484375,4.0,2.8467793464660645,4.0,1.924529790878296,3752.0,4184.35546875,2080.0,2586.330078125
test,909,3layer,3layer/archive_2/1cb93ea5-5bd1-4044-9d56-c6d7c3f82adb.pt,44754.0,39576.14453125,28149.0,25934.45703125,5.0,6.862590789794922,9.0,3.3493800163269043,14984.0,9889.484375,5408.0,4609.697265625
test,910,3layer,3layer/archive_2/212e820a-7f1a-4ca0-846a-920f20a79783.pt,40991.0,39559.8046875,28078.0,24732.298828125,26.0,24.8290958404541,36.5,3.5638656616210938,2840.0,2765.947265625,1040.0,1185.5462646484375
test,932,3layer,3layer/archive_2/52946797-a7fd-484d-a2e8-1d16801f50c7.pt,42780.0,38924.7890625,23203.0,23253.69140625,10.0,9.489859580993652,2.5,2.1920416355133057,6312.0,5510.93359375,2560.0,2415.17236328125
test,933,3layer,3layer/archive_2/542d7695-0143-4f00-adf6-51d6b975289a.pt,19429.0,19662.9140625,13907.0,14561.076171875,0.0,0.0,1.5,1.6764506101608276,2568.0,2467.236572265625,896.0,1101.589111328125
test,936,3layer,3layer/archive_2/5ceabaab-17e3-4e32-97e2-3b2c322edf2a.pt,7805.0,11253.9111328125,7444.0,8491.2421875,0.0,0.0,1.0,1.331594467163086,1990.0,2737.56884765625,1536.0,1747.5284423828125
test,938,3layer,3layer/archive_2/5efe7324-c1c2-4a88-9406-6ea781fc4cad.pt,32335.0,26699.896484375,20517.0,18798.814453125,4.0,4.316763877868652,3.5,2.5783426761627197,11016.0,8808.666015625,4928.0,4556.12841796875
test,942,3layer,3layer/archive_2/703a84aa-5305-4cf6-98b9-6258a05b3068.pt,47515.0,41936.19921875,27601.0,26754.4453125,7.0,7.705543518066406,3.5,3.341371536254883,11336.0,9810.97265625,4160.0,4424.5517578125
test,944,3layer,3layer/archive_2/753eded0-6f3c-48c9-a62e-b5090d610223.pt,29470.0,25320.69140625,18876.0,17468.892578125,5.0,4.268914222717285,3.0,2.2618215084075928,7944.0,7298.04833984375,2816.0,3777.857177734375
test,949,3layer,3layer/archive_2/8226cd2a-649d-471a-9671-4e7ab433f595.pt,22668.0,21701.2109375,15117.0,15004.6826171875,6.0,4.096274375915527,2.0,2.0927302837371826,2872.0,3844.337890625,1456.0,1885.1339111328125
test,956,3layer,3layer/archive_2/8d32562c-c074-44ad-971a-87b462918ee4.pt,19816.0,20583.50390625,16504.0,14564.2705078125,4.0,4.092841148376465,2.0,1.9416970014572144,5640.0,4855.8154296875,2560.0,2542.27880859375
test,959,3layer,3layer/archive_2/9284e126-07b2-4bd9-bd1e-b86e7535e0f2.pt,36059.0,32482.912109375,24395.0,23271.240234375,0.0,0.0,1.5,4.289422988891602,2888.0,2898.07373046875,1120.0,1218.061279296875
test,970,3layer,3layer/archive_2/b31bf542-c0ce-4b6f-89c6-79a458c355ee.pt,22134.0,22083.0546875,16377.0,15362.0263671875,4.0,3.8544530868530273,2.5,2.2008297443389893,7432.0,7064.26318359375,3072.0,3887.96630859375
test,971,3layer,3layer/archive_2/b3922866-ccd0-49ba-afd4-85473963e4a8.pt,17938.0,18116.28515625,15041.0,13281.7021484375,3.0,3.0057499408721924,2.5,2.21811580657959,7624.0,6257.205078125,3136.0,3708.73486328125
test,972,3layer,3layer/archive_2/b7ba3ab1-37aa-4904-987e-010524cc327f.pt,29563.0,29603.142578125,26451.0,24448.4375,0.0,0.0,5.0,3.10018253326416,10248.0,9781.951171875,4160.0,4263.69384765625
test,975,3layer,3layer/archive_2/b9ec55d5-3a3f-4beb-af23-6613b1c0ecb9.pt,21151.0,20619.34375,15819.0,15007.6875,3.0,3.4348831176757812,3.0,2.3856360912323,9608.0,7429.58349609375,4800.0,4208.17626953125
test,981,3layer,3layer/archive_2/c448356c-b3c9-49be-88c4-23b0d0c3f564.pt,15804.0,15728.0302734375,11738.0,11655.47265625,3.0,2.8251404762268066,2.5,2.0944511890411377,5832.0,5296.6162109375,4992.0,3261.17041015625
test,1004,3layer,3layer/archive_3/0b9292d5-b52f-4bcf-9d7f-8ec507a82838.pt,16178.0,17128.462890625,12690.0,12485.0625,3.0,3.252331018447876,2.0,1.790490746498108,5768.0,4565.125,2304.0,2659.29638671875
test,1011,3layer,3layer/archive_3/15b0d127-a686-475d-868d-1b5885f20d0a.pt,20889.0,21556.177734375,17281.0,15850.23046875,0.0,0.0,2.5,2.0180563926696777,7176.0,5720.171875,2816.0,2744.624267578125
test,1013,3layer,3layer/archive_3/1a4c6aa8-057b-4094-be6a-fa4f86bf0c04.pt,42459.0,38898.328125,26728.0,24675.56640625,11.0,9.358146667480469,4.0,2.95723819732666,6664.0,5755.818359375,2496.0,2483.69091796875
test,1018,3layer,3layer/archive_3/2a171325-74e9-44cd-ad59-2d6e0df0ca79.pt,25048.0,23940.833984375,20557.0,18612.228515625,0.0,0.0,3.0,2.534409761428833,8520.0,7854.83056640625,4160.0,3707.0439453125
test,1019,3layer,3layer/archive_3/30a00082-630a-405d-83de-ee6e38ba241a.pt,25045.0,24438.109375,20318.0,17275.1796875,3.0,4.002626895904541,4.5,2.546113967895508,12296.0,8074.83544921875,5376.0,4310.6328125
test,1023,3layer,3layer/archive_3/38dd22a9-e82d-4e9c-99cf-744bc749693b.pt,26414.0,25005.453125,19498.0,18697.201171875,0.0,0.0,1.5,2.3443098068237305,3744.0,2578.592529296875,1344.0,1129.65234375
test,1024,3layer,3layer/archive_3/414d64df-e05d-43bc-bf86-e29fef941191.pt,16125.0,16432.15234375,11548.0,11939.4453125,3.0,3.0752177238464355,1.5,1.7109113931655884,2632.0,4326.443359375,1536.0,2586.338623046875
test,1029,3layer,3layer/archive_3/49b2d6e6-2351-4e22-9e67-ae3eceeed11b.pt,32382.0,29659.576171875,23150.0,20686.29296875,4.0,4.849551677703857,3.0,2.9396376609802246,10440.0,8953.1171875,4608.0,4519.95751953125
test,1051,3layer,3layer/archive_3/8dfd5db3-a4b3-4ad8-9cd1-4b308e30413c.pt,19057.0,21481.453125,13039.0,13551.2001953125,5.0,6.025628566741943,1.5,1.2562618255615234,2952.0,2000.0618896484375,1152.0,1101.9976806640625
test,1059,3layer,3layer/archive_3/a2715528-63a3-4c2e-9685-6efbe7fdd477.pt,23527.0,22213.978515625,17266.0,16014.5654296875,3.0,3.6426384449005127,4.0,2.4604952335357666,11272.0,7826.92822265625,5120.0,4253.0595703125
test,1065,3layer,3layer/archive_3/afe1d671-8d40-474a-9ee1-9a778cb082db.pt,31982.0,30976.51171875,23229.0,21003.435546875,11.0,6.619534015655518,3.0,2.8907480239868164,5768.0,4702.5185546875,2304.0,1939.325439453125
test,1067,3layer,3layer/archive_3/b682c296-4570-4878-873f-d5e1915cbc27.pt,30544.0,30068.794921875,22415.0,22497.845703125,0.0,0.0,7.5,3.9849987030029297,2968.0,2728.81787109375,1120.0,1074.070068359375
test,1086,3layer,3layer/archive_3/dd7ecf45-dbc0-449b-8f58-f01a9017870a.pt,32527.0,31108.431640625,25356.0,24189.80859375,0.0,0.0,3.0,2.9065442085266113,8504.0,7461.66845703125,3120.0,2912.6181640625
test,1093,3layer,3layer/archive_3/f081b615-1a42-4b07-b1d1-9f4d57b0f095.pt,24444.0,23598.193359375,19902.0,16817.681640625,6.0,4.343613624572754,2.0,2.249790668487549,3528.0,3604.62158203125,1792.0,1572.599853515625
test,1097,3layer,3layer/archive_3/f8f3e631-e290-4827-b9d9-ad11b1f8d1c6.pt,22488.0,22592.625,16869.0,16012.9462890625,0.0,0.0,1.5,1.8604453802108765,5352.0,4530.86181640625,2016.0,2242.26416015625
test,1106,3layer,3layer/archive_4/086ee6d8-31d7-4842-a9e5-9239d93a2d3a.pt,21515.0,21956.6328125,18799.0,16774.51171875,0.0,0.0,2.5,2.214350938796997,7304.0,6364.978515625,3456.0,2844.62353515625
test,1107,3layer,3layer/archive_4/0b6e0739-ef7c-4111-b86d-f6cd64150fbc.pt,16720.0,17917.1015625,12179.0,12163.123046875,4.0,3.8694841861724854,2.0,1.5993070602416992,1992.0,2301.6767578125,768.0,1142.902587890625
test,1136,3layer,3layer/archive_4/53000a96-26ac-405d-8a15-1e0e56150a13.pt,34211.0,37823.5390625,21361.0,21927.25,12.0,14.390374183654785,1.5,1.6687495708465576,3320.0,2567.108642578125,1152.0,1112.629638671875
test,1165,3layer,3layer/archive_4/8ce80c0c-b515-40b7-8fe6-cdf7c22a9c2b.pt,24482.0,26186.9765625,20558.0,19294.021484375,0.0,0.0,2.5,2.266649007797241,7048.0,5321.79541015625,2560.0,2223.5048828125
test,1173,3layer,3layer/archive_4/b350aeb2-ef15-4209-acac-66479979a96e.pt,21796.0,20067.66015625,16543.0,15027.7685546875,4.0,3.2441184520721436,2.5,2.3236351013183594,6728.0,6071.75634765625,2880.0,3504.329345703125
test,1179,3layer,3layer/archive_4/cae88075-6535-4fc8-ab67-205d9e535cd4.pt,27346.0,26264.1875,21636.0,20386.826171875,0.0,0.0,3.5,2.683025360107422,12040.0,8811.25390625,4992.0,3935.617431640625
test,1183,3layer,3layer/archive_4/d0087184-cf84-48db-a6d1-3e8c72f12840.pt,18645.0,18661.58984375,13297.0,13103.55078125,0.0,0.0,1.5,1.5185682773590088,4744.0,3629.0732421875,2048.0,2003.0860595703125
test,1190,3layer,3layer/archive_4/e62db8bd-0863-4b42-a0f9-4f0f0da213c8.pt,28634.0,25543.15625,20752.0,18313.47265625,4.0,4.0867838859558105,3.0,2.7079083919525146,8840.0,8584.9814453125,3520.0,4532.82421875
test,1191,3layer,3layer/archive_4/e6cb7c40-cd11-41f6-a64b-643d8a61edc2.pt,37417.0,32972.0,25360.0,22536.306640625,5.0,5.456874847412109,3.5,3.037227153778076,11784.0,9380.0703125,4608.0,4529.22802734375
test,1193,3layer,3layer/archive_4/e9035178-92d9-419e-aebb-2f24d863a874.pt,16543.0,18907.52734375,12926.0,13850.146484375,4.0,3.2307300567626953,1.5,2.2291152477264404,4744.0,6646.9765625,4032.0,4024.73486328125
test,1196,3layer,3layer/archive_4/f2a1eb9a-a5c2-486a-b0b8-03bc9bbe3ae7.pt,31100.0,26515.591796875,18062.0,18016.84765625,6.0,4.656393051147461,2.5,2.2977616786956787,3720.0,7190.15869140625,2112.0,3641.001953125
test,1600,conv1d,conv1d/archive_1/03c73b3e-86d4-462f-8e86-603db87552ba.pt,18163.0,16635.7109375,35596.0,28662.20703125,0.0,0.0,6.5,19.14337158203125,145699.0,212276.9375,145694.0,216209.765625
test,1601,conv1d,conv1d/archive_1/06f4e142-874c-464c-b830-43ff897b1009.pt,18579.0,12818.4677734375,25405.0,18268.7265625,4.0,2.315567970275879,39.0,6.093865871429443,215563.0,80566.0078125,215561.0,92523.2890625
test,1603,conv1d,conv1d/archive_1/10a572f8-97b1-42fd-b3b5-2efb9c639d3d.pt,19119.0,17394.37890625,30481.0,24060.25,0.0,0.0,26.5,18.29779815673828,653170.0,239795.65625,653165.0,275163.28125
test,1607,conv1d,conv1d/archive_1/2ed5ad7e-2bba-4aff-abf0-77301c2fcbbb.pt,13178.0,15923.7470703125,21040.0,20415.17578125,3.0,3.469919204711914,4.0,4.587423324584961,82817.0,66857.03125,82818.0,66824.2734375
test,1608,conv1d,conv1d/archive_1/39ca686c-2d2d-42fa-b145-c6ba2f8b4c01.pt,15029.0,12810.5849609375,24021.0,22966.529296875,0.0,0.0,6.5,13.67373275756836,64513.0,74510.875,64514.0,73040.28125
test,1618,conv1d,conv1d/archive_1/6adb216d-3204-4aad-adbb-b9205c614931.pt,31452.0,20786.263671875,44279.0,34239.84375,4.0,2.7538206577301025,13.5,10.581530570983887,55553.0,58495.53125,55554.0,49717.9921875
test,1630,conv1d,conv1d/archive_1/a4d19761-4b0a-42ab-9d53-c66d8f00f10b.pt,15390.0,9390.498046875,22857.0,12494.4130859375,0.0,0.0,4.0,6.86364221572876,102718.0,101889.1484375,102716.0,102302.859375
test,1651,conv1d,conv1d/archive_2/1970606f-61b7-4b2f-a848-aadadcde58a9.pt,15850.0,23318.9609375,22701.0,31471.8984375,5.0,4.810177803039551,23.0,8.877821922302246,54604.0,36149.125,54602.0,29588.88671875
test,1669,conv1d,conv1d/archive_2/97c4a2dd-c9f0-40e9-ac63-628801202d07.pt,34710.0,29869.0390625,40870.0,45190.8828125,7.0,4.763212203979492,7.5,16.999113082885742,28987.0,101900.328125,28973.0,88713.1875
test,1676,conv1d,conv1d/archive_2/f656316b-2a7a-44b0-8a40-0d4d05aa6c00.pt,31277.0,22474.59765625,40224.0,30410.599609375,5.0,4.030523300170898,22.0,8.038655281066895,160018.0,71640.6484375,160013.0,64286.546875
test,1680,conv1d,conv1d/archive_3/0d0e9227-ea1f-43e1-a2fb-4d545571d647.pt,15876.0,14390.2705078125,22783.0,17059.125,2.0,1.8685044050216675,3.5,4.488176345825195,9025.0,13874.56640625,9026.0,14395.1298828125
test,1683,conv1d,conv1d/archive_3/1d537023-4542-4f7e-8f63-e5eb6c279129.pt,11768.0,14089.1630859375,20553.0,23192.916015625,0.0,0.0,4.0,11.389809608459473,121729.0,138909.765625,121730.0,143342.09375
test,1707,conv1d,conv1d/archive_3/a3e0030b-e934-447d-b9f8-b2ed2cb4ba40.pt,64644.0,40957.109375,76009.0,60415.984375,7.0,5.499011039733887,41.5,22.682090759277344,371986.0,221684.984375,371981.0,176478.890625
test,1709,conv1d,conv1d/archive_3/aa96468f-065d-4d9e-81b4-6ef162123c27.pt,31689.0,36816.765625,53359.0,68289.1796875,3.0,2.1292457580566406,25.0,29.071067810058594,71764.0,319549.0625,71762.0,310909.59375
test,1710,conv1d,conv1d/archive_3/afb9a8e4-c0b7-4c81-951e-beace7c6580d.pt,7928.0,9706.060546875,14764.0,11269.37890625,0.0,0.0,3.0,4.029221057891846,19169.0,44173.7890625,19170.0,41671.4765625
test,1716,conv1d,conv1d/archive_3/dc48d02e-01b9-417e-883c-6182b1617c94.pt,17465.0,10274.91796875,25064.0,17182.66796875,0.0,0.0,17.5,14.060267448425293,442654.0,97397.171875,442652.0,98424.484375
test,1719,conv1d,conv1d/archive_3/e28af083-279c-4728-846a-678e6d7bb22f.pt,12249.0,11735.865234375,19967.0,19056.009765625,2.0,1.7369438409805298,3.5,6.798569202423096,114433.0,120025.171875,114434.0,127583.0625
test,1732,conv1d,conv1d/archive_4/18a551db-28d4-4a35-a3d2-d13dd25fc759.pt,37982.0,37705.9453125,70254.0,73754.046875,2.0,1.5180058479309082,30.5,31.660066604614258,193522.0,609647.375,193517.0,585004.75
test,1736,conv1d,conv1d/archive_4/26fd427e-9c24-498f-b0ca-b698b7aa084d.pt,24004.0,25413.3515625,55208.0,39988.4765625,3.0,2.687978744506836,15.0,11.087297439575195,266113.0,117039.765625,266114.0,95475.0703125
test,1737,conv1d,conv1d/archive_4/2a73b7ff-fd17-49dc-a651-08351f8086b0.pt,17247.0,20837.03515625,37741.0,38028.2578125,0.0,0.0,18.5,12.402124404907227,223747.0,134997.734375,223742.0,127546.078125
test,1747,conv1d,conv1d/archive_4/5830e323-ccaf-4db3-92eb-6526ef2b92d6.pt,13810.0,17641.072265625,22737.0,20381.693359375,3.0,4.460259437561035,4.5,3.26116681098938,81793.0,36607.984375,81794.0,34602.453125
test,1750,conv1d,conv1d/archive_4/6a259c16-db85-41f8-bf80-6109650e2888.pt,13147.0,17309.01953125,25239.0,34829.34765625,0.0,0.0,5.5,18.041175842285156,31681.0,144367.59375,31682.0,155661.90625
test,1757,conv1d,conv1d/archive_4/a4e94a46-08df-49ef-a586-a3a56af160f8.pt,53293.0,35422.51171875,76241.0,49800.5625,7.0,4.193078517913818,33.0,18.327146530151367,56769.0,126226.125,56770.0,108133.921875
test,1762,conv1d,conv1d/archive_4/bd5948fb-b4a0-497e-aaf7-faf8d3a53559.pt,26514.0,21382.564453125,41609.0,34397.33984375,0.0,0.0,16.5,10.436860084533691,31820.0,54765.36328125,31814.0,55053.6953125
test,1948,conv2d,conv2d/archive_1/16c81531-2d4a-44cd-a0f6-5818fb4eac23.pt,17139.0,20744.673828125,24051.0,29611.189453125,2.0,4.220625400543213,11.0,11.830774307250977,982712.0,1162678.75,980912.0,1029803.125
test,1961,conv2d,conv2d/archive_1/8203796d-273a-48d8-bad6-5a88633e1b02.pt,64114.0,43556.5390625,89800.0,59198.5625,8.0,6.467147350311279,45.0,20.096569061279297,980271.0,228700.25,980272.0,193829.96875
test,1968,conv2d,conv2d/archive_1/de099b6c-414e-45fe-9f32-db5a4f4fb51a.pt,25018.0,27349.07421875,36360.0,40225.93359375,3.0,4.120652675628662,17.5,20.154172897338867,558033.0,1593430.875,556742.0,1635695.125
test,1969,conv2d,conv2d/archive_1/e49f8865-3ed1-438b-8d47-f4df3fa258b1.pt,12620.0,17476.4921875,24980.0,27495.373046875,0.0,3.468775510787964,12.0,13.55063247680664,684739.0,424535.625,682112.0,321872.34375
test,1970,conv2d,conv2d/archive_1/ed9737f7-5085-49cd-aff9-f5394b9ad940.pt,81241.0,52722.77734375,256413.0,132251.859375,0.0,0.0,82.5,40.67870330810547,473230.0,1845925.0,473231.0,1392938.5
test,1971,conv2d,conv2d/archive_1/fe1fcd99-035b-4da0-b4c6-8d72ed3b2525.pt,30623.0,28956.578125,63312.0,45888.9375,2.0,2.08756685256958,12.5,16.251358032226562,1249441.0,715054.125,1249442.0,676458.125
test,1978,conv2d,conv2d/archive_3/1a7e57ac-ac64-4844-a748-391494154a11.pt,13136.0,27040.62109375,27107.0,49608.9609375,1.0,2.5549213886260986,15.0,32.70476150512695,199302.0,1833118.625,199298.0,2109017.5
test,1982,conv2d,conv2d/archive_3/2da90877-d92f-4cc9-a745-09946576a12a.pt,27441.0,23891.498046875,56157.0,35081.67578125,2.0,2.9809300899505615,29.0,15.752667427062988,5021142.0,2155509.25,5021122.0,2140873.5
test,1998,conv2d,conv2d/archive_3/c1ce78ac-7210-45cc-9548-b632389bdf35.pt,15393.0,21156.20703125,32375.0,37362.5859375,0.0,0.0,13.5,15.138081550598145,3731455.0,2162237.75,3731456.0,2201094.0
test,2004,conv2d,conv2d/archive_4/17baa5f9-fa5f-42ac-a377-9bcaaa336950.pt,30312.0,25970.81640625,54386.0,49855.734375,1.0,2.0680761337280273,27.5,24.23272705078125,5959501.0,3897812.0,5959502.0,4408829.0
test,2005,conv2d,conv2d/archive_4/30cb88ae-98c8-464e-a664-6e3082f34722.pt,24870.0,27242.6796875,54470.0,47116.45703125,2.0,1.87789785861969,26.0,20.541263580322266,949417.0,2970506.75,949412.0,3199685.25
test,2006,conv2d,conv2d/archive_4/38f47c2b-0eb1-45b2-bc5b-2838a5b7e752.pt,10442.0,16967.642578125,22578.0,29467.31640625,0.0,0.0,6.5,13.035470962524414,521551.0,1464371.75,521552.0,1537354.0
test,2017,conv2d,conv2d/archive_4/c0d17dad-4957-4bc3-89d2-0d422c6be1e4.pt,24617.0,34794.3203125,55067.0,62716.41015625,2.0,2.813563823699951,17.5,29.756656646728516,1311313.0,4648204.0,1311314.0,5551056.5
test,2145,dense_latency,dense_latency/archive_1/141cccfe-4a6b-4af0-891c-de5382802c9d.pt,112883.0,70063.078125,22675.0,16314.830078125,0.0,0.0,0.0,0.017827922478318214,22.0,16.677766799926758,1.0,2.0800230503082275
test,2146,dense_latency,dense_latency/archive_1/14962ede-dafe-4294-b6e2-7e1f48c5e6f6.pt,109697.0,91516.5390625,22385.0,20036.755859375,0.0,0.0,0.0,1.1920928955078125e-07,13.0,15.562471389770508,3.0,1.8273746967315674
test,2147,dense_latency,dense_latency/archive_1/153c06a9-71c3-493e-a71b-5e9adf9f50f8.pt,177770.0,125947.640625,37525.0,30142.986328125,0.0,0.0,0.0,1.1920928955078125e-07,27.0,20.77505874633789,3.0,2.9199142456054688
test,2150,dense_latency,dense_latency/archive_1/16fff3d4-afd3-4400-abf5-b01c877da50d.pt,103870.0,292415.28125,31562.0,193302.9375,6425.0,449.8404541015625,0.0,1.1920928955078125e-07,17.0,199.84666442871094,1.0,38.974212646484375
test,2157,dense_latency,dense_latency/archive_1/4325e22a-7bf5-466c-8183-1e5d2d85e4ae.pt,100986.0,111225.6875,21215.0,25774.33203125,0.0,0.0,0.0,0.03154097869992256,18.0,16.889738082885742,2.0,2.068268299102783
test,2172,dense_latency,dense_latency/archive_1/71fd7aec-e295-42eb-aadc-bccd0fd8383b.pt,267886.0,335289.5,245003.0,234282.546875,370.0,426.7086181640625,0.0,0.06138405576348305,500.0,273.4259033203125,63.0,51.14765167236328
test,2176,dense_latency,dense_latency/archive_1/777e4ee2-ce18-47a2-9f62-0061ca24e3b7.pt,213557.0,174881.21875,45661.0,96612.3046875,689.0,219.4169921875,0.0,0.01591700129210949,20.0,116.992919921875,1.0,18.50547218322754
test,2183,dense_latency,dense_latency/archive_1/8dac354c-4a68-4c4d-b0db-d4889b5e797c.pt,217582.0,315268.28125,180265.0,207507.890625,459.0,447.37713623046875,0.0,1.1920928955078125e-07,254.0,224.67544555664062,32.0,41.76972579956055
test,2188,dense_latency,dense_latency/archive_1/be152b4e-03af-4473-87e2-1b4a380b94a5.pt,153510.0,132802.65625,33273.0,31386.921875,0.0,0.0,0.0,0.0002457205264363438,27.0,25.555978775024414,2.0,2.707810401916504
test,2219,dense_latency,dense_latency/archive_2/2c0510c5-5826-40a9-99e6-6a83ff6a2b93.pt,72930.0,125924.8203125,66907.0,78163.0625,143.0,293.71630859375,0.0,1.1920928955078125e-07,386.0,190.98526000976562,86.0,41.45674514770508
test,2226,dense_latency,dense_latency/archive_2/4c56e491-5605-4a08-a69e-aa4297e5ae17.pt,186063.0,183299.328125,110859.0,93317.28125,144.0,318.73309326171875,0.0,1.1920928955078125e-07,88.0,93.95262145996094,19.0,15.264840126037598
test,2229,dense_latency,dense_latency/archive_2/5d272459-e54d-401d-81a7-4c40ae6a5ae6.pt,22371.0,46808.8984375,16349.0,24754.22265625,29.0,70.23902893066406,0.0,0.0960674062371254,146.0,138.5802459716797,37.0,31.814672470092773
test,2232,dense_latency,dense_latency/archive_2/60018a21-6d18-457e-8937-4e402e92ca11.pt,62733.0,66804.0078125,44569.0,32466.712890625,43.0,113.70530700683594,0.0,1.1920928955078125e-07,193.0,110.9109878540039,51.0,23.392730712890625
test,2243,dense_latency,dense_latency/archive_2/82d609f5-d822-4d65-b482-9c6a6e0f4b7f.pt,43594.0,60265.90625,9183.0,14214.9853515625,0.0,0.0,0.0,0.07789717614650726,19.0,21.803226470947266,1.0,2.0933725833892822
test,2248,dense_latency,dense_latency/archive_2/93838855-384c-451a-889d-c28d7768640f.pt,586060.0,371018.125,524745.0,241246.234375,386.0,689.3508911132812,0.0,1.1920928955078125e-07,258.0,194.26858520507812,64.0,38.23543167114258
test,2253,dense_latency,dense_latency/archive_2/acc3fdac-8d42-4caf-9aba-9b03d8ad4ce6.pt,111297.0,133604.234375,22200.0,31724.431640625,0.0,0.0,0.0,0.022182200103998184,21.0,20.394853591918945,1.0,2.3676936626434326
test,2254,dense_latency,dense_latency/archive_2/b24ba935-f69e-4cba-b055-bb345ac6b627.pt,122279.0,119911.1015625,27201.0,28663.763671875,0.0,0.0,0.0,0.0072234636172652245,26.0,21.808032989501953,1.0,2.348734140396118
test,2258,dense_latency,dense_latency/archive_2/c441e13c-e695-43ab-8b0e-e9fae1382054.pt,70364.0,53424.25,14616.0,13073.3662109375,0.0,0.0,0.0,1.1920928955078125e-07,14.0,12.925050735473633,1.0,1.5883009433746338
test,2273,dense_latency,dense_latency/archive_2/f6dadb65-282a-45bd-bd8c-1b4e077d5799.pt,86391.0,93862.6328125,18560.0,23259.90234375,0.0,0.0,0.0,0.049515385180711746,21.0,20.559539794921875,1.0,2.147801399230957
test,2278,dense_latency,dense_latency/archive_2/fb7184e1-5b3f-4d28-a759-e64bfba6ab9f.pt,117787.0,123805.453125,76082.0,74159.671875,52.0,124.21453094482422,0.0,0.02983042225241661,141.0,170.78030395507812,36.0,36.69131851196289
test,2281,dense_latency,dense_latency/archive_3/0bacae1a-1069-4078-b41c-3c240faa19d9.pt,227802.0,188036.34375,154669.0,128729.9765625,75.0,121.04885864257812,0.0,0.11291129142045975,376.0,280.81304931640625,49.0,52.9131965637207
test,2289,dense_latency,dense_latency/archive_3/2fde3c76-08ff-4f41-ad59-937cb139cfc7.pt,309662.0,415791.0625,278114.0,309785.1875,573.0,437.29510498046875,0.0,0.12954413890838623,256.0,363.83514404296875,32.0,59.50592041015625
test,2291,dense_latency,dense_latency/archive_3/30a09565-a681-4419-875f-f4fcc35ed53c.pt,276878.0,260853.4375,146553.0,116718.078125,518.0,552.8973388671875,0.0,1.1920928955078125e-07,128.0,83.69825744628906,19.0,12.311785697937012
test,2295,dense_latency,dense_latency/archive_3/37f43986-008b-4880-8250-0031eefdb6ce.pt,73141.0,163161.28125,20756.0,107047.53125,4779.0,307.3952941894531,0.0,1.1920928955078125e-07,10.0,183.3290557861328,1.0,42.974037170410156
test,2301,dense_latency,dense_latency/archive_3/4b863955-16a3-4e20-af4d-158f5a57b81e.pt,76133.0,96209.953125,14215.0,21595.748046875,0.0,0.0,0.0,0.08002033829689026,18.0,18.687807083129883,1.0,2.16405987739563
test,2322,dense_latency,dense_latency/archive_3/97e59d64-5e19-4320-b05f-b606732d96d2.pt,519250.0,450878.0,487589.0,327459.71875,368.0,507.4079284667969,0.0,0.04415406286716461,387.0,291.078857421875,64.0,52.67924880981445
test,2324,dense_latency,dense_latency/archive_3/9bdde29f-91ec-4b64-9214-5466930df099.pt,242184.0,265536.28125,222418.0,156577.875,417.0,429.2099609375,0.0,0.19209423661231995,255.0,168.37139892578125,32.0,19.644149780273438
test,2335,dense_latency,dense_latency/archive_3/be08fd22-d477-4e83-93ea-abdffe96c4bd.pt,240326.0,272532.875,217967.0,189362.625,274.0,315.453369140625,0.0,0.07539840042591095,592.0,271.1244201660156,94.0,55.629634857177734
test,2338,dense_latency,dense_latency/archive_3/c58ce5f8-2396-45d7-b9df-a546fd57b27f.pt,192880.0,197998.9375,113651.0,100336.7578125,420.0,309.950439453125,0.0,1.1920928955078125e-07,149.0,127.1472396850586,20.0,19.833141326904297
test,2343,dense_latency,dense_latency/archive_3/dffb4c84-2e37-4632-a8cd-760033084e1e.pt,287860.0,304303.71875,264775.0,218595.71875,256.0,349.8498229980469,0.0,1.1920928955078125e-07,530.0,311.19769287109375,93.0,65.67945098876953
test,2348,dense_latency,dense_latency/archive_3/ed197369-8970-412b-bddc-1f630cd23fa3.pt,97265.0,107316.765625,61982.0,54957.58984375,63.0,201.97836303710938,0.0,0.0549345389008522,136.0,86.67929077148438,35.0,17.45206642150879
test,2355,dense_latency,dense_latency/archive_4/04b281e9-3408-4487-aa3c-47d9d20aac11.pt,73949.0,271343.03125,9012.0,189945.5625,5834.0,340.9095153808594,0.0,1.1920928955078125e-07,14.0,240.60800170898438,1.0,55.50857162475586
test,2356,dense_latency,dense_latency/archive_4/0a998bec-4ace-4de2-8334-1a54bd946445.pt,169329.0,350508.21875,50860.0,213492.234375,11143.0,856.7490234375,0.0,1.1920928955078125e-07,16.0,168.83731079101562,1.0,25.034921646118164
test,2357,dense_latency,dense_latency/archive_4/0d969b0d-b59f-4d6b-91f1-bd0769614276.pt,364226.0,412632.5,316803.0,307419.28125,630.0,403.68768310546875,0.0,0.14494411647319794,229.0,344.768310546875,32.0,60.21692657470703
test,2359,dense_latency,dense_latency/archive_4/11b91499-1fc2-4c8c-976c-8f3702039b90.pt,208587.0,176642.546875,44745.0,89221.25,698.0,281.6021728515625,0.0,0.06886284053325653,20.0,100.00239562988281,1.0,14.4315185546875
test,2362,dense_latency,dense_latency/archive_4/153109f7-21cf-4526-92c2-d966688b0219.pt,88848.0,161109.265625,84647.0,105957.59375,278.0,252.3985595703125,0.0,1.1920928955078125e-07,189.0,219.61720275878906,32.0,51.509559631347656
test,2376,dense_latency,dense_latency/archive_4/51c3a472-2330-4e9b-b409-1d85f05b5641.pt,274352.0,278257.125,228556.0,166803.875,562.0,710.6348876953125,0.0,1.1920928955078125e-07,222.0,191.23883056640625,32.0,33.355403900146484
test,2386,dense_latency,dense_latency/archive_4/67063dbe-cfdc-41bb-803a-261839437630.pt,238065.0,268157.71875,216738.0,195872.34375,174.0,310.57232666015625,0.0,1.1920928955078125e-07,450.0,243.2161102294922,94.0,46.32819366455078
test,2401,dense_latency,dense_latency/archive_4/a3238af5-b80b-474b-88e0-02f68a61affa.pt,174120.0,200940.609375,122440.0,142811.71875,54.0,118.87555694580078,0.0,0.21554329991340637,370.0,289.2451171875,50.0,45.546417236328125
test,2416,dense_latency,dense_latency/archive_4/d4fd6441-4e9c-4adf-a1a1-71018c2543d5.pt,297716.0,308811.78125,243147.0,241654.96875,553.0,436.593017578125,0.0,0.1352231800556183,223.0,311.4909362792969,32.0,45.420684814453125
test,2420,dense_latency,dense_latency/archive_4/de113925-04dd-418f-9f74-7df76d9fd168.pt,206374.0,247377.171875,141637.0,161631.59375,21.0,211.28408813476562,0.0,1.1920928955078125e-07,165.0,202.78863525390625,34.0,37.89849853515625
test,2429,dense_latency,dense_latency/archive_4/f85832e2-da29-4084-8559-996e703857fa.pt,177116.0,155517.6875,118583.0,103881.21875,136.0,104.62674713134766,0.0,0.06568071991205215,241.0,235.40684509277344,50.0,51.69554901123047
test,2690,dense_resource,dense_resource/archive_1/024063f6-75d8-4f1a-8bb9-ae3c65538458.pt,103948.0,134011.4375,145619.0,169459.109375,104.0,98.82649230957031,29.0,27.63433074951172,3914.0,4338.283203125,512.0,538.0407104492188
test,2695,dense_resource,dense_resource/archive_1/17383848-f5b7-4a30-aa15-3950fdea85a0.pt,34095.0,46420.1796875,51356.0,49812.296875,0.0,0.0,5.5,4.468588829040527,2751.0,3227.832763671875,512.0,587.7750244140625
test,2703,dense_resource,dense_resource/archive_1/38a5f100-6115-4692-a253-645686ee9f39.pt,40577.0,45321.09765625,54244.0,66793.109375,0.0,0.0,9.0,8.449119567871094,5528.0,5534.63916015625,1024.0,979.6859130859375
test,2715,dense_resource,dense_resource/archive_1/60a8d365-6cf8-4bab-936d-c14405792b5b.pt,35066.0,46733.3828125,50321.0,50565.8671875,0.0,0.0,6.5,4.8995561599731445,2363.0,3147.344970703125,512.0,643.0177001953125
test,2722,dense_resource,dense_resource/archive_1/85dd97fc-ca2c-4743-9090-d348dc5566ea.pt,58904.0,70540.4453125,90976.0,95407.265625,42.0,30.510902404785156,12.0,10.711711883544922,3669.0,3649.28466796875,512.0,542.5552978515625
test,2723,dense_resource,dense_resource/archive_1/899d2a0e-ebfa-4fa4-be42-7ab12ff6eb74.pt,54346.0,99323.390625,70843.0,102731.3828125,40.0,106.10963439941406,12.0,5.161384105682373,2068.0,2150.340087890625,512.0,367.94720458984375
test,2734,dense_resource,dense_resource/archive_1/b1bebdb4-d6ea-47bd-b1eb-1add0957e49b.pt,86375.0,118449.5625,126173.0,138591.65625,87.0,131.11839294433594,25.5,11.634552955627441,4365.0,3810.921630859375,512.0,551.9302368164062
test,2738,dense_resource,dense_resource/archive_1/d64a96c8-6d04-455d-b566-19cc61698d68.pt,420683.0,327016.875,139213.0,97798.5234375,0.0,0.0,0.0,0.11703191697597504,501.0,192.6326141357422,128.0,99.03219604492188
test,2742,dense_resource,dense_resource/archive_1/f07f2efc-9719-475a-a03f-9af73e585bf3.pt,75244.0,62260.98828125,107785.0,89367.125,12.0,11.673988342285156,15.0,12.919540405273438,8234.0,7358.572265625,1024.0,1179.811279296875
test,2746,dense_resource,dense_resource/archive_1/f8404942-926e-4a43-b971-da3cc743f93c.pt,41261.0,57245.34765625,54943.0,63007.3515625,0.0,0.0,7.5,7.39871072769165,3816.0,2034.3624267578125,512.0,388.8511657714844
test,2753,dense_resource,dense_resource/archive_2/18e8fab5-f8a9-4b28-a114-4d07a18cc111.pt,53006.0,47371.8828125,67004.0,63752.078125,9.0,11.127716064453125,8.5,8.261436462402344,6450.0,5086.083984375,1024.0,955.6920166015625
test,2755,dense_resource,dense_resource/archive_2/1c0c0221-5387-4390-beb1-0644a677d57d.pt,90684.0,80160.1171875,120364.0,105931.828125,42.0,29.573097229003906,24.5,15.108194351196289,7271.0,6385.03271484375,1024.0,1053.2979736328125
test,2757,dense_resource,dense_resource/archive_2/21428f86-33ad-4ebc-9ab1-748f2da43d6c.pt,70125.0,69124.8046875,85317.0,96986.1875,38.0,22.827911376953125,14.5,8.70060920715332,3654.0,3876.73388671875,512.0,589.9579467773438
test,2762,dense_resource,dense_resource/archive_2/37bd87b0-722b-4e60-95a5-ae6c7c6a0a62.pt,80825.0,75296.4296875,100842.0,96560.8125,35.0,32.946773529052734,20.5,12.96285343170166,6277.0,5219.28125,1024.0,833.33740234375
test,2772,dense_resource,dense_resource/archive_2/5d2e4e5c-5f78-4492-8f17-dbfed9427da4.pt,43953.0,51123.7890625,69475.0,71808.1015625,32.0,14.305188179016113,10.0,6.438448905944824,3750.0,4055.960693359375,512.0,632.4188232421875
test,2775,dense_resource,dense_resource/archive_2/6e883452-6f28-4f3a-9f8d-693148e4c98d.pt,34177.0,35787.09765625,46479.0,44879.796875,16.0,8.706137657165527,6.5,6.474905014038086,2101.0,2723.0068359375,512.0,578.7254028320312
test,2776,dense_resource,dense_resource/archive_2/786039fd-67cd-4fe8-a285-36ea1bb82d69.pt,111270.0,104016.53125,153280.0,137545.65625,58.0,54.24007797241211,33.0,24.417051315307617,8384.0,6194.23046875,1024.0,891.7075805664062
test,2782,dense_resource,dense_resource/archive_2/a6bf8d29-0790-4d99-97d9-5afdf002c539.pt,984490.0,839209.5,343271.0,335631.15625,7645.0,10042.162109375,0.0,1.1920928955078125e-07,66.0,289.963623046875,9.0,79.60061645507812
test,2783,dense_resource,dense_resource/archive_2/ab8387a8-0cf4-4735-91a0-7e27b1fed41e.pt,45045.0,68508.2890625,61660.0,70385.2109375,0.0,0.0,7.5,5.485417366027832,2846.0,3228.99072265625,512.0,524.25634765625
test,2808,dense_resource,dense_resource/archive_3/2f5641cb-d4e0-45a9-bfa0-a0a97046853c.pt,66353.0,52405.0078125,97734.0,74920.875,20.0,10.166046142578125,13.5,9.581745147705078,6821.0,6432.9462890625,1024.0,1161.239013671875
test,2810,dense_resource,dense_resource/archive_3/385a8c22-24c6-4606-a155-4160d1611390.pt,158256.0,130385.1171875,47310.0,43796.5078125,0.0,0.0,0.0,0.22578760981559753,103.0,76.19207763671875,64.0,22.566749572753906
test,2816,dense_resource,dense_resource/archive_3/51797543-2176-45df-b553-44507e9154e5.pt,76034.0,63015.94140625,108032.0,94317.03125,0.0,0.0,12.5,12.830708503723145,8301.0,7331.3271484375,1024.0,1124.638671875
test,2822,dense_resource,dense_resource/archive_3/61e28d4b-b78d-476f-8d9a-e9fae47fa50b.pt,53970.0,82507.046875,66340.0,109819.1015625,21.0,45.33264923095703,8.5,8.259833335876465,2866.0,2462.3359375,512.0,411.0986022949219
test,2840,dense_resource,dense_resource/archive_3/d41b3e62-73a5-4cda-a6a6-470b5ecfa30c.pt,71511.0,48517.45703125,75802.0,58289.0390625,12.0,10.803873062133789,9.0,6.784844875335693,6506.0,5645.7041015625,1024.0,1255.2293701171875
test,2842,dense_resource,dense_resource/archive_3/d57f6e5b-bbbb-4c8a-8668-914a8593cb6c.pt,199259.0,265541.84375,72109.0,66916.8671875,0.0,0.0,0.0,0.06459712237119675,20.0,76.71055603027344,4.0,38.41399383544922
test,2849,dense_resource,dense_resource/archive_3/fe635281-5550-4f0e-bab9-b58a6c373e51.pt,109349.0,130196.375,151767.0,170220.875,114.0,94.29585266113281,31.5,31.95291519165039,4529.0,4810.6533203125,512.0,596.28564453125
test,2863,dense_resource,dense_resource/archive_4/567a8d26-0155-4b47-989b-f79ccf3b90d3.pt,98427.0,155348.109375,130369.0,164043.125,32.0,118.70408630371094,22.5,8.756505966186523,3815.0,4175.205078125,512.0,620.283203125
test,2864,dense_resource,dense_resource/archive_4/56cc1f67-c320-4bc6-aa2c-46f204e6f844.pt,26667.0,71768.53125,31122.0,69600.359375,7.0,41.866455078125,4.0,0.9825102686882019,1832.0,1059.56298828125,512.0,287.0429992675781
test,2865,dense_resource,dense_resource/archive_4/580d5717-9254-47b5-a5b2-1b20f3063ab2.pt,221049.0,156043.609375,56419.0,43218.9296875,0.0,0.0,0.0,0.04159008711576462,19.0,47.3401985168457,4.0,20.75797462463379
test,2867,dense_resource,dense_resource/archive_4/6432e28b-6416-4a6d-8588-5c6cd9a0b3b1.pt,40865.0,44074.4765625,60576.0,60853.55859375,4.0,7.772891044616699,8.0,7.692423343658447,4313.0,5364.0439453125,1024.0,997.023193359375
test,2876,dense_resource,dense_resource/archive_4/8847bc5b-b8ef-48a5-a413-2c32dbd9d557.pt,40989.0,55835.359375,61990.0,53764.5078125,0.0,0.0,8.0,3.827749252319336,3771.0,2481.922607421875,512.0,484.9947204589844
test,2878,dense_resource,dense_resource/archive_4/8ed3a393-67d9-418c-9d77-d791921c2de2.pt,180570.0,187013.03125,60744.0,54002.33203125,0.0,0.0,0.0,0.07856414467096329,183.0,61.682125091552734,128.0,27.525184631347656
test,2881,dense_resource,dense_resource/archive_4/946a2ebc-84bd-444f-9fee-b1b8f8cd5205.pt,249177.0,272999.5625,98249.0,101568.8984375,3239.0,1300.099853515625,0.0,0.19410862028598785,35.0,84.217041015625,7.0,5.461215972900391
test,2892,dense_resource,dense_resource/archive_4/e8a8bf8c-1088-4653-98e9-edff69288279.pt,41095.0,43243.3359375,55343.0,55726.890625,0.0,0.0,7.5,6.550185203552246,3815.0,5386.716796875,1024.0,1012.6049194335938
test,3109,rule4ml,rule4ml/archive_1/0ed991e0a4e25ed19987f0cc9210b426.pt,21778.0,47922.0234375,24051.0,10481.7900390625,0.0,0.0,19.0,12.178096771240234,1462.0,698.3056640625,64.0,9.257416725158691
test,3122,rule4ml,rule4ml/archive_1/2b8cd655c4b32c156ea3a3f4d0ebf158.pt,1339.0,2809.863525390625,429.0,637.2205810546875,0.0,0.0,8.0,2.406273365020752,82.0,81.73069763183594,2.0,3.9322540760040283
test,3123,rule4ml,rule4ml/archive_1/2ed023f9ef036f1cf6698c523844b9e5.pt,41321.0,71116.8984375,1665.0,12304.3271484375,16.0,18.831815719604492,66.5,75.75775146484375,156.0,328.65057373046875,2.0,3.765733242034912
test,3125,rule4ml,rule4ml/archive_1/3219ffd8661622e8c83c7ceec7993204.pt,19634.0,25010.962890625,2173.0,11410.4111328125,0.0,0.0,0.0,2.3442413806915283,1246.0,771.9078369140625,1.0,11.038999557495117
test,3126,rule4ml,rule4ml/archive_1/36781015570b9033a4256c6751954dfa.pt,13186.0,39501.296875,1261.0,5135.9033203125,36.0,17.295236587524414,18.0,19.10479736328125,568.0,201.41372680664062,2.0,3.75996470451355
test,3132,rule4ml,rule4ml/archive_1/466d99f5bafd16bc2656bb493e26d3a3.pt,63269.0,17257.26171875,20395.0,12046.51953125,128.0,111.84154510498047,13.0,40.41885757446289,309.0,421.19744873046875,5.0,28.416109085083008
test,3145,rule4ml,rule4ml/archive_1/72287c9cac676de50d6937c1591c013c.pt,90974.0,62491.5625,43278.0,46748.26953125,220.0,414.9742736816406,6.0,9.166698455810547,1175.0,1504.390625,393.0,272.4429626464844
test,3159,rule4ml,rule4ml/archive_1/9f4aa5283477144a0d0cf869e8d72889.pt,357796.0,270856.4375,106967.0,196800.703125,220.0,854.0375366210938,20.0,26.932186126708984,1278.0,2808.19384765625,322.0,1278.3538818359375
test,3160,rule4ml,rule4ml/archive_1/9f747c2c9350eb5ee9df92af5c71cab0.pt,8847.0,13783.51953125,6104.0,6139.06982421875,173.0,284.7883605957031,43.5,23.293039321899414,1087.0,818.2761840820312,2.0,9.383257865905762
test,3180,rule4ml,rule4ml/archive_1/d5a14627ffa5ac99e92e5015fd44796d.pt,134204.0,95023.421875,14212.0,10879.892578125,90.0,111.89810943603516,29.5,45.49291229248047,1111.0,1130.007080078125,6.0,5.571971893310547
test,3189,rule4ml,rule4ml/archive_1/dd45999e8410dbd0e67c40f31cd5955a.pt,100450.0,200593.28125,80302.0,121690.3046875,2096.0,1094.55126953125,44.5,73.77881622314453,657.0,669.4044189453125,4.0,10.570043563842773
test,3194,rule4ml,rule4ml/archive_1/e76bf57773bcf57b1f19da562e9ff10b.pt,9451.0,6165.9765625,7408.0,5686.3349609375,32.0,67.93866729736328,26.0,9.625740051269531,283.0,482.396240234375,8.0,38.98978042602539
test,3196,rule4ml,rule4ml/archive_1/ecf7f5a60f0ef8948e0f8b3c91eab2f1.pt,28241.0,21702.18359375,26303.0,19401.080078125,292.0,323.71209716796875,72.5,25.245529174804688,1596.0,1152.2691650390625,128.0,117.60150909423828
test,3197,rule4ml,rule4ml/archive_1/ed8331280ac6ef5ef8886e15cb23dbff.pt,9909.0,14861.818359375,10886.0,15513.6787109375,256.0,257.38385009765625,13.0,10.82906436920166,1735.0,1073.5181884765625,128.0,181.7510986328125
test,3199,rule4ml,rule4ml/archive_1/eea79f2ee33e9eba8e086cce0a1f286d.pt,18418.0,2440.753662109375,17414.0,1250.3377685546875,0.0,0.0,54.5,6.35101318359375,800.0,875.6917724609375,8.0,9.162135124206543
test,3205,rule4ml,rule4ml/archive_2/040d56cdc4fbbcd7e59884b75505e1fc.pt,1239.0,1942.23095703125,24.0,379.9831848144531,0.0,0.0,8.0,9.065973281860352,138.0,298.2552185058594,1.0,5.4824323654174805
test,3206,rule4ml,rule4ml/archive_2/09b08d4078369169809eed465eb3200c.pt,51844.0,58775.9140625,33858.0,8126.3544921875,0.0,60.256202697753906,124.5,85.92071533203125,1073.0,1192.1640625,1.0,9.481277465820312
test,3217,rule4ml,rule4ml/archive_2/280f5b70344e92009ae9811b3736dc68.pt,25096.0,61145.0703125,10888.0,29959.619140625,0.0,183.59890747070312,0.0,0.34620946645736694,92.0,103.3735122680664,8.0,20.275514602661133
test,3228,rule4ml,rule4ml/archive_2/4fa4f84dcdbc74a4dcea9c798e981f13.pt,44740.0,67393.4921875,23137.0,25203.890625,41.0,443.3243408203125,0.0,0.756852388381958,712.0,271.22564697265625,44.0,2.64139723777771
test,3236,rule4ml,rule4ml/archive_2/70099d4a3ee6ba6d3c7ed191ef4e5070.pt,8279.0,5330.03515625,7183.0,4391.7578125,63.0,48.37598419189453,4.0,4.318997859954834,120.0,599.9620971679688,32.0,11.500850677490234
test,3239,rule4ml,rule4ml/archive_2/777dabde721419f1eee884b2e6da3d01.pt,55929.0,33677.8515625,38806.0,31747.888671875,220.0,256.8622131347656,84.0,35.68575668334961,1040.0,869.1290283203125,125.0,74.57428741455078
test,3240,rule4ml,rule4ml/archive_2/779ddffa7b579aa1f0c7ecba6016a160.pt,1100.0,1305.094970703125,10.0,136.53543090820312,4.0,20.479082107543945,0.0,1.9312394857406616,602.0,367.25189208984375,1.0,0.7483081817626953
test,3251,rule4ml,rule4ml/archive_2/90af6814f2d9e83b1dfadf3f34e10b66.pt,33707.0,484623.34375,1142.0,231088.234375,0.0,1349.3941650390625,32.0,1.1920928955078125e-07,154.0,139.64024353027344,1.0,17.037914276123047
test,3263,rule4ml,rule4ml/archive_2/a9c2f691ad83bc53dd4d8fbabf4dbf59.pt,112594.0,126384.046875,4971.0,14404.7568359375,48.0,25.805002212524414,137.0,184.94686889648438,687.0,874.823486328125,2.0,4.614332675933838
test,3270,rule4ml,rule4ml/archive_2/bd5548e90a3ec8de981c3cb0530b5ae2.pt,49710.0,53774.19921875,6365.0,4256.89501953125,64.0,47.408935546875,23.0,16.668901443481445,1105.0,1055.658935546875,9.0,7.788468360900879
test,3278,rule4ml,rule4ml/archive_2/cf911e52ca87a152ab213ee3d7dbf414.pt,29649.0,66238.25,20231.0,16989.859375,0.0,0.0,10.0,18.215038299560547,840.0,686.6571655273438,16.0,10.784132957458496
test,3290,rule4ml,rule4ml/archive_2/e296617420c88f3d2005154d29a1581f.pt,121120.0,247373.640625,112352.0,151658.296875,220.0,596.2791137695312,76.5,118.92289733886719,959.0,842.9661865234375,156.0,68.70448303222656
test,3311,rule4ml,rule4ml/archive_3/1d3ae7f2b1959ad4ceb82066b34e4843.pt,7043.0,14076.3095703125,4873.0,4032.58984375,32.0,80.82462310791016,123.5,90.84264373779297,120.0,520.9205932617188,1.0,4.449408531188965
test,3312,rule4ml,rule4ml/archive_3/1edc30fd6622623a89f5fda4dd11ebfe.pt,42776.0,269361.625,45742.0,247701.53125,181.0,267.77099609375,83.0,7.014503479003906,412.0,395.6889343261719,40.0,31.437379837036133
test,3321,rule4ml,rule4ml/archive_3/2d3bf7dd79e86541e033b67df6595805.pt,94256.0,88013.40625,38429.0,36438.45703125,149.0,319.5354309082031,28.5,25.90959358215332,671.0,537.3343505859375,28.0,21.178375244140625
test,3332,rule4ml,rule4ml/archive_3/42ab144f01d57a39720e483cccd70f8d.pt,178655.0,367408.6875,173033.0,256815.640625,5888.0,315.30145263671875,236.0,311.9338073730469,223.0,692.0128173828125,2.0,66.30953979492188
test,3344,rule4ml,rule4ml/archive_3/58e6e657e9b7e1346033523402c72911.pt,303018.0,165899.90625,181273.0,99253.890625,220.0,684.4542236328125,197.0,143.0054931640625,685.0,515.2276000976562,8.0,9.0504789352417
test,3349,rule4ml,rule4ml/archive_3/6525c522aac153d069b607fb979a4c05.pt,37764.0,51389.86328125,17075.0,13634.59765625,154.0,52.462669372558594,41.5,37.44842529296875,439.0,520.8160400390625,6.0,12.586484909057617
test,3376,rule4ml,rule4ml/archive_3/b25d65de11147148214c45b4adfbffca.pt,2125.0,10074.3759765625,55.0,4176.3759765625,8.0,200.69967651367188,46.0,14.91282844543457,867.0,569.7672729492188,1.0,9.818359375
test,3379,rule4ml,rule4ml/archive_3/c0c9a93cbe3ceaad1612986eda38288b.pt,6740.0,12432.3515625,67.0,6148.35791015625,0.0,64.54428100585938,4.0,1.0969334840774536,72.0,54.450225830078125,1.0,8.50968074798584
test,3380,rule4ml,rule4ml/archive_3/c3b6b3ceb8f5084c79c0dfecdf95e041.pt,609385.0,321124.21875,170932.0,183895.0,220.0,244.03240966796875,142.0,130.6968536376953,116.0,836.5173950195312,6.0,81.52188110351562
test,3388,rule4ml,rule4ml/archive_3/d0a0795f687d44bf562f687304ee9bb1.pt,2116.0,15638.44921875,3.0,5889.9658203125,0.0,0.0,80.5,4.290069103240967,217.0,280.25299072265625,1.0,12.815812110900879
test,3394,rule4ml,rule4ml/archive_3/e3e96daf1f06a53589fa0df43cec0034.pt,33832.0,28552.09375,12616.0,14951.9697265625,220.0,308.3349304199219,13.0,17.835336685180664,229.0,968.9605712890625,3.0,30.6212100982666
test,3396,rule4ml,rule4ml/archive_3/ee14146f314d7dc7058f6318e3dd7b3a.pt,38147.0,46021.8671875,2522.0,10930.4931640625,32.0,41.6767578125,5.5,20.953828811645508,57.0,242.32225036621094,2.0,6.289190292358398
test,3397,rule4ml,rule4ml/archive_3/f163c6412ca9e14b905b6aade7c33ceb.pt,76275.0,116055.1015625,47637.0,45214.421875,0.0,0.0,25.0,19.825363159179688,907.0,417.25201416015625,16.0,3.694613456726074
test,3409,rule4ml,rule4ml/archive_4/0a928a232e0c7455fd8115576b1ff71f.pt,86939.0,109114.0078125,88195.0,87409.796875,220.0,959.8514404296875,17.5,32.29438400268555,1089.0,1394.787109375,156.0,330.712890625
test,3410,rule4ml,rule4ml/archive_4/0c8fe5455f887526a92964feef5e6035.pt,24631.0,25752.119140625,127.0,1318.72265625,0.0,0.0,78.0,22.506877899169922,528.0,527.3755493164062,1.0,3.212900400161743
test,3420,rule4ml,rule4ml/archive_4/2d3c0b81cc618c0a89cb7a55d96c0ba2.pt,49561.0,8631.888671875,19292.0,9227.3046875,90.0,42.63720703125,5.5,3.2965052127838135,267.0,735.009521484375,28.0,131.93104553222656
test,3433,rule4ml,rule4ml/archive_4/4ec861dcf23df55a2f7c7e79c4773fa9.pt,3170.0,6527.0341796875,409.0,1999.5438232421875,98.0,131.82421875,31.5,37.364383697509766,104.0,444.2651672363281,1.0,5.108870983123779
test,3434,rule4ml,rule4ml/archive_4/549a539a2b801c875a1b52bfbc61667f.pt,57595.0,240804.453125,50079.0,127279.0,220.0,760.0614624023438,57.0,81.2688217163086,824.0,458.8044128417969,32.0,6.1977858543396
test,3445,rule4ml,rule4ml/archive_4/69665507dcb361898217e89a5528c662.pt,36552.0,8299.498046875,17630.0,3435.530517578125,256.0,133.25643920898438,28.0,6.54151725769043,112.0,97.04422760009766,7.0,4.7335205078125
test,3447,rule4ml,rule4ml/archive_4/704aa9e24c7cd1c104e3fe1bd971bb31.pt,53176.0,109584.4375,53538.0,27868.619140625,220.0,695.0275268554688,19.5,19.155574798583984,868.0,1200.2596435546875,131.0,54.4413948059082
test,3454,rule4ml,rule4ml/archive_4/9008b2aa570b34cdab27419a5e85a359.pt,29680.0,194313.765625,48758.0,96703.46875,256.0,1729.90869140625,17.5,35.12217330932617,1472.0,1594.45263671875,156.0,260.86651611328125
test,3466,rule4ml,rule4ml/archive_4/ae4da2ac435e552272b954dd29f211e4.pt,214833.0,252211.28125,136561.0,154948.3125,528.0,1273.196533203125,120.0,91.11900329589844,1795.0,2146.18017578125,156.0,259.9115295410156
test,3470,rule4ml,rule4ml/archive_4/b2b008a9c8861976b3750110cd50a594.pt,17873.0,6975.953125,14888.0,5621.85009765625,12.0,53.77617645263672,130.5,12.004398345947266,456.0,545.0986938476562,4.0,30.97341537475586
test,3474,rule4ml,rule4ml/archive_4/be03d0b434a436aa7aba918057418f50.pt,65515.0,94818.203125,2200.0,38204.0546875,2639.0,1033.298583984375,20.0,19.59392738342285,1061.0,1297.0230712890625,2.0,76.65332794189453
test,3476,rule4ml,rule4ml/archive_4/c10e1255882a9a2d67ceb1dc447a54fb.pt,2341.0,4360.080078125,2331.0,3640.3837890625,0.0,0.0,2.5,4.087669849395752,393.0,178.6611328125,64.0,16.51374626159668
test,3481,rule4ml,rule4ml/archive_4/da97998944a51cc8d03dd3db6405e6c8.pt,112.0,34568.18359375,49.0,18192.033203125,0.0,60.1495361328125,4.5,3.1297640800476074,1035.0,657.8577270507812,2.0,57.52255630493164
test,3482,rule4ml,rule4ml/archive_4/db5d645b590bdff4dedbf71eee68706a.pt,643280.0,206221.03125,102182.0,145585.265625,2520.0,1175.983642578125,46.0,79.5320816040039,633.0,891.71826171875,2.0,57.540443420410156
test,3484,rule4ml,rule4ml/archive_4/de75123bb8bf43bfd70ca187aafbb6d6.pt,57882.0,147085.34375,35558.0,88618.9921875,260.0,117.76313781738281,115.5,103.66676330566406,751.0,718.5714111328125,131.0,214.86451721191406
test,3485,rule4ml,rule4ml/archive_4/e254c796096e6846cc76ec457da6dfa9.pt,35295.0,80705.578125,18189.0,8432.8896484375,4.0,20.617244720458984,77.5,60.09806442260742,533.0,615.7679443359375,4.0,3.8014352321624756
test,3491,rule4ml,rule4ml/archive_4/e903f30418f06f8b706b12a8ec5de0d8.pt,28519.0,43627.9609375,13410.0,11927.029296875,112.0,141.15863037109375,36.5,20.094928741455078,166.0,275.97100830078125,7.0,9.878578186035156
test,3498,rule4ml,rule4ml/archive_4/efa2dbd75f7baecfda9bef1853ec7e5e.pt,16873.0,190363.5625,12276.0,104018.515625,0.0,310.30560302734375,26.5,0.3565109372138977,293.0,142.38621520996094,32.0,18.44922637939453
test,3503,rule4ml,rule4ml/archive_4/fa71f4355a569050ee55b205dc657847.pt,20232.0,85669.1015625,9273.0,50923.06640625,0.0,56.21444320678711,118.5,116.71064758300781,859.0,534.9201049804688,4.0,106.1596450805664
exemplar,0,exemplar,exemplar/archive_1/0273888c-6100-46de-ba53-476666388e81.pt,21988.0,26371.109375,24276.0,30844.70703125,0.0,4.710881233215332,5.0,4.2055864334106445,6583.0,2677.13818359375,1296.0,803.6387939453125
exemplar,1,exemplar,exemplar/archive_1/08ceef03-f529-483b-9de4-b4b67e848d56.pt,6595.0,13930.1484375,8049.0,13965.3076171875,6.0,5.966080188751221,1.0,2.7607381343841553,525.0,1154.34033203125,192.0,427.1971435546875
exemplar,2,exemplar,exemplar/archive_1/0971e6d6-d73b-4833-aefc-bbae6dc5b505.pt,158971.0,225249.28125,82018.0,129612.0,66.0,398.0431213378906,0.0,1.1920928955078125e-07,619.0,148.31849670410156,92.0,22.291061401367188
exemplar,3,exemplar,exemplar/archive_1/0b264399-9786-4e1d-95f5-b15ae9eef489.pt,7929.0,11384.865234375,8102.0,9195.2548828125,3.0,27.02375030517578,4.0,4.8525614738464355,502.0,265.3426208496094,128.0,39.732505798339844
exemplar,4,exemplar,exemplar/archive_1/0ca740a3-feef-4ee0-91b6-46f493ae36b2.pt,3349.0,11154.796875,3918.0,11699.310546875,2.0,5.78753662109375,1.0,3.6474039554595947,521.0,992.7464599609375,192.0,350.6571044921875
exemplar,5,exemplar,exemplar/archive_1/0e85b020-3749-4e4d-ac93-a44f053ea57b.pt,2913.0,3352.758544921875,2764.0,2505.7041015625,3.0,0.0,2.0,1.2133841514587402,2631.0,589.705810546875,1024.0,65.4932632446289
exemplar,6,exemplar,exemplar/archive_1/1096f607-c024-4e57-a794-4bf4d2886e54.pt,6411.0,17560.75,1850.0,13631.6337890625,421.0,64.28961944580078,1.0,0.7151856422424316,25.0,198.43594360351562,1.0,31.865806579589844
exemplar,7,exemplar,exemplar/archive_1/12d641dd-5146-4c9f-911d-cf810823fff7.pt,3133.0,3338.88720703125,2898.0,2488.04638671875,5.0,0.0,2.0,1.2302216291427612,2764.0,597.5569458007812,1024.0,64.7569580078125
exemplar,8,exemplar,exemplar/archive_1/14689274-3866-4b30-b586-c404fc0eb7e3.pt,428.0,3930.683837890625,338.0,4008.007568359375,0.0,0.0,0.0,3.1986947059631348,16.0,145.26307678222656,1.0,26.119186401367188
exemplar,9,exemplar,exemplar/archive_1/182f2870-c640-40ba-987d-d85d5a889c32.pt,1011.0,1948.16943359375,223.0,428.57183837890625,3.0,0.0,0.0,1.6283200979232788,28.0,92.43778228759766,1.0,2.013051748275757
exemplar,10,exemplar,exemplar/archive_1/1c3965f8-aac2-4e66-ae41-f24c4f7586e5.pt,37957.0,74549.46875,9537.0,52672.921875,2147.0,135.105224609375,2.0,0.26961639523506165,40.0,235.22903442382812,1.0,42.698280334472656
exemplar,11,exemplar,exemplar/archive_1/1d3a9271-bb21-46f7-a928-48272ce7193f.pt,21678.0,42513.86328125,36597.0,55741.6640625,128.0,7.088392734527588,6.0,8.700726509094238,2905.0,3258.13232421875,1024.0,788.0335083007812
exemplar,12,exemplar,exemplar/archive_1/206dfc0c-9319-43c0-b4e3-b5bf034ef1bd.pt,5101.0,5434.62060546875,1837.0,3861.615966796875,2.0,20.282798767089844,1.0,3.51479434967041,53.0,165.11090087890625,12.0,26.521371841430664
exemplar,13,exemplar,exemplar/archive_1/247d9155-f7f3-4ed7-92d8-cb8bf564eaeb.pt,640.0,1965.1971435546875,7.0,492.847900390625,3.0,0.0,0.0,0.8548599481582642,23.0,291.5808410644531,1.0,11.020915031433105
exemplar,14,exemplar,exemplar/archive_1/250eb325-6f3c-4c11-9d82-2353ec7b3655.pt,3337.0,2055.0166015625,4167.0,1196.309814453125,5.0,0.0,2.0,1.0435791015625,2876.0,936.2681274414062,1024.0,23.509550094604492
exemplar,15,exemplar,exemplar/archive_1/275c93ce-d31a-4833-97ca-00657c0684ec.pt,10504.0,15479.0947265625,6645.0,8519.611328125,0.0,0.0,0.0,1.0940135717391968,94.0,100.20753479003906,1.0,14.892729759216309
exemplar,16,exemplar,exemplar/archive_1/2b1ebd37-082b-44ce-80f1-5789f44e794d.pt,38685.0,74549.46875,9433.0,52672.921875,2126.0,135.10536193847656,2.0,0.26961639523506165,40.0,235.22903442382812,1.0,42.698246002197266
exemplar,17,exemplar,exemplar/archive_1/2db30ca7-c3d9-421a-bd5f-13c2711d4758.pt,25110.0,10633.494140625,5955.0,8209.861328125,5.0,43.431129455566406,2.0,5.056547164916992,42.0,171.30616760253906,2.0,17.377622604370117
exemplar,18,exemplar,exemplar/archive_1/30e2c5f7-5a29-4903-8934-750ea19679e8.pt,3367.0,6503.8974609375,850.0,3956.27099609375,0.0,29.34832000732422,0.0,1.4856840372085571,25.0,93.51084899902344,5.0,17.62456512451172
exemplar,19,exemplar,exemplar/archive_1/317b26f4-5f81-4d40-a851-b24c3c44654c.pt,1023.0,999.5863037109375,16.0,114.68656921386719,5.0,0.0,0.0,1.6037665605545044,523.0,265.6402282714844,1.0,1.2758841514587402
exemplar,20,exemplar,exemplar/archive_1/34c6a605-582c-4ac3-a672-21a86b84164d.pt,6439.0,11633.716796875,5621.0,11261.7177734375,2.0,4.876855373382568,0.0,1.5677464008331299,301.0,1061.9764404296875,286.0,425.5216369628906
exemplar,21,exemplar,exemplar/archive_1/36213331-74e8-44ed-8da9-e209c6703607.pt,7448.0,20563.98046875,8953.0,23136.271484375,3.0,5.974764347076416,3.0,4.149670600891113,2630.0,1602.9937744140625,1024.0,536.3579711914062
exemplar,22,exemplar,exemplar/archive_1/36b4d64d-8c42-4320-adc4-a82339843784.pt,1367.0,3074.7333984375,1337.0,2506.049560546875,2.0,0.0,0.0,1.2247363328933716,520.0,475.91845703125,192.0,91.37275695800781
exemplar,23,exemplar,exemplar/archive_1/371d50bf-1f3d-4d55-9d2d-9421bc2a01e2.pt,46584.0,68293.28125,21444.0,51846.9921875,2108.0,138.44798278808594,2.0,0.9957816004753113,43.0,280.42376708984375,2.0,41.36826705932617
exemplar,24,exemplar,exemplar/archive_1/37a7c317-89f4-4554-91c5-68afcaf539c1.pt,2829.0,9157.3935546875,1085.0,8602.859375,0.0,3.658626079559326,0.0,1.9166278839111328,41.0,1074.8193359375,26.0,444.73187255859375
exemplar,25,exemplar,exemplar/archive_1/38f204fc-3e79-4077-93a0-3892a3ab85d2.pt,59846.0,38419.515625,7409.0,32676.142578125,2278.0,248.7958984375,2.0,7.0364789962768555,533.0,1098.3892822265625,2.0,76.81983184814453
exemplar,26,exemplar,exemplar/archive_1/3a3f2dca-5b03-44d4-9918-2282eb4440fb.pt,7192.0,26495.5703125,4704.0,18003.810546875,287.0,88.32917785644531,0.0,0.357540100812912,20.0,171.4713897705078,2.0,35.6052131652832
exemplar,27,exemplar,exemplar/archive_1/4107d0be-42b6-4158-9f36-c8a56530d5de.pt,26215.0,10263.3115234375,5721.0,7912.06640625,3.0,43.5251350402832,1.0,4.987526893615723,37.0,167.1239471435547,2.0,16.74575424194336
exemplar,28,exemplar,exemplar/archive_1/45c61271-60eb-4ff5-ba6f-246ba575185f.pt,2227.0,8478.72265625,145.0,1992.866943359375,0.0,0.0,0.0,0.707182765007019,78.0,66.39708709716797,1.0,3.926392078399658
exemplar,29,exemplar,exemplar/archive_1/46c56634-0933-47cc-9e72-89614aaa7251.pt,3323.0,6034.85595703125,3676.0,5236.1806640625,2.0,25.82355499267578,2.0,4.9503092765808105,329.0,214.89065551757812,96.0,31.110702514648438
exemplar,30,exemplar,exemplar/archive_1/4705b427-e733-41ed-bda3-6cc20c46fb96.pt,9817.0,17421.65625,5833.0,14370.21875,422.0,68.51177215576172,1.0,1.6410588026046753,29.0,248.56301879882812,2.0,34.97747039794922
exemplar,31,exemplar,exemplar/archive_1/4d39c459-d8e1-4de1-a8de-a7b376d0e510.pt,45414.0,199557.96875,17157.0,137249.78125,1970.0,308.68292236328125,7.0,1.7423534393310547,283.0,501.34466552734375,5.0,34.48676300048828
exemplar,32,exemplar,exemplar/archive_1/4d551fc6-7a68-4f90-a6b9-4c483baed59e.pt,5013.0,4124.48876953125,4684.0,3016.23291015625,128.0,32.037349700927734,0.0,2.245203733444214,409.0,328.36871337890625,64.0,17.58228302001953
exemplar,33,exemplar,exemplar/archive_1/4d7af3a5-68b9-46b1-9875-78271f4a712b.pt,7489.0,7615.26025390625,7842.0,5964.9169921875,128.0,16.863372802734375,2.0,2.0908639430999756,3006.0,1468.843994140625,1024.0,286.1513366699219
exemplar,34,exemplar,exemplar/archive_1/4fe50b78-f06b-4441-a458-1445bd2d983a.pt,7423.0,20996.525390625,9003.0,23719.609375,5.0,6.07313871383667,3.0,4.195064544677734,2760.0,1630.40478515625,1024.0,541.8326416015625
exemplar,35,exemplar,exemplar/archive_1/52c0f586-1dea-422b-84cb-fcc178db7048.pt,7711.0,20996.525390625,9110.0,23719.609375,5.0,6.073142051696777,3.0,4.195063591003418,2763.0,1630.404052734375,1024.0,541.8326416015625
exemplar,36,exemplar,exemplar/archive_1/568fa7df-b876-4e31-bcb8-7dd7426d9616.pt,3194.0,3338.890380859375,2900.0,2488.047607421875,5.0,0.0,2.0,1.230222463607788,2765.0,597.5569458007812,1024.0,64.7569580078125
exemplar,37,exemplar,exemplar/archive_1/6346baef-4016-4baa-95ca-4d01f340d884.pt,3112.0,3300.4453125,1909.0,2588.65185546875,5.0,0.0,0.0,2.1481802463531494,41.0,175.48382568359375,3.0,12.136588096618652
exemplar,38,exemplar,exemplar/archive_1/641d2098-53ea-4e20-b11b-636ecfc4de3b.pt,5034.0,6434.4375,1683.0,4512.81884765625,0.0,28.55807113647461,0.0,2.656609058380127,19.0,121.27877807617188,2.0,25.586990356445312
exemplar,39,exemplar,exemplar/archive_1/64239147-5c4d-4f1c-b543-1bb26a6df2a6.pt,842.0,3497.74658203125,677.0,2874.6640625,2.0,0.0,0.0,1.7939996719360352,24.0,192.387451171875,1.0,15.572050094604492
exemplar,40,exemplar,exemplar/archive_1/67c490e4-5293-4931-a67a-efe1c2b8a712.pt,32622.0,75289.25,27846.0,55295.109375,128.0,284.4775390625,4.0,4.130973815917969,310.0,509.7371520996094,9.0,16.625158309936523
exemplar,41,exemplar,exemplar/archive_1/6f78ee34-8249-459a-900a-d8aee5f203ad.pt,44213.0,68293.28125,10168.0,51846.9921875,2107.0,138.44798278808594,2.0,0.9957813620567322,36.0,280.42376708984375,1.0,41.3682861328125
exemplar,42,exemplar,exemplar/archive_1/733d4346-c1e0-45cc-841d-62a798bbe60a.pt,56989.0,187825.03125,55082.0,140628.859375,149.0,226.94541931152344,4.0,2.281419038772583,693.0,657.781982421875,98.0,57.16999816894531
exemplar,43,exemplar,exemplar/archive_1/74923cb9-abeb-4329-bb34-2e0714e33867.pt,7563.0,5667.90234375,2302.0,4848.9326171875,2.0,35.322547912597656,1.0,5.1122918128967285,26.0,169.73080444335938,2.0,16.873167037963867
exemplar,44,exemplar,exemplar/archive_1/7ad022f0-031e-4928-8967-2a10e6ead5a5.pt,22907.0,9614.806640625,800.0,6182.6435546875,3.0,38.33761215209961,1.0,3.142439126968384,28.0,123.60165405273438,1.0,14.220603942871094
exemplar,45,exemplar,exemplar/archive_1/7ecb5102-3313-4c41-9586-c1ad1fd36c66.pt,109778.0,214592.265625,29872.0,110686.1328125,5853.0,612.4207763671875,0.0,1.1920928955078125e-07,90.0,102.55238342285156,1.0,12.763527870178223
exemplar,46,exemplar,exemplar/archive_1/7f402bb4-51cf-485d-bc52-6ee172ca14fa.pt,5895.0,15959.4619140625,6753.0,13566.990234375,8.0,46.291015625,2.0,1.8319453001022339,328.0,310.80047607421875,96.0,48.4984130859375
exemplar,47,exemplar,exemplar/archive_1/8317cf35-eefa-4791-bcf7-f4065665fd13.pt,5111.0,6434.4375,1702.0,4512.81884765625,0.0,28.55807113647461,0.0,2.656609535217285,19.0,121.27871704101562,2.0,25.586990356445312
exemplar,48,exemplar,exemplar/archive_1/840fcf94-ccfc-43d8-b7c2-d33799fa8aa8.pt,3334.0,2055.0185546875,4118.0,1196.309814453125,5.0,0.0,2.0,1.0435791015625,2876.0,936.2681274414062,1024.0,23.509550094604492
exemplar,49,exemplar,exemplar/archive_1/84384e9c-dbd4-42f2-9768-d6071fed7642.pt,45548.0,29772.767578125,35581.0,31878.806640625,9.0,8.155458450317383,2.0,2.259995937347412,2171.0,1837.6292724609375,2143.0,712.3431396484375
exemplar,50,exemplar,exemplar/archive_1/85e17655-4ec7-4dde-bbe4-d48bacfaa343.pt,36.0,2305.0576171875,1.0,742.5066528320312,0.0,0.0,0.0,1.9137403964996338,13.0,68.0250473022461,1.0,6.62828254699707
exemplar,51,exemplar,exemplar/archive_1/86a7fb3e-bc83-41fa-894f-d57ab0a037c1.pt,7222.0,29651.0078125,4720.0,18701.5,282.0,133.03729248046875,0.0,0.2601546049118042,20.0,121.89857482910156,2.0,23.08406639099121
exemplar,52,exemplar,exemplar/archive_1/8c5001d5-58f2-49e9-a6bb-2ae23830866f.pt,25884.0,72500.3515625,14460.0,39315.14453125,128.0,72.44549560546875,6.0,3.9341483116149902,292.0,486.7658996582031,12.0,30.464101791381836
exemplar,53,exemplar,exemplar/archive_1/8d2bea12-85c5-4b4c-802c-3390a356a35e.pt,9199.0,12810.669921875,7911.0,8044.73974609375,0.0,0.0,3.0,1.2640058994293213,821.0,153.223388671875,144.0,22.469783782958984
exemplar,54,exemplar,exemplar/archive_1/8e75be00-7e3e-4f3d-8aa1-3e913ec040ec.pt,46262.0,199557.96875,28091.0,137249.90625,1998.0,308.68292236328125,4.0,1.7423534393310547,305.0,501.34466552734375,9.0,34.48676300048828
exemplar,55,exemplar,exemplar/archive_1/90c22023-a457-4031-8dcc-74aa8742c717.pt,91.0,2305.0576171875,1.0,742.5066528320312,0.0,0.0,0.0,1.9137400388717651,13.0,68.02497863769531,1.0,6.628278732299805
exemplar,56,exemplar,exemplar/archive_1/933de88a-1fe8-4497-b8cf-66fe9146b0e0.pt,10507.0,15479.0654296875,6645.0,8519.5947265625,0.0,0.0,0.0,1.09401273727417,94.0,100.20743560791016,1.0,14.892741203308105
exemplar,57,exemplar,exemplar/archive_1/93c8fe85-cd4d-4b53-a93f-688a737d92ef.pt,2795.0,9157.3935546875,771.0,8602.859375,0.0,3.6586272716522217,0.0,1.9166278839111328,33.0,1074.8193359375,21.0,444.73187255859375
exemplar,58,exemplar,exemplar/archive_1/93f027a8-36c7-4159-b997-fa581ea23d40.pt,55888.0,73852.375,34051.0,55334.3046875,27.0,94.91617584228516,2.0,0.267394095659256,408.0,332.8114929199219,103.0,65.4919662475586
exemplar,59,exemplar,exemplar/archive_1/94394a1c-cebb-41b5-97ba-053c2cbb4444.pt,6967.0,3833.545654296875,7374.0,2749.13037109375,128.0,26.949493408203125,0.0,2.2725439071655273,958.0,394.93603515625,128.0,22.173118591308594
exemplar,60,exemplar,exemplar/archive_1/9748b154-4100-4641-a2d4-c9e8328e837d.pt,24744.0,69552.0546875,19067.0,22309.349609375,128.0,204.46670532226562,4.0,2.741626739501953,306.0,404.8963317871094,9.0,13.143296241760254
exemplar,61,exemplar,exemplar/archive_1/990eb8b7-92c6-40ca-b679-e3cbaa3024b6.pt,16360.0,31163.041015625,28255.0,36160.57421875,10.0,39.51404571533203,3.0,9.690339088439941,2872.0,3072.2236328125,1024.0,811.6571044921875
exemplar,62,exemplar,exemplar/archive_1/9a9a9339-a608-467c-91a9-1a3f6a783e95.pt,62820.0,121275.65625,2597.0,62772.1171875,0.0,142.8072509765625,0.0,1.1920928955078125e-07,82.0,148.4549102783203,1.0,31.158802032470703
exemplar,63,exemplar,exemplar/archive_1/9bce92a8-b4b7-42eb-a5e4-15f5d4f3c872.pt,11925.0,67271.546875,15471.0,53284.5234375,26.0,91.65160369873047,6.0,0.9713771939277649,584.0,386.61810302734375,160.0,61.161033630371094
exemplar,64,exemplar,exemplar/archive_1/9c3ee7e5-a98f-4ec9-9b34-0d1baaa3da26.pt,39506.0,51860.4921875,64013.0,63379.375,133.0,20.810531616210938,7.0,11.775578498840332,2909.0,3403.03955078125,1024.0,773.9837646484375
exemplar,65,exemplar,exemplar/archive_1/9c51cef1-e8be-4066-85b1-e69bbe003acc.pt,62726.0,131303.890625,2597.0,55650.625,0.0,328.25360107421875,0.0,1.1920928955078125e-07,82.0,65.9892807006836,1.0,8.498441696166992
exemplar,66,exemplar,exemplar/archive_1/a2d0b7bd-e241-47cf-9b48-c8d5b31a4dfb.pt,52808.0,70979.1484375,30535.0,52973.06640625,24.0,93.6669921875,1.0,0.2606077790260315,401.0,325.6025390625,101.0,63.88298797607422
exemplar,67,exemplar,exemplar/archive_1/a7ab27fb-bd8e-4dfb-bc4f-fc37b71e548c.pt,2769.0,3309.28564453125,1763.0,2597.92724609375,3.0,0.0,0.0,2.1161959171295166,35.0,173.71632385253906,2.0,12.062297821044922
exemplar,68,exemplar,exemplar/archive_1/a7fcc3e0-563d-4404-9467-f86818191469.pt,10528.0,15479.05078125,6645.0,8519.5947265625,0.0,0.0,0.0,1.0940163135528564,94.0,100.20763397216797,1.0,14.892756462097168
exemplar,69,exemplar,exemplar/archive_1/a84153c9-baad-493e-b043-331117736a38.pt,26154.0,72500.3515625,11148.0,39315.10546875,128.0,72.44546508789062,7.0,3.934147834777832,285.0,486.7658996582031,5.0,30.464088439941406
exemplar,70,exemplar,exemplar/archive_1/ab107bcf-9e12-42e0-9b1a-bf08d137f970.pt,61095.0,29789.724609375,5272.0,30683.80859375,0.0,4.765329360961914,0.0,2.5351767539978027,98.0,1981.4310302734375,19.0,640.3255615234375
exemplar,71,exemplar,exemplar/archive_1/af019597-795a-45fb-af20-0492e247f185.pt,7535.0,26495.5703125,3360.0,18003.810546875,281.0,88.32913208007812,0.0,0.3575402796268463,15.0,171.4715576171875,1.0,35.605247497558594
exemplar,72,exemplar,exemplar/archive_1/b19f2e4b-4590-4abd-a767-7530be27f889.pt,27733.0,10633.494140625,5435.0,8209.861328125,5.0,43.431095123291016,2.0,5.056548118591309,36.0,171.30616760253906,1.0,17.377622604370117
exemplar,73,exemplar,exemplar/archive_1/b43c3d48-b63e-4826-8f80-4f21daca2b4f.pt,2911.0,2059.124755859375,2758.0,1199.9864501953125,5.0,0.0,14.0,2.1281704902648926,537.0,436.56048583984375,3.0,9.63936996459961
exemplar,74,exemplar,exemplar/archive_1/b656d259-da97-4fd2-982a-eae002500fb2.pt,2806.0,3250.30908203125,2566.0,2525.18603515625,3.0,0.0,1.0,1.9995816946029663,502.0,188.3907928466797,128.0,13.331144332885742
exemplar,75,exemplar,exemplar/archive_1/b85933b6-f63c-4af0-aa76-bbf3f5b74598.pt,64713.0,33975.875,48949.0,32895.73828125,10.0,28.914321899414062,2.0,5.622937202453613,2239.0,3454.173095703125,1715.0,1076.2813720703125
exemplar,76,exemplar,exemplar/archive_1/bb07fdf6-0145-43fa-b254-ae7790bd0390.pt,5228.0,4899.97998046875,897.0,3406.440185546875,2.0,28.10269546508789,1.0,3.8007655143737793,24.0,124.82754516601562,1.0,13.498380661010742
exemplar,77,exemplar,exemplar/archive_1/bfc05050-5933-4357-afc0-782c3c9871d3.pt,72372.0,40601.0625,37872.0,28056.9765625,32.0,144.49374389648438,2.0,5.606982707977295,881.0,1108.786865234375,102.0,99.1903076171875
exemplar,78,exemplar,exemplar/archive_1/c50b7d06-2743-447e-8d30-7d44ffd86fa1.pt,6127.0,4899.97998046875,771.0,3406.440185546875,2.0,28.10269546508789,1.0,3.8007638454437256,24.0,124.82754516601562,1.0,13.498380661010742
exemplar,79,exemplar,exemplar/archive_1/c50bdf2e-0abe-43fc-8139-06cf5e73816b.pt,1357.0,3332.5419921875,1278.0,2756.240478515625,2.0,0.0,0.0,1.7801769971847534,329.0,200.9376678466797,96.0,18.01202964782715
exemplar,80,exemplar,exemplar/archive_1/c547deb4-f314-4e7d-9e7b-88bda5d6f7ff.pt,4920.0,30614.82421875,63.0,18952.462890625,275.0,136.17755126953125,0.0,1.1920928955078125e-07,14.0,95.13458251953125,1.0,20.478912353515625
exemplar,81,exemplar,exemplar/archive_1/c554422a-7e7f-40d8-88a4-8c54a0a92d59.pt,3337.0,2055.0166015625,4118.0,1196.309814453125,5.0,0.0,2.0,1.043579339981079,2876.0,936.2686157226562,1024.0,23.50956153869629
exemplar,82,exemplar,exemplar/archive_1/c76f45c1-2e16-422b-b87f-0befcb5d1cc0.pt,33986.0,71415.46875,1592.0,50341.9765625,2019.0,133.8389892578125,1.0,0.2629809081554413,28.0,229.1044464111328,1.0,41.328102111816406
exemplar,83,exemplar,exemplar/archive_1/cc933a28-ea40-4c6e-94eb-19bb770284e0.pt,14151.0,27023.966796875,17032.0,29719.20703125,9.0,7.511297225952148,3.0,3.3198506832122803,2760.0,1978.0450439453125,1024.0,662.265380859375
exemplar,84,exemplar,exemplar/archive_1/d2f9b92b-36b8-4913-bf89-d73b70e688b6.pt,74.0,2260.4091796875,1.0,646.850830078125,0.0,0.0,0.0,2.189972400665283,13.0,58.790287017822266,1.0,5.188834190368652
exemplar,85,exemplar,exemplar/archive_1/d555c2bc-0669-45e4-91b5-39d9ebf234a6.pt,76.0,1985.824951171875,5.0,670.576416015625,2.0,0.0,0.0,0.8043452501296997,15.0,272.0372314453125,1.0,18.870384216308594
exemplar,86,exemplar,exemplar/archive_1/d624f608-06d4-4b6b-b0a4-1fd09b11f9a5.pt,57420.0,29789.724609375,8222.0,30683.80859375,0.0,4.765330791473389,0.0,2.5351758003234863,96.0,1981.4310302734375,17.0,640.3258666992188
exemplar,87,exemplar,exemplar/archive_1/dcec6b57-a6cd-442a-b467-1dd0d8a02ccf.pt,60408.0,38419.515625,27260.0,32676.142578125,2300.0,248.7958984375,2.0,7.0364789962768555,540.0,1098.3892822265625,3.0,76.81976318359375
exemplar,88,exemplar,exemplar/archive_1/dd09668d-3c30-4aad-9f96-919ce4bedbf0.pt,52892.0,70979.1484375,32809.0,52973.06640625,24.0,93.66703796386719,1.0,0.26060763001441956,397.0,325.6025390625,99.0,63.88298797607422
exemplar,89,exemplar,exemplar/archive_1/e0877d2d-c62b-4796-be5f-96c63aefb754.pt,9596.0,17421.65625,4242.0,14370.21875,423.0,68.51173400878906,1.0,1.6410586833953857,24.0,248.5627899169922,1.0,34.97745895385742
exemplar,90,exemplar,exemplar/archive_1/e3f6f73c-985e-45e2-8dfd-c8eeaf9b40da.pt,85.0,2081.372314453125,5.0,539.308349609375,2.0,0.0,0.0,1.2665979862213135,15.0,108.39178466796875,1.0,3.4210879802703857
exemplar,91,exemplar,exemplar/archive_1/e6a82969-b2e7-4bf3-ba16-00307a537ca0.pt,6445.0,15959.4619140625,7587.0,13567.0029296875,8.0,46.291015625,2.0,1.8319453001022339,333.0,310.80047607421875,96.0,48.49839782714844
exemplar,92,exemplar,exemplar/archive_1/e78a5e99-9c04-4b9b-be44-a1b0d34a316b.pt,32764.0,75289.25,28186.0,55295.109375,128.0,284.4775390625,4.0,4.130975723266602,309.0,509.7371520996094,9.0,16.625165939331055
exemplar,93,exemplar,exemplar/archive_1/e7919f10-29bd-4777-b4cc-29dbe353cd1c.pt,35600.0,74549.46875,1624.0,52672.921875,2091.0,135.10536193847656,2.0,0.26961639523506165,32.0,235.22903442382812,1.0,42.69826889038086
exemplar,94,exemplar,exemplar/archive_1/e8403995-eed4-4ab2-bad9-4ab7a8a95220.pt,9741.0,13167.619140625,14518.0,13268.4716796875,5.0,5.406095504760742,3.0,4.037450790405273,2872.0,2066.0205078125,1024.0,474.42193603515625
exemplar,95,exemplar,exemplar/archive_1/e87f94ad-6357-4f1e-8148-702cc5865918.pt,738.0,1965.1981201171875,7.0,492.84814453125,3.0,0.0,0.0,0.8548599481582642,23.0,291.5808410644531,1.0,11.02092170715332
exemplar,96,exemplar,exemplar/archive_1/e89c3f49-0a65-47bb-8ace-4c65db6d108b.pt,21260.0,26371.109375,23944.0,30844.70703125,0.0,4.71088171005249,5.0,4.205588340759277,6581.0,2677.139404296875,1296.0,803.6387939453125
exemplar,97,exemplar,exemplar/archive_1/e9e2bcad-ffaa-477a-93b0-5d0493070787.pt,15128.0,27023.966796875,18973.0,29719.20703125,9.0,7.511297225952148,4.0,3.3198506832122803,2767.0,1978.0450439453125,1024.0,662.265380859375
exemplar,98,exemplar,exemplar/archive_1/f47f94f0-87d1-4681-9dcc-02c2cb74fd5a.pt,2236.0,8478.73046875,145.0,1992.867919921875,0.0,0.0,0.0,0.7071807384490967,78.0,66.39686584472656,1.0,3.926380157470703
exemplar,99,exemplar,exemplar/archive_1/f7965c2f-28df-4155-9306-bfef8953a6be.pt,3057.0,3352.758544921875,2828.0,2505.7041015625,3.0,0.0,2.0,1.2133841514587402,2630.0,589.705810546875,1024.0,65.4932632446289
exemplar,100,exemplar,exemplar/archive_2/01525b57-2df4-49a4-8b44-6082bf153f1c.pt,8073.0,12819.751953125,3359.0,12539.34765625,267.0,4.350000858306885,0.0,2.1277387142181396,15.0,1343.8076171875,1.0,558.91796875
exemplar,101,exemplar,exemplar/archive_2/01f697c6-b10b-4565-8590-f81514e880c9.pt,2904.0,2059.124755859375,2680.0,1199.9864501953125,5.0,0.0,14.0,2.12817120552063,537.0,436.56048583984375,3.0,9.63936996459961
exemplar,102,exemplar,exemplar/archive_2/0551c9ea-59f7-4e4a-87c0-37df99b26573.pt,21176.0,42513.86328125,32593.0,55741.6640625,128.0,7.088392734527588,8.0,8.700729370117188,2889.0,3258.13232421875,1024.0,788.0335083007812
exemplar,103,exemplar,exemplar/archive_2/05f0ccd2-98cf-4535-93c2-1d3e77a9b07c.pt,24862.0,108864.2421875,22177.0,60687.57421875,0.0,125.94316864013672,6.0,0.47317975759506226,821.0,188.13702392578125,144.0,38.069984436035156
exemplar,104,exemplar,exemplar/archive_2/0755003d-fac1-4914-9051-bc9a85e03624.pt,9525.0,13360.4345703125,7874.0,12905.046875,6.0,7.018186092376709,1.0,1.9334028959274292,438.0,992.4427490234375,422.0,387.5987548828125
exemplar,105,exemplar,exemplar/archive_2/085e0d62-34ae-4f6e-8eaf-6c9695beccbf.pt,717.0,1965.1981201171875,83.0,492.84814453125,3.0,0.0,0.0,0.8548603653907776,26.0,291.5809631347656,1.0,11.020926475524902
exemplar,106,exemplar,exemplar/archive_2/08899062-2fac-4cd8-8c35-4678076c0341.pt,9984.0,16037.232421875,6970.0,12773.154296875,8.0,43.43213653564453,1.0,0.8159924745559692,275.0,261.8199768066406,84.0,47.127540588378906
exemplar,107,exemplar,exemplar/archive_2/118ec27f-9c9b-4bde-83fa-26ff090691b8.pt,22404.0,21848.052734375,3219.0,22338.49609375,3.0,5.891956806182861,1.0,2.7394497394561768,69.0,1411.826904296875,45.0,508.8166809082031
exemplar,108,exemplar,exemplar/archive_2/121c5201-0714-4c8a-b636-a8f195ba5a03.pt,10823.0,13167.619140625,14535.0,13268.4716796875,5.0,5.406095027923584,3.0,4.037450313568115,2875.0,2066.0205078125,1024.0,474.42193603515625
exemplar,109,exemplar,exemplar/archive_2/18aa6349-af5a-4ca3-83cd-47dc55381cf4.pt,42742.0,53409.78515625,44659.0,51756.734375,6.0,19.073463439941406,2.0,2.4262280464172363,6581.0,2263.719970703125,1296.0,579.6934814453125
exemplar,110,exemplar,exemplar/archive_2/1c92271f-850d-4e3c-968f-1dead1ccdaa5.pt,3301.0,11154.796875,3878.0,11699.310546875,2.0,5.787535667419434,1.0,3.6474039554595947,520.0,992.7464599609375,192.0,350.6571044921875
exemplar,111,exemplar,exemplar/archive_2/1d7221e2-8d8e-4e81-b2e3-b52c9202ec83.pt,26374.0,10263.3115234375,5371.0,7912.06640625,3.0,43.5251350402832,1.0,4.987525939941406,32.0,167.1239471435547,1.0,16.745758056640625
exemplar,112,exemplar,exemplar/archive_2/1fb9d731-44fe-4908-bcb5-265067f24c3e.pt,138432.0,218819.109375,31416.0,122511.828125,5833.0,587.4107055664062,0.0,0.28524303436279297,95.0,133.19058227539062,2.0,19.07600975036621
exemplar,113,exemplar,exemplar/archive_2/1feebb8f-df74-4410-90ca-979c51199bfe.pt,5391.0,13930.1484375,7192.0,13965.3076171875,6.0,5.966079235076904,1.0,2.7607381343841553,520.0,1154.3409423828125,192.0,427.1971435546875
exemplar,114,exemplar,exemplar/archive_2/205c6f44-b54e-4065-8e6d-b654978246be.pt,383.0,3916.296875,281.0,3768.664306640625,0.0,0.0,0.0,3.6836283206939697,18.0,126.20572662353516,1.0,19.802780151367188
exemplar,115,exemplar,exemplar/archive_2/249c5897-9354-48ad-b5a5-0cac1690c152.pt,981.0,1068.1995849609375,86.0,123.578125,5.0,0.0,0.0,0.9077332019805908,528.0,556.9989013671875,1.0,4.110740661621094
exemplar,116,exemplar,exemplar/archive_2/2ab1a76c-9907-4d18-bf5d-09fe5d1a4db6.pt,5991.0,4899.97998046875,640.0,3406.440185546875,2.0,28.10270118713379,1.0,3.80076265335083,23.0,124.82754516601562,1.0,13.498377799987793
exemplar,117,exemplar,exemplar/archive_2/2fa8fb20-8946-461e-9867-f56d2b13bcff.pt,6967.0,3833.545654296875,7374.0,2749.131591796875,128.0,26.949478149414062,0.0,2.2725439071655273,958.0,394.93603515625,128.0,22.173118591308594
exemplar,118,exemplar,exemplar/archive_2/359b58b7-0326-4a93-956a-4b2eaa583f53.pt,4627.0,9846.33203125,1647.0,10042.6123046875,0.0,3.472193717956543,0.0,2.558525323867798,20.0,1312.920654296875,2.0,528.210693359375
exemplar,119,exemplar,exemplar/archive_2/3748ff96-bb56-46fe-8e84-6d00af316083.pt,127.0,1985.824951171875,35.0,670.5767822265625,2.0,0.0,0.0,0.8043452501296997,17.0,272.037353515625,1.0,18.870384216308594
exemplar,120,exemplar,exemplar/archive_2/375a3000-6499-4100-b3f4-ed7ccfa6efa9.pt,21623.0,11056.5869140625,1838.0,8047.17236328125,3.0,27.05574607849121,1.0,2.960103988647461,42.0,205.15760803222656,12.0,36.00714111328125
exemplar,121,exemplar,exemplar/archive_2/3c4f0518-cd12-4c04-a710-7ac6af24b36b.pt,20483.0,38672.875,28917.0,33409.38671875,31.0,229.18060302734375,5.0,7.974506378173828,1087.0,1117.3492431640625,160.0,91.6267318725586
exemplar,122,exemplar,exemplar/archive_2/3c5398da-d7cf-47aa-97b4-bd7c74fcb34c.pt,2913.0,3352.76171875,2764.0,2505.705322265625,3.0,0.0,2.0,1.2133839130401611,2631.0,589.705810546875,1024.0,65.4932632446289
exemplar,123,exemplar,exemplar/archive_2/4090a3d7-2624-4487-bc49-3a11e7cb7c9c.pt,24753.0,43581.55078125,21240.0,50918.0625,128.0,6.898557662963867,4.0,5.164218425750732,315.0,2928.894775390625,52.0,785.4105834960938
exemplar,124,exemplar,exemplar/archive_2/431255d8-05e7-48b2-8e7e-f16b51ca6522.pt,45063.0,53409.734375,44698.0,51756.68359375,6.0,19.07343864440918,3.0,2.4262309074401855,6581.0,2263.72314453125,1296.0,579.6940307617188
exemplar,125,exemplar,exemplar/archive_2/49637ef4-da70-4343-b00b-3e757a368528.pt,7430.0,29651.0078125,3359.0,18701.5,293.0,133.03729248046875,0.0,0.2601543068885803,16.0,121.89857482910156,1.0,23.08406639099121
exemplar,126,exemplar,exemplar/archive_2/49a75271-725b-4791-bf1f-7d5927b40ac3.pt,7388.0,12819.751953125,4159.0,12539.34765625,291.0,4.350001335144043,0.0,2.1277384757995605,20.0,1343.8076171875,2.0,558.9176635742188
exemplar,127,exemplar,exemplar/archive_2/4ae47494-a6f6-48d1-87e7-ebfcc0ae914c.pt,6113.0,11633.716796875,5607.0,11261.7177734375,2.0,4.876855373382568,0.0,1.5677459239959717,309.0,1061.9759521484375,296.0,425.5216369628906
exemplar,128,exemplar,exemplar/archive_2/51118e02-295c-4b79-937d-7dbad6a2c0d2.pt,24112.0,10012.962890625,816.0,6524.88671875,5.0,38.690650939941406,2.0,3.151172637939453,32.0,127.04767608642578,1.0,14.85062026977539
exemplar,129,exemplar,exemplar/archive_2/581844f6-d44a-43db-be68-0b45f3b7344d.pt,483.0,3930.683837890625,376.0,4008.007568359375,0.0,0.0,0.0,3.1986947059631348,15.0,145.26307678222656,1.0,26.119186401367188
exemplar,130,exemplar,exemplar/archive_2/5983ca74-e282-412a-b2f0-489327a9ccea.pt,1723.0,2123.068115234375,800.0,413.35394287109375,107.0,35.356544494628906,0.0,1.826277732849121,270.0,220.42596435546875,1.0,1.5986740589141846
exemplar,131,exemplar,exemplar/archive_2/5b16206e-bc49-4eb0-8532-21e989df898d.pt,33728.0,75289.25,28029.0,55295.109375,128.0,284.4775390625,4.0,4.130975246429443,310.0,509.7373962402344,9.0,16.62517547607422
exemplar,132,exemplar,exemplar/archive_2/5f97c105-e8db-4856-99c8-6f244035d9f6.pt,24869.0,4992.203125,3028.0,1100.424072265625,5.0,25.865617752075195,2.0,2.710256814956665,552.0,500.4739685058594,11.0,22.020122528076172
exemplar,133,exemplar,exemplar/archive_2/6452b03d-2f7b-488d-90ed-e4c45432f442.pt,24520.0,108864.2421875,22669.0,60687.57421875,0.0,125.94316864013672,6.0,0.4731793999671936,823.0,188.13702392578125,144.0,38.070003509521484
exemplar,134,exemplar,exemplar/archive_2/64bda8fc-695e-49c2-8e02-09ed011f9f98.pt,7253.0,29651.0078125,4651.0,18701.5,282.0,133.03729248046875,0.0,0.2601546049118042,20.0,121.89857482910156,2.0,23.08406639099121
exemplar,135,exemplar,exemplar/archive_2/653010fa-d67d-4455-a52a-5586456f6387.pt,22165.0,11056.5869140625,1876.0,8047.17236328125,3.0,27.055753707885742,1.0,2.9601030349731445,42.0,205.15760803222656,11.0,36.00712585449219
exemplar,136,exemplar,exemplar/archive_2/65f2dd57-ee52-4db0-87b2-6b1d5c5edfc4.pt,122.0,2133.297119140625,44.0,519.8840942382812,2.0,0.0,0.0,1.318373680114746,18.0,104.66669464111328,1.0,2.9667320251464844
exemplar,137,exemplar,exemplar/archive_2/6feffc6b-567e-4b36-bad3-e4c57ab9cec2.pt,414.0,3930.683837890625,338.0,4008.007568359375,0.0,0.0,0.0,3.1986937522888184,18.0,145.26307678222656,1.0,26.119186401367188
exemplar,138,exemplar,exemplar/archive_2/71fc7a21-01aa-4f22-8f37-e9b5e3e23654.pt,1017.0,1921.0721435546875,24.0,419.77972412109375,5.0,0.0,0.0,1.5294960737228394,27.0,99.53070068359375,1.0,2.1857874393463135
exemplar,139,exemplar,exemplar/archive_2/71ff4609-1463-4d28-9ef0-cef1641b5731.pt,64296.0,33975.875,45559.0,32895.73828125,10.0,28.914329528808594,2.0,5.622938632965088,2215.0,3454.173095703125,1692.0,1076.2813720703125
exemplar,140,exemplar,exemplar/archive_2/720c1054-ed10-46fc-86fc-9d4dc4b5fc1d.pt,6311.0,11633.716796875,5375.0,11261.7177734375,2.0,4.876855373382568,0.0,1.5677459239959717,298.0,1061.9764404296875,285.0,425.5216369628906
exemplar,141,exemplar,exemplar/archive_2/753db279-3897-4e89-a08d-a46c207dc829.pt,60890.0,121275.65625,7075.0,62772.1171875,0.0,142.80746459960938,0.0,1.1920928955078125e-07,93.0,148.454833984375,2.0,31.15877914428711
exemplar,142,exemplar,exemplar/archive_2/7b0a48f6-26f7-4734-8ff2-b2389721cf8b.pt,64315.0,33975.875,48353.0,32895.73828125,10.0,28.914321899414062,2.0,5.622938632965088,2241.0,3454.173095703125,1717.0,1076.2813720703125
exemplar,143,exemplar,exemplar/archive_2/7eb90940-c8fc-46eb-b334-63c1540139b5.pt,49.0,2260.4091796875,1.0,646.850830078125,0.0,0.0,0.0,2.189971446990967,13.0,58.790287017822266,1.0,5.188834190368652
exemplar,144,exemplar,exemplar/archive_2/88525790-1f2d-4b08-abd1-87d93fbfa721.pt,7423.0,20996.525390625,9003.0,23719.609375,5.0,6.0731401443481445,3.0,4.195063591003418,2760.0,1630.404052734375,1024.0,541.8323974609375
exemplar,145,exemplar,exemplar/archive_2/88562b99-cdec-44f1-a048-2808b2e91b5d.pt,3337.0,2055.0185546875,4118.0,1196.309814453125,5.0,0.0,2.0,1.043579339981079,2877.0,936.2681274414062,1024.0,23.509550094604492
exemplar,146,exemplar,exemplar/archive_2/8858c4d4-cdcf-46ad-8093-195db8550140.pt,26082.0,11594.82421875,2632.0,9133.544921875,5.0,5.042103290557861,2.0,2.65274715423584,564.0,1728.859130859375,40.0,393.82427978515625
exemplar,147,exemplar,exemplar/archive_2/8fb92d64-ae75-49a3-83d4-b20cc8facacb.pt,14150.0,27023.966796875,17032.0,29719.20703125,9.0,7.511295318603516,3.0,3.3198511600494385,2760.0,1978.0450439453125,1024.0,662.265380859375
exemplar,148,exemplar,exemplar/archive_2/8fc296f2-d676-4db0-8fca-4aad1c0f9562.pt,7448.0,20563.98046875,8953.0,23136.271484375,3.0,5.974764823913574,3.0,4.149670600891113,2630.0,1602.992919921875,1024.0,536.3577270507812
exemplar,149,exemplar,exemplar/archive_2/92338979-551d-417d-b540-907ba3e43cdf.pt,29043.0,38672.875,37083.0,33409.38671875,31.0,229.1804962158203,5.0,7.974503993988037,1087.0,1117.3492431640625,160.0,91.62677764892578
exemplar,150,exemplar,exemplar/archive_2/9313be69-b1d3-4511-8970-154a74b6e9a1.pt,2114.0,10403.9033203125,145.0,2266.6083984375,0.0,0.0,0.0,0.593299388885498,78.0,42.73432922363281,1.0,2.6305508613586426
exemplar,151,exemplar,exemplar/archive_2/9484c0eb-623f-4785-b182-7fa5cc18e87e.pt,13661.0,27023.966796875,17018.0,29719.20703125,9.0,7.511297225952148,3.0,3.3198516368865967,2760.0,1978.0450439453125,1024.0,662.265380859375
exemplar,152,exemplar,exemplar/archive_2/9847d2cf-f15c-4505-8b8d-f64ac3998050.pt,24672.0,10263.3115234375,5377.0,7912.07421875,3.0,43.5251579284668,1.0,4.987525939941406,32.0,167.123779296875,1.0,16.745750427246094
exemplar,153,exemplar,exemplar/archive_2/991f13af-b7f2-4986-8d9a-67446552fda3.pt,4933.0,10515.384765625,1767.0,9672.85546875,2.0,5.624560356140137,1.0,2.4043831825256348,80.0,848.6470947265625,65.0,310.38250732421875
exemplar,154,exemplar,exemplar/archive_2/9bf554fc-02eb-4516-9e17-0417c78bcfc4.pt,825.0,1944.0869140625,132.0,482.19805908203125,5.0,0.0,0.0,0.8736578822135925,32.0,294.4753112792969,1.0,10.765228271484375
exemplar,155,exemplar,exemplar/archive_2/9e988320-f57a-4fd9-9af6-e0dd6526b45f.pt,3337.0,2055.0185546875,4118.0,1196.310302734375,5.0,0.0,2.0,1.043579339981079,2877.0,936.2681274414062,1024.0,23.50955581665039
exemplar,156,exemplar,exemplar/archive_2/a191dd12-d602-4bc6-aaf3-c8cb908fd702.pt,26532.0,72500.3515625,19612.0,39315.10546875,128.0,72.44549560546875,4.0,3.9341495037078857,309.0,486.7658996582031,9.0,30.464088439941406
exemplar,157,exemplar,exemplar/archive_2/a1fe7c8f-9a29-4f21-ae4d-1839cca18741.pt,141209.0,63766.24609375,87556.0,55469.25,12.0,20.709474563598633,0.0,1.1850156784057617,3055.0,1872.389892578125,2976.0,549.6500854492188
exemplar,158,exemplar,exemplar/archive_2/aa61c13f-4b69-4075-914c-dd0ce3023d0a.pt,2010.0,3862.662353515625,1245.0,953.2349853515625,114.0,18.53890037536621,0.0,1.6191767454147339,272.0,1077.51123046875,1.0,40.44477844238281
exemplar,159,exemplar,exemplar/archive_2/aacf0ac9-db95-4fcc-8c4d-aecbc270036b.pt,11924.0,67271.546875,15471.0,53284.5234375,26.0,91.65164184570312,6.0,0.9713771939277649,584.0,386.61810302734375,160.0,61.161033630371094
exemplar,160,exemplar,exemplar/archive_2/ab159ae2-584e-4dcd-a535-87f562c45533.pt,5311.0,30614.853515625,1379.0,18952.462890625,285.0,136.1776123046875,0.0,1.1920928955078125e-07,20.0,95.13453674316406,1.0,20.478918075561523
exemplar,161,exemplar,exemplar/archive_2/aec95022-1104-4ae4-a2f5-570b3651b52c.pt,6738.0,3833.545654296875,9529.0,2749.12890625,128.0,26.949478149414062,0.0,2.2725439071655273,962.0,394.93585205078125,128.0,22.173107147216797
exemplar,162,exemplar,exemplar/archive_2/af819660-64bf-4cba-9691-9f108cad6317.pt,5391.0,13930.1484375,7192.0,13965.3076171875,6.0,5.966080665588379,1.0,2.760737657546997,520.0,1154.33984375,192.0,427.1969299316406
exemplar,163,exemplar,exemplar/archive_2/af92a7a9-9199-47a1-b0a9-5342e82f3648.pt,34873.0,51860.4921875,51955.0,63379.4375,133.0,20.810531616210938,9.0,11.775585174560547,2886.0,3403.03955078125,1024.0,773.9837646484375
exemplar,164,exemplar,exemplar/archive_2/b09aaa61-8f84-4cf9-a06d-599c34d35835.pt,59062.0,38419.515625,7409.0,32676.142578125,2290.0,248.7958984375,2.0,7.0364789962768555,533.0,1098.3892822265625,2.0,76.81979370117188
exemplar,165,exemplar,exemplar/archive_2/b2a102d6-2db3-4141-a7c7-ed4324a7263b.pt,42567.0,212843.3125,41403.0,129573.3125,54.0,412.4220275878906,9.0,0.3115117847919464,821.0,185.41162109375,144.0,26.895111083984375
exemplar,166,exemplar,exemplar/archive_2/b880a011-7afd-4691-9c3b-f599fcac6507.pt,21678.0,42513.86328125,36597.0,55741.6640625,128.0,7.088392734527588,6.0,8.700726509094238,2905.0,3258.13232421875,1024.0,788.0335083007812
exemplar,167,exemplar,exemplar/archive_2/b9edb958-f6ba-439a-ba1f-5dc57457d87b.pt,5341.0,5434.62060546875,1413.0,3861.615966796875,2.0,20.282798767089844,1.0,3.5147948265075684,46.0,165.11090087890625,12.0,26.521371841430664
exemplar,168,exemplar,exemplar/archive_2/ba32d4dc-3186-4b4c-b1d4-340affbac563.pt,3398.0,2055.0185546875,4169.0,1196.309814453125,5.0,0.0,2.0,1.0435798168182373,2877.0,936.2686157226562,1024.0,23.509572982788086
exemplar,169,exemplar,exemplar/archive_2/ba3d991d-2cd4-44eb-8a4a-4686a9a792e5.pt,9430.0,12810.669921875,7945.0,8044.73193359375,0.0,0.0,3.0,1.2640044689178467,822.0,153.22360229492188,144.0,22.469829559326172
exemplar,170,exemplar,exemplar/archive_2/bd8316b7-d3b7-49ff-9167-f583a6f7f78a.pt,12949.0,67271.546875,15545.0,53284.5234375,26.0,91.65164184570312,6.0,0.9713776707649231,584.0,386.617919921875,160.0,61.161033630371094
exemplar,171,exemplar,exemplar/archive_2/c3443d82-ae16-48f6-a622-6ce65bee8aca.pt,955.0,1068.1995849609375,43.0,123.578125,5.0,0.0,0.0,0.9077339172363281,527.0,556.9989013671875,1.0,4.110740661621094
exemplar,172,exemplar,exemplar/archive_2/c3a185b3-0e34-4a6a-9e0f-ff2533cfe862.pt,3142.0,11154.796875,3917.0,11699.310546875,2.0,5.787534713745117,1.0,3.647402763366699,521.0,992.7464599609375,192.0,350.6571044921875
exemplar,173,exemplar,exemplar/archive_2/c4f9c274-e5de-425d-b846-794493bdb601.pt,26314.0,11594.82421875,958.0,9133.544921875,5.0,5.042104244232178,2.0,2.65274715423584,546.0,1728.859130859375,23.0,393.82427978515625
exemplar,174,exemplar,exemplar/archive_2/c7058331-3595-4e04-a0e6-5f31ca0ee832.pt,6665.0,20563.98046875,8866.0,23136.271484375,3.0,5.974766731262207,3.0,4.149670600891113,2628.0,1602.992919921875,1024.0,536.3577270507812
exemplar,175,exemplar,exemplar/archive_2/c91f1953-c631-4fc6-ac39-e58cdf044715.pt,84.0,2305.0576171875,1.0,742.5066528320312,0.0,0.0,0.0,1.9137403964996338,12.0,68.0250473022461,1.0,6.62828254699707
exemplar,176,exemplar,exemplar/archive_2/cb4208e9-f4ec-4508-a127-e61713fa4427.pt,1083.0,1935.780517578125,183.0,425.2107849121094,5.0,0.0,0.0,1.6614372730255127,33.0,93.80979919433594,1.0,2.0234861373901367
exemplar,177,exemplar,exemplar/archive_2/cbe41495-f713-4951-a5ab-bfc09d0b62ef.pt,24983.0,69552.0546875,20118.0,22309.328125,128.0,204.46670532226562,4.0,2.741626739501953,307.0,404.8963317871094,9.0,13.143282890319824
exemplar,178,exemplar,exemplar/archive_2/cdbce098-85d7-472c-ab93-3fd7760cf305.pt,10021.0,16037.232421875,7133.0,12773.1669921875,8.0,43.43214416503906,1.0,0.8159922361373901,274.0,261.8199768066406,82.0,47.12755584716797
exemplar,179,exemplar,exemplar/archive_2/cdfa8f37-89f2-4dd4-a946-19c2e5ded11b.pt,2112.0,2123.067138671875,1084.0,413.35394287109375,113.0,35.356571197509766,0.0,1.826277732849121,270.0,220.42596435546875,1.0,1.59867525100708
exemplar,180,exemplar,exemplar/archive_2/cf9ebcf6-3e99-4143-965c-4e208570a8ed.pt,103.0,1985.8258056640625,21.0,670.5767822265625,2.0,0.0,0.0,0.8043452501296997,17.0,272.037109375,1.0,18.870380401611328
exemplar,181,exemplar,exemplar/archive_2/d421446f-6e66-43e0-9f09-f49746ab729a.pt,20143.0,42513.86328125,30349.0,55741.6640625,128.0,7.088392734527588,9.0,8.700729370117188,2886.0,3258.13232421875,1024.0,788.0335083007812
exemplar,182,exemplar,exemplar/archive_2/d8b32d50-b3cf-432b-bb5b-b8f535ce714c.pt,9619.0,12749.505859375,8367.0,16321.3046875,0.0,0.0,4.0,3.832108974456787,6581.0,3478.606689453125,1296.0,1069.517822265625
exemplar,183,exemplar,exemplar/archive_2/dcb74e34-ca5a-486e-86d9-d9a6040d1c0e.pt,2909.0,9157.3935546875,1051.0,8602.8671875,0.0,3.6586272716522217,0.0,1.9166278839111328,41.0,1074.8193359375,26.0,444.73187255859375
exemplar,184,exemplar,exemplar/archive_2/dd00795c-3e46-41f8-b2ef-d07178c68303.pt,5308.0,4124.48876953125,6923.0,3016.23291015625,128.0,32.0373649597168,0.0,2.245204448699951,414.0,328.36871337890625,64.0,17.58228302001953
exemplar,185,exemplar,exemplar/archive_2/dd6967a6-6467-4056-a70b-bf30ac5ce5a8.pt,24764.0,4992.203125,3054.0,1100.424072265625,5.0,25.865631103515625,2.0,2.7102572917938232,548.0,500.4742126464844,10.0,22.020122528076172
exemplar,186,exemplar,exemplar/archive_2/df404ea2-7749-44ca-9f48-4e40bcbbcccc.pt,34873.0,51860.4921875,51955.0,63379.4375,133.0,20.81052589416504,9.0,11.775578498840332,2886.0,3403.03955078125,1024.0,773.984130859375
exemplar,187,exemplar,exemplar/archive_2/e1d7bcd5-74f3-4ba8-98fa-8fd7e8e53d4c.pt,4950.0,6698.580078125,1682.0,4187.2822265625,0.0,42.964622497558594,0.0,2.4814281463623047,19.0,68.84654998779297,2.0,11.607465744018555
exemplar,188,exemplar,exemplar/archive_2/e206f89f-6722-4b7b-aa5e-1da854f3c74f.pt,27004.0,4513.58984375,331.0,908.9987182617188,5.0,31.943166732788086,2.0,2.4151954650878906,527.0,444.63348388671875,1.0,15.291017532348633
exemplar,189,exemplar,exemplar/archive_2/e3ca47f3-9ba7-4a01-a793-27142befd25c.pt,47382.0,68293.28125,21390.0,51846.9921875,2100.0,138.4479217529297,2.0,0.9957818388938904,43.0,280.42376708984375,2.0,41.3682746887207
exemplar,190,exemplar,exemplar/archive_2/e52443e5-a588-4cfc-9d56-0d24ba75bb95.pt,6719.0,27211.130859375,5572.0,18206.857421875,4.0,90.08795166015625,0.0,1.1920928955078125e-07,127.0,135.93443298339844,86.0,32.12760543823242
exemplar,191,exemplar,exemplar/archive_2/e871b1d9-adf7-4508-b8d5-8ba960b2e566.pt,22003.0,10633.494140625,6714.0,8209.861328125,5.0,43.43111801147461,2.0,5.056547164916992,43.0,171.30616760253906,2.0,17.37761878967285
exemplar,192,exemplar,exemplar/archive_2/e8e67ed2-6a32-4e3a-9a24-1a5b7a5d7691.pt,3057.0,3352.758544921875,2828.0,2505.7041015625,3.0,0.0,2.0,1.2133839130401611,2630.0,589.705810546875,1024.0,65.49323272705078
exemplar,193,exemplar,exemplar/archive_2/eaa44c08-a035-4803-ab47-513783efb3a7.pt,62507.0,121275.65625,2597.0,62772.1171875,0.0,142.80738830566406,0.0,1.1920928955078125e-07,82.0,148.454833984375,1.0,31.158794403076172
exemplar,194,exemplar,exemplar/archive_2/ee25387d-83ea-4d27-a105-d01ae8728a92.pt,692.0,1934.799072265625,7.0,423.58233642578125,3.0,0.0,0.0,1.499707579612732,23.0,98.03985595703125,1.0,2.1807737350463867
exemplar,195,exemplar,exemplar/archive_2/f1752ca3-1640-4967-938c-5272dc274596.pt,19721.0,38672.875,27649.0,33409.38671875,31.0,229.1807098388672,5.0,7.974506378173828,1080.0,1117.3492431640625,160.0,91.6267318725586
exemplar,196,exemplar,exemplar/archive_2/f1d40b09-efc4-448c-b6d0-d6a3f43e3b8e.pt,137.0,1985.8258056640625,33.0,670.5767822265625,2.0,0.0,0.0,0.8043452501296997,17.0,272.0372314453125,1.0,18.870412826538086
exemplar,197,exemplar,exemplar/archive_2/f5b0a3bb-2a24-4ea7-9add-17c93d3d1e7f.pt,7531.0,12819.751953125,4195.0,12539.359375,279.0,4.350001335144043,0.0,2.1277379989624023,20.0,1343.806884765625,2.0,558.91796875
exemplar,198,exemplar,exemplar/archive_2/f724084e-64df-4b4c-88a0-1dc091f01bcd.pt,2863.0,9157.3935546875,867.0,8602.859375,0.0,3.6586272716522217,0.0,1.9166275262832642,39.0,1074.8193359375,27.0,444.73187255859375
exemplar,199,exemplar,exemplar/archive_2/fe04f4ae-8adb-4468-832b-52fe73541363.pt,7557.0,5667.90234375,2268.0,4848.9326171875,2.0,35.32258224487305,1.0,5.112290859222412,24.0,169.730712890625,1.0,16.8731632232666
exemplar,200,exemplar,exemplar/archive_3/06583efc-f9a7-4a60-af97-acc52a47cf4d.pt,5052.0,30614.853515625,1402.0,18952.462890625,292.0,136.1776885986328,0.0,1.1920928955078125e-07,20.0,95.13458251953125,1.0,20.47890853881836
exemplar,201,exemplar,exemplar/archive_3/08d11c63-55b7-499f-975d-fd09bd12dc53.pt,2280.0,3862.666015625,421.0,953.2354125976562,107.0,18.538890838623047,0.0,1.6191767454147339,266.0,1077.51123046875,1.0,40.44477844238281
exemplar,202,exemplar,exemplar/archive_3/0bd10243-a38d-4bdd-bbe8-5e29012bae94.pt,1096.0,1921.0721435546875,183.0,419.7793273925781,5.0,0.0,0.0,1.529497742652893,33.0,99.53060150146484,1.0,2.1857829093933105
exemplar,203,exemplar,exemplar/archive_3/0d2973d0-80d2-4ac3-8942-1bfab430d8fb.pt,32667.0,75289.25,30766.0,55295.109375,128.0,284.4775390625,19.0,4.130974769592285,310.0,509.7373962402344,9.0,16.62516212463379
exemplar,204,exemplar,exemplar/archive_3/0eb34ec2-1755-44cf-9fd1-ae1eda09f0b7.pt,41337.0,212843.3125,41195.0,129573.4375,54.0,412.42181396484375,9.0,0.3115117847919464,821.0,185.41171264648438,144.0,26.895111083984375
exemplar,205,exemplar,exemplar/archive_3/0f110dec-cdf6-4850-b898-f98be71240f5.pt,700.0,1948.1702880859375,7.0,428.5716247558594,3.0,0.0,0.0,1.6283196210861206,23.0,92.43782806396484,1.0,2.0130488872528076
exemplar,206,exemplar,exemplar/archive_3/12ecbf82-8a28-44e1-b2ab-06f8e50cea97.pt,7404.0,5667.90234375,2268.0,4848.9326171875,2.0,35.32258224487305,1.0,5.112290859222412,24.0,169.73080444335938,1.0,16.8731632232666
exemplar,207,exemplar,exemplar/archive_3/1388fecd-67a1-45ac-8157-fc0f8d2f0a05.pt,46486.0,53409.734375,47589.0,51756.68359375,6.0,19.073444366455078,3.0,2.4262304306030273,6588.0,2263.72216796875,1296.0,579.6940307617188
exemplar,208,exemplar,exemplar/archive_3/13fb640f-1e24-47fd-bb39-25b8d08a824d.pt,12949.0,67271.546875,15545.0,53284.5234375,26.0,91.65160369873047,6.0,0.9713776707649231,584.0,386.6182861328125,160.0,61.161033630371094
exemplar,209,exemplar,exemplar/archive_3/1850c071-2916-4efd-ae6e-47fc45672aeb.pt,72366.0,40601.0625,37663.0,28056.94921875,32.0,144.4936065673828,2.0,5.606982707977295,887.0,1108.786376953125,113.0,99.1903076171875
exemplar,210,exemplar,exemplar/archive_3/1b2d4669-b746-4295-9d6f-a209f5d3b340.pt,26216.0,11594.82421875,1328.0,9133.544921875,5.0,5.042104721069336,2.0,2.652747631072998,552.0,1728.859130859375,29.0,393.82427978515625
exemplar,211,exemplar,exemplar/archive_3/1d4d5e23-1d85-41d4-a3f9-b1a83d23c34b.pt,7381.0,26495.5703125,3336.0,18003.810546875,285.0,88.3292236328125,0.0,0.35753995180130005,15.0,171.4713897705078,1.0,35.605220794677734
exemplar,212,exemplar,exemplar/archive_3/1e583b76-4ef7-4e53-a161-03b8f8430ed8.pt,21914.0,21848.052734375,2056.0,22338.474609375,3.0,5.891956806182861,1.0,2.7394497394561768,63.0,1411.826904296875,40.0,508.8166809082031
exemplar,213,exemplar,exemplar/archive_3/21ae4549-1aff-4723-9c89-74015a97c167.pt,2589.0,10403.9228515625,653.0,2266.611572265625,0.0,0.0,0.0,0.593298077583313,83.0,42.73432159423828,1.0,2.630547285079956
exemplar,214,exemplar,exemplar/archive_3/2259df4b-da56-4694-8ebf-a250b93cf8f5.pt,61375.0,38419.515625,19858.0,32676.142578125,2286.0,248.7958984375,2.0,7.0364789962768555,538.0,1098.3892822265625,2.0,76.81979370117188
exemplar,215,exemplar,exemplar/archive_3/232fe499-7681-4c8a-b15d-0864a56edfd4.pt,2852.0,3309.282470703125,1780.0,2597.92724609375,3.0,0.0,0.0,2.1161959171295166,34.0,173.71607971191406,2.0,12.06228256225586
exemplar,216,exemplar,exemplar/archive_3/2366c0f3-3d8a-4ba5-a1e5-4448a419d2fd.pt,3095.0,3240.207275390625,2700.0,2514.2314453125,5.0,0.0,1.0,2.027669906616211,588.0,190.44845581054688,160.0,13.371330261230469
exemplar,217,exemplar,exemplar/archive_3/28eb748c-eb75-4d49-9730-91b175a03814.pt,5088.0,9846.33203125,1678.0,10042.6123046875,0.0,3.472193717956543,0.0,2.558525323867798,16.0,1312.920654296875,1.0,528.210693359375
exemplar,218,exemplar,exemplar/archive_3/2911e90a-d77a-49df-ad2e-6d3041ef039d.pt,140500.0,63766.30859375,86778.0,55469.25,12.0,20.709495544433594,0.0,1.1850152015686035,3058.0,1872.3880615234375,2979.0,549.6492919921875
exemplar,219,exemplar,exemplar/archive_3/2b4a4eaf-94fc-43b7-bd1e-9ae39557e259.pt,55665.0,73852.375,31596.0,55334.3046875,27.0,94.91617584228516,2.0,0.267394095659256,398.0,332.8114929199219,103.0,65.49199676513672
exemplar,220,exemplar,exemplar/archive_3/2cba8c1f-4f72-400a-b18f-1905a649a686.pt,10513.0,15479.0654296875,6645.0,8519.5947265625,0.0,0.0,0.0,1.0940124988555908,95.0,100.20743560791016,1.0,14.892741203308105
exemplar,221,exemplar,exemplar/archive_3/2eed692f-7176-4ea9-bbef-c95f4bd43b45.pt,21176.0,42513.86328125,32593.0,55741.6640625,128.0,7.088392734527588,8.0,8.700729370117188,2889.0,3258.13232421875,1024.0,788.0335083007812
exemplar,222,exemplar,exemplar/archive_3/305dc971-6cb9-4479-8da4-3ed6a2167a44.pt,9619.0,12749.505859375,8367.0,16321.2890625,0.0,0.0,4.0,3.8321056365966797,6581.0,3478.606689453125,1296.0,1069.517333984375
exemplar,223,exemplar,exemplar/archive_3/37871b96-f93e-4673-a7c8-d7a71505804b.pt,6448.0,4899.97998046875,230.0,3406.440185546875,2.0,28.10270118713379,1.0,3.80076265335083,18.0,124.82754516601562,1.0,13.498380661010742
exemplar,224,exemplar,exemplar/archive_3/37996d69-2677-4717-ae97-cde6bd8748be.pt,905.0,1944.0869140625,151.0,482.19805908203125,5.0,0.0,0.0,0.8736577033996582,33.0,294.4754638671875,1.0,10.765239715576172
exemplar,225,exemplar,exemplar/archive_3/3864614f-2506-48de-b994-99ae08ca30de.pt,9619.0,12749.494140625,8367.0,16321.2890625,0.0,0.0,4.0,3.832108974456787,6581.0,3478.606689453125,1296.0,1069.517822265625
exemplar,226,exemplar,exemplar/archive_3/3a7ddf40-4818-4f21-9614-7429c3608ef7.pt,3367.0,2013.5621337890625,4037.0,1156.6978759765625,5.0,0.0,1.0,1.8670600652694702,1085.0,473.20611572265625,160.0,9.957149505615234
exemplar,227,exemplar,exemplar/archive_3/3c34c8dd-6143-4349-ba49-9db7514afb35.pt,72892.0,40601.0625,35638.0,28056.9765625,32.0,144.49374389648438,2.0,5.606982707977295,873.0,1108.786376953125,101.0,99.19025421142578
exemplar,228,exemplar,exemplar/archive_3/3c3922e9-8e61-4c70-96f8-df25f0a19bf7.pt,5238.0,6698.5869140625,1731.0,4187.2861328125,0.0,42.964622497558594,0.0,2.481428623199463,19.0,68.84654998779297,2.0,11.607461929321289
exemplar,229,exemplar,exemplar/archive_3/41564015-3c26-45b3-975a-6e027e49d63d.pt,993.0,999.5863037109375,26.0,114.68651580810547,5.0,0.0,0.0,1.6037662029266357,524.0,265.6399841308594,1.0,1.2758820056915283
exemplar,230,exemplar,exemplar/archive_3/41c44d85-1b9b-468f-a8cd-379651170f92.pt,1367.0,3074.7333984375,1337.0,2506.05078125,2.0,0.0,0.0,1.2247366905212402,520.0,475.918212890625,192.0,91.37267303466797
exemplar,231,exemplar,exemplar/archive_3/467481bc-1cd4-4fe9-89ba-205dac892ea5.pt,1363.0,1990.7735595703125,747.0,391.67730712890625,117.0,29.859445571899414,0.0,1.820239543914795,270.0,262.6564636230469,1.0,2.185354709625244
exemplar,232,exemplar,exemplar/archive_3/49f1f8f6-4127-4a44-9242-241f59f88c5e.pt,26907.0,10633.494140625,5435.0,8209.861328125,5.0,43.43110656738281,2.0,5.056546211242676,36.0,171.30616760253906,1.0,17.377622604370117
exemplar,233,exemplar,exemplar/archive_3/4df0be4b-66c4-43cd-95f6-183ce806d41e.pt,158260.0,225249.0625,90216.0,129612.0,66.0,398.0433044433594,0.0,1.1920928955078125e-07,626.0,148.31842041015625,92.0,22.29104232788086
exemplar,234,exemplar,exemplar/archive_3/513a25e1-b5eb-493a-81eb-2c6783edec5c.pt,5004.0,5434.62060546875,1937.0,3861.615966796875,2.0,20.282794952392578,1.0,3.51479434967041,49.0,165.11090087890625,12.0,26.521371841430664
exemplar,235,exemplar,exemplar/archive_3/526a1c2b-6fb4-4058-81df-1804a76c3555.pt,399.0,3916.296875,319.0,3768.664306640625,0.0,0.0,0.0,3.6836283206939697,16.0,126.20572662353516,1.0,19.802783966064453
exemplar,236,exemplar,exemplar/archive_3/5339e381-b42d-4d17-af6e-9f012b8a4e95.pt,9745.0,8684.2607421875,14215.0,7168.60888671875,5.0,23.175159454345703,4.0,3.4556429386138916,1080.0,664.4683837890625,160.0,51.41718292236328
exemplar,237,exemplar,exemplar/archive_3/58a5481a-b506-4e99-b4fb-49575de3138b.pt,21086.0,22488.6640625,3624.0,23088.240234375,5.0,5.9590325355529785,2.0,2.773646116256714,70.0,1433.7862548828125,42.0,512.8167114257812
exemplar,238,exemplar,exemplar/archive_3/59f7052a-5874-4452-a75a-0ac2831b9d84.pt,21591.0,10012.9541015625,3552.0,6524.880859375,5.0,38.690650939941406,2.0,3.151172637939453,39.0,127.04767608642578,1.0,14.85061264038086
exemplar,239,exemplar,exemplar/archive_3/5b52039c-4c2d-4e64-a978-c21785ee7c6b.pt,3057.0,3352.758544921875,2828.0,2505.7041015625,3.0,0.0,2.0,1.2133839130401611,2630.0,589.705810546875,1024.0,65.49323272705078
exemplar,240,exemplar,exemplar/archive_3/62825ea7-7137-4533-92d7-d441af4c40ba.pt,12478.0,8684.2607421875,14237.0,7168.60888671875,5.0,23.1751651763916,4.0,3.4556429386138916,1083.0,664.4683837890625,160.0,51.41718292236328
exemplar,241,exemplar,exemplar/archive_3/64224705-c771-420a-9f84-1c001366ba33.pt,14078.0,67271.546875,17206.0,53284.5234375,26.0,91.65160369873047,6.0,0.9713771939277649,591.0,386.61810302734375,160.0,61.161033630371094
exemplar,242,exemplar,exemplar/archive_3/645258ad-eb6e-4363-bf0c-9fda5164f36b.pt,9507.0,12749.505859375,8401.0,16321.2890625,0.0,0.0,4.0,3.8321073055267334,6582.0,3478.606689453125,1296.0,1069.517333984375
exemplar,243,exemplar,exemplar/archive_3/69d67690-ef91-4389-b6a9-704f1e89952c.pt,3367.0,2013.5621337890625,4037.0,1156.6978759765625,5.0,0.0,1.0,1.8670597076416016,1085.0,473.20611572265625,160.0,9.957149505615234
exemplar,244,exemplar,exemplar/archive_3/6ee6e354-d81a-46f4-a113-c16e881419db.pt,7448.0,29651.0078125,3359.0,18701.5,282.0,133.03729248046875,0.0,0.2601546049118042,15.0,121.89857482910156,1.0,23.08406639099121
exemplar,245,exemplar,exemplar/archive_3/6f0ca42f-3067-45a1-a683-4042133a9202.pt,78.0,1985.8258056640625,5.0,670.5767822265625,2.0,0.0,0.0,0.8043454885482788,15.0,272.037353515625,1.0,18.870403289794922
exemplar,246,exemplar,exemplar/archive_3/714d7039-2846-4e1e-a836-7bbcc8b6289a.pt,120.0,2081.373291015625,48.0,539.308349609375,2.0,0.0,0.0,1.2665972709655762,18.0,108.39189147949219,1.0,3.4210879802703857
exemplar,247,exemplar,exemplar/archive_3/765100ca-9941-475f-92bd-c0304625006e.pt,34970.0,151528.1875,48853.0,128507.9609375,149.0,315.12713623046875,8.0,4.939440727233887,841.0,712.6231079101562,128.0,56.2559814453125
exemplar,248,exemplar,exemplar/archive_3/7a8292e7-d54f-47e7-939d-07247297c66a.pt,6500.0,11633.716796875,5446.0,11261.7177734375,2.0,4.876855373382568,0.0,1.5677464008331299,288.0,1061.9764404296875,275.0,425.5218505859375
exemplar,249,exemplar,exemplar/archive_3/7ca5352c-c08e-405a-81fc-ad9b893bbb74.pt,3337.0,2055.0185546875,4118.0,1196.309814453125,5.0,0.0,2.0,1.043579339981079,2876.0,936.2681274414062,1024.0,23.509550094604492
exemplar,250,exemplar,exemplar/archive_3/7efb5b4e-0e1d-4b1e-a030-e65c830dba5d.pt,29649.0,8119.5517578125,3871.0,6775.5751953125,5.0,28.620094299316406,2.0,3.0004444122314453,532.0,624.658447265625,1.0,39.88463592529297
exemplar,251,exemplar,exemplar/archive_3/7fde29f5-7a7e-4430-bd5a-d53d331c76fd.pt,2039.0,1990.7735595703125,1009.0,391.677490234375,112.0,29.859445571899414,0.0,1.8202400207519531,270.0,262.6564636230469,1.0,2.1853575706481934
exemplar,252,exemplar,exemplar/archive_3/84f243ce-de91-4e4e-82df-037ca151348d.pt,20159.0,75011.2421875,35143.0,63288.05078125,128.0,78.8468017578125,6.0,7.394434928894043,856.0,564.6818237304688,128.0,30.25420570373535
exemplar,253,exemplar,exemplar/archive_3/85ddd60e-a64f-419e-8b38-b5166d5ad1b1.pt,44605.0,199557.96875,18280.0,137249.78125,2005.0,308.68292236328125,6.0,1.7423534393310547,286.0,501.34466552734375,6.0,34.48677062988281
exemplar,254,exemplar,exemplar/archive_3/86d4e5a5-73ae-4efb-a82b-74835eb253df.pt,1507.0,1990.7735595703125,1068.0,391.67730712890625,106.0,29.859445571899414,0.0,1.8202400207519531,272.0,262.6564636230469,1.0,2.185354709625244
exemplar,255,exemplar,exemplar/archive_3/8a1b09f4-8b12-4e3a-95b9-58b27dae1b27.pt,7939.0,11848.34375,8237.0,9596.46484375,5.0,26.933530807495117,4.0,4.903122425079346,584.0,275.55029296875,160.0,41.18867111206055
exemplar,256,exemplar,exemplar/archive_3/8be9ce88-19c5-490e-8054-80f1eb75f145.pt,130.0,2081.373291015625,44.0,539.307861328125,2.0,0.0,0.0,1.2665972709655762,18.0,108.39189147949219,1.0,3.421079635620117
exemplar,257,exemplar,exemplar/archive_3/8db4404b-d427-4fdb-bb09-ea2dbd1df722.pt,15128.0,27023.966796875,18973.0,29719.20703125,9.0,7.511297225952148,4.0,3.3198511600494385,2767.0,1978.0450439453125,1024.0,662.265380859375
exemplar,258,exemplar,exemplar/archive_3/908de307-aeee-4cfe-95b0-46ab568997c4.pt,21170.0,22488.6640625,3792.0,23088.240234375,5.0,5.959031581878662,2.0,2.773646593093872,69.0,1433.7862548828125,41.0,512.8167114257812
exemplar,259,exemplar,exemplar/archive_3/933b3c35-b647-4b59-9bcd-f042466674b6.pt,2083.0,3862.666015625,959.0,953.2354125976562,105.0,18.53888511657715,0.0,1.6191762685775757,270.0,1077.51123046875,1.0,40.444766998291016
exemplar,260,exemplar,exemplar/archive_3/93d9e5bf-7351-4866-8514-29bc581b2375.pt,43520.0,29122.611328125,32449.0,31137.283203125,7.0,8.002219200134277,1.0,2.2455520629882812,2051.0,1797.5279541015625,2028.0,703.2293701171875
exemplar,261,exemplar,exemplar/archive_3/93e43f7b-8376-46b6-99c5-66025727bea6.pt,1324.0,3332.545166015625,1279.0,2756.240478515625,2.0,0.0,0.0,1.7801769971847534,328.0,200.9376678466797,96.0,18.012012481689453
exemplar,262,exemplar,exemplar/archive_3/95c22d49-3c60-4de8-aaf1-50d771902c6f.pt,902.0,3497.74658203125,766.0,2874.6640625,2.0,0.0,0.0,1.7939996719360352,26.0,192.38754272460938,1.0,15.572050094604492
exemplar,263,exemplar,exemplar/archive_3/9842c884-7992-4951-a284-bf50d8e97b05.pt,25409.0,4992.203125,2298.0,1100.424072265625,5.0,25.865623474121094,2.0,2.7102575302124023,546.0,500.4739685058594,8.0,22.020116806030273
exemplar,264,exemplar,exemplar/archive_3/9f921d58-91bf-4b62-8e1d-b95c556b3e67.pt,73160.0,40601.0625,38475.0,28056.9765625,32.0,144.4936065673828,2.0,5.606983661651611,881.0,1108.786376953125,108.0,99.1903076171875
exemplar,265,exemplar,exemplar/archive_3/a045e629-9ce5-4a46-98d1-f46171bbc5d7.pt,53357.0,57277.1875,61963.0,61513.2578125,133.0,18.40045928955078,4.0,5.98129940032959,2147.0,3450.254150390625,1884.0,931.75927734375
exemplar,266,exemplar,exemplar/archive_3/aa38623f-8522-4555-a87c-1e5aee2b9c6c.pt,2316.0,8272.4375,290.0,5439.01318359375,0.0,0.0,0.0,2.5791561603546143,80.0,2051.332763671875,1.0,351.9169921875
exemplar,267,exemplar,exemplar/archive_3/acdcfe80-36b1-402d-9fda-579b9cd12e61.pt,7526.0,5667.90234375,2268.0,4848.9326171875,2.0,35.32258224487305,1.0,5.1122918128967285,24.0,169.73080444335938,1.0,16.8731632232666
exemplar,268,exemplar,exemplar/archive_3/b379766c-1fc4-4ddd-8c8f-01671d294e2d.pt,350.0,4652.5380859375,262.0,5339.44921875,0.0,0.0,0.0,1.6508173942565918,18.0,528.6057739257812,1.0,235.09681701660156
exemplar,269,exemplar,exemplar/archive_3/bb6cc7af-5692-4f06-a0d7-5ed5799c9d61.pt,2233.0,8478.72265625,290.0,1992.866943359375,0.0,0.0,0.0,0.7071821689605713,80.0,66.39689636230469,1.0,3.926380157470703
exemplar,270,exemplar,exemplar/archive_3/be33a535-98f4-49a5-99b7-fe08cd80c49a.pt,802.0,1965.1971435546875,148.0,492.84814453125,3.0,0.0,0.0,0.8548599481582642,27.0,291.5808410644531,1.0,11.020915031433105
exemplar,271,exemplar,exemplar/archive_3/c17d9415-d1da-404b-9550-d974901b0f77.pt,65869.0,164987.625,52752.0,127370.4375,1918.0,471.54571533203125,4.0,3.5233733654022217,313.0,551.2296142578125,9.0,36.77972412109375
exemplar,272,exemplar,exemplar/archive_3/c3a84bad-a891-4ed4-9590-49b2e3825c7a.pt,20915.0,9614.806640625,2704.0,6182.6435546875,3.0,38.33763122558594,1.0,3.142439126968384,33.0,123.60165405273438,1.0,14.220603942871094
exemplar,273,exemplar,exemplar/archive_3/c47a57ee-6f6c-4509-83a4-d911de7a608c.pt,20987.0,9614.806640625,2845.0,6182.6435546875,3.0,38.33761215209961,1.0,3.1424407958984375,33.0,123.60165405273438,1.0,14.220603942871094
exemplar,274,exemplar,exemplar/archive_3/c5953b88-a18f-45ef-b053-a10de5b77f79.pt,5032.0,6434.4375,1673.0,4512.81884765625,0.0,28.55807113647461,0.0,2.656609535217285,16.0,121.27871704101562,1.0,25.58698272705078
exemplar,275,exemplar,exemplar/archive_3/c87c3130-88ad-4825-9f55-68c8d961414d.pt,160670.0,225249.28125,82253.0,129612.125,66.0,398.043701171875,0.0,1.1920928955078125e-07,618.0,148.31842041015625,92.0,22.29104232788086
exemplar,276,exemplar,exemplar/archive_3/c9149d5a-b5b0-47f3-a3f7-0bfb26bcc26a.pt,8039.0,11848.34375,8344.0,9596.46484375,5.0,26.933530807495117,4.0,4.903122425079346,587.0,275.55029296875,160.0,41.18865203857422
exemplar,277,exemplar,exemplar/archive_3/ca8f38ac-e952-45d7-a4f5-d6e24a85588a.pt,930.0,999.5863037109375,19.0,114.6866226196289,5.0,0.0,0.0,1.6037662029266357,523.0,265.6402282714844,1.0,1.2758841514587402
exemplar,278,exemplar,exemplar/archive_3/cbef8382-effa-4dc5-a6bc-9614f1772d1c.pt,866.0,1068.1990966796875,32.0,123.57801055908203,5.0,0.0,0.0,0.9077332019805908,524.0,556.9989013671875,1.0,4.1107378005981445
exemplar,279,exemplar,exemplar/archive_3/ce72004b-1e4c-4a21-aed6-379cab5486bf.pt,10390.0,13167.630859375,14642.0,13268.4716796875,5.0,5.406096458435059,3.0,4.037450790405273,2875.0,2066.0205078125,1024.0,474.42193603515625
exemplar,280,exemplar,exemplar/archive_3/cf4557ce-c04b-4f6e-95d5-2ef67749feec.pt,139851.0,63766.30859375,87587.0,55469.25,12.0,20.709484100341797,0.0,1.1850154399871826,3032.0,1872.388916015625,2953.0,549.6497802734375
exemplar,281,exemplar,exemplar/archive_3/cfabdefd-a93f-4e93-b729-2f4c44a0e6df.pt,35782.0,74549.46875,1624.0,52672.921875,2118.0,135.105224609375,2.0,0.26961639523506165,32.0,235.22903442382812,1.0,42.69826889038086
exemplar,282,exemplar,exemplar/archive_3/d6b83ff5-29c7-47f9-819c-d07f83d82b93.pt,6367.0,13930.1484375,8139.0,13965.3203125,6.0,5.966078758239746,1.0,2.7607390880584717,525.0,1154.3409423828125,192.0,427.1971435546875
exemplar,283,exemplar,exemplar/archive_3/dab5f456-ccc2-4a72-9b87-e9bc7c20e029.pt,2806.0,3250.30908203125,2566.0,2525.184814453125,3.0,0.0,1.0,1.9995824098587036,503.0,188.3907928466797,128.0,13.331144332885742
exemplar,284,exemplar,exemplar/archive_3/dd896667-6c8d-4e6b-b951-01ef21962849.pt,106521.0,214592.46875,5189.0,110686.1328125,5809.0,612.4207763671875,0.0,1.1920928955078125e-07,82.0,102.55242919921875,1.0,12.763537406921387
exemplar,285,exemplar,exemplar/archive_3/dda9c4c0-57d6-4052-b555-2e8fb599475b.pt,2557.0,10403.9130859375,653.0,2266.611572265625,0.0,0.0,0.0,0.5932984352111816,83.0,42.73435974121094,1.0,2.63055419921875
exemplar,286,exemplar,exemplar/archive_3/de766c24-bdab-4176-a0dd-d9b2706491c9.pt,5306.0,15959.4619140625,6778.0,13566.990234375,8.0,46.291015625,2.0,1.8319447040557861,328.0,310.8003234863281,96.0,48.49839782714844
exemplar,287,exemplar,exemplar/archive_3/e11131f2-d974-4ada-b80f-a2f1298bdd41.pt,704.0,1948.16943359375,56.0,428.5716247558594,3.0,0.0,0.0,1.6283199787139893,24.0,92.437744140625,1.0,2.0130488872528076
exemplar,288,exemplar,exemplar/archive_3/e11b3965-6e57-43b8-a3a0-e83e94e5b616.pt,8039.0,11848.34375,8344.0,9596.4560546875,5.0,26.933544158935547,4.0,4.903122425079346,587.0,275.5500183105469,160.0,41.188621520996094
exemplar,289,exemplar,exemplar/archive_3/e2c16677-3f06-4890-b4e7-0efbd1d94f95.pt,20335.0,31163.041015625,28227.0,36160.609375,10.0,39.51404571533203,3.0,9.690336227416992,2872.0,3072.2236328125,1024.0,811.6575317382812
exemplar,290,exemplar,exemplar/archive_3/e57ceb3b-5dc0-4127-bc68-868a6b1dee73.pt,947.0,3497.74658203125,781.0,2874.6640625,2.0,0.0,0.0,1.7939996719360352,25.0,192.387451171875,1.0,15.57205867767334
exemplar,291,exemplar,exemplar/archive_3/eb42dbfe-9069-4c08-bb95-26221e0d0945.pt,34950.0,74549.46875,1624.0,52672.921875,2134.0,135.105224609375,2.0,0.26961639523506165,32.0,235.22903442382812,1.0,42.698280334472656
exemplar,292,exemplar,exemplar/archive_3/ecc6822e-1712-420f-bf26-a16ab0ce3dba.pt,35602.0,74549.46875,1624.0,52672.921875,2114.0,135.105224609375,2.0,0.26961609721183777,32.0,235.22903442382812,1.0,42.698280334472656
exemplar,293,exemplar,exemplar/archive_3/ecf51998-8937-4724-9018-6a86368049b0.pt,9863.0,17421.673828125,5829.0,14370.21875,418.0,68.51173400878906,1.0,1.6410586833953857,29.0,248.56301879882812,2.0,34.97747802734375
exemplar,294,exemplar,exemplar/archive_3/ee50ed59-19d1-41c1-8e61-3f822cfb42ff.pt,3402.0,6492.30712890625,482.0,3529.252197265625,0.0,43.00752639770508,0.0,1.3798818588256836,18.0,49.95265197753906,1.0,7.928488731384277
exemplar,295,exemplar,exemplar/archive_3/f3a17e75-5fe1-4109-91ee-c0ad8c94ad33.pt,2806.0,3250.30908203125,2566.0,2525.18603515625,3.0,0.0,1.0,1.9995824098587036,503.0,188.3907928466797,128.0,13.331136703491211
exemplar,296,exemplar,exemplar/archive_3/f6040824-accb-468b-8f6b-ef5ae8b186f4.pt,38548.0,74549.46875,9454.0,52672.921875,2122.0,135.105224609375,2.0,0.26961639523506165,40.0,235.22903442382812,1.0,42.698280334472656
exemplar,297,exemplar,exemplar/archive_3/fb0ac19f-be36-46bf-8b05-dc7c4c7a44a9.pt,930.0,999.5867919921875,31.0,114.68656921386719,5.0,0.0,0.0,1.6037662029266357,524.0,265.6401062011719,1.0,1.2758830785751343
exemplar,298,exemplar,exemplar/archive_3/fc0f1430-b62b-426d-b513-62314b7bd0ab.pt,5895.0,15959.4619140625,6753.0,13566.990234375,8.0,46.29100799560547,2.0,1.8319453001022339,328.0,310.80047607421875,96.0,48.4984130859375
exemplar,299,exemplar,exemplar/archive_3/ff750069-8a1a-43e7-805d-ee4732963670.pt,9462.0,17421.65625,4241.0,14370.21875,429.0,68.51177215576172,1.0,1.641059398651123,24.0,248.56301879882812,1.0,34.97747039794922
exemplar,300,exemplar,exemplar/archive_4/0a377130-21b9-41f1-b1d8-8f948b575b71.pt,884.0,992.9535522460938,21.0,113.1417465209961,5.0,0.0,0.0,1.4162989854812622,523.0,286.2329406738281,1.0,1.3385145664215088
exemplar,301,exemplar,exemplar/archive_4/189bf1a2-3b24-4280-9e2d-16a482d64e05.pt,26387.0,4992.203125,1055.0,1100.424072265625,5.0,25.865631103515625,2.0,2.710256814956665,544.0,500.4739685058594,11.0,22.020116806030273
exemplar,302,exemplar,exemplar/archive_4/1ddc2346-a367-4cb9-b052-104862f3d153.pt,2620.0,8478.71484375,653.0,1992.8641357421875,0.0,0.0,0.0,0.7071797847747803,83.0,66.39673614501953,1.0,3.926373243331909
exemplar,303,exemplar,exemplar/archive_4/2012f675-4b3a-4d44-a52c-533e1a5686ad.pt,44864.0,199557.96875,18266.0,137249.90625,1959.0,308.6830749511719,6.0,1.7423534393310547,286.0,501.34466552734375,6.0,34.48676300048828
exemplar,304,exemplar,exemplar/archive_4/218f0836-58b7-4a31-b3e5-feb2e0b8baf5.pt,5224.0,4124.48876953125,7000.0,3016.23291015625,128.0,32.03733444213867,0.0,2.2452030181884766,414.0,328.3685302734375,64.0,17.582277297973633
exemplar,305,exemplar,exemplar/archive_4/24828ab5-d6f4-402b-8d0d-1f4316d3f0bc.pt,141266.0,63766.24609375,86447.0,55469.25,12.0,20.709474563598633,0.0,1.1850152015686035,2986.0,1872.388916015625,2908.0,549.6500854492188
exemplar,306,exemplar,exemplar/archive_4/2b3a7651-e925-4edc-8c91-4cce0c803daf.pt,42883.0,29122.611328125,33519.0,31137.283203125,7.0,8.002215385437012,1.0,2.2455523014068604,2079.0,1797.52880859375,2055.0,703.229736328125
exemplar,307,exemplar,exemplar/archive_4/2d92e029-54c9-42a8-8400-ff86e21af205.pt,3305.0,9157.3935546875,524.0,8602.859375,0.0,3.658626079559326,0.0,1.9166278839111328,30.0,1074.8193359375,18.0,444.73187255859375
exemplar,308,exemplar,exemplar/archive_4/2f6c8850-6475-4336-b996-f3d0d54f1cb0.pt,141356.0,63766.24609375,86396.0,55469.25,12.0,20.70946502685547,0.0,1.1850156784057617,3036.0,1872.389892578125,2958.0,549.6500854492188
exemplar,309,exemplar,exemplar/archive_4/34caebe1-94b9-4f7c-bf8f-d1f1a14c9ae4.pt,3095.0,3240.207275390625,2700.0,2514.2314453125,5.0,0.0,1.0,2.027669906616211,588.0,190.44845581054688,160.0,13.371330261230469
exemplar,310,exemplar,exemplar/archive_4/3824541e-ee56-4d65-9c02-4382bf7c0189.pt,24256.0,108864.2421875,22261.0,60687.57421875,0.0,125.94316864013672,6.0,0.4731793999671936,821.0,188.13702392578125,144.0,38.06997299194336
exemplar,311,exemplar,exemplar/archive_4/3aab06a7-4eae-47b9-848f-f281514dd686.pt,9359.0,12810.669921875,7911.0,8044.7626953125,0.0,0.0,3.0,1.2640146017074585,821.0,153.2245635986328,144.0,22.469974517822266
exemplar,312,exemplar,exemplar/archive_4/40416ef5-e7a5-4c4d-918e-702961928757.pt,20988.0,10263.3115234375,6540.0,7912.06640625,3.0,43.5251350402832,1.0,4.987525939941406,38.0,167.1239471435547,2.0,16.745758056640625
exemplar,313,exemplar,exemplar/archive_4/42238099-ebd6-4d1a-b7e3-eb0e58c08eaf.pt,53538.0,57277.1875,59942.0,61513.2578125,133.0,18.40045928955078,4.0,5.981298446655273,2169.0,3450.254150390625,1906.0,931.75927734375
exemplar,314,exemplar,exemplar/archive_4/436700eb-9a0b-4657-a1ab-0c897ff2a318.pt,46294.0,68293.28125,25454.0,51846.9921875,2133.0,138.44805908203125,2.0,0.9957813620567322,43.0,280.42376708984375,2.0,41.36826705932617
exemplar,315,exemplar,exemplar/archive_4/45ce74b6-c127-486c-baa4-e41f747036c4.pt,21993.0,10633.494140625,6696.0,8209.861328125,5.0,43.43111801147461,2.0,5.056545257568359,43.0,171.30616760253906,2.0,17.377622604370117
exemplar,316,exemplar,exemplar/archive_4/48a0e69b-505b-4541-a94e-46f99b98f807.pt,1382.0,3074.7333984375,1337.0,2506.05078125,2.0,0.0,0.0,1.2247368097305298,521.0,475.91845703125,192.0,91.37275695800781
exemplar,317,exemplar,exemplar/archive_4/4db9bc2c-66bc-4c7a-9a03-cd0862dc81bf.pt,43456.0,212843.109375,44327.0,129573.3125,54.0,412.42181396484375,9.0,0.31151193380355835,828.0,185.41162109375,144.0,26.895103454589844
exemplar,318,exemplar,exemplar/archive_4/4fdb2a6b-0614-43ed-97b8-dccd2ff200f7.pt,7448.0,20563.98046875,8953.0,23136.271484375,3.0,5.974764347076416,3.0,4.149669647216797,2630.0,1602.9937744140625,1024.0,536.3579711914062
exemplar,319,exemplar,exemplar/archive_4/548bf9ee-eff8-4e75-b69a-c9db9b3d72e6.pt,25756.0,4513.58984375,2805.0,908.998291015625,5.0,31.943166732788086,2.0,2.4151954650878906,534.0,444.63348388671875,1.0,15.291013717651367
exemplar,320,exemplar,exemplar/archive_4/585d28bf-c9f5-4ff2-a8ad-c9fc4f31888c.pt,6486.0,17560.75,454.0,13631.6337890625,430.0,64.28968048095703,1.0,0.7151858806610107,18.0,198.43594360351562,1.0,31.865816116333008
exemplar,321,exemplar,exemplar/archive_4/596a91cf-3df6-463f-b1c6-65707df4f7a9.pt,7423.0,20996.525390625,9003.0,23719.609375,5.0,6.07313871383667,3.0,4.195064544677734,2760.0,1630.40478515625,1024.0,541.8326416015625
exemplar,322,exemplar,exemplar/archive_4/5c9ecfa4-a74b-40cf-af7a-b727ed7ca083.pt,1143.0,2123.066162109375,708.0,413.35394287109375,107.0,35.356536865234375,0.0,1.8262782096862793,270.0,220.42617797851562,1.0,1.5986740589141846
exemplar,323,exemplar,exemplar/archive_4/64424fcf-ad58-4dc1-82e0-e3868ab87fd6.pt,3130.0,3338.88720703125,2898.0,2488.04638671875,5.0,0.0,2.0,1.230222463607788,2764.0,597.5569458007812,1024.0,64.75699615478516
exemplar,324,exemplar,exemplar/archive_4/6d55b2ed-ab05-4aba-a4a8-3f15f3dfd306.pt,56938.0,121275.65625,8701.0,62772.1171875,0.0,142.8073272705078,0.0,1.1920928955078125e-07,89.0,148.4549102783203,2.0,31.158802032470703
exemplar,325,exemplar,exemplar/archive_4/77643d2e-ad72-4bcc-b6e9-1a147858d106.pt,35752.0,151528.046875,57348.0,128507.9609375,149.0,315.1268615722656,7.0,4.939443111419678,862.0,712.6234130859375,128.0,56.2559814453125
exemplar,326,exemplar,exemplar/archive_4/78a6191a-884a-46bd-88ca-cc672b209ed2.pt,62771.0,164987.625,34172.0,127370.4375,1980.0,471.54571533203125,7.0,3.5233728885650635,289.0,551.2296142578125,5.0,36.77971267700195
exemplar,327,exemplar,exemplar/archive_4/793ea687-01ef-44be-b851-29489b1d2453.pt,9606.0,8684.2607421875,14135.0,7168.60888671875,5.0,23.1751651763916,4.0,3.4556429386138916,1080.0,664.4683837890625,160.0,51.417171478271484
exemplar,328,exemplar,exemplar/archive_4/7e1e21b3-d775-40d7-b923-9c251c8ff98f.pt,42926.0,65466.2890625,10071.0,49698.8359375,2045.0,137.54408264160156,1.0,0.9904767274856567,32.0,274.09014892578125,1.0,40.31538772583008
exemplar,329,exemplar,exemplar/archive_4/81049602-6fd0-431d-9dbd-aef3d91e01e8.pt,7371.0,20563.98046875,8872.0,23136.271484375,3.0,5.974764823913574,3.0,4.1496710777282715,2628.0,1602.9937744140625,1024.0,536.3579711914062
exemplar,330,exemplar,exemplar/archive_4/88b89300-6a68-4bc1-b5ca-e93bef2c30ab.pt,58.0,2260.41015625,5.0,646.850830078125,0.0,0.0,0.0,2.189972400665283,16.0,58.790287017822266,1.0,5.188834190368652
exemplar,331,exemplar,exemplar/archive_4/898dad40-db7b-47cd-af97-3522c21a66a7.pt,5172.0,5434.62060546875,1949.0,3861.615966796875,2.0,20.282794952392578,1.0,3.51479434967041,49.0,165.11090087890625,12.0,26.521371841430664
exemplar,332,exemplar,exemplar/archive_4/89d891b2-fb1f-42c9-a51c-82cb5df44342.pt,6081.0,11633.7275390625,5590.0,11261.7177734375,2.0,4.876855373382568,0.0,1.5677464008331299,310.0,1061.9764404296875,294.0,425.5218505859375
exemplar,333,exemplar,exemplar/archive_4/8b0e6e47-4421-4097-acfc-430e933fda9e.pt,63.0,2896.0478515625,1.0,1549.6490478515625,0.0,0.0,0.0,0.9194847941398621,12.0,258.884521484375,1.0,58.52623748779297
exemplar,334,exemplar,exemplar/archive_4/8b353157-f769-4d64-a2b9-0ec8c60ed8a1.pt,2664.0,9157.40234375,782.0,8602.8671875,0.0,3.658626079559326,0.0,1.9166278839111328,39.0,1074.8193359375,24.0,444.73211669921875
exemplar,335,exemplar,exemplar/archive_4/8c5381e4-a0a9-4d25-8d9f-a7dc0defa1fa.pt,5066.0,4124.48876953125,4598.0,3016.23291015625,128.0,32.0373420715332,0.0,2.245203733444214,409.0,328.36871337890625,64.0,17.582277297973633
exemplar,336,exemplar,exemplar/archive_4/8c92183a-750e-4a40-bed6-f6bf66068a7a.pt,6594.0,27211.130859375,5240.0,18206.857421875,4.0,90.08804321289062,0.0,1.1920928955078125e-07,128.0,135.93431091308594,88.0,32.12759780883789
exemplar,337,exemplar,exemplar/archive_4/90a548ee-6183-405f-a8d9-33388f78d5ca.pt,14980.0,26508.890625,18614.0,29011.337890625,7.0,7.399125576019287,3.0,3.295064687728882,2633.0,1930.314453125,1024.0,651.5877075195312
exemplar,338,exemplar,exemplar/archive_4/914614f2-637f-4b82-88d3-a9493d2e4e55.pt,34508.0,151528.1875,47632.0,128507.9609375,149.0,315.12701416015625,9.0,4.939441680908203,838.0,712.6231079101562,128.0,56.2559814453125
exemplar,339,exemplar,exemplar/archive_4/93e7c6b7-e200-4cf5-a00f-14a34b93201c.pt,9091.0,13360.4345703125,7139.0,12905.046875,6.0,7.018186092376709,1.0,1.9334032535552979,438.0,992.4423217773438,423.0,387.59857177734375
exemplar,340,exemplar,exemplar/archive_4/9534d794-7535-4fdc-b445-c2419b20ffaf.pt,29208.0,8119.5595703125,3870.0,6775.5751953125,5.0,28.620094299316406,2.0,3.000443935394287,532.0,624.658447265625,1.0,39.884620666503906
exemplar,341,exemplar,exemplar/archive_4/964aaac0-3bed-4318-bea6-21d50ad72c0e.pt,21176.0,42513.86328125,32593.0,55741.6640625,128.0,7.088394641876221,8.0,8.700729370117188,2889.0,3258.13232421875,1024.0,788.0335083007812
exemplar,342,exemplar,exemplar/archive_4/97dbcdf5-c848-49aa-9352-d36fb012c09e.pt,2168.0,8272.4375,290.0,5439.01318359375,0.0,0.0,0.0,2.579158306121826,80.0,2051.333740234375,1.0,351.9169921875
exemplar,343,exemplar,exemplar/archive_4/98139b78-5b5f-48a0-80de-d9b6e3d24d09.pt,912.0,3497.74658203125,743.0,2874.6640625,2.0,0.0,0.0,1.7939996719360352,24.0,192.387451171875,1.0,15.572046279907227
exemplar,344,exemplar,exemplar/archive_4/9a1f36d7-2816-4b0f-b8b5-b2e65627cf2e.pt,2738.0,2059.124755859375,2633.0,1199.9864501953125,5.0,0.0,14.0,2.1281704902648926,537.0,436.56048583984375,3.0,9.63936996459961
exemplar,345,exemplar,exemplar/archive_4/9a6997d9-2bd1-4ff6-9a73-f05621c1f081.pt,21988.0,26371.109375,24276.0,30844.70703125,0.0,4.710883140563965,5.0,4.2055888175964355,6583.0,2677.139404296875,1296.0,803.6387939453125
exemplar,346,exemplar,exemplar/archive_4/9ada9795-eb64-47d0-aa19-a9162b706a25.pt,55454.0,40841.14453125,9473.0,27297.73828125,2327.0,152.51162719726562,2.0,5.144745826721191,534.0,1041.832763671875,1.0,74.78091430664062
exemplar,347,exemplar,exemplar/archive_4/9b0c91ce-b9b1-429d-9742-7450ed142395.pt,3275.0,6034.85595703125,3636.0,5236.1806640625,2.0,25.82356834411621,2.0,4.9503092765808105,328.0,214.89056396484375,96.0,31.110687255859375
exemplar,348,exemplar,exemplar/archive_4/9c54421a-7338-494a-8474-d9074a9ecf97.pt,2416.0,2123.067138671875,390.0,413.35394287109375,111.0,35.356571197509766,0.0,1.8262782096862793,265.0,220.42596435546875,1.0,1.598672866821289
exemplar,349,exemplar,exemplar/archive_4/9d448692-78f8-4d5c-8088-898eb5995a9b.pt,9619.0,12749.494140625,8367.0,16321.2734375,0.0,0.0,4.0,3.8321022987365723,6581.0,3478.603271484375,1296.0,1069.516845703125
exemplar,350,exemplar,exemplar/archive_4/9e38eb64-1cfe-4f12-9432-22bdf4a349e1.pt,9207.0,13360.4345703125,6958.0,12905.046875,6.0,7.018187999725342,1.0,1.9334025382995605,435.0,992.4423217773438,420.0,387.59857177734375
exemplar,351,exemplar,exemplar/archive_4/a391283d-e967-49dc-b6bc-4b02d35e002e.pt,9507.0,12749.505859375,8401.0,16321.3046875,0.0,0.0,4.0,3.832108497619629,6582.0,3478.606689453125,1296.0,1069.517333984375
exemplar,352,exemplar,exemplar/archive_4/a3ea0c4f-3403-453c-81e8-4c9371ba8d41.pt,64857.0,133147.09375,21215.0,60238.03515625,0.0,282.5126953125,0.0,0.27954497933387756,101.0,97.2088851928711,2.0,14.620635986328125
exemplar,353,exemplar,exemplar/archive_4/aab521f7-157c-46ec-bffc-c37761dff1db.pt,52704.0,70979.1484375,32026.0,52973.06640625,24.0,93.66708374023438,1.0,0.26060718297958374,392.0,325.6025390625,99.0,63.88298797607422
exemplar,354,exemplar,exemplar/archive_4/ab77bd50-b36b-4b19-913c-cd01ff0e8a94.pt,6695.0,15959.4619140625,7690.0,13566.990234375,8.0,46.291015625,2.0,1.8319447040557861,333.0,310.8003234863281,96.0,48.49839782714844
exemplar,355,exemplar,exemplar/archive_4/acd0fc9a-5e08-4344-88ef-ada264891cb6.pt,59520.0,131303.890625,9351.0,55650.625,0.0,328.25360107421875,0.0,1.1920928955078125e-07,89.0,65.9892807006836,1.0,8.498441696166992
exemplar,356,exemplar,exemplar/archive_4/ad9bbfab-8ff4-49f3-8d9c-ab37947d788a.pt,29483.0,8119.5595703125,4514.0,6775.5751953125,5.0,28.620094299316406,2.0,3.0004444122314453,538.0,624.6587524414062,2.0,39.88465881347656
exemplar,357,exemplar,exemplar/archive_4/b1e95b21-3d49-4f0f-9eb6-fc4835b0816b.pt,3299.0,2013.5611572265625,4040.0,1156.6978759765625,5.0,0.0,0.0,1.8670600652694702,1084.0,473.20611572265625,160.0,9.957155227661133
exemplar,358,exemplar,exemplar/archive_4/b3e352b0-02aa-42e9-b905-77d4b7f1dfd1.pt,3057.0,3352.758544921875,2828.0,2505.7041015625,3.0,0.0,2.0,1.2133845090866089,2631.0,589.705810546875,1024.0,65.4932632446289
exemplar,359,exemplar,exemplar/archive_4/b3ee34d7-b26c-4327-9077-79e2513947cc.pt,345.0,3916.296875,297.0,3768.664306640625,0.0,0.0,0.0,3.6836295127868652,17.0,126.20572662353516,1.0,19.802780151367188
exemplar,360,exemplar,exemplar/archive_4/b3ff10dc-d76f-4720-bd29-4bf354efbe46.pt,22877.0,9614.806640625,798.0,6182.6435546875,3.0,38.33761215209961,1.0,3.142439603805542,28.0,123.60159301757812,1.0,14.220600128173828
exemplar,361,exemplar,exemplar/archive_4/b4dfdcc1-4667-49f1-ac5b-183e7ecc2ebc.pt,52.0,2260.4091796875,1.0,646.850830078125,0.0,0.0,0.0,2.189972400665283,13.0,58.790287017822266,1.0,5.188834190368652
exemplar,362,exemplar,exemplar/archive_4/b5c285f0-db91-4f79-9db6-e8a7c94edf84.pt,21851.0,10012.9541015625,3533.0,6524.880859375,5.0,38.69061279296875,2.0,3.151175022125244,39.0,127.04767608642578,1.0,14.85061264038086
exemplar,363,exemplar,exemplar/archive_4/b624fe6a-af6a-49d1-9462-76d216decf06.pt,13427.0,64791.93359375,16969.0,51169.15625,24.0,90.92987823486328,5.0,0.9649878740310669,507.0,378.80218505859375,128.0,59.879310607910156
exemplar,364,exemplar,exemplar/archive_4/b8f39c72-91d2-4d02-b05c-57c42cb15022.pt,2269.0,3862.666015625,1696.0,953.2354125976562,109.0,18.53888511657715,0.0,1.6191761493682861,272.0,1077.51123046875,1.0,40.44474792480469
exemplar,365,exemplar,exemplar/archive_4/bba17e96-bfc6-4f7b-a3b3-e191e54db17e.pt,14842.0,64791.93359375,17106.0,51169.15625,24.0,90.92992401123047,5.0,0.9649874567985535,505.0,378.80218505859375,128.0,59.87928009033203
exemplar,366,exemplar,exemplar/archive_4/c0318fb8-5cf4-4868-a6e3-376c95dee192.pt,6459.0,4899.97998046875,230.0,3406.440185546875,2.0,28.10269546508789,1.0,3.8007633686065674,18.0,124.82754516601562,1.0,13.498380661010742
exemplar,367,exemplar,exemplar/archive_4/c21d74eb-cbc9-46a8-8b36-055d46bcd75f.pt,15484.0,67271.546875,17459.0,53284.5234375,26.0,91.65160369873047,6.0,0.9713771939277649,591.0,386.61810302734375,160.0,61.161033630371094
exemplar,368,exemplar,exemplar/archive_4/c3db69c9-fbf2-4375-ae82-034c48a2402e.pt,8039.0,11848.34375,8344.0,9596.4560546875,5.0,26.933544158935547,4.0,4.90312385559082,587.0,275.55029296875,160.0,41.18864059448242
exemplar,369,exemplar,exemplar/archive_4/c450d8f6-023f-4ab0-85f6-0934c9d8e967.pt,402.0,3930.683837890625,354.0,4008.007568359375,0.0,0.0,0.0,3.1986937522888184,19.0,145.26300048828125,1.0,26.11917495727539
exemplar,370,exemplar,exemplar/archive_4/c5aa81c6-cac5-44db-bb2d-0450c909ea9f.pt,64637.0,33975.875,46157.0,32895.73828125,10.0,28.914321899414062,2.0,5.622939586639404,2214.0,3454.173095703125,1691.0,1076.2813720703125
exemplar,371,exemplar,exemplar/archive_4/ca4b5a45-6965-4ecb-9d2e-38ddff7463e5.pt,9741.0,13167.619140625,14518.0,13268.4716796875,5.0,5.406096458435059,3.0,4.037450790405273,2872.0,2066.0205078125,1024.0,474.42193603515625
exemplar,372,exemplar,exemplar/archive_4/cc1c90d0-9335-4c05-bf3a-b750ec5adc20.pt,3275.0,6034.85595703125,3636.0,5236.1806640625,2.0,25.82355499267578,2.0,4.9503092765808105,328.0,214.89065551757812,96.0,31.110702514648438
exemplar,373,exemplar,exemplar/archive_4/cc2d357e-c3ae-491b-b7d7-703727137e95.pt,20159.0,75011.2421875,35143.0,63288.05078125,128.0,78.8468017578125,6.0,7.394436836242676,856.0,564.6818237304688,128.0,30.25420570373535
exemplar,374,exemplar,exemplar/archive_4/cd22e983-c9c3-4d45-929b-a53cb807295c.pt,5147.0,30614.853515625,1377.0,18952.48046875,267.0,136.17755126953125,0.0,1.1920928955078125e-07,20.0,95.13467407226562,1.0,20.478927612304688
exemplar,375,exemplar,exemplar/archive_4/d2dd5e51-59c3-41f2-aa1b-e0f82ffe6545.pt,7939.0,11848.34375,8237.0,9596.46484375,5.0,26.933536529541016,4.0,4.90312385559082,584.0,275.55029296875,160.0,41.18865966796875
exemplar,376,exemplar,exemplar/archive_4/d89b0478-e5aa-475d-af6f-3e044a842d22.pt,23288.0,22488.6640625,3553.0,23088.240234375,5.0,5.959031581878662,2.0,2.773646116256714,81.0,1433.7862548828125,53.0,512.8167114257812
exemplar,377,exemplar,exemplar/archive_4/d8f74d4e-05f1-4955-86f0-830ca762b176.pt,10390.0,13167.619140625,14642.0,13268.4716796875,5.0,5.406094074249268,3.0,4.037449836730957,2875.0,2066.0205078125,1024.0,474.42193603515625
exemplar,378,exemplar,exemplar/archive_4/d9f93158-6ccc-4d2b-a170-237f34ce5331.pt,4848.0,30614.853515625,532.0,18952.462890625,281.0,136.17755126953125,0.0,1.1920928955078125e-07,14.0,95.13458251953125,1.0,20.478918075561523
exemplar,379,exemplar,exemplar/archive_4/da3f016e-20ab-4fd7-952a-595b8f71f7af.pt,22664.0,11056.5869140625,1522.0,8047.17236328125,3.0,27.055740356445312,1.0,2.960103988647461,41.0,205.15760803222656,10.0,36.00713348388672
exemplar,380,exemplar,exemplar/archive_4/db688f60-06c1-4a90-9135-f24939f749c1.pt,86.0,2133.297119140625,5.0,519.8840942382812,2.0,0.0,0.0,1.318373680114746,15.0,104.66669464111328,1.0,2.9667282104492188
exemplar,381,exemplar,exemplar/archive_4/de2b487d-3146-4596-8935-9b3df1e70a4f.pt,7720.0,11384.865234375,8021.0,9195.2548828125,3.0,27.023744583129883,4.0,4.852561950683594,500.0,265.3426208496094,128.0,39.732505798339844
exemplar,382,exemplar,exemplar/archive_4/deae57f3-6e32-43b3-82ae-eb94666b0ec5.pt,68.0,2260.4091796875,1.0,646.850830078125,0.0,0.0,0.0,2.189972400665283,12.0,58.790287017822266,1.0,5.188834190368652
exemplar,383,exemplar,exemplar/archive_4/dff07353-88f8-4592-9a88-cda83160792d.pt,44477.0,212843.109375,44202.0,129573.3125,54.0,412.42181396484375,9.0,0.31151193380355835,828.0,185.41162109375,144.0,26.895103454589844
exemplar,384,exemplar,exemplar/archive_4/e276239b-fb1a-42fe-a821-26f171cd3740.pt,7705.0,7615.26025390625,10113.0,5964.91162109375,128.0,16.86334800720215,2.0,2.0908641815185547,3010.0,1468.843994140625,1024.0,286.1514892578125
exemplar,385,exemplar,exemplar/archive_4/e950ae24-8149-4902-abb3-92bbe2aecd63.pt,1400.0,3074.7333984375,1336.0,2506.05078125,2.0,0.0,0.0,1.2247363328933716,521.0,475.9186706542969,192.0,91.37284851074219
exemplar,386,exemplar,exemplar/archive_4/eaba7bd5-f8e5-45c7-8194-e722f3af20ff.pt,2340.0,8478.71484375,218.0,1992.8641357421875,0.0,0.0,0.0,0.7071850299835205,79.0,66.39708709716797,1.0,3.926389694213867
exemplar,387,exemplar,exemplar/archive_4/ead2ec1e-40d8-4acc-91c8-0d319af0c066.pt,55689.0,73852.375,31223.0,55334.3046875,27.0,94.91613006591797,2.0,0.26739364862442017,402.0,332.8116455078125,105.0,65.49199676513672
exemplar,388,exemplar,exemplar/archive_4/eb5a1ea8-c51d-4bb9-b7b4-75eed4853c86.pt,20451.0,75011.3125,34313.0,63288.05078125,128.0,78.84672546386719,6.0,7.394430637359619,857.0,564.6818237304688,128.0,30.254213333129883
exemplar,389,exemplar,exemplar/archive_4/ebce0d5b-5f05-4508-8ee8-3f25e158eb65.pt,7101.0,12819.763671875,3358.0,12539.359375,307.0,4.350002288818359,0.0,2.127737283706665,15.0,1343.8062744140625,1.0,558.9176635742188
exemplar,390,exemplar,exemplar/archive_4/ecd4a3ae-951b-4cf2-9c32-79bbf5637673.pt,3041.0,3300.448486328125,1909.0,2588.65283203125,5.0,0.0,0.0,2.1481802463531494,40.0,175.48399353027344,3.0,12.136588096618652
exemplar,391,exemplar,exemplar/archive_4/ed65d0b7-0b0c-4b25-b9b3-bba6415e835f.pt,56036.0,73852.375,34149.0,55334.3046875,27.0,94.91608428955078,2.0,0.267394095659256,398.0,332.81182861328125,101.0,65.49199676513672
exemplar,392,exemplar,exemplar/archive_4/ef021cd3-8378-4d1e-9f1f-070602c5f684.pt,64588.0,33975.875,47501.0,32895.73828125,10.0,28.914308547973633,2.0,5.622936248779297,2228.0,3454.173095703125,1704.0,1076.2818603515625
exemplar,393,exemplar,exemplar/archive_4/ef2865d0-3f5b-4b1f-8655-ff7d550736c2.pt,132.0,2133.297119140625,42.0,519.8845825195312,2.0,0.0,0.0,1.3183735609054565,18.0,104.66669464111328,1.0,2.9667320251464844
exemplar,394,exemplar,exemplar/archive_4/efa78183-092f-4770-86fd-d318cda4daa2.pt,9862.0,17421.65625,5912.0,14370.21875,425.0,68.51170349121094,1.0,1.6410592794418335,29.0,248.5629119873047,2.0,34.97747802734375
exemplar,395,exemplar,exemplar/archive_4/f1369026-b6ce-4401-8f3a-9079a7bb9cfb.pt,64836.0,164987.625,52517.0,127370.4375,1977.0,471.5452575683594,4.0,3.5233776569366455,313.0,551.2298583984375,9.0,36.77972412109375
exemplar,396,exemplar,exemplar/archive_4/f2ac7800-495d-44fc-81ae-b3c9fdc3656d.pt,65321.0,133147.09375,21362.0,60238.03515625,0.0,282.5126953125,0.0,0.27954530715942383,101.0,97.20893096923828,2.0,14.620647430419922
exemplar,397,exemplar,exemplar/archive_4/f9012451-79a9-4be9-be03-9b56617d2e21.pt,5018.0,4124.48876953125,4604.0,3016.23291015625,128.0,32.03733444213867,0.0,2.2452030181884766,409.0,328.36871337890625,64.0,17.58228302001953
exemplar,398,exemplar,exemplar/archive_4/f91aaca3-3e17-40f5-8dbc-f91b66fb6ff6.pt,14813.0,27023.966796875,18681.0,29719.20703125,9.0,7.511295318603516,3.0,3.3198511600494385,2767.0,1978.0450439453125,1024.0,662.2657470703125
exemplar,399,exemplar,exemplar/archive_4/fe7e730c-d073-4096-b2ee-40007ede4bd8.pt,26547.0,8119.5595703125,5472.0,6775.5751953125,5.0,28.620080947875977,2.0,3.0004429817199707,538.0,624.6587524414062,2.0,39.88463592529297
