split,dataset_index,kernel_family,tensor_path,target_lut,prediction_lut,target_ff,prediction_ff,target_dsp,prediction_dsp,target_bram,prediction_bram,target_cycles_max,prediction_cycles_max,target_interval_max,prediction_interval_max
test,2,2layer,2layer/archive_1/0bc7e3b8-c2a6-427a-ab7b-97c8d1f26de3.pt,12268.0,17336.462890625,8597.0,13111.751953125,0.0,0.0,1.5,2.3902482986450195,4357.0,4514.98046875,2816.0,2283.4443359375
test,4,2layer,2layer/archive_1/0ceedcf7-5069-43e5-b761-a592699392fc.pt,21806.0,22508.447265625,17005.0,14461.953125,3.0,4.227353096008301,2.0,2.07731294631958,6149.0,3827.122314453125,4096.0,1989.945556640625
test,7,2layer,2layer/archive_1/11fe5594-fbbe-4031-ac3a-4b43ba75a01f.pt,22719.0,24607.4375,14057.0,15704.87109375,11.0,4.706614971160889,1.0,2.097057342529297,1797.0,3931.3212890625,1024.0,1927.312744140625
test,30,2layer,2layer/archive_1/6979d03f-7ff1-4738-886e-3ee059a69d8a.pt,11963.0,22566.50390625,8924.0,14493.2138671875,2.0,4.24970817565918,1.5,2.0791702270507812,4229.0,3757.088134765625,2304.0,1934.3154296875
test,40,2layer,2layer/archive_1/80788302-2292-4caa-a003-821aed591a4a.pt,25839.0,20093.572265625,19958.0,13831.388671875,0.0,0.0,1.0,1.9872840642929077,3589.0,3960.885498046875,1792.0,2010.1221923828125
test,43,2layer,2layer/archive_1/81ae65ee-db11-4ff1-835c-a62e010c7087.pt,15439.0,24784.24609375,11020.0,15853.48046875,2.0,4.703321933746338,2.0,2.1161441802978516,7685.0,4161.9833984375,3840.0,2087.78662109375
test,65,2layer,2layer/archive_1/b7ff2436-119d-4ba9-9b49-189b5fabbe4c.pt,14913.0,24567.431640625,8705.0,15689.0625,2.0,4.660479545593262,1.5,2.0940985679626465,3845.0,4107.81689453125,2880.0,2053.387939453125
test,66,2layer,2layer/archive_1/b9c55cc1-33b8-4573-98e9-76d328fb262d.pt,14211.0,20128.51953125,10576.0,13370.759765625,3.0,4.065544128417969,1.0,2.0980453491210938,3461.0,3601.411376953125,1728.0,1841.433837890625
test,77,2layer,2layer/archive_1/d18488ed-9367-45dc-9e7e-03a6dad1662e.pt,21494.0,24950.94921875,12425.0,15949.6923828125,5.0,4.754715919494629,1.5,2.1190714836120605,4229.0,4119.330078125,2560.0,2053.549560546875
test,80,2layer,2layer/archive_1/d8705803-c54c-4ad6-bdd4-bea949213cf1.pt,17388.0,20169.21875,9965.0,13403.7392578125,2.0,4.058866024017334,3.0,2.100679874420166,5637.0,3723.222412109375,3328.0,1935.38623046875
test,85,2layer,2layer/archive_1/e2d32045-fe85-41fa-87fd-34469cfd2b33.pt,17230.0,20159.73828125,12142.0,13391.33203125,4.0,4.069256782531738,2.0,2.1004223823547363,3845.0,3617.173583984375,1920.0,1853.1546630859375
test,88,2layer,2layer/archive_1/e71cebc8-9c8d-4db4-af21-b5ffd3e7d1e9.pt,6342.0,24536.9453125,6039.0,15675.107421875,2.0,4.665903091430664,1.0,2.0974154472351074,2501.0,4024.75390625,1920.0,1994.55810546875
test,91,2layer,2layer/archive_1/ecfce556-484f-4093-a80c-893fda981e41.pt,22052.0,24727.958984375,13102.0,15801.6435546875,4.0,4.696236610412598,2.0,2.105712413787842,5381.0,4145.27099609375,2912.0,2075.183349609375
test,96,2layer,2layer/archive_1/f8730447-91f8-4ba9-8e61-8f68f3e2bcf2.pt,17442.0,20249.669921875,12252.0,13451.8671875,3.0,4.075657367706299,4.0,2.1068291664123535,6245.0,3760.92138671875,3840.0,1962.15625
test,102,2layer,2layer/archive_2/09ec4d4c-915c-43e4-9a54-58a2827cf9ab.pt,13361.0,20164.814453125,9745.0,13385.7392578125,5.0,4.045896530151367,1.0,2.100344181060791,1301.0,3463.77197265625,720.0,1739.307861328125
test,116,2layer,2layer/archive_2/2ac8c174-e837-49a4-8c42-d36055b4f958.pt,26666.0,19947.828125,20621.0,14326.1826171875,0.0,0.0,1.5,2.1018497943878174,4445.0,4285.65966796875,2640.0,2179.37255859375
test,117,2layer,2layer/archive_2/2b32602e-3d8f-4da0-b7a4-3ea8d164b7c6.pt,13778.0,20003.41796875,9950.0,13797.2119140625,0.0,0.0,3.0,1.9808422327041626,4805.0,4048.821044921875,2688.0,2079.9072265625
test,123,2layer,2layer/archive_2/35d85fb7-eceb-4bbb-8fcf-e217cf41c819.pt,18287.0,22577.16015625,13226.0,14503.9033203125,3.0,4.249618053436279,1.5,2.081366777420044,4229.0,3783.88037109375,2688.0,1953.8648681640625
test,124,2layer,2layer/archive_2/3886fc72-587a-462e-b4bf-d0a55ef58761.pt,19428.0,24395.9609375,15040.0,15588.890625,7.0,4.64592170715332,4.0,2.1057724952697754,1925.0,3851.646240234375,960.0,1898.602294921875
test,138,2layer,2layer/archive_2/5d0eb902-1bc3-48ca-b0d4-3d6de45181de.pt,24382.0,20104.919921875,18225.0,14489.2333984375,0.0,0.0,2.5,2.099904775619507,8165.0,4445.01318359375,5280.0,2295.941162109375
test,148,2layer,2layer/archive_2/7e1727a1-0ff8-4992-b05a-0691712f8fd0.pt,22263.0,22721.583984375,14885.0,14594.15234375,6.0,4.284396648406982,1.5,2.0865654945373535,3541.0,3757.227783203125,2080.0,1928.6759033203125
test,159,2layer,2layer/archive_2/8c8e656f-83a3-47e2-9829-8045a8142667.pt,17167.0,24869.462890625,12847.0,15905.1083984375,2.0,4.717808246612549,2.5,2.1166858673095703,7749.0,4212.369140625,4224.0,2122.24072265625
test,169,2layer,2layer/archive_2/aa3e8729-4585-46ef-9832-c3b7f47e4df1.pt,27599.0,24934.7265625,15971.0,15955.09375,3.0,4.727231979370117,2.5,2.121866226196289,8453.0,4259.75048828125,5376.0,2154.53076171875
test,171,2layer,2layer/archive_2/b461a518-3d3b-479a-938a-0c154da7735b.pt,35035.0,24703.986328125,18748.0,15788.5224609375,6.0,4.682835578918457,2.0,2.104348659515381,7077.0,4186.251953125,3744.0,2105.724609375
test,176,2layer,2layer/archive_2/c6918bf7-28f9-40a7-a1c4-3bcf2f4e385f.pt,13092.0,19730.107421875,7840.0,14121.1943359375,0.0,0.0,1.0,2.110530376434326,1349.0,4061.911865234375,960.0,2017.4169921875
test,193,2layer,2layer/archive_2/f2428e9d-edd8-42e7-99c6-e046e4644daf.pt,16523.0,17527.953125,12656.0,13235.43359375,0.0,0.0,2.5,2.3856537342071533,6341.0,4590.64453125,3456.0,2336.23388671875
test,194,2layer,2layer/archive_2/f3afd05a-bc98-4606-93b9-ee33d6762e32.pt,19835.0,17414.048828125,15641.0,13145.6591796875,0.0,0.0,4.5,2.395526885986328,4789.0,4517.53515625,2496.0,2282.17138671875
test,198,2layer,2layer/archive_2/fe60de96-e0a9-4ea9-8814-8ce712e4cdfc.pt,21443.0,17492.900390625,16272.0,13202.07421875,0.0,0.0,4.5,2.4003262519836426,5205.0,4549.28857421875,2704.0,2301.963134765625
test,200,2layer,2layer/archive_3/019ce398-6703-4c14-a1d4-a1d4f721aa96.pt,10292.0,24134.34375,8216.0,15406.146484375,2.0,4.558545112609863,1.0,2.0826187133789062,2949.0,3952.36328125,1920.0,1979.599853515625
test,202,2layer,2layer/archive_3/0bd01774-a474-431b-b52c-aca5c0745207.pt,9183.0,19926.283203125,6235.0,13735.345703125,0.0,0.0,1.0,1.974331259727478,2309.0,3949.66455078125,1920.0,2008.2205810546875
test,204,2layer,2layer/archive_3/10d47412-3b99-4416-8957-0dd529a2c076.pt,9044.0,20069.421875,7062.0,13338.43359375,2.0,4.027318954467773,1.0,2.0939407348632812,1413.0,3471.84716796875,896.0,1748.178955078125
test,215,2layer,2layer/archive_3/2620e563-4c2a-45a4-8260-a06013668b23.pt,17234.0,24808.1796875,10011.0,15865.8994140625,5.0,4.770206928253174,1.0,2.1243081092834473,1925.0,3925.789794921875,960.0,1916.620361328125
test,222,2layer,2layer/archive_3/39669ce2-ff95-4a24-9e66-156ceeae168f.pt,12792.0,19901.099609375,10383.0,14286.8310546875,0.0,0.0,1.5,2.1018879413604736,3749.0,4250.63427734375,2304.0,2154.184326171875
test,244,2layer,2layer/archive_3/73b18c1f-a08b-4490-9b1e-068dd5f1bc6f.pt,11739.0,24264.232421875,9609.0,15526.3935546875,2.0,4.563990116119385,2.0,2.1023457050323486,6085.0,4120.052734375,4480.0,2095.637939453125
test,253,2layer,2layer/archive_3/8863bfbc-c561-4a7b-af1a-8de2d0557eb1.pt,15385.0,20194.51171875,12717.0,13427.91015625,2.0,4.06616735458374,3.0,2.103905439376831,7749.0,3788.976806640625,4928.0,1985.2906494140625
test,254,2layer,2layer/archive_3/88dc4815-a29e-4ae4-b3ea-5002f04e93f2.pt,15287.0,19905.048828125,10340.0,14315.037109375,0.0,0.0,1.5,2.095595598220825,4997.0,4303.3115234375,3072.0,2194.782958984375
test,262,2layer,2layer/archive_3/96ddafdb-c1a1-464d-a77e-1f6956a91deb.pt,29596.0,24995.8203125,15628.0,15986.7607421875,10.0,4.800823211669922,1.0,2.1317672729492188,2397.0,4007.9921875,1248.0,1973.0941162109375
test,264,2layer,2layer/archive_3/98c7083e-8b81-4b46-99a6-9214ede4dd8c.pt,30491.0,25017.09375,17939.0,16013.1298828125,4.0,4.746500492095947,3.0,2.1279163360595703,10213.0,4274.5546875,5280.0,2162.453369140625
test,269,2layer,2layer/archive_3/b1bf04f8-e2f7-4a52-bdde-c01f4bad1309.pt,10283.0,17389.435546875,8823.0,13151.189453125,0.0,0.0,1.5,2.3864545822143555,4869.0,4544.734375,3328.0,2305.398681640625
test,277,2layer,2layer/archive_3/cb71f7ec-d572-47de-9a42-bd8019b6f8dc.pt,23057.0,17524.728515625,17932.0,13218.4404296875,0.0,0.0,4.5,2.3929507732391357,5605.0,4560.3984375,2912.0,2312.4072265625
test,281,2layer,2layer/archive_3/d5f86079-3543-44fc-98fa-3a44b519fadb.pt,20350.0,24988.599609375,12187.0,15979.185546875,4.0,4.769407272338867,2.0,2.124634027481079,4325.0,4111.1923828125,2240.0,2046.2901611328125
test,291,2layer,2layer/archive_3/f34246be-39d1-451b-80fe-ead3345822d9.pt,14755.0,24302.677734375,9644.0,15515.439453125,5.0,4.614247798919678,1.0,2.0932869911193848,2181.0,3890.170166015625,1152.0,1929.7767333984375
test,296,2layer,2layer/archive_3/fa89eaf8-f149-4239-a01e-f7c059112c6f.pt,20498.0,22676.6640625,14096.0,14576.638671875,4.0,4.265951633453369,2.0,2.088714361190796,6405.0,3839.683349609375,3584.0,1992.294677734375
test,302,2layer,2layer/archive_4/0531fe1b-e636-44ef-97b4-dfa2611005cd.pt,9576.0,24225.109375,5704.0,15457.408203125,2.0,4.612814903259277,0.5,2.0870556831359863,1029.0,3789.320068359375,768.0,1860.5535888671875
test,311,2layer,2layer/archive_4/220abe4b-c84a-4896-a433-d724e728e262.pt,20322.0,24907.890625,12629.0,15927.60546875,3.0,4.732033729553223,2.0,2.1180460453033447,6661.0,4185.541015625,3584.0,2102.101318359375
test,315,2layer,2layer/archive_4/247e4213-8ae5-462d-b957-a9f783755031.pt,10996.0,17262.25,7502.0,13060.318359375,0.0,0.0,1.5,2.3945415019989014,3333.0,4479.22607421875,2560.0,2257.65478515625
test,329,2layer,2layer/archive_4/44856706-581b-4c89-8857-83ce12bad9ec.pt,14256.0,17401.365234375,11520.0,13158.580078125,0.0,0.0,1.5,2.386491060256958,4229.0,4550.04833984375,3520.0,2308.89306640625
test,337,2layer,2layer/archive_4/62878700-1b8b-452f-8cfd-c1c35028130d.pt,36022.0,24718.056640625,19075.0,15798.8857421875,26.0,4.738095283508301,15.0,2.114583730697632,1733.0,3934.108642578125,896.0,1925.0419921875
test,338,2layer,2layer/archive_4/62ea446b-b849-47d5-8216-a2f7c8cb4bac.pt,25133.0,24471.158203125,17444.0,15649.7734375,6.0,4.620999813079834,2.0,2.1081671714782715,6533.0,4107.025390625,3456.0,2080.43212890625
test,367,2layer,2layer/archive_4/b5944cf1-ec69-416a-918c-89e52b78fc28.pt,20893.0,24483.53125,12395.0,15644.04296875,3.0,4.6371612548828125,2.0,2.095491409301758,6277.0,4111.6865234375,3136.0,2057.657470703125
test,377,2layer,2layer/archive_4/c1a49590-4bb5-4f0e-8f35-7b55a980a2ab.pt,36397.0,24928.970703125,22458.0,15939.078125,12.0,4.739137649536133,1.5,2.117914915084839,5637.0,4174.392578125,3584.0,2093.98388671875
test,389,2layer,2layer/archive_4/de7b06f7-2fcc-4ab6-8233-7ad7645abe6e.pt,17550.0,22614.24609375,10198.0,14525.3876953125,3.0,4.259285926818848,1.5,2.081693410873413,3685.0,3765.979736328125,2400.0,1939.28662109375
test,406,3layer,3layer/archive_1/1779f702-f865-451f-89d0-4f6b42a09e77.pt,25151.0,23744.2109375,20528.0,20324.392578125,0.0,0.0,2.0,3.1483306884765625,2984.0,5296.0400390625,1120.0,2636.62353515625
test,407,3layer,3layer/archive_1/182b1883-c1ef-4e91-b811-6a3d11a6d43f.pt,51765.0,31510.701171875,27772.0,22557.37890625,29.0,6.50557804107666,15.5,2.9324193000793457,2712.0,5145.685546875,1040.0,2424.580322265625
test,409,3layer,3layer/archive_1/1aefc079-3d88-4736-ab6a-8821bf651cfa.pt,25692.0,31118.669921875,16084.0,22311.1796875,10.0,6.417657852172852,1.5,2.920834541320801,2120.0,5021.84326171875,704.0,2351.04736328125
test,432,3layer,3layer/archive_1/652d7823-3b2f-48c4-b58a-bf36a9040d34.pt,43876.0,31540.767578125,29036.0,22549.787109375,17.0,6.49050760269165,1.5,2.9219415187835693,5160.0,5296.1162109375,2048.0,2534.841064453125
test,440,3layer,3layer/archive_1/7964a722-8bad-4458-9c56-7a00af65391c.pt,19231.0,23813.2890625,15202.0,20411.57421875,0.0,0.0,1.5,3.1455578804016113,2824.0,5366.2958984375,1600.0,2683.852294921875
test,442,3layer,3layer/archive_1/7dff1db2-d16a-4a01-829b-05b72a41623c.pt,28802.0,31527.53515625,20556.0,22553.873046875,4.0,6.465981483459473,3.0,2.927896738052368,10824.0,5479.63037109375,3840.0,2663.39697265625
test,446,3layer,3layer/archive_1/88cf0a0e-91b2-4947-96d7-9eed8547d6cd.pt,20444.0,23822.171875,17351.0,20419.654296875,0.0,0.0,1.5,3.1481051445007324,3144.0,5360.19775390625,1536.0,2678.60595703125
test,461,3layer,3layer/archive_1/9e767c1a-c86e-47d2-9618-8ef0d7eff20c.pt,38774.0,31522.90625,24445.0,22554.1328125,6.0,6.462516784667969,3.5,2.928574323654175,10632.0,5499.49658203125,4224.0,2676.90966796875
test,474,3layer,3layer/archive_1/bd7b1de0-0728-4813-a20e-2217a437ae55.pt,20365.0,24149.171875,15045.0,20793.421875,0.0,0.0,2.0,3.146240472793579,5224.0,5576.23095703125,3168.0,2817.17236328125
test,475,3layer,3layer/archive_1/c12178a4-9a41-4408-bb6e-2a2b0220f271.pt,19056.0,26145.625,14960.0,22231.08203125,4.0,5.24726676940918,2.0,3.3351004123687744,5512.0,4606.87060546875,3456.0,2376.2138671875
test,479,3layer,3layer/archive_1/cac2ba37-2e08-4ee6-a30f-40100774fba2.pt,16528.0,26088.4609375,13620.0,22192.73828125,3.0,5.233482837677002,2.5,3.3304152488708496,6664.0,4592.1201171875,3136.0,2368.8076171875
test,491,3layer,3layer/archive_1/e15f45e8-e937-4419-b661-351b6a4e3b24.pt,26686.0,31373.603515625,18612.0,22449.083984375,4.0,6.426949977874756,3.0,2.9196600914001465,9480.0,5456.58740234375,3840.0,2653.8486328125
test,492,3layer,3layer/archive_1/e512b35b-2fc9-49ce-87f4-274643a853bd.pt,11232.0,30926.005859375,9899.0,22313.5625,3.0,6.306183338165283,2.0,2.950058698654175,4232.0,5218.94775390625,3584.0,2530.990478515625
test,499,3layer,3layer/archive_1/ffdcecc5-d14c-43be-b3c4-2857c53c08f1.pt,15840.0,25774.380859375,11860.0,21883.2109375,3.0,5.242534160614014,1.5,3.2856528759002686,2248.0,4335.12255859375,1152.0,2191.77587890625
test,507,3layer,3layer/archive_2/1b0f0ba7-0377-4474-b62e-4b95e0367519.pt,30215.0,23859.87109375,23118.0,19297.58984375,0.0,0.0,3.0,2.754368543624878,9608.0,4984.119140625,3840.0,2469.339599609375
test,510,3layer,3layer/archive_2/212e820a-7f1a-4ca0-846a-920f20a79783.pt,40991.0,31263.08984375,28078.0,21549.68359375,26.0,6.633686065673828,36.5,2.8538713455200195,2840.0,4425.98681640625,1040.0,2051.66748046875
test,516,3layer,3layer/archive_2/326bc530-45c2-4c48-9584-277b3c01d4c1.pt,23687.0,23716.3515625,19142.0,19152.5390625,0.0,0.0,2.5,2.7499451637268066,6504.0,4873.3828125,2464.0,2394.453125
test,518,3layer,3layer/archive_2/39ede89b-4430-4736-a43a-4d76b5fa631b.pt,25267.0,31950.333984375,15906.0,22057.1875,10.0,6.961089611053467,1.5,2.943800449371338,2984.0,4556.16357421875,1152.0,2086.20458984375
test,528,3layer,3layer/archive_2/4b6b637a-e175-4c06-b927-b1f1a0bf1694.pt,20377.0,25674.552734375,15214.0,19981.796875,3.0,5.097381591796875,2.5,2.9411051273345947,8520.0,4106.982421875,3520.0,2070.70458984375
test,535,3layer,3layer/archive_2/598e9e38-fc65-430b-84cb-365d55e367a2.pt,46096.0,31967.5859375,31967.0,22056.302734375,32.0,6.9715986251831055,57.5,2.9416322708129883,3112.0,4565.09033203125,1120.0,2092.78955078125
test,537,3layer,3layer/archive_2/5e8ea48b-db26-40f2-8fbe-99c095cf4c68.pt,46527.0,31828.802734375,27779.0,21975.33984375,7.0,6.762166976928711,4.5,2.8863601684570312,12776.0,4850.6767578125,4928.0,2282.69287109375
test,560,3layer,3layer/archive_2/9dadd0df-130d-4cad-bbca-0e76e22635c8.pt,21325.0,23674.431640625,18310.0,19123.609375,0.0,0.0,3.0,2.747292995452881,5256.0,4859.109375,2688.0,2386.173828125
test,576,3layer,3layer/archive_2/baf77b73-37f4-46f9-b8f0-93d69797cd82.pt,30315.0,23523.703125,25472.0,18930.423828125,0.0,0.0,4.5,2.7663090229034424,2952.0,4638.5,1024.0,2228.068603515625
test,588,3layer,3layer/archive_2/d6607975-b0f4-45d8-9501-72d777ee383b.pt,42315.0,31922.435546875,25809.0,22041.541015625,6.0,6.786816120147705,3.5,2.8916823863983154,12488.0,4899.21826171875,5280.0,2312.9443359375
test,591,3layer,3layer/archive_2/dde3b4b7-3312-479a-bdc3-87fa33a93df5.pt,16389.0,23551.337890625,15234.0,18973.423828125,0.0,0.0,1.5,2.75616717338562,3400.0,4705.54736328125,1280.0,2276.822265625
test,602,3layer,3layer/archive_3/05df7d2d-f518-4f33-afc3-8514d2a19475.pt,16725.0,31744.31640625,14712.0,21906.244140625,3.0,6.914726257324219,1.5,2.9314236640930176,2120.0,4456.8505859375,896.0,2026.3297119140625
test,603,3layer,3layer/archive_3/0ac9befc-ac0d-4a71-ae58-22e7e1bdffc2.pt,10332.0,31667.751953125,8506.0,21820.5234375,3.0,6.821036338806152,1.5,2.8907792568206787,2952.0,4606.62451171875,1920.0,2128.56982421875
test,604,3layer,3layer/archive_3/0b9292d5-b52f-4bcf-9d7f-8ec507a82838.pt,16178.0,31665.94140625,12690.0,21822.85546875,3.0,6.780981540679932,2.0,2.8806233406066895,5768.0,4681.9833984375,2304.0,2177.97265625
test,609,3layer,3layer/archive_3/146dcf3a-693e-4216-9880-5d5271eef9ef.pt,29328.0,31609.03515625,21850.0,21794.609375,4.0,6.7105255126953125,3.0,2.8649537563323975,9736.0,4759.28759765625,3584.0,2229.463623046875
test,616,3layer,3layer/archive_3/2552149a-df3f-4a43-bbb0-f50f0aa86a1d.pt,30608.0,25643.03515625,23092.0,19914.068359375,22.0,5.177316665649414,13.5,2.934762477874756,2568.0,3858.040771484375,1024.0,1885.80859375
test,618,3layer,3layer/archive_3/2a171325-74e9-44cd-ad59-2d6e0df0ca79.pt,25048.0,23730.673828125,20557.0,19224.33203125,0.0,0.0,3.0,2.7376599311828613,8520.0,4974.32568359375,4160.0,2470.185546875
test,627,3layer,3layer/archive_3/45890d72-3caf-40a6-931a-638e3aad7bea.pt,13786.0,25537.94140625,12163.0,19825.6640625,3.0,5.128385543823242,1.5,2.9188246726989746,3272.0,3939.15185546875,1728.0,1949.849609375
test,635,3layer,3layer/archive_3/5e9ac136-7284-4f22-a5ee-61b5b7e7063d.pt,17072.0,23623.91015625,14929.0,19105.087890625,0.0,0.0,2.5,2.739346504211426,5704.0,4871.361328125,2816.0,2397.316162109375
test,657,3layer,3layer/archive_3/a1851e40-5a08-4219-a3f1-8d948236f276.pt,45012.0,31989.7265625,27048.0,22090.1328125,8.0,6.841867923736572,3.0,2.9079647064208984,10120.0,4844.115234375,4032.0,2274.5859375
test,667,3layer,3layer/archive_3/b682c296-4570-4878-873f-d5e1915cbc27.pt,30544.0,23586.359375,22415.0,18982.69140625,0.0,0.0,7.5,2.7630035877227783,2968.0,4688.74560546875,1120.0,2262.9921875
test,672,3layer,3layer/archive_3/becbb122-65be-480b-acb2-ebe38341ad8a.pt,38793.0,31847.052734375,24266.0,21988.400390625,6.0,6.786424160003662,3.0,2.893808126449585,10376.0,4815.71728515625,4032.0,2258.921630859375
test,674,3layer,3layer/archive_3/c2ce15f0-780c-406b-b005-bb243ccf18e1.pt,21256.0,23643.7890625,18646.0,19128.115234375,0.0,0.0,3.0,2.7398996353149414,5000.0,4888.9013671875,3584.0,2410.453125
test,679,3layer,3layer/archive_3/cf982a72-c60b-4b7d-9087-1e193c4ab155.pt,16313.0,31203.27734375,13555.0,21510.033203125,3.0,6.522213459014893,2.5,2.820711612701416,6152.0,4597.51123046875,2560.0,2166.95703125
test,683,3layer,3layer/archive_3/d5ca8453-257a-4d9c-a648-cf8ccbc5ec86.pt,38676.0,31981.88671875,24210.0,22080.19140625,20.0,6.997982501983643,5.5,2.954965829849243,2760.0,4514.16650390625,960.0,2057.906982421875
test,685,3layer,3layer/archive_3/d7c36037-4ea5-4170-9880-b18dc15b2262.pt,23507.0,23479.48046875,14930.0,18919.251953125,0.0,0.0,1.0,2.7593185901641846,1991.0,4656.77392578125,1280.0,2243.370361328125
test,695,3layer,3layer/archive_3/f28597de-38ba-4ad3-93a2-3851c0324492.pt,19264.0,31651.0859375,13846.0,21809.01953125,4.0,6.770723819732666,2.0,2.8751919269561768,4168.0,4691.74755859375,3072.0,2185.517578125
test,702,3layer,3layer/archive_4/02a91569-c36f-4708-a341-a13f8737a0a3.pt,32138.0,23590.09375,27000.0,18966.8203125,0.0,0.0,10.5,2.774010181427002,2824.0,4644.37060546875,960.0,2228.70556640625
test,703,3layer,3layer/archive_4/04992b4f-8e3a-4ba6-ab8e-f7067efbefd1.pt,24924.0,23811.8359375,19188.0,19297.79296875,0.0,0.0,4.0,2.741006851196289,9288.0,5024.69873046875,4928.0,2504.19482421875
test,709,3layer,3layer/archive_4/11cb1446-553d-4d42-beb0-8cef419745d7.pt,31494.0,25679.84375,23654.0,19844.35546875,23.0,5.208415985107422,13.5,2.9174160957336426,2504.0,3865.401123046875,936.0,1892.3201904296875
test,715,3layer,3layer/archive_4/18e0db09-f70f-4bc2-88f2-22eefb41fbed.pt,24514.0,25702.62890625,20767.0,19843.125,11.0,5.224772930145264,8.0,2.9154486656188965,2760.0,3862.732421875,1024.0,1890.74267578125
test,725,3layer,3layer/archive_4/37086fe8-6c4f-463e-a764-7d76835deeec.pt,20184.0,25643.98828125,17426.0,19828.841796875,9.0,5.197999954223633,6.5,2.9155242443084717,2728.0,3869.68798828125,1056.0,1896.733642578125
test,726,3layer,3layer/archive_4/397c597b-baf0-4982-b73e-1b96cc21c475.pt,29462.0,23786.4375,28124.0,19280.68359375,0.0,0.0,6.5,2.7390189170837402,9992.0,5015.830078125,5376.0,2499.61181640625
test,727,3layer,3layer/archive_4/3a67d407-0d04-48d4-ab09-4d2496cfd57c.pt,32895.0,31982.466796875,20306.0,22068.0859375,15.0,6.9864349365234375,1.5,2.945896863937378,2656.0,4551.5634765625,1152.0,2083.412841796875
test,729,3layer,3layer/archive_4/40ee2292-d986-48fb-a072-30da3405f278.pt,21807.0,23742.98828125,17365.0,19208.828125,0.0,0.0,2.5,2.7435460090637207,8232.0,4941.56201171875,3360.0,2444.601318359375
test,733,3layer,3layer/archive_4/4eac11b2-3e2f-46dd-9793-f7933d08a32a.pt,14611.0,23584.53515625,11599.0,19080.59765625,0.0,0.0,2.0,2.736628293991089,4872.0,4860.79248046875,3072.0,2391.75341796875
test,761,3layer,3layer/archive_4/8317e9db-920e-420b-b398-f733d751e9ee.pt,17139.0,25567.015625,13665.0,19899.771484375,4.0,5.115039825439453,1.5,2.9319963455200195,4232.0,3974.814208984375,2048.0,1975.0322265625
test,781,3layer,3layer/archive_4/ce983836-13b7-4d8c-a35b-d4fc2c45396e.pt,38190.0,32052.880859375,21431.0,22125.87109375,18.0,7.001785755157471,1.5,2.952516555786133,2856.0,4581.18701171875,1248.0,2100.4892578125
test,784,3layer,3layer/archive_4/d05cbfc7-ebfe-45c5-8fa0-01326d535bf0.pt,12397.0,31613.94921875,10775.0,21782.9296875,3.0,6.7389044761657715,2.0,2.866245746612549,4872.0,4725.14892578125,3584.0,2208.193359375
test,796,3layer,3layer/archive_4/f2a1eb9a-a5c2-486a-b0b8-03bc9bbe3ae7.pt,31100.0,31856.86328125,18062.0,21972.34375,6.0,6.877524375915527,2.5,2.911790370941162,3720.0,4656.20068359375,2112.0,2155.52783203125
test,799,3layer,3layer/archive_4/ff48aa19-6b53-4584-b397-c63f0808b898.pt,39233.0,31941.986328125,24929.0,22050.51953125,7.0,6.8358988761901855,3.0,2.904984951019287,9544.0,4813.4580078125,3520.0,2255.760986328125
test,810,conv1d,conv1d/archive_1/40a8e82a-f9f5-4c4d-b727-a0478a1b75eb.pt,15889.0,23706.876953125,22365.0,36505.5546875,2.0,2.339641571044922,7.5,14.85405158996582,46223.0,100055.15625,46199.0,93946.453125
test,817,conv1d,conv1d/archive_1/652e0143-09a7-4bb0-afe0-afe109e97397.pt,13058.0,15710.14453125,20150.0,28511.466796875,0.0,0.0,22.5,13.40301513671875,382015.0,133314.546875,382010.0,143136.515625
test,820,conv1d,conv1d/archive_1/79d43e81-55cb-41d8-8da5-72ce41fcafad.pt,9214.0,16265.021484375,16851.0,26496.7578125,0.0,0.0,3.0,11.543014526367188,78337.0,81537.703125,78338.0,81361.3046875
test,823,conv1d,conv1d/archive_1/82b35702-e1ac-446c-aabc-45ec3ed80610.pt,20175.0,21459.93359375,25687.0,31669.50390625,3.0,1.9004777669906616,12.0,12.530603408813477,49919.0,79119.140625,49914.0,75800.0546875
test,830,conv1d,conv1d/archive_1/a4d19761-4b0a-42ab-9d53-c66d8f00f10b.pt,15390.0,16846.8359375,22857.0,29927.55078125,0.0,0.0,4.0,12.966625213623047,102718.0,120840.5234375,102716.0,121324.2421875
test,840,conv1d,conv1d/archive_1/d1c94bd8-9b95-4896-90ef-9820b72e9c80.pt,16820.0,23574.59765625,26709.0,36490.13671875,2.0,2.0803093910217285,17.0,14.714312553405762,175036.0,109725.9296875,175034.0,103419.8828125
test,854,conv1d,conv1d/archive_2/21f8ce76-3ba1-4feb-ac27-b94c3aec3243.pt,30708.0,26497.66796875,76593.0,37676.3984375,3.0,3.77947998046875,52.5,13.812653541564941,365890.0,100562.546875,365885.0,95495.28125
test,859,conv1d,conv1d/archive_2/47b8d120-10a1-4744-8bdb-07a551ff3128.pt,25188.0,22507.39453125,50441.0,34836.48828125,1.0,1.8909000158309937,30.0,14.203956604003906,244594.0,108398.765625,244589.0,105048.53125
test,874,conv1d,conv1d/archive_2/d19f3c15-b218-471a-a743-35e62285e6be.pt,24714.0,28265.228515625,37268.0,39205.4375,4.0,4.723989486694336,9.0,14.530339241027832,114433.0,72106.4140625,114434.0,63121.3203125
test,875,conv1d,conv1d/archive_2/f12c4085-2898-49f4-a61b-7368d7a1cf59.pt,28989.0,29306.556640625,38479.0,41447.45703125,4.0,4.892436981201172,22.5,15.34220027923584,125229.0,92141.65625,125225.0,82284.8984375
test,878,conv1d,conv1d/archive_2/fbf509e8-3766-4b18-829f-8a91ea220962.pt,19729.0,28480.837890625,31442.0,38719.19140625,4.0,4.893858432769775,14.0,13.868706703186035,50113.0,73076.859375,50114.0,63848.3359375
test,881,conv1d,conv1d/archive_3/0f93f762-11c1-47f6-b745-fbd2342bdcb3.pt,25766.0,27869.841796875,42483.0,36701.6015625,3.0,4.4333577156066895,13.5,12.454854965209961,58701.0,64987.1171875,58697.0,54298.96875
test,884,conv1d,conv1d/archive_3/1e92fe49-0718-4869-9cdc-06e2f36d672d.pt,31414.0,18199.287109375,46105.0,34484.25,0.0,0.0,24.0,15.006424903869629,256639.0,149846.53125,256634.0,153346.25
test,888,conv1d,conv1d/archive_3/2666c285-a04a-423b-95a2-bd2757ede047.pt,12838.0,22637.1640625,23268.0,32913.12109375,2.0,2.041400671005249,3.0,12.505867004394531,158209.0,79303.84375,158210.0,71888.0
test,889,conv1d,conv1d/archive_3/2c782213-ca6b-4c07-aeda-6ac96ff8af05.pt,22529.0,30552.958984375,36549.0,44914.30859375,5.0,5.295699119567871,22.5,17.17633056640625,350467.0,113761.8671875,350462.0,101822.8984375
test,896,conv1d,conv1d/archive_3/6d261423-eeff-4955-9e53-5d9faf751e88.pt,14136.0,16188.80078125,19082.0,23823.23828125,0.0,0.0,3.0,9.328266143798828,21953.0,58840.41015625,21954.0,56042.9375
test,897,conv1d,conv1d/archive_3/70fbcd6f-2675-4ff8-9b2f-a5085342bae5.pt,48314.0,31341.484375,56398.0,44543.953125,6.0,5.965077877044678,19.0,16.37607765197754,85279.0,83170.1796875,85274.0,69231.421875
test,899,conv1d,conv1d/archive_3/7a9bd2a0-5adb-4472-a529-8003407ae3b2.pt,13622.0,22162.0078125,23267.0,31400.455078125,1.0,2.094848155975342,6.0,11.778295516967773,75265.0,69397.28125,75266.0,62683.51953125
test,917,conv1d,conv1d/archive_3/df0dc612-a890-445b-9073-5be3bf35dd8a.pt,12109.0,22343.759765625,18651.0,33112.0703125,1.0,2.093277931213379,10.5,13.109746932983398,36319.0,81995.5234375,36314.0,75447.234375
test,919,conv1d,conv1d/archive_3/e28af083-279c-4728-846a-678e6d7bb22f.pt,12249.0,23853.06640625,19967.0,38335.8828125,2.0,2.0177783966064453,3.5,16.102079391479492,114433.0,129158.65625,114434.0,124365.4296875
test,922,conv1d,conv1d/archive_3/ef35d294-89ef-47da-86cb-d957605c64ea.pt,32030.0,24906.751953125,49391.0,38980.32421875,5.0,2.1499063968658447,22.0,15.329721450805664,411730.0,128183.9609375,411725.0,118510.2421875
test,924,conv1d,conv1d/archive_4/01128dcc-6b66-45c7-a0e1-d9d109f813d3.pt,20434.0,18298.701171875,33789.0,34103.71875,0.0,0.0,6.5,14.459748268127441,501377.0,144431.09375,501378.0,144406.703125
test,926,conv1d,conv1d/archive_4/05082297-dd7d-4ca1-aab6-ee914f6721e0.pt,19471.0,28284.724609375,27005.0,37359.05859375,3.0,4.491389274597168,5.0,12.461634635925293,135937.0,63312.62109375,135938.0,53045.96875
test,942,conv1d,conv1d/archive_4/3375cb54-0deb-4187-9594-bd3c7cd8d03b.pt,19127.0,16363.54296875,30464.0,29843.83984375,0.0,0.0,25.0,13.79721450805664,662080.0,137342.484375,662076.0,147195.640625
test,951,conv1d,conv1d/archive_4/710883e5-9170-4f91-b626-b67ced91a3fc.pt,9889.0,15801.28125,14973.0,26309.23828125,0.0,0.0,7.5,11.271744728088379,107026.0,95529.3515625,107021.0,96068.9375
test,957,conv1d,conv1d/archive_4/a4e94a46-08df-49ef-a586-a3a56af160f8.pt,53293.0,31948.841796875,76241.0,44756.99609375,7.0,6.685672760009766,33.0,16.497127532958984,56769.0,66409.8515625,56770.0,51361.1484375
test,958,conv1d,conv1d/archive_4/a8bcd0b2-d8c3-407a-be63-5dc0e58e4d06.pt,25502.0,18694.1171875,43697.0,34350.88671875,0.0,0.0,21.5,14.522098541259766,172464.0,130458.25,172460.0,128975.625
test,979,conv2d,conv2d/archive_1/3bbaf020-b175-4605-a2b0-72afa319294a.pt,40838.0,31883.55078125,99167.0,65409.87109375,4.0,2.396306276321411,47.5,30.77365493774414,5718278.0,2622976.0,5718262.0,3321186.5
test,981,conv2d,conv2d/archive_1/3f18bf56-0827-4c9d-9732-8b84acf35b7e.pt,23695.0,34305.67578125,57789.0,65938.109375,4.0,4.871203899383545,24.5,32.672298431396484,672607.0,1157662.25,672602.0,1433314.5
test,983,conv2d,conv2d/archive_1/4a8852f6-e3bd-4fa4-8621-03eb844a9adb.pt,57200.0,35024.67578125,174970.0,65921.3828125,6.0,4.284904479980469,157.0,29.506628036499023,7210321.0,1833087.125,7210322.0,2226751.0
test,991,conv2d,conv2d/archive_1/c7e3cc32-3d80-43bf-8f4a-499e99ad26e5.pt,15962.0,22268.38671875,38366.0,50855.0703125,0.0,0.0,9.5,21.632558822631836,524223.0,494191.125,524218.0,590417.875
test,1001,conv2d,conv2d/archive_3/0dee8f31-23cc-4ade-8f8f-7392e5f8b02a.pt,30059.0,22707.220703125,43303.0,62736.1484375,0.0,0.0,18.0,28.416929244995117,1709526.0,1303967.75,1709527.0,1715891.625
test,1013,conv2d,conv2d/archive_3/5aeb5ea1-80ed-4fc9-ba99-bf5ec16837d4.pt,200010.0,34802.75,718271.0,55790.96875,66.0,5.661363124847412,284.0,21.4854736328125,1241296.0,489153.34375,1241291.0,511192.0625
test,1015,conv2d,conv2d/archive_3/63ab54a4-4b88-4b0f-a9b1-49881d75887a.pt,32385.0,31395.93359375,59197.0,55190.953125,1.0,3.358670711517334,16.0,22.467002868652344,175423.0,368557.65625,175424.0,342337.4375
test,1016,conv2d,conv2d/archive_3/6d63ea05-3a8a-4c82-86ac-340c3b591f84.pt,31213.0,35326.26171875,45943.0,55363.28515625,3.0,5.630102634429932,27.5,20.669139862060547,372409.0,415821.625,372410.0,394837.625
test,1026,conv2d,conv2d/archive_3/d7d87110-ebb4-4d29-ab8b-083e9566ca37.pt,24617.0,31434.462890625,55067.0,50795.7890625,2.0,2.9493091106414795,17.5,18.03835678100586,1311313.0,616690.8125,1311314.0,612758.25
test,1033,conv2d,conv2d/archive_4/38f47c2b-0eb1-45b2-bc5b-2838a5b7e752.pt,10442.0,23904.4453125,22578.0,51579.78515625,0.0,0.0,6.5,19.020782470703125,521551.0,516865.78125,521552.0,566502.3125
test,1043,conv2d,conv2d/archive_4/957f4b2f-281a-4361-88c4-a1cfefa780fe.pt,20162.0,23867.8125,29084.0,57666.171875,0.0,0.0,16.5,22.444923400878906,1631106.0,923316.375,1631107.0,1074473.75
test,1050,conv2d,conv2d/archive_4/ee3c4ae3-2164-4ac0-bcff-177130994af6.pt,36135.0,22965.43359375,68653.0,64512.1328125,0.0,0.0,18.5,29.583560943603516,14973166.0,1990214.875,14973161.0,2698637.75
test,1063,dense_latency,dense_latency/archive_1/16e51304-7de9-4fd9-9d2c-2f48c1c4cd2e.pt,111346.0,100028.5390625,31586.0,33591.8203125,7065.0,1668.681640625,0.0,0.0,13.0,28.421796798706055,1.0,1.5087916851043701
test,1071,dense_latency,dense_latency/archive_1/4325e22a-7bf5-466c-8183-1e5d2d85e4ae.pt,100986.0,83805.875,21215.0,19411.3515625,0.0,0.0,0.0,0.0,18.0,28.197805404663086,2.0,2.866098403930664
test,1081,dense_latency,dense_latency/archive_1/61e64dcb-4e3d-4410-88e3-2e494e292c5b.pt,289400.0,137093.0625,179308.0,82098.03125,237.0,86.68062591552734,0.0,0.0,170.0,194.8391571044922,38.0,29.735157012939453
test,1084,dense_latency,dense_latency/archive_1/70e760e8-e3c0-402f-a5ba-4876fa9c460c.pt,360749.0,250161.9375,326020.0,239381.171875,279.0,186.78016662597656,0.0,0.0,731.0,823.6858520507812,93.0,135.4261474609375
test,1089,dense_latency,dense_latency/archive_1/7766208b-d8e9-4390-8311-3a01b04b6115.pt,136537.0,138035.15625,91642.0,87430.0546875,74.0,75.8206558227539,0.0,0.0,375.0,276.2773132324219,50.0,42.54377365112305
test,1090,dense_latency,dense_latency/archive_1/777e4ee2-ce18-47a2-9f62-0061ca24e3b7.pt,213557.0,93191.171875,45661.0,27565.5546875,689.0,667.33935546875,0.0,0.0,20.0,16.894609451293945,1.0,0.3781324326992035
test,1091,dense_latency,dense_latency/archive_1/7bb9a774-9792-4539-b976-d6b1b2a46fe4.pt,95436.0,80457.6640625,18796.0,17720.49609375,0.0,0.0,0.0,0.0,21.0,33.97945785522461,2.0,4.234086990356445
test,1096,dense_latency,dense_latency/archive_1/87cc04e1-24d9-48e9-99d9-a4d1cc1907d9.pt,10792.0,46599.73046875,2741.0,12733.9384765625,0.0,0.0,0.0,0.0,13.0,33.27035903930664,2.0,5.815847873687744
test,1099,dense_latency,dense_latency/archive_1/a16f76eb-446f-48ed-ba0d-9471cdce0bc5.pt,47762.0,68863.5859375,10142.0,15627.9521484375,0.0,0.0,0.0,0.0,13.0,27.882266998291016,2.0,3.4945147037506104
test,1105,dense_latency,dense_latency/archive_1/c3eb7dbd-6363-473b-bbf4-15ba765437b9.pt,55275.0,93316.390625,5524.0,32695.71875,4517.0,1252.1768798828125,0.0,0.0,10.0,30.994491577148438,1.0,2.0509986877441406
test,1106,dense_latency,dense_latency/archive_1/c4bf7d33-025d-449e-a839-c5e10c2f4438.pt,77021.0,86102.7265625,17223.0,20094.779296875,0.0,0.0,0.0,0.0,26.0,31.629695892333984,2.0,3.232348918914795
test,1110,dense_latency,dense_latency/archive_1/d8d26a1e-5908-4c54-b96b-718ace33552c.pt,592118.0,266809.5625,558525.0,255218.84375,337.0,211.93362426757812,0.0,0.0,726.0,810.76904296875,95.0,125.71643829345703
test,1112,dense_latency,dense_latency/archive_1/dd85badd-94ca-4169-802a-d7af9c51156c.pt,76412.0,80768.1015625,16693.0,18343.22265625,0.0,0.0,0.0,0.0,24.0,33.69941711425781,2.0,3.938561201095581
test,1117,dense_latency,dense_latency/archive_1/f7736eb2-b054-42b3-b4a7-c0c273cb49b5.pt,153903.0,196860.765625,141865.0,180225.0,163.0,134.6193389892578,0.0,0.0,483.0,695.424560546875,90.0,127.33870697021484
test,1120,dense_latency,dense_latency/archive_1/fc104bca-438b-44ec-94c3-56102fe6a07c.pt,27817.0,64794.65234375,7206.0,15089.2373046875,0.0,0.0,0.0,0.0,18.0,28.35608673095703,3.0,3.7882566452026367
test,1123,dense_latency,dense_latency/archive_2/0dabb4ae-b0c5-4f3f-a84d-3a5d566b255c.pt,256926.0,261300.609375,225180.0,226115.5625,476.0,259.0447998046875,0.0,0.0,254.0,542.6605224609375,32.0,82.0378646850586
test,1127,dense_latency,dense_latency/archive_2/1ad6ae8f-0ebc-4220-9103-11fa1f6d3ed2.pt,30223.0,64402.28125,6887.0,14961.4267578125,0.0,0.0,0.0,0.0,15.0,29.036989212036133,3.0,4.1154632568359375
test,1130,dense_latency,dense_latency/archive_2/2205f54b-dc20-4fd0-a6f2-41c5eb908c76.pt,43780.0,98378.78125,6898.0,34428.421875,3242.0,1446.81396484375,0.0,0.0,13.0,31.493328094482422,1.0,1.957504391670227
test,1132,dense_latency,dense_latency/archive_2/27a5a38a-ef05-4e2e-94ad-7cfbdda203bd.pt,332036.0,100805.7734375,76857.0,27304.06640625,4476.0,979.6129760742188,0.0,0.0,21.0,13.710779190063477,1.0,0.1291823834180832
test,1147,dense_latency,dense_latency/archive_2/60b4242d-9f39-46bb-b95c-9e0ef3f57629.pt,60711.0,102586.09375,13057.0,35309.7578125,3860.0,1731.219970703125,0.0,0.0,16.0,31.608217239379883,1.0,1.7594144344329834
test,1158,dense_latency,dense_latency/archive_2/86ae87ef-364a-46a8-bc0b-509bb4dad66c.pt,73140.0,152980.1875,64872.0,129090.6796875,96.0,105.454833984375,0.0,0.0,245.0,524.3936157226562,64.0,107.41293334960938
test,1160,dense_latency,dense_latency/archive_2/89c9b340-063b-4cd2-a23c-85b131415035.pt,44728.0,46112.85546875,9217.0,9378.4150390625,0.0,0.0,0.0,0.0,13.0,9.749849319458008,1.0,0.0
test,1169,dense_latency,dense_latency/archive_2/b353ae35-92a2-4d68-b8e6-23f5d0639450.pt,372772.0,260363.828125,312335.0,219941.5625,629.0,268.17626953125,0.0,0.0,227.0,471.124755859375,32.0,68.48330688476562
test,1170,dense_latency,dense_latency/archive_2/b7f1ecfa-28aa-472c-b57f-d289894fd824.pt,324300.0,189534.265625,303457.0,165604.15625,231.0,136.4085235595703,0.0,0.0,368.0,558.35595703125,95.0,101.89950561523438
test,1174,dense_latency,dense_latency/archive_2/c91c98af-711f-4ffd-bc4a-04c2b17b8030.pt,419958.0,247138.0625,379574.0,229852.125,418.0,201.1522216796875,0.0,0.0,496.0,711.616943359375,64.0,114.2734146118164
test,1189,dense_latency,dense_latency/archive_2/f8d29a54-99a1-44ed-90b6-df6c4e96a710.pt,179447.0,168112.140625,162102.0,144425.296875,154.0,113.47882080078125,0.0,0.0,321.0,532.9880981445312,94.0,105.8150405883789
test,1210,dense_latency,dense_latency/archive_3/384cb427-12c5-435b-99ec-b5f2f583ac85.pt,324221.0,191538.15625,299533.0,163533.28125,227.0,149.1490020751953,0.0,0.0,252.0,490.92657470703125,64.0,86.66629028320312
test,1221,dense_latency,dense_latency/archive_3/67083295-7970-4ba4-91c9-e7e19d374787.pt,160367.0,177747.5625,145327.0,151643.984375,154.0,128.58387756347656,0.0,0.0,249.0,515.1864624023438,64.0,98.09579467773438
test,1222,dense_latency,dense_latency/archive_3/689c2400-5bd1-4c0d-b855-3f218a468546.pt,363674.0,164728.53125,240678.0,99803.375,268.0,96.31594848632812,0.0,0.0,338.0,261.81396484375,53.0,39.08958435058594
test,1233,dense_latency,dense_latency/archive_3/8cafb42c-79c2-426d-9177-ef015f498188.pt,156607.0,113494.859375,106181.0,66654.7109375,32.0,70.47758483886719,0.0,0.0,129.0,165.6320343017578,34.0,25.82032012939453
test,1238,dense_latency,dense_latency/archive_3/9bdde29f-91ec-4b64-9214-5466930df099.pt,242184.0,257572.8125,222418.0,224565.90625,417.0,251.40150451660156,0.0,0.0,255.0,540.0513916015625,32.0,79.38219451904297
test,1240,dense_latency,dense_latency/archive_3/9cf44455-22be-4b10-9851-1b9aaaaa3d2d.pt,114544.0,89081.984375,24324.0,19244.76953125,0.0,0.0,0.0,0.0,23.0,34.1634635925293,2.0,3.9977879524230957
test,1241,dense_latency,dense_latency/archive_3/a02e0246-9ce3-4c41-8b88-a592f528e17a.pt,58468.0,59774.26953125,13264.0,11348.3095703125,0.0,0.0,0.0,0.0,23.0,9.521198272705078,1.0,0.0
test,1246,dense_latency,dense_latency/archive_3/b94cb66c-8ed1-4eb0-90f5-796b4b749e8c.pt,96393.0,54361.453125,19888.0,10373.474609375,0.0,0.0,0.0,0.0,17.0,9.164517402648926,1.0,0.0
test,1247,dense_latency,dense_latency/archive_3/ba755c1f-e34a-4291-9237-ad5f1195fdc2.pt,297897.0,218114.890625,240212.0,175847.53125,585.0,223.93673706054688,0.0,0.0,163.0,383.5579833984375,32.0,61.1898193359375
test,1251,dense_latency,dense_latency/archive_3/c5584439-a7f5-49cb-a95c-3529d25692d4.pt,246630.0,211655.53125,195857.0,172678.34375,413.0,206.68072509765625,0.0,0.0,164.0,410.4076843261719,32.0,66.9814224243164
test,1252,dense_latency,dense_latency/archive_3/c58ce5f8-2396-45d7-b9df-a546fd57b27f.pt,192880.0,164412.28125,113651.0,101810.5703125,420.0,117.33612060546875,0.0,0.0,149.0,226.70285034179688,20.0,32.498802185058594
test,1255,dense_latency,dense_latency/archive_3/d5223328-d519-4361-be89-a8306066a0a5.pt,148258.0,87960.7109375,30304.0,19391.6640625,0.0,0.0,0.0,0.0,16.0,31.28346061706543,2.0,3.443009853363037
test,1260,dense_latency,dense_latency/archive_3/e5fb8228-fee2-402f-8e51-092cebb0d68f.pt,55888.0,68937.1796875,12228.0,15445.162109375,0.0,0.0,0.0,0.0,16.0,28.13802719116211,2.0,3.729318141937256
test,1267,dense_latency,dense_latency/archive_3/fe6bef32-0225-4046-bcf6-888cb82b7d41.pt,88575.0,77577.125,19841.0,17941.537109375,0.0,0.0,0.0,0.0,17.0,24.710994720458984,3.0,2.625122308731079
test,1276,dense_latency,dense_latency/archive_4/153109f7-21cf-4526-92c2-d966688b0219.pt,88848.0,195591.984375,84647.0,166546.21875,278.0,170.69390869140625,0.0,0.0,189.0,494.97821044921875,32.0,84.50603485107422
test,1277,dense_latency,dense_latency/archive_4/15af50fe-1cda-4014-a76b-8eaccc9b9eea.pt,194014.0,198018.78125,171241.0,174194.59375,226.0,147.8142547607422,0.0,0.0,314.0,586.8338623046875,64.0,105.6856460571289
test,1282,dense_latency,dense_latency/archive_4/36ded062-de09-4ccc-b708-0eef6262530b.pt,92002.0,96844.03125,8722.0,32158.42578125,8115.0,1538.1629638671875,0.0,0.0,9.0,26.276487350463867,1.0,1.5267713069915771
test,1287,dense_latency,dense_latency/archive_4/4bcf3d62-d610-46e7-9ae1-524b1d8c6bbc.pt,348347.0,176854.9375,220415.0,112422.984375,172.0,108.23749542236328,0.0,0.0,270.0,276.8244323730469,35.0,37.826637268066406
test,1289,dense_latency,dense_latency/archive_4/4f07cf09-d712-4ceb-9fcb-52c45bc4d1cc.pt,96260.0,56632.6640625,19972.0,10666.73046875,0.0,0.0,0.0,0.0,21.0,9.467430114746094,1.0,0.0
test,1291,dense_latency,dense_latency/archive_4/5381b722-522d-4448-946c-ca91317da97e.pt,21156.0,64789.03125,3783.0,16122.115234375,0.0,0.0,0.0,0.0,16.0,31.209699630737305,2.0,4.146798133850098
test,1312,dense_latency,dense_latency/archive_4/9c74343d-9e29-4c36-bfc8-0cce69068fe4.pt,385096.0,181941.921875,251971.0,113011.84375,240.0,111.89569091796875,0.0,0.0,272.0,268.58294677734375,36.0,36.23716735839844
test,1314,dense_latency,dense_latency/archive_4/a2f76092-966a-406c-852d-ab73d9713457.pt,110036.0,96010.2265625,39931.0,33206.18359375,6550.0,1346.4251708984375,0.0,0.0,10.0,29.10382080078125,1.0,1.7793095111846924
test,1315,dense_latency,dense_latency/archive_4/a3238af5-b80b-474b-88e0-02f68a61affa.pt,174120.0,150435.03125,122440.0,94007.9375,54.0,83.49954223632812,0.0,0.0,370.0,285.75262451171875,50.0,40.81950759887695
test,1317,dense_latency,dense_latency/archive_4/acb52788-5d13-4ae2-9005-2b21e56c5752.pt,89085.0,79094.3203125,20334.0,17837.23828125,0.0,0.0,0.0,0.0,17.0,27.6881160736084,2.0,3.311176061630249
test,1330,dense_latency,dense_latency/archive_4/d4fd6441-4e9c-4adf-a1a1-71018c2543d5.pt,297716.0,254051.03125,243147.0,213984.09375,553.0,262.2037353515625,0.0,0.0,223.0,479.8863830566406,32.0,72.55109405517578
test,1334,dense_latency,dense_latency/archive_4/de113925-04dd-418f-9f74-7df76d9fd168.pt,206374.0,132865.875,141637.0,79521.9609375,21.0,83.06321716308594,0.0,0.0,165.0,193.40353393554688,34.0,28.217824935913086
test,1338,dense_latency,dense_latency/archive_4/eb5aa7ed-d99d-442a-b132-f8cd52d23d74.pt,292097.0,146858.984375,184401.0,88125.7890625,141.0,93.93144226074219,0.0,0.0,165.0,198.51983642578125,34.0,29.978313446044922
test,1344,dense_latency,dense_latency/archive_4/fc077044-0a65-4a54-9331-c22d89bc894d.pt,159485.0,176236.359375,146959.0,150623.375,191.0,127.12915802001953,0.0,0.0,251.0,510.949951171875,64.0,95.8060073852539
test,1363,dense_resource,dense_resource/archive_1/420d552f-1af1-4c78-9f42-27e07f3e0308.pt,48160.0,41463.390625,66777.0,60775.66796875,0.0,0.0,8.0,8.807244300842285,6375.0,5362.70361328125,1024.0,1053.505615234375
test,1366,dense_resource,dense_resource/archive_1/51ee691c-fc3e-4344-b26f-c6ede458e30a.pt,53940.0,41430.78125,78333.0,60734.53125,0.0,0.0,8.0,8.795796394348145,6212.0,5357.80029296875,1024.0,1052.89892578125
test,1377,dense_resource,dense_resource/archive_1/84aee444-abc3-4b80-a992-0a2f895f8ff8.pt,63324.0,50094.2734375,83015.0,77250.0703125,20.0,7.9280500411987305,11.0,12.47268009185791,7820.0,6153.3505859375,1024.0,1091.613037109375
test,1386,dense_resource,dense_resource/archive_1/a6570df3-719e-4db4-9750-b3ac3b7b999f.pt,79397.0,172220.5,31531.0,77905.3515625,844.0,362.849365234375,0.0,0.0,91.0,265.52545166015625,64.0,36.92561721801758
test,1389,dense_resource,dense_resource/archive_1/b02245d7-4c51-4718-8119-88b8af7948e0.pt,74779.0,72854.4609375,94190.0,92215.5,42.0,23.30633544921875,23.5,17.626768112182617,4773.0,4812.4521484375,1024.0,921.7930297851562
test,1393,dense_resource,dense_resource/archive_1/cccd1536-edbc-42ca-b615-841872d98b81.pt,25707.0,41626.94921875,34732.0,47416.9453125,2.0,7.019937515258789,4.5,7.410355091094971,2202.0,4569.29443359375,512.0,926.9738159179688
test,1395,dense_resource,dense_resource/archive_1/dc9570ca-cbb7-4de5-b079-cc6cb2340763.pt,68425.0,50339.86328125,95090.0,69160.484375,4.0,8.700224876403809,14.5,10.469154357910156,5342.0,4884.54296875,1024.0,943.0770874023438
test,1402,dense_resource,dense_resource/archive_1/f8404942-926e-4a43-b971-da3cc743f93c.pt,41261.0,41328.765625,54943.0,57979.671875,0.0,0.0,7.5,8.584905624389648,3816.0,4957.0419921875,512.0,1013.1777954101562
test,1412,dense_resource,dense_resource/archive_2/1e3d358c-cd3b-4686-a00b-a416bf0c840f.pt,63995.0,80667.875,81567.0,104583.703125,39.0,30.894508361816406,13.5,22.142873764038086,3720.0,4953.57275390625,512.0,938.508544921875
test,1413,dense_resource,dense_resource/archive_2/21428f86-33ad-4ebc-9ab1-748f2da43d6c.pt,70125.0,61447.1796875,85317.0,83625.0390625,38.0,14.84171199798584,14.5,14.620878219604492,3654.0,4310.70263671875,512.0,834.1497802734375
test,1415,dense_resource,dense_resource/archive_2/30d22924-7147-4f00-94ce-ce7a59518c23.pt,67142.0,47469.4296875,102151.0,69153.4921875,0.0,0.0,12.0,10.985737800598145,7462.0,5179.33349609375,1024.0,1019.26513671875
test,1421,dense_resource,dense_resource/archive_2/450f2622-632b-4946-9f5a-ef0bfd7aa4b8.pt,36706.0,59690.359375,43716.0,73553.8515625,15.0,15.137928009033203,10.0,13.646686553955078,4685.0,5269.38916015625,1024.0,977.802734375
test,1424,dense_resource,dense_resource/archive_2/538f328e-21a3-448f-8f27-a223a2f5d3e8.pt,293601.0,142081.0,90612.0,43429.90234375,0.0,0.0,0.0,0.0,159.0,122.15998077392578,128.0,29.143409729003906
test,1430,dense_resource,dense_resource/archive_2/650196ad-cdbb-45fa-86ef-a6b8bfe11e45.pt,66616.0,52875.6015625,98467.0,71752.921875,0.0,0.0,10.0,12.358159065246582,4465.0,4293.40576171875,512.0,813.8607177734375
test,1433,dense_resource,dense_resource/archive_2/8d9a1922-e704-4100-beec-ce44ff32a60a.pt,48730.0,56408.48046875,72651.0,74105.65625,25.0,12.323575019836426,11.0,12.412493705749512,2864.0,4316.97802734375,512.0,855.5751953125
test,1455,dense_resource,dense_resource/archive_3/0adfecee-a185-4930-b01a-59f8441724dc.pt,12684.0,33637.6953125,18189.0,41363.38671875,0.0,0.0,3.5,5.691805362701416,1702.0,5340.5087890625,512.0,1176.57421875
test,1468,dense_resource,dense_resource/archive_3/3d06cf4d-8b4e-4524-b0a8-262cc79dde5a.pt,36498.0,36332.7578125,49831.0,50999.7578125,0.0,0.0,5.5,6.921106815338135,5216.0,5304.9892578125,1024.0,1057.758544921875
test,1469,dense_resource,dense_resource/archive_3/426328fd-523a-4227-b143-f7e658889514.pt,51786.0,217317.1875,35189.0,114467.953125,3992.0,846.2257690429688,0.0,0.0,116.0,375.456787109375,64.0,33.61906433105469
test,1471,dense_resource,dense_resource/archive_3/4e2815db-5a28-41e9-8cfb-91cd73df0b11.pt,78723.0,55888.84765625,121324.0,88214.5,22.0,9.613791465759277,16.0,14.083545684814453,8446.0,5714.2333984375,1024.0,1031.0889892578125
test,1472,dense_resource,dense_resource/archive_3/51797543-2176-45df-b553-44507e9154e5.pt,76034.0,48696.71875,108032.0,73716.0,0.0,0.0,12.5,11.920981407165527,8301.0,5353.04443359375,1024.0,1039.099853515625
test,1481,dense_resource,dense_resource/archive_3/711e93cd-511e-4756-9b93-ae71a6b8271e.pt,55881.0,48465.84375,75488.0,71974.703125,3.0,7.563803195953369,9.5,11.515558242797852,7369.0,5970.9853515625,1024.0,1075.0706787109375
test,1485,dense_resource,dense_resource/archive_3/8b7348d6-554c-45b9-87c3-c65a9a22b926.pt,74934.0,45296.85546875,110935.0,68504.109375,0.0,0.0,10.5,10.707340240478516,8235.0,5176.9775390625,1024.0,1022.1200561523438
test,1487,dense_resource,dense_resource/archive_3/99473309-3d9b-4bac-900a-ee4b46a0b522.pt,57956.0,59300.21484375,80218.0,80359.890625,18.0,13.867236137390137,12.5,14.10197639465332,3782.0,4421.42919921875,512.0,863.0445556640625
test,1490,dense_resource,dense_resource/archive_3/b748069e-67f0-493d-80d0-209353429744.pt,61176.0,48439.64453125,70990.0,71831.390625,6.0,7.544204235076904,8.0,11.477005958557129,5096.0,5966.0439453125,1024.0,1074.341796875
test,1499,dense_resource,dense_resource/archive_3/dd0cc135-42f2-4392-bde5-506bac3b1b21.pt,28248.0,46220.5078125,36044.0,53677.2578125,10.0,8.964407920837402,6.5,8.568164825439453,2707.0,4958.57421875,1024.0,946.04248046875
test,1508,dense_resource,dense_resource/archive_4/087f031a-8321-43ef-80d2-7caae4ac6983.pt,44777.0,51511.796875,52166.0,57564.68359375,11.0,11.177745819091797,7.5,10.513299942016602,4152.0,5255.048828125,1024.0,989.7902221679688
test,1516,dense_resource,dense_resource/archive_4/48890e95-d651-4944-b5fa-de8ebefb583d.pt,39438.0,42491.890625,52778.0,55250.83203125,6.0,5.741303443908691,5.5,8.502294540405273,4831.0,5838.16015625,1024.0,1069.8099365234375
test,1519,dense_resource,dense_resource/archive_4/567a8d26-0155-4b47-989b-f79ccf3b90d3.pt,98427.0,76877.234375,130369.0,100879.0546875,32.0,20.41275405883789,22.5,19.41764259338379,3815.0,3740.7626953125,512.0,686.5345458984375
test,1529,dense_resource,dense_resource/archive_4/7b0fcb53-c9ad-4d6a-9f21-7670f881d26a.pt,635766.0,244938.328125,150914.0,119463.65625,12142.0,1248.9947509765625,0.0,0.0,41.0,313.67388916015625,11.0,24.966787338256836
test,1531,dense_resource,dense_resource/archive_4/849b3a99-d7de-4194-ad7f-d34808c4fcd0.pt,435882.0,226981.515625,160762.0,89967.1796875,9439.0,638.6000366210938,0.0,0.0,66.0,215.24435424804688,32.0,28.513389587402344
test,1533,dense_resource,dense_resource/archive_4/8debd97a-bde5-42b1-93ed-9c833fd6ba45.pt,71506.0,86571.7265625,100663.0,112806.828125,58.0,35.20246124267578,18.0,24.207231521606445,3751.0,4832.171875,512.0,922.5462036132812
test,1538,dense_resource,dense_resource/archive_4/96462bb2-db31-4199-b1c3-89935e1aa544.pt,154969.0,139768.46875,56067.0,45300.5703125,0.0,0.0,0.0,0.0,31.0,164.14767456054688,4.0,37.55823516845703
test,1541,dense_resource,dense_resource/archive_4/af7ad561-9a50-4a94-b1e0-5bfbd976e1e4.pt,30382.0,39999.08203125,40535.0,47165.234375,5.0,5.493422031402588,5.5,7.122750759124756,4135.0,5362.53466796875,1024.0,1043.6358642578125
test,1551,rule4ml,rule4ml/archive_1/037fc21461f5f182fb4b02c9497faae1.pt,45614.0,82909.3125,19870.0,10223.16796875,304.0,324.24859619140625,38.0,19.36118507385254,321.0,377.032958984375,8.0,7.150887966156006
test,1554,rule4ml,rule4ml/archive_1/06c168b45dc8eaa94acbd977714bcbbe.pt,5299.0,6432.9033203125,3049.0,2260.148193359375,62.0,92.12393188476562,64.5,27.514760971069336,1134.0,335.2950439453125,2.0,3.488753318786621
test,1557,rule4ml,rule4ml/archive_1/0ee4c8dcd8015f1b089d2ca174605fab.pt,1361.0,3381.12939453125,79.0,1355.8875732421875,16.0,78.33732604980469,16.0,16.60439109802246,53.0,427.3323059082031,1.0,3.5427958965301514
test,1559,rule4ml,rule4ml/archive_1/185abbf195c85cb50f2e2f3698494035.pt,138079.0,129839.265625,110716.0,85307.1171875,220.0,186.04852294921875,227.5,45.8055419921875,1503.0,990.944580078125,55.0,61.462467193603516
test,1561,rule4ml,rule4ml/archive_1/2084ff9e1c3f7347ba0aea77dc91149a.pt,32444.0,25991.830078125,384.0,5115.9296875,4.0,59.52309036254883,131.0,27.01445198059082,469.0,404.0116271972656,1.0,4.713265419006348
test,1562,rule4ml,rule4ml/archive_1/216f00238b09a3abf19c0eea1e8cf8c6.pt,459727.0,150232.734375,157915.0,80210.734375,220.0,336.1169128417969,4.5,31.067331314086914,1139.0,511.9440002441406,20.0,19.575851440429688
test,1572,rule4ml,rule4ml/archive_1/3219ffd8661622e8c83c7ceec7993204.pt,19634.0,48649.08984375,2173.0,17524.728515625,0.0,0.0,0.0,0.0,1246.0,455.5206298828125,1.0,14.0669584274292
test,1575,rule4ml,rule4ml/archive_1/3bdfe2f8b21e2434dc6258e8e7ae38be.pt,2779.0,8088.6025390625,2116.0,6608.490234375,37.0,56.70881271362305,0.0,12.758334159851074,132.0,812.1001586914062,17.0,58.63521957397461
test,1579,rule4ml,rule4ml/archive_1/466d99f5bafd16bc2656bb493e26d3a3.pt,63269.0,57520.34375,20395.0,27567.84375,128.0,95.50992584228516,13.0,38.235076904296875,309.0,629.3190307617188,5.0,20.612667083740234
test,1592,rule4ml,rule4ml/archive_1/72287c9cac676de50d6937c1591c013c.pt,90974.0,14633.7919921875,43278.0,16452.208984375,220.0,71.80767059326172,6.0,22.436960220336914,1175.0,1079.0567626953125,393.0,93.9180908203125
test,1600,rule4ml,rule4ml/archive_1/8d2cdad9082523fa3ea68740ce1050fe.pt,51924.0,51681.46484375,20971.0,22192.5703125,295.0,67.51296997070312,9.5,52.70285415649414,590.0,796.1126098632812,131.0,27.231822967529297
test,1612,rule4ml,rule4ml/archive_1/b00aea7a22b1f54c6cfb728ea20d9048.pt,14556.0,71719.609375,14308.0,28493.8515625,352.0,251.90786743164062,24.0,33.38864517211914,195.0,590.836669921875,4.0,21.06859588623047
test,1613,rule4ml,rule4ml/archive_1/b46ba552ba805cad9fe028c9b2beb67b.pt,110592.0,100284.046875,80900.0,24906.6796875,220.0,143.33892822265625,212.0,128.37155151367188,1429.0,526.05322265625,131.0,7.566065788269043
test,1614,rule4ml,rule4ml/archive_1/b7f8ba9933ca67bf4e89522e4957ce7d.pt,7129.0,11695.716796875,6713.0,14285.38671875,16.0,81.98898315429688,41.0,26.71346664428711,921.0,1152.8868408203125,64.0,90.31243896484375
test,1618,rule4ml,rule4ml/archive_1/c26968f68714ae3b753593e66c7a2d4c.pt,12002.0,22862.810546875,470.0,534.3031005859375,0.0,0.0,18.0,14.940704345703125,142.0,338.15557861328125,3.0,5.425894260406494
test,1620,rule4ml,rule4ml/archive_1/c63e2a6582295344fbe9e1c6ece8e0a0.pt,727.0,1623.2791748046875,131.0,251.0830078125,14.0,77.49542999267578,5.0,7.23451566696167,403.0,337.2554931640625,1.0,1.308327078819275
test,1641,rule4ml,rule4ml/archive_1/e76bf57773bcf57b1f19da562e9ff10b.pt,9451.0,21120.080078125,7408.0,21803.5078125,32.0,179.62887573242188,26.0,52.8479118347168,283.0,666.15966796875,8.0,33.516143798828125
test,1643,rule4ml,rule4ml/archive_1/ecf7f5a60f0ef8948e0f8b3c91eab2f1.pt,28241.0,23025.98828125,26303.0,28873.84765625,292.0,176.78948974609375,72.5,60.69953155517578,1596.0,1264.448974609375,128.0,104.13721466064453
test,1646,rule4ml,rule4ml/archive_1/eea79f2ee33e9eba8e086cce0a1f286d.pt,18418.0,8004.20556640625,17414.0,8449.5390625,0.0,0.0,54.5,27.408170700073242,800.0,556.6121826171875,8.0,14.897178649902344
test,1650,rule4ml,rule4ml/archive_1/f6d8bf0745d1fb17117a04ab71839702.pt,657.0,4343.9560546875,34.0,548.480224609375,0.0,0.0,0.0,0.0,71.0,69.92414855957031,1.0,1.669268250465393
test,1654,rule4ml,rule4ml/archive_2/0bf0bfeb622a31a1501e5c6366dfd796.pt,80858.0,97769.984375,73528.0,76794.578125,44.0,193.50888061523438,155.5,121.64368438720703,1409.0,1047.9434814453125,64.0,71.21427917480469
test,1658,rule4ml,rule4ml/archive_2/13132e1b5c320351b094a5efc7ff36c1.pt,201370.0,260223.078125,166082.0,140967.375,1814.0,1220.7119140625,153.0,222.20755004882812,608.0,905.7574462890625,8.0,55.90058135986328
test,1660,rule4ml,rule4ml/archive_2/1b88ac7e24253f5b3e353fcddaf1f662.pt,120049.0,189112.5,128160.0,83630.703125,4904.0,1092.208251953125,134.5,74.16480255126953,318.0,634.8357543945312,2.0,25.516754150390625
test,1666,rule4ml,rule4ml/archive_2/2f9cc1567c439b49764fbb077a79be8f.pt,208164.0,154793.53125,50351.0,81276.2265625,4.0,266.6507873535156,38.5,219.75526428222656,271.0,629.7264404296875,4.0,17.175256729125977
test,1698,rule4ml,rule4ml/archive_2/90af6814f2d9e83b1dfadf3f34e10b66.pt,33707.0,26619.42578125,1142.0,894.70166015625,0.0,0.0,32.0,12.592848777770996,154.0,284.5423583984375,1.0,5.441337585449219
test,1707,rule4ml,rule4ml/archive_2/9ec01dc72e4c1c37aaa0bf44dc893f8a.pt,191837.0,172886.96875,97020.0,97761.21875,220.0,764.6865234375,48.5,108.35820007324219,537.0,1027.177490234375,16.0,82.54998779296875
test,1717,rule4ml,rule4ml/archive_2/bd5548e90a3ec8de981c3cb0530b5ae2.pt,49710.0,52427.3984375,6365.0,10448.263671875,64.0,67.94944763183594,23.0,50.3698844909668,1105.0,474.6595764160156,9.0,9.598302841186523
test,1718,rule4ml,rule4ml/archive_2/bd56911d8db491293bb34d2850d4b2d3.pt,121757.0,121446.484375,32634.0,71559.8046875,76.0,206.9705810546875,101.5,145.32760620117188,314.0,682.8627319335938,4.0,23.382247924804688
test,1757,rule4ml,rule4ml/archive_3/1c29f9266b396141408469049d75c8f2.pt,5.0,1152.1888427734375,6.0,18.271167755126953,0.0,0.0,0.0,8.937314987182617,1043.0,278.3782043457031,1.0,0.5340945720672607
test,1759,rule4ml,rule4ml/archive_3/1edc30fd6622623a89f5fda4dd11ebfe.pt,42776.0,63334.05859375,45742.0,29782.623046875,181.0,139.08258056640625,83.0,30.78825569152832,412.0,742.682861328125,40.0,36.17237091064453
test,1760,rule4ml,rule4ml/archive_3/21c3a4f2724d539a5b374e7547f9f313.pt,10097.0,30202.609375,6073.0,14991.55078125,0.0,0.0,14.0,29.749156951904297,159.0,657.443115234375,8.0,21.958335876464844
test,1761,rule4ml,rule4ml/archive_3/21c90068f0dffca11fa298c7f994dc8e.pt,488012.0,125972.859375,114667.0,69508.7578125,220.0,289.9859619140625,11.5,32.3882942199707,3020.0,663.9044189453125,962.0,26.390968322753906
test,1762,rule4ml,rule4ml/archive_3/25da25e7068fe20631b338579576ad40.pt,216783.0,127996.453125,135231.0,82739.890625,1162.0,193.7175750732422,10.0,43.720489501953125,3033.0,924.8302001953125,978.0,55.00260925292969
test,1763,rule4ml,rule4ml/archive_3/260fafadf39d0ec006d93ca93b77f5a6.pt,31480.0,26752.353515625,2892.0,10296.048828125,16.0,47.02186584472656,33.0,19.220157623291016,173.0,509.2444763183594,4.0,14.31898021697998
test,1764,rule4ml,rule4ml/archive_3/28b3efaa5e7a4539ed294b76f1972bfd.pt,28350.0,101541.1015625,29827.0,42878.78515625,944.0,386.7129211425781,12.0,49.845497131347656,164.0,595.4844360351562,4.0,20.82762908935547
test,1768,rule4ml,rule4ml/archive_3/2d3bf7dd79e86541e033b67df6595805.pt,94256.0,73170.8671875,38429.0,10024.4296875,149.0,162.34146118164062,28.5,15.093810081481934,671.0,592.2660522460938,28.0,18.869768142700195
test,1771,rule4ml,rule4ml/archive_3/32f5263cb2d5718fcffc2cc2a52dbd6b.pt,27280.0,11247.9775390625,259.0,186.8900604248047,0.0,0.0,23.5,14.316624641418457,164.0,338.76629638671875,1.0,1.6721590757369995
test,1776,rule4ml,rule4ml/archive_3/3b4a2eeffa1a0bbf553f4a9831fe105a.pt,7796.0,21039.060546875,2721.0,512.216064453125,0.0,0.0,1.0,14.107227325439453,539.0,307.412353515625,4.0,4.516921043395996
test,1786,rule4ml,rule4ml/archive_3/4e566ce04c16e75d4f6d6e76474c2b03.pt,32792.0,22931.48828125,31218.0,29140.53125,16.0,178.5574188232422,242.0,61.802093505859375,968.0,1300.341796875,32.0,106.07475280761719
test,1791,rule4ml,rule4ml/archive_3/58e6e657e9b7e1346033523402c72911.pt,303018.0,155768.984375,181273.0,76019.625,220.0,694.9810791015625,197.0,61.459815979003906,685.0,653.2303466796875,8.0,28.161460876464844
test,1812,rule4ml,rule4ml/archive_3/966e50713000ee3b08ff128a6c5274b4.pt,57597.0,12357.8623046875,48729.0,15956.9658203125,1024.0,83.88812255859375,4.5,27.28044891357422,3241.0,1190.70849609375,900.0,100.78656005859375
test,1817,rule4ml,rule4ml/archive_3/a1ed438b788ebb7aa9872e6ef999c1f6.pt,21927.0,21923.92578125,11982.0,292.8731994628906,0.0,0.0,9.0,22.18387222290039,160.0,317.2916259765625,1.0,1.00839364528656
test,1822,rule4ml,rule4ml/archive_3/b1358f2811672ae9199bcb77fb6c90b4.pt,39660.0,142680.484375,43817.0,73033.59375,1024.0,634.43359375,32.0,56.07212448120117,672.0,818.6934814453125,8.0,52.9351921081543
test,1829,rule4ml,rule4ml/archive_3/c6d0b4fd5343f820c2b660707f83d401.pt,1241.0,790.3624877929688,568.0,9.905735969543457,0.0,0.0,36.5,7.8519439697265625,298.0,398.39129638671875,2.0,0.5726770162582397
test,1834,rule4ml,rule4ml/archive_3/cb1e46588ece96ac3c91b7a0958b514a.pt,2189.0,1141.8841552734375,804.0,18.727256774902344,0.0,0.0,42.0,6.547937393188477,101.0,173.08621215820312,2.0,1.6988415718078613
test,1839,rule4ml,rule4ml/archive_3/d653309bc56cb162499c966cbd83ea0f.pt,96925.0,111070.5078125,74933.0,80739.21875,152.0,204.54058837890625,52.5,141.16329956054688,921.0,945.1492309570312,16.0,54.83803176879883
test,1854,rule4ml,rule4ml/archive_4/0738bafc8ad3b680b6474edd42e1f770.pt,85061.0,62980.07421875,3372.0,7711.4052734375,16.0,86.36274719238281,13.5,61.4832878112793,80.0,389.8287048339844,2.0,3.2137160301208496
test,1858,rule4ml,rule4ml/archive_4/0dc6384344c2510488d9b96d5f4a0119.pt,210380.0,151130.4375,130658.0,94193.34375,300.0,259.6004333496094,186.5,201.72842407226562,1469.0,809.1356811523438,156.0,35.38732147216797
test,1875,rule4ml,rule4ml/archive_4/45b172326f621f3e4360220256d1bb36.pt,303489.0,48326.828125,42390.0,13869.115234375,0.0,0.0,24.0,37.30290222167969,294.0,390.8352355957031,2.0,5.437475204467773
test,1892,rule4ml,rule4ml/archive_4/69665507dcb361898217e89a5528c662.pt,36552.0,81195.5,17630.0,8624.3837890625,256.0,363.0045166015625,28.0,20.902782440185547,112.0,368.1705322265625,7.0,6.498538017272949
test,1893,rule4ml,rule4ml/archive_4/6d921084af61c745a871657370e2e04b.pt,527875.0,221504.9375,186218.0,101480.3046875,220.0,669.8585205078125,28.0,79.82102966308594,247.0,579.3892211914062,6.0,19.879051208496094
test,1897,rule4ml,rule4ml/archive_4/7995683a142977361077baf936df47da.pt,10275.0,5775.7431640625,10300.0,4589.52783203125,0.0,0.0,44.0,23.151182174682617,139.0,457.6492919921875,2.0,8.716756820678711
test,1898,rule4ml,rule4ml/archive_4/7b51fb383116913efca11f5c6eb5d2d3.pt,73806.0,93452.4765625,19597.0,24850.9921875,304.0,138.39068603515625,123.0,118.99125671386719,833.0,561.0455932617188,131.0,9.08095932006836
test,1903,rule4ml,rule4ml/archive_4/93a91b27f1ee47370c6f82a451490fe9.pt,61197.0,131972.78125,35468.0,73938.2109375,220.0,487.6328125,14.5,73.94941711425781,278.0,848.0768432617188,10.0,54.137550354003906
test,1917,rule4ml,rule4ml/archive_4/b2b008a9c8861976b3750110cd50a594.pt,17873.0,26982.298828125,14888.0,25767.154296875,12.0,246.85279846191406,130.5,89.71038055419922,456.0,596.304443359375,4.0,15.393106460571289
test,1920,rule4ml,rule4ml/archive_4/ba6831d32130cc46375684ccd169a5c1.pt,9053.0,7817.49755859375,8079.0,5642.3828125,4.0,77.6922607421875,2.0,16.47220230102539,282.0,606.4473266601562,2.0,32.102088928222656
test,1924,rule4ml,rule4ml/archive_4/c54b44680120057d74e92cbe9b65068b.pt,116070.0,133980.0,58065.0,78935.3984375,16.0,220.26681518554688,16.5,171.47006225585938,824.0,777.8770141601562,8.0,31.55048942565918
test,1925,rule4ml,rule4ml/archive_4/ca02d7a10b3146eaf8c98872094f1492.pt,33743.0,23023.06640625,37215.0,26032.46484375,208.0,209.0792999267578,173.0,66.10585021972656,1636.0,849.3798828125,32.0,46.527198791503906
test,1936,rule4ml,rule4ml/archive_4/e41facf92ea26a1185ddcd75a697bab5.pt,36774.0,24115.0390625,31977.0,23719.24609375,160.0,221.28878784179688,233.5,78.35897064208984,892.0,579.1194458007812,64.0,15.78377914428711
test,1947,rule4ml,rule4ml/archive_4/f54618f2acd7fbf62346bc0077ed8f50.pt,16752.0,126273.9296875,14966.0,63051.05078125,712.0,521.4158325195312,18.0,36.30318069458008,207.0,677.8032836914062,4.0,31.83432960510254
test,1948,rule4ml,rule4ml/archive_4/f74ec97ba9d6a34e7e99c60e60d1b19a.pt,59185.0,147119.296875,49891.0,78451.2578125,639.0,626.2123413085938,87.5,70.50704193115234,507.0,895.25537109375,32.0,65.95386505126953
exemplar,0,exemplar,exemplar/archive_1/0273888c-6100-46de-ba53-476666388e81.pt,21988.0,27883.666015625,24276.0,30642.22265625,0.0,6.29755973815918,5.0,5.310016632080078,6583.0,3661.593994140625,1296.0,1082.4229736328125
exemplar,1,exemplar,exemplar/archive_1/08ceef03-f529-483b-9de4-b4b67e848d56.pt,6595.0,49904.0625,8049.0,38175.86328125,6.0,34.70138931274414,1.0,15.054758071899414,525.0,2438.7470703125,192.0,576.5858764648438
exemplar,2,exemplar,exemplar/archive_1/0971e6d6-d73b-4833-aefc-bbae6dc5b505.pt,158971.0,117183.953125,82018.0,73427.5546875,66.0,73.62329864501953,0.0,0.0,619.0,830.6673583984375,92.0,73.53762817382812
exemplar,3,exemplar,exemplar/archive_1/0b264399-9786-4e1d-95f5-b15ae9eef489.pt,7929.0,33941.546875,8102.0,31291.427734375,3.0,22.839487075805664,4.0,11.505837440490723,502.0,1680.56103515625,128.0,297.72601318359375
exemplar,4,exemplar,exemplar/archive_1/0ca740a3-feef-4ee0-91b6-46f493ae36b2.pt,3349.0,30521.970703125,3918.0,28911.103515625,2.0,19.911787033081055,1.0,10.403633117675781,521.0,1844.7039794921875,192.0,368.3224792480469
exemplar,5,exemplar,exemplar/archive_1/0e85b020-3749-4e4d-ac93-a44f053ea57b.pt,2913.0,10838.650390625,2764.0,10946.173828125,3.0,21.60623550415039,2.0,9.650976181030273,2631.0,2452.24560546875,1024.0,514.0783081054688
exemplar,6,exemplar,exemplar/archive_1/1096f607-c024-4e57-a794-4bf4d2886e54.pt,6411.0,118080.296875,1850.0,70595.6953125,421.0,204.27613830566406,1.0,18.52987289428711,25.0,467.98974609375,1.0,22.941688537597656
exemplar,7,exemplar,exemplar/archive_1/12d641dd-5146-4c9f-911d-cf810823fff7.pt,3133.0,10809.84765625,2898.0,10913.701171875,5.0,21.74688720703125,2.0,9.664385795593262,2764.0,2447.55224609375,1024.0,512.0178833007812
exemplar,8,exemplar,exemplar/archive_1/14689274-3866-4b30-b586-c404fc0eb7e3.pt,428.0,1487.73876953125,338.0,436.54107666015625,0.0,0.0,0.0,5.046143531799316,16.0,1083.3243408203125,1.0,98.97030639648438
exemplar,9,exemplar,exemplar/archive_1/182f2870-c640-40ba-987d-d85d5a889c32.pt,1011.0,3220.564697265625,223.0,812.997802734375,3.0,51.4041633605957,0.0,0.0,28.0,182.45263671875,1.0,2.131883144378662
exemplar,10,exemplar,exemplar/archive_1/1c3965f8-aac2-4e66-ae41-f24c4f7586e5.pt,37957.0,137314.59375,9537.0,75798.96875,2147.0,264.48345947265625,2.0,22.408424377441406,40.0,408.6372985839844,1.0,17.429515838623047
exemplar,11,exemplar,exemplar/archive_1/1d3a9271-bb21-46f7-a928-48272ce7193f.pt,21678.0,33350.58984375,36597.0,32297.10546875,128.0,20.39824676513672,6.0,11.422268867492676,2905.0,1926.9017333984375,1024.0,398.6021728515625
exemplar,12,exemplar,exemplar/archive_1/206dfc0c-9319-43c0-b4e3-b5bf034ef1bd.pt,5101.0,31176.685546875,1837.0,22951.81640625,2.0,14.76005744934082,1.0,7.261995792388916,53.0,1226.044677734375,12.0,128.8065185546875
exemplar,13,exemplar,exemplar/archive_1/247d9155-f7f3-4ed7-92d8-cb8bf564eaeb.pt,640.0,10317.951171875,7.0,5090.9912109375,3.0,13.810993194580078,0.0,4.995245456695557,23.0,1006.4151000976562,1.0,110.81903076171875
exemplar,14,exemplar,exemplar/archive_1/250eb325-6f3c-4c11-9d82-2353ec7b3655.pt,3337.0,10968.6640625,4167.0,11131.595703125,5.0,21.211490631103516,2.0,9.640623092651367,2876.0,2481.35791015625,1024.0,524.2345581054688
exemplar,15,exemplar,exemplar/archive_1/275c93ce-d31a-4833-97ca-00657c0684ec.pt,10504.0,15437.4892578125,6645.0,9654.9462890625,0.0,0.0,0.0,0.0,94.0,511.7136535644531,1.0,18.83352279663086
exemplar,16,exemplar,exemplar/archive_1/2b1ebd37-082b-44ce-80f1-5789f44e794d.pt,38685.0,137314.59375,9433.0,75798.96875,2126.0,264.48370361328125,2.0,22.408424377441406,40.0,408.6372985839844,1.0,17.429508209228516
exemplar,17,exemplar,exemplar/archive_1/2db30ca7-c3d9-421a-bd5f-13c2711d4758.pt,25110.0,79193.1953125,5955.0,43260.125,5.0,78.40999603271484,2.0,24.14530372619629,42.0,696.8037109375,2.0,31.231178283691406
exemplar,18,exemplar,exemplar/archive_1/30e2c5f7-5a29-4903-8934-750ea19679e8.pt,3367.0,13416.580078125,850.0,638.578125,0.0,0.0,0.0,7.231741905212402,25.0,653.7808837890625,5.0,26.634279251098633
exemplar,19,exemplar,exemplar/archive_1/317b26f4-5f81-4d40-a851-b24c3c44654c.pt,1023.0,3257.1533203125,16.0,819.317138671875,5.0,51.22153091430664,0.0,0.0,523.0,184.41934204101562,1.0,2.0570363998413086
exemplar,20,exemplar,exemplar/archive_1/34c6a605-582c-4ac3-a672-21a86b84164d.pt,6439.0,30258.658203125,5621.0,8294.7177734375,2.0,19.69058609008789,0.0,6.028660297393799,301.0,1442.6446533203125,286.0,155.91909790039062
exemplar,21,exemplar,exemplar/archive_1/36213331-74e8-44ed-8da9-e209c6703607.pt,7448.0,30995.0390625,8953.0,29114.697265625,3.0,19.430789947509766,3.0,10.254937171936035,2630.0,1834.0556640625,1024.0,372.851318359375
exemplar,22,exemplar,exemplar/archive_1/36b4d64d-8c42-4320-adc4-a82339843784.pt,1367.0,9732.5537109375,1337.0,9806.94921875,2.0,21.562583923339844,0.0,9.700610160827637,520.0,2472.43115234375,192.0,501.7762451171875
exemplar,23,exemplar,exemplar/archive_1/371d50bf-1f3d-4d55-9d2d-9421bc2a01e2.pt,46584.0,166863.375,21444.0,84721.34375,2108.0,620.0725708007812,2.0,32.21867752075195,43.0,797.1775512695312,2.0,53.65347671508789
exemplar,24,exemplar,exemplar/archive_1/37a7c317-89f4-4554-91c5-68afcaf539c1.pt,2829.0,15727.490234375,1085.0,851.026611328125,0.0,0.0,0.0,8.267976760864258,41.0,960.9653930664062,26.0,69.80216979980469
exemplar,25,exemplar,exemplar/archive_1/38f204fc-3e79-4077-93a0-3892a3ab85d2.pt,59846.0,170104.671875,7409.0,85594.21875,2278.0,660.81591796875,2.0,33.17116165161133,533.0,794.1253051757812,2.0,52.80971908569336
exemplar,26,exemplar,exemplar/archive_1/3a3f2dca-5b03-44d4-9918-2282eb4440fb.pt,7192.0,25604.66796875,4704.0,12665.25,287.0,21.47525405883789,0.0,5.658135414123535,20.0,1155.3963623046875,2.0,132.19207763671875
exemplar,27,exemplar,exemplar/archive_1/4107d0be-42b6-4158-9f36-c8a56530d5de.pt,26215.0,78024.6171875,5721.0,43153.11328125,3.0,76.44820404052734,1.0,23.781291961669922,37.0,704.019287109375,2.0,32.04644775390625
exemplar,28,exemplar,exemplar/archive_1/45c61271-60eb-4ff5-ba6f-246ba575185f.pt,2227.0,10115.6337890625,145.0,1674.8648681640625,0.0,0.0,0.0,0.0,78.0,158.54281616210938,1.0,10.1740140914917
exemplar,29,exemplar,exemplar/archive_1/46c56634-0933-47cc-9e72-89614aaa7251.pt,3323.0,30678.423828125,3676.0,29128.583984375,2.0,19.620582580566406,2.0,10.31017017364502,329.0,1866.238037109375,96.0,378.91412353515625
exemplar,30,exemplar,exemplar/archive_1/4705b427-e733-41ed-bda3-6cc20c46fb96.pt,9817.0,124849.6875,5833.0,68781.21875,422.0,332.1484069824219,1.0,26.544584274291992,29.0,939.8687744140625,2.0,81.85355377197266
exemplar,31,exemplar,exemplar/archive_1/4d39c459-d8e1-4de1-a8de-a7b376d0e510.pt,45414.0,142016.375,17157.0,78094.515625,1970.0,267.7268981933594,7.0,22.886310577392578,283.0,395.39886474609375,5.0,16.931428909301758
exemplar,32,exemplar,exemplar/archive_1/4d551fc6-7a68-4f90-a6b9-4c483baed59e.pt,5013.0,12293.08984375,4684.0,9911.779296875,128.0,57.14312744140625,0.0,12.795940399169922,409.0,692.6873168945312,64.0,47.36951446533203
exemplar,33,exemplar,exemplar/archive_1/4d7af3a5-68b9-46b1-9875-78271f4a712b.pt,7489.0,12310.818359375,7842.0,13256.7958984375,128.0,21.264007568359375,2.0,10.571340560913086,3006.0,2659.73388671875,1024.0,588.3783569335938
exemplar,34,exemplar,exemplar/archive_1/4fe50b78-f06b-4441-a458-1445bd2d983a.pt,7423.0,30983.8984375,9003.0,29098.4296875,5.0,19.48845672607422,3.0,10.27769947052002,2760.0,1831.832763671875,1024.0,371.41229248046875
exemplar,35,exemplar,exemplar/archive_1/52c0f586-1dea-422b-84cb-fcc178db7048.pt,7711.0,30983.8984375,9110.0,29098.4296875,5.0,19.48845672607422,3.0,10.27769947052002,2763.0,1831.832763671875,1024.0,371.41229248046875
exemplar,36,exemplar,exemplar/archive_1/568fa7df-b876-4e31-bcb8-7dd7426d9616.pt,3194.0,10809.84765625,2900.0,10913.701171875,5.0,21.74687957763672,2.0,9.664385795593262,2765.0,2447.55224609375,1024.0,512.0178833007812
exemplar,37,exemplar,exemplar/archive_1/6346baef-4016-4baa-95ca-4d01f340d884.pt,3112.0,9498.9912109375,1909.0,7336.69970703125,5.0,55.451316833496094,0.0,11.368185043334961,41.0,630.1897583007812,3.0,40.719512939453125
exemplar,38,exemplar,exemplar/archive_1/641d2098-53ea-4e20-b11b-636ecfc4de3b.pt,5034.0,14282.103515625,1683.0,6216.1884765625,0.0,0.0,0.0,6.185688495635986,19.0,1032.214111328125,2.0,85.43012237548828
exemplar,39,exemplar,exemplar/archive_1/64239147-5c4d-4f1c-b543-1bb26a6df2a6.pt,842.0,9126.744140625,677.0,7735.5234375,2.0,46.571876525878906,0.0,10.924959182739258,24.0,820.0391845703125,1.0,62.54492950439453
exemplar,40,exemplar,exemplar/archive_1/67c490e4-5293-4931-a67a-efe1c2b8a712.pt,32622.0,86034.921875,27846.0,48714.1328125,128.0,83.16188049316406,4.0,28.44070816040039,310.0,703.4655151367188,9.0,31.3591251373291
exemplar,41,exemplar,exemplar/archive_1/6f78ee34-8249-459a-900a-d8aee5f203ad.pt,44213.0,166863.375,10168.0,84721.34375,2107.0,620.0725708007812,2.0,32.21867752075195,36.0,797.1775512695312,1.0,53.65347671508789
exemplar,42,exemplar,exemplar/archive_1/733d4346-c1e0-45cc-841d-62a798bbe60a.pt,56989.0,67076.859375,55082.0,54429.359375,149.0,34.594200134277344,4.0,13.354540824890137,693.0,1384.374267578125,98.0,206.47483825683594
exemplar,43,exemplar,exemplar/archive_1/74923cb9-abeb-4329-bb34-2e0714e33867.pt,7563.0,59923.8125,2302.0,40831.29296875,2.0,46.99894714355469,1.0,18.827476501464844,26.0,821.6246948242188,2.0,48.61222457885742
exemplar,44,exemplar,exemplar/archive_1/7ad022f0-031e-4928-8967-2a10e6ead5a5.pt,22907.0,50258.79296875,800.0,17473.291015625,3.0,36.9871711730957,1.0,18.471534729003906,28.0,301.26025390625,1.0,6.03817081451416
exemplar,45,exemplar,exemplar/archive_1/7ecb5102-3313-4c41-9586-c1ad1fd36c66.pt,109778.0,107075.09375,29872.0,33019.83203125,5853.0,671.0540771484375,0.0,0.0,90.0,65.1939926147461,1.0,1.7424430847167969
exemplar,46,exemplar,exemplar/archive_1/7f402bb4-51cf-485d-bc52-6ee172ca14fa.pt,5895.0,49948.91796875,6753.0,38182.92578125,8.0,34.37868881225586,2.0,14.896257400512695,328.0,2474.929443359375,96.0,586.1898193359375
exemplar,47,exemplar,exemplar/archive_1/8317cf35-eefa-4791-bcf7-f4065665fd13.pt,5111.0,14282.1171875,1702.0,6216.1884765625,0.0,0.0,0.0,6.18568754196167,19.0,1032.214111328125,2.0,85.43012237548828
exemplar,48,exemplar,exemplar/archive_1/840fcf94-ccfc-43d8-b7c2-d33799fa8aa8.pt,3334.0,10968.6640625,4118.0,11131.595703125,5.0,21.211490631103516,2.0,9.640621185302734,2876.0,2481.35791015625,1024.0,524.2345581054688
exemplar,49,exemplar,exemplar/archive_1/84384e9c-dbd4-42f2-9768-d6071fed7642.pt,45548.0,55869.0234375,35581.0,46491.01953125,9.0,20.092811584472656,2.0,10.945154190063477,2171.0,2359.155517578125,2143.0,515.5639038085938
exemplar,50,exemplar,exemplar/archive_1/85e17655-4ec7-4dde-bbe4-d48bacfaa343.pt,36.0,956.3582763671875,1.0,28.137845993041992,0.0,0.0,0.0,3.4289088249206543,13.0,337.55999755859375,1.0,11.608283042907715
exemplar,51,exemplar,exemplar/archive_1/86a7fb3e-bc83-41fa-894f-d57ab0a037c1.pt,7222.0,53675.4140625,4720.0,16939.056640625,282.0,209.83526611328125,0.0,13.876816749572754,20.0,518.1663818359375,2.0,15.946420669555664
exemplar,52,exemplar,exemplar/archive_1/8c5001d5-58f2-49e9-a6bb-2ae23830866f.pt,25884.0,37115.51171875,14460.0,25278.66015625,128.0,14.725848197937012,6.0,8.373891830444336,292.0,912.350830078125,12.0,73.77593231201172
exemplar,53,exemplar,exemplar/archive_1/8d2bea12-85c5-4b4c-802c-3390a356a35e.pt,9199.0,16844.28125,7911.0,18169.630859375,0.0,0.0,3.0,6.045443058013916,821.0,2079.0966796875,144.0,291.81182861328125
exemplar,54,exemplar,exemplar/archive_1/8e75be00-7e3e-4f3d-8aa1-3e913ec040ec.pt,46262.0,142016.375,28091.0,78094.515625,1998.0,267.7268981933594,4.0,22.886310577392578,305.0,395.39886474609375,9.0,16.931428909301758
exemplar,55,exemplar,exemplar/archive_1/90c22023-a457-4031-8dcc-74aa8742c717.pt,91.0,956.3582763671875,1.0,28.137845993041992,0.0,0.0,0.0,3.4289093017578125,13.0,337.55999755859375,1.0,11.608277320861816
exemplar,56,exemplar,exemplar/archive_1/933de88a-1fe8-4497-b8cf-66fe9146b0e0.pt,10507.0,15437.4892578125,6645.0,9654.9462890625,0.0,0.0,0.0,0.0,94.0,511.7134094238281,1.0,18.83352279663086
exemplar,57,exemplar,exemplar/archive_1/93c8fe85-cd4d-4b53-a93f-688a737d92ef.pt,2795.0,15727.490234375,771.0,851.026611328125,0.0,0.0,0.0,8.267976760864258,33.0,960.9653930664062,21.0,69.80216979980469
exemplar,58,exemplar,exemplar/archive_1/93f027a8-36c7-4159-b997-fa581ea23d40.pt,55888.0,69288.4921875,34051.0,55781.4453125,27.0,37.92588806152344,2.0,13.738548278808594,408.0,1317.5086669921875,103.0,187.24716186523438
exemplar,59,exemplar,exemplar/archive_1/94394a1c-cebb-41b5-97ba-053c2cbb4444.pt,6967.0,11606.5078125,7374.0,12881.056640625,128.0,22.567079544067383,0.0,10.994142532348633,958.0,2486.4765625,128.0,528.0845336914062
exemplar,60,exemplar,exemplar/archive_1/9748b154-4100-4641-a2d4-c9e8328e837d.pt,24744.0,54406.21484375,19067.0,17892.52734375,128.0,38.025333404541016,4.0,19.75528907775879,306.0,307.3069152832031,9.0,6.003567695617676
exemplar,61,exemplar,exemplar/archive_1/990eb8b7-92c6-40ca-b679-e3cbaa3024b6.pt,16360.0,50168.4765625,28255.0,38295.28515625,10.0,34.7430534362793,3.0,15.0008544921875,2872.0,2469.193359375,1024.0,584.5457153320312
exemplar,62,exemplar,exemplar/archive_1/9a9a9339-a608-467c-91a9-1a3f6a783e95.pt,62820.0,50072.58984375,2597.0,12843.236328125,0.0,0.0,0.0,0.0,82.0,310.302490234375,1.0,18.616561889648438
exemplar,63,exemplar,exemplar/archive_1/9bce92a8-b4b7-42eb-a5e4-15f5d4f3c872.pt,11925.0,57175.51171875,15471.0,41257.484375,26.0,50.00245666503906,6.0,17.20598793029785,584.0,2233.2392578125,160.0,478.67742919921875
exemplar,64,exemplar,exemplar/archive_1/9c3ee7e5-a98f-4ec9-9b34-0d1baaa3da26.pt,39506.0,50888.6953125,64013.0,39450.84765625,133.0,35.8611946105957,7.0,16.357404708862305,2909.0,2601.389404296875,1024.0,608.4838256835938
exemplar,65,exemplar,exemplar/archive_1/9c51cef1-e8be-4066-85b1-e69bbe003acc.pt,62726.0,45658.2265625,2597.0,6805.8876953125,0.0,0.0,0.0,0.0,82.0,50.81486892700195,1.0,0.6850364208221436
exemplar,66,exemplar,exemplar/archive_1/a2d0b7bd-e241-47cf-9b48-c8d5b31a4dfb.pt,52808.0,69187.9296875,30535.0,55691.609375,24.0,37.82273864746094,1.0,13.690251350402832,401.0,1317.943115234375,101.0,187.5457763671875
exemplar,67,exemplar,exemplar/archive_1/a7ab27fb-bd8e-4dfb-bc4f-fc37b71e548c.pt,2769.0,9556.158203125,1763.0,7440.46875,3.0,54.86351776123047,0.0,11.334399223327637,35.0,640.4148559570312,2.0,41.95770263671875
exemplar,68,exemplar,exemplar/archive_1/a7fcc3e0-563d-4404-9467-f86818191469.pt,10528.0,15437.4892578125,6645.0,9654.9462890625,0.0,0.0,0.0,0.0,94.0,511.7134094238281,1.0,18.83352279663086
exemplar,69,exemplar,exemplar/archive_1/a84153c9-baad-493e-b043-331117736a38.pt,26154.0,37115.546875,11148.0,25278.66015625,128.0,14.725848197937012,7.0,8.373891830444336,285.0,912.350830078125,5.0,73.77593231201172
exemplar,70,exemplar,exemplar/archive_1/ab107bcf-9e12-42e0-9b1a-bf08d137f970.pt,61095.0,28723.83203125,5272.0,13586.3095703125,0.0,7.868907451629639,0.0,4.285727024078369,98.0,992.321533203125,19.0,136.9701385498047
exemplar,71,exemplar,exemplar/archive_1/af019597-795a-45fb-af20-0492e247f185.pt,7535.0,25604.66796875,3360.0,12665.25,281.0,21.475257873535156,0.0,5.658135414123535,15.0,1155.39697265625,1.0,132.19207763671875
exemplar,72,exemplar,exemplar/archive_1/b19f2e4b-4590-4abd-a767-7530be27f889.pt,27733.0,79193.1953125,5435.0,43260.125,5.0,78.40999603271484,2.0,24.14530372619629,36.0,696.8037109375,1.0,31.231178283691406
exemplar,73,exemplar,exemplar/archive_1/b43c3d48-b63e-4826-8f80-4f21daca2b4f.pt,2911.0,9855.455078125,2758.0,7713.96533203125,5.0,57.587974548339844,14.0,11.751544952392578,537.0,647.6984252929688,3.0,42.340946197509766
exemplar,74,exemplar,exemplar/archive_1/b656d259-da97-4fd2-982a-eae002500fb2.pt,2806.0,9714.376953125,2566.0,10177.103515625,3.0,23.910778045654297,1.0,10.225525856018066,502.0,2131.667236328125,128.0,400.4564514160156
exemplar,75,exemplar,exemplar/archive_1/b85933b6-f63c-4af0-aa76-bbf3f5b74598.pt,64713.0,56341.21875,48949.0,47106.03125,10.0,20.162036895751953,2.0,11.049103736877441,2239.0,2351.781005859375,1715.0,512.5335693359375
exemplar,76,exemplar,exemplar/archive_1/bb07fdf6-0145-43fa-b254-ae7790bd0390.pt,5228.0,41518.03515625,897.0,16323.1103515625,2.0,29.56998634338379,1.0,15.636098861694336,24.0,346.36767578125,1.0,7.731218338012695
exemplar,77,exemplar,exemplar/archive_1/bfc05050-5933-4357-afc0-782c3c9871d3.pt,72372.0,76567.875,37872.0,61847.61328125,32.0,46.46209716796875,2.0,14.864056587219238,881.0,1194.99169921875,102.0,153.31466674804688
exemplar,78,exemplar,exemplar/archive_1/c50b7d06-2743-447e-8d30-7d44ffd86fa1.pt,6127.0,41518.03515625,771.0,16323.1103515625,2.0,29.56998634338379,1.0,15.636098861694336,24.0,346.36767578125,1.0,7.731218338012695
exemplar,79,exemplar,exemplar/archive_1/c50bdf2e-0abe-43fc-8139-06cf5e73816b.pt,1357.0,9648.9072265625,1278.0,9818.3955078125,2.0,21.080936431884766,0.0,9.681800842285156,329.0,2510.51123046875,96.0,510.33587646484375
exemplar,80,exemplar,exemplar/archive_1/c547deb4-f314-4e7d-9e7b-88bda5d6f7ff.pt,4920.0,65299.17578125,63.0,8280.4501953125,275.0,254.28785705566406,0.0,14.401458740234375,14.0,355.7154541015625,1.0,6.542848110198975
exemplar,81,exemplar,exemplar/archive_1/c554422a-7e7f-40d8-88a4-8c54a0a92d59.pt,3337.0,10968.6640625,4118.0,11131.595703125,5.0,21.21148681640625,2.0,9.640621185302734,2876.0,2481.35791015625,1024.0,524.2345581054688
exemplar,82,exemplar,exemplar/archive_1/c76f45c1-2e16-422b-b87f-0befcb5d1cc0.pt,33986.0,136479.03125,1592.0,75620.9921875,2019.0,263.295654296875,1.0,22.28600311279297,28.0,415.0905456542969,1.0,17.788387298583984
exemplar,83,exemplar,exemplar/archive_1/cc933a28-ea40-4c6e-94eb-19bb770284e0.pt,14151.0,49943.53515625,17032.0,38204.96484375,9.0,34.68669891357422,3.0,15.058448791503906,2760.0,2437.478271484375,1024.0,576.5142822265625
exemplar,84,exemplar,exemplar/archive_1/d2f9b92b-36b8-4913-bf89-d73b70e688b6.pt,74.0,600.7647705078125,1.0,9.577946662902832,0.0,0.0,0.0,4.242640018463135,13.0,334.3299560546875,1.0,1.4654262065887451
exemplar,85,exemplar,exemplar/archive_1/d555c2bc-0669-45e4-91b5-39d9ebf234a6.pt,76.0,9523.330078125,5.0,4471.93408203125,2.0,14.720675468444824,0.0,5.07952880859375,15.0,1014.0733642578125,1.0,110.76353454589844
exemplar,86,exemplar,exemplar/archive_1/d624f608-06d4-4b6b-b0a4-1fd09b11f9a5.pt,57420.0,28723.83203125,8222.0,13586.3095703125,0.0,7.868907451629639,0.0,4.285727024078369,96.0,992.321533203125,17.0,136.9701385498047
exemplar,87,exemplar,exemplar/archive_1/dcec6b57-a6cd-442a-b467-1dd0d8a02ccf.pt,60408.0,170104.671875,27260.0,85594.21875,2300.0,660.81591796875,2.0,33.1711540222168,540.0,794.1253051757812,3.0,52.80971908569336
exemplar,88,exemplar,exemplar/archive_1/dd09668d-3c30-4aad-9f96-919ce4bedbf0.pt,52892.0,69187.9296875,32809.0,55691.609375,24.0,37.82273864746094,1.0,13.690251350402832,397.0,1317.943115234375,99.0,187.5457763671875
exemplar,89,exemplar,exemplar/archive_1/e0877d2d-c62b-4796-be5f-96c63aefb754.pt,9596.0,124849.6875,4242.0,68781.21875,423.0,332.1484069824219,1.0,26.544584274291992,24.0,939.8687744140625,1.0,81.85355377197266
exemplar,90,exemplar,exemplar/archive_1/e3f6f73c-985e-45e2-8dfd-c8eeaf9b40da.pt,85.0,7005.8056640625,5.0,2708.978515625,2.0,22.972240447998047,0.0,4.680209159851074,15.0,735.9359130859375,1.0,63.379234313964844
exemplar,91,exemplar,exemplar/archive_1/e6a82969-b2e7-4bf3-ba16-00307a537ca0.pt,6445.0,49948.91796875,7587.0,38182.92578125,8.0,34.37868881225586,2.0,14.896261215209961,333.0,2474.929443359375,96.0,586.1898193359375
exemplar,92,exemplar,exemplar/archive_1/e78a5e99-9c04-4b9b-be44-a1b0d34a316b.pt,32764.0,86034.921875,28186.0,48714.1328125,128.0,83.16188049316406,4.0,28.44070816040039,309.0,703.4655151367188,9.0,31.359132766723633
exemplar,93,exemplar,exemplar/archive_1/e7919f10-29bd-4777-b4cc-29dbe353cd1c.pt,35600.0,137314.59375,1624.0,75798.96875,2091.0,264.48345947265625,2.0,22.408424377441406,32.0,408.6372985839844,1.0,17.429515838623047
exemplar,94,exemplar,exemplar/archive_1/e8403995-eed4-4ab2-bad9-4ab7a8a95220.pt,9741.0,31065.740234375,14518.0,29244.6015625,5.0,19.217784881591797,3.0,10.19478702545166,2872.0,1850.9888916015625,1024.0,380.5240478515625
exemplar,95,exemplar,exemplar/archive_1/e87f94ad-6357-4f1e-8148-702cc5865918.pt,738.0,10317.951171875,7.0,5090.9912109375,3.0,13.810993194580078,0.0,4.995245456695557,23.0,1006.4151000976562,1.0,110.81903076171875
exemplar,96,exemplar,exemplar/archive_1/e89c3f49-0a65-47bb-8ace-4c65db6d108b.pt,21260.0,27883.666015625,23944.0,30642.22265625,0.0,6.29755973815918,5.0,5.310016632080078,6581.0,3661.593994140625,1296.0,1082.4229736328125
exemplar,97,exemplar,exemplar/archive_1/e9e2bcad-ffaa-477a-93b0-5d0493070787.pt,15128.0,49943.53515625,18973.0,38204.96484375,9.0,34.68669891357422,4.0,15.058448791503906,2767.0,2437.478271484375,1024.0,576.5142822265625
exemplar,98,exemplar,exemplar/archive_1/f47f94f0-87d1-4681-9dcc-02c2cb74fd5a.pt,2236.0,10115.6337890625,145.0,1674.8648681640625,0.0,0.0,0.0,0.0,78.0,158.54281616210938,1.0,10.1740140914917
exemplar,99,exemplar,exemplar/archive_1/f7965c2f-28df-4155-9306-bfef8953a6be.pt,3057.0,10838.650390625,2828.0,10946.173828125,3.0,21.60624122619629,2.0,9.650979042053223,2630.0,2452.24560546875,1024.0,514.0783081054688
exemplar,100,exemplar,exemplar/archive_2/01525b57-2df4-49a4-8b44-6082bf153f1c.pt,8073.0,25454.830078125,3359.0,12467.5224609375,267.0,21.63311004638672,0.0,5.753127098083496,15.0,1206.1959228515625,1.0,144.76858520507812
exemplar,101,exemplar,exemplar/archive_2/01f697c6-b10b-4565-8590-f81514e880c9.pt,2904.0,9803.0400390625,2680.0,7674.109375,5.0,57.933311462402344,14.0,11.794431686401367,537.0,647.3551635742188,3.0,42.284210205078125
exemplar,102,exemplar,exemplar/archive_2/0551c9ea-59f7-4e4a-87c0-37df99b26573.pt,21176.0,33338.6328125,32593.0,32338.09765625,128.0,20.409656524658203,8.0,11.425456047058105,2889.0,1934.67626953125,1024.0,400.86785888671875
exemplar,103,exemplar,exemplar/archive_2/05f0ccd2-98cf-4535-93c2-1d3e77a9b07c.pt,24862.0,31507.607421875,22177.0,31760.728515625,0.0,9.522746086120605,6.0,5.790414333343506,821.0,1628.39208984375,144.0,242.94761657714844
exemplar,104,exemplar,exemplar/archive_2/0755003d-fac1-4914-9051-bc9a85e03624.pt,9525.0,55711.796875,7874.0,46361.203125,6.0,19.898117065429688,1.0,10.853885650634766,438.0,2360.65283203125,422.0,516.3988647460938
exemplar,105,exemplar,exemplar/archive_2/085e0d62-34ae-4f6e-8eaf-6c9695beccbf.pt,717.0,10326.45703125,83.0,5093.9736328125,3.0,13.790738105773926,0.0,4.991665840148926,26.0,1006.257568359375,1.0,110.73673248291016
exemplar,106,exemplar,exemplar/archive_2/08899062-2fac-4cd8-8c35-4678076c0341.pt,9984.0,54081.703125,6970.0,43061.96875,8.0,23.72421646118164,1.0,11.21364974975586,275.0,1572.6951904296875,84.0,282.72296142578125
exemplar,107,exemplar,exemplar/archive_2/118ec27f-9c9b-4bde-83fa-26ff090691b8.pt,22404.0,34011.34375,3219.0,28607.314453125,3.0,12.612456321716309,1.0,7.248220920562744,69.0,1537.594970703125,45.0,225.0950927734375
exemplar,108,exemplar,exemplar/archive_2/121c5201-0714-4c8a-b636-a8f195ba5a03.pt,10823.0,31043.08203125,14535.0,29269.9921875,5.0,19.247404098510742,3.0,10.204434394836426,2875.0,1857.0435791015625,1024.0,382.3385009765625
exemplar,109,exemplar,exemplar/archive_2/18aa6349-af5a-4ca3-83cd-47dc55381cf4.pt,42742.0,37199.42578125,44659.0,30386.85546875,6.0,10.483133316040039,2.0,5.372677326202393,6581.0,4444.669921875,1296.0,1515.535888671875
exemplar,110,exemplar,exemplar/archive_2/1c92271f-850d-4e3c-968f-1dead1ccdaa5.pt,3301.0,30534.927734375,3878.0,28960.666015625,2.0,19.890539169311523,1.0,10.397089004516602,520.0,1851.182373046875,192.0,370.8391418457031
exemplar,111,exemplar,exemplar/archive_2/1d7221e2-8d8e-4e81-b2e3-b52c9202ec83.pt,26374.0,78002.140625,5371.0,43142.29296875,3.0,76.55796813964844,1.0,23.83749008178711,32.0,703.8636474609375,1.0,31.998563766479492
exemplar,112,exemplar,exemplar/archive_2/1fb9d731-44fe-4908-bcb5-265067f24c3e.pt,138432.0,191585.09375,31416.0,84246.6953125,5833.0,542.945556640625,0.0,0.0,95.0,688.4873046875,2.0,39.20053482055664
exemplar,113,exemplar,exemplar/archive_2/1feebb8f-df74-4410-90ca-979c51199bfe.pt,5391.0,49834.86328125,7192.0,38114.5625,6.0,34.72840881347656,1.0,15.046255111694336,520.0,2447.21484375,192.0,578.5034790039062
exemplar,114,exemplar,exemplar/archive_2/205c6f44-b54e-4065-8e6d-b654978246be.pt,383.0,1293.7548828125,281.0,242.0425567626953,0.0,0.0,0.0,6.839632511138916,18.0,433.61932373046875,1.0,9.926953315734863
exemplar,115,exemplar,exemplar/archive_2/249c5897-9354-48ad-b5a5-0cac1690c152.pt,981.0,10443.451171875,86.0,5120.20654296875,5.0,14.011420249938965,0.0,4.984126091003418,528.0,996.928955078125,1.0,107.6110610961914
exemplar,116,exemplar,exemplar/archive_2/2ab1a76c-9907-4d18-bf5d-09fe5d1a4db6.pt,5991.0,41500.77734375,640.0,16270.9482421875,2.0,29.600101470947266,1.0,15.681933403015137,23.0,346.6665954589844,1.0,7.719419002532959
exemplar,117,exemplar,exemplar/archive_2/2fa8fb20-8946-461e-9867-f56d2b13bcff.pt,6967.0,11531.3125,7374.0,12811.46484375,128.0,22.69896697998047,0.0,11.011180877685547,958.0,2482.82958984375,128.0,526.256591796875
exemplar,118,exemplar,exemplar/archive_2/359b58b7-0326-4a93-956a-4b2eaa583f53.pt,4627.0,14277.2548828125,1647.0,5857.83984375,0.0,0.0,0.0,6.482430934906006,20.0,1069.2039794921875,2.0,93.1307144165039
exemplar,119,exemplar,exemplar/archive_2/3748ff96-bb56-46fe-8e84-6d00af316083.pt,127.0,9522.349609375,35.0,4468.0966796875,2.0,14.705626487731934,0.0,5.0753655433654785,17.0,1013.9784545898438,1.0,110.68644714355469
exemplar,120,exemplar,exemplar/archive_2/375a3000-6499-4100-b3f4-ed7ccfa6efa9.pt,21623.0,36415.25,1838.0,24906.0625,3.0,15.626319885253906,1.0,8.464367866516113,42.0,838.0467529296875,12.0,64.80645751953125
exemplar,121,exemplar,exemplar/archive_2/3c4f0518-cd12-4c04-a710-7ac6af24b36b.pt,20483.0,64562.16796875,28917.0,44099.875,31.0,70.61131286621094,5.0,18.8284969329834,1087.0,1939.686279296875,160.0,363.0416564941406
exemplar,122,exemplar,exemplar/archive_2/3c5398da-d7cf-47aa-97b4-bd7c74fcb34c.pt,2913.0,10782.560546875,2764.0,10931.837890625,3.0,21.50655746459961,2.0,9.654903411865234,2631.0,2461.844970703125,1024.0,515.7423095703125
exemplar,123,exemplar,exemplar/archive_2/4090a3d7-2624-4487-bc49-3a11e7cb7c9c.pt,24753.0,35976.5078125,21240.0,29792.8203125,128.0,12.001667022705078,4.0,7.330417633056641,315.0,1512.28369140625,52.0,215.36492919921875
exemplar,124,exemplar,exemplar/archive_2/431255d8-05e7-48b2-8e7e-f16b51ca6522.pt,45063.0,37199.42578125,44698.0,30386.85546875,6.0,10.483133316040039,3.0,5.372677326202393,6581.0,4444.669921875,1296.0,1515.535888671875
exemplar,125,exemplar,exemplar/archive_2/49637ef4-da70-4343-b00b-3e757a368528.pt,7430.0,52807.51953125,3359.0,16546.19921875,293.0,210.1746368408203,0.0,14.425808906555176,16.0,520.7886962890625,1.0,16.128623962402344
exemplar,126,exemplar,exemplar/archive_2/49a75271-725b-4791-bf1f-7d5927b40ac3.pt,7388.0,25454.830078125,4159.0,12467.5224609375,291.0,21.63311004638672,0.0,5.75312614440918,20.0,1206.1953125,2.0,144.76858520507812
exemplar,127,exemplar,exemplar/archive_2/4ae47494-a6f6-48d1-87e7-ebfcc0ae914c.pt,6113.0,29826.25390625,5607.0,7881.09619140625,2.0,19.908737182617188,0.0,6.174720287322998,309.0,1466.410400390625,296.0,161.49444580078125
exemplar,128,exemplar,exemplar/archive_2/51118e02-295c-4b79-937d-7dbad6a2c0d2.pt,24112.0,50729.078125,816.0,17360.65234375,5.0,37.552913665771484,2.0,18.721878051757812,32.0,299.5041198730469,1.0,5.929268836975098
exemplar,129,exemplar,exemplar/archive_2/581844f6-d44a-43db-be68-0b45f3b7344d.pt,483.0,1476.3216552734375,376.0,421.90264892578125,0.0,0.0,0.0,5.104385852813721,15.0,1133.7669677734375,1.0,110.33917236328125
exemplar,130,exemplar,exemplar/archive_2/5983ca74-e282-412a-b2f0-489327a9ccea.pt,1723.0,3332.31640625,800.0,852.722412109375,107.0,50.10727310180664,0.0,0.0,270.0,177.48805236816406,1.0,2.171813726425171
exemplar,131,exemplar,exemplar/archive_2/5b16206e-bc49-4eb0-8532-21e989df898d.pt,33728.0,86025.4921875,28029.0,48701.734375,128.0,83.2621078491211,4.0,28.494869232177734,310.0,703.3190307617188,9.0,31.31833839416504
exemplar,132,exemplar,exemplar/archive_2/5f97c105-e8db-4856-99c8-6f244035d9f6.pt,24869.0,39977.0390625,3028.0,26228.04296875,5.0,16.523143768310547,2.0,9.570849418640137,552.0,727.65185546875,11.0,49.01670837402344
exemplar,133,exemplar,exemplar/archive_2/6452b03d-2f7b-488d-90ed-e4c45432f442.pt,24520.0,31507.607421875,22669.0,31760.728515625,0.0,9.522746086120605,6.0,5.790414333343506,823.0,1628.39208984375,144.0,242.94761657714844
exemplar,134,exemplar,exemplar/archive_2/64bda8fc-695e-49c2-8e02-09ed011f9f98.pt,7253.0,52807.51953125,4651.0,16546.19921875,282.0,210.17474365234375,0.0,14.425808906555176,20.0,520.7886962890625,2.0,16.128623962402344
exemplar,135,exemplar,exemplar/archive_2/653010fa-d67d-4455-a52a-5586456f6387.pt,22165.0,36415.25,1876.0,24906.0625,3.0,15.626319885253906,1.0,8.464370727539062,42.0,838.0467529296875,11.0,64.80645751953125
exemplar,136,exemplar,exemplar/archive_2/65f2dd57-ee52-4db0-87b2-6b1d5c5edfc4.pt,122.0,2979.61669921875,44.0,765.876953125,2.0,49.81953430175781,0.0,4.82204532623291,18.0,202.4874267578125,1.0,2.9925074577331543
exemplar,137,exemplar,exemplar/archive_2/6feffc6b-567e-4b36-bad3-e4c57ab9cec2.pt,414.0,1476.3216552734375,338.0,421.90264892578125,0.0,0.0,0.0,5.104385852813721,18.0,1133.7669677734375,1.0,110.33917236328125
exemplar,138,exemplar,exemplar/archive_2/71fc7a21-01aa-4f22-8f37-e9b5e3e23654.pt,1017.0,7231.3076171875,24.0,2479.2587890625,5.0,28.24363899230957,0.0,4.676942825317383,27.0,500.11492919921875,1.0,30.528284072875977
exemplar,139,exemplar,exemplar/archive_2/71ff4609-1463-4d28-9ef0-cef1641b5731.pt,64296.0,56352.2890625,45559.0,47129.984375,10.0,20.141996383666992,2.0,11.043021202087402,2215.0,2351.882080078125,1692.0,512.57177734375
exemplar,140,exemplar,exemplar/archive_2/720c1054-ed10-46fc-86fc-9d4dc4b5fc1d.pt,6311.0,29826.25390625,5375.0,7881.09619140625,2.0,19.908737182617188,0.0,6.174720287322998,298.0,1466.410400390625,285.0,161.49444580078125
exemplar,141,exemplar,exemplar/archive_2/753db279-3897-4e89-a08d-a46c207dc829.pt,60890.0,54868.61328125,7075.0,18612.158203125,0.0,0.0,0.0,0.0,93.0,285.90484619140625,2.0,27.65944480895996
exemplar,142,exemplar,exemplar/archive_2/7b0a48f6-26f7-4734-8ff2-b2389721cf8b.pt,64315.0,56352.2890625,48353.0,47129.984375,10.0,20.141996383666992,2.0,11.043021202087402,2241.0,2351.882080078125,1717.0,512.57177734375
exemplar,143,exemplar,exemplar/archive_2/7eb90940-c8fc-46eb-b334-63c1540139b5.pt,49.0,594.0830078125,1.0,9.042280197143555,0.0,0.0,0.0,4.380212306976318,13.0,341.3113098144531,1.0,1.570014476776123
exemplar,144,exemplar,exemplar/archive_2/88525790-1f2d-4b08-abd1-87d93fbfa721.pt,7423.0,30935.533203125,9003.0,29100.095703125,5.0,19.495758056640625,3.0,10.281085014343262,2760.0,1837.64501953125,1024.0,373.10418701171875
exemplar,145,exemplar,exemplar/archive_2/88562b99-cdec-44f1-a048-2808b2e91b5d.pt,3337.0,10910.43359375,4118.0,11116.3818359375,5.0,21.112314224243164,2.0,9.644676208496094,2877.0,2491.256591796875,1024.0,525.9281005859375
exemplar,146,exemplar,exemplar/archive_2/8858c4d4-cdcf-46ad-8093-195db8550140.pt,26082.0,34302.109375,2632.0,28755.2421875,5.0,12.589128494262695,2.0,7.249292373657227,564.0,1519.3856201171875,40.0,220.59686279296875
exemplar,147,exemplar,exemplar/archive_2/8fb92d64-ae75-49a3-83d4-b20cc8facacb.pt,14150.0,49871.42578125,17032.0,38142.01953125,9.0,34.722190856933594,3.0,15.052607536315918,2760.0,2445.7314453125,1024.0,578.3741455078125
exemplar,148,exemplar,exemplar/archive_2/8fc296f2-d676-4db0-8fca-4aad1c0f9562.pt,7448.0,30947.95703125,8953.0,29117.640625,3.0,19.435131072998047,3.0,10.257336616516113,2630.0,1839.9478759765625,1024.0,374.602783203125
exemplar,149,exemplar,exemplar/archive_2/92338979-551d-417d-b540-907ba3e43cdf.pt,29043.0,64562.16796875,37083.0,44099.875,31.0,70.61131286621094,5.0,18.8284969329834,1087.0,1939.686279296875,160.0,363.0416564941406
exemplar,150,exemplar,exemplar/archive_2/9313be69-b1d3-4511-8970-154a74b6e9a1.pt,2114.0,5848.28173828125,145.0,865.9681396484375,0.0,0.0,0.0,0.0,78.0,38.24773406982422,1.0,0.7483932971954346
exemplar,151,exemplar,exemplar/archive_2/9484c0eb-623f-4785-b182-7fa5cc18e87e.pt,13661.0,49871.42578125,17018.0,38142.01953125,9.0,34.722190856933594,3.0,15.052607536315918,2760.0,2445.7314453125,1024.0,578.3744506835938
exemplar,152,exemplar,exemplar/archive_2/9847d2cf-f15c-4505-8b8d-f64ac3998050.pt,24672.0,78002.140625,5377.0,43142.29296875,3.0,76.55796813964844,1.0,23.83749008178711,32.0,703.8636474609375,1.0,31.998563766479492
exemplar,153,exemplar,exemplar/archive_2/991f13af-b7f2-4986-8d9a-67446552fda3.pt,4933.0,33196.58984375,1767.0,28275.2578125,2.0,13.179676055908203,1.0,7.482785701751709,80.0,1538.7032470703125,65.0,220.739990234375
exemplar,154,exemplar,exemplar/archive_2/9bf554fc-02eb-4516-9e17-0417c78bcfc4.pt,825.0,10307.130859375,132.0,5076.81640625,5.0,13.862922668457031,0.0,4.996975421905518,32.0,1005.7399291992188,1.0,110.51823425292969
exemplar,155,exemplar,exemplar/archive_2/9e988320-f57a-4fd9-9af6-e0dd6526b45f.pt,3337.0,10910.43359375,4118.0,11116.3818359375,5.0,21.112314224243164,2.0,9.644676208496094,2877.0,2491.256591796875,1024.0,525.9281005859375
exemplar,156,exemplar,exemplar/archive_2/a191dd12-d602-4bc6-aaf3-c8cb908fd702.pt,26532.0,37143.16796875,19612.0,25280.90234375,128.0,14.701796531677246,4.0,8.374996185302734,309.0,912.490234375,9.0,73.8123779296875
exemplar,157,exemplar,exemplar/archive_2/a1fe7c8f-9a29-4f21-ae4d-1839cca18741.pt,141209.0,52753.609375,87556.0,46210.58984375,12.0,11.364717483520508,0.0,4.328004837036133,3055.0,2760.30078125,2976.0,578.4114379882812
exemplar,158,exemplar,exemplar/archive_2/aa61c13f-4b69-4075-914c-dd0ce3023d0a.pt,2010.0,10659.4287109375,1245.0,5211.3466796875,114.0,0.0,0.0,4.956208229064941,272.0,984.6435546875,1.0,108.04914855957031
exemplar,159,exemplar,exemplar/archive_2/aacf0ac9-db95-4fcc-8c4d-aecbc270036b.pt,11924.0,57137.6796875,15471.0,41219.96875,26.0,50.06382751464844,6.0,17.213104248046875,584.0,2242.810791015625,160.0,481.7340087890625
exemplar,160,exemplar,exemplar/archive_2/ab159ae2-584e-4dcd-a535-87f562c45533.pt,5311.0,64875.28125,1379.0,7801.17822265625,285.0,257.8354187011719,0.0,14.44546127319336,20.0,356.2218322753906,1.0,6.488857746124268
exemplar,161,exemplar,exemplar/archive_2/aec95022-1104-4ae4-a2f5-570b3651b52c.pt,6738.0,11531.3125,9529.0,12811.46484375,128.0,22.69896697998047,0.0,11.011180877685547,962.0,2482.828369140625,128.0,526.256591796875
exemplar,162,exemplar,exemplar/archive_2/af819660-64bf-4cba-9691-9f108cad6317.pt,5391.0,49834.86328125,7192.0,38114.5625,6.0,34.72840881347656,1.0,15.046255111694336,520.0,2447.21484375,192.0,578.5034790039062
exemplar,163,exemplar,exemplar/archive_2/af92a7a9-9199-47a1-b0a9-5342e82f3648.pt,34873.0,50833.4921875,51955.0,39396.48046875,133.0,35.85698699951172,9.0,16.33710479736328,2886.0,2611.44775390625,1024.0,610.7767944335938
exemplar,164,exemplar,exemplar/archive_2/b09aaa61-8f84-4cf9-a06d-599c34d35835.pt,59062.0,170014.65625,7409.0,85528.3671875,2290.0,661.5333251953125,2.0,33.223121643066406,533.0,793.9471435546875,2.0,52.77071762084961
exemplar,165,exemplar,exemplar/archive_2/b2a102d6-2db3-4141-a7c7-ed4324a7263b.pt,42567.0,50468.3046875,41403.0,38565.953125,54.0,24.88362693786621,9.0,8.242731094360352,821.0,2174.0986328125,144.0,379.24072265625
exemplar,166,exemplar,exemplar/archive_2/b880a011-7afd-4691-9c3b-f599fcac6507.pt,21678.0,33338.6328125,36597.0,32338.09765625,128.0,20.409650802612305,6.0,11.425456047058105,2905.0,1934.67626953125,1024.0,400.86785888671875
exemplar,167,exemplar,exemplar/archive_2/b9edb958-f6ba-439a-ba1f-5dc57457d87b.pt,5341.0,31174.455078125,1413.0,22939.03515625,2.0,14.757615089416504,1.0,7.263583660125732,46.0,1225.7860107421875,12.0,128.7018280029297
exemplar,168,exemplar,exemplar/archive_2/ba32d4dc-3186-4b4c-b1d4-340affbac563.pt,3398.0,10910.43359375,4169.0,11116.3818359375,5.0,21.1123046875,2.0,9.644673347473145,2877.0,2491.256591796875,1024.0,525.9281005859375
exemplar,169,exemplar,exemplar/archive_2/ba3d991d-2cd4-44eb-8a4a-4686a9a792e5.pt,9430.0,18712.345703125,7945.0,19230.806640625,0.0,0.0,3.0,5.7960100173950195,822.0,2231.162841796875,144.0,374.60955810546875
exemplar,170,exemplar,exemplar/archive_2/bd8316b7-d3b7-49ff-9167-f583a6f7f78a.pt,12949.0,57137.6796875,15545.0,41219.96875,26.0,50.06382751464844,6.0,17.213104248046875,584.0,2242.810791015625,160.0,481.7340087890625
exemplar,171,exemplar,exemplar/archive_2/c3443d82-ae16-48f6-a622-6ce65bee8aca.pt,955.0,10443.451171875,43.0,5120.20654296875,5.0,14.011420249938965,0.0,4.984126091003418,527.0,996.928955078125,1.0,107.6110610961914
exemplar,172,exemplar,exemplar/archive_2/c3a185b3-0e34-4a6a-9e0f-ff2533cfe862.pt,3142.0,30534.927734375,3917.0,28960.666015625,2.0,19.890539169311523,1.0,10.397090911865234,521.0,1851.182373046875,192.0,370.8391418457031
exemplar,173,exemplar,exemplar/archive_2/c4f9c274-e5de-425d-b846-794493bdb601.pt,26314.0,34302.109375,958.0,28755.2421875,5.0,12.589128494262695,2.0,7.249292373657227,546.0,1519.3856201171875,23.0,220.59686279296875
exemplar,174,exemplar,exemplar/archive_2/c7058331-3595-4e04-a0e6-5f31ca0ee832.pt,6665.0,30947.95703125,8866.0,29117.640625,3.0,19.435136795043945,3.0,10.257336616516113,2628.0,1839.9478759765625,1024.0,374.602783203125
exemplar,175,exemplar,exemplar/archive_2/c91f1953-c631-4fc6-ac39-e58cdf044715.pt,84.0,947.594970703125,1.0,27.414539337158203,0.0,0.0,0.0,3.531263828277588,12.0,350.52801513671875,1.0,12.532899856567383
exemplar,176,exemplar,exemplar/archive_2/cb4208e9-f4ec-4508-a127-e61713fa4427.pt,1083.0,3204.84814453125,183.0,799.6995849609375,5.0,51.89016342163086,0.0,0.0,33.0,182.30738830566406,1.0,2.0756523609161377
exemplar,177,exemplar,exemplar/archive_2/cbe41495-f713-4951-a5ab-bfc09d0b62ef.pt,24983.0,54439.171875,20118.0,17801.041015625,128.0,37.997764587402344,4.0,19.788991928100586,307.0,307.4432373046875,9.0,6.001314163208008
exemplar,178,exemplar,exemplar/archive_2/cdbce098-85d7-472c-ab93-3fd7760cf305.pt,10021.0,54081.703125,7133.0,43061.96875,8.0,23.72421646118164,1.0,11.21364974975586,274.0,1572.6951904296875,82.0,282.72296142578125
exemplar,179,exemplar,exemplar/archive_2/cdfa8f37-89f2-4dd4-a946-19c2e5ded11b.pt,2112.0,3332.31640625,1084.0,852.722412109375,113.0,50.107261657714844,0.0,0.0,270.0,177.48805236816406,1.0,2.171813726425171
exemplar,180,exemplar,exemplar/archive_2/cf9ebcf6-3e99-4143-965c-4e208570a8ed.pt,103.0,9522.349609375,21.0,4468.0966796875,2.0,14.705626487731934,0.0,5.0753655433654785,17.0,1013.9784545898438,1.0,110.68644714355469
exemplar,181,exemplar,exemplar/archive_2/d421446f-6e66-43e0-9f09-f49746ab729a.pt,20143.0,33338.6328125,30349.0,32338.09765625,128.0,20.409650802612305,9.0,11.425456047058105,2886.0,1934.67626953125,1024.0,400.86785888671875
exemplar,182,exemplar,exemplar/archive_2/d8b32d50-b3cf-432b-bb5b-b8f535ce714c.pt,9619.0,20317.0859375,8367.0,21452.93359375,0.0,0.0,4.0,5.122341156005859,6581.0,4926.07861328125,1296.0,1657.89990234375
exemplar,183,exemplar,exemplar/archive_2/dcb74e34-ca5a-486e-86d9-d9a6040d1c0e.pt,2909.0,15826.4541015625,1051.0,826.069580078125,0.0,0.0,0.0,8.457353591918945,41.0,998.6864013671875,26.0,74.33574676513672
exemplar,184,exemplar,exemplar/archive_2/dd00795c-3e46-41f8-b2ef-d07178c68303.pt,5308.0,12247.484375,6923.0,9884.326171875,128.0,57.386531829833984,0.0,12.827415466308594,414.0,692.562255859375,64.0,47.32369613647461
exemplar,185,exemplar,exemplar/archive_2/dd6967a6-6467-4056-a70b-bf30ac5ce5a8.pt,24764.0,39977.0390625,3054.0,26228.04296875,5.0,16.523143768310547,2.0,9.570849418640137,548.0,727.65185546875,10.0,49.016719818115234
exemplar,186,exemplar,exemplar/archive_2/df404ea2-7749-44ca-9f48-4e40bcbbcccc.pt,34873.0,50833.4453125,51955.0,39396.48046875,133.0,35.85698699951172,9.0,16.33710479736328,2886.0,2611.44775390625,1024.0,610.7767944335938
exemplar,187,exemplar,exemplar/archive_2/e1d7bcd5-74f3-4ba8-98fa-8fd7e8e53d4c.pt,4950.0,21073.662109375,1682.0,4585.00341796875,0.0,0.0,0.0,17.121671676635742,19.0,467.3284912109375,2.0,10.202342987060547
exemplar,188,exemplar,exemplar/archive_2/e206f89f-6722-4b7b-aa5e-1da854f3c74f.pt,27004.0,52104.453125,331.0,17575.376953125,5.0,37.655426025390625,2.0,19.111576080322266,527.0,301.3095703125,1.0,5.951779842376709
exemplar,189,exemplar,exemplar/archive_2/e3ca47f3-9ba7-4a01-a793-27142befd25c.pt,47382.0,166775.40625,21390.0,84656.484375,2100.0,620.7357177734375,2.0,32.26835632324219,43.0,796.9945068359375,2.0,53.6131477355957
exemplar,190,exemplar,exemplar/archive_2/e52443e5-a588-4cfc-9d56-0d24ba75bb95.pt,6719.0,33103.515625,5572.0,7622.3818359375,4.0,30.36427879333496,0.0,6.290801048278809,127.0,983.6810302734375,86.0,69.6358871459961
exemplar,191,exemplar,exemplar/archive_2/e871b1d9-adf7-4508-b8d5-8ba960b2e566.pt,22003.0,79169.9375,6714.0,43253.4453125,5.0,78.5060806274414,2.0,24.20077133178711,43.0,696.9624633789062,2.0,31.203218460083008
exemplar,192,exemplar,exemplar/archive_2/e8e67ed2-6a32-4e3a-9a24-1a5b7a5d7691.pt,3057.0,10782.560546875,2828.0,10931.837890625,3.0,21.50655746459961,2.0,9.654903411865234,2630.0,2461.844970703125,1024.0,515.7423095703125
exemplar,193,exemplar,exemplar/archive_2/eaa44c08-a035-4803-ab47-513783efb3a7.pt,62507.0,54868.61328125,2597.0,18612.158203125,0.0,0.0,0.0,0.0,82.0,285.9046936035156,1.0,27.65944480895996
exemplar,194,exemplar,exemplar/archive_2/ee25387d-83ea-4d27-a105-d01ae8728a92.pt,692.0,7243.20849609375,7.0,2484.109130859375,3.0,28.095277786254883,0.0,4.660906791687012,23.0,500.2807922363281,1.0,30.650257110595703
exemplar,195,exemplar,exemplar/archive_2/f1752ca3-1640-4967-938c-5272dc274596.pt,19721.0,64562.16796875,27649.0,44099.875,31.0,70.61131286621094,5.0,18.8284969329834,1080.0,1939.686279296875,160.0,363.0416564941406
exemplar,196,exemplar,exemplar/archive_2/f1d40b09-efc4-448c-b6d0-d6a3f43e3b8e.pt,137.0,9522.349609375,33.0,4468.0966796875,2.0,14.705626487731934,0.0,5.0753655433654785,17.0,1013.9784545898438,1.0,110.68644714355469
exemplar,197,exemplar,exemplar/archive_2/f5b0a3bb-2a24-4ea7-9add-17c93d3d1e7f.pt,7531.0,25454.830078125,4195.0,12467.5224609375,279.0,21.63311004638672,0.0,5.75312614440918,20.0,1206.1953125,2.0,144.76858520507812
exemplar,198,exemplar,exemplar/archive_2/f724084e-64df-4b4c-88a0-1dc091f01bcd.pt,2863.0,15826.4541015625,867.0,826.0692138671875,0.0,0.0,0.0,8.457353591918945,39.0,998.6864013671875,27.0,74.33574676513672
exemplar,199,exemplar,exemplar/archive_2/fe04f4ae-8adb-4468-832b-52fe73541363.pt,7557.0,59946.046875,2268.0,40824.5546875,2.0,47.12800216674805,1.0,18.877107620239258,24.0,821.4403686523438,1.0,48.538516998291016
exemplar,200,exemplar,exemplar/archive_3/06583efc-f9a7-4a60-af97-acc52a47cf4d.pt,5052.0,64875.28125,1402.0,7801.17822265625,292.0,257.8354187011719,0.0,14.44546127319336,20.0,356.2218322753906,1.0,6.488857746124268
exemplar,201,exemplar,exemplar/archive_3/08d11c63-55b7-499f-975d-fd09bd12dc53.pt,2280.0,10659.4384765625,421.0,5211.3466796875,107.0,0.0,0.0,4.956208229064941,266.0,984.6431274414062,1.0,108.04914855957031
exemplar,202,exemplar,exemplar/archive_3/0bd10243-a38d-4bdd-bbe8-5e29012bae94.pt,1096.0,7231.3076171875,183.0,2479.26123046875,5.0,28.243633270263672,0.0,4.676942825317383,33.0,500.11492919921875,1.0,30.528284072875977
exemplar,203,exemplar,exemplar/archive_3/0d2973d0-80d2-4ac3-8942-1bfab430d8fb.pt,32667.0,86025.4921875,30766.0,48701.734375,128.0,83.2621078491211,19.0,28.494853973388672,310.0,703.3190307617188,9.0,31.31833839416504
exemplar,204,exemplar,exemplar/archive_3/0eb34ec2-1755-44cf-9fd1-ae1eda09f0b7.pt,41337.0,50468.3046875,41195.0,38565.953125,54.0,24.88362693786621,9.0,8.242733001708984,821.0,2174.099609375,144.0,379.24090576171875
exemplar,205,exemplar,exemplar/archive_3/0f110dec-cdf6-4850-b898-f98be71240f5.pt,700.0,3207.781494140625,7.0,803.7953491210938,3.0,51.50517654418945,0.0,0.0,23.0,183.1529083251953,1.0,2.121734142303467
exemplar,206,exemplar,exemplar/archive_3/12ecbf82-8a28-44e1-b2ab-06f8e50cea97.pt,7404.0,59946.046875,2268.0,40824.5546875,2.0,47.12799072265625,1.0,18.877103805541992,24.0,821.4403686523438,1.0,48.53852844238281
exemplar,207,exemplar,exemplar/archive_3/1388fecd-67a1-45ac-8157-fc0f8d2f0a05.pt,46486.0,37199.42578125,47589.0,30386.85546875,6.0,10.483133316040039,3.0,5.372677326202393,6588.0,4444.669921875,1296.0,1515.535888671875
exemplar,208,exemplar,exemplar/archive_3/13fb640f-1e24-47fd-bb39-25b8d08a824d.pt,12949.0,57137.6796875,15545.0,41219.96875,26.0,50.06382751464844,6.0,17.213104248046875,584.0,2242.810791015625,160.0,481.7340087890625
exemplar,209,exemplar,exemplar/archive_3/1850c071-2916-4efd-ae6e-47fc45672aeb.pt,72366.0,76565.171875,37663.0,61877.76171875,32.0,46.41383743286133,2.0,14.862373352050781,887.0,1194.851318359375,113.0,153.3040771484375
exemplar,210,exemplar,exemplar/archive_3/1b2d4669-b746-4295-9d6f-a209f5d3b340.pt,26216.0,34302.109375,1328.0,28755.2421875,5.0,12.589128494262695,2.0,7.249292373657227,552.0,1519.3856201171875,29.0,220.59686279296875
exemplar,211,exemplar,exemplar/archive_3/1d4d5e23-1d85-41d4-a3f9-b1a83d23c34b.pt,7381.0,25459.87890625,3336.0,12473.244140625,285.0,21.71270179748535,0.0,5.740963935852051,15.0,1219.479248046875,1.0,148.2198486328125
exemplar,212,exemplar,exemplar/archive_3/1e583b76-4ef7-4e53-a161-03b8f8430ed8.pt,21914.0,34011.34375,2056.0,28607.314453125,3.0,12.612459182739258,1.0,7.248220920562744,63.0,1537.594970703125,40.0,225.0950927734375
exemplar,213,exemplar,exemplar/archive_3/21ae4549-1aff-4723-9c89-74015a97c167.pt,2589.0,5848.28173828125,653.0,865.9681396484375,0.0,0.0,0.0,0.0,83.0,38.24773406982422,1.0,0.7483924627304077
exemplar,214,exemplar,exemplar/archive_3/2259df4b-da56-4694-8ebf-a250b93cf8f5.pt,61375.0,170014.65625,19858.0,85528.3671875,2286.0,661.5333251953125,2.0,33.223121643066406,538.0,793.9471435546875,2.0,52.77071762084961
exemplar,215,exemplar,exemplar/archive_3/232fe499-7681-4c8a-b15d-0864a56edfd4.pt,2852.0,9499.4169921875,1780.0,7383.544921875,3.0,55.1932258605957,0.0,11.378937721252441,34.0,640.347900390625,2.0,41.85565948486328
exemplar,216,exemplar,exemplar/archive_3/2366c0f3-3d8a-4ba5-a1e5-4448a419d2fd.pt,3095.0,9822.6474609375,2700.0,10331.3330078125,5.0,23.7125244140625,1.0,10.201776504516602,588.0,2134.974853515625,160.0,403.01287841796875
exemplar,217,exemplar,exemplar/archive_3/28eb748c-eb75-4d49-9730-91b175a03814.pt,5088.0,14277.2548828125,1678.0,5857.83984375,0.0,0.0,0.0,6.482429504394531,16.0,1069.2039794921875,1.0,93.1307144165039
exemplar,218,exemplar,exemplar/archive_3/2911e90a-d77a-49df-ad2e-6d3041ef039d.pt,140500.0,52753.609375,86778.0,46210.58984375,12.0,11.364714622497559,0.0,4.328004837036133,3058.0,2760.30078125,2979.0,578.4114379882812
exemplar,219,exemplar,exemplar/archive_3/2b4a4eaf-94fc-43b7-bd1e-9ae39557e259.pt,55665.0,69285.5859375,31596.0,55803.73828125,27.0,37.89076614379883,2.0,13.736268043518066,398.0,1317.2376708984375,103.0,187.2021026611328
exemplar,220,exemplar,exemplar/archive_3/2cba8c1f-4f72-400a-b18f-1905a649a686.pt,10513.0,14586.123046875,6645.0,9398.9033203125,0.0,0.0,0.0,0.0,95.0,518.486083984375,1.0,28.19769287109375
exemplar,221,exemplar,exemplar/archive_3/2eed692f-7176-4ea9-bbef-c95f4bd43b45.pt,21176.0,33338.6328125,32593.0,32338.09765625,128.0,20.409656524658203,8.0,11.425456047058105,2889.0,1934.67626953125,1024.0,400.86785888671875
exemplar,222,exemplar,exemplar/archive_3/305dc971-6cb9-4479-8da4-3ed6a2167a44.pt,9619.0,20317.0859375,8367.0,21452.93359375,0.0,0.0,4.0,5.122341156005859,6581.0,4926.07861328125,1296.0,1657.89990234375
exemplar,223,exemplar,exemplar/archive_3/37871b96-f93e-4673-a7c8-d7a71505804b.pt,6448.0,41500.77734375,230.0,16270.9482421875,2.0,29.600101470947266,1.0,15.681937217712402,18.0,346.6665954589844,1.0,7.719419002532959
exemplar,224,exemplar,exemplar/archive_3/37996d69-2677-4717-ae97-cde6bd8748be.pt,905.0,10307.130859375,151.0,5076.81640625,5.0,13.862922668457031,0.0,4.996975421905518,33.0,1005.7399291992188,1.0,110.5182876586914
exemplar,225,exemplar,exemplar/archive_3/3864614f-2506-48de-b994-99ae08ca30de.pt,9619.0,20317.0859375,8367.0,21452.93359375,0.0,0.0,4.0,5.122341156005859,6581.0,4926.07861328125,1296.0,1657.89990234375
exemplar,226,exemplar,exemplar/archive_3/3a7ddf40-4818-4f21-9614-7429c3608ef7.pt,3367.0,9870.9013671875,4037.0,10364.3466796875,5.0,26.357885360717773,1.0,10.486753463745117,1085.0,1822.140869140625,160.0,301.3804931640625
exemplar,227,exemplar,exemplar/archive_3/3c34c8dd-6143-4349-ba49-9db7514afb35.pt,72892.0,76565.171875,35638.0,61877.76171875,32.0,46.41382598876953,2.0,14.862373352050781,873.0,1194.851318359375,101.0,153.3040771484375
exemplar,228,exemplar,exemplar/archive_3/3c3922e9-8e61-4c70-96f8-df25f0a19bf7.pt,5238.0,21073.662109375,1731.0,4585.00341796875,0.0,0.0,0.0,17.121671676635742,19.0,467.3284912109375,2.0,10.202342987060547
exemplar,229,exemplar,exemplar/archive_3/41564015-3c26-45b3-975a-6e027e49d63d.pt,993.0,3243.921875,26.0,809.7393188476562,5.0,51.32413864135742,0.0,0.0,524.0,185.26129150390625,1.0,2.048391342163086
exemplar,230,exemplar,exemplar/archive_3/41c44d85-1b9b-468f-a8cd-379651170f92.pt,1367.0,9669.4794921875,1337.0,9766.708984375,2.0,21.461973190307617,0.0,9.706457138061523,520.0,2482.226806640625,192.0,503.2439270019531
exemplar,231,exemplar,exemplar/archive_3/467481bc-1cd4-4fe9-89ba-205dac892ea5.pt,1363.0,7474.31201171875,747.0,2615.462158203125,117.0,26.116588592529297,0.0,4.516829013824463,270.0,537.8505249023438,1.0,35.94966125488281
exemplar,232,exemplar,exemplar/archive_3/49f1f8f6-4127-4a44-9242-241f59f88c5e.pt,26907.0,79169.859375,5435.0,43253.4453125,5.0,78.5060806274414,2.0,24.20077133178711,36.0,696.9624633789062,1.0,31.203218460083008
exemplar,233,exemplar,exemplar/archive_3/4df0be4b-66c4-43cd-95f6-183ce806d41e.pt,158260.0,129775.265625,90216.0,88204.3203125,66.0,86.69764709472656,0.0,0.0,626.0,842.3563232421875,92.0,112.61101531982422
exemplar,234,exemplar,exemplar/archive_3/513a25e1-b5eb-493a-81eb-2c6783edec5c.pt,5004.0,31174.455078125,1937.0,22939.03515625,2.0,14.757615089416504,1.0,7.2635817527771,49.0,1225.785400390625,12.0,128.7018280029297
exemplar,235,exemplar,exemplar/archive_3/526a1c2b-6fb4-4058-81df-1804a76c3555.pt,399.0,1293.7548828125,319.0,242.0425567626953,0.0,0.0,0.0,6.839632511138916,16.0,433.61932373046875,1.0,9.926953315734863
exemplar,236,exemplar,exemplar/archive_3/5339e381-b42d-4d17-af6e-9f012b8a4e95.pt,9745.0,36714.1015625,14215.0,32486.505859375,5.0,25.5629825592041,4.0,12.428543090820312,1080.0,1478.3038330078125,160.0,217.8774871826172
exemplar,237,exemplar,exemplar/archive_3/58a5481a-b506-4e99-b4fb-49575de3138b.pt,21086.0,34008.87890625,3624.0,28608.65234375,5.0,12.631660461425781,2.0,7.259049892425537,70.0,1536.031005859375,42.0,224.5325927734375
exemplar,238,exemplar,exemplar/archive_3/59f7052a-5874-4452-a75a-0ac2831b9d84.pt,21591.0,50729.078125,3552.0,17360.65234375,5.0,37.552913665771484,2.0,18.721878051757812,39.0,299.5041198730469,1.0,5.929268836975098
exemplar,239,exemplar,exemplar/archive_3/5b52039c-4c2d-4e64-a978-c21785ee7c6b.pt,3057.0,10782.560546875,2828.0,10931.837890625,3.0,21.50655746459961,2.0,9.654903411865234,2630.0,2461.844970703125,1024.0,515.7423095703125
exemplar,240,exemplar,exemplar/archive_3/62825ea7-7137-4533-92d7-d441af4c40ba.pt,12478.0,36714.1015625,14237.0,32486.505859375,5.0,25.56298828125,4.0,12.428543090820312,1083.0,1478.3038330078125,160.0,217.8774871826172
exemplar,241,exemplar,exemplar/archive_3/64224705-c771-420a-9f84-1c001366ba33.pt,14078.0,57137.6796875,17206.0,41219.96875,26.0,50.06382751464844,6.0,17.213104248046875,591.0,2242.810791015625,160.0,481.7340087890625
exemplar,242,exemplar,exemplar/archive_3/645258ad-eb6e-4363-bf0c-9fda5164f36b.pt,9507.0,20317.0859375,8401.0,21452.93359375,0.0,0.0,4.0,5.122341156005859,6582.0,4926.07861328125,1296.0,1657.89990234375
exemplar,243,exemplar,exemplar/archive_3/69d67690-ef91-4389-b6a9-704f1e89952c.pt,3367.0,9870.9013671875,4037.0,10364.3466796875,5.0,26.357885360717773,1.0,10.486753463745117,1085.0,1822.140869140625,160.0,301.3804931640625
exemplar,244,exemplar,exemplar/archive_3/6ee6e354-d81a-46f4-a113-c16e881419db.pt,7448.0,52807.51953125,3359.0,16546.19921875,282.0,210.1746368408203,0.0,14.425808906555176,15.0,520.7886962890625,1.0,16.12861442565918
exemplar,245,exemplar,exemplar/archive_3/6f0ca42f-3067-45a1-a683-4042133a9202.pt,78.0,9522.349609375,5.0,4468.0966796875,2.0,14.705626487731934,0.0,5.0753655433654785,15.0,1013.9784545898438,1.0,110.68644714355469
exemplar,246,exemplar,exemplar/archive_3/714d7039-2846-4e1e-a836-7bbcc8b6289a.pt,120.0,6996.05615234375,48.0,2700.85888671875,2.0,22.98571014404297,0.0,4.677518844604492,18.0,735.857177734375,1.0,63.2678337097168
exemplar,247,exemplar,exemplar/archive_3/765100ca-9941-475f-92bd-c0304625006e.pt,34970.0,54552.9921875,48853.0,40792.21484375,149.0,43.04568099975586,8.0,17.512832641601562,841.0,2552.896484375,128.0,576.9134521484375
exemplar,248,exemplar,exemplar/archive_3/7a8292e7-d54f-47e7-939d-07247297c66a.pt,6500.0,29826.25390625,5446.0,7881.09619140625,2.0,19.908737182617188,0.0,6.174720287322998,288.0,1466.410400390625,275.0,161.49444580078125
exemplar,249,exemplar,exemplar/archive_3/7ca5352c-c08e-405a-81fc-ad9b893bbb74.pt,3337.0,10910.43359375,4118.0,11116.3818359375,5.0,21.112323760986328,2.0,9.644676208496094,2876.0,2491.25537109375,1024.0,525.9278564453125
exemplar,250,exemplar,exemplar/archive_3/7efb5b4e-0e1d-4b1e-a030-e65c830dba5d.pt,29649.0,80352.84375,3871.0,43661.55078125,5.0,82.29007720947266,2.0,24.810178756713867,532.0,695.0347900390625,1.0,30.810279846191406
exemplar,251,exemplar,exemplar/archive_3/7fde29f5-7a7e-4430-bd5a-d53d331c76fd.pt,2039.0,7474.31201171875,1009.0,2615.462158203125,112.0,26.116588592529297,0.0,4.516829013824463,270.0,537.8505249023438,1.0,35.94966125488281
exemplar,252,exemplar,exemplar/archive_3/84f243ce-de91-4e4e-82df-037ca151348d.pt,20159.0,35537.828125,35143.0,34031.296875,128.0,22.331005096435547,6.0,12.222761154174805,856.0,1837.484619140625,128.0,355.4085388183594
exemplar,253,exemplar,exemplar/archive_3/85ddd60e-a64f-419e-8b38-b5166d5ad1b1.pt,44605.0,142183.328125,18280.0,78152.484375,2005.0,267.3140869140625,6.0,22.9060115814209,286.0,395.45330810546875,6.0,16.94540023803711
exemplar,254,exemplar,exemplar/archive_3/86d4e5a5-73ae-4efb-a82b-74835eb253df.pt,1507.0,7474.31201171875,1068.0,2615.46337890625,106.0,26.116600036621094,0.0,4.516829490661621,272.0,537.8505249023438,1.0,35.94966125488281
exemplar,255,exemplar,exemplar/archive_3/8a1b09f4-8b12-4e3a-95b9-58b27dae1b27.pt,7939.0,33933.32421875,8237.0,31291.041015625,5.0,22.86785888671875,4.0,11.520540237426758,584.0,1679.8555908203125,160.0,297.4065246582031
exemplar,256,exemplar,exemplar/archive_3/8be9ce88-19c5-490e-8054-80f1eb75f145.pt,130.0,6996.05615234375,44.0,2700.85888671875,2.0,22.98571014404297,0.0,4.677518844604492,18.0,735.857177734375,1.0,63.2678337097168
exemplar,257,exemplar,exemplar/archive_3/8db4404b-d427-4fdb-bb09-ea2dbd1df722.pt,15128.0,49871.42578125,18973.0,38142.01953125,9.0,34.722190856933594,4.0,15.052607536315918,2767.0,2445.7314453125,1024.0,578.3741455078125
exemplar,258,exemplar,exemplar/archive_3/908de307-aeee-4cfe-95b0-46ab568997c4.pt,21170.0,34008.87890625,3792.0,28608.65234375,5.0,12.631660461425781,2.0,7.259049892425537,69.0,1536.031005859375,41.0,224.5325927734375
exemplar,259,exemplar,exemplar/archive_3/933b3c35-b647-4b59-9bcd-f042466674b6.pt,2083.0,10659.4384765625,959.0,5211.3466796875,105.0,0.0,0.0,4.956208229064941,270.0,984.6435546875,1.0,108.04914855957031
exemplar,260,exemplar,exemplar/archive_3/93d9e5bf-7351-4866-8514-29bc581b2375.pt,43520.0,55858.31640625,32449.0,46501.3984375,7.0,20.044172286987305,1.0,10.922005653381348,2051.0,2360.308349609375,2028.0,515.9434204101562
exemplar,261,exemplar,exemplar/archive_3/93e43f7b-8376-46b6-99c5-66025727bea6.pt,1324.0,9669.43359375,1279.0,9885.966796875,2.0,20.89324951171875,0.0,9.67264175415039,328.0,2521.707275390625,96.0,513.3599243164062
exemplar,262,exemplar,exemplar/archive_3/95c22d49-3c60-4de8-aaf1-50d771902c6f.pt,902.0,9064.7158203125,766.0,7670.39208984375,2.0,46.8495979309082,0.0,10.9706392288208,26.0,820.0137329101562,1.0,62.395633697509766
exemplar,263,exemplar,exemplar/archive_3/9842c884-7992-4951-a284-bf50d8e97b05.pt,25409.0,39977.0390625,2298.0,26228.04296875,5.0,16.523143768310547,2.0,9.570849418640137,546.0,727.65185546875,8.0,49.01670837402344
exemplar,264,exemplar,exemplar/archive_3/9f921d58-91bf-4b62-8e1d-b95c556b3e67.pt,73160.0,76565.171875,38475.0,61877.76171875,32.0,46.41383743286133,2.0,14.862373352050781,881.0,1194.8519287109375,108.0,153.3041534423828
exemplar,265,exemplar,exemplar/archive_3/a045e629-9ce5-4a46-98d1-f46171bbc5d7.pt,53357.0,58015.18359375,61963.0,49117.9453125,133.0,20.551347732543945,4.0,11.240218162536621,2147.0,2375.29150390625,1884.0,514.9320068359375
exemplar,266,exemplar,exemplar/archive_3/aa38623f-8522-4555-a87c-1e5aee2b9c6c.pt,2316.0,13920.984375,290.0,4733.6796875,0.0,0.0,0.0,2.2634449005126953,80.0,621.8859252929688,1.0,107.73133087158203
exemplar,267,exemplar,exemplar/archive_3/acdcfe80-36b1-402d-9fda-579b9cd12e61.pt,7526.0,59946.046875,2268.0,40824.5546875,2.0,47.12800216674805,1.0,18.877103805541992,24.0,821.4403686523438,1.0,48.538516998291016
exemplar,268,exemplar,exemplar/archive_3/b379766c-1fc4-4ddd-8c8f-01671d294e2d.pt,350.0,1470.504638671875,262.0,411.7371520996094,0.0,0.0,0.0,5.0925750732421875,18.0,1125.7078857421875,1.0,108.21546173095703
exemplar,269,exemplar,exemplar/archive_3/bb6cc7af-5692-4f06-a0d7-5ed5799c9d61.pt,2233.0,11074.845703125,290.0,2355.98974609375,0.0,0.0,0.0,0.0,80.0,139.54383850097656,1.0,14.621685981750488
exemplar,270,exemplar,exemplar/archive_3/be33a535-98f4-49a5-99b7-fe08cd80c49a.pt,802.0,10326.45703125,148.0,5093.978515625,3.0,13.790738105773926,0.0,4.991666793823242,27.0,1006.257080078125,1.0,110.73673248291016
exemplar,271,exemplar,exemplar/archive_3/c17d9415-d1da-404b-9550-d974901b0f77.pt,65869.0,173495.78125,52752.0,88570.4921875,1918.0,654.8864135742188,4.0,35.5128173828125,313.0,811.9849853515625,9.0,55.60932922363281
exemplar,272,exemplar,exemplar/archive_3/c3a84bad-a891-4ed4-9590-49b2e3825c7a.pt,20915.0,50269.1484375,2704.0,17382.40625,3.0,36.97178649902344,1.0,18.524728775024414,33.0,301.6043395996094,1.0,6.033661842346191
exemplar,273,exemplar,exemplar/archive_3/c47a57ee-6f6c-4509-83a4-d911de7a608c.pt,20987.0,50269.1484375,2845.0,17382.40625,3.0,36.971778869628906,1.0,18.524728775024414,33.0,301.6042175292969,1.0,6.033655166625977
exemplar,274,exemplar,exemplar/archive_3/c5953b88-a18f-45ef-b053-a10de5b77f79.pt,5032.0,14270.1083984375,1673.0,5992.380859375,0.0,0.0,0.0,6.419792652130127,16.0,1077.3729248046875,1.0,95.07510375976562
exemplar,275,exemplar,exemplar/archive_3/c87c3130-88ad-4825-9f55-68c8d961414d.pt,160670.0,129775.265625,82253.0,88204.3203125,66.0,86.69764709472656,0.0,0.0,618.0,842.3563232421875,92.0,112.61106872558594
exemplar,276,exemplar,exemplar/archive_3/c9149d5a-b5b0-47f3-a3f7-0bfb26bcc26a.pt,8039.0,33933.32421875,8344.0,31291.041015625,5.0,22.86785888671875,4.0,11.520540237426758,587.0,1679.8555908203125,160.0,297.4065246582031
exemplar,277,exemplar,exemplar/archive_3/ca8f38ac-e952-45d7-a4f5-d6e24a85588a.pt,930.0,3243.921875,19.0,809.7396850585938,5.0,51.32413864135742,0.0,0.0,523.0,185.26138305664062,1.0,2.0483927726745605
exemplar,278,exemplar,exemplar/archive_3/cbef8382-effa-4dc5-a6bc-9614f1772d1c.pt,866.0,10443.451171875,32.0,5120.20654296875,5.0,14.011420249938965,0.0,4.984127044677734,524.0,996.928955078125,1.0,107.6110610961914
exemplar,279,exemplar,exemplar/archive_3/ce72004b-1e4c-4a21-aed6-379cab5486bf.pt,10390.0,31043.08203125,14642.0,29269.9921875,5.0,19.247404098510742,3.0,10.204434394836426,2875.0,1857.0435791015625,1024.0,382.3385009765625
exemplar,280,exemplar,exemplar/archive_3/cf4557ce-c04b-4f6e-95d5-2ef67749feec.pt,139851.0,52753.609375,87587.0,46210.58984375,12.0,11.364714622497559,0.0,4.328004837036133,3032.0,2760.30078125,2953.0,578.4114379882812
exemplar,281,exemplar,exemplar/archive_3/cfabdefd-a93f-4e93-b729-2f4c44a0e6df.pt,35782.0,137484.9375,1624.0,75844.3125,2118.0,264.1345520019531,2.0,22.445159912109375,32.0,409.1427307128906,1.0,17.449819564819336
exemplar,282,exemplar,exemplar/archive_3/d6b83ff5-29c7-47f9-819c-d07f83d82b93.pt,6367.0,49834.86328125,8139.0,38114.5625,6.0,34.72840881347656,1.0,15.046255111694336,525.0,2447.21484375,192.0,578.5034790039062
exemplar,283,exemplar,exemplar/archive_3/dab5f456-ccc2-4a72-9b87-e9bc7c20e029.pt,2806.0,9628.01171875,2566.0,10061.701171875,3.0,24.09638214111328,1.0,10.254633903503418,503.0,2128.16064453125,128.0,397.99859619140625
exemplar,284,exemplar,exemplar/archive_3/dd896667-6c8d-4e6b-b951-01ef21962849.pt,106521.0,94463.671875,5189.0,28404.154296875,5809.0,869.1348266601562,0.0,0.0,82.0,52.44429397583008,1.0,2.2545056343078613
exemplar,285,exemplar,exemplar/archive_3/dda9c4c0-57d6-4052-b555-2e8fb599475b.pt,2557.0,5848.28173828125,653.0,865.9677734375,0.0,0.0,0.0,0.0,83.0,38.24773406982422,1.0,0.7483941316604614
exemplar,286,exemplar,exemplar/archive_3/de766c24-bdab-4176-a0dd-d9b2706491c9.pt,5306.0,49892.5,6778.0,38127.65234375,8.0,34.389976501464844,2.0,14.884687423706055,328.0,2483.89111328125,96.0,588.2423706054688
exemplar,287,exemplar,exemplar/archive_3/e11131f2-d974-4ada-b80f-a2f1298bdd41.pt,704.0,3207.781494140625,56.0,803.7953491210938,3.0,51.505165100097656,0.0,0.0,24.0,183.1529083251953,1.0,2.121734142303467
exemplar,288,exemplar,exemplar/archive_3/e11b3965-6e57-43b8-a3a0-e83e94e5b616.pt,8039.0,33933.32421875,8344.0,31291.041015625,5.0,22.86785888671875,4.0,11.520540237426758,587.0,1679.8555908203125,160.0,297.4065246582031
exemplar,289,exemplar,exemplar/archive_3/e2c16677-3f06-4890-b4e7-0efbd1d94f95.pt,20335.0,50112.625,28227.0,38239.8125,10.0,34.761653900146484,3.0,14.992265701293945,2872.0,2477.80224609375,1024.0,586.4998168945312
exemplar,290,exemplar,exemplar/archive_3/e57ceb3b-5dc0-4127-bc68-868a6b1dee73.pt,947.0,9064.7158203125,781.0,7670.39208984375,2.0,46.8495979309082,0.0,10.9706392288208,25.0,820.0137329101562,1.0,62.395633697509766
exemplar,291,exemplar,exemplar/archive_3/eb42dbfe-9069-4c08-bb95-26221e0d0945.pt,34950.0,137484.9375,1624.0,75844.3125,2134.0,264.1345520019531,2.0,22.445159912109375,32.0,409.1427307128906,1.0,17.449819564819336
exemplar,292,exemplar,exemplar/archive_3/ecc6822e-1712-420f-bf26-a16ab0ce3dba.pt,35602.0,137484.9375,1624.0,75844.3125,2114.0,264.1345520019531,2.0,22.445159912109375,32.0,409.1427307128906,1.0,17.449827194213867
exemplar,293,exemplar,exemplar/archive_3/ecf51998-8937-4724-9018-6a86368049b0.pt,9863.0,124812.65625,5829.0,68727.578125,418.0,332.6684265136719,1.0,26.58673858642578,29.0,939.6498413085938,2.0,81.79135131835938
exemplar,294,exemplar,exemplar/archive_3/ee50ed59-19d1-41c1-8e61-3f822cfb42ff.pt,3402.0,12968.875,482.0,275.9764099121094,0.0,0.0,0.0,12.629138946533203,18.0,337.068603515625,1.0,2.7279601097106934
exemplar,295,exemplar,exemplar/archive_3/f3a17e75-5fe1-4109-91ee-c0ad8c94ad33.pt,2806.0,9628.021484375,2566.0,10061.701171875,3.0,24.096376419067383,1.0,10.254633903503418,503.0,2128.16064453125,128.0,397.9984130859375
exemplar,296,exemplar,exemplar/archive_3/f6040824-accb-468b-8f6b-ef5ae8b186f4.pt,38548.0,137484.9375,9454.0,75844.3125,2122.0,264.1345520019531,2.0,22.445159912109375,40.0,409.1427307128906,1.0,17.449819564819336
exemplar,297,exemplar,exemplar/archive_3/fb0ac19f-be36-46bf-8b05-dc7c4c7a44a9.pt,930.0,3243.921875,31.0,809.7396850585938,5.0,51.32413864135742,0.0,0.0,524.0,185.26129150390625,1.0,2.0483927726745605
exemplar,298,exemplar,exemplar/archive_3/fc0f1430-b62b-426d-b513-62314b7bd0ab.pt,5895.0,49892.5,6753.0,38127.65234375,8.0,34.389984130859375,2.0,14.884687423706055,328.0,2483.89111328125,96.0,588.2423706054688
exemplar,299,exemplar,exemplar/archive_3/ff750069-8a1a-43e7-805d-ee4732963670.pt,9462.0,124812.65625,4241.0,68727.578125,429.0,332.6684265136719,1.0,26.58673858642578,24.0,939.6498413085938,1.0,81.79135131835938
exemplar,300,exemplar,exemplar/archive_4/0a377130-21b9-41f1-b1d8-8f948b575b71.pt,884.0,7239.94140625,21.0,2409.46337890625,5.0,30.39089012145996,0.0,4.771190643310547,523.0,435.19744873046875,1.0,22.92688751220703
exemplar,301,exemplar,exemplar/archive_4/189bf1a2-3b24-4280-9e2d-16a482d64e05.pt,26387.0,39977.0390625,1055.0,26228.04296875,5.0,16.523147583007812,2.0,9.570852279663086,544.0,727.65185546875,11.0,49.01670837402344
exemplar,302,exemplar,exemplar/archive_4/1ddc2346-a367-4cb9-b052-104862f3d153.pt,2620.0,11074.845703125,653.0,2355.98974609375,0.0,0.0,0.0,0.0,83.0,139.54383850097656,1.0,14.621685981750488
exemplar,303,exemplar,exemplar/archive_4/2012f675-4b3a-4d44-a52c-533e1a5686ad.pt,44864.0,142183.328125,18266.0,78152.484375,1959.0,267.3140869140625,6.0,22.9060115814209,286.0,395.45330810546875,6.0,16.945409774780273
exemplar,304,exemplar,exemplar/archive_4/218f0836-58b7-4a31-b3e5-feb2e0b8baf5.pt,5224.0,12247.484375,7000.0,9884.326171875,128.0,57.386531829833984,0.0,12.827411651611328,414.0,692.562255859375,64.0,47.32369613647461
exemplar,305,exemplar,exemplar/archive_4/24828ab5-d6f4-402b-8d0d-1f4316d3f0bc.pt,141266.0,52753.609375,86447.0,46210.58984375,12.0,11.364714622497559,0.0,4.328004837036133,2986.0,2760.30078125,2908.0,578.4114379882812
exemplar,306,exemplar,exemplar/archive_4/2b3a7651-e925-4edc-8c91-4cce0c803daf.pt,42883.0,55858.31640625,33519.0,46501.3984375,7.0,20.044172286987305,1.0,10.922005653381348,2079.0,2360.30712890625,2055.0,515.9434204101562
exemplar,307,exemplar,exemplar/archive_4/2d92e029-54c9-42a8-8400-ff86e21af205.pt,3305.0,15826.46875,524.0,826.069580078125,0.0,0.0,0.0,8.457350730895996,30.0,998.6864013671875,18.0,74.33574676513672
exemplar,308,exemplar,exemplar/archive_4/2f6c8850-6475-4336-b996-f3d0d54f1cb0.pt,141356.0,52753.609375,86396.0,46210.58984375,12.0,11.364714622497559,0.0,4.328004837036133,3036.0,2760.30078125,2958.0,578.4114379882812
exemplar,309,exemplar,exemplar/archive_4/34caebe1-94b9-4f7c-bf8f-d1f1a14c9ae4.pt,3095.0,9822.6474609375,2700.0,10331.3427734375,5.0,23.7125244140625,1.0,10.20177936553955,588.0,2134.974853515625,160.0,403.01287841796875
exemplar,310,exemplar,exemplar/archive_4/3824541e-ee56-4d65-9c02-4382bf7c0189.pt,24256.0,31507.607421875,22261.0,31760.728515625,0.0,9.522746086120605,6.0,5.790414333343506,821.0,1628.39208984375,144.0,242.94772338867188
exemplar,311,exemplar,exemplar/archive_4/3aab06a7-4eae-47b9-848f-f281514dd686.pt,9359.0,18712.345703125,7911.0,19230.806640625,0.0,0.0,3.0,5.796010971069336,821.0,2231.162841796875,144.0,374.6097412109375
exemplar,312,exemplar,exemplar/archive_4/40416ef5-e7a5-4c4d-918e-702961928757.pt,20988.0,78002.140625,6540.0,43142.29296875,3.0,76.55796813964844,1.0,23.83749008178711,38.0,703.8636474609375,2.0,31.998563766479492
exemplar,313,exemplar,exemplar/archive_4/42238099-ebd6-4d1a-b7e3-eb0e58c08eaf.pt,53538.0,58015.18359375,59942.0,49117.9453125,133.0,20.551347732543945,4.0,11.240218162536621,2169.0,2375.29150390625,1906.0,514.9320068359375
exemplar,314,exemplar,exemplar/archive_4/436700eb-9a0b-4657-a1ab-0c897ff2a318.pt,46294.0,166775.5625,25454.0,84656.484375,2133.0,620.7357177734375,2.0,32.26837158203125,43.0,796.9945068359375,2.0,53.6131477355957
exemplar,315,exemplar,exemplar/archive_4/45ce74b6-c127-486c-baa4-e41f747036c4.pt,21993.0,79169.9375,6696.0,43253.4453125,5.0,78.5060806274414,2.0,24.200777053833008,43.0,696.9624633789062,2.0,31.203210830688477
exemplar,316,exemplar,exemplar/archive_4/48a0e69b-505b-4541-a94e-46f99b98f807.pt,1382.0,9669.4794921875,1337.0,9766.708984375,2.0,21.461973190307617,0.0,9.706459045410156,521.0,2482.226806640625,192.0,503.2439270019531
exemplar,317,exemplar,exemplar/archive_4/4db9bc2c-66bc-4c7a-9a03-cd0862dc81bf.pt,43456.0,50468.3046875,44327.0,38565.953125,54.0,24.88362693786621,9.0,8.242731094360352,828.0,2174.0986328125,144.0,379.24072265625
exemplar,318,exemplar,exemplar/archive_4/4fdb2a6b-0614-43ed-97b8-dccd2ff200f7.pt,7448.0,30947.95703125,8953.0,29117.640625,3.0,19.435131072998047,3.0,10.257336616516113,2630.0,1839.9478759765625,1024.0,374.602783203125
exemplar,319,exemplar,exemplar/archive_4/548bf9ee-eff8-4e75-b69a-c9db9b3d72e6.pt,25756.0,52104.453125,2805.0,17575.376953125,5.0,37.655426025390625,2.0,19.111572265625,534.0,301.3095703125,1.0,5.951783180236816
exemplar,320,exemplar,exemplar/archive_4/585d28bf-c9f5-4ff2-a8ad-c9fc4f31888c.pt,6486.0,118130.984375,454.0,70635.5625,430.0,204.0708770751953,1.0,18.53577423095703,18.0,468.17962646484375,1.0,22.949283599853516
exemplar,321,exemplar,exemplar/archive_4/596a91cf-3df6-463f-b1c6-65707df4f7a9.pt,7423.0,30935.533203125,9003.0,29100.095703125,5.0,19.495758056640625,3.0,10.281085014343262,2760.0,1837.64501953125,1024.0,373.10418701171875
exemplar,322,exemplar,exemplar/archive_4/5c9ecfa4-a74b-40cf-af7a-b727ed7ca083.pt,1143.0,3332.31640625,708.0,852.722412109375,107.0,50.10727310180664,0.0,0.0,270.0,177.48805236816406,1.0,2.171813726425171
exemplar,323,exemplar,exemplar/archive_4/64424fcf-ad58-4dc1-82e0-e3868ab87fd6.pt,3130.0,10752.15234375,2898.0,10897.693359375,5.0,21.651691436767578,2.0,9.668844223022461,2764.0,2456.95849609375,1024.0,513.5897827148438
exemplar,324,exemplar,exemplar/archive_4/6d55b2ed-ab05-4aba-a4a8-3f15f3dfd306.pt,56938.0,54868.61328125,8701.0,18612.158203125,0.0,0.0,0.0,0.0,89.0,285.9046936035156,2.0,27.65944480895996
exemplar,325,exemplar,exemplar/archive_4/77643d2e-ad72-4bcc-b6e9-1a147858d106.pt,35752.0,54552.9921875,57348.0,40792.21484375,149.0,43.04568099975586,7.0,17.512832641601562,862.0,2552.896484375,128.0,576.9134521484375
exemplar,326,exemplar,exemplar/archive_4/78a6191a-884a-46bd-88ca-cc672b209ed2.pt,62771.0,173495.78125,34172.0,88570.4921875,1980.0,654.8864135742188,7.0,35.5128173828125,289.0,811.9849853515625,5.0,55.60932922363281
exemplar,327,exemplar,exemplar/archive_4/793ea687-01ef-44be-b851-29489b1d2453.pt,9606.0,36714.1015625,14135.0,32486.505859375,5.0,25.5629825592041,4.0,12.428543090820312,1080.0,1478.3038330078125,160.0,217.8774871826172
exemplar,328,exemplar,exemplar/archive_4/7e1e21b3-d775-40d7-b923-9c251c8ff98f.pt,42926.0,164502.609375,10071.0,83891.4375,2045.0,604.9852294921875,1.0,31.99806785583496,32.0,803.7811279296875,1.0,54.76313018798828
exemplar,329,exemplar,exemplar/archive_4/81049602-6fd0-431d-9dbd-aef3d91e01e8.pt,7371.0,30947.95703125,8872.0,29117.640625,3.0,19.435131072998047,3.0,10.257336616516113,2628.0,1839.9478759765625,1024.0,374.602783203125
exemplar,330,exemplar,exemplar/archive_4/88b89300-6a68-4bc1-b5ca-e93bef2c30ab.pt,58.0,594.0830078125,5.0,9.042280197143555,0.0,0.0,0.0,4.380212306976318,16.0,341.3113098144531,1.0,1.570014476776123
exemplar,331,exemplar,exemplar/archive_4/898dad40-db7b-47cd-af97-3522c21a66a7.pt,5172.0,31174.455078125,1949.0,22939.03515625,2.0,14.757615089416504,1.0,7.2635817527771,49.0,1225.785400390625,12.0,128.7018280029297
exemplar,332,exemplar,exemplar/archive_4/89d891b2-fb1f-42c9-a51c-82cb5df44342.pt,6081.0,29826.25390625,5590.0,7881.09619140625,2.0,19.908737182617188,0.0,6.174720287322998,310.0,1466.410400390625,294.0,161.49444580078125
exemplar,333,exemplar,exemplar/archive_4/8b0e6e47-4421-4097-acfc-430e933fda9e.pt,63.0,1521.13232421875,1.0,51.67080307006836,0.0,0.0,0.0,4.046921730041504,12.0,485.2464599609375,1.0,30.15717315673828
exemplar,334,exemplar,exemplar/archive_4/8b353157-f769-4d64-a2b9-0ec8c60ed8a1.pt,2664.0,15826.46875,782.0,826.0692138671875,0.0,0.0,0.0,8.457350730895996,39.0,998.6864013671875,24.0,74.33574676513672
exemplar,335,exemplar,exemplar/archive_4/8c5381e4-a0a9-4d25-8d9f-a7dc0defa1fa.pt,5066.0,12247.484375,4598.0,9884.326171875,128.0,57.386531829833984,0.0,12.827415466308594,409.0,692.562255859375,64.0,47.32368469238281
exemplar,336,exemplar,exemplar/archive_4/8c92183a-750e-4a40-bed6-f6bf66068a7a.pt,6594.0,33103.515625,5240.0,7622.3818359375,4.0,30.36427879333496,0.0,6.290801048278809,128.0,983.6810302734375,88.0,69.63591766357422
exemplar,337,exemplar,exemplar/archive_4/90a548ee-6183-405f-a8d9-33388f78d5ca.pt,14980.0,49998.0546875,18614.0,38203.0703125,7.0,34.71569061279297,3.0,15.035990715026855,2633.0,2451.259765625,1024.0,579.5823974609375
exemplar,338,exemplar,exemplar/archive_4/914614f2-637f-4b82-88d3-a9493d2e4e55.pt,34508.0,54552.9921875,47632.0,40792.21484375,149.0,43.04568099975586,9.0,17.512832641601562,838.0,2552.896484375,128.0,576.9134521484375
exemplar,339,exemplar,exemplar/archive_4/93e7c6b7-e200-4cf5-a00f-14a34b93201c.pt,9091.0,55711.796875,7139.0,46361.203125,6.0,19.898117065429688,1.0,10.853885650634766,438.0,2360.65283203125,423.0,516.3988647460938
exemplar,340,exemplar,exemplar/archive_4/9534d794-7535-4fdc-b445-c2419b20ffaf.pt,29208.0,80352.765625,3870.0,43661.5078125,5.0,82.2900390625,2.0,24.81017303466797,532.0,695.0347900390625,1.0,30.810279846191406
exemplar,341,exemplar,exemplar/archive_4/964aaac0-3bed-4318-bea6-21d50ad72c0e.pt,21176.0,33338.6328125,32593.0,32338.09765625,128.0,20.409650802612305,8.0,11.425456047058105,2889.0,1934.67626953125,1024.0,400.86785888671875
exemplar,342,exemplar,exemplar/archive_4/97dbcdf5-c848-49aa-9352-d36fb012c09e.pt,2168.0,13920.984375,290.0,4733.6796875,0.0,0.0,0.0,2.2634449005126953,80.0,621.8859252929688,1.0,107.73133087158203
exemplar,343,exemplar,exemplar/archive_4/98139b78-5b5f-48a0-80de-d9b6e3d24d09.pt,912.0,9064.7158203125,743.0,7670.39208984375,2.0,46.8495979309082,0.0,10.9706392288208,24.0,820.0137329101562,1.0,62.395633697509766
exemplar,344,exemplar,exemplar/archive_4/9a1f36d7-2816-4b0f-b8b5-b2e65627cf2e.pt,2738.0,9803.0400390625,2633.0,7674.109375,5.0,57.933311462402344,14.0,11.794431686401367,537.0,647.3551635742188,3.0,42.284210205078125
exemplar,345,exemplar,exemplar/archive_4/9a6997d9-2bd1-4ff6-9a73-f05621c1f081.pt,21988.0,29203.296875,24276.0,31020.826171875,0.0,6.371582984924316,5.0,4.941467761993408,6583.0,3621.97998046875,1296.0,1204.309814453125
exemplar,346,exemplar,exemplar/archive_4/9ada9795-eb64-47d0-aa19-a9162b706a25.pt,55454.0,140853.953125,9473.0,77150.53125,2327.0,269.3115234375,2.0,22.967899322509766,534.0,407.37078857421875,1.0,17.398468017578125
exemplar,347,exemplar,exemplar/archive_4/9b0c91ce-b9b1-429d-9742-7450ed142395.pt,3275.0,30659.703125,3636.0,29158.18359375,2.0,19.6510066986084,2.0,10.319879531860352,328.0,1872.4658203125,96.0,380.7540283203125
exemplar,348,exemplar,exemplar/archive_4/9c54421a-7338-494a-8474-d9074a9ecf97.pt,2416.0,3332.31640625,390.0,852.722412109375,111.0,50.10727310180664,0.0,0.0,265.0,177.48805236816406,1.0,2.171813726425171
exemplar,349,exemplar,exemplar/archive_4/9d448692-78f8-4d5c-8088-898eb5995a9b.pt,9619.0,20317.0859375,8367.0,21452.93359375,0.0,0.0,4.0,5.122341156005859,6581.0,4926.07861328125,1296.0,1657.89990234375
exemplar,350,exemplar,exemplar/archive_4/9e38eb64-1cfe-4f12-9432-22bdf4a349e1.pt,9207.0,55711.796875,6958.0,46361.203125,6.0,19.898117065429688,1.0,10.853889465332031,435.0,2360.65283203125,420.0,516.3988647460938
exemplar,351,exemplar,exemplar/archive_4/a391283d-e967-49dc-b6bc-4b02d35e002e.pt,9507.0,20317.0859375,8401.0,21452.93359375,0.0,0.0,4.0,5.122341156005859,6582.0,4926.07861328125,1296.0,1657.89990234375
exemplar,352,exemplar,exemplar/archive_4/a3ea0c4f-3403-453c-81e8-4c9371ba8d41.pt,64857.0,91043.84375,21215.0,37326.79296875,0.0,0.0,0.0,18.56475257873535,101.0,572.78125,2.0,22.650386810302734
exemplar,353,exemplar,exemplar/archive_4/aab521f7-157c-46ec-bffc-c37761dff1db.pt,52704.0,69184.359375,32026.0,55713.9765625,24.0,37.7842903137207,1.0,13.686676025390625,392.0,1317.6903076171875,99.0,187.51161193847656
exemplar,354,exemplar,exemplar/archive_4/ab77bd50-b36b-4b19-913c-cd01ff0e8a94.pt,6695.0,49892.5,7690.0,38127.65234375,8.0,34.389976501464844,2.0,14.884687423706055,333.0,2483.89111328125,96.0,588.2423706054688
exemplar,355,exemplar,exemplar/archive_4/acd0fc9a-5e08-4344-88ef-ada264891cb6.pt,59520.0,41184.9140625,9351.0,6837.4052734375,0.0,0.0,0.0,0.0,89.0,41.95182418823242,1.0,1.2393555641174316
exemplar,356,exemplar,exemplar/archive_4/ad9bbfab-8ff4-49f3-8d9c-ab37947d788a.pt,29483.0,80352.84375,4514.0,43661.55078125,5.0,82.29007720947266,2.0,24.810178756713867,538.0,695.0347900390625,2.0,30.810279846191406
exemplar,357,exemplar,exemplar/archive_4/b1e95b21-3d49-4f0f-9eb6-fc4835b0816b.pt,3299.0,9870.9013671875,4040.0,10364.3466796875,5.0,26.357885360717773,0.0,10.486753463745117,1084.0,1822.140869140625,160.0,301.3804931640625
exemplar,358,exemplar,exemplar/archive_4/b3e352b0-02aa-42e9-b905-77d4b7f1dfd1.pt,3057.0,10782.560546875,2828.0,10931.837890625,3.0,21.50655746459961,2.0,9.654903411865234,2631.0,2461.844970703125,1024.0,515.7423095703125
exemplar,359,exemplar,exemplar/archive_4/b3ee34d7-b26c-4327-9077-79e2513947cc.pt,345.0,1293.7548828125,297.0,242.0424346923828,0.0,0.0,0.0,6.839632511138916,17.0,433.61932373046875,1.0,9.926953315734863
exemplar,360,exemplar,exemplar/archive_4/b3ff10dc-d76f-4720-bd29-4bf354efbe46.pt,22877.0,50269.1484375,798.0,17382.40625,3.0,36.97178649902344,1.0,18.524728775024414,28.0,301.6043395996094,1.0,6.033661842346191
exemplar,361,exemplar,exemplar/archive_4/b4dfdcc1-4667-49f1-ac5b-183e7ecc2ebc.pt,52.0,594.0830078125,1.0,9.042280197143555,0.0,0.0,0.0,4.380212306976318,13.0,341.3113098144531,1.0,1.570014476776123
exemplar,362,exemplar,exemplar/archive_4/b5c285f0-db91-4f79-9db6-e8a7c94edf84.pt,21851.0,50729.078125,3533.0,17360.65234375,5.0,37.552921295166016,2.0,18.721887588500977,39.0,299.5041198730469,1.0,5.92926549911499
exemplar,363,exemplar,exemplar/archive_4/b624fe6a-af6a-49d1-9462-76d216decf06.pt,13427.0,57521.87890625,16969.0,41443.6640625,24.0,51.0251579284668,5.0,17.35047721862793,507.0,2243.66162109375,128.0,481.3863220214844
exemplar,364,exemplar,exemplar/archive_4/b8f39c72-91d2-4d02-b05c-57c42cb15022.pt,2269.0,10659.4384765625,1696.0,5211.3466796875,109.0,0.0,0.0,4.956208229064941,272.0,984.6435546875,1.0,108.04914855957031
exemplar,365,exemplar,exemplar/archive_4/bba17e96-bfc6-4f7b-a3b3-e191e54db17e.pt,14842.0,57521.87890625,17106.0,41443.6640625,24.0,51.0251579284668,5.0,17.35047721862793,505.0,2243.66162109375,128.0,481.38653564453125
exemplar,366,exemplar,exemplar/archive_4/c0318fb8-5cf4-4868-a6e3-376c95dee192.pt,6459.0,41500.77734375,230.0,16270.9482421875,2.0,29.600101470947266,1.0,15.681933403015137,18.0,346.6665954589844,1.0,7.719419002532959
exemplar,367,exemplar,exemplar/archive_4/c21d74eb-cbc9-46a8-8b36-055d46bcd75f.pt,15484.0,57137.6796875,17459.0,41219.96875,26.0,50.06382751464844,6.0,17.213104248046875,591.0,2242.810791015625,160.0,481.7340087890625
exemplar,368,exemplar,exemplar/archive_4/c3db69c9-fbf2-4375-ae82-034c48a2402e.pt,8039.0,33933.32421875,8344.0,31291.041015625,5.0,22.86785888671875,4.0,11.520540237426758,587.0,1679.8555908203125,160.0,297.4065246582031
exemplar,369,exemplar,exemplar/archive_4/c450d8f6-023f-4ab0-85f6-0934c9d8e967.pt,402.0,1476.3223876953125,354.0,421.90264892578125,0.0,0.0,0.0,5.104385852813721,19.0,1133.766357421875,1.0,110.33917236328125
exemplar,370,exemplar,exemplar/archive_4/c5aa81c6-cac5-44db-bb2d-0450c909ea9f.pt,64637.0,56352.2890625,46157.0,47129.984375,10.0,20.141996383666992,2.0,11.043021202087402,2214.0,2351.882080078125,1691.0,512.57177734375
exemplar,371,exemplar,exemplar/archive_4/ca4b5a45-6965-4ecb-9d2e-38ddff7463e5.pt,9741.0,31043.08203125,14518.0,29269.9921875,5.0,19.247404098510742,3.0,10.204434394836426,2872.0,1857.0435791015625,1024.0,382.3385009765625
exemplar,372,exemplar,exemplar/archive_4/cc1c90d0-9335-4c05-bf3a-b750ec5adc20.pt,3275.0,30659.703125,3636.0,29158.18359375,2.0,19.6510009765625,2.0,10.319879531860352,328.0,1872.4658203125,96.0,380.7540283203125
exemplar,373,exemplar,exemplar/archive_4/cc2d357e-c3ae-491b-b7d7-703727137e95.pt,20159.0,35537.828125,35143.0,34031.296875,128.0,22.331005096435547,6.0,12.222761154174805,856.0,1837.484619140625,128.0,355.4085388183594
exemplar,374,exemplar,exemplar/archive_4/cd22e983-c9c3-4d45-929b-a53cb807295c.pt,5147.0,64875.28125,1377.0,7801.17822265625,267.0,257.8354187011719,0.0,14.44546127319336,20.0,356.2218322753906,1.0,6.488857746124268
exemplar,375,exemplar,exemplar/archive_4/d2dd5e51-59c3-41f2-aa1b-e0f82ffe6545.pt,7939.0,33933.32421875,8237.0,31291.041015625,5.0,22.86785888671875,4.0,11.520540237426758,584.0,1679.8555908203125,160.0,297.4065246582031
exemplar,376,exemplar,exemplar/archive_4/d89b0478-e5aa-475d-af6f-3e044a842d22.pt,23288.0,34008.84375,3553.0,28608.65234375,5.0,12.631660461425781,2.0,7.259047508239746,81.0,1536.031005859375,53.0,224.5325927734375
exemplar,377,exemplar,exemplar/archive_4/d8f74d4e-05f1-4955-86f0-830ca762b176.pt,10390.0,31043.08203125,14642.0,29269.9921875,5.0,19.247404098510742,3.0,10.204434394836426,2875.0,1857.0435791015625,1024.0,382.3385009765625
exemplar,378,exemplar,exemplar/archive_4/d9f93158-6ccc-4d2b-a170-237f34ce5331.pt,4848.0,64875.28125,532.0,7801.17041015625,281.0,257.8354187011719,0.0,14.44546127319336,14.0,356.2218322753906,1.0,6.488857746124268
exemplar,379,exemplar,exemplar/archive_4/da3f016e-20ab-4fd7-952a-595b8f71f7af.pt,22664.0,36415.25,1522.0,24906.0625,3.0,15.626319885253906,1.0,8.464367866516113,41.0,838.0467529296875,10.0,64.80645751953125
exemplar,380,exemplar,exemplar/archive_4/db688f60-06c1-4a90-9135-f24939f749c1.pt,86.0,2979.61669921875,5.0,765.876953125,2.0,49.81953430175781,0.0,4.82204532623291,15.0,202.4874267578125,1.0,2.9925055503845215
exemplar,381,exemplar,exemplar/archive_4/de2b487d-3146-4596-8935-9b3df1e70a4f.pt,7720.0,33890.50390625,8021.0,31249.826171875,3.0,22.982017517089844,4.0,11.55288028717041,500.0,1679.115234375,128.0,297.0366516113281
exemplar,382,exemplar,exemplar/archive_4/deae57f3-6e32-43b3-82ae-eb94666b0ec5.pt,68.0,594.0830078125,1.0,9.042280197143555,0.0,0.0,0.0,4.380212306976318,12.0,341.3113098144531,1.0,1.570014476776123
exemplar,383,exemplar,exemplar/archive_4/dff07353-88f8-4592-9a88-cda83160792d.pt,44477.0,50468.3046875,44202.0,38565.953125,54.0,24.88362693786621,9.0,8.242731094360352,828.0,2174.099609375,144.0,379.24072265625
exemplar,384,exemplar,exemplar/archive_4/e276239b-fb1a-42fe-a821-26f171cd3740.pt,7705.0,12256.259765625,10113.0,13250.298828125,128.0,21.116912841796875,2.0,10.56930160522461,3010.0,2670.461181640625,1024.0,590.1654052734375
exemplar,385,exemplar,exemplar/archive_4/e950ae24-8149-4902-abb3-92bbe2aecd63.pt,1400.0,9669.4794921875,1336.0,9766.708984375,2.0,21.46196746826172,0.0,9.706459045410156,521.0,2482.226806640625,192.0,503.2439270019531
exemplar,386,exemplar,exemplar/archive_4/eaba7bd5-f8e5-45c7-8194-e722f3af20ff.pt,2340.0,11074.845703125,218.0,2355.98974609375,0.0,0.0,0.0,0.0,79.0,139.54383850097656,1.0,14.621685981750488
exemplar,387,exemplar,exemplar/archive_4/ead2ec1e-40d8-4acc-91c8-0d319af0c066.pt,55689.0,69285.5859375,31223.0,55803.73828125,27.0,37.89077377319336,2.0,13.7362642288208,402.0,1317.2376708984375,105.0,187.2021026611328
exemplar,388,exemplar,exemplar/archive_4/eb5a1ea8-c51d-4bb9-b7b4-75eed4853c86.pt,20451.0,35537.828125,34313.0,34031.296875,128.0,22.331005096435547,6.0,12.22276496887207,857.0,1837.484619140625,128.0,355.4085388183594
exemplar,389,exemplar,exemplar/archive_4/ebce0d5b-5f05-4508-8ee8-3f25e158eb65.pt,7101.0,25454.830078125,3358.0,12467.5107421875,307.0,21.63311004638672,0.0,5.75312614440918,15.0,1206.1953125,1.0,144.76858520507812
exemplar,390,exemplar,exemplar/archive_4/ecd4a3ae-951b-4cf2-9c32-79bbf5637673.pt,3041.0,9441.3193359375,1909.0,7279.3056640625,5.0,55.791316986083984,0.0,11.413768768310547,40.0,630.1250610351562,3.0,40.618656158447266
exemplar,391,exemplar,exemplar/archive_4/ed65d0b7-0b0c-4b25-b9b3-bba6415e835f.pt,56036.0,69285.5859375,34149.0,55803.73828125,27.0,37.89077377319336,2.0,13.736268043518066,398.0,1317.2376708984375,101.0,187.2021942138672
exemplar,392,exemplar,exemplar/archive_4/ef021cd3-8378-4d1e-9f1f-070602c5f684.pt,64588.0,56352.2890625,47501.0,47129.984375,10.0,20.141996383666992,2.0,11.043021202087402,2228.0,2351.882080078125,1704.0,512.57177734375
exemplar,393,exemplar,exemplar/archive_4/ef2865d0-3f5b-4b1f-8655-ff7d550736c2.pt,132.0,2979.61669921875,42.0,765.876953125,2.0,49.81953430175781,0.0,4.822046279907227,18.0,202.4874267578125,1.0,2.9925074577331543
exemplar,394,exemplar,exemplar/archive_4/efa78183-092f-4770-86fd-d318cda4daa2.pt,9862.0,124812.65625,5912.0,68727.578125,425.0,332.6684265136719,1.0,26.58673858642578,29.0,939.6498413085938,2.0,81.79135131835938
exemplar,395,exemplar,exemplar/archive_4/f1369026-b6ce-4401-8f3a-9079a7bb9cfb.pt,64836.0,173495.78125,52517.0,88570.4921875,1977.0,654.8864135742188,4.0,35.5128173828125,313.0,811.9849853515625,9.0,55.60932922363281
exemplar,396,exemplar,exemplar/archive_4/f2ac7800-495d-44fc-81ae-b3c9fdc3656d.pt,65321.0,91043.84375,21362.0,37326.79296875,0.0,0.0,0.0,18.56475257873535,101.0,572.78125,2.0,22.6503963470459
exemplar,397,exemplar,exemplar/archive_4/f9012451-79a9-4be9-be03-9b56617d2e21.pt,5018.0,12247.484375,4604.0,9884.3359375,128.0,57.386531829833984,0.0,12.827415466308594,409.0,692.562255859375,64.0,47.32369613647461
exemplar,398,exemplar,exemplar/archive_4/f91aaca3-3e17-40f5-8dbc-f91b66fb6ff6.pt,14813.0,49871.42578125,18681.0,38142.01953125,9.0,34.722190856933594,3.0,15.052607536315918,2767.0,2445.7314453125,1024.0,578.3744506835938
exemplar,399,exemplar,exemplar/archive_4/fe7e730c-d073-4096-b2ee-40007ede4bd8.pt,26547.0,80352.765625,5472.0,43661.5078125,5.0,82.29007720947266,2.0,24.810178756713867,538.0,695.0347900390625,2.0,30.810279846191406
