split,dataset_index,kernel_family,tensor_path,target_lut,prediction_lut,target_ff,prediction_ff,target_dsp,prediction_dsp,target_bram,prediction_bram,target_cycles_max,prediction_cycles_max,target_interval_max,prediction_interval_max
test,5,2layer,2layer/archive_1/0e501e7a-8a7e-4233-a38f-8c4299d1b20b.pt,4427.0,5664.7294921875,4642.0,4992.91748046875,2.0,2.135742664337158,0.5,0.7725922465324402,1412.0,1317.5916748046875,1280.0,987.2239379882812
test,9,2layer,2layer/archive_1/18280638-35c3-4ac7-877a-fe029f413ead.pt,18331.0,18349.400390625,16012.0,16630.31640625,0.0,0.0,6.0,3.6668310165405273,3877.0,3628.221923828125,2464.0,1927.2088623046875
test,10,2layer,2layer/archive_1/193f123f-9fe7-4326-a99f-46cbe91f2168.pt,10682.0,9659.7548828125,8613.0,8645.87109375,0.0,0.0,1.5,1.7162009477615356,4037.0,4166.408203125,2496.0,2605.486328125
test,13,2layer,2layer/archive_1/28f27352-4968-4846-8e24-fbf005003fc0.pt,21462.0,22038.765625,14645.0,15371.904296875,3.0,3.663936138153076,3.0,2.518601417541504,8965.0,7535.9599609375,5120.0,3800.662109375
test,16,2layer,2layer/archive_1/3837a7d5-0c0e-4596-8191-a70ace44a780.pt,10282.0,9858.03125,7961.0,8558.517578125,1.0,1.093225121498108,1.0,1.0613552331924438,1605.0,1734.2506103515625,960.0,1049.044921875
test,23,2layer,2layer/archive_1/5902f8e5-9539-4fef-b6d3-2d59841dfa35.pt,23650.0,22635.845703125,15141.0,14507.3896484375,6.0,5.644397735595703,1.5,1.2889691591262817,3957.0,4032.74755859375,2496.0,2089.279052734375
test,31,2layer,2layer/archive_1/6a7ab3f1-833f-4330-9401-1daee0b9b457.pt,20970.0,20347.083984375,13102.0,14248.3349609375,4.0,3.584030866622925,2.0,2.0431771278381348,5381.0,6287.177734375,2912.0,3376.175537109375
test,33,2layer,2layer/archive_1/6fdbe1c4-08f0-46fa-ac3d-070d8b7126e9.pt,20185.0,20510.470703125,15404.0,16031.0849609375,0.0,0.0,1.5,1.451283574104309,4325.0,4015.117431640625,2304.0,2092.97021484375
test,36,2layer,2layer/archive_1/78e928e4-f7e4-40c9-b6b4-8fd5186928b1.pt,21070.0,20067.52734375,17217.0,16628.509765625,0.0,0.0,3.0,2.609147548675537,8197.0,8362.8125,5120.0,4328.771484375
test,39,2layer,2layer/archive_1/80236500-af6b-41d2-a063-6bdd779fca11.pt,23743.0,24755.33203125,16289.0,19539.69921875,0.0,0.0,8.0,4.75478458404541,1989.0,2244.550048828125,1024.0,1116.915283203125
test,40,2layer,2layer/archive_1/80788302-2292-4caa-a003-821aed591a4a.pt,25839.0,24144.95703125,19958.0,17868.63671875,0.0,0.0,1.0,1.4967190027236938,3589.0,3495.405029296875,1792.0,1850.752197265625
test,45,2layer,2layer/archive_1/8491a254-4f47-453e-8a27-5b6e15733e2d.pt,19810.0,18854.333984375,12208.0,13448.146484375,4.0,3.04830002784729,2.0,2.093557119369507,4709.0,6564.1259765625,2464.0,3424.8466796875
test,50,2layer,2layer/archive_1/8fa8fee2-a29c-49de-af50-ddba5830bd36.pt,24892.0,23741.1328125,17980.0,19079.560546875,0.0,0.0,4.5,3.8797638416290283,6725.0,6017.82421875,3840.0,3370.80126953125
test,58,2layer,2layer/archive_1/a77cb707-ea79-4f1c-b0be-3c48ad115929.pt,13875.0,13939.19921875,9757.0,10190.0703125,6.0,6.43380069732666,1.0,0.8236645460128784,2117.0,2033.136962890625,1152.0,1036.8714599609375
test,74,2layer,2layer/archive_1/cd02c6b2-1a29-4fdd-9daf-92dc46e656fe.pt,30122.0,29745.8046875,15300.0,18196.0234375,14.0,18.65143585205078,7.0,2.608872890472412,2085.0,2265.00439453125,1120.0,1067.9722900390625
test,85,2layer,2layer/archive_1/e2d32045-fe85-41fa-87fd-34469cfd2b33.pt,17230.0,18548.62890625,12142.0,14057.232421875,4.0,4.747735023498535,2.0,1.7345539331436157,3845.0,3639.98095703125,1920.0,1996.1773681640625
test,88,2layer,2layer/archive_1/e71cebc8-9c8d-4db4-af21-b5ffd3e7d1e9.pt,6342.0,7577.0634765625,6039.0,6638.8974609375,2.0,2.1775104999542236,1.0,0.9973853230476379,2501.0,2462.22802734375,1920.0,1711.6456298828125
test,105,2layer,2layer/archive_2/0e95ad61-8028-4bb9-ae14-0e6e4725adec.pt,25490.0,24821.501953125,14706.0,16172.9677734375,8.0,7.219808101654053,1.0,1.3249207735061646,3461.0,4219.6640625,1872.0,2117.623046875
test,110,2layer,2layer/archive_2/1d49f5b4-a149-4735-93ae-1354280d2181.pt,21138.0,24218.48046875,12730.0,13685.6298828125,9.0,10.461202621459961,1.0,0.914445698261261,2309.0,1977.344970703125,1280.0,1021.4904174804688
test,118,2layer,2layer/archive_2/2b5bcf33-a7e5-455b-a676-40dc80ad105e.pt,18960.0,17556.396484375,11225.0,12214.646484375,3.0,2.6947739124298096,2.0,2.034282922744751,4965.0,5628.4443359375,2560.0,3230.9072265625
test,129,2layer,2layer/archive_2/47a23286-3cd6-4917-bebc-c3c14fe64538.pt,12763.0,11404.208984375,10536.0,8685.7099609375,2.0,1.946498155593872,1.0,1.5578794479370117,2117.0,3332.719970703125,1408.0,2130.242919921875
test,138,2layer,2layer/archive_2/5d0eb902-1bc3-48ca-b0d4-3d6de45181de.pt,24382.0,23598.5078125,18225.0,17817.46484375,0.0,0.0,2.5,2.9234256744384766,8165.0,8244.6552734375,5280.0,4250.42724609375
test,140,2layer,2layer/archive_2/65ee1758-1d06-491d-a879-bc81bb7249f9.pt,9340.0,9481.0068359375,6908.0,7645.3828125,3.0,2.8257710933685303,1.0,1.1009541749954224,2021.0,1833.02001953125,1152.0,1082.9366455078125
test,148,2layer,2layer/archive_2/7e1727a1-0ff8-4992-b05a-0691712f8fd0.pt,22263.0,21671.40625,14885.0,14637.28125,6.0,5.488996505737305,1.5,1.4416632652282715,3541.0,3918.348388671875,2080.0,2082.001953125
test,150,2layer,2layer/archive_2/802b8c33-0ab8-4651-ba3e-c0c35f7cfe79.pt,31673.0,31793.00390625,19693.0,19992.26171875,7.0,7.325923919677734,1.5,1.9315016269683838,5125.0,5210.76025390625,3072.0,2907.80517578125
test,152,2layer,2layer/archive_2/835d1772-8af4-491d-969a-1590057430d9.pt,10199.0,9604.7890625,6318.0,6957.69921875,2.0,1.8556318283081055,1.0,1.098984956741333,1925.0,1977.525146484375,1408.0,1406.8524169921875
test,162,2layer,2layer/archive_2/92a3099f-2ff0-4f81-a4f5-3e4983dee369.pt,20273.0,16395.099609375,13937.0,12431.486328125,2.0,2.4933857917785645,1.5,1.9847667217254639,5381.0,5278.2578125,3584.0,3103.812255859375
test,173,2layer,2layer/archive_2/bfa0bcb1-a253-411f-be39-71dd5517df73.pt,18753.0,18145.283203125,13648.0,14700.8681640625,0.0,0.0,3.0,2.5220518112182617,3717.0,4107.2763671875,1920.0,2225.365234375
test,174,2layer,2layer/archive_2/c2bd5389-a08c-42ec-8b3c-5e01479d314d.pt,13609.0,14434.4072265625,12664.0,12116.5087890625,0.0,0.0,2.5,2.0743775367736816,6149.0,6225.8251953125,5376.0,3781.008056640625
test,180,2layer,2layer/archive_2/cc5668f5-d37e-49ec-876f-52d4173ccde5.pt,19022.0,19694.80078125,11885.0,13129.37109375,4.0,4.425380229949951,1.0,1.2686501741409302,3717.0,3583.51904296875,1920.0,1922.71337890625
test,185,2layer,2layer/archive_2/d6f6caf0-10ec-4d93-ad62-95a7beaec004.pt,13306.0,12249.201171875,7571.0,8433.734375,2.0,2.1754231452941895,1.5,1.3708178997039795,3077.0,3266.310546875,2496.0,2456.240234375
test,188,2layer,2layer/archive_2/e5344317-1ff4-480a-9e6f-b91dcb1fc112.pt,26475.0,25901.6328125,15665.0,17197.259765625,10.0,10.764066696166992,1.5,1.0894620418548584,3525.0,3376.278564453125,2112.0,1817.83056640625
test,191,2layer,2layer/archive_2/ecf1f155-c2ee-4cac-bb25-b90e33da8203.pt,17569.0,17616.55859375,10860.0,11438.9052734375,6.0,7.04802942276001,1.0,0.968319833278656,2469.0,2088.293701171875,1344.0,1038.022216796875
test,193,2layer,2layer/archive_2/f2428e9d-edd8-42e7-99c6-e046e4644daf.pt,16523.0,16486.591796875,12656.0,13319.822265625,0.0,0.0,2.5,2.4637420177459717,6341.0,6234.8876953125,3456.0,3439.203125
test,198,2layer,2layer/archive_2/fe60de96-e0a9-4ea9-8814-8ce712e4cdfc.pt,21443.0,21720.13671875,16272.0,16936.01953125,0.0,0.0,4.5,3.454014301300049,5205.0,3962.642822265625,2704.0,2197.12841796875
test,201,2layer,2layer/archive_3/0956ec5b-0763-4499-a2a8-9a9a04a35bf3.pt,17678.0,17875.318359375,11296.0,12023.8037109375,0.0,0.0,2.0,1.6653887033462524,2149.0,2150.762939453125,1248.0,1114.1658935546875
test,212,2layer,2layer/archive_3/24ea1913-f519-412c-ad65-b98cebea76f5.pt,14996.0,14978.66015625,10618.0,12036.630859375,0.0,0.0,2.0,2.2074618339538574,6149.0,6447.8369140625,3840.0,3990.88134765625
test,229,2layer,2layer/archive_3/526cd48b-c15d-4ced-9692-a7198315280f.pt,15522.0,14961.640625,9324.0,10326.72265625,0.0,0.0,1.5,1.6970374584197998,4229.0,4007.34228515625,3072.0,2677.982421875
test,231,2layer,2layer/archive_3/5584b981-88c7-47dc-ae9f-6f9de8af9049.pt,18738.0,20167.48828125,12289.0,13718.7578125,8.0,8.355559349060059,5.0,3.6337664127349854,2165.0,2087.0078125,1280.0,1057.2967529296875
test,236,2layer,2layer/archive_3/64a73bab-f3a9-4a81-8efe-0260acfe8919.pt,9006.0,8633.8154296875,5686.0,6285.9365234375,2.0,1.6919159889221191,1.0,0.9966844320297241,1669.0,1524.31689453125,1152.0,1011.2828979492188
test,247,2layer,2layer/archive_3/76c63687-fb2b-4102-8cf7-6600c48ac04c.pt,14930.0,14237.970703125,11255.0,11093.515625,0.0,0.0,2.0,2.185183048248291,6341.0,6388.97412109375,4608.0,4146.40185546875
test,249,2layer,2layer/archive_3/7fa826ee-4602-4d40-a55b-e7230afc70e9.pt,24914.0,26546.283203125,14010.0,16663.833984375,12.0,16.272750854492188,1.0,1.5655503273010254,2165.0,1995.45849609375,1152.0,996.0324096679688
test,262,2layer,2layer/archive_3/96ddafdb-c1a1-464d-a77e-1f6956a91deb.pt,29596.0,24009.4296875,15628.0,15917.1123046875,10.0,12.978318214416504,1.0,4.686639785766602,2397.0,2018.7156982421875,1248.0,1063.14697265625
test,264,2layer,2layer/archive_3/98c7083e-8b81-4b46-99a6-9214ede4dd8c.pt,30491.0,29664.1875,17939.0,19105.216796875,4.0,5.248219966888428,3.0,2.425840377807617,10213.0,7629.7353515625,5280.0,3840.48193359375
test,265,2layer,2layer/archive_3/9a8a2054-ac77-4816-b009-5dcfec1f31aa.pt,15698.0,16513.076171875,10446.0,10116.462890625,6.0,6.055279731750488,1.0,1.050794005393982,1541.0,1577.6849365234375,1024.0,909.3042602539062
test,280,2layer,2layer/archive_3/d29cbb53-9b53-4cae-a12a-8f9a4e920a10.pt,4556.0,4741.97265625,5050.0,4201.14892578125,2.0,2.284132957458496,1.0,0.8391422629356384,1029.0,1145.353759765625,832.0,738.5465087890625
test,293,2layer,2layer/archive_3/f59f9642-8d8b-4cbc-a4c8-80b378b8e6c0.pt,17557.0,19018.154296875,13243.0,12698.2216796875,4.0,4.194659233093262,1.5,1.2838772535324097,4101.0,3733.447509765625,2304.0,1977.6119384765625
test,306,2layer,2layer/archive_4/098f434f-1b68-491d-94cf-03f1cfe0cfa1.pt,16849.0,17559.896484375,12066.0,13714.505859375,0.0,0.0,2.5,2.29076886177063,5765.0,5816.1943359375,3200.0,3237.93603515625
test,310,2layer,2layer/archive_4/1be5c2a5-5b49-4f8c-9fb6-0b444f6b85e4.pt,24409.0,23353.76953125,17864.0,16996.861328125,0.0,0.0,2.5,2.7740306854248047,8517.0,8173.45263671875,4928.0,3965.11962890625
test,315,2layer,2layer/archive_4/247e4213-8ae5-462d-b957-a9f783755031.pt,10996.0,10797.111328125,7502.0,8324.248046875,0.0,0.0,1.5,1.6835453510284424,3333.0,4003.15478515625,2560.0,2929.045654296875
test,316,2layer,2layer/archive_4/25b1fddf-e065-4fea-b31e-274ba799605a.pt,22869.0,24316.1484375,17850.0,17843.841796875,9.0,11.471132278442383,1.0,1.9380214214324951,2821.0,3065.454833984375,1792.0,1662.9503173828125
test,337,2layer,2layer/archive_4/62878700-1b8b-452f-8cfd-c1c35028130d.pt,36022.0,41534.55078125,19075.0,23942.5703125,26.0,27.956146240234375,15.0,7.465146064758301,1733.0,2174.315185546875,896.0,963.5881958007812
test,354,2layer,2layer/archive_4/8f67864f-c9d4-45ad-8c91-a0d544c15b4c.pt,20398.0,19145.435546875,11867.0,13280.30859375,8.0,6.685190677642822,1.0,1.343715786933899,1861.0,1920.043212890625,960.0,996.4398803710938
test,356,2layer,2layer/archive_4/936a8ff7-7ebb-4277-ab21-b9de8be46fc5.pt,17358.0,17311.232421875,14011.0,13732.751953125,0.0,0.0,3.0,2.47457218170166,1877.0,2181.347900390625,1040.0,1170.6405029296875
test,374,2layer,2layer/archive_4/bdceb934-f44d-47a5-a407-bba9907dde42.pt,13311.0,12648.3623046875,8418.0,9099.234375,2.0,2.2017064094543457,1.5,1.7151007652282715,4165.0,4565.7958984375,3520.0,3488.48974609375
test,376,2layer,2layer/archive_4/c0408fb1-d997-4a14-b9cb-fcc363e2e63f.pt,12889.0,11987.25390625,10881.0,10124.9091796875,0.0,0.0,1.5,1.6153124570846558,1765.0,1873.45947265625,1056.0,1034.03271484375
test,378,2layer,2layer/archive_4/c4b52d21-e3b2-4ad5-b29b-7aeea1cd9169.pt,14894.0,14882.7255859375,12834.0,13742.7490234375,0.0,0.0,2.5,2.6724252700805664,7173.0,5875.51708984375,3584.0,3237.36767578125
test,383,2layer,2layer/archive_4/cf3f2c09-b079-49cc-a2c9-be50e9340c14.pt,16564.0,16217.0185546875,13693.0,12236.1005859375,2.0,2.645709753036499,1.5,1.7686716318130493,4485.0,4925.5712890625,2688.0,2881.89111328125
test,385,2layer,2layer/archive_4/d3bb67b0-53b9-4d26-a700-f081ba4bdbb6.pt,13619.0,13841.298828125,10495.0,11437.5849609375,0.0,0.0,2.0,2.316624164581299,6917.0,7855.669921875,3456.0,4264.23876953125
test,386,2layer,2layer/archive_4/d630ae52-0bde-447d-9b3b-458df1884f34.pt,11508.0,10775.6923828125,6566.0,7520.38525390625,2.0,2.0659940242767334,1.5,1.0399644374847412,1221.0,1808.628662109375,896.0,1250.6253662109375
test,391,2layer,2layer/archive_4/e45b7645-39d0-4cd5-83d9-2306a1618dc4.pt,23966.0,23117.810546875,18168.0,17709.26171875,0.0,0.0,2.5,2.885472536087036,8165.0,8466.658203125,4800.0,4303.11865234375
test,392,2layer,2layer/archive_4/f1f196d5-1325-4225-893b-f7fa6e75ed62.pt,20477.0,21852.44921875,15197.0,15279.30859375,6.0,5.815299034118652,3.5,1.6061960458755493,3749.0,3810.816162109375,2080.0,2047.5811767578125
test,393,2layer,2layer/archive_4/f1fa0476-2eb3-4fce-8070-80b3bcd31c66.pt,14528.0,15408.5556640625,8802.0,9772.64453125,3.0,3.2503881454467773,2.0,1.2938814163208008,2437.0,2474.033447265625,1920.0,1868.4072265625
test,397,2layer,2layer/archive_4/f8ca8e8f-370f-483d-a7eb-4e709b42d7e1.pt,3840.0,4682.6845703125,4521.0,4674.7138671875,2.0,2.737640857696533,0.5,0.6999162435531616,900.0,1171.8797607421875,832.0,890.3757934570312
test,800,3layer,3layer/archive_1/0024ccb6-93d3-4d05-b42a-dcd082b9fb71.pt,16496.0,15917.931640625,14252.0,15001.591796875,3.0,3.729595422744751,2.5,2.119497537612915,6472.0,6314.0048828125,2880.0,3076.502685546875
test,803,3layer,3layer/archive_1/075ba7e2-686c-4d8c-8154-801a8c763333.pt,9233.0,8935.271484375,8509.0,8480.720703125,3.0,2.8558974266052246,1.5,1.4337260723114014,2632.0,2722.5341796875,1344.0,1521.5628662109375
test,806,3layer,3layer/archive_1/1779f702-f865-451f-89d0-4f6b42a09e77.pt,25151.0,23642.369140625,20528.0,19301.529296875,0.0,0.0,2.0,2.4501349925994873,2984.0,2956.75,1120.0,1179.1295166015625
test,810,3layer,3layer/archive_1/1becf3c5-7c0f-49df-bdca-22bd47ef0f94.pt,33780.0,31551.779296875,25025.0,26932.626953125,0.0,0.0,9.5,4.681447982788086,2464.0,3094.8359375,896.0,1115.581787109375
test,822,3layer,3layer/archive_1/4f415d2a-8a37-4458-9923-fe4ae65d193c.pt,17298.0,17564.048828125,13192.0,12628.076171875,4.0,5.226808071136475,1.5,1.4601796865463257,3016.0,2656.0205078125,1280.0,1102.9937744140625
test,834,3layer,3layer/archive_1/6677bec8-2c88-4ce9-89c6-8588190f1b63.pt,31188.0,30116.46484375,22330.0,21282.041015625,6.0,5.622455596923828,2.5,2.675365924835205,5944.0,7324.2333984375,2816.0,3114.490234375
test,836,3layer,3layer/archive_1/6a93c56c-3a7d-4fb0-aa09-acf3c5c8cef0.pt,37935.0,37940.01171875,22505.0,24966.23046875,20.0,22.146488189697266,1.5,2.1027369499206543,2632.0,2639.7958984375,960.0,1041.836181640625
test,842,3layer,3layer/archive_1/7dff1db2-d16a-4a01-829b-05b72a41623c.pt,28802.0,29001.12890625,20556.0,21168.09375,4.0,4.182246208190918,3.0,3.3067615032196045,10824.0,9632.0810546875,3840.0,4070.779052734375
test,845,3layer,3layer/archive_1/85da7610-5409-4ed2-b342-2d09b3584690.pt,44187.0,39863.31640625,22532.0,25646.23828125,20.0,22.62432098388672,1.5,1.729500651359558,2752.0,3150.18359375,1144.0,1195.478759765625
test,847,3layer,3layer/archive_1/8a954d90-0bd3-4c11-ba3a-fba78f17ae0e.pt,56373.0,46886.953125,29336.0,31069.05859375,13.0,17.287578582763672,3.0,2.4946224689483643,6872.0,5486.623046875,2640.0,1954.3702392578125
test,853,3layer,3layer/archive_1/92d982a4-b98e-4746-bdec-60cb53775183.pt,21093.0,19589.408203125,14828.0,16271.4443359375,9.0,8.7899169921875,2.0,4.210060119628906,2568.0,2694.36572265625,896.0,1112.4278564453125
test,856,3layer,3layer/archive_1/9421bcba-aa11-4638-97d1-9a26a8309e94.pt,18172.0,19070.537109375,17338.0,16291.8330078125,0.0,0.0,5.0,2.3189141750335693,8647.0,7168.55419921875,4160.0,3789.7900390625
test,878,3layer,3layer/archive_1/c931f125-d81f-4ad7-8deb-3fedba17c28a.pt,24123.0,22995.591796875,17913.0,17562.306640625,4.0,4.877449035644531,2.5,2.5485453605651855,8264.0,7181.00244140625,3840.0,3136.264404296875
test,881,3layer,3layer/archive_1/ce352bfc-bbec-4951-8281-f01f2aef7e78.pt,33612.0,32336.30859375,25132.0,25457.9375,18.0,24.18296241760254,31.5,11.197263717651367,2952.0,2574.6103515625,1152.0,1076.0994873046875
test,896,3layer,3layer/archive_1/f1316787-264b-4558-83f8-97dc77bdfb14.pt,20085.0,19127.49609375,13156.0,13969.3837890625,0.0,0.0,2.0,2.13140606880188,4424.0,5132.068359375,3072.0,3486.06787109375
test,906,3layer,3layer/archive_2/1aa82de7-cb5d-4b40-83ec-5d06eeb961d7.pt,17256.0,17871.806640625,12363.0,14083.708984375,4.0,3.7639565467834473,4.0,1.9819791316986084,3752.0,4702.4873046875,2080.0,2734.406494140625
test,909,3layer,3layer/archive_2/1cb93ea5-5bd1-4044-9d56-c6d7c3f82adb.pt,44754.0,43366.94921875,28149.0,29554.3671875,5.0,8.005544662475586,9.0,3.407228708267212,14984.0,9916.17578125,5408.0,3939.00537109375
test,910,3layer,3layer/archive_2/212e820a-7f1a-4ca0-846a-920f20a79783.pt,40991.0,32518.494140625,28078.0,29790.83203125,26.0,32.9262809753418,36.5,19.739025115966797,2840.0,2639.156494140625,1040.0,1029.682861328125
test,932,3layer,3layer/archive_2/52946797-a7fd-484d-a2e8-1d16801f50c7.pt,42780.0,37509.96875,23203.0,25019.48046875,10.0,11.003135681152344,2.5,2.2108287811279297,6312.0,6130.6728515625,2560.0,2269.219970703125
test,933,3layer,3layer/archive_2/542d7695-0143-4f00-adf6-51d6b975289a.pt,19429.0,18514.341796875,13907.0,14469.9970703125,0.0,0.0,1.5,1.9258419275283813,2568.0,2858.8125,896.0,1137.0328369140625
test,936,3layer,3layer/archive_2/5ceabaab-17e3-4e32-97e2-3b2c322edf2a.pt,7805.0,8184.0537109375,7444.0,6943.19384765625,0.0,0.0,1.0,1.3114842176437378,1990.0,2083.531982421875,1536.0,1421.3260498046875
test,938,3layer,3layer/archive_2/5efe7324-c1c2-4a88-9406-6ea781fc4cad.pt,32335.0,31358.646484375,20517.0,21449.39453125,4.0,5.032063961029053,3.5,3.0031087398529053,11016.0,8675.4521484375,4928.0,3954.76171875
test,942,3layer,3layer/archive_2/703a84aa-5305-4cf6-98b9-6258a05b3068.pt,47515.0,44496.8671875,27601.0,30541.859375,7.0,8.786726951599121,3.5,3.3616063594818115,11336.0,10192.052734375,4160.0,3945.71044921875
test,944,3layer,3layer/archive_2/753eded0-6f3c-48c9-a62e-b5090d610223.pt,29470.0,29172.62109375,18876.0,20438.259765625,5.0,4.968321800231934,3.0,2.74926495552063,7944.0,7990.0947265625,2816.0,3363.2431640625
test,949,3layer,3layer/archive_2/8226cd2a-649d-471a-9671-4e7ab433f595.pt,22668.0,22387.421875,15117.0,17076.396484375,6.0,5.861441135406494,2.0,2.168614149093628,2872.0,3763.918212890625,1456.0,1776.385498046875
test,956,3layer,3layer/archive_2/8d32562c-c074-44ad-971a-87b462918ee4.pt,19816.0,21612.458984375,16504.0,16603.55078125,4.0,4.746406555175781,2.0,1.8804105520248413,5640.0,4834.2001953125,2560.0,2051.66650390625
test,959,3layer,3layer/archive_2/9284e126-07b2-4bd9-bd1e-b86e7535e0f2.pt,36059.0,32824.94140625,24395.0,26961.12890625,0.0,0.0,1.5,3.397495746612549,2888.0,3408.52392578125,1120.0,1155.427734375
test,970,3layer,3layer/archive_2/b31bf542-c0ce-4b6f-89c6-79a458c355ee.pt,22134.0,22378.6484375,16377.0,16642.8671875,4.0,4.207237243652344,2.5,2.3222622871398926,7432.0,7545.59765625,3072.0,3416.000732421875
test,971,3layer,3layer/archive_2/b3922866-ccd0-49ba-afd4-85473963e4a8.pt,17938.0,17518.328125,15041.0,14803.4921875,3.0,3.147667646408081,2.5,2.716439962387085,7624.0,8801.158203125,3136.0,4022.57763671875
test,972,3layer,3layer/archive_2/b7ba3ab1-37aa-4904-987e-010524cc327f.pt,29563.0,28450.43359375,26451.0,25327.81640625,0.0,0.0,5.0,3.7146308422088623,10248.0,10850.8349609375,4160.0,4496.33203125
test,975,3layer,3layer/archive_2/b9ec55d5-3a3f-4beb-af23-6613b1c0ecb9.pt,21151.0,23586.98828125,15819.0,17717.978515625,3.0,3.6891870498657227,3.0,2.750013589859009,9608.0,7885.60009765625,4800.0,3951.164306640625
test,981,3layer,3layer/archive_2/c448356c-b3c9-49be-88c4-23b0d0c3f564.pt,15804.0,17282.462890625,11738.0,13486.2431640625,3.0,3.5572638511657715,2.5,2.0081491470336914,5832.0,5393.26171875,4992.0,3574.771728515625
test,1004,3layer,3layer/archive_3/0b9292d5-b52f-4bcf-9d7f-8ec507a82838.pt,16178.0,16348.443359375,12690.0,13300.9326171875,3.0,3.352120876312256,2.0,1.9464905261993408,5768.0,5763.833984375,2304.0,2376.982666015625
test,1011,3layer,3layer/archive_3/15b0d127-a686-475d-868d-1b5885f20d0a.pt,20889.0,20669.6484375,17281.0,17202.689453125,0.0,0.0,2.5,2.407663106918335,7176.0,7189.267578125,2816.0,3223.42626953125
test,1013,3layer,3layer/archive_3/1a4c6aa8-057b-4094-be6a-fa4f86bf0c04.pt,42459.0,41143.96875,26728.0,27782.001953125,11.0,12.496894836425781,4.0,2.4055213928222656,6664.0,5251.71142578125,2496.0,2127.083740234375
test,1018,3layer,3layer/archive_3/2a171325-74e9-44cd-ad59-2d6e0df0ca79.pt,25048.0,23295.19921875,20557.0,19177.6171875,0.0,0.0,3.0,2.86730694770813,8520.0,8886.7666015625,4160.0,4238.49560546875
test,1019,3layer,3layer/archive_3/30a00082-630a-405d-83de-ee6e38ba241a.pt,25045.0,27023.8125,20318.0,20322.47265625,3.0,4.0008320808410645,4.5,3.1414477825164795,12296.0,9500.3232421875,5376.0,4020.7822265625
test,1023,3layer,3layer/archive_3/38dd22a9-e82d-4e9c-99cf-744bc749693b.pt,26414.0,26694.421875,19498.0,20789.197265625,0.0,0.0,1.5,2.6982390880584717,3744.0,2864.46923828125,1344.0,1144.8067626953125
test,1024,3layer,3layer/archive_3/414d64df-e05d-43bc-bf86-e29fef941191.pt,16125.0,15601.265625,11548.0,11765.6884765625,3.0,3.0108182430267334,1.5,1.6332021951675415,2632.0,3412.086181640625,1536.0,1631.6475830078125
test,1029,3layer,3layer/archive_3/49b2d6e6-2351-4e22-9e67-ae3eceeed11b.pt,32382.0,32889.99609375,23150.0,23340.966796875,4.0,4.8407135009765625,3.0,3.4636142253875732,10440.0,9491.828125,4608.0,3958.4453125
test,1051,3layer,3layer/archive_3/8dfd5db3-a4b3-4ad8-9cd1-4b308e30413c.pt,19057.0,16813.255859375,13039.0,12085.578125,5.0,4.720733165740967,1.5,1.5974047183990479,2952.0,2695.18701171875,1152.0,1105.78515625
test,1059,3layer,3layer/archive_3/a2715528-63a3-4c2e-9685-6efbe7fdd477.pt,23527.0,25803.15625,17266.0,19214.361328125,3.0,3.884860038757324,4.0,2.9761428833007812,11272.0,8603.7119140625,5120.0,4036.908203125
test,1065,3layer,3layer/archive_3/afe1d671-8d40-474a-9ee1-9a778cb082db.pt,31982.0,35193.96875,23229.0,25652.03515625,11.0,11.813810348510742,3.0,2.948627471923828,5768.0,4830.388671875,2304.0,2037.9984130859375
test,1067,3layer,3layer/archive_3/b682c296-4570-4878-873f-d5e1915cbc27.pt,30544.0,29835.47265625,22415.0,25115.921875,0.0,0.0,7.5,4.963143348693848,2968.0,2780.610107421875,1120.0,1060.8157958984375
test,1086,3layer,3layer/archive_3/dd7ecf45-dbc0-449b-8f58-f01a9017870a.pt,32527.0,31570.470703125,25356.0,27539.935546875,0.0,0.0,3.0,3.4481680393218994,8504.0,9196.9306640625,3120.0,3589.2529296875
test,1093,3layer,3layer/archive_3/f081b615-1a42-4b07-b1d1-9f4d57b0f095.pt,24444.0,25971.90625,19902.0,20646.873046875,6.0,7.367998123168945,2.0,2.5699737071990967,3528.0,3693.4404296875,1792.0,1687.697998046875
test,1097,3layer,3layer/archive_3/f8f3e631-e290-4827-b9d9-ad11b1f8d1c6.pt,22488.0,20765.3203125,16869.0,16625.46484375,0.0,0.0,1.5,2.042898654937744,5352.0,5556.267578125,2016.0,2183.08544921875
test,1106,3layer,3layer/archive_4/086ee6d8-31d7-4842-a9e5-9239d93a2d3a.pt,21515.0,20667.81640625,18799.0,18598.3359375,0.0,0.0,2.5,2.4935548305511475,7304.0,8312.39453125,3456.0,3429.09326171875
test,1107,3layer,3layer/archive_4/0b6e0739-ef7c-4111-b86d-f6cd64150fbc.pt,16720.0,16921.1015625,12179.0,12556.892578125,4.0,4.048193454742432,2.0,1.9666301012039185,1992.0,2416.724609375,768.0,1014.5923461914062
test,1136,3layer,3layer/archive_4/53000a96-26ac-405d-8a15-1e0e56150a13.pt,34211.0,32304.037109375,21361.0,21301.53515625,12.0,15.565848350524902,1.5,1.4293642044067383,3320.0,2935.64501953125,1152.0,1103.553955078125
test,1165,3layer,3layer/archive_4/8ce80c0c-b515-40b7-8fe6-cdf7c22a9c2b.pt,24482.0,23426.314453125,20558.0,19381.716796875,0.0,0.0,2.5,1.8218326568603516,7048.0,5364.23828125,2560.0,2037.033203125
test,1173,3layer,3layer/archive_4/b350aeb2-ef15-4209-acac-66479979a96e.pt,21796.0,20488.75,16543.0,16762.068359375,4.0,3.9777414798736572,2.5,2.6663146018981934,6728.0,8273.0849609375,2880.0,3899.919677734375
test,1179,3layer,3layer/archive_4/cae88075-6535-4fc8-ab67-205d9e535cd4.pt,27346.0,27010.671875,21636.0,21851.970703125,0.0,0.0,3.5,3.4402835369110107,12040.0,10795.484375,4992.0,4539.6611328125
test,1183,3layer,3layer/archive_4/d0087184-cf84-48db-a6d1-3e8c72f12840.pt,18645.0,17405.896484375,13297.0,13715.330078125,0.0,0.0,1.5,1.828729510307312,4744.0,4478.1025390625,2048.0,2044.1953125
test,1190,3layer,3layer/archive_4/e62db8bd-0863-4b42-a0f9-4f0f0da213c8.pt,28634.0,27563.505859375,20752.0,19966.5,4.0,4.134579658508301,3.0,3.1372244358062744,8840.0,8751.703125,3520.0,3966.621337890625
test,1191,3layer,3layer/archive_4/e6cb7c40-cd11-41f6-a64b-643d8a61edc2.pt,37417.0,36146.78125,25360.0,25035.87890625,5.0,5.7890167236328125,3.5,3.402423620223999,11784.0,9412.5302734375,4608.0,3910.760498046875
test,1193,3layer,3layer/archive_4/e9035178-92d9-419e-aebb-2f24d863a874.pt,16543.0,19177.1796875,12926.0,14962.4541015625,4.0,4.0715742111206055,1.5,1.985429286956787,4744.0,5049.93896484375,4032.0,3567.052734375
test,1196,3layer,3layer/archive_4/f2a1eb9a-a5c2-486a-b0b8-03bc9bbe3ae7.pt,31100.0,26607.318359375,18062.0,18893.10546875,6.0,5.225237846374512,2.5,2.297431468963623,3720.0,5798.4248046875,2112.0,2919.01025390625
test,1600,conv1d,conv1d/archive_1/03c73b3e-86d4-462f-8e86-603db87552ba.pt,18163.0,18489.955078125,35596.0,31190.54296875,0.0,0.0,6.5,11.77457332611084,145699.0,187744.25,145694.0,190807.421875
test,1601,conv1d,conv1d/archive_1/06f4e142-874c-464c-b830-43ff897b1009.pt,18579.0,17236.02734375,25405.0,25081.23828125,4.0,2.8192903995513916,39.0,13.446468353271484,215563.0,137077.765625,215561.0,137809.828125
test,1603,conv1d,conv1d/archive_1/10a572f8-97b1-42fd-b3b5-2efb9c639d3d.pt,19119.0,18251.6953125,30481.0,31629.48046875,0.0,0.0,26.5,21.94298553466797,653170.0,510044.3125,653165.0,520766.65625
test,1607,conv1d,conv1d/archive_1/2ed5ad7e-2bba-4aff-abf0-77301c2fcbbb.pt,13178.0,14619.171875,21040.0,18553.49609375,3.0,3.5374257564544678,4.0,4.7540483474731445,82817.0,88246.8125,82818.0,87357.296875
test,1608,conv1d,conv1d/archive_1/39ca686c-2d2d-42fa-b145-c6ba2f8b4c01.pt,15029.0,13526.033203125,24021.0,21597.58203125,0.0,0.0,6.5,6.027978897094727,64513.0,41838.328125,64514.0,38925.75390625
test,1618,conv1d,conv1d/archive_1/6adb216d-3204-4aad-adbb-b9205c614931.pt,31452.0,24078.8203125,44279.0,33267.93359375,4.0,4.080988883972168,13.5,9.04050064086914,55553.0,39113.828125,55554.0,36226.640625
test,1630,conv1d,conv1d/archive_1/a4d19761-4b0a-42ab-9d53-c66d8f00f10b.pt,15390.0,11834.7119140625,22857.0,17639.408203125,0.0,0.0,4.0,4.054688453674316,102718.0,102188.09375,102716.0,98680.3203125
test,1651,conv1d,conv1d/archive_2/1970606f-61b7-4b2f-a848-aadadcde58a9.pt,15850.0,19302.984375,22701.0,27771.087890625,5.0,4.150358200073242,23.0,13.9678955078125,54604.0,42588.81640625,54602.0,39218.9765625
test,1669,conv1d,conv1d/archive_2/97c4a2dd-c9f0-40e9-ac63-628801202d07.pt,34710.0,33034.4765625,40870.0,40619.34375,7.0,7.567956924438477,7.5,14.867290496826172,28987.0,38988.171875,28973.0,37292.3515625
test,1676,conv1d,conv1d/archive_2/f656316b-2a7a-44b0-8a40-0d4d05aa6c00.pt,31277.0,23489.0234375,40224.0,35327.8125,5.0,4.590638637542725,22.0,12.805564880371094,160018.0,119932.2578125,160013.0,116454.453125
test,1680,conv1d,conv1d/archive_3/0d0e9227-ea1f-43e1-a2fb-4d545571d647.pt,15876.0,12047.9560546875,22783.0,17409.73046875,2.0,2.462254524230957,3.5,3.455197811126709,9025.0,10378.353515625,9026.0,10949.0234375
test,1683,conv1d,conv1d/archive_3/1d537023-4542-4f7e-8f63-e5eb6c279129.pt,11768.0,13456.8076171875,20553.0,22124.03515625,0.0,0.0,4.0,5.729573726654053,121729.0,117784.1640625,121730.0,131692.65625
test,1707,conv1d,conv1d/archive_3/a3e0030b-e934-447d-b9f8-b2ed2cb4ba40.pt,64644.0,52644.14453125,76009.0,88573.359375,7.0,11.50403118133545,41.5,41.708717346191406,371986.0,237176.9375,371981.0,196814.21875
test,1709,conv1d,conv1d/archive_3/aa96468f-065d-4d9e-81b4-6ef162123c27.pt,31689.0,34613.1171875,53359.0,53271.265625,3.0,3.811615467071533,25.0,18.633045196533203,71764.0,65245.58203125,71762.0,58185.01171875
test,1710,conv1d,conv1d/archive_3/afb9a8e4-c0b7-4c81-951e-beace7c6580d.pt,7928.0,11298.0478515625,14764.0,15021.4921875,0.0,0.0,3.0,3.715780735015869,19169.0,17760.984375,19170.0,15521.123046875
test,1716,conv1d,conv1d/archive_3/dc48d02e-01b9-417e-883c-6182b1617c94.pt,17465.0,15821.8505859375,25064.0,26664.830078125,0.0,0.0,17.5,11.614940643310547,442654.0,182924.75,442652.0,184726.046875
test,1719,conv1d,conv1d/archive_3/e28af083-279c-4728-846a-678e6d7bb22f.pt,12249.0,12297.0537109375,19967.0,17751.3828125,2.0,1.911370038986206,3.5,5.971027851104736,114433.0,71710.6484375,114434.0,69080.984375
test,1732,conv1d,conv1d/archive_4/18a551db-28d4-4a35-a3d2-d13dd25fc759.pt,37982.0,32524.9765625,70254.0,59679.65625,2.0,2.8199470043182373,30.5,30.684843063354492,193522.0,155358.03125,193517.0,139931.046875
test,1736,conv1d,conv1d/archive_4/26fd427e-9c24-498f-b0ca-b698b7aa084d.pt,24004.0,30434.65234375,55208.0,55308.875,3.0,3.2006802558898926,15.0,15.187453269958496,266113.0,152635.40625,266114.0,130638.78125
test,1737,conv1d,conv1d/archive_4/2a73b7ff-fd17-49dc-a651-08351f8086b0.pt,17247.0,19293.0078125,37741.0,34606.05078125,0.0,0.0,18.5,14.77689266204834,223747.0,139400.265625,223742.0,134064.359375
test,1747,conv1d,conv1d/archive_4/5830e323-ccaf-4db3-92eb-6526ef2b92d6.pt,13810.0,17406.39453125,22737.0,24295.447265625,3.0,3.648743152618408,4.5,5.957481384277344,81793.0,73827.8671875,81794.0,69662.9140625
test,1750,conv1d,conv1d/archive_4/6a259c16-db85-41f8-bf80-6109650e2888.pt,13147.0,15387.3642578125,25239.0,25595.779296875,0.0,0.0,5.5,6.168424606323242,31681.0,39208.765625,31682.0,37820.6171875
test,1757,conv1d,conv1d/archive_4/a4e94a46-08df-49ef-a586-a3a56af160f8.pt,53293.0,47118.1171875,76241.0,64351.3203125,7.0,6.575127124786377,33.0,18.639949798583984,56769.0,36729.3359375,56770.0,30235.494140625
test,1762,conv1d,conv1d/archive_4/bd5948fb-b4a0-497e-aaf7-faf8d3a53559.pt,26514.0,20679.9609375,41609.0,33930.703125,0.0,0.0,16.5,11.061370849609375,31820.0,30305.068359375,31814.0,26170.84765625
test,1948,conv2d,conv2d/archive_1/16c81531-2d4a-44cd-a0f6-5818fb4eac23.pt,17139.0,15737.9931640625,24051.0,23672.3984375,2.0,2.1167640686035156,11.0,9.671219825744629,982712.0,858475.25,980912.0,976262.375
test,1961,conv2d,conv2d/archive_1/8203796d-273a-48d8-bad6-5a88633e1b02.pt,64114.0,54748.65234375,89800.0,80718.6640625,8.0,8.671942710876465,45.0,28.04513931274414,980271.0,109369.78125,980272.0,84415.90625
test,1968,conv2d,conv2d/archive_1/de099b6c-414e-45fe-9f32-db5a4f4fb51a.pt,25018.0,20743.724609375,36360.0,32333.1640625,3.0,4.163278102874756,17.5,13.262276649475098,558033.0,610017.875,556742.0,627072.3125
test,1969,conv2d,conv2d/archive_1/e49f8865-3ed1-438b-8d47-f4df3fa258b1.pt,12620.0,19533.4765625,24980.0,29413.912109375,0.0,0.0,12.0,10.72900390625,684739.0,1028500.6875,682112.0,1205283.125
test,1970,conv2d,conv2d/archive_1/ed9737f7-5085-49cd-aff9-f5394b9ad940.pt,81241.0,64604.11328125,256413.0,165603.6875,0.0,0.0,82.5,42.36924743652344,473230.0,1293358.875,473231.0,1358697.625
test,1971,conv2d,conv2d/archive_1/fe1fcd99-035b-4da0-b4c6-8d72ed3b2525.pt,30623.0,35065.015625,63312.0,59983.21875,2.0,3.220231771469116,12.5,14.720337867736816,1249441.0,662753.875,1249442.0,592120.8125
test,1978,conv2d,conv2d/archive_3/1a7e57ac-ac64-4844-a748-391494154a11.pt,13136.0,20453.9765625,27107.0,40676.640625,1.0,1.7735140323638916,15.0,25.84173583984375,199302.0,547806.0,199298.0,560797.9375
test,1982,conv2d,conv2d/archive_3/2da90877-d92f-4cc9-a745-09946576a12a.pt,27441.0,27480.90234375,56157.0,51984.23828125,2.0,3.042609453201294,29.0,31.06525230407715,5021142.0,5060545.5,5021122.0,5140002.0
test,1998,conv2d,conv2d/archive_3/c1ce78ac-7210-45cc-9548-b632389bdf35.pt,15393.0,16257.189453125,32375.0,27095.1953125,0.0,0.0,13.5,9.987110137939453,3731455.0,2096730.125,3731456.0,2298649.75
test,2004,conv2d,conv2d/archive_4/17baa5f9-fa5f-42ac-a377-9bcaaa336950.pt,30312.0,23630.28515625,54386.0,47296.62890625,1.0,2.3080430030822754,27.5,28.340476989746094,5959501.0,3318311.75,5959502.0,3207977.5
test,2005,conv2d,conv2d/archive_4/30cb88ae-98c8-464e-a664-6e3082f34722.pt,24870.0,27316.333984375,54470.0,53494.609375,2.0,3.2259490489959717,26.0,21.555801391601562,949417.0,2055479.625,949412.0,2002160.625
test,2006,conv2d,conv2d/archive_4/38f47c2b-0eb1-45b2-bc5b-2838a5b7e752.pt,10442.0,10822.7421875,22578.0,18210.451171875,0.0,0.0,6.5,5.275086879730225,521551.0,1105222.25,521552.0,1292208.5
test,2017,conv2d,conv2d/archive_4/c0d17dad-4957-4bc3-89d2-0d422c6be1e4.pt,24617.0,17959.306640625,55067.0,35120.3046875,2.0,2.214268922805786,17.5,9.05406665802002,1311313.0,1130083.875,1311314.0,1396934.875
test,2145,dense_latency,dense_latency/archive_1/141cccfe-4a6b-4af0-891c-de5382802c9d.pt,112883.0,97692.25,22675.0,21063.234375,0.0,0.0,0.0,0.0,22.0,21.90959930419922,1.0,1.8962794542312622
test,2146,dense_latency,dense_latency/archive_1/14962ede-dafe-4294-b6e2-7e1f48c5e6f6.pt,109697.0,116963.109375,22385.0,24603.916015625,0.0,0.0,0.0,0.0,13.0,11.893085479736328,3.0,2.144958257675171
test,2147,dense_latency,dense_latency/archive_1/153c06a9-71c3-493e-a71b-5e9adf9f50f8.pt,177770.0,147391.3125,37525.0,35736.2109375,0.0,0.0,0.0,0.0,27.0,26.050220489501953,3.0,2.74385929107666
test,2150,dense_latency,dense_latency/archive_1/16fff3d4-afd3-4400-abf5-b01c877da50d.pt,103870.0,137586.984375,31562.0,43078.3203125,6425.0,8655.70703125,0.0,0.0,17.0,16.763212203979492,1.0,0.6084434986114502
test,2157,dense_latency,dense_latency/archive_1/4325e22a-7bf5-466c-8183-1e5d2d85e4ae.pt,100986.0,109885.625,21215.0,23258.681640625,0.0,0.0,0.0,0.0,18.0,18.606508255004883,2.0,2.318253517150879
test,2172,dense_latency,dense_latency/archive_1/71fd7aec-e295-42eb-aadc-bccd0fd8383b.pt,267886.0,303849.59375,245003.0,263288.75,370.0,382.0026550292969,0.0,0.0,500.0,485.60711669921875,63.0,73.47187042236328
test,2176,dense_latency,dense_latency/archive_1/777e4ee2-ce18-47a2-9f62-0061ca24e3b7.pt,213557.0,147919.796875,45661.0,46349.1796875,689.0,677.6994018554688,0.0,0.0,20.0,28.058147430419922,1.0,2.893686532974243
test,2183,dense_latency,dense_latency/archive_1/8dac354c-4a68-4c4d-b0db-d4889b5e797c.pt,217582.0,262086.015625,180265.0,168592.359375,459.0,922.3912353515625,0.0,0.0,254.0,161.32337951660156,32.0,26.810216903686523
test,2188,dense_latency,dense_latency/archive_1/be152b4e-03af-4473-87e2-1b4a380b94a5.pt,153510.0,139920.640625,33273.0,32254.2265625,0.0,0.0,0.0,0.0,27.0,26.568431854248047,2.0,2.6112217903137207
test,2219,dense_latency,dense_latency/archive_2/2c0510c5-5826-40a9-99e6-6a83ff6a2b93.pt,72930.0,83061.03125,66907.0,79766.234375,143.0,117.69633483886719,0.0,0.0,386.0,331.962890625,86.0,65.37171936035156
test,2226,dense_latency,dense_latency/archive_2/4c56e491-5605-4a08-a69e-aa4297e5ae17.pt,186063.0,164298.15625,110859.0,79259.9140625,144.0,270.5729675292969,0.0,0.0,88.0,91.41426086425781,19.0,16.821857452392578
test,2229,dense_latency,dense_latency/archive_2/5d272459-e54d-401d-81a7-4c40ae6a5ae6.pt,22371.0,34634.05078125,16349.0,23412.265625,29.0,40.77220153808594,0.0,0.0,146.0,156.28623962402344,37.0,28.569982528686523
test,2232,dense_latency,dense_latency/archive_2/60018a21-6d18-457e-8937-4e402e92ca11.pt,62733.0,45501.04296875,44569.0,34051.23046875,43.0,59.66278839111328,0.0,0.0,193.0,268.20245361328125,51.0,50.993141174316406
test,2243,dense_latency,dense_latency/archive_2/82d609f5-d822-4d65-b482-9c6a6e0f4b7f.pt,43594.0,52939.4296875,9183.0,10737.9482421875,0.0,0.0,0.0,0.0,19.0,19.064668655395508,1.0,1.8508492708206177
test,2248,dense_latency,dense_latency/archive_2/93838855-384c-451a-889d-c28d7768640f.pt,586060.0,428799.125,524745.0,230099.078125,386.0,935.7275390625,0.0,0.0,258.0,88.78033447265625,64.0,12.587055206298828
test,2253,dense_latency,dense_latency/archive_2/acc3fdac-8d42-4caf-9aba-9b03d8ad4ce6.pt,111297.0,110891.421875,22200.0,23497.693359375,0.0,0.0,0.0,0.0,21.0,29.809734344482422,1.0,2.3775906562805176
test,2254,dense_latency,dense_latency/archive_2/b24ba935-f69e-4cba-b055-bb345ac6b627.pt,122279.0,129873.3203125,27201.0,29306.919921875,0.0,0.0,0.0,0.0,26.0,24.10407257080078,1.0,2.1143789291381836
test,2258,dense_latency,dense_latency/archive_2/c441e13c-e695-43ab-8b0e-e9fae1382054.pt,70364.0,74895.7265625,14616.0,15203.47265625,0.0,0.0,0.0,0.0,14.0,14.976602554321289,1.0,1.2119505405426025
test,2273,dense_latency,dense_latency/archive_2/f6dadb65-282a-45bd-bd8c-1b4e077d5799.pt,86391.0,84127.953125,18560.0,17518.64453125,0.0,0.0,0.0,0.0,21.0,23.69742202758789,1.0,1.9472668170928955
test,2278,dense_latency,dense_latency/archive_2/fb7184e1-5b3f-4d28-a759-e64bfba6ab9f.pt,117787.0,108658.34375,76082.0,69081.578125,52.0,68.07215881347656,0.0,0.0,141.0,165.27890014648438,36.0,36.33342361450195
test,2281,dense_latency,dense_latency/archive_3/0bacae1a-1069-4078-b41c-3c240faa19d9.pt,227802.0,193566.0,154669.0,142149.578125,75.0,101.87164306640625,0.0,0.0,376.0,311.0106201171875,49.0,53.594322204589844
test,2289,dense_latency,dense_latency/archive_3/2fde3c76-08ff-4f41-ad59-937cb139cfc7.pt,309662.0,336447.71875,278114.0,181439.25,573.0,1447.1495361328125,0.0,0.0,256.0,142.6358642578125,32.0,21.649188995361328
test,2291,dense_latency,dense_latency/archive_3/30a09565-a681-4419-875f-f4fcc35ed53c.pt,276878.0,295285.46875,146553.0,159622.578125,518.0,349.0910949707031,0.0,0.0,128.0,167.31646728515625,19.0,24.398357391357422
test,2295,dense_latency,dense_latency/archive_3/37f43986-008b-4880-8250-0031eefdb6ce.pt,73141.0,66995.09375,20756.0,26033.65625,4779.0,4182.6474609375,0.0,0.0,10.0,19.393531799316406,1.0,0.8535047769546509
test,2301,dense_latency,dense_latency/archive_3/4b863955-16a3-4e20-af4d-158f5a57b81e.pt,76133.0,92557.96875,14215.0,18362.8984375,0.0,0.0,0.0,0.0,18.0,21.910877227783203,1.0,1.8824412822723389
test,2322,dense_latency,dense_latency/archive_3/97e59d64-5e19-4320-b05f-b606732d96d2.pt,519250.0,562593.5625,487589.0,384120.46875,368.0,965.3435668945312,0.0,0.0,387.0,234.58267211914062,64.0,45.133575439453125
test,2324,dense_latency,dense_latency/archive_3/9bdde29f-91ec-4b64-9214-5466930df099.pt,242184.0,210936.546875,222418.0,99254.640625,417.0,1214.636474609375,0.0,0.0,255.0,106.29815673828125,32.0,10.12236499786377
test,2335,dense_latency,dense_latency/archive_3/be08fd22-d477-4e83-93ea-abdffe96c4bd.pt,240326.0,244877.359375,217967.0,225331.78125,274.0,215.03854370117188,0.0,0.0,592.0,564.8873901367188,94.0,94.90400695800781
test,2338,dense_latency,dense_latency/archive_3/c58ce5f8-2396-45d7-b9df-a546fd57b27f.pt,192880.0,173902.78125,113651.0,85233.1953125,420.0,331.5928649902344,0.0,0.0,149.0,132.8602294921875,20.0,11.569405555725098
test,2343,dense_latency,dense_latency/archive_3/dffb4c84-2e37-4632-a8cd-760033084e1e.pt,287860.0,288954.5,264775.0,266598.6875,256.0,266.8249206542969,0.0,0.0,530.0,482.39739990234375,93.0,84.26113891601562
test,2348,dense_latency,dense_latency/archive_3/ed197369-8970-412b-bddc-1f630cd23fa3.pt,97265.0,124091.8671875,61982.0,80030.3359375,63.0,94.78289794921875,0.0,0.0,136.0,160.83517456054688,35.0,38.65637969970703
test,2355,dense_latency,dense_latency/archive_4/04b281e9-3408-4487-aa3c-47d9d20aac11.pt,73949.0,181964.125,9012.0,102454.984375,5834.0,1820.680908203125,0.0,0.0,14.0,52.26873016357422,1.0,7.163276672363281
test,2356,dense_latency,dense_latency/archive_4/0a998bec-4ace-4de2-8334-1a54bd946445.pt,169329.0,255125.15625,50860.0,50904.12890625,11143.0,21342.205078125,0.0,0.0,16.0,14.05416488647461,1.0,0.24151502549648285
test,2357,dense_latency,dense_latency/archive_4/0d969b0d-b59f-4d6b-91f1-bd0769614276.pt,364226.0,388344.5625,316803.0,264754.1875,630.0,750.42333984375,0.0,0.0,229.0,180.63482666015625,32.0,31.15995216369629
test,2359,dense_latency,dense_latency/archive_4/11b91499-1fc2-4c8c-976c-8f3702039b90.pt,208587.0,167324.875,44745.0,60272.3984375,698.0,320.0091552734375,0.0,0.0,20.0,44.05555725097656,1.0,5.020735263824463
test,2362,dense_latency,dense_latency/archive_4/153109f7-21cf-4526-92c2-d966688b0219.pt,88848.0,54288.3515625,84647.0,38138.0546875,278.0,569.2566528320312,0.0,0.0,189.0,93.06112670898438,32.0,12.192682266235352
test,2376,dense_latency,dense_latency/archive_4/51c3a472-2330-4e9b-b409-1d85f05b5641.pt,274352.0,251552.859375,228556.0,155226.21875,562.0,1114.6253662109375,0.0,0.0,222.0,179.41075134277344,32.0,28.25501251220703
test,2386,dense_latency,dense_latency/archive_4/67063dbe-cfdc-41bb-803a-261839437630.pt,238065.0,246914.96875,216738.0,211840.515625,174.0,253.57818603515625,0.0,0.0,450.0,419.0812683105469,94.0,77.43096923828125
test,2401,dense_latency,dense_latency/archive_4/a3238af5-b80b-474b-88e0-02f68a61affa.pt,174120.0,145032.75,122440.0,93703.34375,54.0,55.06507873535156,0.0,0.0,370.0,406.5596008300781,50.0,54.79018020629883
test,2416,dense_latency,dense_latency/archive_4/d4fd6441-4e9c-4adf-a1a1-71018c2543d5.pt,297716.0,222433.390625,243147.0,61224.13671875,553.0,12590.0625,0.0,0.0,223.0,34.86577224731445,32.0,3.32991361618042
test,2420,dense_latency,dense_latency/archive_4/de113925-04dd-418f-9f74-7df76d9fd168.pt,206374.0,158097.109375,141637.0,103301.1015625,21.0,70.57557678222656,0.0,0.0,165.0,200.00704956054688,34.0,42.762733459472656
test,2429,dense_latency,dense_latency/archive_4/f85832e2-da29-4084-8559-996e703857fa.pt,177116.0,152635.6875,118583.0,110107.390625,136.0,79.80307006835938,0.0,0.0,241.0,240.9249267578125,50.0,48.45640563964844
test,2690,dense_resource,dense_resource/archive_1/024063f6-75d8-4f1a-8bb9-ae3c65538458.pt,103948.0,108369.515625,145619.0,161638.84375,104.0,91.89398193359375,29.0,32.76102828979492,3914.0,4892.4140625,512.0,589.1942138671875
test,2695,dense_resource,dense_resource/archive_1/17383848-f5b7-4a30-aa15-3950fdea85a0.pt,34095.0,38075.36328125,51356.0,53241.95703125,0.0,0.0,5.5,6.420986652374268,2751.0,3236.694580078125,512.0,575.306884765625
test,2703,dense_resource,dense_resource/archive_1/38a5f100-6115-4692-a253-645686ee9f39.pt,40577.0,48366.9375,54244.0,66989.1484375,0.0,0.0,9.0,7.608827590942383,5528.0,7700.740234375,1024.0,981.7709350585938
test,2715,dense_resource,dense_resource/archive_1/60a8d365-6cf8-4bab-936d-c14405792b5b.pt,35066.0,43337.84375,50321.0,56869.1796875,0.0,0.0,6.5,7.55997371673584,2363.0,2441.84375,512.0,518.0626831054688
test,2722,dense_resource,dense_resource/archive_1/85dd97fc-ca2c-4743-9090-d348dc5566ea.pt,58904.0,69288.2265625,90976.0,96376.8125,42.0,43.39988708496094,12.0,13.91083812713623,3669.0,4425.47998046875,512.0,548.0975952148438
test,2723,dense_resource,dense_resource/archive_1/899d2a0e-ebfa-4fa4-be42-7ab12ff6eb74.pt,54346.0,58099.67578125,70843.0,72900.1953125,40.0,43.59052276611328,12.0,16.628725051879883,2068.0,2697.6953125,512.0,571.3799438476562
test,2734,dense_resource,dense_resource/archive_1/b1bebdb4-d6ea-47bd-b1eb-1add0957e49b.pt,86375.0,98027.390625,126173.0,144833.015625,87.0,89.06633758544922,25.5,29.1630916595459,4365.0,4864.818359375,512.0,664.5813598632812
test,2738,dense_resource,dense_resource/archive_1/d64a96c8-6d04-455d-b566-19cc61698d68.pt,420683.0,382156.125,139213.0,137035.15625,0.0,0.0,0.0,0.0,501.0,334.4156799316406,128.0,156.14874267578125
test,2742,dense_resource,dense_resource/archive_1/f07f2efc-9719-475a-a03f-9af73e585bf3.pt,75244.0,74769.765625,107785.0,110106.546875,12.0,17.27230453491211,15.0,14.154853820800781,8234.0,7966.125,1024.0,1124.2978515625
test,2746,dense_resource,dense_resource/archive_1/f8404942-926e-4a43-b971-da3cc743f93c.pt,41261.0,36672.52734375,54943.0,51375.65234375,0.0,0.0,7.5,6.628702640533447,3816.0,3795.958984375,512.0,623.5567626953125
test,2753,dense_resource,dense_resource/archive_2/18e8fab5-f8a9-4b28-a114-4d07a18cc111.pt,53006.0,46066.921875,67004.0,63697.9296875,9.0,9.68133544921875,8.5,8.81054401397705,6450.0,6086.6064453125,1024.0,1010.4115600585938
test,2755,dense_resource,dense_resource/archive_2/1c0c0221-5387-4390-beb1-0644a677d57d.pt,90684.0,91673.25,120364.0,126718.3515625,42.0,38.78563690185547,24.5,23.897537231445312,7271.0,6912.5595703125,1024.0,1044.8729248046875
test,2757,dense_resource,dense_resource/archive_2/21428f86-33ad-4ebc-9ab1-748f2da43d6c.pt,70125.0,78297.5859375,85317.0,108085.15625,38.0,50.22258758544922,14.5,14.51717758178711,3654.0,3997.86572265625,512.0,650.295166015625
test,2762,dense_resource,dense_resource/archive_2/37bd87b0-722b-4e60-95a5-ae6c7c6a0a62.pt,80825.0,81361.1484375,100842.0,115931.6484375,35.0,45.39904022216797,20.5,22.2259521484375,6277.0,5523.4111328125,1024.0,970.0906982421875
test,2772,dense_resource,dense_resource/archive_2/5d2e4e5c-5f78-4492-8f17-dbfed9427da4.pt,43953.0,58821.22265625,69475.0,72442.640625,32.0,26.037803649902344,10.0,9.694514274597168,3750.0,3951.5224609375,512.0,556.223876953125
test,2775,dense_resource,dense_resource/archive_2/6e883452-6f28-4f3a-9f8d-693148e4c98d.pt,34177.0,38833.3125,46479.0,51200.0078125,16.0,18.351621627807617,6.5,7.7311811447143555,2101.0,2064.749267578125,512.0,525.0687255859375
test,2776,dense_resource,dense_resource/archive_2/786039fd-67cd-4fe8-a285-36ea1bb82d69.pt,111270.0,108687.8828125,153280.0,166194.453125,58.0,68.91026306152344,33.0,32.713714599609375,8384.0,7022.73193359375,1024.0,909.064208984375
test,2782,dense_resource,dense_resource/archive_2/a6bf8d29-0790-4d99-97d9-5afdf002c539.pt,984490.0,855614.5625,343271.0,297238.9375,7645.0,6341.96875,0.0,0.0,66.0,160.4254608154297,9.0,50.592674255371094
test,2783,dense_resource,dense_resource/archive_2/ab8387a8-0cf4-4735-91a0-7e27b1fed41e.pt,45045.0,50786.39453125,61660.0,69346.46875,0.0,0.0,7.5,8.170536041259766,2846.0,3150.43603515625,512.0,611.0814208984375
test,2808,dense_resource,dense_resource/archive_3/2f5641cb-d4e0-45a9-bfa0-a0a97046853c.pt,66353.0,70738.7109375,97734.0,99749.421875,20.0,15.926812171936035,13.5,13.394450187683105,6821.0,7037.3359375,1024.0,1122.9122314453125
test,2810,dense_resource,dense_resource/archive_3/385a8c22-24c6-4606-a155-4160d1611390.pt,158256.0,181843.734375,47310.0,54798.640625,0.0,0.0,0.0,0.0,103.0,117.95549774169922,64.0,45.063533782958984
test,2816,dense_resource,dense_resource/archive_3/51797543-2176-45df-b553-44507e9154e5.pt,76034.0,71768.046875,108032.0,112321.3828125,0.0,0.0,12.5,12.967631340026855,8301.0,8789.6318359375,1024.0,1074.192626953125
test,2822,dense_resource,dense_resource/archive_3/61e28d4b-b78d-476f-8d9a-e9fae47fa50b.pt,53970.0,63522.3046875,66340.0,81042.4765625,21.0,30.049541473388672,8.5,16.691234588623047,2866.0,3763.429931640625,512.0,696.1751708984375
test,2840,dense_resource,dense_resource/archive_3/d41b3e62-73a5-4cda-a6a6-470b5ecfa30c.pt,71511.0,58169.08984375,75802.0,67535.8125,12.0,16.971935272216797,9.0,10.991348266601562,6506.0,5827.08935546875,1024.0,1094.957275390625
test,2842,dense_resource,dense_resource/archive_3/d57f6e5b-bbbb-4c8a-8668-914a8593cb6c.pt,199259.0,319909.5,72109.0,84889.96875,0.0,0.0,0.0,0.0,20.0,50.240665435791016,4.0,16.18556785583496
test,2849,dense_resource,dense_resource/archive_3/fe635281-5550-4f0e-bab9-b58a6c373e51.pt,109349.0,112743.15625,151767.0,169153.9375,114.0,83.82945251464844,31.5,32.92239761352539,4529.0,5425.111328125,512.0,597.125
test,2863,dense_resource,dense_resource/archive_4/567a8d26-0155-4b47-989b-f79ccf3b90d3.pt,98427.0,101739.6171875,130369.0,144794.359375,32.0,58.575279235839844,22.5,18.46321678161621,3815.0,3353.67333984375,512.0,539.4766235351562
test,2864,dense_resource,dense_resource/archive_4/56cc1f67-c320-4bc6-aa2c-46f204e6f844.pt,26667.0,31643.359375,31122.0,34809.125,7.0,13.667478561401367,4.0,5.4928669929504395,1832.0,1731.123291015625,512.0,532.1325073242188
test,2865,dense_resource,dense_resource/archive_4/580d5717-9254-47b5-a5b2-1b20f3063ab2.pt,221049.0,218481.3125,56419.0,55548.234375,0.0,0.0,0.0,0.0,19.0,51.29035186767578,4.0,8.350990295410156
test,2867,dense_resource,dense_resource/archive_4/6432e28b-6416-4a6d-8588-5c6cd9a0b3b1.pt,40865.0,44277.7578125,60576.0,61757.0234375,4.0,5.683223724365234,8.0,8.679829597473145,4313.0,4510.91259765625,1024.0,919.9375610351562
test,2876,dense_resource,dense_resource/archive_4/8847bc5b-b8ef-48a5-a413-2c32dbd9d557.pt,40989.0,44964.1953125,61990.0,64404.24609375,0.0,0.0,8.0,7.664114475250244,3771.0,4280.44677734375,512.0,578.3462524414062
test,2878,dense_resource,dense_resource/archive_4/8ed3a393-67d9-418c-9d77-d791921c2de2.pt,180570.0,231860.875,60744.0,67038.875,0.0,0.0,0.0,0.0,183.0,122.45844268798828,128.0,98.81326293945312
test,2881,dense_resource,dense_resource/archive_4/946a2ebc-84bd-444f-9fee-b1b8f8cd5205.pt,249177.0,330864.09375,98249.0,96897.6171875,3239.0,2136.36962890625,0.0,0.0,35.0,47.079444885253906,7.0,5.596536159515381
test,2892,dense_resource,dense_resource/archive_4/e8a8bf8c-1088-4653-98e9-edff69288279.pt,41095.0,40190.9609375,55343.0,55833.76171875,0.0,0.0,7.5,6.738321304321289,3815.0,4707.83251953125,1024.0,945.3287963867188
test,3109,rule4ml,rule4ml/archive_1/0ed991e0a4e25ed19987f0cc9210b426.pt,21778.0,46122.96875,24051.0,27395.17578125,0.0,0.0,19.0,14.998634338378906,1462.0,1023.5196533203125,64.0,17.734947204589844
test,3122,rule4ml,rule4ml/archive_1/2b8cd655c4b32c156ea3a3f4d0ebf158.pt,1339.0,1075.6414794921875,429.0,50.93649673461914,0.0,0.0,8.0,8.807843208312988,82.0,35.707027435302734,2.0,1.5087473392486572
test,3123,rule4ml,rule4ml/archive_1/2ed023f9ef036f1cf6698c523844b9e5.pt,41321.0,47314.0,1665.0,9407.8720703125,16.0,29.249404907226562,66.5,75.27620697021484,156.0,315.8343200683594,2.0,5.57634162902832
test,3125,rule4ml,rule4ml/archive_1/3219ffd8661622e8c83c7ceec7993204.pt,19634.0,19957.513671875,2173.0,10296.9716796875,0.0,0.0,0.0,0.0,1246.0,1163.1197509765625,1.0,8.130059242248535
test,3126,rule4ml,rule4ml/archive_1/36781015570b9033a4256c6751954dfa.pt,13186.0,45647.77734375,1261.0,10531.29296875,36.0,19.732295989990234,18.0,12.336735725402832,568.0,279.93505859375,2.0,3.205317735671997
test,3132,rule4ml,rule4ml/archive_1/466d99f5bafd16bc2656bb493e26d3a3.pt,63269.0,37928.94140625,20395.0,31270.783203125,128.0,149.02676391601562,13.0,15.102039337158203,309.0,453.0548095703125,5.0,39.93207931518555
test,3145,rule4ml,rule4ml/archive_1/72287c9cac676de50d6937c1591c013c.pt,90974.0,61567.83984375,43278.0,45918.70703125,220.0,236.15428161621094,6.0,8.482321739196777,1175.0,1941.0369873046875,393.0,649.9266357421875
test,3159,rule4ml,rule4ml/archive_1/9f4aa5283477144a0d0cf869e8d72889.pt,357796.0,119456.9375,106967.0,59228.66015625,220.0,2591.19189453125,20.0,47.410797119140625,1278.0,1388.9490966796875,322.0,277.9906921386719
test,3160,rule4ml,rule4ml/archive_1/9f747c2c9350eb5ee9df92af5c71cab0.pt,8847.0,18094.69921875,6104.0,4498.27099609375,173.0,430.10406494140625,43.5,41.166748046875,1087.0,779.23974609375,2.0,3.0751914978027344
test,3180,rule4ml,rule4ml/archive_1/d5a14627ffa5ac99e92e5015fd44796d.pt,134204.0,121632.640625,14212.0,19057.41015625,90.0,130.8081817626953,29.5,27.880023956298828,1111.0,1610.0203857421875,6.0,22.452817916870117
test,3189,rule4ml,rule4ml/archive_1/dd45999e8410dbd0e67c40f31cd5955a.pt,100450.0,228340.875,80302.0,122960.015625,2096.0,1218.671142578125,44.5,52.81241226196289,657.0,800.1105346679688,4.0,6.103011608123779
test,3194,rule4ml,rule4ml/archive_1/e76bf57773bcf57b1f19da562e9ff10b.pt,9451.0,10305.185546875,7408.0,9836.5888671875,32.0,38.5910530090332,26.0,29.289596557617188,283.0,443.3499755859375,8.0,19.73679542541504
test,3196,rule4ml,rule4ml/archive_1/ecf7f5a60f0ef8948e0f8b3c91eab2f1.pt,28241.0,37815.4921875,26303.0,32889.90234375,292.0,351.41619873046875,72.5,54.48955535888672,1596.0,1547.6444091796875,128.0,153.1042938232422
test,3197,rule4ml,rule4ml/archive_1/ed8331280ac6ef5ef8886e15cb23dbff.pt,9909.0,17669.244140625,10886.0,15448.330078125,256.0,205.7666015625,13.0,9.32315731048584,1735.0,1215.908935546875,128.0,120.58769989013672
test,3199,rule4ml,rule4ml/archive_1/eea79f2ee33e9eba8e086cce0a1f286d.pt,18418.0,4328.1728515625,17414.0,5218.80810546875,0.0,0.0,54.5,19.882980346679688,800.0,800.5388793945312,8.0,18.91577911376953
test,3205,rule4ml,rule4ml/archive_2/040d56cdc4fbbcd7e59884b75505e1fc.pt,1239.0,1895.5115966796875,24.0,290.81463623046875,0.0,0.0,8.0,15.156603813171387,138.0,239.32754516601562,1.0,3.5769214630126953
test,3206,rule4ml,rule4ml/archive_2/09b08d4078369169809eed465eb3200c.pt,51844.0,38008.3515625,33858.0,1657.2513427734375,0.0,0.0,124.5,100.4491195678711,1073.0,1176.24462890625,1.0,3.289834976196289
test,3217,rule4ml,rule4ml/archive_2/280f5b70344e92009ae9811b3736dc68.pt,25096.0,36516.140625,10888.0,21292.19140625,0.0,150.74514770507812,0.0,0.0,92.0,227.5517578125,8.0,16.79572868347168
test,3228,rule4ml,rule4ml/archive_2/4fa4f84dcdbc74a4dcea9c798e981f13.pt,44740.0,31495.46875,23137.0,3019.45166015625,41.0,168.92721557617188,0.0,0.0,712.0,563.8179931640625,44.0,2.171970844268799
test,3236,rule4ml,rule4ml/archive_2/70099d4a3ee6ba6d3c7ed191ef4e5070.pt,8279.0,9501.4921875,7183.0,10161.3037109375,63.0,66.64816284179688,4.0,5.759840488433838,120.0,545.5595092773438,32.0,30.370113372802734
test,3239,rule4ml,rule4ml/archive_2/777dabde721419f1eee884b2e6da3d01.pt,55929.0,37217.34765625,38806.0,33024.80859375,220.0,294.4817810058594,84.0,64.30923461914062,1040.0,952.26904296875,125.0,88.14437866210938
test,3240,rule4ml,rule4ml/archive_2/779ddffa7b579aa1f0c7ecba6016a160.pt,1100.0,1594.949462890625,10.0,101.35943603515625,4.0,5.545535564422607,0.0,0.8523967862129211,602.0,632.7399291992188,1.0,3.7024102210998535
test,3251,rule4ml,rule4ml/archive_2/90af6814f2d9e83b1dfadf3f34e10b66.pt,33707.0,66745.1015625,1142.0,6055.70068359375,0.0,0.0,32.0,0.0,154.0,86.3026123046875,1.0,5.307405471801758
test,3263,rule4ml,rule4ml/archive_2/a9c2f691ad83bc53dd4d8fbabf4dbf59.pt,112594.0,106494.109375,4971.0,14044.48828125,48.0,44.344303131103516,137.0,108.45037841796875,687.0,1045.8458251953125,2.0,7.144904613494873
test,3270,rule4ml,rule4ml/archive_2/bd5548e90a3ec8de981c3cb0530b5ae2.pt,49710.0,55568.3125,6365.0,4019.34814453125,64.0,63.48741149902344,23.0,20.512836456298828,1105.0,1650.304443359375,9.0,7.500024318695068
test,3278,rule4ml,rule4ml/archive_2/cf911e52ca87a152ab213ee3d7dbf414.pt,29649.0,44347.91015625,20231.0,23405.8359375,0.0,0.0,10.0,10.322653770446777,840.0,882.356689453125,16.0,12.470161437988281
test,3290,rule4ml,rule4ml/archive_2/e296617420c88f3d2005154d29a1581f.pt,121120.0,167698.53125,112352.0,103826.4453125,220.0,304.78997802734375,76.5,76.45071411132812,959.0,619.3811645507812,156.0,123.92338562011719
test,3311,rule4ml,rule4ml/archive_3/1d3ae7f2b1959ad4ceb82066b34e4843.pt,7043.0,7429.9873046875,4873.0,1317.1949462890625,32.0,40.25802993774414,123.5,78.04995727539062,120.0,422.324951171875,1.0,2.517545223236084
test,3312,rule4ml,rule4ml/archive_3/1edc30fd6622623a89f5fda4dd11ebfe.pt,42776.0,101520.671875,45742.0,63827.6953125,181.0,277.4380798339844,83.0,73.57521057128906,412.0,339.1714172363281,40.0,25.08791732788086
test,3321,rule4ml,rule4ml/archive_3/2d3bf7dd79e86541e033b67df6595805.pt,94256.0,49433.5078125,38429.0,8015.0078125,149.0,346.42333984375,28.5,19.146512985229492,671.0,918.2698974609375,28.0,8.650449752807617
test,3332,rule4ml,rule4ml/archive_3/42ab144f01d57a39720e483cccd70f8d.pt,178655.0,304655.9375,173033.0,140231.90625,5888.0,1677.985107421875,236.0,206.51332092285156,223.0,544.3143920898438,2.0,11.690873146057129
test,3344,rule4ml,rule4ml/archive_3/58e6e657e9b7e1346033523402c72911.pt,303018.0,224747.375,181273.0,139411.703125,220.0,1050.44482421875,197.0,183.37828063964844,685.0,731.4390869140625,8.0,5.342350959777832
test,3349,rule4ml,rule4ml/archive_3/6525c522aac153d069b607fb979a4c05.pt,37764.0,49790.58984375,17075.0,26841.51953125,154.0,213.0051727294922,41.5,39.940921783447266,439.0,444.1573486328125,6.0,8.983348846435547
test,3376,rule4ml,rule4ml/archive_3/b25d65de11147148214c45b4adfbffca.pt,2125.0,5393.6884765625,55.0,550.8255615234375,8.0,21.356693267822266,46.0,58.863887786865234,867.0,359.1609191894531,1.0,2.1792984008789062
test,3379,rule4ml,rule4ml/archive_3/c0c9a93cbe3ceaad1612986eda38288b.pt,6740.0,3967.5107421875,67.0,59.54609680175781,0.0,0.0,4.0,9.120067596435547,72.0,68.0318603515625,1.0,2.6694564819335938
test,3380,rule4ml,rule4ml/archive_3/c3b6b3ceb8f5084c79c0dfecdf95e041.pt,609385.0,272821.25,170932.0,102600.8671875,220.0,968.64892578125,142.0,156.66905212402344,116.0,429.166259765625,6.0,6.091741561889648
test,3388,rule4ml,rule4ml/archive_3/d0a0795f687d44bf562f687304ee9bb1.pt,2116.0,1911.388916015625,3.0,59.66646194458008,0.0,0.0,80.5,24.25088882446289,217.0,452.3631591796875,1.0,8.767502784729004
test,3394,rule4ml,rule4ml/archive_3/e3e96daf1f06a53589fa0df43cec0034.pt,33832.0,26541.09375,12616.0,10374.681640625,220.0,532.7284545898438,13.0,55.79692077636719,229.0,635.560791015625,3.0,18.11023712158203
test,3396,rule4ml,rule4ml/archive_3/ee14146f314d7dc7058f6318e3dd7b3a.pt,38147.0,56767.03515625,2522.0,5377.814453125,32.0,39.209266662597656,5.5,17.678701400756836,57.0,222.06922912597656,2.0,2.5433576107025146
test,3397,rule4ml,rule4ml/archive_3/f163c6412ca9e14b905b6aade7c33ceb.pt,76275.0,180162.78125,47637.0,59216.12109375,0.0,0.0,25.0,47.94947052001953,907.0,327.671630859375,16.0,12.207940101623535
test,3409,rule4ml,rule4ml/archive_4/0a928a232e0c7455fd8115576b1ff71f.pt,86939.0,101252.3515625,88195.0,70997.8359375,220.0,342.97320556640625,17.5,18.251026153564453,1089.0,681.6979370117188,156.0,234.49505615234375
test,3410,rule4ml,rule4ml/archive_4/0c8fe5455f887526a92964feef5e6035.pt,24631.0,41772.8203125,127.0,3042.674072265625,0.0,0.0,78.0,77.4444351196289,528.0,711.0072021484375,1.0,7.574672222137451
test,3420,rule4ml,rule4ml/archive_4/2d3c0b81cc618c0a89cb7a55d96c0ba2.pt,49561.0,19509.794921875,19292.0,8076.00634765625,90.0,129.6987762451172,5.5,6.0970306396484375,267.0,318.7074890136719,28.0,5.959547996520996
test,3433,rule4ml,rule4ml/archive_4/4ec861dcf23df55a2f7c7e79c4773fa9.pt,3170.0,6210.369140625,409.0,4666.3427734375,98.0,100.44738006591797,31.5,26.34536361694336,104.0,264.563720703125,1.0,1.888507604598999
test,3434,rule4ml,rule4ml/archive_4/549a539a2b801c875a1b52bfbc61667f.pt,57595.0,96716.296875,50079.0,56239.65234375,220.0,1084.734130859375,57.0,15.192760467529297,824.0,554.7869262695312,32.0,9.617334365844727
test,3445,rule4ml,rule4ml/archive_4/69665507dcb361898217e89a5528c662.pt,36552.0,27744.90625,17630.0,11217.4765625,256.0,148.74417114257812,28.0,24.271059036254883,112.0,199.87242126464844,7.0,6.855878829956055
test,3447,rule4ml,rule4ml/archive_4/704aa9e24c7cd1c104e3fe1bd971bb31.pt,53176.0,91985.015625,53538.0,37014.34375,220.0,237.08950805664062,19.5,14.92906665802002,868.0,999.2523803710938,131.0,169.10833740234375
test,3454,rule4ml,rule4ml/archive_4/9008b2aa570b34cdab27419a5e85a359.pt,29680.0,88243.4453125,48758.0,55062.6171875,256.0,225.33758544921875,17.5,19.959320068359375,1472.0,1254.1641845703125,156.0,304.5261535644531
test,3466,rule4ml,rule4ml/archive_4/ae4da2ac435e552272b954dd29f211e4.pt,214833.0,213843.53125,136561.0,138560.734375,528.0,353.5465393066406,120.0,94.59810638427734,1795.0,1399.9107666015625,156.0,212.23275756835938
test,3470,rule4ml,rule4ml/archive_4/b2b008a9c8861976b3750110cd50a594.pt,17873.0,6956.8427734375,14888.0,9150.294921875,12.0,2.4891698360443115,130.5,44.6151008605957,456.0,568.2085571289062,4.0,20.793174743652344
test,3474,rule4ml,rule4ml/archive_4/be03d0b434a436aa7aba918057418f50.pt,65515.0,110278.890625,2200.0,46301.7734375,2639.0,575.531982421875,20.0,22.817739486694336,1061.0,1522.230224609375,2.0,16.088966369628906
test,3476,rule4ml,rule4ml/archive_4/c10e1255882a9a2d67ceb1dc447a54fb.pt,2341.0,2517.29150390625,2331.0,2612.135498046875,0.0,0.0,2.5,5.084353923797607,393.0,196.87713623046875,64.0,14.48442268371582
test,3481,rule4ml,rule4ml/archive_4/da97998944a51cc8d03dd3db6405e6c8.pt,112.0,1941.4713134765625,49.0,156.09884643554688,0.0,0.0,4.5,31.62998390197754,1035.0,1041.565673828125,2.0,7.854741096496582
test,3482,rule4ml,rule4ml/archive_4/db5d645b590bdff4dedbf71eee68706a.pt,643280.0,204551.40625,102182.0,109558.2109375,2520.0,1111.8763427734375,46.0,55.56718444824219,633.0,1403.0157470703125,2.0,8.862245559692383
test,3484,rule4ml,rule4ml/archive_4/de75123bb8bf43bfd70ca187aafbb6d6.pt,57882.0,87307.7421875,35558.0,42010.734375,260.0,313.37677001953125,115.5,158.6145782470703,751.0,736.6953125,131.0,50.423004150390625
test,3485,rule4ml,rule4ml/archive_4/e254c796096e6846cc76ec457da6dfa9.pt,35295.0,82427.609375,18189.0,10101.625,4.0,12.755456924438477,77.5,134.43528747558594,533.0,688.0399780273438,4.0,3.0115904808044434
test,3491,rule4ml,rule4ml/archive_4/e903f30418f06f8b706b12a8ec5de0d8.pt,28519.0,38035.91015625,13410.0,18314.22265625,112.0,182.65744018554688,36.5,46.46699523925781,166.0,242.6109619140625,7.0,11.357205390930176
test,3498,rule4ml,rule4ml/archive_4/efa2dbd75f7baecfda9bef1853ec7e5e.pt,16873.0,91908.640625,12276.0,36194.38671875,0.0,594.95166015625,26.5,0.0,293.0,61.6483268737793,32.0,9.370773315429688
test,3503,rule4ml,rule4ml/archive_4/fa71f4355a569050ee55b205dc657847.pt,20232.0,26544.486328125,9273.0,1385.7926025390625,0.0,0.0,118.5,201.24864196777344,859.0,577.1510620117188,4.0,4.556114673614502
exemplar,0,exemplar,exemplar/archive_1/0273888c-6100-46de-ba53-476666388e81.pt,21988.0,32387.8203125,24276.0,38414.64453125,0.0,4.629269599914551,5.0,5.250753402709961,6583.0,4382.27490234375,1296.0,933.2451171875
exemplar,1,exemplar,exemplar/archive_1/08ceef03-f529-483b-9de4-b4b67e848d56.pt,6595.0,12470.54296875,8049.0,12596.4404296875,6.0,14.49489974975586,1.0,2.8685905933380127,525.0,621.1624755859375,192.0,183.86300659179688
exemplar,2,exemplar,exemplar/archive_1/0971e6d6-d73b-4833-aefc-bbae6dc5b505.pt,158971.0,232053.546875,82018.0,197722.875,66.0,171.20989990234375,0.0,0.0,619.0,627.4835205078125,92.0,121.62596130371094
exemplar,3,exemplar,exemplar/archive_1/0b264399-9786-4e1d-95f5-b15ae9eef489.pt,7929.0,19879.6640625,8102.0,13275.96484375,3.0,36.911006927490234,4.0,0.0,502.0,267.5296325683594,128.0,26.174848556518555
exemplar,4,exemplar,exemplar/archive_1/0ca740a3-feef-4ee0-91b6-46f493ae36b2.pt,3349.0,9789.32421875,3918.0,8358.8408203125,2.0,13.489334106445312,1.0,2.3767173290252686,521.0,663.5361328125,192.0,256.2438659667969
exemplar,5,exemplar,exemplar/archive_1/0e85b020-3749-4e4d-ac93-a44f053ea57b.pt,2913.0,7499.5341796875,2764.0,8971.8212890625,3.0,0.0,2.0,2.2676429748535156,2631.0,1250.1492919921875,1024.0,428.52862548828125
exemplar,6,exemplar,exemplar/archive_1/1096f607-c024-4e57-a794-4bf4d2886e54.pt,6411.0,21316.06640625,1850.0,10254.662109375,421.0,142.63633728027344,1.0,3.0465757846832275,25.0,194.25247192382812,1.0,3.9389355182647705
exemplar,7,exemplar,exemplar/archive_1/12d641dd-5146-4c9f-911d-cf810823fff7.pt,3133.0,7601.64599609375,2898.0,9076.169921875,5.0,0.0,2.0,2.2809414863586426,2764.0,1262.090087890625,1024.0,430.90362548828125
exemplar,8,exemplar,exemplar/archive_1/14689274-3866-4b30-b586-c404fc0eb7e3.pt,428.0,1312.26171875,338.0,1530.2568359375,0.0,0.0,0.0,3.494771957397461,16.0,150.89950561523438,1.0,39.50910186767578
exemplar,9,exemplar,exemplar/archive_1/182f2870-c640-40ba-987d-d85d5a889c32.pt,1011.0,1535.9693603515625,223.0,602.6085815429688,3.0,0.0,0.0,0.0,28.0,109.89273071289062,1.0,2.883925437927246
exemplar,10,exemplar,exemplar/archive_1/1c3965f8-aac2-4e66-ae41-f24c4f7586e5.pt,37957.0,44364.0703125,9537.0,21180.91796875,2147.0,777.8751220703125,2.0,0.0,40.0,87.42416381835938,1.0,2.610366106033325
exemplar,11,exemplar,exemplar/archive_1/1d3a9271-bb21-46f7-a928-48272ce7193f.pt,21678.0,40332.03515625,36597.0,43513.234375,128.0,24.832975387573242,6.0,7.359862327575684,2905.0,2903.0517578125,1024.0,1002.296630859375
exemplar,12,exemplar,exemplar/archive_1/206dfc0c-9319-43c0-b4e3-b5bf034ef1bd.pt,5101.0,10442.7734375,1837.0,3056.0205078125,2.0,27.74464225769043,1.0,0.0,53.0,182.58792114257812,12.0,13.700422286987305
exemplar,13,exemplar,exemplar/archive_1/247d9155-f7f3-4ed7-92d8-cb8bf564eaeb.pt,640.0,3492.628662109375,7.0,2282.74072265625,3.0,0.0,0.0,1.7339744567871094,23.0,1025.9559326171875,1.0,242.96621704101562
exemplar,14,exemplar,exemplar/archive_1/250eb325-6f3c-4c11-9d82-2353ec7b3655.pt,3337.0,7692.50341796875,4167.0,7829.33984375,5.0,4.429339408874512,2.0,2.0410783290863037,2876.0,1289.2083740234375,1024.0,191.42611694335938
exemplar,15,exemplar,exemplar/archive_1/275c93ce-d31a-4833-97ca-00657c0684ec.pt,10504.0,13068.81640625,6645.0,8482.5888671875,0.0,0.0,0.0,0.0,94.0,160.8607940673828,1.0,9.775165557861328
exemplar,16,exemplar,exemplar/archive_1/2b1ebd37-082b-44ce-80f1-5789f44e794d.pt,38685.0,44364.0703125,9433.0,21180.91796875,2126.0,777.8751220703125,2.0,0.0,40.0,87.42416381835938,1.0,2.610367774963379
exemplar,17,exemplar,exemplar/archive_1/2db30ca7-c3d9-421a-bd5f-13c2711d4758.pt,25110.0,18793.22265625,5955.0,10745.32421875,5.0,30.604326248168945,2.0,0.0,42.0,176.38082885742188,2.0,6.78915548324585
exemplar,18,exemplar,exemplar/archive_1/30e2c5f7-5a29-4903-8934-750ea19679e8.pt,3367.0,5949.427734375,850.0,1811.4256591796875,0.0,0.0,0.0,3.6917803287506104,25.0,133.47657775878906,5.0,20.097675323486328
exemplar,19,exemplar,exemplar/archive_1/317b26f4-5f81-4d40-a851-b24c3c44654c.pt,1023.0,2012.148681640625,16.0,155.84645080566406,5.0,20.793746948242188,0.0,0.0,523.0,493.6397705078125,1.0,4.70429801940918
exemplar,20,exemplar,exemplar/archive_1/34c6a605-582c-4ac3-a672-21a86b84164d.pt,6439.0,6281.4111328125,5621.0,7025.7197265625,2.0,5.546969890594482,0.0,2.2849457263946533,301.0,695.9570922851562,286.0,360.614013671875
exemplar,21,exemplar,exemplar/archive_1/36213331-74e8-44ed-8da9-e209c6703607.pt,7448.0,15304.0,8953.0,14476.51171875,3.0,10.734617233276367,3.0,2.7818796634674072,2630.0,1716.30029296875,1024.0,630.6362915039062
exemplar,22,exemplar,exemplar/archive_1/36b4d64d-8c42-4320-adc4-a82339843784.pt,1367.0,4944.3720703125,1337.0,5413.599609375,2.0,0.0,0.0,2.2541680335998535,520.0,744.0440673828125,192.0,255.9142303466797
exemplar,23,exemplar,exemplar/archive_1/371d50bf-1f3d-4d55-9d2d-9421bc2a01e2.pt,46584.0,30487.69921875,21444.0,16338.109375,2108.0,1147.6973876953125,2.0,2.974153995513916,43.0,102.66423034667969,2.0,2.840946674346924
exemplar,24,exemplar,exemplar/archive_1/37a7c317-89f4-4554-91c5-68afcaf539c1.pt,2829.0,3194.290283203125,1085.0,1823.0208740234375,0.0,4.7315473556518555,0.0,1.954574704170227,41.0,1016.9865112304688,26.0,576.4479370117188
exemplar,25,exemplar,exemplar/archive_1/38f204fc-3e79-4077-93a0-3892a3ab85d2.pt,59846.0,34735.8671875,7409.0,24186.92578125,2278.0,562.6304321289062,2.0,3.034299612045288,533.0,680.2215576171875,2.0,7.485360622406006
exemplar,26,exemplar,exemplar/archive_1/3a3f2dca-5b03-44d4-9918-2282eb4440fb.pt,7192.0,7124.8740234375,4704.0,8064.5986328125,287.0,31.10106658935547,0.0,4.656294822692871,20.0,180.92164611816406,2.0,23.684053421020508
exemplar,27,exemplar,exemplar/archive_1/4107d0be-42b6-4158-9f36-c8a56530d5de.pt,26215.0,18206.05859375,5721.0,10395.36328125,3.0,28.701234817504883,1.0,0.0,37.0,176.58529663085938,2.0,6.887596130371094
exemplar,28,exemplar,exemplar/archive_1/45c61271-60eb-4ff5-ba6f-246ba575185f.pt,2227.0,4201.94287109375,145.0,270.13897705078125,0.0,0.0,0.0,0.0,78.0,130.54421997070312,1.0,4.699379920959473
exemplar,29,exemplar,exemplar/archive_1/46c56634-0933-47cc-9e72-89614aaa7251.pt,3323.0,12120.78515625,3676.0,7325.7705078125,2.0,24.1173152923584,2.0,0.0,329.0,226.7601776123047,96.0,15.321330070495605
exemplar,30,exemplar,exemplar/archive_1/4705b427-e733-41ed-bda3-6cc20c46fb96.pt,9817.0,14416.2607421875,5833.0,11492.3349609375,422.0,185.35208129882812,1.0,3.8566091060638428,29.0,202.0076904296875,2.0,4.294729232788086
exemplar,31,exemplar,exemplar/archive_1/4d39c459-d8e1-4de1-a8de-a7b376d0e510.pt,45414.0,121438.3828125,17157.0,62622.0390625,1970.0,478.08056640625,7.0,8.40164566040039,283.0,278.7481384277344,5.0,27.99764633178711
exemplar,32,exemplar,exemplar/archive_1/4d551fc6-7a68-4f90-a6b9-4c483baed59e.pt,5013.0,8617.599609375,4684.0,7834.53125,128.0,104.68196105957031,0.0,3.424489736557007,409.0,601.3265380859375,64.0,59.155845642089844
exemplar,33,exemplar,exemplar/archive_1/4d7af3a5-68b9-46b1-9875-78271f4a712b.pt,7489.0,13982.79296875,7842.0,13020.73046875,128.0,22.397533416748047,2.0,2.380072593688965,3006.0,2443.413330078125,1024.0,1015.2560424804688
exemplar,34,exemplar,exemplar/archive_1/4fe50b78-f06b-4441-a458-1445bd2d983a.pt,7423.0,15371.8310546875,9003.0,14517.23046875,5.0,10.86620044708252,3.0,2.80653977394104,2760.0,1745.4444580078125,1024.0,637.3030395507812
exemplar,35,exemplar,exemplar/archive_1/52c0f586-1dea-422b-84cb-fcc178db7048.pt,7711.0,15371.8310546875,9110.0,14517.23046875,5.0,10.86619758605957,3.0,2.8065388202667236,2763.0,1745.4453125,1024.0,637.3033447265625
exemplar,36,exemplar,exemplar/archive_1/568fa7df-b876-4e31-bcb8-7dd7426d9616.pt,3194.0,7601.64599609375,2900.0,9076.169921875,5.0,0.0,2.0,2.280940532684326,2765.0,1262.090576171875,1024.0,430.90362548828125
exemplar,37,exemplar,exemplar/archive_1/6346baef-4016-4baa-95ca-4d01f340d884.pt,3112.0,4056.0458984375,1909.0,3455.3662109375,5.0,9.587993621826172,0.0,2.5161588191986084,41.0,200.97396850585938,3.0,14.891331672668457
exemplar,38,exemplar,exemplar/archive_1/641d2098-53ea-4e20-b11b-636ecfc4de3b.pt,5034.0,8170.2255859375,1683.0,6707.56298828125,0.0,0.0,0.0,3.637096405029297,19.0,149.14306640625,2.0,26.524791717529297
exemplar,39,exemplar,exemplar/archive_1/64239147-5c4d-4f1c-b543-1bb26a6df2a6.pt,842.0,2737.798583984375,677.0,2307.566162109375,2.0,0.0,0.0,0.0,24.0,186.387939453125,1.0,17.31049346923828
exemplar,40,exemplar,exemplar/archive_1/67c490e4-5293-4931-a67a-efe1c2b8a712.pt,32622.0,60091.546875,27846.0,37105.4609375,128.0,247.97775268554688,4.0,5.051154136657715,310.0,408.03338623046875,9.0,33.59847640991211
exemplar,41,exemplar,exemplar/archive_1/6f78ee34-8249-459a-900a-d8aee5f203ad.pt,44213.0,30487.69921875,10168.0,16338.109375,2107.0,1147.69677734375,2.0,2.974153995513916,36.0,102.66423034667969,1.0,2.8409485816955566
exemplar,42,exemplar,exemplar/archive_1/733d4346-c1e0-45cc-841d-62a798bbe60a.pt,56989.0,101057.2890625,55082.0,63110.3671875,149.0,276.9792175292969,4.0,12.09036922454834,693.0,400.763427734375,98.0,63.639251708984375
exemplar,43,exemplar,exemplar/archive_1/74923cb9-abeb-4329-bb34-2e0714e33867.pt,7563.0,12807.5546875,2302.0,7402.59814453125,2.0,23.96074676513672,1.0,0.0,26.0,168.39700317382812,2.0,6.140297889709473
exemplar,44,exemplar,exemplar/archive_1/7ad022f0-031e-4928-8967-2a10e6ead5a5.pt,22907.0,15611.1630859375,800.0,4944.697265625,3.0,30.529111862182617,1.0,0.0,28.0,155.23153686523438,1.0,7.251802444458008
exemplar,45,exemplar,exemplar/archive_1/7ecb5102-3313-4c41-9586-c1ad1fd36c66.pt,109778.0,192992.1875,29872.0,55770.21875,5853.0,4151.36865234375,0.0,0.0,90.0,16.90017318725586,1.0,1.027432918548584
exemplar,46,exemplar,exemplar/archive_1/7f402bb4-51cf-485d-bc52-6ee172ca14fa.pt,5895.0,13605.681640625,6753.0,13972.9677734375,8.0,54.83435821533203,2.0,3.5408682823181152,328.0,275.41290283203125,96.0,13.714546203613281
exemplar,47,exemplar,exemplar/archive_1/8317cf35-eefa-4791-bcf7-f4065665fd13.pt,5111.0,8170.2255859375,1702.0,6707.56298828125,0.0,0.0,0.0,3.637096405029297,19.0,149.14306640625,2.0,26.524791717529297
exemplar,48,exemplar,exemplar/archive_1/840fcf94-ccfc-43d8-b7c2-d33799fa8aa8.pt,3334.0,7692.5107421875,4118.0,7829.33984375,5.0,4.429340839385986,2.0,2.0410783290863037,2876.0,1289.2083740234375,1024.0,191.42611694335938
exemplar,49,exemplar,exemplar/archive_1/84384e9c-dbd4-42f2-9768-d6071fed7642.pt,45548.0,29880.1796875,35581.0,26237.82421875,9.0,21.36396026611328,2.0,4.283680438995361,2171.0,1062.8988037109375,2143.0,328.07073974609375
exemplar,50,exemplar,exemplar/archive_1/85e17655-4ec7-4dde-bbe4-d48bacfaa343.pt,36.0,436.0893859863281,1.0,9.695636749267578,0.0,0.0,0.0,3.0177576541900635,13.0,79.14310455322266,1.0,2.751178741455078
exemplar,51,exemplar,exemplar/archive_1/86a7fb3e-bc83-41fa-894f-d57ab0a037c1.pt,7222.0,9540.2216796875,4720.0,6905.56787109375,282.0,309.5263671875,0.0,4.981871604919434,20.0,99.47146606445312,2.0,3.4689853191375732
exemplar,52,exemplar,exemplar/archive_1/8c5001d5-58f2-49e9-a6bb-2ae23830866f.pt,25884.0,33326.5859375,14460.0,19480.12109375,128.0,180.9351806640625,6.0,4.281555652618408,292.0,392.3930358886719,12.0,26.35602569580078
exemplar,53,exemplar,exemplar/archive_1/8d2bea12-85c5-4b4c-802c-3390a356a35e.pt,9199.0,12385.4609375,7911.0,9059.6162109375,0.0,0.0,3.0,4.207364082336426,821.0,234.48765563964844,144.0,15.85450267791748
exemplar,54,exemplar,exemplar/archive_1/8e75be00-7e3e-4f3d-8aa1-3e913ec040ec.pt,46262.0,121438.3828125,28091.0,62622.0390625,1998.0,478.08056640625,4.0,8.40164566040039,305.0,278.7481384277344,9.0,27.99763298034668
exemplar,55,exemplar,exemplar/archive_1/90c22023-a457-4031-8dcc-74aa8742c717.pt,91.0,436.0893859863281,1.0,9.69563102722168,0.0,0.0,0.0,3.0177552700042725,13.0,79.14310455322266,1.0,2.7511842250823975
exemplar,56,exemplar,exemplar/archive_1/933de88a-1fe8-4497-b8cf-66fe9146b0e0.pt,10507.0,13068.853515625,6645.0,8482.6220703125,0.0,0.0,0.0,0.0,94.0,160.8607940673828,1.0,9.775178909301758
exemplar,57,exemplar,exemplar/archive_1/93c8fe85-cd4d-4b53-a93f-688a737d92ef.pt,2795.0,3194.290283203125,771.0,1823.0208740234375,0.0,4.731548309326172,0.0,1.954574704170227,33.0,1016.9865112304688,21.0,576.4481811523438
exemplar,58,exemplar,exemplar/archive_1/93f027a8-36c7-4159-b997-fa581ea23d40.pt,55888.0,57313.46875,34051.0,50043.8046875,27.0,70.41442108154297,2.0,0.0,408.0,382.4957275390625,103.0,59.96832275390625
exemplar,59,exemplar,exemplar/archive_1/94394a1c-cebb-41b5-97ba-053c2cbb4444.pt,6967.0,8528.0908203125,7374.0,7756.80908203125,128.0,96.89530181884766,0.0,3.3166611194610596,958.0,710.1342163085938,128.0,75.10813903808594
exemplar,60,exemplar,exemplar/archive_1/9748b154-4100-4641-a2d4-c9e8328e837d.pt,24744.0,42173.1953125,19067.0,18958.138671875,128.0,243.61703491210938,4.0,4.078075885772705,306.0,311.3212890625,9.0,10.831104278564453
exemplar,61,exemplar,exemplar/archive_1/990eb8b7-92c6-40ca-b679-e3cbaa3024b6.pt,16360.0,21599.806640625,28255.0,23456.673828125,10.0,29.676538467407227,3.0,5.576716423034668,2872.0,1253.7327880859375,1024.0,167.41038513183594
exemplar,62,exemplar,exemplar/archive_1/9a9a9339-a608-467c-91a9-1a3f6a783e95.pt,62820.0,127213.46875,2597.0,86407.0,0.0,55.86174011230469,0.0,0.0,82.0,361.1230163574219,1.0,66.84741973876953
exemplar,63,exemplar,exemplar/archive_1/9bce92a8-b4b7-42eb-a5e4-15f5d4f3c872.pt,11925.0,30878.939453125,15471.0,26160.091796875,26.0,75.76917266845703,6.0,3.7617621421813965,584.0,424.2540283203125,160.0,43.617576599121094
exemplar,64,exemplar,exemplar/archive_1/9c3ee7e5-a98f-4ec9-9b34-0d1baaa3da26.pt,39506.0,55139.2890625,64013.0,59761.671875,133.0,37.00135803222656,7.0,11.007146835327148,2909.0,2555.86474609375,1024.0,823.3355712890625
exemplar,65,exemplar,exemplar/archive_1/9c51cef1-e8be-4066-85b1-e69bbe003acc.pt,62726.0,106112.0078125,2597.0,40739.18359375,0.0,283.8390197753906,0.0,0.0,82.0,48.71466064453125,1.0,7.992669105529785
exemplar,66,exemplar,exemplar/archive_1/a2d0b7bd-e241-47cf-9b48-c8d5b31a4dfb.pt,52808.0,55467.609375,30535.0,48089.8203125,24.0,70.70819091796875,1.0,0.0,401.0,380.74822998046875,101.0,59.75675582885742
exemplar,67,exemplar,exemplar/archive_1/a7ab27fb-bd8e-4dfb-bc4f-fc37b71e548c.pt,2769.0,3952.491455078125,1763.0,3372.396484375,3.0,9.461721420288086,0.0,2.444577932357788,35.0,197.5164794921875,2.0,14.958447456359863
exemplar,68,exemplar,exemplar/archive_1/a7fcc3e0-563d-4404-9467-f86818191469.pt,10528.0,13068.8037109375,6645.0,8482.5888671875,0.0,0.0,0.0,0.0,94.0,160.86094665527344,1.0,9.775176048278809
exemplar,69,exemplar,exemplar/archive_1/a84153c9-baad-493e-b043-331117736a38.pt,26154.0,33326.5859375,11148.0,19480.12109375,128.0,180.9351806640625,7.0,4.281555652618408,285.0,392.3928527832031,5.0,26.356014251708984
exemplar,70,exemplar,exemplar/archive_1/ab107bcf-9e12-42e0-9b1a-bf08d137f970.pt,61095.0,23796.806640625,5272.0,28142.4375,0.0,6.504030227661133,0.0,4.049809455871582,98.0,4237.0400390625,19.0,784.6771240234375
exemplar,71,exemplar,exemplar/archive_1/af019597-795a-45fb-af20-0492e247f185.pt,7535.0,7124.8740234375,3360.0,8064.5986328125,281.0,31.10108184814453,0.0,4.656294822692871,15.0,180.92164611816406,1.0,23.68404769897461
exemplar,72,exemplar,exemplar/archive_1/b19f2e4b-4590-4abd-a767-7530be27f889.pt,27733.0,18793.22265625,5435.0,10745.32421875,5.0,30.604326248168945,2.0,0.0,36.0,176.3807373046875,1.0,6.789152145385742
exemplar,73,exemplar,exemplar/archive_1/b43c3d48-b63e-4826-8f80-4f21daca2b4f.pt,2911.0,5740.1484375,2758.0,4367.2060546875,5.0,25.97246551513672,14.0,1.2873356342315674,537.0,658.4813232421875,3.0,26.080045700073242
exemplar,74,exemplar,exemplar/archive_1/b656d259-da97-4fd2-982a-eae002500fb2.pt,2806.0,4254.02490234375,2566.0,3778.22119140625,3.0,6.878330230712891,1.0,2.873674154281616,502.0,219.35435485839844,128.0,20.852535247802734
exemplar,75,exemplar,exemplar/archive_1/b85933b6-f63c-4af0-aa76-bbf3f5b74598.pt,64713.0,28348.91796875,48949.0,16157.8125,10.0,33.033477783203125,2.0,5.607027053833008,2239.0,1163.542236328125,1715.0,83.02666473388672
exemplar,76,exemplar,exemplar/archive_1/bb07fdf6-0145-43fa-b254-ae7790bd0390.pt,5228.0,10559.8271484375,897.0,2625.747802734375,2.0,25.818069458007812,1.0,0.0,24.0,147.3026580810547,1.0,6.999446868896484
exemplar,77,exemplar,exemplar/archive_1/bfc05050-5933-4357-afc0-782c3c9871d3.pt,72372.0,42168.40625,37872.0,11903.90234375,32.0,130.40171813964844,2.0,2.080643653869629,881.0,1002.09619140625,102.0,8.052608489990234
exemplar,78,exemplar,exemplar/archive_1/c50b7d06-2743-447e-8d30-7d44ffd86fa1.pt,6127.0,10559.8271484375,771.0,2625.747802734375,2.0,25.81808090209961,1.0,0.0,24.0,147.30252075195312,1.0,6.999446868896484
exemplar,79,exemplar,exemplar/archive_1/c50bdf2e-0abe-43fc-8139-06cf5e73816b.pt,1357.0,2913.7490234375,1278.0,2479.251708984375,2.0,8.552831649780273,0.0,2.366656541824341,329.0,225.90771484375,96.0,24.43559455871582
exemplar,80,exemplar,exemplar/archive_1/c547deb4-f314-4e7d-9e7b-88bda5d6f7ff.pt,4920.0,10285.3994140625,63.0,2515.912109375,275.0,183.379150390625,0.0,3.715616226196289,14.0,81.4949722290039,1.0,2.4919676780700684
exemplar,81,exemplar,exemplar/archive_1/c554422a-7e7f-40d8-88a4-8c54a0a92d59.pt,3337.0,7692.5107421875,4118.0,7829.33984375,5.0,4.429340362548828,2.0,2.0410776138305664,2876.0,1289.2083740234375,1024.0,191.42611694335938
exemplar,82,exemplar,exemplar/archive_1/c76f45c1-2e16-422b-b87f-0befcb5d1cc0.pt,33986.0,43823.95703125,1592.0,21426.107421875,2019.0,730.9140625,1.0,0.0,28.0,93.04595947265625,1.0,2.826045274734497
exemplar,83,exemplar,exemplar/archive_1/cc933a28-ea40-4c6e-94eb-19bb770284e0.pt,14151.0,23125.0859375,17032.0,22649.47265625,9.0,18.483970642089844,3.0,4.180386543273926,2760.0,1374.0238037109375,1024.0,411.84954833984375
exemplar,84,exemplar,exemplar/archive_1/d2f9b92b-36b8-4913-bf89-d73b70e688b6.pt,74.0,393.86907958984375,1.0,8.534353256225586,0.0,0.0,0.0,2.3042798042297363,13.0,64.52621459960938,1.0,1.8668696880340576
exemplar,85,exemplar,exemplar/archive_1/d555c2bc-0669-45e4-91b5-39d9ebf234a6.pt,76.0,2414.490234375,5.0,1268.3548583984375,2.0,0.0,0.0,1.881827712059021,15.0,571.2421264648438,1.0,118.51570129394531
exemplar,86,exemplar,exemplar/archive_1/d624f608-06d4-4b6b-b0a4-1fd09b11f9a5.pt,57420.0,23796.806640625,8222.0,28142.4375,0.0,6.50403356552124,0.0,4.049809455871582,96.0,4237.0400390625,17.0,784.6771240234375
exemplar,87,exemplar,exemplar/archive_1/dcec6b57-a6cd-442a-b467-1dd0d8a02ccf.pt,60408.0,34735.8671875,27260.0,24186.92578125,2300.0,562.6306762695312,2.0,3.03429913520813,540.0,680.2215576171875,3.0,7.485356330871582
exemplar,88,exemplar,exemplar/archive_1/dd09668d-3c30-4aad-9f96-919ce4bedbf0.pt,52892.0,55467.609375,32809.0,48089.8203125,24.0,70.70819091796875,1.0,0.0,397.0,380.74822998046875,99.0,59.75675582885742
exemplar,89,exemplar,exemplar/archive_1/e0877d2d-c62b-4796-be5f-96c63aefb754.pt,9596.0,14416.2607421875,4242.0,11492.3349609375,423.0,185.35208129882812,1.0,3.85660982131958,24.0,202.0076904296875,1.0,4.294729232788086
exemplar,90,exemplar,exemplar/archive_1/e3f6f73c-985e-45e2-8dfd-c8eeaf9b40da.pt,85.0,1206.314453125,5.0,406.22564697265625,2.0,0.0,0.0,0.0,15.0,121.99125671386719,1.0,3.6246895790100098
exemplar,91,exemplar,exemplar/archive_1/e6a82969-b2e7-4bf3-ba16-00307a537ca0.pt,6445.0,13605.681640625,7587.0,13972.9677734375,8.0,54.83435821533203,2.0,3.5408682823181152,333.0,275.41290283203125,96.0,13.714543342590332
exemplar,92,exemplar,exemplar/archive_1/e78a5e99-9c04-4b9b-be44-a1b0d34a316b.pt,32764.0,60091.4921875,28186.0,37105.4609375,128.0,247.97750854492188,4.0,5.051153182983398,309.0,408.03338623046875,9.0,33.59847640991211
exemplar,93,exemplar,exemplar/archive_1/e7919f10-29bd-4777-b4cc-29dbe353cd1c.pt,35600.0,44364.0703125,1624.0,21180.91796875,2091.0,777.8751220703125,2.0,0.0,32.0,87.42416381835938,1.0,2.610366106033325
exemplar,94,exemplar,exemplar/archive_1/e8403995-eed4-4ab2-bad9-4ab7a8a95220.pt,9741.0,13178.197265625,14518.0,12933.583984375,5.0,12.808073043823242,3.0,3.0843873023986816,2872.0,998.2102661132812,1024.0,162.82061767578125
exemplar,95,exemplar,exemplar/archive_1/e87f94ad-6357-4f1e-8148-702cc5865918.pt,738.0,3492.628662109375,7.0,2282.73974609375,3.0,0.0,0.0,1.7339744567871094,23.0,1025.9554443359375,1.0,242.96621704101562
exemplar,96,exemplar,exemplar/archive_1/e89c3f49-0a65-47bb-8ace-4c65db6d108b.pt,21260.0,32387.8203125,23944.0,38414.64453125,0.0,4.629271984100342,5.0,5.250755310058594,6581.0,4382.27490234375,1296.0,933.2446899414062
exemplar,97,exemplar,exemplar/archive_1/e9e2bcad-ffaa-477a-93b0-5d0493070787.pt,15128.0,23125.0859375,18973.0,22649.47265625,9.0,18.483964920043945,4.0,4.180386066436768,2767.0,1374.0238037109375,1024.0,411.84954833984375
exemplar,98,exemplar,exemplar/archive_1/f47f94f0-87d1-4681-9dcc-02c2cb74fd5a.pt,2236.0,4201.95068359375,145.0,270.13897705078125,0.0,0.0,0.0,0.0,78.0,130.54421997070312,1.0,4.699404239654541
exemplar,99,exemplar,exemplar/archive_1/f7965c2f-28df-4155-9306-bfef8953a6be.pt,3057.0,7499.541015625,2828.0,8971.8212890625,3.0,0.0,2.0,2.2676424980163574,2630.0,1250.1492919921875,1024.0,428.52880859375
exemplar,100,exemplar,exemplar/archive_2/01525b57-2df4-49a4-8b44-6082bf153f1c.pt,8073.0,9103.140625,3359.0,11033.0009765625,267.0,4.711164951324463,0.0,2.225795269012451,15.0,806.754150390625,1.0,426.4510803222656
exemplar,101,exemplar,exemplar/archive_2/01f697c6-b10b-4565-8590-f81514e880c9.pt,2904.0,5740.1435546875,2680.0,4367.2060546875,5.0,25.972476959228516,14.0,1.2873358726501465,537.0,658.4813232421875,3.0,26.080045700073242
exemplar,102,exemplar,exemplar/archive_2/0551c9ea-59f7-4e4a-87c0-37df99b26573.pt,21176.0,40332.03515625,32593.0,43513.234375,128.0,24.83298110961914,8.0,7.359864234924316,2889.0,2903.0517578125,1024.0,1002.296630859375
exemplar,103,exemplar,exemplar/archive_2/05f0ccd2-98cf-4535-93c2-1d3e77a9b07c.pt,24862.0,76713.90625,22177.0,53239.5703125,0.0,61.86699295043945,6.0,0.0,821.0,395.781982421875,144.0,53.06743240356445
exemplar,104,exemplar,exemplar/archive_2/0755003d-fac1-4914-9051-bc9a85e03624.pt,9525.0,11454.244140625,7874.0,7941.173828125,6.0,17.37533950805664,1.0,3.1430516242980957,438.0,481.0000305175781,422.0,160.36636352539062
exemplar,105,exemplar,exemplar/archive_2/085e0d62-34ae-4f6e-8eaf-6c9695beccbf.pt,717.0,3492.6318359375,83.0,2282.741943359375,3.0,0.0,0.0,1.7339744567871094,26.0,1025.9559326171875,1.0,242.96633911132812
exemplar,106,exemplar,exemplar/archive_2/08899062-2fac-4cd8-8c35-4678076c0341.pt,9984.0,17835.41796875,6970.0,11936.6328125,8.0,51.22028732299805,1.0,3.0087571144104004,275.0,275.2380676269531,84.0,17.197486877441406
exemplar,107,exemplar,exemplar/archive_2/118ec27f-9c9b-4bde-83fa-26ff090691b8.pt,22404.0,10486.0595703125,3219.0,7571.984375,3.0,13.821732521057129,1.0,3.0789008140563965,69.0,1357.291748046875,45.0,465.72357177734375
exemplar,108,exemplar,exemplar/archive_2/121c5201-0714-4c8a-b636-a8f195ba5a03.pt,10823.0,13178.197265625,14535.0,12933.583984375,5.0,12.808070182800293,3.0,3.0843873023986816,2875.0,998.2102661132812,1024.0,162.82061767578125
exemplar,109,exemplar,exemplar/archive_2/18aa6349-af5a-4ca3-83cd-47dc55381cf4.pt,42742.0,43399.8828125,44659.0,46903.09765625,6.0,12.51114559173584,2.0,7.3871307373046875,6581.0,4143.5986328125,1296.0,921.7054443359375
exemplar,110,exemplar,exemplar/archive_2/1c92271f-850d-4e3c-968f-1dead1ccdaa5.pt,3301.0,9789.32421875,3878.0,8358.8408203125,2.0,13.489334106445312,1.0,2.3767170906066895,520.0,663.5358276367188,192.0,256.2438659667969
exemplar,111,exemplar,exemplar/archive_2/1d7221e2-8d8e-4e81-b2e3-b52c9202ec83.pt,26374.0,18206.05859375,5371.0,10395.36328125,3.0,28.701234817504883,1.0,0.0,32.0,176.58529663085938,1.0,6.887596130371094
exemplar,112,exemplar,exemplar/archive_2/1fb9d731-44fe-4908-bcb5-265067f24c3e.pt,138432.0,174249.921875,31416.0,57875.58984375,5833.0,6535.71875,0.0,0.0,95.0,41.122718811035156,2.0,4.556756019592285
exemplar,113,exemplar,exemplar/archive_2/1feebb8f-df74-4410-90ca-979c51199bfe.pt,5391.0,12470.54296875,7192.0,12596.4404296875,6.0,14.494903564453125,1.0,2.8685905933380127,520.0,621.1622314453125,192.0,183.8629150390625
exemplar,114,exemplar,exemplar/archive_2/205c6f44-b54e-4065-8e6d-b654978246be.pt,383.0,1181.427734375,281.0,1245.368896484375,0.0,0.0,0.0,2.7498250007629395,18.0,114.74251556396484,1.0,20.030611038208008
exemplar,115,exemplar,exemplar/archive_2/249c5897-9354-48ad-b5a5-0cac1690c152.pt,981.0,3203.5458984375,86.0,863.212646484375,5.0,4.054811477661133,0.0,1.0288177728652954,528.0,968.2615356445312,1.0,30.443681716918945
exemplar,116,exemplar,exemplar/archive_2/2ab1a76c-9907-4d18-bf5d-09fe5d1a4db6.pt,5991.0,10559.8173828125,640.0,2625.7451171875,2.0,25.818056106567383,1.0,0.0,23.0,147.30252075195312,1.0,6.999443054199219
exemplar,117,exemplar,exemplar/archive_2/2fa8fb20-8946-461e-9867-f56d2b13bcff.pt,6967.0,8528.0908203125,7374.0,7756.80908203125,128.0,96.89530181884766,0.0,3.3166615962982178,958.0,710.1342163085938,128.0,75.10821533203125
exemplar,118,exemplar,exemplar/archive_2/359b58b7-0326-4a93-956a-4b2eaa583f53.pt,4627.0,6836.32958984375,1647.0,9014.7431640625,0.0,3.1581549644470215,0.0,2.1470110416412354,20.0,1071.521240234375,2.0,603.6234130859375
exemplar,119,exemplar,exemplar/archive_2/3748ff96-bb56-46fe-8e84-6d00af316083.pt,127.0,2414.490234375,35.0,1268.3560791015625,2.0,0.0,0.0,1.881827712059021,17.0,571.2421264648438,1.0,118.51564025878906
exemplar,120,exemplar,exemplar/archive_2/375a3000-6499-4100-b3f4-ed7ccfa6efa9.pt,21623.0,19594.396484375,1838.0,10373.494140625,3.0,43.11789321899414,1.0,0.0,42.0,218.09938049316406,12.0,24.99027442932129
exemplar,121,exemplar,exemplar/archive_2/3c4f0518-cd12-4c04-a710-7ac6af24b36b.pt,20483.0,25022.34375,28917.0,22076.421875,31.0,172.64797973632812,5.0,2.30545711517334,1087.0,945.9747314453125,160.0,20.15078353881836
exemplar,122,exemplar,exemplar/archive_2/3c5398da-d7cf-47aa-97b4-bd7c74fcb34c.pt,2913.0,7499.5341796875,2764.0,8971.8212890625,3.0,0.0,2.0,2.2676424980163574,2631.0,1250.1492919921875,1024.0,428.52862548828125
exemplar,123,exemplar,exemplar/archive_2/4090a3d7-2624-4487-bc49-3a11e7cb7c9c.pt,24753.0,27134.3984375,21240.0,24840.61328125,128.0,30.96875,4.0,5.8281049728393555,315.0,2934.236572265625,52.0,849.0964965820312
exemplar,124,exemplar,exemplar/archive_2/431255d8-05e7-48b2-8e7e-f16b51ca6522.pt,45063.0,43399.8828125,44698.0,46903.09765625,6.0,12.511138916015625,3.0,7.387128829956055,6581.0,4143.5986328125,1296.0,921.7054443359375
exemplar,125,exemplar,exemplar/archive_2/49637ef4-da70-4343-b00b-3e757a368528.pt,7430.0,9540.23046875,3359.0,6905.56787109375,293.0,309.5263671875,0.0,4.981871604919434,16.0,99.47146606445312,1.0,3.4689853191375732
exemplar,126,exemplar,exemplar/archive_2/49a75271-725b-4791-bf1f-7d5927b40ac3.pt,7388.0,9103.140625,4159.0,11033.0009765625,291.0,4.7111663818359375,0.0,2.225795269012451,20.0,806.754150390625,2.0,426.4510803222656
exemplar,127,exemplar,exemplar/archive_2/4ae47494-a6f6-48d1-87e7-ebfcc0ae914c.pt,6113.0,6281.4111328125,5607.0,7025.7197265625,2.0,5.546969890594482,0.0,2.2849457263946533,309.0,695.9570922851562,296.0,360.614013671875
exemplar,128,exemplar,exemplar/archive_2/51118e02-295c-4b79-937d-7dbad6a2c0d2.pt,24112.0,15943.3046875,816.0,5210.82958984375,5.0,32.68403625488281,2.0,0.0,32.0,153.9348907470703,1.0,7.223199367523193
exemplar,129,exemplar,exemplar/archive_2/581844f6-d44a-43db-be68-0b45f3b7344d.pt,483.0,1312.26171875,376.0,1530.256103515625,0.0,0.0,0.0,3.4947729110717773,15.0,150.89950561523438,1.0,39.50910949707031
exemplar,130,exemplar,exemplar/archive_2/5983ca74-e282-412a-b2f0-489327a9ccea.pt,1723.0,3319.0927734375,800.0,1561.9615478515625,107.0,85.28690338134766,0.0,2.1133217811584473,270.0,283.5935363769531,1.0,2.8141684532165527
exemplar,131,exemplar,exemplar/archive_2/5b16206e-bc49-4eb0-8532-21e989df898d.pt,33728.0,60091.4921875,28029.0,37105.4609375,128.0,247.97775268554688,4.0,5.051153182983398,310.0,408.03338623046875,9.0,33.59848403930664
exemplar,132,exemplar,exemplar/archive_2/5f97c105-e8db-4856-99c8-6f244035d9f6.pt,24869.0,13746.734375,3028.0,811.2158813476562,5.0,11.849525451660156,2.0,1.07028329372406,552.0,608.4091796875,11.0,6.753850936889648
exemplar,133,exemplar,exemplar/archive_2/6452b03d-2f7b-488d-90ed-e4c45432f442.pt,24520.0,76713.90625,22669.0,53239.5703125,0.0,61.86696243286133,6.0,0.0,823.0,395.781982421875,144.0,53.067420959472656
exemplar,134,exemplar,exemplar/archive_2/64bda8fc-695e-49c2-8e02-09ed011f9f98.pt,7253.0,9540.23046875,4651.0,6905.56787109375,282.0,309.5263671875,0.0,4.981871604919434,20.0,99.47146606445312,2.0,3.4689853191375732
exemplar,135,exemplar,exemplar/archive_2/653010fa-d67d-4455-a52a-5586456f6387.pt,22165.0,19594.396484375,1876.0,10373.494140625,3.0,43.11789321899414,1.0,0.0,42.0,218.09938049316406,11.0,24.990285873413086
exemplar,136,exemplar,exemplar/archive_2/65f2dd57-ee52-4db0-87b2-6b1d5c5edfc4.pt,122.0,1051.282958984375,44.0,283.6984558105469,2.0,0.0,0.0,0.0,18.0,105.43209838867188,1.0,2.465424060821533
exemplar,137,exemplar,exemplar/archive_2/6feffc6b-567e-4b36-bad3-e4c57ab9cec2.pt,414.0,1312.26171875,338.0,1530.256103515625,0.0,0.0,0.0,3.494771957397461,18.0,150.89950561523438,1.0,39.50910186767578
exemplar,138,exemplar,exemplar/archive_2/71fc7a21-01aa-4f22-8f37-e9b5e3e23654.pt,1017.0,1822.664306640625,24.0,931.3043823242188,5.0,0.0,0.0,2.471552848815918,27.0,107.91522979736328,1.0,3.177194356918335
exemplar,139,exemplar,exemplar/archive_2/71ff4609-1463-4d28-9ef0-cef1641b5731.pt,64296.0,28348.91796875,45559.0,16157.8125,10.0,33.033477783203125,2.0,5.607027530670166,2215.0,1163.5428466796875,1692.0,83.02670288085938
exemplar,140,exemplar,exemplar/archive_2/720c1054-ed10-46fc-86fc-9d4dc4b5fc1d.pt,6311.0,6281.4111328125,5375.0,7025.7197265625,2.0,5.546969890594482,0.0,2.2849457263946533,298.0,695.9573974609375,285.0,360.614013671875
exemplar,141,exemplar,exemplar/archive_2/753db279-3897-4e89-a08d-a46c207dc829.pt,60890.0,127213.46875,7075.0,86407.0,0.0,55.86176681518555,0.0,0.0,93.0,361.1230163574219,2.0,66.84741973876953
exemplar,142,exemplar,exemplar/archive_2/7b0a48f6-26f7-4734-8ff2-b2389721cf8b.pt,64315.0,28348.91796875,48353.0,16157.8125,10.0,33.033477783203125,2.0,5.607029438018799,2241.0,1163.5428466796875,1717.0,83.02670288085938
exemplar,143,exemplar,exemplar/archive_2/7eb90940-c8fc-46eb-b334-63c1540139b5.pt,49.0,393.8692626953125,1.0,8.534358024597168,0.0,0.0,0.0,2.3042807579040527,13.0,64.52627563476562,1.0,1.8668711185455322
exemplar,144,exemplar,exemplar/archive_2/88525790-1f2d-4b08-abd1-87d93fbfa721.pt,7423.0,15371.8310546875,9003.0,14517.23046875,5.0,10.86620044708252,3.0,2.80653977394104,2760.0,1745.4444580078125,1024.0,637.3033447265625
exemplar,145,exemplar,exemplar/archive_2/88562b99-cdec-44f1-a048-2808b2e91b5d.pt,3337.0,7692.5107421875,4118.0,7829.33984375,5.0,4.4293389320373535,2.0,2.0410783290863037,2877.0,1289.2083740234375,1024.0,191.42611694335938
exemplar,146,exemplar,exemplar/archive_2/8858c4d4-cdcf-46ad-8093-195db8550140.pt,26082.0,8909.6728515625,2632.0,1507.3157958984375,5.0,14.810250282287598,2.0,2.9239940643310547,564.0,933.7357177734375,40.0,56.89576721191406
exemplar,147,exemplar,exemplar/archive_2/8fb92d64-ae75-49a3-83d4-b20cc8facacb.pt,14150.0,23125.0859375,17032.0,22649.47265625,9.0,18.483970642089844,3.0,4.180386066436768,2760.0,1374.0238037109375,1024.0,411.84954833984375
exemplar,148,exemplar,exemplar/archive_2/8fc296f2-d676-4db0-8fca-4aad1c0f9562.pt,7448.0,15304.0,8953.0,14476.51171875,3.0,10.734617233276367,3.0,2.7818801403045654,2630.0,1716.30029296875,1024.0,630.6362915039062
exemplar,149,exemplar,exemplar/archive_2/92338979-551d-417d-b540-907ba3e43cdf.pt,29043.0,25022.34375,37083.0,22076.421875,31.0,172.64797973632812,5.0,2.3054566383361816,1087.0,945.9747314453125,160.0,20.150779724121094
exemplar,150,exemplar,exemplar/archive_2/9313be69-b1d3-4511-8970-154a74b6e9a1.pt,2114.0,4376.26806640625,145.0,354.2967834472656,0.0,0.0,0.0,0.0,78.0,92.94207763671875,1.0,2.7252609729766846
exemplar,151,exemplar,exemplar/archive_2/9484c0eb-623f-4785-b182-7fa5cc18e87e.pt,13661.0,23125.0859375,17018.0,22649.47265625,9.0,18.483964920043945,3.0,4.180386543273926,2760.0,1374.0238037109375,1024.0,411.84954833984375
exemplar,152,exemplar,exemplar/archive_2/9847d2cf-f15c-4505-8b8d-f64ac3998050.pt,24672.0,18206.05859375,5377.0,10395.36328125,3.0,28.701234817504883,1.0,0.0,32.0,176.58529663085938,1.0,6.887596130371094
exemplar,153,exemplar,exemplar/archive_2/991f13af-b7f2-4986-8d9a-67446552fda3.pt,4933.0,6406.29248046875,1767.0,2990.71484375,2.0,16.265092849731445,1.0,2.2338523864746094,80.0,509.11334228515625,65.0,163.63754272460938
exemplar,154,exemplar,exemplar/archive_2/9bf554fc-02eb-4516-9e17-0417c78bcfc4.pt,825.0,3554.29150390625,132.0,2398.306640625,5.0,0.0,0.0,1.7180094718933105,32.0,1035.9898681640625,1.0,241.7775421142578
exemplar,155,exemplar,exemplar/archive_2/9e988320-f57a-4fd9-9af6-e0dd6526b45f.pt,3337.0,7692.5107421875,4118.0,7829.33984375,5.0,4.4293389320373535,2.0,2.0410776138305664,2877.0,1289.2083740234375,1024.0,191.42611694335938
exemplar,156,exemplar,exemplar/archive_2/a191dd12-d602-4bc6-aaf3-c8cb908fd702.pt,26532.0,33326.5859375,19612.0,19480.12109375,128.0,180.9351806640625,4.0,4.28155517578125,309.0,392.3928527832031,9.0,26.356014251708984
exemplar,157,exemplar,exemplar/archive_2/a1fe7c8f-9a29-4f21-ae4d-1839cca18741.pt,141209.0,47867.625,87556.0,55036.578125,12.0,13.249578475952148,0.0,5.638094902038574,3055.0,3771.677978515625,2976.0,755.5628662109375
exemplar,158,exemplar,exemplar/archive_2/aa61c13f-4b69-4075-914c-dd0ce3023d0a.pt,2010.0,7979.55419921875,1245.0,5292.3740234375,114.0,25.72150230407715,0.0,1.6604804992675781,272.0,1598.1336669921875,1.0,146.9362335205078
exemplar,159,exemplar,exemplar/archive_2/aacf0ac9-db95-4fcc-8c4d-aecbc270036b.pt,11924.0,30878.939453125,15471.0,26160.091796875,26.0,75.76917266845703,6.0,3.7617616653442383,584.0,424.2540283203125,160.0,43.61756896972656
exemplar,160,exemplar,exemplar/archive_2/ab159ae2-584e-4dcd-a535-87f562c45533.pt,5311.0,10285.3994140625,1379.0,2515.912109375,285.0,183.379150390625,0.0,3.715616226196289,20.0,81.4949722290039,1.0,2.4919676780700684
exemplar,161,exemplar,exemplar/archive_2/aec95022-1104-4ae4-a2f5-570b3651b52c.pt,6738.0,8528.0908203125,9529.0,7756.80908203125,128.0,96.89530181884766,0.0,3.3166615962982178,962.0,710.1342163085938,128.0,75.10813903808594
exemplar,162,exemplar,exemplar/archive_2/af819660-64bf-4cba-9691-9f108cad6317.pt,5391.0,12470.54296875,7192.0,12596.4404296875,6.0,14.494903564453125,1.0,2.8685905933380127,520.0,621.1624755859375,192.0,183.8629150390625
exemplar,163,exemplar,exemplar/archive_2/af92a7a9-9199-47a1-b0a9-5342e82f3648.pt,34873.0,55139.2890625,51955.0,59761.671875,133.0,37.00135040283203,9.0,11.007143020629883,2886.0,2555.86474609375,1024.0,823.3359375
exemplar,164,exemplar,exemplar/archive_2/b09aaa61-8f84-4cf9-a06d-599c34d35835.pt,59062.0,34735.8671875,7409.0,24186.92578125,2290.0,562.6306762695312,2.0,3.03429913520813,533.0,680.2215576171875,2.0,7.485360622406006
exemplar,165,exemplar,exemplar/archive_2/b2a102d6-2db3-4141-a7c7-ed4324a7263b.pt,42567.0,119295.734375,41403.0,102778.2265625,54.0,207.48748779296875,9.0,0.0,821.0,649.4677124023438,144.0,86.21735382080078
exemplar,166,exemplar,exemplar/archive_2/b880a011-7afd-4691-9c3b-f599fcac6507.pt,21678.0,40332.03515625,36597.0,43513.234375,128.0,24.83298110961914,6.0,7.359862327575684,2905.0,2903.0517578125,1024.0,1002.296630859375
exemplar,167,exemplar,exemplar/archive_2/b9edb958-f6ba-439a-ba1f-5dc57457d87b.pt,5341.0,10442.7734375,1413.0,3056.0205078125,2.0,27.74464225769043,1.0,0.0,46.0,182.5880126953125,12.0,13.700422286987305
exemplar,168,exemplar,exemplar/archive_2/ba32d4dc-3186-4b4c-b1d4-340affbac563.pt,3398.0,7692.5107421875,4169.0,7829.33984375,5.0,4.429339408874512,2.0,2.041076898574829,2877.0,1289.2083740234375,1024.0,191.42611694335938
exemplar,169,exemplar,exemplar/archive_2/ba3d991d-2cd4-44eb-8a4a-4686a9a792e5.pt,9430.0,12385.44921875,7945.0,9059.607421875,0.0,0.0,3.0,4.207362651824951,822.0,234.48765563964844,144.0,15.85451889038086
exemplar,170,exemplar,exemplar/archive_2/bd8316b7-d3b7-49ff-9167-f583a6f7f78a.pt,12949.0,30878.939453125,15545.0,26160.091796875,26.0,75.76917266845703,6.0,3.7617626190185547,584.0,424.2538146972656,160.0,43.61756896972656
exemplar,171,exemplar,exemplar/archive_2/c3443d82-ae16-48f6-a622-6ce65bee8aca.pt,955.0,3203.5458984375,43.0,863.212646484375,5.0,4.054807662963867,0.0,1.0288175344467163,527.0,968.2615356445312,1.0,30.44370460510254
exemplar,172,exemplar,exemplar/archive_2/c3a185b3-0e34-4a6a-9e0f-ff2533cfe862.pt,3142.0,9789.32421875,3917.0,8358.8408203125,2.0,13.489337921142578,1.0,2.376718521118164,521.0,663.5358276367188,192.0,256.2439880371094
exemplar,173,exemplar,exemplar/archive_2/c4f9c274-e5de-425d-b846-794493bdb601.pt,26314.0,8909.6728515625,958.0,1507.3157958984375,5.0,14.810257911682129,2.0,2.9239935874938965,546.0,933.7357177734375,23.0,56.89579772949219
exemplar,174,exemplar,exemplar/archive_2/c7058331-3595-4e04-a0e6-5f31ca0ee832.pt,6665.0,15304.0,8866.0,14476.51171875,3.0,10.734622955322266,3.0,2.7818801403045654,2628.0,1716.30029296875,1024.0,630.6362915039062
exemplar,175,exemplar,exemplar/archive_2/c91f1953-c631-4fc6-ac39-e58cdf044715.pt,84.0,436.0893859863281,1.0,9.69563102722168,0.0,0.0,0.0,3.0177552700042725,12.0,79.14310455322266,1.0,2.7511823177337646
exemplar,176,exemplar,exemplar/archive_2/cb4208e9-f4ec-4508-a127-e61713fa4427.pt,1083.0,1590.1175537109375,183.0,651.0098266601562,5.0,0.0,0.0,0.0,33.0,109.61288452148438,1.0,2.7845423221588135
exemplar,177,exemplar,exemplar/archive_2/cbe41495-f713-4951-a5ab-bfc09d0b62ef.pt,24983.0,42173.15234375,20118.0,18958.138671875,128.0,243.61703491210938,4.0,4.078075885772705,307.0,311.3214111328125,9.0,10.831104278564453
exemplar,178,exemplar,exemplar/archive_2/cdbce098-85d7-472c-ab93-3fd7760cf305.pt,10021.0,17835.41796875,7133.0,11936.6328125,8.0,51.22028732299805,1.0,3.008756637573242,274.0,275.2379150390625,82.0,17.197486877441406
exemplar,179,exemplar,exemplar/archive_2/cdfa8f37-89f2-4dd4-a946-19c2e5ded11b.pt,2112.0,3319.0927734375,1084.0,1561.9615478515625,113.0,85.28690338134766,0.0,2.1133217811584473,270.0,283.5935363769531,1.0,2.8141684532165527
exemplar,180,exemplar,exemplar/archive_2/cf9ebcf6-3e99-4143-965c-4e208570a8ed.pt,103.0,2414.490234375,21.0,1268.3548583984375,2.0,0.0,0.0,1.8818269968032837,17.0,571.2418212890625,1.0,118.51564025878906
exemplar,181,exemplar,exemplar/archive_2/d421446f-6e66-43e0-9f09-f49746ab729a.pt,20143.0,40332.03515625,30349.0,43513.234375,128.0,24.83298683166504,9.0,7.359862327575684,2886.0,2903.0517578125,1024.0,1002.296630859375
exemplar,182,exemplar,exemplar/archive_2/d8b32d50-b3cf-432b-bb5b-b8f535ce714c.pt,9619.0,19466.87890625,8367.0,25158.5,0.0,0.0,4.0,3.4675583839416504,6581.0,3583.17041015625,1296.0,1024.41845703125
exemplar,183,exemplar,exemplar/archive_2/dcb74e34-ca5a-486e-86d9-d9a6040d1c0e.pt,2909.0,3194.290283203125,1051.0,1823.0208740234375,0.0,4.7315473556518555,0.0,1.954574704170227,41.0,1016.9865112304688,26.0,576.4479370117188
exemplar,184,exemplar,exemplar/archive_2/dd00795c-3e46-41f8-b2ef-d07178c68303.pt,5308.0,8617.599609375,6923.0,7834.53125,128.0,104.68191528320312,0.0,3.424489736557007,414.0,601.3265380859375,64.0,59.155845642089844
exemplar,185,exemplar,exemplar/archive_2/dd6967a6-6467-4056-a70b-bf30ac5ce5a8.pt,24764.0,13746.720703125,3054.0,811.2158813476562,5.0,11.849525451660156,2.0,1.07028329372406,548.0,608.4091796875,10.0,6.753850936889648
exemplar,186,exemplar,exemplar/archive_2/df404ea2-7749-44ca-9f48-4e40bcbbcccc.pt,34873.0,55139.2890625,51955.0,59761.671875,133.0,37.00135040283203,9.0,11.007143020629883,2886.0,2555.86474609375,1024.0,823.3359375
exemplar,187,exemplar,exemplar/archive_2/e1d7bcd5-74f3-4ba8-98fa-8fd7e8e53d4c.pt,4950.0,8282.6298828125,1682.0,4452.27392578125,0.0,0.0,0.0,3.3030641078948975,19.0,94.06448364257812,2.0,5.426213264465332
exemplar,188,exemplar,exemplar/archive_2/e206f89f-6722-4b7b-aa5e-1da854f3c74f.pt,27004.0,19262.046875,331.0,732.5848388671875,5.0,16.554296493530273,2.0,1.628691554069519,527.0,545.83740234375,1.0,5.918383598327637
exemplar,189,exemplar,exemplar/archive_2/e3ca47f3-9ba7-4a01-a793-27142befd25c.pt,47382.0,30487.69921875,21390.0,16338.109375,2100.0,1147.69677734375,2.0,2.974153995513916,43.0,102.66423034667969,2.0,2.8409485816955566
exemplar,190,exemplar,exemplar/archive_2/e52443e5-a588-4cfc-9d56-0d24ba75bb95.pt,6719.0,7954.01513671875,5572.0,5730.564453125,4.0,19.617921829223633,0.0,3.8998632431030273,127.0,180.341552734375,86.0,26.487646102905273
exemplar,191,exemplar,exemplar/archive_2/e871b1d9-adf7-4508-b8d5-8ba960b2e566.pt,22003.0,18793.22265625,6714.0,10745.32421875,5.0,30.604333877563477,2.0,0.0,43.0,176.3807373046875,2.0,6.789152145385742
exemplar,192,exemplar,exemplar/archive_2/e8e67ed2-6a32-4e3a-9a24-1a5b7a5d7691.pt,3057.0,7499.5341796875,2828.0,8971.8212890625,3.0,0.0,2.0,2.2676422595977783,2630.0,1250.1492919921875,1024.0,428.52862548828125
exemplar,193,exemplar,exemplar/archive_2/eaa44c08-a035-4803-ab47-513783efb3a7.pt,62507.0,127213.46875,2597.0,86407.0859375,0.0,55.86176681518555,0.0,0.0,82.0,361.1230163574219,1.0,66.84745025634766
exemplar,194,exemplar,exemplar/archive_2/ee25387d-83ea-4d27-a105-d01ae8728a92.pt,692.0,1752.979736328125,7.0,857.22607421875,3.0,0.0,0.0,2.3516664505004883,23.0,108.26374816894531,1.0,3.294050931930542
exemplar,195,exemplar,exemplar/archive_2/f1752ca3-1640-4967-938c-5272dc274596.pt,19721.0,25022.34375,27649.0,22076.421875,31.0,172.64797973632812,5.0,2.305457830429077,1080.0,945.9747314453125,160.0,20.15078353881836
exemplar,196,exemplar,exemplar/archive_2/f1d40b09-efc4-448c-b6d0-d6a3f43e3b8e.pt,137.0,2414.490234375,33.0,1268.3560791015625,2.0,0.0,0.0,1.881827712059021,17.0,571.2418212890625,1.0,118.51553344726562
exemplar,197,exemplar,exemplar/archive_2/f5b0a3bb-2a24-4ea7-9add-17c93d3d1e7f.pt,7531.0,9103.140625,4195.0,11033.0009765625,279.0,4.711164951324463,0.0,2.225795269012451,20.0,806.754150390625,2.0,426.4510803222656
exemplar,198,exemplar,exemplar/archive_2/f724084e-64df-4b4c-88a0-1dc091f01bcd.pt,2863.0,3194.290283203125,867.0,1823.0208740234375,0.0,4.7315473556518555,0.0,1.954574704170227,39.0,1016.9865112304688,27.0,576.4479370117188
exemplar,199,exemplar,exemplar/archive_2/fe04f4ae-8adb-4468-832b-52fe73541363.pt,7557.0,12807.54296875,2268.0,7402.59814453125,2.0,23.960723876953125,1.0,0.0,24.0,168.39683532714844,1.0,6.140297889709473
exemplar,200,exemplar,exemplar/archive_3/06583efc-f9a7-4a60-af97-acc52a47cf4d.pt,5052.0,10285.3994140625,1402.0,2515.912109375,292.0,183.379150390625,0.0,3.715616226196289,20.0,81.4949722290039,1.0,2.4919676780700684
exemplar,201,exemplar,exemplar/archive_3/08d11c63-55b7-499f-975d-fd09bd12dc53.pt,2280.0,7979.55419921875,421.0,5292.3740234375,107.0,25.72150230407715,0.0,1.6604804992675781,266.0,1598.1343994140625,1.0,146.93630981445312
exemplar,202,exemplar,exemplar/archive_3/0bd10243-a38d-4bdd-bbe8-5e29012bae94.pt,1096.0,1822.664306640625,183.0,931.3048095703125,5.0,0.0,0.0,2.471552848815918,33.0,107.91522979736328,1.0,3.1771962642669678
exemplar,203,exemplar,exemplar/archive_3/0d2973d0-80d2-4ac3-8942-1bfab430d8fb.pt,32667.0,60091.546875,30766.0,37105.4609375,128.0,247.97750854492188,19.0,5.051154136657715,310.0,408.03338623046875,9.0,33.59849166870117
exemplar,204,exemplar,exemplar/archive_3/0eb34ec2-1755-44cf-9fd1-ae1eda09f0b7.pt,41337.0,119295.734375,41195.0,102778.2265625,54.0,207.48748779296875,9.0,0.0,821.0,649.4677124023438,144.0,86.21739196777344
exemplar,205,exemplar,exemplar/archive_3/0f110dec-cdf6-4850-b898-f98be71240f5.pt,700.0,1535.9700927734375,7.0,602.6082763671875,3.0,0.0,0.0,0.0,23.0,109.89273071289062,1.0,2.883925437927246
exemplar,206,exemplar,exemplar/archive_3/12ecbf82-8a28-44e1-b2ab-06f8e50cea97.pt,7404.0,12807.54296875,2268.0,7402.59814453125,2.0,23.960729598999023,1.0,0.0,24.0,168.39683532714844,1.0,6.14030122756958
exemplar,207,exemplar,exemplar/archive_3/1388fecd-67a1-45ac-8157-fc0f8d2f0a05.pt,46486.0,43399.8828125,47589.0,46903.09765625,6.0,12.511138916015625,3.0,7.387126922607422,6588.0,4143.5986328125,1296.0,921.7059326171875
exemplar,208,exemplar,exemplar/archive_3/13fb640f-1e24-47fd-bb39-25b8d08a824d.pt,12949.0,30878.939453125,15545.0,26160.091796875,26.0,75.76917266845703,6.0,3.7617626190185547,584.0,424.2538146972656,160.0,43.61756896972656
exemplar,209,exemplar,exemplar/archive_3/1850c071-2916-4efd-ae6e-47fc45672aeb.pt,72366.0,42168.44921875,37663.0,11903.90234375,32.0,130.4017791748047,2.0,2.080644369125366,887.0,1002.09619140625,113.0,8.052608489990234
exemplar,210,exemplar,exemplar/archive_3/1b2d4669-b746-4295-9d6f-a209f5d3b340.pt,26216.0,8909.6728515625,1328.0,1507.3157958984375,5.0,14.810254096984863,2.0,2.9239931106567383,552.0,933.7357177734375,29.0,56.89576721191406
exemplar,211,exemplar,exemplar/archive_3/1d4d5e23-1d85-41d4-a3f9-b1a83d23c34b.pt,7381.0,7124.8740234375,3336.0,8064.5986328125,285.0,31.10106658935547,0.0,4.656293869018555,15.0,180.92164611816406,1.0,23.68404769897461
exemplar,212,exemplar,exemplar/archive_3/1e583b76-4ef7-4e53-a161-03b8f8430ed8.pt,21914.0,10486.0595703125,2056.0,7571.9775390625,3.0,13.821732521057129,1.0,3.0789008140563965,63.0,1357.291748046875,40.0,465.72357177734375
exemplar,213,exemplar,exemplar/archive_3/21ae4549-1aff-4723-9c89-74015a97c167.pt,2589.0,4376.26806640625,653.0,354.2989807128906,0.0,0.0,0.0,0.0,83.0,92.9423828125,1.0,2.7252681255340576
exemplar,214,exemplar,exemplar/archive_3/2259df4b-da56-4694-8ebf-a250b93cf8f5.pt,61375.0,34735.8671875,19858.0,24186.92578125,2286.0,562.6306762695312,2.0,3.034299612045288,538.0,680.2215576171875,2.0,7.485356330871582
exemplar,215,exemplar,exemplar/archive_3/232fe499-7681-4c8a-b15d-0864a56edfd4.pt,2852.0,3952.4951171875,1780.0,3372.399658203125,3.0,9.461723327636719,0.0,2.444577693939209,34.0,197.51657104492188,2.0,14.958455085754395
exemplar,216,exemplar,exemplar/archive_3/2366c0f3-3d8a-4ba5-a1e5-4448a419d2fd.pt,3095.0,4386.515625,2700.0,3878.080322265625,5.0,6.927423000335693,1.0,2.9885365962982178,588.0,219.84075927734375,160.0,20.481027603149414
exemplar,217,exemplar,exemplar/archive_3/28eb748c-eb75-4d49-9730-91b175a03814.pt,5088.0,6836.32958984375,1678.0,9014.7431640625,0.0,3.158154010772705,0.0,2.1470110416412354,16.0,1071.521728515625,1.0,603.6234130859375
exemplar,218,exemplar,exemplar/archive_3/2911e90a-d77a-49df-ad2e-6d3041ef039d.pt,140500.0,47867.625,86778.0,55036.578125,12.0,13.249578475952148,0.0,5.638095855712891,3058.0,3771.677978515625,2979.0,755.5628662109375
exemplar,219,exemplar,exemplar/archive_3/2b4a4eaf-94fc-43b7-bd1e-9ae39557e259.pt,55665.0,57313.46875,31596.0,50043.8046875,27.0,70.41445922851562,2.0,0.0,398.0,382.49591064453125,103.0,59.96832275390625
exemplar,220,exemplar,exemplar/archive_3/2cba8c1f-4f72-400a-b18f-1905a649a686.pt,10513.0,13068.853515625,6645.0,8482.61328125,0.0,0.0,0.0,0.0,95.0,160.8607940673828,1.0,9.775178909301758
exemplar,221,exemplar,exemplar/archive_3/2eed692f-7176-4ea9-bbef-c95f4bd43b45.pt,21176.0,40332.03515625,32593.0,43513.234375,128.0,24.83298110961914,8.0,7.359864234924316,2889.0,2903.0517578125,1024.0,1002.296630859375
exemplar,222,exemplar,exemplar/archive_3/305dc971-6cb9-4479-8da4-3ed6a2167a44.pt,9619.0,19466.859375,8367.0,25158.4765625,0.0,0.0,4.0,3.4675562381744385,6581.0,3583.17041015625,1296.0,1024.4189453125
exemplar,223,exemplar,exemplar/archive_3/37871b96-f93e-4673-a7c8-d7a71505804b.pt,6448.0,10559.8271484375,230.0,2625.747802734375,2.0,25.81807518005371,1.0,0.0,18.0,147.30252075195312,1.0,6.999443054199219
exemplar,224,exemplar,exemplar/archive_3/37996d69-2677-4717-ae97-cde6bd8748be.pt,905.0,3554.2880859375,151.0,2398.3056640625,5.0,0.0,0.0,1.7180094718933105,33.0,1035.9893798828125,1.0,241.7774200439453
exemplar,225,exemplar,exemplar/archive_3/3864614f-2506-48de-b994-99ae08ca30de.pt,9619.0,19466.87890625,8367.0,25158.5,0.0,0.0,4.0,3.4675583839416504,6581.0,3583.173828125,1296.0,1024.41845703125
exemplar,226,exemplar,exemplar/archive_3/3a7ddf40-4818-4f21-9614-7429c3608ef7.pt,3367.0,5176.6220703125,4037.0,4034.067138671875,5.0,21.686508178710938,1.0,1.2776738405227661,1085.0,686.2424926757812,160.0,31.226966857910156
exemplar,227,exemplar,exemplar/archive_3/3c34c8dd-6143-4349-ba49-9db7514afb35.pt,72892.0,42168.40625,35638.0,11903.90234375,32.0,130.4017791748047,2.0,2.080643892288208,873.0,1002.09619140625,101.0,8.052608489990234
exemplar,228,exemplar,exemplar/archive_3/3c3922e9-8e61-4c70-96f8-df25f0a19bf7.pt,5238.0,8282.6376953125,1731.0,4452.2783203125,0.0,0.0,0.0,3.303065061569214,19.0,94.06452941894531,2.0,5.4262189865112305
exemplar,229,exemplar,exemplar/archive_3/41564015-3c26-45b3-975a-6e027e49d63d.pt,993.0,2012.148681640625,26.0,155.84645080566406,5.0,20.793746948242188,0.0,0.0,524.0,493.6397705078125,1.0,4.70429801940918
exemplar,230,exemplar,exemplar/archive_3/41c44d85-1b9b-468f-a8cd-379651170f92.pt,1367.0,4944.3720703125,1337.0,5413.599609375,2.0,0.0,0.0,2.2541680335998535,520.0,744.0440673828125,192.0,255.9142303466797
exemplar,231,exemplar,exemplar/archive_3/467481bc-1cd4-4fe9-89ba-205dac892ea5.pt,1363.0,3527.34716796875,747.0,1756.0267333984375,117.0,83.81461334228516,0.0,2.030285358428955,270.0,327.8475341796875,1.0,3.16214919090271
exemplar,232,exemplar,exemplar/archive_3/49f1f8f6-4127-4a44-9242-241f59f88c5e.pt,26907.0,18793.22265625,5435.0,10745.32421875,5.0,30.60434913635254,2.0,0.0,36.0,176.3807373046875,1.0,6.78915548324585
exemplar,233,exemplar,exemplar/archive_3/4df0be4b-66c4-43cd-95f6-183ce806d41e.pt,158260.0,232053.546875,90216.0,197722.875,66.0,171.20989990234375,0.0,0.0,626.0,627.4835205078125,92.0,121.62596130371094
exemplar,234,exemplar,exemplar/archive_3/513a25e1-b5eb-493a-81eb-2c6783edec5c.pt,5004.0,10442.763671875,1937.0,3056.0205078125,2.0,27.74464225769043,1.0,0.0,49.0,182.58792114257812,12.0,13.70041561126709
exemplar,235,exemplar,exemplar/archive_3/526a1c2b-6fb4-4058-81df-1804a76c3555.pt,399.0,1181.4271240234375,319.0,1245.368896484375,0.0,0.0,0.0,2.749824047088623,16.0,114.74251556396484,1.0,20.030601501464844
exemplar,236,exemplar,exemplar/archive_3/5339e381-b42d-4d17-af6e-9f012b8a4e95.pt,9745.0,16829.97265625,14215.0,8870.25390625,5.0,11.13156509399414,4.0,0.9128552079200745,1080.0,606.9669189453125,160.0,19.795425415039062
exemplar,237,exemplar,exemplar/archive_3/58a5481a-b506-4e99-b4fb-49575de3138b.pt,21086.0,10648.078125,3624.0,7679.86474609375,5.0,13.996821403503418,2.0,3.136291742324829,70.0,1379.48974609375,42.0,466.6601257324219
exemplar,238,exemplar,exemplar/archive_3/59f7052a-5874-4452-a75a-0ac2831b9d84.pt,21591.0,15943.3046875,3552.0,5210.82470703125,5.0,32.68402099609375,2.0,0.0,39.0,153.9348907470703,1.0,7.223203182220459
exemplar,239,exemplar,exemplar/archive_3/5b52039c-4c2d-4e64-a978-c21785ee7c6b.pt,3057.0,7499.5341796875,2828.0,8971.8125,3.0,0.0,2.0,2.2676422595977783,2630.0,1250.148681640625,1024.0,428.5284118652344
exemplar,240,exemplar,exemplar/archive_3/62825ea7-7137-4533-92d7-d441af4c40ba.pt,12478.0,16829.98828125,14237.0,8870.25390625,5.0,11.13156509399414,4.0,0.9128552079200745,1083.0,606.9672241210938,160.0,19.795425415039062
exemplar,241,exemplar,exemplar/archive_3/64224705-c771-420a-9f84-1c001366ba33.pt,14078.0,30878.96875,17206.0,26160.091796875,26.0,75.76917266845703,6.0,3.7617626190185547,591.0,424.2540283203125,160.0,43.61756896972656
exemplar,242,exemplar,exemplar/archive_3/645258ad-eb6e-4363-bf0c-9fda5164f36b.pt,9507.0,19466.87890625,8401.0,25158.5234375,0.0,0.0,4.0,3.4675588607788086,6582.0,3583.173828125,1296.0,1024.41845703125
exemplar,243,exemplar,exemplar/archive_3/69d67690-ef91-4389-b6a9-704f1e89952c.pt,3367.0,5176.6220703125,4037.0,4034.067138671875,5.0,21.68649673461914,1.0,1.2776738405227661,1085.0,686.2421875,160.0,31.226966857910156
exemplar,244,exemplar,exemplar/archive_3/6ee6e354-d81a-46f4-a113-c16e881419db.pt,7448.0,9540.23046875,3359.0,6905.56787109375,282.0,309.5263671875,0.0,4.981871604919434,15.0,99.47146606445312,1.0,3.4689853191375732
exemplar,245,exemplar,exemplar/archive_3/6f0ca42f-3067-45a1-a683-4042133a9202.pt,78.0,2414.49267578125,5.0,1268.3560791015625,2.0,0.0,0.0,1.8818283081054688,15.0,571.2421264648438,1.0,118.51564025878906
exemplar,246,exemplar,exemplar/archive_3/714d7039-2846-4e1e-a836-7bbcc8b6289a.pt,120.0,1206.314453125,48.0,406.22564697265625,2.0,0.0,0.0,0.0,18.0,121.99131774902344,1.0,3.6246938705444336
exemplar,247,exemplar,exemplar/archive_3/765100ca-9941-475f-92bd-c0304625006e.pt,34970.0,67158.7890625,48853.0,52042.02734375,149.0,314.9900207519531,8.0,14.108210563659668,841.0,567.1260375976562,128.0,88.07002258300781
exemplar,248,exemplar,exemplar/archive_3/7a8292e7-d54f-47e7-939d-07247297c66a.pt,6500.0,6281.4111328125,5446.0,7025.71337890625,2.0,5.546969413757324,0.0,2.2849457263946533,288.0,695.9573974609375,275.0,360.614013671875
exemplar,249,exemplar,exemplar/archive_3/7ca5352c-c08e-405a-81fc-ad9b893bbb74.pt,3337.0,7692.5107421875,4118.0,7829.33984375,5.0,4.429340839385986,2.0,2.0410776138305664,2876.0,1289.2083740234375,1024.0,191.42620849609375
exemplar,250,exemplar,exemplar/archive_3/7efb5b4e-0e1d-4b1e-a030-e65c830dba5d.pt,29649.0,25113.263671875,3871.0,12123.0390625,5.0,18.392398834228516,2.0,1.4973317384719849,532.0,501.35736083984375,1.0,11.56270980834961
exemplar,251,exemplar,exemplar/archive_3/7fde29f5-7a7e-4430-bd5a-d53d331c76fd.pt,2039.0,3527.34716796875,1009.0,1756.0267333984375,112.0,83.81461334228516,0.0,2.030285596847534,270.0,327.8475341796875,1.0,3.16214919090271
exemplar,252,exemplar,exemplar/archive_3/84f243ce-de91-4e4e-82df-037ca151348d.pt,20159.0,41425.68359375,35143.0,31937.69140625,128.0,160.0559539794922,6.0,6.160902500152588,856.0,516.2676391601562,128.0,58.97746276855469
exemplar,253,exemplar,exemplar/archive_3/85ddd60e-a64f-419e-8b38-b5166d5ad1b1.pt,44605.0,121438.3828125,18280.0,62622.0390625,2005.0,478.08056640625,6.0,8.40164566040039,286.0,278.7481384277344,6.0,27.99764060974121
exemplar,254,exemplar,exemplar/archive_3/86d4e5a5-73ae-4efb-a82b-74835eb253df.pt,1507.0,3527.34716796875,1068.0,1756.0267333984375,106.0,83.81461334228516,0.0,2.030285596847534,272.0,327.8475341796875,1.0,3.16214919090271
exemplar,255,exemplar,exemplar/archive_3/8a1b09f4-8b12-4e3a-95b9-58b27dae1b27.pt,7939.0,20313.59765625,8237.0,13757.240234375,5.0,37.72318649291992,4.0,0.0,584.0,266.8166198730469,160.0,26.02173614501953
exemplar,256,exemplar,exemplar/archive_3/8be9ce88-19c5-490e-8054-80f1eb75f145.pt,130.0,1206.314453125,44.0,406.2254638671875,2.0,0.0,0.0,0.0,18.0,121.99125671386719,1.0,3.6246938705444336
exemplar,257,exemplar,exemplar/archive_3/8db4404b-d427-4fdb-bb09-ea2dbd1df722.pt,15128.0,23125.0859375,18973.0,22649.47265625,9.0,18.483970642089844,4.0,4.180385589599609,2767.0,1374.0238037109375,1024.0,411.84954833984375
exemplar,258,exemplar,exemplar/archive_3/908de307-aeee-4cfe-95b0-46ab568997c4.pt,21170.0,10648.0888671875,3792.0,7679.86474609375,5.0,13.996825218200684,2.0,3.1362922191619873,69.0,1379.48974609375,41.0,466.6601257324219
exemplar,259,exemplar,exemplar/archive_3/933b3c35-b647-4b59-9bcd-f042466674b6.pt,2083.0,7979.55419921875,959.0,5292.3740234375,105.0,25.72150993347168,0.0,1.6604807376861572,270.0,1598.1336669921875,1.0,146.9362335205078
exemplar,260,exemplar,exemplar/archive_3/93d9e5bf-7351-4866-8514-29bc581b2375.pt,43520.0,29281.63671875,32449.0,25510.970703125,7.0,20.762727737426758,1.0,4.21669864654541,2051.0,1039.4649658203125,2028.0,324.668212890625
exemplar,261,exemplar,exemplar/archive_3/93e43f7b-8376-46b6-99c5-66025727bea6.pt,1324.0,2913.7490234375,1279.0,2479.254150390625,2.0,8.552828788757324,0.0,2.366657257080078,328.0,225.90782165527344,96.0,24.43559455871582
exemplar,262,exemplar,exemplar/archive_3/95c22d49-3c60-4de8-aaf1-50d771902c6f.pt,902.0,2737.79736328125,766.0,2307.566162109375,2.0,0.0,0.0,0.0,26.0,186.387939453125,1.0,17.31049346923828
exemplar,263,exemplar,exemplar/archive_3/9842c884-7992-4951-a284-bf50d8e97b05.pt,25409.0,13746.734375,2298.0,811.2158813476562,5.0,11.849525451660156,2.0,1.07028329372406,546.0,608.4091796875,8.0,6.753850936889648
exemplar,264,exemplar,exemplar/archive_3/9f921d58-91bf-4b62-8e1d-b95c556b3e67.pt,73160.0,42168.44921875,38475.0,11903.90234375,32.0,130.4017791748047,2.0,2.080643653869629,881.0,1002.09619140625,108.0,8.052604675292969
exemplar,265,exemplar,exemplar/archive_3/a045e629-9ce5-4a46-98d1-f46171bbc5d7.pt,53357.0,63314.3125,61963.0,61124.48828125,133.0,35.22041702270508,4.0,9.374693870544434,2147.0,2305.7021484375,1884.0,600.2648315429688
exemplar,266,exemplar,exemplar/archive_3/aa38623f-8522-4555-a87c-1e5aee2b9c6c.pt,2316.0,10921.5732421875,290.0,6712.7412109375,0.0,0.0,0.0,2.40201473236084,80.0,3194.73828125,1.0,765.2084350585938
exemplar,267,exemplar,exemplar/archive_3/acdcfe80-36b1-402d-9fda-579b9cd12e61.pt,7526.0,12807.54296875,2268.0,7402.59814453125,2.0,23.96074104309082,1.0,0.0,24.0,168.39683532714844,1.0,6.14030122756958
exemplar,268,exemplar,exemplar/archive_3/b379766c-1fc4-4ddd-8c8f-01671d294e2d.pt,350.0,3787.1953125,262.0,5748.3564453125,0.0,0.0,0.0,1.654879093170166,18.0,874.8878173828125,1.0,637.843505859375
exemplar,269,exemplar,exemplar/archive_3/bb6cc7af-5692-4f06-a0d7-5ed5799c9d61.pt,2233.0,4201.94677734375,290.0,270.1396484375,0.0,0.0,0.0,0.0,80.0,130.54415893554688,1.0,4.699382781982422
exemplar,270,exemplar,exemplar/archive_3/be33a535-98f4-49a5-99b7-fe08cd80c49a.pt,802.0,3492.628662109375,148.0,2282.73974609375,3.0,0.0,0.0,1.7339744567871094,27.0,1025.9559326171875,1.0,242.96621704101562
exemplar,271,exemplar,exemplar/archive_3/c17d9415-d1da-404b-9550-d974901b0f77.pt,65869.0,81605.3125,52752.0,53021.7890625,1918.0,697.8679809570312,4.0,9.794878005981445,313.0,456.4940490722656,9.0,54.869354248046875
exemplar,272,exemplar,exemplar/archive_3/c3a84bad-a891-4ed4-9590-49b2e3825c7a.pt,20915.0,15611.1630859375,2704.0,4944.697265625,3.0,30.529104232788086,1.0,0.0,33.0,155.23153686523438,1.0,7.251802444458008
exemplar,273,exemplar,exemplar/archive_3/c47a57ee-6f6c-4509-83a4-d911de7a608c.pt,20987.0,15611.1630859375,2845.0,4944.697265625,3.0,30.529104232788086,1.0,0.0,33.0,155.23153686523438,1.0,7.251802444458008
exemplar,274,exemplar,exemplar/archive_3/c5953b88-a18f-45ef-b053-a10de5b77f79.pt,5032.0,8170.2255859375,1673.0,6707.5693359375,0.0,0.0,0.0,3.6370973587036133,16.0,149.14312744140625,1.0,26.524810791015625
exemplar,275,exemplar,exemplar/archive_3/c87c3130-88ad-4825-9f55-68c8d961414d.pt,160670.0,232053.546875,82253.0,197722.875,66.0,171.20989990234375,0.0,0.0,618.0,627.4835205078125,92.0,121.62596130371094
exemplar,276,exemplar,exemplar/archive_3/c9149d5a-b5b0-47f3-a3f7-0bfb26bcc26a.pt,8039.0,20313.59765625,8344.0,13757.240234375,5.0,37.72317886352539,4.0,0.0,587.0,266.8164978027344,160.0,26.02173614501953
exemplar,277,exemplar,exemplar/archive_3/ca8f38ac-e952-45d7-a4f5-d6e24a85588a.pt,930.0,2012.148681640625,19.0,155.84645080566406,5.0,20.793746948242188,0.0,0.0,523.0,493.6400146484375,1.0,4.70429801940918
exemplar,278,exemplar,exemplar/archive_3/cbef8382-effa-4dc5-a6bc-9614f1772d1c.pt,866.0,3203.5458984375,32.0,863.212646484375,5.0,4.054807662963867,0.0,1.0288172960281372,524.0,968.2615356445312,1.0,30.443674087524414
exemplar,279,exemplar,exemplar/archive_3/ce72004b-1e4c-4a21-aed6-379cab5486bf.pt,10390.0,13178.197265625,14642.0,12933.583984375,5.0,12.808070182800293,3.0,3.0843868255615234,2875.0,998.2102661132812,1024.0,162.82061767578125
exemplar,280,exemplar,exemplar/archive_3/cf4557ce-c04b-4f6e-95d5-2ef67749feec.pt,139851.0,47867.625,87587.0,55036.578125,12.0,13.249581336975098,0.0,5.638095855712891,3032.0,3771.677978515625,2953.0,755.5628662109375
exemplar,281,exemplar,exemplar/archive_3/cfabdefd-a93f-4e93-b729-2f4c44a0e6df.pt,35782.0,44364.0703125,1624.0,21180.91796875,2118.0,777.87548828125,2.0,0.0,32.0,87.42416381835938,1.0,2.610366106033325
exemplar,282,exemplar,exemplar/archive_3/d6b83ff5-29c7-47f9-819c-d07f83d82b93.pt,6367.0,12470.54296875,8139.0,12596.427734375,6.0,14.494903564453125,1.0,2.8685896396636963,525.0,621.1622314453125,192.0,183.8629150390625
exemplar,283,exemplar,exemplar/archive_3/dab5f456-ccc2-4a72-9b87-e9bc7c20e029.pt,2806.0,4254.02490234375,2566.0,3778.22119140625,3.0,6.878330230712891,1.0,2.873674154281616,503.0,219.35435485839844,128.0,20.85254669189453
exemplar,284,exemplar,exemplar/archive_3/dd896667-6c8d-4e6b-b951-01ef21962849.pt,106521.0,192992.0,5189.0,55770.21875,5809.0,4151.36865234375,0.0,0.0,82.0,16.90017318725586,1.0,1.0274319648742676
exemplar,285,exemplar,exemplar/archive_3/dda9c4c0-57d6-4052-b555-2e8fb599475b.pt,2557.0,4376.25146484375,653.0,354.29559326171875,0.0,0.0,0.0,0.0,83.0,92.94242858886719,1.0,2.7252626419067383
exemplar,286,exemplar,exemplar/archive_3/de766c24-bdab-4176-a0dd-d9b2706491c9.pt,5306.0,13605.681640625,6778.0,13972.9677734375,8.0,54.83435821533203,2.0,3.5408687591552734,328.0,275.41302490234375,96.0,13.714553833007812
exemplar,287,exemplar,exemplar/archive_3/e11131f2-d974-4ada-b80f-a2f1298bdd41.pt,704.0,1535.9700927734375,56.0,602.60888671875,3.0,0.0,0.0,0.0,24.0,109.8926773071289,1.0,2.8839235305786133
exemplar,288,exemplar,exemplar/archive_3/e11b3965-6e57-43b8-a3a0-e83e94e5b616.pt,8039.0,20313.59765625,8344.0,13757.240234375,5.0,37.72317886352539,4.0,0.0,587.0,266.8164978027344,160.0,26.02173614501953
exemplar,289,exemplar,exemplar/archive_3/e2c16677-3f06-4890-b4e7-0efbd1d94f95.pt,20335.0,21599.806640625,28227.0,23456.6953125,10.0,29.67655372619629,3.0,5.576718330383301,2872.0,1253.7333984375,1024.0,167.41046142578125
exemplar,290,exemplar,exemplar/archive_3/e57ceb3b-5dc0-4127-bc68-868a6b1dee73.pt,947.0,2737.79736328125,781.0,2307.566162109375,2.0,0.0,0.0,0.0,25.0,186.387939453125,1.0,17.31049346923828
exemplar,291,exemplar,exemplar/archive_3/eb42dbfe-9069-4c08-bb95-26221e0d0945.pt,34950.0,44364.0703125,1624.0,21180.91796875,2134.0,777.87548828125,2.0,0.0,32.0,87.42416381835938,1.0,2.610366106033325
exemplar,292,exemplar,exemplar/archive_3/ecc6822e-1712-420f-bf26-a16ab0ce3dba.pt,35602.0,44364.0703125,1624.0,21180.91796875,2114.0,777.87548828125,2.0,0.0,32.0,87.42416381835938,1.0,2.610366106033325
exemplar,293,exemplar,exemplar/archive_3/ecf51998-8937-4724-9018-6a86368049b0.pt,9863.0,14416.2607421875,5829.0,11492.3349609375,418.0,185.35198974609375,1.0,3.8566091060638428,29.0,202.0076904296875,2.0,4.294729232788086
exemplar,294,exemplar,exemplar/archive_3/ee50ed59-19d1-41c1-8e61-3f822cfb42ff.pt,3402.0,5587.51318359375,482.0,634.5099487304688,0.0,0.0,0.0,3.3492684364318848,18.0,75.76206970214844,1.0,3.396313190460205
exemplar,295,exemplar,exemplar/archive_3/f3a17e75-5fe1-4109-91ee-c0ad8c94ad33.pt,2806.0,4254.02490234375,2566.0,3778.22119140625,3.0,6.878330230712891,1.0,2.8736751079559326,503.0,219.35435485839844,128.0,20.85254669189453
exemplar,296,exemplar,exemplar/archive_3/f6040824-accb-468b-8f6b-ef5ae8b186f4.pt,38548.0,44364.0703125,9454.0,21180.91796875,2122.0,777.87548828125,2.0,0.0,40.0,87.42416381835938,1.0,2.6103644371032715
exemplar,297,exemplar,exemplar/archive_3/fb0ac19f-be36-46bf-8b05-dc7c4c7a44a9.pt,930.0,2012.148681640625,31.0,155.84645080566406,5.0,20.79374122619629,0.0,0.0,524.0,493.6397705078125,1.0,4.70429801940918
exemplar,298,exemplar,exemplar/archive_3/fc0f1430-b62b-426d-b513-62314b7bd0ab.pt,5895.0,13605.681640625,6753.0,13972.9677734375,8.0,54.83438491821289,2.0,3.5408682823181152,328.0,275.41302490234375,96.0,13.714543342590332
exemplar,299,exemplar,exemplar/archive_3/ff750069-8a1a-43e7-805d-ee4732963670.pt,9462.0,14416.2607421875,4241.0,11492.3349609375,429.0,185.35208129882812,1.0,3.85660982131958,24.0,202.0076904296875,1.0,4.294723987579346
exemplar,300,exemplar,exemplar/archive_4/0a377130-21b9-41f1-b1d8-8f948b575b71.pt,884.0,1873.75,21.0,155.20718383789062,5.0,17.74715805053711,0.0,0.7817356586456299,523.0,504.7991027832031,1.0,5.130151748657227
exemplar,301,exemplar,exemplar/archive_4/189bf1a2-3b24-4280-9e2d-16a482d64e05.pt,26387.0,13746.720703125,1055.0,811.2158813476562,5.0,11.849527359008789,2.0,1.07028329372406,544.0,608.4088745117188,11.0,6.753843784332275
exemplar,302,exemplar,exemplar/archive_4/1ddc2346-a367-4cb9-b052-104862f3d153.pt,2620.0,4201.94677734375,653.0,270.1392517089844,0.0,0.0,0.0,0.0,83.0,130.54428100585938,1.0,4.699393272399902
exemplar,303,exemplar,exemplar/archive_4/2012f675-4b3a-4d44-a52c-533e1a5686ad.pt,44864.0,121438.3828125,18266.0,62622.0390625,1959.0,478.08056640625,6.0,8.40164566040039,286.0,278.7481384277344,6.0,27.99764060974121
exemplar,304,exemplar,exemplar/archive_4/218f0836-58b7-4a31-b3e5-feb2e0b8baf5.pt,5224.0,8617.599609375,7000.0,7834.53125,128.0,104.68196105957031,0.0,3.4244892597198486,414.0,601.3265380859375,64.0,59.15581512451172
exemplar,305,exemplar,exemplar/archive_4/24828ab5-d6f4-402b-8d0d-1f4316d3f0bc.pt,141266.0,47867.625,86447.0,55036.578125,12.0,13.249578475952148,0.0,5.638096332550049,2986.0,3771.677978515625,2908.0,755.5628662109375
exemplar,306,exemplar,exemplar/archive_4/2b3a7651-e925-4edc-8c91-4cce0c803daf.pt,42883.0,29281.607421875,33519.0,25510.9453125,7.0,20.762733459472656,1.0,4.21669864654541,2079.0,1039.4649658203125,2055.0,324.668212890625
exemplar,307,exemplar,exemplar/archive_4/2d92e029-54c9-42a8-8400-ff86e21af205.pt,3305.0,3194.29345703125,524.0,1823.0208740234375,0.0,4.7315473556518555,0.0,1.954574704170227,30.0,1016.9869995117188,18.0,576.4479370117188
exemplar,308,exemplar,exemplar/archive_4/2f6c8850-6475-4336-b996-f3d0d54f1cb0.pt,141356.0,47867.625,86396.0,55036.578125,12.0,13.249581336975098,0.0,5.638095855712891,3036.0,3771.677978515625,2958.0,755.5628662109375
exemplar,309,exemplar,exemplar/archive_4/34caebe1-94b9-4f7c-bf8f-d1f1a14c9ae4.pt,3095.0,4386.515625,2700.0,3878.080322265625,5.0,6.927423000335693,1.0,2.9885365962982178,588.0,219.84075927734375,160.0,20.481027603149414
exemplar,310,exemplar,exemplar/archive_4/3824541e-ee56-4d65-9c02-4382bf7c0189.pt,24256.0,76713.90625,22261.0,53239.5703125,0.0,61.86699295043945,6.0,0.0,821.0,395.781982421875,144.0,53.06744384765625
exemplar,311,exemplar,exemplar/archive_4/3aab06a7-4eae-47b9-848f-f281514dd686.pt,9359.0,12385.44921875,7911.0,9059.5986328125,0.0,0.0,3.0,4.2073588371276855,821.0,234.48719787597656,144.0,15.854475021362305
exemplar,312,exemplar,exemplar/archive_4/40416ef5-e7a5-4c4d-918e-702961928757.pt,20988.0,18206.05859375,6540.0,10395.36328125,3.0,28.701248168945312,1.0,0.0,38.0,176.58529663085938,2.0,6.887592315673828
exemplar,313,exemplar,exemplar/archive_4/42238099-ebd6-4d1a-b7e3-eb0e58c08eaf.pt,53538.0,63314.3125,59942.0,61124.48828125,133.0,35.22041702270508,4.0,9.374695777893066,2169.0,2305.703125,1906.0,600.2648315429688
exemplar,314,exemplar,exemplar/archive_4/436700eb-9a0b-4657-a1ab-0c897ff2a318.pt,46294.0,30487.69921875,25454.0,16338.109375,2133.0,1147.69677734375,2.0,2.974153995513916,43.0,102.66423034667969,2.0,2.840946674346924
exemplar,315,exemplar,exemplar/archive_4/45ce74b6-c127-486c-baa4-e41f747036c4.pt,21993.0,18793.22265625,6696.0,10745.32421875,5.0,30.604333877563477,2.0,0.0,43.0,176.3807373046875,2.0,6.789152145385742
exemplar,316,exemplar,exemplar/archive_4/48a0e69b-505b-4541-a94e-46f99b98f807.pt,1382.0,4944.3720703125,1337.0,5413.599609375,2.0,0.0,0.0,2.2541680335998535,521.0,744.0440673828125,192.0,255.9142303466797
exemplar,317,exemplar,exemplar/archive_4/4db9bc2c-66bc-4c7a-9a03-cd0862dc81bf.pt,43456.0,119295.734375,44327.0,102778.2265625,54.0,207.48728942871094,9.0,0.0,828.0,649.4677124023438,144.0,86.21739196777344
exemplar,318,exemplar,exemplar/archive_4/4fdb2a6b-0614-43ed-97b8-dccd2ff200f7.pt,7448.0,15304.0,8953.0,14476.51171875,3.0,10.734622955322266,3.0,2.7818796634674072,2630.0,1716.2994384765625,1024.0,630.635986328125
exemplar,319,exemplar,exemplar/archive_4/548bf9ee-eff8-4e75-b69a-c9db9b3d72e6.pt,25756.0,19262.046875,2805.0,732.5848388671875,5.0,16.554292678833008,2.0,1.6286919116973877,534.0,545.837646484375,1.0,5.918383598327637
exemplar,320,exemplar,exemplar/archive_4/585d28bf-c9f5-4ff2-a8ad-c9fc4f31888c.pt,6486.0,21316.06640625,454.0,10254.662109375,430.0,142.63633728027344,1.0,3.0465753078460693,18.0,194.25238037109375,1.0,3.9389355182647705
exemplar,321,exemplar,exemplar/archive_4/596a91cf-3df6-463f-b1c6-65707df4f7a9.pt,7423.0,15371.8310546875,9003.0,14517.23046875,5.0,10.86620044708252,3.0,2.806539297103882,2760.0,1745.4453125,1024.0,637.3033447265625
exemplar,322,exemplar,exemplar/archive_4/5c9ecfa4-a74b-40cf-af7a-b727ed7ca083.pt,1143.0,3319.0927734375,708.0,1561.9615478515625,107.0,85.28690338134766,0.0,2.1133217811584473,270.0,283.5935363769531,1.0,2.8141703605651855
exemplar,323,exemplar,exemplar/archive_4/64424fcf-ad58-4dc1-82e0-e3868ab87fd6.pt,3130.0,7601.64599609375,2898.0,9076.1787109375,5.0,0.0,2.0,2.280940532684326,2764.0,1262.090576171875,1024.0,430.9038391113281
exemplar,324,exemplar,exemplar/archive_4/6d55b2ed-ab05-4aba-a4a8-3f15f3dfd306.pt,56938.0,127213.46875,8701.0,86407.0859375,0.0,55.86174011230469,0.0,0.0,89.0,361.1230163574219,2.0,66.84741973876953
exemplar,325,exemplar,exemplar/archive_4/77643d2e-ad72-4bcc-b6e9-1a147858d106.pt,35752.0,67158.7890625,57348.0,52042.02734375,149.0,314.9897155761719,7.0,14.108196258544922,862.0,567.1260375976562,128.0,88.07002258300781
exemplar,326,exemplar,exemplar/archive_4/78a6191a-884a-46bd-88ca-cc672b209ed2.pt,62771.0,81605.234375,34172.0,53021.7890625,1980.0,697.8682861328125,7.0,9.794875144958496,289.0,456.4940490722656,5.0,54.869354248046875
exemplar,327,exemplar,exemplar/archive_4/793ea687-01ef-44be-b851-29489b1d2453.pt,9606.0,16829.97265625,14135.0,8870.25390625,5.0,11.131562232971191,4.0,0.9128552079200745,1080.0,606.9672241210938,160.0,19.7954158782959
exemplar,328,exemplar,exemplar/archive_4/7e1e21b3-d775-40d7-b923-9c251c8ff98f.pt,42926.0,29856.9921875,10071.0,16238.4697265625,2045.0,1075.4951171875,1.0,2.845444679260254,32.0,105.12705993652344,1.0,2.8879480361938477
exemplar,329,exemplar,exemplar/archive_4/81049602-6fd0-431d-9dbd-aef3d91e01e8.pt,7371.0,15304.0,8872.0,14476.51171875,3.0,10.734620094299316,3.0,2.7818801403045654,2628.0,1716.30029296875,1024.0,630.6362915039062
exemplar,330,exemplar,exemplar/archive_4/88b89300-6a68-4bc1-b5ca-e93bef2c30ab.pt,58.0,393.86907958984375,5.0,8.534353256225586,0.0,0.0,0.0,2.3042807579040527,16.0,64.52621459960938,1.0,1.8668696880340576
exemplar,331,exemplar,exemplar/archive_4/898dad40-db7b-47cd-af97-3522c21a66a7.pt,5172.0,10442.7734375,1949.0,3056.0205078125,2.0,27.74464225769043,1.0,0.0,49.0,182.5880126953125,12.0,13.700422286987305
exemplar,332,exemplar,exemplar/archive_4/89d891b2-fb1f-42c9-a51c-82cb5df44342.pt,6081.0,6281.4111328125,5590.0,7025.71337890625,2.0,5.546969413757324,0.0,2.2849457263946533,310.0,695.9573974609375,294.0,360.6141662597656
exemplar,333,exemplar,exemplar/archive_4/8b0e6e47-4421-4097-acfc-430e933fda9e.pt,63.0,1425.736572265625,1.0,191.53102111816406,0.0,0.0,0.0,1.4444422721862793,12.0,857.265380859375,1.0,353.29693603515625
exemplar,334,exemplar,exemplar/archive_4/8b353157-f769-4d64-a2b9-0ec8c60ed8a1.pt,2664.0,3194.29345703125,782.0,1823.0208740234375,0.0,4.7315473556518555,0.0,1.9545750617980957,39.0,1016.9869995117188,24.0,576.4479370117188
exemplar,335,exemplar,exemplar/archive_4/8c5381e4-a0a9-4d25-8d9f-a7dc0defa1fa.pt,5066.0,8617.599609375,4598.0,7834.53125,128.0,104.68196105957031,0.0,3.424489736557007,409.0,601.3265380859375,64.0,59.155845642089844
exemplar,336,exemplar,exemplar/archive_4/8c92183a-750e-4a40-bed6-f6bf66068a7a.pt,6594.0,7954.01513671875,5240.0,5730.564453125,4.0,19.617931365966797,0.0,3.8998637199401855,128.0,180.341552734375,88.0,26.487646102905273
exemplar,337,exemplar,exemplar/archive_4/90a548ee-6183-405f-a8d9-33388f78d5ca.pt,14980.0,22656.818359375,18614.0,22176.595703125,7.0,17.947162628173828,3.0,4.085909843444824,2633.0,1342.6287841796875,1024.0,408.97186279296875
exemplar,338,exemplar,exemplar/archive_4/914614f2-637f-4b82-88d3-a9493d2e4e55.pt,34508.0,67158.7890625,47632.0,52042.02734375,149.0,314.9898681640625,9.0,14.108206748962402,838.0,567.1257934570312,128.0,88.07002258300781
exemplar,339,exemplar,exemplar/archive_4/93e7c6b7-e200-4cf5-a00f-14a34b93201c.pt,9091.0,11454.244140625,7139.0,7941.16650390625,6.0,17.375335693359375,1.0,3.1430516242980957,438.0,481.0000305175781,423.0,160.36636352539062
exemplar,340,exemplar,exemplar/archive_4/9534d794-7535-4fdc-b445-c2419b20ffaf.pt,29208.0,25113.263671875,3870.0,12123.0390625,5.0,18.392398834228516,2.0,1.4973317384719849,532.0,501.35736083984375,1.0,11.56270980834961
exemplar,341,exemplar,exemplar/archive_4/964aaac0-3bed-4318-bea6-21d50ad72c0e.pt,21176.0,40332.03515625,32593.0,43513.234375,128.0,24.83298110961914,8.0,7.359864234924316,2889.0,2903.0517578125,1024.0,1002.296630859375
exemplar,342,exemplar,exemplar/archive_4/97dbcdf5-c848-49aa-9352-d36fb012c09e.pt,2168.0,10921.5732421875,290.0,6712.74755859375,0.0,0.0,0.0,2.402015209197998,80.0,3194.73828125,1.0,765.2088012695312
exemplar,343,exemplar,exemplar/archive_4/98139b78-5b5f-48a0-80de-d9b6e3d24d09.pt,912.0,2737.79736328125,743.0,2307.566162109375,2.0,0.0,0.0,0.0,24.0,186.387939453125,1.0,17.31049346923828
exemplar,344,exemplar,exemplar/archive_4/9a1f36d7-2816-4b0f-b8b5-b2e65627cf2e.pt,2738.0,5740.1435546875,2633.0,4367.2060546875,5.0,25.972476959228516,14.0,1.2873356342315674,537.0,658.4813232421875,3.0,26.080045700073242
exemplar,345,exemplar,exemplar/archive_4/9a6997d9-2bd1-4ff6-9a73-f05621c1f081.pt,21988.0,32387.8203125,24276.0,38414.64453125,0.0,4.629269599914551,5.0,5.250754356384277,6583.0,4382.27490234375,1296.0,933.2446899414062
exemplar,346,exemplar,exemplar/archive_4/9ada9795-eb64-47d0-aa19-a9162b706a25.pt,55454.0,54269.71875,9473.0,8944.3349609375,2327.0,367.67620849609375,2.0,2.773946523666382,534.0,711.0574951171875,1.0,4.385024547576904
exemplar,347,exemplar,exemplar/archive_4/9b0c91ce-b9b1-429d-9742-7450ed142395.pt,3275.0,12120.78515625,3636.0,7325.7705078125,2.0,24.1173152923584,2.0,0.0,328.0,226.76007080078125,96.0,15.321322441101074
exemplar,348,exemplar,exemplar/archive_4/9c54421a-7338-494a-8474-d9074a9ecf97.pt,2416.0,3319.0927734375,390.0,1561.9615478515625,111.0,85.28690338134766,0.0,2.1133217811584473,265.0,283.5935363769531,1.0,2.8141703605651855
exemplar,349,exemplar,exemplar/archive_4/9d448692-78f8-4d5c-8088-898eb5995a9b.pt,9619.0,19466.87890625,8367.0,25158.5,0.0,0.0,4.0,3.4675583839416504,6581.0,3583.17041015625,1296.0,1024.4189453125
exemplar,350,exemplar,exemplar/archive_4/9e38eb64-1cfe-4f12-9432-22bdf4a349e1.pt,9207.0,11454.244140625,6958.0,7941.173828125,6.0,17.375335693359375,1.0,3.1430511474609375,435.0,481.0002746582031,420.0,160.36642456054688
exemplar,351,exemplar,exemplar/archive_4/a391283d-e967-49dc-b6bc-4b02d35e002e.pt,9507.0,19466.87890625,8401.0,25158.5,0.0,0.0,4.0,3.4675588607788086,6582.0,3583.17041015625,1296.0,1024.41845703125
exemplar,352,exemplar,exemplar/archive_4/a3ea0c4f-3403-453c-81e8-4c9371ba8d41.pt,64857.0,88125.703125,21215.0,38350.9140625,0.0,405.290771484375,0.0,0.0,101.0,82.88983154296875,2.0,11.036748886108398
exemplar,353,exemplar,exemplar/archive_4/aab521f7-157c-46ec-bffc-c37761dff1db.pt,52704.0,55467.609375,32026.0,48089.8203125,24.0,70.70819091796875,1.0,0.0,392.0,380.74822998046875,99.0,59.7567253112793
exemplar,354,exemplar,exemplar/archive_4/ab77bd50-b36b-4b19-913c-cd01ff0e8a94.pt,6695.0,13605.681640625,7690.0,13972.9677734375,8.0,54.83438491821289,2.0,3.5408687591552734,333.0,275.41290283203125,96.0,13.714546203613281
exemplar,355,exemplar,exemplar/archive_4/acd0fc9a-5e08-4344-88ef-ada264891cb6.pt,59520.0,106112.0078125,9351.0,40739.18359375,0.0,283.8391418457031,0.0,0.0,89.0,48.71463394165039,1.0,7.992664813995361
exemplar,356,exemplar,exemplar/archive_4/ad9bbfab-8ff4-49f3-8d9c-ab37947d788a.pt,29483.0,25113.263671875,4514.0,12123.0390625,5.0,18.39240264892578,2.0,1.4973317384719849,538.0,501.3575744628906,2.0,11.56270980834961
exemplar,357,exemplar,exemplar/archive_4/b1e95b21-3d49-4f0f-9eb6-fc4835b0816b.pt,3299.0,5176.6220703125,4040.0,4034.067138671875,5.0,21.686508178710938,0.0,1.2776738405227661,1084.0,686.2421875,160.0,31.226966857910156
exemplar,358,exemplar,exemplar/archive_4/b3e352b0-02aa-42e9-b905-77d4b7f1dfd1.pt,3057.0,7499.5341796875,2828.0,8971.8212890625,3.0,0.0,2.0,2.2676424980163574,2631.0,1250.148681640625,1024.0,428.52862548828125
exemplar,359,exemplar,exemplar/archive_4/b3ee34d7-b26c-4327-9077-79e2513947cc.pt,345.0,1181.427734375,297.0,1245.368896484375,0.0,0.0,0.0,2.7498230934143066,17.0,114.74251556396484,1.0,20.030611038208008
exemplar,360,exemplar,exemplar/archive_4/b3ff10dc-d76f-4720-bd29-4bf354efbe46.pt,22877.0,15611.1630859375,798.0,4944.697265625,3.0,30.529104232788086,1.0,0.0,28.0,155.23153686523438,1.0,7.251802444458008
exemplar,361,exemplar,exemplar/archive_4/b4dfdcc1-4667-49f1-ac5b-183e7ecc2ebc.pt,52.0,393.8692626953125,1.0,8.534353256225586,0.0,0.0,0.0,2.3042807579040527,13.0,64.52621459960938,1.0,1.8668696880340576
exemplar,362,exemplar,exemplar/archive_4/b5c285f0-db91-4f79-9db6-e8a7c94edf84.pt,21851.0,15943.3046875,3533.0,5210.82958984375,5.0,32.68402862548828,2.0,0.0,39.0,153.9348907470703,1.0,7.223199367523193
exemplar,363,exemplar,exemplar/archive_4/b624fe6a-af6a-49d1-9462-76d216decf06.pt,13427.0,30186.916015625,16969.0,25517.150390625,24.0,74.586181640625,5.0,3.613060712814331,507.0,422.5274658203125,128.0,43.76652908325195
exemplar,364,exemplar,exemplar/archive_4/b8f39c72-91d2-4d02-b05c-57c42cb15022.pt,2269.0,7979.55419921875,1696.0,5292.3740234375,109.0,25.72150230407715,0.0,1.6604807376861572,272.0,1598.1343994140625,1.0,146.9362335205078
exemplar,365,exemplar,exemplar/archive_4/bba17e96-bfc6-4f7b-a3b3-e191e54db17e.pt,14842.0,30186.9453125,17106.0,25517.150390625,24.0,74.58621978759766,5.0,3.613060712814331,505.0,422.5274658203125,128.0,43.76652908325195
exemplar,366,exemplar,exemplar/archive_4/c0318fb8-5cf4-4868-a6e3-376c95dee192.pt,6459.0,10559.8173828125,230.0,2625.74658203125,2.0,25.818056106567383,1.0,0.0,18.0,147.30252075195312,1.0,6.999443054199219
exemplar,367,exemplar,exemplar/archive_4/c21d74eb-cbc9-46a8-8b36-055d46bcd75f.pt,15484.0,30878.96875,17459.0,26160.091796875,26.0,75.76917266845703,6.0,3.7617626190185547,591.0,424.2540283203125,160.0,43.617576599121094
exemplar,368,exemplar,exemplar/archive_4/c3db69c9-fbf2-4375-ae82-034c48a2402e.pt,8039.0,20313.59765625,8344.0,13757.240234375,5.0,37.72318649291992,4.0,0.0,587.0,266.8166198730469,160.0,26.02173614501953
exemplar,369,exemplar,exemplar/archive_4/c450d8f6-023f-4ab0-85f6-0934c9d8e967.pt,402.0,1312.262451171875,354.0,1530.256103515625,0.0,0.0,0.0,3.4947750568389893,19.0,150.89950561523438,1.0,39.50910186767578
exemplar,370,exemplar,exemplar/archive_4/c5aa81c6-cac5-44db-bb2d-0450c909ea9f.pt,64637.0,28348.91796875,46157.0,16157.8125,10.0,33.03349304199219,2.0,5.607027530670166,2214.0,1163.542236328125,1691.0,83.02666473388672
exemplar,371,exemplar,exemplar/archive_4/ca4b5a45-6965-4ecb-9d2e-38ddff7463e5.pt,9741.0,13178.197265625,14518.0,12933.583984375,5.0,12.808070182800293,3.0,3.0843873023986816,2872.0,998.2102661132812,1024.0,162.82069396972656
exemplar,372,exemplar,exemplar/archive_4/cc1c90d0-9335-4c05-bf3a-b750ec5adc20.pt,3275.0,12120.78515625,3636.0,7325.7705078125,2.0,24.1173152923584,2.0,0.0,328.0,226.76007080078125,96.0,15.321330070495605
exemplar,373,exemplar,exemplar/archive_4/cc2d357e-c3ae-491b-b7d7-703727137e95.pt,20159.0,41425.68359375,35143.0,31937.69140625,128.0,160.0559539794922,6.0,6.160903453826904,856.0,516.2676391601562,128.0,58.9774055480957
exemplar,374,exemplar,exemplar/archive_4/cd22e983-c9c3-4d45-929b-a53cb807295c.pt,5147.0,10285.3994140625,1377.0,2515.912109375,267.0,183.3790740966797,0.0,3.7156171798706055,20.0,81.49501037597656,1.0,2.4919660091400146
exemplar,375,exemplar,exemplar/archive_4/d2dd5e51-59c3-41f2-aa1b-e0f82ffe6545.pt,7939.0,20313.59765625,8237.0,13757.240234375,5.0,37.72318649291992,4.0,0.0,584.0,266.8166198730469,160.0,26.02173614501953
exemplar,376,exemplar,exemplar/archive_4/d89b0478-e5aa-475d-af6f-3e044a842d22.pt,23288.0,10648.078125,3553.0,7679.86474609375,5.0,13.996818542480469,2.0,3.1362922191619873,81.0,1379.48974609375,53.0,466.66033935546875
exemplar,377,exemplar,exemplar/archive_4/d8f74d4e-05f1-4955-86f0-830ca762b176.pt,10390.0,13178.197265625,14642.0,12933.583984375,5.0,12.808070182800293,3.0,3.0843868255615234,2875.0,998.2102661132812,1024.0,162.82061767578125
exemplar,378,exemplar,exemplar/archive_4/d9f93158-6ccc-4d2b-a170-237f34ce5331.pt,4848.0,10285.4091796875,532.0,2515.912109375,281.0,183.3790740966797,0.0,3.7156150341033936,14.0,81.49493408203125,1.0,2.491964340209961
exemplar,379,exemplar,exemplar/archive_4/da3f016e-20ab-4fd7-952a-595b8f71f7af.pt,22664.0,19594.396484375,1522.0,10373.494140625,3.0,43.117881774902344,1.0,0.0,41.0,218.0994873046875,10.0,24.99027442932129
exemplar,380,exemplar,exemplar/archive_4/db688f60-06c1-4a90-9135-f24939f749c1.pt,86.0,1051.282470703125,5.0,283.6983337402344,2.0,0.0,0.0,0.0,15.0,105.43204498291016,1.0,2.465425968170166
exemplar,381,exemplar,exemplar/archive_4/de2b487d-3146-4596-8935-9b3df1e70a4f.pt,7720.0,19879.6640625,8021.0,13275.96484375,3.0,36.911006927490234,4.0,0.0,500.0,267.5296325683594,128.0,26.174848556518555
exemplar,382,exemplar,exemplar/archive_4/deae57f3-6e32-43b3-82ae-eb94666b0ec5.pt,68.0,393.8692626953125,1.0,8.534353256225586,0.0,0.0,0.0,2.3042807579040527,12.0,64.52621459960938,1.0,1.8668696880340576
exemplar,383,exemplar,exemplar/archive_4/dff07353-88f8-4592-9a88-cda83160792d.pt,44477.0,119295.734375,44202.0,102778.2265625,54.0,207.48728942871094,9.0,0.0,828.0,649.4677124023438,144.0,86.21743774414062
exemplar,384,exemplar,exemplar/archive_4/e276239b-fb1a-42fe-a821-26f171cd3740.pt,7705.0,13982.779296875,10113.0,13020.73046875,128.0,22.39751434326172,2.0,2.380073070526123,3010.0,2443.413330078125,1024.0,1015.2560424804688
exemplar,385,exemplar,exemplar/archive_4/e950ae24-8149-4902-abb3-92bbe2aecd63.pt,1400.0,4944.376953125,1336.0,5413.599609375,2.0,0.0,0.0,2.254168748855591,521.0,744.0440673828125,192.0,255.9143524169922
exemplar,386,exemplar,exemplar/archive_4/eaba7bd5-f8e5-45c7-8194-e722f3af20ff.pt,2340.0,4201.94287109375,218.0,270.13885498046875,0.0,0.0,0.0,0.0,79.0,130.54421997070312,1.0,4.699393272399902
exemplar,387,exemplar,exemplar/archive_4/ead2ec1e-40d8-4acc-91c8-0d319af0c066.pt,55689.0,57313.46875,31223.0,50043.8046875,27.0,70.41445922851562,2.0,0.0,402.0,382.4957275390625,105.0,59.96832275390625
exemplar,388,exemplar,exemplar/archive_4/eb5a1ea8-c51d-4bb9-b7b4-75eed4853c86.pt,20451.0,41425.68359375,34313.0,31937.69140625,128.0,160.0559539794922,6.0,6.16090202331543,857.0,516.2673950195312,128.0,58.977378845214844
exemplar,389,exemplar,exemplar/archive_4/ebce0d5b-5f05-4508-8ee8-3f25e158eb65.pt,7101.0,9103.140625,3358.0,11032.990234375,307.0,4.711164951324463,0.0,2.225795269012451,15.0,806.754150390625,1.0,426.4510803222656
exemplar,390,exemplar,exemplar/archive_4/ecd4a3ae-951b-4cf2-9c32-79bbf5637673.pt,3041.0,4056.0458984375,1909.0,3455.36279296875,5.0,9.58799934387207,0.0,2.51615834236145,40.0,200.97396850585938,3.0,14.891324043273926
exemplar,391,exemplar,exemplar/archive_4/ed65d0b7-0b0c-4b25-b9b3-bba6415e835f.pt,56036.0,57313.46875,34149.0,50043.7578125,27.0,70.41445922851562,2.0,0.0,398.0,382.4957275390625,101.0,59.96832275390625
exemplar,392,exemplar,exemplar/archive_4/ef021cd3-8378-4d1e-9f1f-070602c5f684.pt,64588.0,28348.91796875,47501.0,16157.828125,10.0,33.03349304199219,2.0,5.607027053833008,2228.0,1163.542236328125,1704.0,83.02670288085938
exemplar,393,exemplar,exemplar/archive_4/ef2865d0-3f5b-4b1f-8655-ff7d550736c2.pt,132.0,1051.281982421875,42.0,283.6983337402344,2.0,0.0,0.0,0.0,18.0,105.43209838867188,1.0,2.4654226303100586
exemplar,394,exemplar,exemplar/archive_4/efa78183-092f-4770-86fd-d318cda4daa2.pt,9862.0,14416.2607421875,5912.0,11492.345703125,425.0,185.35208129882812,1.0,3.8566091060638428,29.0,202.00778198242188,2.0,4.294726371765137
exemplar,395,exemplar,exemplar/archive_4/f1369026-b6ce-4401-8f3a-9079a7bb9cfb.pt,64836.0,81605.234375,52517.0,53021.7890625,1977.0,697.86767578125,4.0,9.794882774353027,313.0,456.4940490722656,9.0,54.869407653808594
exemplar,396,exemplar,exemplar/archive_4/f2ac7800-495d-44fc-81ae-b3c9fdc3656d.pt,65321.0,88125.625,21362.0,38350.9140625,0.0,405.2909851074219,0.0,0.0,101.0,82.8897476196289,2.0,11.03674030303955
exemplar,397,exemplar,exemplar/archive_4/f9012451-79a9-4be9-be03-9b56617d2e21.pt,5018.0,8617.599609375,4604.0,7834.5390625,128.0,104.68201446533203,0.0,3.424490213394165,409.0,601.3265380859375,64.0,59.15581512451172
exemplar,398,exemplar,exemplar/archive_4/f91aaca3-3e17-40f5-8dbc-f91b66fb6ff6.pt,14813.0,23125.0859375,18681.0,22649.451171875,9.0,18.48396110534668,3.0,4.180384159088135,2767.0,1374.0238037109375,1024.0,411.84954833984375
exemplar,399,exemplar,exemplar/archive_4/fe7e730c-d073-4096-b2ee-40007ede4bd8.pt,26547.0,25113.263671875,5472.0,12123.0390625,5.0,18.39240264892578,2.0,1.4973317384719849,538.0,501.35736083984375,2.0,11.562725067138672
