split,dataset_index,kernel_family,tensor_path,target_lut,prediction_lut,target_ff,prediction_ff,target_dsp,prediction_dsp,target_bram,prediction_bram,target_cycles_max,prediction_cycles_max,target_interval_max,prediction_interval_max
test,5,2layer,2layer/archive_1/0e501e7a-8a7e-4233-a38f-8c4299d1b20b.pt,4427.0,8595.88671875,4642.0,6552.0283203125,2.0,1.710382103919983,0.5,1.1098257303237915,1412.0,2181.82666015625,1280.0,1533.393310546875
test,9,2layer,2layer/archive_1/18280638-35c3-4ac7-877a-fe029f413ead.pt,18331.0,21746.708984375,16012.0,18619.330078125,0.0,0.0,6.0,3.336578130722046,3877.0,4546.42578125,2464.0,2246.198486328125
test,10,2layer,2layer/archive_1/193f123f-9fe7-4326-a99f-46cbe91f2168.pt,10682.0,12116.6474609375,8613.0,9610.580078125,0.0,0.0,1.5,1.9523825645446777,4037.0,4202.71630859375,2496.0,2329.579833984375
test,13,2layer,2layer/archive_1/28f27352-4968-4846-8e24-fbf005003fc0.pt,21462.0,23268.75390625,14645.0,16989.470703125,3.0,3.5745291709899902,3.0,2.4090523719787598,8965.0,7383.69970703125,5120.0,4085.168212890625
test,16,2layer,2layer/archive_1/3837a7d5-0c0e-4596-8191-a70ace44a780.pt,10282.0,9240.20703125,7961.0,6886.8544921875,1.0,0.0,1.0,1.0984985828399658,1605.0,2276.61279296875,960.0,1457.918212890625
test,23,2layer,2layer/archive_1/5902f8e5-9539-4fef-b6d3-2d59841dfa35.pt,23650.0,24830.14453125,15141.0,15882.7197265625,6.0,4.95742130279541,1.5,1.7792186737060547,3957.0,5077.654296875,2496.0,2393.794189453125
test,31,2layer,2layer/archive_1/6a7ab3f1-833f-4330-9401-1daee0b9b457.pt,20970.0,21815.55078125,13102.0,14928.9853515625,4.0,3.51406192779541,2.0,1.9529112577438354,5381.0,6180.037109375,2912.0,3340.62353515625
test,33,2layer,2layer/archive_1/6fdbe1c4-08f0-46fa-ac3d-070d8b7126e9.pt,20185.0,22016.9609375,15404.0,17647.400390625,0.0,0.0,1.5,2.1727123260498047,4325.0,4036.823486328125,2304.0,1924.7674560546875
test,36,2layer,2layer/archive_1/78e928e4-f7e4-40c9-b6b4-8fd5186928b1.pt,21070.0,22010.283203125,17217.0,17383.548828125,0.0,0.0,3.0,2.5637950897216797,8197.0,7474.83203125,5120.0,3834.4345703125
test,39,2layer,2layer/archive_1/80236500-af6b-41d2-a063-6bdd779fca11.pt,23743.0,21803.216796875,16289.0,16351.328125,0.0,0.0,8.0,2.253774642944336,1989.0,2153.020263671875,1024.0,1158.9755859375
test,40,2layer,2layer/archive_1/80788302-2292-4caa-a003-821aed591a4a.pt,25839.0,25349.34765625,19958.0,19200.12890625,0.0,0.0,1.0,2.789512872695923,3589.0,4080.8916015625,1792.0,2030.9044189453125
test,45,2layer,2layer/archive_1/8491a254-4f47-453e-8a27-5b6e15733e2d.pt,19810.0,19150.12890625,12208.0,13319.9619140625,4.0,3.096022605895996,2.0,1.8324686288833618,4709.0,6368.23974609375,2464.0,3448.539794921875
test,50,2layer,2layer/archive_1/8fa8fee2-a29c-49de-af50-ddba5830bd36.pt,24892.0,23445.513671875,17980.0,19449.248046875,0.0,0.0,4.5,3.1450271606445312,6725.0,6813.07763671875,3840.0,3581.430908203125
test,58,2layer,2layer/archive_1/a77cb707-ea79-4f1c-b0be-3c48ad115929.pt,13875.0,15132.2705078125,9757.0,10195.640625,6.0,4.3673014640808105,1.0,1.4447764158248901,2117.0,2223.6279296875,1152.0,1144.1573486328125
test,74,2layer,2layer/archive_1/cd02c6b2-1a29-4fdd-9daf-92dc46e656fe.pt,30122.0,31456.865234375,15300.0,17932.982421875,14.0,12.263327598571777,7.0,2.149813175201416,2085.0,2711.416748046875,1120.0,1135.9539794921875
test,85,2layer,2layer/archive_1/e2d32045-fe85-41fa-87fd-34469cfd2b33.pt,17230.0,16550.5546875,12142.0,11732.4970703125,4.0,3.6050102710723877,2.0,1.84235417842865,3845.0,3234.54638671875,1920.0,1913.086669921875
test,88,2layer,2layer/archive_1/e71cebc8-9c8d-4db4-af21-b5ffd3e7d1e9.pt,6342.0,9282.0927734375,6039.0,7088.25732421875,2.0,2.0886178016662598,1.0,1.0992965698242188,2501.0,2261.949462890625,1920.0,1548.447265625
test,105,2layer,2layer/archive_2/0e95ad61-8028-4bb9-ae14-0e6e4725adec.pt,25490.0,26737.63671875,14706.0,16555.669921875,8.0,5.802314281463623,1.0,1.8071010112762451,3461.0,4976.52294921875,1872.0,2307.297607421875
test,110,2layer,2layer/archive_2/1d49f5b4-a149-4735-93ae-1354280d2181.pt,21138.0,25110.26953125,12730.0,15142.1455078125,9.0,8.334579467773438,1.0,1.6579954624176025,2309.0,2465.320068359375,1280.0,1091.247314453125
test,118,2layer,2layer/archive_2/2b5bcf33-a7e5-455b-a676-40dc80ad105e.pt,18960.0,17310.40625,11225.0,12443.728515625,3.0,2.854719400405884,2.0,1.7994561195373535,4965.0,5633.703125,2560.0,3169.75390625
test,129,2layer,2layer/archive_2/47a23286-3cd6-4917-bebc-c3c14fe64538.pt,12763.0,12928.712890625,10536.0,9766.671875,2.0,2.182082176208496,1.0,1.6457942724227905,2117.0,4141.69775390625,1408.0,2580.41845703125
test,138,2layer,2layer/archive_2/5d0eb902-1bc3-48ca-b0d4-3d6de45181de.pt,24382.0,24978.353515625,18225.0,19550.66015625,0.0,0.0,2.5,2.8107616901397705,8165.0,8247.078125,5280.0,4079.735595703125
test,140,2layer,2layer/archive_2/65ee1758-1d06-491d-a879-bc81bb7249f9.pt,9340.0,9739.072265625,6908.0,7199.40234375,3.0,2.598559617996216,1.0,1.0819088220596313,2021.0,1724.4271240234375,1152.0,1104.7086181640625
test,148,2layer,2layer/archive_2/7e1727a1-0ff8-4992-b05a-0691712f8fd0.pt,22263.0,23294.244140625,14885.0,14390.3798828125,6.0,4.853968620300293,1.5,1.7092700004577637,3541.0,3867.580810546875,2080.0,2039.879638671875
test,150,2layer,2layer/archive_2/802b8c33-0ab8-4651-ba3e-c0c35f7cfe79.pt,31673.0,34863.11328125,19693.0,22162.02734375,7.0,6.247244834899902,1.5,2.741694927215576,5125.0,7069.197265625,3072.0,3366.2060546875
test,152,2layer,2layer/archive_2/835d1772-8af4-491d-969a-1590057430d9.pt,10199.0,10102.8388671875,6318.0,7693.03173828125,2.0,1.8776813745498657,1.0,1.312854290008545,1925.0,2593.896484375,1408.0,1749.631591796875
test,162,2layer,2layer/archive_2/92a3099f-2ff0-4f81-a4f5-3e4983dee369.pt,20273.0,18420.87109375,13937.0,13596.666015625,2.0,2.8244245052337646,1.5,2.048905849456787,5381.0,6489.14990234375,3584.0,3706.326171875
test,173,2layer,2layer/archive_2/bfa0bcb1-a253-411f-be39-71dd5517df73.pt,18753.0,18676.1171875,13648.0,15557.2099609375,0.0,0.0,3.0,2.551858901977539,3717.0,3854.2041015625,1920.0,2013.1990966796875
test,174,2layer,2layer/archive_2/c2bd5389-a08c-42ec-8b3c-5e01479d314d.pt,13609.0,16127.4365234375,12664.0,12275.71484375,0.0,0.0,2.5,1.789639949798584,6149.0,4865.02294921875,5376.0,2916.24365234375
test,180,2layer,2layer/archive_2/cc5668f5-d37e-49ec-876f-52d4173ccde5.pt,19022.0,20451.83203125,11885.0,13630.4765625,4.0,4.099372863769531,1.0,1.6335480213165283,3717.0,4579.49609375,1920.0,2289.194580078125
test,185,2layer,2layer/archive_2/d6f6caf0-10ec-4d93-ad62-95a7beaec004.pt,13306.0,12065.3310546875,7571.0,8982.1640625,2.0,2.205918312072754,1.5,1.4990475177764893,3077.0,3415.3525390625,2496.0,2064.53662109375
test,188,2layer,2layer/archive_2/e5344317-1ff4-480a-9e6f-b91dcb1fc112.pt,26475.0,27157.205078125,15665.0,16649.02734375,10.0,6.9041924476623535,1.5,1.8829154968261719,3525.0,4440.97021484375,2112.0,2062.938720703125
test,191,2layer,2layer/archive_2/ecf1f155-c2ee-4cac-bb25-b90e33da8203.pt,17569.0,19758.748046875,10860.0,12415.9873046875,6.0,5.283862113952637,1.0,1.6987682580947876,2469.0,2384.91845703125,1344.0,1245.1793212890625
test,193,2layer,2layer/archive_2/f2428e9d-edd8-42e7-99c6-e046e4644daf.pt,16523.0,17171.283203125,12656.0,13698.166015625,0.0,0.0,2.5,2.4420523643493652,6341.0,5525.181640625,3456.0,3188.65771484375
test,198,2layer,2layer/archive_2/fe60de96-e0a9-4ea9-8814-8ce712e4cdfc.pt,21443.0,23106.96484375,16272.0,18644.919921875,0.0,0.0,4.5,2.7783162593841553,5205.0,4334.16748046875,2704.0,2490.324951171875
test,201,2layer,2layer/archive_3/0956ec5b-0763-4499-a2a8-9a9a04a35bf3.pt,17678.0,19098.94921875,11296.0,13293.08203125,0.0,0.0,2.0,1.6664735078811646,2149.0,2216.39794921875,1248.0,1122.787841796875
test,212,2layer,2layer/archive_3/24ea1913-f519-412c-ad65-b98cebea76f5.pt,14996.0,14876.0986328125,10618.0,11650.4716796875,0.0,0.0,2.0,2.291053295135498,6149.0,5188.5947265625,3840.0,2901.0458984375
test,229,2layer,2layer/archive_3/526cd48b-c15d-4ced-9692-a7198315280f.pt,15522.0,13576.4130859375,9324.0,9471.869140625,0.0,0.0,1.5,1.3483976125717163,4229.0,3075.296630859375,3072.0,1919.652099609375
test,231,2layer,2layer/archive_3/5584b981-88c7-47dc-ae9f-6f9de8af9049.pt,18738.0,20151.568359375,12289.0,12339.4658203125,8.0,7.3018646240234375,5.0,2.546464443206787,2165.0,2257.217529296875,1280.0,1219.5654296875
test,236,2layer,2layer/archive_3/64a73bab-f3a9-4a81-8efe-0260acfe8919.pt,9006.0,8944.931640625,5686.0,6899.984375,2.0,1.9144799709320068,1.0,1.128336787223816,1669.0,1973.5780029296875,1152.0,1331.188232421875
test,247,2layer,2layer/archive_3/76c63687-fb2b-4102-8cf7-6600c48ac04c.pt,14930.0,15708.001953125,11255.0,11675.0322265625,0.0,0.0,2.0,1.781243085861206,6341.0,5049.15380859375,4608.0,2803.46142578125
test,249,2layer,2layer/archive_3/7fa826ee-4602-4d40-a55b-e7230afc70e9.pt,24914.0,27088.94140625,14010.0,15876.994140625,12.0,12.276410102844238,1.0,2.036285877227783,2165.0,2348.14208984375,1152.0,1037.9925537109375
test,262,2layer,2layer/archive_3/96ddafdb-c1a1-464d-a77e-1f6956a91deb.pt,29596.0,29388.564453125,15628.0,16825.046875,10.0,10.291267395019531,1.0,1.9695314168930054,2397.0,2648.375244140625,1248.0,1138.49560546875
test,264,2layer,2layer/archive_3/98c7083e-8b81-4b46-99a6-9214ede4dd8c.pt,30491.0,29784.12890625,17939.0,20551.826171875,4.0,4.593624591827393,3.0,2.7125048637390137,10213.0,8740.216796875,5280.0,4349.8818359375
test,265,2layer,2layer/archive_3/9a8a2054-ac77-4816-b009-5dcfec1f31aa.pt,15698.0,17370.72265625,10446.0,11190.333984375,6.0,4.437164306640625,1.0,1.5523903369903564,1541.0,2166.468994140625,1024.0,1189.914306640625
test,280,2layer,2layer/archive_3/d29cbb53-9b53-4cae-a12a-8f9a4e920a10.pt,4556.0,6109.3955078125,5050.0,5062.69580078125,2.0,1.4515690803527832,1.0,1.1939281225204468,1029.0,1565.116455078125,832.0,1001.304443359375
test,293,2layer,2layer/archive_3/f59f9642-8d8b-4cbc-a4c8-80b378b8e6c0.pt,17557.0,20297.1953125,13243.0,13694.80859375,4.0,4.426111221313477,1.5,1.6289870738983154,4101.0,4627.63671875,2304.0,2194.920166015625
test,306,2layer,2layer/archive_4/098f434f-1b68-491d-94cf-03f1cfe0cfa1.pt,16849.0,16587.78515625,12066.0,13300.2734375,0.0,0.0,2.5,2.3809070587158203,5765.0,5093.31787109375,3200.0,2910.32373046875
test,310,2layer,2layer/archive_4/1be5c2a5-5b49-4f8c-9fb6-0b444f6b85e4.pt,24409.0,25895.283203125,17864.0,19358.845703125,0.0,0.0,2.5,2.4847042560577393,8517.0,7404.64599609375,4928.0,3699.745361328125
test,315,2layer,2layer/archive_4/247e4213-8ae5-462d-b957-a9f783755031.pt,10996.0,12566.46484375,7502.0,9515.55859375,0.0,0.0,1.5,1.8138707876205444,3333.0,3747.387939453125,2560.0,2254.579833984375
test,316,2layer,2layer/archive_4/25b1fddf-e065-4fea-b31e-274ba799605a.pt,22869.0,26217.48828125,17850.0,16291.708984375,9.0,7.371785640716553,1.0,2.7407021522521973,2821.0,3833.490966796875,1792.0,1930.4212646484375
test,337,2layer,2layer/archive_4/62878700-1b8b-452f-8cfd-c1c35028130d.pt,36022.0,39086.41796875,19075.0,25601.833984375,26.0,21.148841857910156,15.0,4.20669412612915,1733.0,2728.4833984375,896.0,1094.8480224609375
test,354,2layer,2layer/archive_4/8f67864f-c9d4-45ad-8c91-a0d544c15b4c.pt,20398.0,22649.796875,11867.0,14053.947265625,8.0,8.8576078414917,1.0,1.8472952842712402,1861.0,2281.73046875,960.0,1052.7119140625
test,356,2layer,2layer/archive_4/936a8ff7-7ebb-4277-ab21-b9de8be46fc5.pt,17358.0,14422.6962890625,14011.0,10887.138671875,0.0,0.0,3.0,1.593375325202942,1877.0,1836.1964111328125,1040.0,1086.9600830078125
test,374,2layer,2layer/archive_4/bdceb934-f44d-47a5-a407-bba9907dde42.pt,13311.0,12535.498046875,8418.0,9381.287109375,2.0,2.1764321327209473,1.5,1.60590398311615,4165.0,3733.45458984375,3520.0,2352.54638671875
test,376,2layer,2layer/archive_4/c0408fb1-d997-4a14-b9cb-fcc363e2e63f.pt,12889.0,10139.3662109375,10881.0,7376.80810546875,0.0,0.0,1.5,1.1007239818572998,1765.0,1278.068359375,1056.0,931.8300170898438
test,378,2layer,2layer/archive_4/c4b52d21-e3b2-4ad5-b29b-7aeea1cd9169.pt,14894.0,16168.4951171875,12834.0,13450.7763671875,0.0,0.0,2.5,2.6124393939971924,7173.0,5443.8818359375,3584.0,2786.73388671875
test,383,2layer,2layer/archive_4/cf3f2c09-b079-49cc-a2c9-be50e9340c14.pt,16564.0,18647.427734375,13693.0,13339.3876953125,2.0,3.0432004928588867,1.5,1.850959062576294,4485.0,5942.5478515625,2688.0,3230.16162109375
test,385,2layer,2layer/archive_4/d3bb67b0-53b9-4d26-a700-f081ba4bdbb6.pt,13619.0,14915.408203125,10495.0,11295.861328125,0.0,0.0,2.0,1.7641901969909668,6917.0,4872.244140625,3456.0,2670.615234375
test,386,2layer,2layer/archive_4/d630ae52-0bde-447d-9b3b-458df1884f34.pt,11508.0,10415.3603515625,6566.0,7393.5166015625,2.0,1.9972007274627686,1.5,1.1846415996551514,1221.0,2344.44287109375,896.0,1657.0537109375
test,391,2layer,2layer/archive_4/e45b7645-39d0-4cd5-83d9-2306a1618dc4.pt,23966.0,24699.69921875,18168.0,19454.109375,0.0,0.0,2.5,2.8341591358184814,8165.0,8238.8388671875,4800.0,4074.97119140625
test,392,2layer,2layer/archive_4/f1f196d5-1325-4225-893b-f7fa6e75ed62.pt,20477.0,22417.419921875,15197.0,14534.478515625,6.0,4.920100688934326,3.5,2.078415632247925,3749.0,3938.997802734375,2080.0,2169.246826171875
test,393,2layer,2layer/archive_4/f1fa0476-2eb3-4fce-8070-80b3bcd31c66.pt,14528.0,15016.994140625,8802.0,10053.451171875,3.0,2.847208261489868,2.0,1.3959295749664307,2437.0,2893.68505859375,1920.0,1865.5489501953125
test,397,2layer,2layer/archive_4/f8ca8e8f-370f-483d-a7eb-4e709b42d7e1.pt,3840.0,7367.189453125,4521.0,5638.32080078125,2.0,1.5142508745193481,0.5,0.9308969378471375,900.0,1797.8701171875,832.0,1364.756591796875
test,800,3layer,3layer/archive_1/0024ccb6-93d3-4d05-b42a-dcd082b9fb71.pt,16496.0,17192.5703125,14252.0,13481.0859375,3.0,3.1570091247558594,2.5,2.190903425216675,6472.0,4610.07958984375,2880.0,2501.15283203125
test,803,3layer,3layer/archive_1/075ba7e2-686c-4d8c-8154-801a8c763333.pt,9233.0,12622.224609375,8509.0,9541.759765625,3.0,2.3939061164855957,1.5,1.5967800617218018,2632.0,2894.546630859375,1344.0,1803.8251953125
test,806,3layer,3layer/archive_1/1779f702-f865-451f-89d0-4f6b42a09e77.pt,25151.0,23700.546875,20528.0,17434.98828125,0.0,0.0,2.0,2.323017120361328,2984.0,2770.676025390625,1120.0,1130.6517333984375
test,810,3layer,3layer/archive_1/1becf3c5-7c0f-49df-bdca-22bd47ef0f94.pt,33780.0,30976.126953125,25025.0,27797.373046875,0.0,0.0,9.5,3.990144729614258,2464.0,2991.83349609375,896.0,1070.16943359375
test,822,3layer,3layer/archive_1/4f415d2a-8a37-4458-9923-fe4ae65d193c.pt,17298.0,22041.751953125,13192.0,15396.61328125,4.0,6.2528157234191895,1.5,1.752187728881836,3016.0,2488.73828125,1280.0,1060.8294677734375
test,834,3layer,3layer/archive_1/6677bec8-2c88-4ce9-89c6-8588190f1b63.pt,31188.0,32246.4453125,22330.0,22836.572265625,6.0,5.31538724899292,2.5,2.83424973487854,5944.0,8104.12451171875,2816.0,3388.52685546875
test,836,3layer,3layer/archive_1/6a93c56c-3a7d-4fb0-aa09-acf3c5c8cef0.pt,37935.0,39539.55078125,22505.0,27664.44921875,20.0,18.994213104248047,1.5,3.4029059410095215,2632.0,2988.233642578125,960.0,1048.8421630859375
test,842,3layer,3layer/archive_1/7dff1db2-d16a-4a01-829b-05b72a41623c.pt,28802.0,27983.728515625,20556.0,20414.162109375,4.0,4.334719657897949,3.0,2.8779091835021973,10824.0,8692.5390625,3840.0,3945.371826171875
test,845,3layer,3layer/archive_1/85da7610-5409-4ed2-b342-2d09b3584690.pt,44187.0,39852.484375,22532.0,27199.974609375,20.0,16.927213668823242,1.5,3.086636781692505,2752.0,3245.0546875,1144.0,1112.5728759765625
test,847,3layer,3layer/archive_1/8a954d90-0bd3-4c11-ba3a-fba78f17ae0e.pt,56373.0,47589.5546875,29336.0,33188.328125,13.0,13.449224472045898,3.0,3.866475820541382,6872.0,6486.15478515625,2640.0,2139.73974609375
test,853,3layer,3layer/archive_1/92d982a4-b98e-4746-bdec-60cb53775183.pt,21093.0,20106.72265625,14828.0,13491.1318359375,9.0,7.160919666290283,2.0,2.689481258392334,2568.0,2285.719970703125,896.0,1095.0826416015625
test,856,3layer,3layer/archive_1/9421bcba-aa11-4638-97d1-9a26a8309e94.pt,18172.0,21765.96484375,17338.0,18130.232421875,0.0,0.0,5.0,2.611720085144043,8647.0,7206.67822265625,4160.0,3515.194091796875
test,878,3layer,3layer/archive_1/c931f125-d81f-4ad7-8deb-3fedba17c28a.pt,24123.0,24494.4140625,17913.0,18543.94140625,4.0,4.475211143493652,2.5,2.4801273345947266,8264.0,5649.5830078125,3840.0,2818.671142578125
test,881,3layer,3layer/archive_1/ce352bfc-bbec-4951-8281-f01f2aef7e78.pt,33612.0,41843.39453125,25132.0,29320.703125,18.0,16.059823989868164,31.5,4.840404510498047,2952.0,3267.50439453125,1152.0,1153.7967529296875
test,896,3layer,3layer/archive_1/f1316787-264b-4558-83f8-97dc77bdfb14.pt,20085.0,17363.517578125,13156.0,13176.2109375,0.0,0.0,2.0,1.778114676475525,4424.0,4559.31103515625,3072.0,2519.54541015625
test,906,3layer,3layer/archive_2/1aa82de7-cb5d-4b40-83ec-5d06eeb961d7.pt,17256.0,18060.5625,12363.0,13846.18359375,4.0,3.2693300247192383,4.0,2.1374526023864746,3752.0,4340.783203125,2080.0,2366.913330078125
test,909,3layer,3layer/archive_2/1cb93ea5-5bd1-4044-9d56-c6d7c3f82adb.pt,44754.0,38938.75,28149.0,28429.357421875,5.0,6.473505973815918,9.0,3.615105152130127,14984.0,10390.5751953125,5408.0,4305.3935546875
test,910,3layer,3layer/archive_2/212e820a-7f1a-4ca0-846a-920f20a79783.pt,40991.0,44914.8671875,28078.0,34779.359375,26.0,20.942337036132812,36.5,7.543898582458496,2840.0,3233.96630859375,1040.0,1138.0567626953125
test,932,3layer,3layer/archive_2/52946797-a7fd-484d-a2e8-1d16801f50c7.pt,42780.0,39520.171875,23203.0,25659.107421875,10.0,9.388106346130371,2.5,2.628988742828369,6312.0,6398.09130859375,2560.0,2286.99609375
test,933,3layer,3layer/archive_2/542d7695-0143-4f00-adf6-51d6b975289a.pt,19429.0,18453.171875,13907.0,13792.5546875,0.0,0.0,1.5,1.747338891029358,2568.0,2549.37109375,896.0,1189.79052734375
test,936,3layer,3layer/archive_2/5ceabaab-17e3-4e32-97e2-3b2c322edf2a.pt,7805.0,11515.486328125,7444.0,9101.7431640625,0.0,0.0,1.0,1.4229933023452759,1990.0,2871.048828125,1536.0,1697.87451171875
test,938,3layer,3layer/archive_2/5efe7324-c1c2-4a88-9406-6ea781fc4cad.pt,32335.0,28969.3125,20517.0,21063.63671875,4.0,4.508320331573486,3.5,3.0141584873199463,11016.0,8675.40234375,4928.0,3954.452392578125
test,942,3layer,3layer/archive_2/703a84aa-5305-4cf6-98b9-6258a05b3068.pt,47515.0,40611.984375,27601.0,29327.443359375,7.0,6.973953723907471,3.5,3.6885855197906494,11336.0,10592.115234375,4160.0,4255.75830078125
test,944,3layer,3layer/archive_2/753eded0-6f3c-48c9-a62e-b5090d610223.pt,29470.0,28428.35546875,18876.0,20265.435546875,5.0,4.476559638977051,3.0,2.6069858074188232,7944.0,7836.50439453125,2816.0,3461.96826171875
test,949,3layer,3layer/archive_2/8226cd2a-649d-471a-9671-4e7ab433f595.pt,22668.0,21667.791015625,15117.0,15981.4560546875,6.0,4.672708511352539,2.0,2.267265796661377,2872.0,3567.69580078125,1456.0,1741.829833984375
test,956,3layer,3layer/archive_2/8d32562c-c074-44ad-971a-87b462918ee4.pt,19816.0,25464.638671875,16504.0,17698.5390625,4.0,5.302326679229736,2.0,1.9864740371704102,5640.0,5276.0029296875,2560.0,2169.50146484375
test,959,3layer,3layer/archive_2/9284e126-07b2-4bd9-bd1e-b86e7535e0f2.pt,36059.0,32630.55078125,24395.0,28946.720703125,0.0,0.0,1.5,4.2609968185424805,2888.0,3169.366943359375,1120.0,1177.77197265625
test,970,3layer,3layer/archive_2/b31bf542-c0ce-4b6f-89c6-79a458c355ee.pt,22134.0,24591.060546875,16377.0,17537.451171875,4.0,3.928100109100342,2.5,2.2806029319763184,7432.0,7155.82763671875,3072.0,3255.072265625
test,971,3layer,3layer/archive_2/b3922866-ccd0-49ba-afd4-85473963e4a8.pt,17938.0,18666.26953125,15041.0,14148.7900390625,3.0,3.0291969776153564,2.5,2.3197553157806396,7624.0,5530.36474609375,3136.0,3033.73828125
test,972,3layer,3layer/archive_2/b7ba3ab1-37aa-4904-987e-010524cc327f.pt,29563.0,29541.546875,26451.0,25061.34375,0.0,0.0,5.0,3.580871820449829,10248.0,9843.505859375,4160.0,4316.02685546875
test,975,3layer,3layer/archive_2/b9ec55d5-3a3f-4beb-af23-6613b1c0ecb9.pt,21151.0,22450.390625,15819.0,16221.427734375,3.0,3.583029270172119,3.0,2.3896830081939697,9608.0,7100.2001953125,4800.0,3484.491943359375
test,981,3layer,3layer/archive_2/c448356c-b3c9-49be-88c4-23b0d0c3f564.pt,15804.0,17669.833984375,11738.0,12916.0556640625,3.0,3.0095396041870117,2.5,2.0856428146362305,5832.0,5191.080078125,4992.0,2725.518798828125
test,1004,3layer,3layer/archive_3/0b9292d5-b52f-4bcf-9d7f-8ec507a82838.pt,16178.0,19454.83203125,12690.0,14104.880859375,3.0,3.9232757091522217,2.0,1.8262457847595215,5768.0,4617.728515625,2304.0,2168.87841796875
test,1011,3layer,3layer/archive_3/15b0d127-a686-475d-868d-1b5885f20d0a.pt,20889.0,21639.787109375,17281.0,17635.892578125,0.0,0.0,2.5,2.26285982131958,7176.0,6116.1298828125,2816.0,2987.900146484375
test,1013,3layer,3layer/archive_3/1a4c6aa8-057b-4094-be6a-fa4f86bf0c04.pt,42459.0,43769.07421875,26728.0,28938.384765625,11.0,9.558382034301758,4.0,3.5157642364501953,6664.0,5866.69677734375,2496.0,2203.78271484375
test,1018,3layer,3layer/archive_3/2a171325-74e9-44cd-ad59-2d6e0df0ca79.pt,25048.0,23942.2265625,20557.0,19991.7265625,0.0,0.0,3.0,2.788276195526123,8520.0,7682.21630859375,4160.0,3652.321533203125
test,1019,3layer,3layer/archive_3/30a00082-630a-405d-83de-ee6e38ba241a.pt,25045.0,27428.3515625,20318.0,20054.0,3.0,4.250074863433838,4.5,2.7892630100250244,12296.0,8685.4697265625,5376.0,3966.129638671875
test,1023,3layer,3layer/archive_3/38dd22a9-e82d-4e9c-99cf-744bc749693b.pt,26414.0,26357.482421875,19498.0,19481.30859375,0.0,0.0,1.5,2.5788357257843018,3744.0,3052.89990234375,1344.0,1144.5614013671875
test,1024,3layer,3layer/archive_3/414d64df-e05d-43bc-bf86-e29fef941191.pt,16125.0,18616.47265625,11548.0,13715.72265625,3.0,3.769209146499634,1.5,1.8587640523910522,2632.0,4306.7734375,1536.0,1991.379638671875
test,1029,3layer,3layer/archive_3/49b2d6e6-2351-4e22-9e67-ae3eceeed11b.pt,32382.0,32956.15234375,23150.0,24419.54296875,4.0,5.150457382202148,3.0,3.2595603466033936,10440.0,9542.7880859375,4608.0,4240.99072265625
test,1051,3layer,3layer/archive_3/8dfd5db3-a4b3-4ad8-9cd1-4b308e30413c.pt,19057.0,22384.19921875,13039.0,15123.9599609375,5.0,5.620945453643799,1.5,1.7934885025024414,2952.0,2726.6357421875,1152.0,1141.3714599609375
test,1059,3layer,3layer/archive_3/a2715528-63a3-4c2e-9685-6efbe7fdd477.pt,23527.0,24993.17578125,17266.0,18129.626953125,3.0,3.863046169281006,4.0,2.611083984375,11272.0,7836.728515625,5120.0,3712.1787109375
test,1065,3layer,3layer/archive_3/afe1d671-8d40-474a-9ee1-9a778cb082db.pt,31982.0,32947.13671875,23229.0,23660.30078125,11.0,8.23382568359375,3.0,3.3040106296539307,5768.0,4809.845703125,2304.0,2037.814697265625
test,1067,3layer,3layer/archive_3/b682c296-4570-4878-873f-d5e1915cbc27.pt,30544.0,29460.740234375,22415.0,25504.5,0.0,0.0,7.5,3.6183979511260986,2968.0,2950.466552734375,1120.0,1047.18798828125
test,1086,3layer,3layer/archive_3/dd7ecf45-dbc0-449b-8f58-f01a9017870a.pt,32527.0,30266.56640625,25356.0,25510.775390625,0.0,0.0,3.0,3.39988374710083,8504.0,8000.2138671875,3120.0,3303.456787109375
test,1093,3layer,3layer/archive_3/f081b615-1a42-4b07-b1d1-9f4d57b0f095.pt,24444.0,26094.732421875,19902.0,18939.759765625,6.0,5.819614887237549,2.0,2.5805094242095947,3528.0,3906.480224609375,1792.0,1816.2371826171875
test,1097,3layer,3layer/archive_3/f8f3e631-e290-4827-b9d9-ad11b1f8d1c6.pt,22488.0,20990.41796875,16869.0,15723.8154296875,0.0,0.0,1.5,1.8737629652023315,5352.0,4595.65234375,2016.0,2215.36181640625
test,1106,3layer,3layer/archive_4/086ee6d8-31d7-4842-a9e5-9239d93a2d3a.pt,21515.0,22096.16015625,18799.0,18651.625,0.0,0.0,2.5,2.5587620735168457,7304.0,6677.66259765625,3456.0,3110.04248046875
test,1107,3layer,3layer/archive_4/0b6e0739-ef7c-4111-b86d-f6cd64150fbc.pt,16720.0,16189.3876953125,12179.0,11878.1806640625,4.0,4.573760986328125,2.0,2.0292165279388428,1992.0,2263.46826171875,768.0,1104.7950439453125
test,1136,3layer,3layer/archive_4/53000a96-26ac-405d-8a15-1e0e56150a13.pt,34211.0,36235.90234375,21361.0,23615.28125,12.0,14.053019523620605,1.5,2.5161643028259277,3320.0,3172.12548828125,1152.0,1112.4820556640625
test,1165,3layer,3layer/archive_4/8ce80c0c-b515-40b7-8fe6-cdf7c22a9c2b.pt,24482.0,25332.48046875,20558.0,20741.9453125,0.0,0.0,2.5,2.6196813583374023,7048.0,5302.96533203125,2560.0,2298.400390625
test,1173,3layer,3layer/archive_4/b350aeb2-ef15-4209-acac-66479979a96e.pt,21796.0,20373.7265625,16543.0,15789.1845703125,4.0,3.3563151359558105,2.5,2.499302625656128,6728.0,6192.7060546875,2880.0,3289.989990234375
test,1179,3layer,3layer/archive_4/cae88075-6535-4fc8-ab67-205d9e535cd4.pt,27346.0,26803.4296875,21636.0,22560.349609375,0.0,0.0,3.5,3.1333847045898438,12040.0,8659.1083984375,4992.0,3988.92138671875
test,1183,3layer,3layer/archive_4/d0087184-cf84-48db-a6d1-3e8c72f12840.pt,18645.0,17688.177734375,13297.0,13303.3427734375,0.0,0.0,1.5,1.612257719039917,4744.0,3831.670166015625,2048.0,1995.7489013671875
test,1190,3layer,3layer/archive_4/e62db8bd-0863-4b42-a0f9-4f0f0da213c8.pt,28634.0,28467.830078125,20752.0,20817.15234375,4.0,4.41099214553833,3.0,2.9076409339904785,8840.0,8641.3291015625,3520.0,3948.564697265625
test,1191,3layer,3layer/archive_4/e6cb7c40-cd11-41f6-a64b-643d8a61edc2.pt,37417.0,33965.5078125,25360.0,25049.8984375,5.0,5.41173791885376,3.5,3.297292470932007,11784.0,9586.5576171875,4608.0,4194.56982421875
test,1193,3layer,3layer/archive_4/e9035178-92d9-419e-aebb-2f24d863a874.pt,16543.0,19212.4375,12926.0,14030.001953125,4.0,3.172999620437622,1.5,2.2266244888305664,4744.0,5748.8720703125,4032.0,2943.3466796875
test,1196,3layer,3layer/archive_4/f2a1eb9a-a5c2-486a-b0b8-03bc9bbe3ae7.pt,31100.0,29871.232421875,18062.0,21377.263671875,6.0,4.854282855987549,2.5,2.7203011512756348,3720.0,7819.27978515625,2112.0,3364.138671875
test,1600,conv1d,conv1d/archive_1/03c73b3e-86d4-462f-8e86-603db87552ba.pt,18163.0,18103.208984375,35596.0,28024.9375,0.0,0.0,6.5,14.525793075561523,145699.0,129683.9609375,145694.0,118969.0859375
test,1601,conv1d,conv1d/archive_1/06f4e142-874c-464c-b830-43ff897b1009.pt,18579.0,14841.3505859375,25405.0,22131.548828125,4.0,1.8931937217712402,39.0,6.3911614418029785,215563.0,77260.53125,215561.0,77303.4296875
test,1603,conv1d,conv1d/archive_1/10a572f8-97b1-42fd-b3b5-2efb9c639d3d.pt,19119.0,19267.412109375,30481.0,29525.884765625,0.0,0.0,26.5,24.57984161376953,653170.0,273726.375,653165.0,244462.953125
test,1607,conv1d,conv1d/archive_1/2ed5ad7e-2bba-4aff-abf0-77301c2fcbbb.pt,13178.0,11960.6796875,21040.0,17433.83984375,3.0,2.378455638885498,4.0,4.983733177185059,82817.0,42082.0703125,82818.0,50518.09765625
test,1608,conv1d,conv1d/archive_1/39ca686c-2d2d-42fa-b145-c6ba2f8b4c01.pt,15029.0,13977.2861328125,24021.0,21332.517578125,0.0,0.0,6.5,9.297769546508789,64513.0,39200.31640625,64514.0,30820.625
test,1618,conv1d,conv1d/archive_1/6adb216d-3204-4aad-adbb-b9205c614931.pt,31452.0,19517.853515625,44279.0,33133.36328125,4.0,2.2117080688476562,13.5,8.70146656036377,55553.0,51176.18359375,55554.0,49155.43359375
test,1630,conv1d,conv1d/archive_1/a4d19761-4b0a-42ab-9d53-c66d8f00f10b.pt,15390.0,9060.28125,22857.0,13058.611328125,0.0,0.0,4.0,5.459287643432617,102718.0,99100.0,102716.0,81913.609375
test,1651,conv1d,conv1d/archive_2/1970606f-61b7-4b2f-a848-aadadcde58a9.pt,15850.0,19497.62890625,22701.0,29688.1875,5.0,3.6657700538635254,23.0,8.537277221679688,54604.0,50030.7265625,54602.0,49162.51171875
test,1669,conv1d,conv1d/archive_2/97c4a2dd-c9f0-40e9-ac63-628801202d07.pt,34710.0,22207.390625,40870.0,34103.328125,7.0,3.591567277908325,7.5,9.534509658813477,28987.0,76061.546875,28973.0,74785.3125
test,1676,conv1d,conv1d/archive_2/f656316b-2a7a-44b0-8a40-0d4d05aa6c00.pt,31277.0,20723.060546875,40224.0,33467.5234375,5.0,3.923119068145752,22.0,10.761287689208984,160018.0,87322.5625,160013.0,91642.5625
test,1680,conv1d,conv1d/archive_3/0d0e9227-ea1f-43e1-a2fb-4d545571d647.pt,15876.0,16736.3828125,22783.0,24166.61328125,2.0,2.3062658309936523,3.5,5.587634086608887,9025.0,15349.607421875,9026.0,16044.3466796875
test,1683,conv1d,conv1d/archive_3/1d537023-4542-4f7e-8f63-e5eb6c279129.pt,11768.0,15076.4345703125,20553.0,24731.37890625,0.0,0.0,4.0,9.961750984191895,121729.0,100844.234375,121730.0,90476.5546875
test,1707,conv1d,conv1d/archive_3/a3e0030b-e934-447d-b9f8-b2ed2cb4ba40.pt,64644.0,34961.40234375,76009.0,53323.56640625,7.0,4.371465682983398,41.5,17.673500061035156,371986.0,171209.765625,371981.0,159669.46875
test,1709,conv1d,conv1d/archive_3/aa96468f-065d-4d9e-81b4-6ef162123c27.pt,31689.0,28107.24609375,53359.0,46097.0234375,3.0,2.132582902908325,25.0,14.272443771362305,71764.0,91492.1875,71762.0,68816.1171875
test,1710,conv1d,conv1d/archive_3/afb9a8e4-c0b7-4c81-951e-beace7c6580d.pt,7928.0,11259.81640625,14764.0,13744.177734375,0.0,0.0,3.0,2.7030251026153564,19169.0,25740.7265625,19170.0,26459.18359375
test,1716,conv1d,conv1d/archive_3/dc48d02e-01b9-417e-883c-6182b1617c94.pt,17465.0,15422.5966796875,25064.0,23504.015625,0.0,0.0,17.5,13.523103713989258,442654.0,122151.328125,442652.0,94416.03125
test,1719,conv1d,conv1d/archive_3/e28af083-279c-4728-846a-678e6d7bb22f.pt,12249.0,10433.525390625,19967.0,13859.0126953125,2.0,1.0023306608200073,3.5,4.230072975158691,114433.0,33735.234375,114434.0,36067.375
test,1732,conv1d,conv1d/archive_4/18a551db-28d4-4a35-a3d2-d13dd25fc759.pt,37982.0,34367.3359375,70254.0,64519.0234375,2.0,2.2058112621307373,30.5,23.84804916381836,193522.0,205837.6875,193517.0,165190.71875
test,1736,conv1d,conv1d/archive_4/26fd427e-9c24-498f-b0ca-b698b7aa084d.pt,24004.0,21391.78515625,55208.0,39143.53125,3.0,1.5468480587005615,15.0,12.25328254699707,266113.0,67485.53125,266114.0,67801.5
test,1737,conv1d,conv1d/archive_4/2a73b7ff-fd17-49dc-a651-08351f8086b0.pt,17247.0,22680.46875,37741.0,37996.57421875,0.0,0.0,18.5,9.053800582885742,223747.0,50830.92578125,223742.0,43473.08203125
test,1747,conv1d,conv1d/archive_4/5830e323-ccaf-4db3-92eb-6526ef2b92d6.pt,13810.0,13533.259765625,22737.0,15555.4443359375,3.0,3.2495369911193848,4.5,3.881068706512451,81793.0,41942.19921875,81794.0,53809.1328125
test,1750,conv1d,conv1d/archive_4/6a259c16-db85-41f8-bf80-6109650e2888.pt,13147.0,19104.4140625,25239.0,31010.119140625,0.0,0.0,5.5,13.841973304748535,31681.0,123004.9296875,31682.0,115673.8828125
test,1757,conv1d,conv1d/archive_4/a4e94a46-08df-49ef-a586-a3a56af160f8.pt,53293.0,43289.22265625,76241.0,68530.8359375,7.0,5.459601879119873,33.0,22.894855499267578,56769.0,118775.796875,56770.0,82460.5546875
test,1762,conv1d,conv1d/archive_4/bd5948fb-b4a0-497e-aaf7-faf8d3a53559.pt,26514.0,23796.6484375,41609.0,41168.1484375,0.0,0.0,16.5,11.074508666992188,31820.0,54319.58203125,31814.0,45426.078125
test,1948,conv2d,conv2d/archive_1/16c81531-2d4a-44cd-a0f6-5818fb4eac23.pt,17139.0,16999.1796875,24051.0,21768.5390625,2.0,3.1369881629943848,11.0,9.259593963623047,982712.0,1954039.25,980912.0,2208634.25
test,1961,conv2d,conv2d/archive_1/8203796d-273a-48d8-bad6-5a88633e1b02.pt,64114.0,50920.9765625,89800.0,86114.546875,8.0,6.346527576446533,45.0,36.79325485229492,980271.0,282682.46875,980272.0,210216.8125
test,1968,conv2d,conv2d/archive_1/de099b6c-414e-45fe-9f32-db5a4f4fb51a.pt,25018.0,18980.392578125,36360.0,23079.896484375,3.0,4.6827545166015625,17.5,8.282323837280273,558033.0,1719867.75,556742.0,1785177.75
test,1969,conv2d,conv2d/archive_1/e49f8865-3ed1-438b-8d47-f4df3fa258b1.pt,12620.0,12755.1005859375,24980.0,20595.228515625,0.0,0.0,12.0,12.114657402038574,684739.0,1192129.875,682112.0,1406750.375
test,1970,conv2d,conv2d/archive_1/ed9737f7-5085-49cd-aff9-f5394b9ad940.pt,81241.0,55413.57421875,256413.0,113293.390625,0.0,0.0,82.5,30.037729263305664,473230.0,699399.75,473231.0,426439.125
test,1971,conv2d,conv2d/archive_1/fe1fcd99-035b-4da0-b4c6-8d72ed3b2525.pt,30623.0,28009.28125,63312.0,44125.15625,2.0,1.5384241342544556,12.5,10.480566024780273,1249441.0,291932.125,1249442.0,290164.03125
test,1978,conv2d,conv2d/archive_3/1a7e57ac-ac64-4844-a748-391494154a11.pt,13136.0,20547.08203125,27107.0,31412.82421875,1.0,1.7392067909240723,15.0,12.95107650756836,199302.0,1317320.625,199298.0,1570099.5
test,1982,conv2d,conv2d/archive_3/2da90877-d92f-4cc9-a745-09946576a12a.pt,27441.0,27994.56640625,56157.0,43213.48828125,2.0,2.4197661876678467,29.0,20.575332641601562,5021142.0,4657891.0,5021122.0,5440575.5
test,1998,conv2d,conv2d/archive_3/c1ce78ac-7210-45cc-9548-b632389bdf35.pt,15393.0,18902.857421875,32375.0,33906.37890625,0.0,0.0,13.5,10.015703201293945,3731455.0,1510403.5,3731456.0,1539101.25
test,2004,conv2d,conv2d/archive_4/17baa5f9-fa5f-42ac-a377-9bcaaa336950.pt,30312.0,25597.220703125,54386.0,39069.23828125,1.0,1.8332244157791138,27.5,18.205337524414062,5959501.0,2601196.5,5959502.0,2882955.0
test,2005,conv2d,conv2d/archive_4/30cb88ae-98c8-464e-a664-6e3082f34722.pt,24870.0,26269.421875,54470.0,42120.09375,2.0,1.6363191604614258,26.0,18.370361328125,949417.0,2672491.25,949412.0,3050204.0
test,2006,conv2d,conv2d/archive_4/38f47c2b-0eb1-45b2-bc5b-2838a5b7e752.pt,10442.0,19107.494140625,22578.0,36024.47265625,0.0,0.0,6.5,12.663121223449707,521551.0,2584505.5,521552.0,2847373.75
test,2017,conv2d,conv2d/archive_4/c0d17dad-4957-4bc3-89d2-0d422c6be1e4.pt,24617.0,31318.59765625,55067.0,63338.76953125,2.0,1.7817620038986206,17.5,33.754451751708984,1311313.0,4161555.75,1311314.0,4891181.0
test,2145,dense_latency,dense_latency/archive_1/141cccfe-4a6b-4af0-891c-de5382802c9d.pt,112883.0,77196.015625,22675.0,15241.9619140625,0.0,0.0,0.0,1.1920928955078125e-07,22.0,23.9825439453125,1.0,2.5505762100219727
test,2146,dense_latency,dense_latency/archive_1/14962ede-dafe-4294-b6e2-7e1f48c5e6f6.pt,109697.0,97902.015625,22385.0,21244.80859375,0.0,0.0,0.0,1.1920928955078125e-07,13.0,16.756877899169922,3.0,2.3719680309295654
test,2147,dense_latency,dense_latency/archive_1/153c06a9-71c3-493e-a71b-5e9adf9f50f8.pt,177770.0,131127.828125,37525.0,30271.09765625,0.0,0.0,0.0,1.1920928955078125e-07,27.0,28.061500549316406,3.0,4.390527725219727
test,2150,dense_latency,dense_latency/archive_1/16fff3d4-afd3-4400-abf5-b01c877da50d.pt,103870.0,271736.375,31562.0,200050.15625,6425.0,279.91241455078125,0.0,0.015239877626299858,17.0,312.5756530761719,1.0,63.954280853271484
test,2157,dense_latency,dense_latency/archive_1/4325e22a-7bf5-466c-8183-1e5d2d85e4ae.pt,100986.0,92302.3359375,21215.0,20359.138671875,0.0,0.0,0.0,1.1920928955078125e-07,18.0,20.7978515625,2.0,2.778164863586426
test,2172,dense_latency,dense_latency/archive_1/71fd7aec-e295-42eb-aadc-bccd0fd8383b.pt,267886.0,363653.625,245003.0,256865.109375,370.0,326.3846435546875,0.0,0.13437673449516296,500.0,364.2892761230469,63.0,63.13778305053711
test,2176,dense_latency,dense_latency/archive_1/777e4ee2-ce18-47a2-9f62-0061ca24e3b7.pt,213557.0,150294.640625,45661.0,91998.4375,689.0,115.10037231445312,0.0,0.04505825415253639,20.0,181.1520233154297,1.0,35.62885284423828
test,2183,dense_latency,dense_latency/archive_1/8dac354c-4a68-4c4d-b0db-d4889b5e797c.pt,217582.0,283851.09375,180265.0,202345.5625,459.0,308.7677001953125,0.0,0.04621998965740204,254.0,272.11834716796875,32.0,52.387657165527344
test,2188,dense_latency,dense_latency/archive_1/be152b4e-03af-4473-87e2-1b4a380b94a5.pt,153510.0,133155.84375,33273.0,29972.337890625,0.0,0.0,0.0,1.1920928955078125e-07,27.0,29.539592742919922,2.0,3.7787132263183594
test,2219,dense_latency,dense_latency/archive_2/2c0510c5-5826-40a9-99e6-6a83ff6a2b93.pt,72930.0,62531.921875,66907.0,46031.7890625,143.0,86.56167602539062,0.0,0.892186164855957,386.0,317.2984619140625,86.0,52.68138885498047
test,2226,dense_latency,dense_latency/archive_2/4c56e491-5605-4a08-a69e-aa4297e5ae17.pt,186063.0,154648.1875,110859.0,87332.140625,144.0,176.08030700683594,0.0,1.1920928955078125e-07,88.0,128.99667358398438,19.0,29.930593490600586
test,2229,dense_latency,dense_latency/archive_2/5d272459-e54d-401d-81a7-4c40ae6a5ae6.pt,22371.0,22254.353515625,16349.0,14098.4111328125,29.0,28.34108543395996,0.0,0.480500727891922,146.0,76.51160430908203,37.0,23.150543212890625
test,2232,dense_latency,dense_latency/archive_2/60018a21-6d18-457e-8937-4e402e92ca11.pt,62733.0,38651.859375,44569.0,23894.7578125,43.0,52.97185516357422,0.0,0.11957551538944244,193.0,78.64966583251953,51.0,26.588369369506836
test,2243,dense_latency,dense_latency/archive_2/82d609f5-d822-4d65-b482-9c6a6e0f4b7f.pt,43594.0,63106.515625,9183.0,14280.9453125,0.0,0.0,0.0,0.016432562842965126,19.0,20.198192596435547,1.0,1.8407628536224365
test,2248,dense_latency,dense_latency/archive_2/93838855-384c-451a-889d-c28d7768640f.pt,586060.0,331959.875,524745.0,229499.03125,386.0,445.51239013671875,0.0,1.1920928955078125e-07,258.0,248.06491088867188,64.0,45.49382019042969
test,2253,dense_latency,dense_latency/archive_2/acc3fdac-8d42-4caf-9aba-9b03d8ad4ce6.pt,111297.0,101189.609375,22200.0,20775.482421875,0.0,0.0,0.0,0.24963797628879547,21.0,25.421789169311523,1.0,2.3613951206207275
test,2254,dense_latency,dense_latency/archive_2/b24ba935-f69e-4cba-b055-bb345ac6b627.pt,122279.0,117682.78125,27201.0,26076.595703125,0.0,0.0,0.0,1.1920928955078125e-07,26.0,27.978322982788086,1.0,3.4317870140075684
test,2258,dense_latency,dense_latency/archive_2/c441e13c-e695-43ab-8b0e-e9fae1382054.pt,70364.0,60340.20703125,14616.0,14037.5244140625,0.0,0.0,0.0,0.0056252749636769295,14.0,15.904969215393066,1.0,2.77670955657959
test,2273,dense_latency,dense_latency/archive_2/f6dadb65-282a-45bd-bd8c-1b4e077d5799.pt,86391.0,85516.375,18560.0,18938.169921875,0.0,0.0,0.0,0.2801021635532379,21.0,24.13446044921875,1.0,2.3594002723693848
test,2278,dense_latency,dense_latency/archive_2/fb7184e1-5b3f-4d28-a759-e64bfba6ab9f.pt,117787.0,73543.3984375,76082.0,43293.59765625,52.0,71.55349731445312,0.0,0.12367928773164749,141.0,126.45459747314453,36.0,26.686786651611328
test,2281,dense_latency,dense_latency/archive_3/0bacae1a-1069-4078-b41c-3c240faa19d9.pt,227802.0,159856.109375,154669.0,112959.4765625,75.0,96.01663970947266,0.0,0.1449502557516098,376.0,296.04876708984375,49.0,55.39487075805664
test,2289,dense_latency,dense_latency/archive_3/2fde3c76-08ff-4f41-ad59-937cb139cfc7.pt,309662.0,349083.78125,278114.0,233921.984375,573.0,267.02191162109375,0.0,0.7359001040458679,256.0,447.9151611328125,32.0,66.34658813476562
test,2291,dense_latency,dense_latency/archive_3/30a09565-a681-4419-875f-f4fcc35ed53c.pt,276878.0,345403.65625,146553.0,146453.375,518.0,448.569580078125,0.0,0.09849699586629868,128.0,157.9600830078125,19.0,23.647363662719727
test,2295,dense_latency,dense_latency/archive_3/37f43986-008b-4880-8250-0031eefdb6ce.pt,73141.0,133503.234375,20756.0,93223.0,4779.0,216.9552459716797,0.0,0.11415961384773254,10.0,207.06500244140625,1.0,50.980201721191406
test,2301,dense_latency,dense_latency/archive_3/4b863955-16a3-4e20-af4d-158f5a57b81e.pt,76133.0,74620.8828125,14215.0,16739.208984375,0.0,0.0,0.0,0.06741926819086075,18.0,17.98515510559082,1.0,1.2779014110565186
test,2322,dense_latency,dense_latency/archive_3/97e59d64-5e19-4320-b05f-b606732d96d2.pt,519250.0,348878.4375,487589.0,253349.859375,368.0,247.38888549804688,0.0,0.3119511902332306,387.0,384.4439392089844,64.0,61.83723068237305
test,2324,dense_latency,dense_latency/archive_3/9bdde29f-91ec-4b64-9214-5466930df099.pt,242184.0,264916.84375,222418.0,177881.1875,417.0,309.3258056640625,0.0,0.11989213526248932,255.0,256.76116943359375,32.0,38.678123474121094
test,2335,dense_latency,dense_latency/archive_3/be08fd22-d477-4e83-93ea-abdffe96c4bd.pt,240326.0,256329.4375,217967.0,187871.4375,274.0,244.38621520996094,0.0,0.3141654431819916,592.0,333.60736083984375,94.0,53.608436584472656
test,2338,dense_latency,dense_latency/archive_3/c58ce5f8-2396-45d7-b9df-a546fd57b27f.pt,192880.0,189198.71875,113651.0,120372.8515625,420.0,156.848388671875,0.0,0.12684771418571472,149.0,233.61610412597656,20.0,35.361106872558594
test,2343,dense_latency,dense_latency/archive_3/dffb4c84-2e37-4632-a8cd-760033084e1e.pt,287860.0,276028.0,264775.0,211142.25,256.0,233.49822998046875,0.0,0.12058120965957642,530.0,394.0093688964844,93.0,89.23682403564453
test,2348,dense_latency,dense_latency/archive_3/ed197369-8970-412b-bddc-1f630cd23fa3.pt,97265.0,84525.7109375,61982.0,40536.2578125,63.0,124.35169219970703,0.0,0.2593775987625122,136.0,121.27218627929688,35.0,20.66850471496582
test,2355,dense_latency,dense_latency/archive_4/04b281e9-3408-4487-aa3c-47d9d20aac11.pt,73949.0,222833.40625,9012.0,153927.484375,5834.0,294.1152648925781,0.0,0.021332625299692154,14.0,238.95550537109375,1.0,43.58695983886719
test,2356,dense_latency,dense_latency/archive_4/0a998bec-4ace-4de2-8334-1a54bd946445.pt,169329.0,338910.96875,50860.0,196359.375,11143.0,575.4390869140625,0.0,1.1920928955078125e-07,16.0,232.88636779785156,1.0,38.23851013183594
test,2357,dense_latency,dense_latency/archive_4/0d969b0d-b59f-4d6b-91f1-bd0769614276.pt,364226.0,423297.3125,316803.0,283364.0,630.0,336.7365417480469,0.0,0.10443564504384995,229.0,348.0146789550781,32.0,59.4022331237793
test,2359,dense_latency,dense_latency/archive_4/11b91499-1fc2-4c8c-976c-8f3702039b90.pt,208587.0,252724.625,44745.0,81489.7421875,698.0,397.1086120605469,0.0,1.1920928955078125e-07,20.0,111.80549621582031,1.0,16.937744140625
test,2362,dense_latency,dense_latency/archive_4/153109f7-21cf-4526-92c2-d966688b0219.pt,88848.0,121368.796875,84647.0,88407.6171875,278.0,165.11264038085938,0.0,0.19251225888729095,189.0,244.34620666503906,32.0,48.58496856689453
test,2376,dense_latency,dense_latency/archive_4/51c3a472-2330-4e9b-b409-1d85f05b5641.pt,274352.0,233082.453125,228556.0,139190.5,562.0,313.50152587890625,0.0,1.122739315032959,222.0,335.7220458984375,32.0,36.9969367980957
test,2386,dense_latency,dense_latency/archive_4/67063dbe-cfdc-41bb-803a-261839437630.pt,238065.0,226884.34375,216738.0,172540.90625,174.0,237.5568084716797,0.0,0.016752740368247032,450.0,274.2298583984375,94.0,58.37907791137695
test,2401,dense_latency,dense_latency/archive_4/a3238af5-b80b-474b-88e0-02f68a61affa.pt,174120.0,177612.84375,122440.0,120288.5,54.0,85.51498413085938,0.0,0.32579952478408813,370.0,261.15423583984375,50.0,42.7412223815918
test,2416,dense_latency,dense_latency/archive_4/d4fd6441-4e9c-4adf-a1a1-71018c2543d5.pt,297716.0,303281.3125,243147.0,205108.53125,553.0,293.96514892578125,0.0,0.4653158187866211,223.0,380.8421630859375,32.0,60.45206832885742
test,2420,dense_latency,dense_latency/archive_4/de113925-04dd-418f-9f74-7df76d9fd168.pt,206374.0,211504.59375,141637.0,117286.9296875,21.0,121.04419708251953,0.0,1.1920928955078125e-07,165.0,139.79000854492188,34.0,26.062387466430664
test,2429,dense_latency,dense_latency/archive_4/f85832e2-da29-4084-8559-996e703857fa.pt,177116.0,118868.8359375,118583.0,78802.71875,136.0,88.04644775390625,0.0,0.014308888465166092,241.0,199.70497131347656,50.0,47.871376037597656
test,2690,dense_resource,dense_resource/archive_1/024063f6-75d8-4f1a-8bb9-ae3c65538458.pt,103948.0,111128.78125,145619.0,134229.265625,104.0,56.889060974121094,29.0,24.352455139160156,3914.0,4528.251953125,512.0,615.8658447265625
test,2695,dense_resource,dense_resource/archive_1/17383848-f5b7-4a30-aa15-3950fdea85a0.pt,34095.0,43770.53515625,51356.0,52653.08203125,0.0,0.0,5.5,4.800850868225098,2751.0,2416.134521484375,512.0,471.11529541015625
test,2703,dense_resource,dense_resource/archive_1/38a5f100-6115-4692-a253-645686ee9f39.pt,40577.0,44387.09375,54244.0,65283.921875,0.0,0.0,9.0,7.7043375968933105,5528.0,5340.345703125,1024.0,867.2838134765625
test,2715,dense_resource,dense_resource/archive_1/60a8d365-6cf8-4bab-936d-c14405792b5b.pt,35066.0,53562.9140625,50321.0,64330.15234375,0.0,0.0,6.5,6.8363938331604,2363.0,2734.077880859375,512.0,507.51995849609375
test,2722,dense_resource,dense_resource/archive_1/85dd97fc-ca2c-4743-9090-d348dc5566ea.pt,58904.0,71559.0546875,90976.0,83791.40625,42.0,26.270004272460938,12.0,9.144889831542969,3669.0,3424.61474609375,512.0,710.8453369140625
test,2723,dense_resource,dense_resource/archive_1/899d2a0e-ebfa-4fa4-be42-7ab12ff6eb74.pt,54346.0,91589.53125,70843.0,77695.8125,40.0,74.01463317871094,12.0,7.120043754577637,2068.0,2509.8681640625,512.0,521.0211181640625
test,2734,dense_resource,dense_resource/archive_1/b1bebdb4-d6ea-47bd-b1eb-1add0957e49b.pt,86375.0,110613.84375,126173.0,127418.546875,87.0,59.643699645996094,25.5,18.196210861206055,4365.0,4150.2998046875,512.0,648.3718872070312
test,2738,dense_resource,dense_resource/archive_1/d64a96c8-6d04-455d-b566-19cc61698d68.pt,420683.0,427389.0,139213.0,134926.953125,0.0,0.0,0.0,0.15461325645446777,501.0,115.97608947753906,128.0,84.87631225585938
test,2742,dense_resource,dense_resource/archive_1/f07f2efc-9719-475a-a03f-9af73e585bf3.pt,75244.0,69776.28125,107785.0,100516.71875,12.0,10.312734603881836,15.0,12.013461112976074,8234.0,8405.794921875,1024.0,1221.48876953125
test,2746,dense_resource,dense_resource/archive_1/f8404942-926e-4a43-b971-da3cc743f93c.pt,41261.0,37941.4609375,54943.0,39694.953125,0.0,0.0,7.5,5.195337295532227,3816.0,1369.9888916015625,512.0,263.92236328125
test,2753,dense_resource,dense_resource/archive_2/18e8fab5-f8a9-4b28-a114-4d07a18cc111.pt,53006.0,43373.6484375,67004.0,52171.23046875,9.0,8.56631088256836,8.5,6.8208794593811035,6450.0,4332.40673828125,1024.0,1007.5258178710938
test,2755,dense_resource,dense_resource/archive_2/1c0c0221-5387-4390-beb1-0644a677d57d.pt,90684.0,90264.109375,120364.0,108735.1640625,42.0,25.860187530517578,24.5,14.764310836791992,7271.0,7448.634765625,1024.0,1251.8560791015625
test,2757,dense_resource,dense_resource/archive_2/21428f86-33ad-4ebc-9ab1-748f2da43d6c.pt,70125.0,90565.3828125,85317.0,105625.15625,38.0,29.697683334350586,14.5,10.456018447875977,3654.0,4664.12646484375,512.0,796.9161376953125
test,2762,dense_resource,dense_resource/archive_2/37bd87b0-722b-4e60-95a5-ae6c7c6a0a62.pt,80825.0,83323.5625,100842.0,98218.9453125,35.0,28.453205108642578,20.5,14.555886268615723,6277.0,5678.232421875,1024.0,936.129638671875
test,2772,dense_resource,dense_resource/archive_2/5d2e4e5c-5f78-4492-8f17-dbfed9427da4.pt,43953.0,63190.890625,69475.0,77817.875,32.0,14.556249618530273,10.0,4.60087776184082,3750.0,3268.732666015625,512.0,657.10791015625
test,2775,dense_resource,dense_resource/archive_2/6e883452-6f28-4f3a-9f8d-693148e4c98d.pt,34177.0,39359.375,46479.0,41268.23046875,16.0,12.48299503326416,6.5,6.28607702255249,2101.0,2333.039794921875,512.0,677.4573974609375
test,2776,dense_resource,dense_resource/archive_2/786039fd-67cd-4fe8-a285-36ea1bb82d69.pt,111270.0,106687.5546875,153280.0,134460.015625,58.0,38.0084228515625,33.0,23.8101806640625,8384.0,6622.98486328125,1024.0,980.616943359375
test,2782,dense_resource,dense_resource/archive_2/a6bf8d29-0790-4d99-97d9-5afdf002c539.pt,984490.0,698943.6875,343271.0,312576.875,7645.0,4207.97119140625,0.0,0.42964810132980347,66.0,214.58544921875,9.0,68.07097625732422
test,2783,dense_resource,dense_resource/archive_2/ab8387a8-0cf4-4735-91a0-7e27b1fed41e.pt,45045.0,57017.81640625,61660.0,74610.9921875,0.0,0.0,7.5,9.10441780090332,2846.0,3365.525390625,512.0,598.58935546875
test,2808,dense_resource,dense_resource/archive_3/2f5641cb-d4e0-45a9-bfa0-a0a97046853c.pt,66353.0,68230.8515625,97734.0,99829.8359375,20.0,9.904121398925781,13.5,9.616076469421387,6821.0,8671.1748046875,1024.0,1296.7093505859375
test,2810,dense_resource,dense_resource/archive_3/385a8c22-24c6-4606-a155-4160d1611390.pt,158256.0,196558.546875,47310.0,54094.4921875,0.0,0.0,0.0,0.1531406193971634,103.0,84.16938781738281,64.0,39.11012268066406
test,2816,dense_resource,dense_resource/archive_3/51797543-2176-45df-b553-44507e9154e5.pt,76034.0,53444.9921875,108032.0,83014.1484375,0.0,0.0,12.5,8.379521369934082,8301.0,7834.79296875,1024.0,1123.570068359375
test,2822,dense_resource,dense_resource/archive_3/61e28d4b-b78d-476f-8d9a-e9fae47fa50b.pt,53970.0,81521.609375,66340.0,92979.625,21.0,32.86882781982422,8.5,10.43359088897705,2866.0,3660.127197265625,512.0,667.3466796875
test,2840,dense_resource,dense_resource/archive_3/d41b3e62-73a5-4cda-a6a6-470b5ecfa30c.pt,71511.0,61484.6953125,75802.0,73740.2578125,12.0,14.796539306640625,9.0,8.175085067749023,6506.0,6475.7509765625,1024.0,1352.2923583984375
test,2842,dense_resource,dense_resource/archive_3/d57f6e5b-bbbb-4c8a-8668-914a8593cb6c.pt,199259.0,260060.828125,72109.0,79632.15625,0.0,0.0,0.0,0.17333877086639404,20.0,117.9412612915039,4.0,90.11901092529297
test,2849,dense_resource,dense_resource/archive_3/fe635281-5550-4f0e-bab9-b58a6c373e51.pt,109349.0,106878.3984375,151767.0,135511.5,114.0,44.629608154296875,31.5,25.277950286865234,4529.0,5072.818359375,512.0,702.4255981445312
test,2863,dense_resource,dense_resource/archive_4/567a8d26-0155-4b47-989b-f79ccf3b90d3.pt,98427.0,103072.109375,130369.0,111497.890625,32.0,27.732500076293945,22.5,10.366264343261719,3815.0,5210.94921875,512.0,829.1031494140625
test,2864,dense_resource,dense_resource/archive_4/56cc1f67-c320-4bc6-aa2c-46f204e6f844.pt,26667.0,47099.8359375,31122.0,45454.1171875,7.0,33.362548828125,4.0,1.7845107316970825,1832.0,788.1400146484375,512.0,278.96417236328125
test,2865,dense_resource,dense_resource/archive_4/580d5717-9254-47b5-a5b2-1b20f3063ab2.pt,221049.0,201756.703125,56419.0,50144.12890625,0.0,0.0,0.0,1.1920928955078125e-07,19.0,60.9574089050293,4.0,29.143394470214844
test,2867,dense_resource,dense_resource/archive_4/6432e28b-6416-4a6d-8588-5c6cd9a0b3b1.pt,40865.0,44323.765625,60576.0,57160.953125,4.0,6.726695537567139,8.0,6.326037883758545,4313.0,4902.21923828125,1024.0,962.544189453125
test,2876,dense_resource,dense_resource/archive_4/8847bc5b-b8ef-48a5-a413-2c32dbd9d557.pt,40989.0,48645.609375,61990.0,58007.87890625,0.0,0.0,8.0,4.82102108001709,3771.0,2637.7392578125,512.0,468.49945068359375
test,2878,dense_resource,dense_resource/archive_4/8ed3a393-67d9-418c-9d77-d791921c2de2.pt,180570.0,272169.5,60744.0,72049.5,0.0,0.0,0.0,1.1920928955078125e-07,183.0,48.17853546142578,128.0,32.505653381347656
test,2881,dense_resource,dense_resource/archive_4/946a2ebc-84bd-444f-9fee-b1b8f8cd5205.pt,249177.0,224429.953125,98249.0,101652.4296875,3239.0,544.9417114257812,0.0,0.7250136137008667,35.0,163.6928253173828,7.0,29.20009994506836
test,2892,dense_resource,dense_resource/archive_4/e8a8bf8c-1088-4653-98e9-edff69288279.pt,41095.0,44931.015625,55343.0,62264.7265625,0.0,0.0,7.5,7.1544508934021,3815.0,4359.8095703125,1024.0,834.0486450195312
test,3109,rule4ml,rule4ml/archive_1/0ed991e0a4e25ed19987f0cc9210b426.pt,21778.0,41405.77734375,24051.0,6201.97509765625,0.0,0.0,19.0,21.950294494628906,1462.0,737.1654052734375,64.0,7.0251288414001465
test,3122,rule4ml,rule4ml/archive_1/2b8cd655c4b32c156ea3a3f4d0ebf158.pt,1339.0,3867.857421875,429.0,1510.484375,0.0,0.0,8.0,2.0445663928985596,82.0,112.91403198242188,2.0,8.695342063903809
test,3123,rule4ml,rule4ml/archive_1/2ed023f9ef036f1cf6698c523844b9e5.pt,41321.0,54203.3046875,1665.0,12699.0576171875,16.0,22.32181167602539,66.5,76.8199462890625,156.0,297.7714538574219,2.0,2.8764874935150146
test,3125,rule4ml,rule4ml/archive_1/3219ffd8661622e8c83c7ceec7993204.pt,19634.0,18214.55078125,2173.0,4750.9052734375,0.0,0.0,0.0,3.048673629760742,1246.0,945.067138671875,1.0,2.222519874572754
test,3126,rule4ml,rule4ml/archive_1/36781015570b9033a4256c6751954dfa.pt,13186.0,41782.859375,1261.0,5321.10498046875,36.0,33.686561584472656,18.0,15.462027549743652,568.0,425.3394470214844,2.0,5.114090442657471
test,3132,rule4ml,rule4ml/archive_1/466d99f5bafd16bc2656bb493e26d3a3.pt,63269.0,33360.1953125,20395.0,20587.90234375,128.0,154.90744018554688,13.0,19.4516544342041,309.0,402.3470458984375,5.0,37.88195037841797
test,3145,rule4ml,rule4ml/archive_1/72287c9cac676de50d6937c1591c013c.pt,90974.0,77962.7265625,43278.0,66923.890625,220.0,280.2757873535156,6.0,32.56006622314453,1175.0,1557.348388671875,393.0,660.8389892578125
test,3159,rule4ml,rule4ml/archive_1/9f4aa5283477144a0d0cf869e8d72889.pt,357796.0,157155.328125,106967.0,128875.4140625,220.0,1207.572998046875,20.0,19.939231872558594,1278.0,914.6567993164062,322.0,144.56861877441406
test,3160,rule4ml,rule4ml/archive_1/9f747c2c9350eb5ee9df92af5c71cab0.pt,8847.0,21370.12890625,6104.0,6532.06640625,173.0,248.9119415283203,43.5,17.588529586791992,1087.0,642.9176025390625,2.0,7.486586570739746
test,3180,rule4ml,rule4ml/archive_1/d5a14627ffa5ac99e92e5015fd44796d.pt,134204.0,110694.6796875,14212.0,18112.69140625,90.0,106.31561279296875,29.5,33.191707611083984,1111.0,698.7329711914062,6.0,2.9185426235198975
test,3189,rule4ml,rule4ml/archive_1/dd45999e8410dbd0e67c40f31cd5955a.pt,100450.0,159680.578125,80302.0,103602.1171875,2096.0,320.4835510253906,44.5,103.63861846923828,657.0,534.42919921875,4.0,7.794932842254639
test,3194,rule4ml,rule4ml/archive_1/e76bf57773bcf57b1f19da562e9ff10b.pt,9451.0,9023.681640625,7408.0,7372.64404296875,32.0,234.31344604492188,26.0,17.446744918823242,283.0,620.1708984375,8.0,17.17219352722168
test,3196,rule4ml,rule4ml/archive_1/ecf7f5a60f0ef8948e0f8b3c91eab2f1.pt,28241.0,30154.228515625,26303.0,21501.0703125,292.0,577.4623413085938,72.5,31.789474487304688,1596.0,895.031494140625,128.0,35.46063232421875
test,3197,rule4ml,rule4ml/archive_1/ed8331280ac6ef5ef8886e15cb23dbff.pt,9909.0,15370.8486328125,10886.0,10895.916015625,256.0,731.1304931640625,13.0,8.601423263549805,1735.0,1078.196533203125,128.0,100.26777648925781
test,3199,rule4ml,rule4ml/archive_1/eea79f2ee33e9eba8e086cce0a1f286d.pt,18418.0,6919.2685546875,17414.0,2705.462158203125,0.0,0.0,54.5,8.912596702575684,800.0,823.6328125,8.0,7.460238933563232
test,3205,rule4ml,rule4ml/archive_2/040d56cdc4fbbcd7e59884b75505e1fc.pt,1239.0,4634.8642578125,24.0,1632.462158203125,0.0,0.0,8.0,4.732879638671875,138.0,364.00323486328125,1.0,19.706239700317383
test,3206,rule4ml,rule4ml/archive_2/09b08d4078369169809eed465eb3200c.pt,51844.0,67389.5703125,33858.0,7907.60791015625,0.0,11.241601943969727,124.5,56.619232177734375,1073.0,1070.497314453125,1.0,3.8854563236236572
test,3217,rule4ml,rule4ml/archive_2/280f5b70344e92009ae9811b3736dc68.pt,25096.0,32328.044921875,10888.0,20565.962890625,0.0,86.84375,0.0,0.40964147448539734,92.0,100.5680923461914,8.0,33.419254302978516
test,3228,rule4ml,rule4ml/archive_2/4fa4f84dcdbc74a4dcea9c798e981f13.pt,44740.0,63623.98046875,23137.0,30960.9765625,41.0,479.3324890136719,0.0,2.9255220890045166,712.0,483.0028381347656,44.0,2.4136569499969482
test,3236,rule4ml,rule4ml/archive_2/70099d4a3ee6ba6d3c7ed191ef4e5070.pt,8279.0,4131.76953125,7183.0,3221.068603515625,63.0,41.15940856933594,4.0,10.00026798248291,120.0,397.67547607421875,32.0,3.1895360946655273
test,3239,rule4ml,rule4ml/archive_2/777dabde721419f1eee884b2e6da3d01.pt,55929.0,38669.8515625,38806.0,31009.67578125,220.0,434.7704162597656,84.0,42.83941650390625,1040.0,700.5199584960938,125.0,34.647056579589844
test,3240,rule4ml,rule4ml/archive_2/779ddffa7b579aa1f0c7ecba6016a160.pt,1100.0,1271.0457763671875,10.0,377.55517578125,4.0,19.588096618652344,0.0,2.5544111728668213,602.0,426.30029296875,1.0,3.3667125701904297
test,3251,rule4ml,rule4ml/archive_2/90af6814f2d9e83b1dfadf3f34e10b66.pt,33707.0,307282.09375,1142.0,108545.140625,0.0,834.3190307617188,32.0,0.2973407804965973,154.0,144.52517700195312,1.0,6.891704082489014
test,3263,rule4ml,rule4ml/archive_2/a9c2f691ad83bc53dd4d8fbabf4dbf59.pt,112594.0,121840.6875,4971.0,23032.94921875,48.0,34.48109436035156,137.0,112.03083801269531,687.0,485.106201171875,2.0,5.2126922607421875
test,3270,rule4ml,rule4ml/archive_2/bd5548e90a3ec8de981c3cb0530b5ae2.pt,49710.0,67751.9921875,6365.0,11379.67578125,64.0,84.31954193115234,23.0,21.0004940032959,1105.0,894.6034545898438,9.0,13.766190528869629
test,3278,rule4ml,rule4ml/archive_2/cf911e52ca87a152ab213ee3d7dbf414.pt,29649.0,49628.78515625,20231.0,8716.4580078125,0.0,20.475811004638672,10.0,30.423126220703125,840.0,572.4776000976562,16.0,7.62855863571167
test,3290,rule4ml,rule4ml/archive_2/e296617420c88f3d2005154d29a1581f.pt,121120.0,176391.046875,112352.0,94085.8828125,220.0,387.1287536621094,76.5,67.4653549194336,959.0,925.4745483398438,156.0,89.99209594726562
test,3311,rule4ml,rule4ml/archive_3/1d3ae7f2b1959ad4ceb82066b34e4843.pt,7043.0,18363.52734375,4873.0,7201.55908203125,32.0,107.02745819091797,123.5,71.32624816894531,120.0,410.025146484375,1.0,4.562840461730957
test,3312,rule4ml,rule4ml/archive_3/1edc30fd6622623a89f5fda4dd11ebfe.pt,42776.0,204848.34375,45742.0,113757.203125,181.0,190.896484375,83.0,30.01141929626465,412.0,526.1771240234375,40.0,38.90843963623047
test,3321,rule4ml,rule4ml/archive_3/2d3bf7dd79e86541e033b67df6595805.pt,94256.0,27078.9453125,38429.0,11132.009765625,149.0,199.20449829101562,28.5,7.697638988494873,671.0,487.64117431640625,28.0,2.1816036701202393
test,3332,rule4ml,rule4ml/archive_3/42ab144f01d57a39720e483cccd70f8d.pt,178655.0,308569.5,173033.0,222919.90625,5888.0,490.8780212402344,236.0,305.83050537109375,223.0,610.399169921875,2.0,26.826513290405273
test,3344,rule4ml,rule4ml/archive_3/58e6e657e9b7e1346033523402c72911.pt,303018.0,118427.3125,181273.0,82779.5859375,220.0,433.61187744140625,197.0,106.02401733398438,685.0,614.5838623046875,8.0,4.805441856384277
test,3349,rule4ml,rule4ml/archive_3/6525c522aac153d069b607fb979a4c05.pt,37764.0,55063.40625,17075.0,18246.787109375,154.0,119.20640563964844,41.5,25.807584762573242,439.0,464.4674072265625,6.0,10.27422046661377
test,3376,rule4ml,rule4ml/archive_3/b25d65de11147148214c45b4adfbffca.pt,2125.0,16932.3046875,55.0,7372.6650390625,8.0,193.08648681640625,46.0,20.414505004882812,867.0,1033.784423828125,1.0,26.082286834716797
test,3379,rule4ml,rule4ml/archive_3/c0c9a93cbe3ceaad1612986eda38288b.pt,6740.0,7743.50341796875,67.0,2332.665771484375,0.0,17.34490394592285,4.0,1.330549955368042,72.0,47.58699035644531,1.0,7.31771993637085
test,3380,rule4ml,rule4ml/archive_3/c3b6b3ceb8f5084c79c0dfecdf95e041.pt,609385.0,313537.625,170932.0,166376.1875,220.0,325.4401550292969,142.0,126.65056610107422,116.0,601.8721923828125,6.0,23.368654251098633
test,3388,rule4ml,rule4ml/archive_3/d0a0795f687d44bf562f687304ee9bb1.pt,2116.0,18990.55078125,3.0,5382.736328125,0.0,0.0,80.5,3.2058722972869873,217.0,231.94309997558594,1.0,6.16031551361084
test,3394,rule4ml,rule4ml/archive_3/e3e96daf1f06a53589fa0df43cec0034.pt,33832.0,63252.328125,12616.0,30245.84765625,220.0,498.3648376464844,13.0,13.632899284362793,229.0,1009.13818359375,3.0,92.77812957763672
test,3396,rule4ml,rule4ml/archive_3/ee14146f314d7dc7058f6318e3dd7b3a.pt,38147.0,47481.296875,2522.0,10140.2177734375,32.0,43.4630126953125,5.5,22.20691680908203,57.0,617.453369140625,2.0,5.071805953979492
test,3397,rule4ml,rule4ml/archive_3/f163c6412ca9e14b905b6aade7c33ceb.pt,76275.0,61802.98046875,47637.0,14210.0517578125,0.0,0.0,25.0,8.965479850769043,907.0,796.864013671875,16.0,17.478927612304688
test,3409,rule4ml,rule4ml/archive_4/0a928a232e0c7455fd8115576b1ff71f.pt,86939.0,98602.5234375,88195.0,63282.98046875,220.0,436.1488037109375,17.5,43.04042053222656,1089.0,1076.215576171875,156.0,212.68020629882812
test,3410,rule4ml,rule4ml/archive_4/0c8fe5455f887526a92964feef5e6035.pt,24631.0,40392.58203125,127.0,3012.19287109375,0.0,0.0,78.0,32.631996154785156,528.0,454.5455627441406,1.0,3.5509305000305176
test,3420,rule4ml,rule4ml/archive_4/2d3c0b81cc618c0a89cb7a55d96c0ba2.pt,49561.0,8275.2470703125,19292.0,3722.064697265625,90.0,25.726421356201172,5.5,5.825723648071289,267.0,237.42694091796875,28.0,18.77783203125
test,3433,rule4ml,rule4ml/archive_4/4ec861dcf23df55a2f7c7e79c4773fa9.pt,3170.0,7950.14697265625,409.0,3469.8505859375,98.0,150.877197265625,31.5,22.31140899658203,104.0,431.47076416015625,1.0,8.400996208190918
test,3434,rule4ml,rule4ml/archive_4/549a539a2b801c875a1b52bfbc61667f.pt,57595.0,184691.53125,50079.0,107012.921875,220.0,295.9227294921875,57.0,52.123863220214844,824.0,718.8387451171875,32.0,19.18231201171875
test,3445,rule4ml,rule4ml/archive_4/69665507dcb361898217e89a5528c662.pt,36552.0,14223.1083984375,17630.0,7520.59375,256.0,34.19793701171875,28.0,3.777519941329956,112.0,174.21932983398438,7.0,13.10385799407959
test,3447,rule4ml,rule4ml/archive_4/704aa9e24c7cd1c104e3fe1bd971bb31.pt,53176.0,110623.34375,53538.0,16217.2509765625,220.0,268.12994384765625,19.5,15.928951263427734,868.0,766.6405029296875,131.0,21.9935359954834
test,3454,rule4ml,rule4ml/archive_4/9008b2aa570b34cdab27419a5e85a359.pt,29680.0,131073.3125,48758.0,58775.5234375,256.0,468.85888671875,17.5,23.600326538085938,1472.0,1112.04296875,156.0,101.50938415527344
test,3466,rule4ml,rule4ml/archive_4/ae4da2ac435e552272b954dd29f211e4.pt,214833.0,242373.6875,136561.0,147547.0,528.0,514.4085083007812,120.0,74.90242767333984,1795.0,1651.3189697265625,156.0,221.950439453125
test,3470,rule4ml,rule4ml/archive_4/b2b008a9c8861976b3750110cd50a594.pt,17873.0,21781.705078125,14888.0,15290.4609375,12.0,108.6999740600586,130.5,25.894372940063477,456.0,788.2822265625,4.0,19.73159408569336
test,3474,rule4ml,rule4ml/archive_4/be03d0b434a436aa7aba918057418f50.pt,65515.0,47298.34375,2200.0,10698.7333984375,2639.0,278.33770751953125,20.0,27.851015090942383,1061.0,576.3182373046875,2.0,5.131005764007568
test,3476,rule4ml,rule4ml/archive_4/c10e1255882a9a2d67ceb1dc447a54fb.pt,2341.0,3676.107666015625,2331.0,2166.462890625,0.0,0.0,2.5,2.53525710105896,393.0,250.85964965820312,64.0,14.029498100280762
test,3481,rule4ml,rule4ml/archive_4/da97998944a51cc8d03dd3db6405e6c8.pt,112.0,13779.3798828125,49.0,5135.9423828125,0.0,128.7440185546875,4.5,1.318379521369934,1035.0,1453.184814453125,2.0,67.10523223876953
test,3482,rule4ml,rule4ml/archive_4/db5d645b590bdff4dedbf71eee68706a.pt,643280.0,206660.84375,102182.0,112427.9140625,2520.0,619.099609375,46.0,99.25797271728516,633.0,488.5421142578125,2.0,12.71975326538086
test,3484,rule4ml,rule4ml/archive_4/de75123bb8bf43bfd70ca187aafbb6d6.pt,57882.0,153547.171875,35558.0,71208.9296875,260.0,110.01732635498047,115.5,94.95881652832031,751.0,919.3199462890625,131.0,96.75106811523438
test,3485,rule4ml,rule4ml/archive_4/e254c796096e6846cc76ec457da6dfa9.pt,35295.0,58285.03515625,18189.0,6881.732421875,4.0,9.981557846069336,77.5,58.43275833129883,533.0,487.8551330566406,4.0,1.2434511184692383
test,3491,rule4ml,rule4ml/archive_4/e903f30418f06f8b706b12a8ec5de0d8.pt,28519.0,31931.205078125,13410.0,14263.400390625,112.0,77.50677490234375,36.5,6.722316265106201,166.0,276.6426086425781,7.0,22.8762149810791
test,3498,rule4ml,rule4ml/archive_4/efa2dbd75f7baecfda9bef1853ec7e5e.pt,16873.0,136474.09375,12276.0,76987.0625,0.0,253.03590393066406,26.5,0.2642380893230438,293.0,163.7646942138672,32.0,43.476383209228516
test,3503,rule4ml,rule4ml/archive_4/fa71f4355a569050ee55b205dc657847.pt,20232.0,101025.296875,9273.0,45785.37890625,0.0,17.58919906616211,118.5,30.347055435180664,859.0,973.138671875,4.0,53.86701583862305
exemplar,0,exemplar,exemplar/archive_1/0273888c-6100-46de-ba53-476666388e81.pt,21988.0,36125.69140625,24276.0,41677.63671875,0.0,7.951393127441406,5.0,3.060047149658203,6583.0,3067.2861328125,1296.0,877.799560546875
exemplar,1,exemplar,exemplar/archive_1/08ceef03-f529-483b-9de4-b4b67e848d56.pt,6595.0,8016.8046875,8049.0,6532.93896484375,6.0,7.32564640045166,1.0,2.3485636711120605,525.0,447.659423828125,192.0,219.05699157714844
exemplar,2,exemplar,exemplar/archive_1/0971e6d6-d73b-4833-aefc-bbae6dc5b505.pt,158971.0,227458.671875,82018.0,156861.703125,66.0,245.99024963378906,0.0,1.1920928955078125e-07,619.0,211.14373779296875,92.0,48.39423370361328
exemplar,3,exemplar,exemplar/archive_1/0b264399-9786-4e1d-95f5-b15ae9eef489.pt,7929.0,13643.3134765625,8102.0,10368.8349609375,3.0,12.053556442260742,4.0,5.738142967224121,502.0,352.087158203125,128.0,80.20597839355469
exemplar,4,exemplar,exemplar/archive_1/0ca740a3-feef-4ee0-91b6-46f493ae36b2.pt,3349.0,8598.8798828125,3918.0,8712.3271484375,2.0,3.607928991317749,1.0,2.8767805099487305,521.0,987.9564819335938,192.0,493.4530029296875
exemplar,5,exemplar,exemplar/archive_1/0e85b020-3749-4e4d-ac93-a44f053ea57b.pt,2913.0,4038.0712890625,2764.0,3550.20458984375,3.0,0.0,2.0,1.97382390499115,2631.0,970.3259887695312,1024.0,310.9173583984375
exemplar,6,exemplar,exemplar/archive_1/1096f607-c024-4e57-a794-4bf4d2886e54.pt,6411.0,6942.8232421875,1850.0,3510.107421875,421.0,25.52126121520996,1.0,1.7497966289520264,25.0,122.68907165527344,1.0,21.204195022583008
exemplar,7,exemplar,exemplar/archive_1/12d641dd-5146-4c9f-911d-cf810823fff7.pt,3133.0,4070.82568359375,2898.0,3585.0234375,5.0,0.0,2.0,1.9810479879379272,2764.0,976.927978515625,1024.0,313.10858154296875
exemplar,8,exemplar,exemplar/archive_1/14689274-3866-4b30-b586-c404fc0eb7e3.pt,428.0,3851.66455078125,338.0,2697.328369140625,0.0,0.0,0.0,1.0929521322250366,16.0,226.49978637695312,1.0,41.031105041503906
exemplar,9,exemplar,exemplar/archive_1/182f2870-c640-40ba-987d-d85d5a889c32.pt,1011.0,1746.28662109375,223.0,454.48406982421875,3.0,0.0,0.0,1.9679410457611084,28.0,136.76266479492188,1.0,5.8354902267456055
exemplar,10,exemplar,exemplar/archive_1/1c3965f8-aac2-4e66-ae41-f24c4f7586e5.pt,37957.0,19720.8515625,9537.0,12930.63671875,2147.0,39.27824401855469,2.0,2.5446596145629883,40.0,204.79891967773438,1.0,30.264057159423828
exemplar,11,exemplar,exemplar/archive_1/1d3a9271-bb21-46f7-a928-48272ce7193f.pt,21678.0,37553.63671875,36597.0,45192.90625,128.0,10.078697204589844,6.0,9.728795051574707,2905.0,3034.615234375,1024.0,1000.4903564453125
exemplar,12,exemplar,exemplar/archive_1/206dfc0c-9319-43c0-b4e3-b5bf034ef1bd.pt,5101.0,5565.51318359375,1837.0,1775.051025390625,2.0,12.506797790527344,1.0,2.8050966262817383,53.0,102.50578308105469,12.0,20.128904342651367
exemplar,13,exemplar,exemplar/archive_1/247d9155-f7f3-4ed7-92d8-cb8bf564eaeb.pt,640.0,2994.12060546875,7.0,1373.1717529296875,3.0,0.0,0.0,1.588033676147461,23.0,652.052490234375,1.0,144.7095184326172
exemplar,14,exemplar,exemplar/archive_1/250eb325-6f3c-4c11-9d82-2353ec7b3655.pt,3337.0,2606.94482421875,4167.0,2350.97802734375,5.0,0.0,2.0,1.9024848937988281,2876.0,1108.7784423828125,1024.0,241.5030975341797
exemplar,15,exemplar,exemplar/archive_1/275c93ce-d31a-4833-97ca-00657c0684ec.pt,10504.0,8008.7802734375,6645.0,3756.034423828125,0.0,0.0,0.0,2.430415153503418,94.0,215.30633544921875,1.0,16.06153106689453
exemplar,16,exemplar,exemplar/archive_1/2b1ebd37-082b-44ce-80f1-5789f44e794d.pt,38685.0,19720.8515625,9433.0,12930.63671875,2126.0,39.278236389160156,2.0,2.5446600914001465,40.0,204.79901123046875,1.0,30.264095306396484
exemplar,17,exemplar,exemplar/archive_1/2db30ca7-c3d9-421a-bd5f-13c2711d4758.pt,25110.0,14755.720703125,5955.0,9299.673828125,5.0,18.063392639160156,2.0,6.2880072593688965,42.0,224.172607421875,2.0,40.812068939208984
exemplar,18,exemplar,exemplar/archive_1/30e2c5f7-5a29-4903-8934-750ea19679e8.pt,3367.0,4086.30615234375,850.0,2442.488037109375,0.0,6.254599571228027,0.0,1.3482866287231445,25.0,85.47967529296875,5.0,26.905101776123047
exemplar,19,exemplar,exemplar/archive_1/317b26f4-5f81-4d40-a851-b24c3c44654c.pt,1023.0,1129.2027587890625,16.0,261.0354919433594,5.0,0.0,0.0,1.5320625305175781,523.0,395.593994140625,1.0,3.604621648788452
exemplar,20,exemplar,exemplar/archive_1/34c6a605-582c-4ac3-a672-21a86b84164d.pt,6439.0,6761.41064453125,5621.0,6514.44580078125,2.0,4.040945053100586,0.0,1.1453027725219727,301.0,438.3608093261719,286.0,200.33876037597656
exemplar,21,exemplar,exemplar/archive_1/36213331-74e8-44ed-8da9-e209c6703607.pt,7448.0,13868.533203125,8953.0,16544.509765625,3.0,4.1337056159973145,3.0,4.7227582931518555,2630.0,1690.775146484375,1024.0,681.0836181640625
exemplar,22,exemplar,exemplar/archive_1/36b4d64d-8c42-4320-adc4-a82339843784.pt,1367.0,3720.208251953125,1337.0,3195.939453125,2.0,0.0,0.0,1.7454259395599365,520.0,818.3199462890625,192.0,265.862060546875
exemplar,23,exemplar,exemplar/archive_1/371d50bf-1f3d-4d55-9d2d-9421bc2a01e2.pt,46584.0,18278.765625,21444.0,14081.841796875,2108.0,40.07453155517578,2.0,4.758601188659668,43.0,251.63522338867188,2.0,47.37434768676758
exemplar,24,exemplar,exemplar/archive_1/37a7c317-89f4-4554-91c5-68afcaf539c1.pt,2829.0,5179.92626953125,1085.0,5257.38037109375,0.0,2.6676228046417236,0.0,1.4897397756576538,41.0,805.6513671875,26.0,317.98858642578125
exemplar,25,exemplar,exemplar/archive_1/38f204fc-3e79-4077-93a0-3892a3ab85d2.pt,59846.0,19592.09765625,7409.0,10031.7373046875,2278.0,153.57839965820312,2.0,12.352977752685547,533.0,537.89599609375,2.0,7.201543807983398
exemplar,26,exemplar,exemplar/archive_1/3a3f2dca-5b03-44d4-9918-2282eb4440fb.pt,7192.0,7014.5380859375,4704.0,6398.2744140625,287.0,16.78586196899414,0.0,1.5864636898040771,20.0,238.54782104492188,2.0,95.9028549194336
exemplar,27,exemplar,exemplar/archive_1/4107d0be-42b6-4158-9f36-c8a56530d5de.pt,26215.0,14446.1552734375,5721.0,9082.578125,3.0,17.555152893066406,1.0,6.278378486633301,37.0,216.94235229492188,2.0,38.97426986694336
exemplar,28,exemplar,exemplar/archive_1/45c61271-60eb-4ff5-ba6f-246ba575185f.pt,2227.0,6061.4619140625,145.0,1570.63525390625,0.0,0.0,0.0,1.9210600852966309,78.0,170.02053833007812,1.0,11.102441787719727
exemplar,29,exemplar,exemplar/archive_1/46c56634-0933-47cc-9e72-89614aaa7251.pt,3323.0,7404.2783203125,3676.0,4422.45458984375,2.0,10.907225608825684,2.0,4.012951850891113,329.0,150.0902862548828,96.0,35.19453811645508
exemplar,30,exemplar,exemplar/archive_1/4705b427-e733-41ed-bda3-6cc20c46fb96.pt,9817.0,7554.56298828125,5833.0,5335.79345703125,422.0,25.35370445251465,1.0,3.219215154647827,29.0,166.6656951904297,2.0,37.16568374633789
exemplar,31,exemplar,exemplar/archive_1/4d39c459-d8e1-4de1-a8de-a7b376d0e510.pt,45414.0,144898.09375,17157.0,85538.96875,1970.0,215.67601013183594,7.0,6.838475704193115,283.0,549.8893432617188,5.0,35.73176574707031
exemplar,32,exemplar,exemplar/archive_1/4d551fc6-7a68-4f90-a6b9-4c483baed59e.pt,5013.0,3527.522216796875,4684.0,2026.995849609375,128.0,153.21337890625,0.0,3.354426145553589,409.0,266.13873291015625,64.0,3.4289309978485107
exemplar,33,exemplar,exemplar/archive_1/4d7af3a5-68b9-46b1-9875-78271f4a712b.pt,7489.0,6368.96875,7842.0,5921.4091796875,128.0,0.0,2.0,3.057673215866089,3006.0,1287.9637451171875,1024.0,253.92584228515625
exemplar,34,exemplar,exemplar/archive_1/4fe50b78-f06b-4441-a458-1445bd2d983a.pt,7423.0,14186.6923828125,9003.0,16924.0546875,5.0,4.184428691864014,3.0,4.750154972076416,2760.0,1713.548583984375,1024.0,685.3284912109375
exemplar,35,exemplar,exemplar/archive_1/52c0f586-1dea-422b-84cb-fcc178db7048.pt,7711.0,14186.6923828125,9110.0,16924.0703125,5.0,4.184428691864014,3.0,4.750154495239258,2763.0,1713.548583984375,1024.0,685.3284912109375
exemplar,36,exemplar,exemplar/archive_1/568fa7df-b876-4e31-bcb8-7dd7426d9616.pt,3194.0,4070.82568359375,2900.0,3585.0234375,5.0,0.0,2.0,1.98104727268219,2765.0,976.9275512695312,1024.0,313.1084289550781
exemplar,37,exemplar,exemplar/archive_1/6346baef-4016-4baa-95ca-4d01f340d884.pt,3112.0,2338.0712890625,1909.0,1243.900634765625,5.0,0.0,0.0,2.8341476917266846,41.0,220.99220275878906,3.0,16.056882858276367
exemplar,38,exemplar,exemplar/archive_1/641d2098-53ea-4e20-b11b-636ecfc4de3b.pt,5034.0,5088.02001953125,1683.0,3896.476318359375,0.0,5.708126544952393,0.0,1.830467700958252,19.0,148.36050415039062,2.0,60.75251007080078
exemplar,39,exemplar,exemplar/archive_1/64239147-5c4d-4f1c-b543-1bb26a6df2a6.pt,842.0,2647.671630859375,677.0,1409.0782470703125,2.0,0.0,0.0,2.153435468673706,24.0,218.51275634765625,1.0,24.380403518676758
exemplar,40,exemplar,exemplar/archive_1/67c490e4-5293-4931-a67a-efe1c2b8a712.pt,32622.0,31196.255859375,27846.0,17493.517578125,128.0,174.20712280273438,4.0,12.042646408081055,310.0,374.986083984375,9.0,22.716495513916016
exemplar,41,exemplar,exemplar/archive_1/6f78ee34-8249-459a-900a-d8aee5f203ad.pt,44213.0,18278.765625,10168.0,14081.841796875,2107.0,40.074554443359375,2.0,4.758601188659668,36.0,251.63522338867188,1.0,47.374290466308594
exemplar,42,exemplar,exemplar/archive_1/733d4346-c1e0-45cc-841d-62a798bbe60a.pt,56989.0,135007.390625,55082.0,91595.90625,149.0,155.75881958007812,4.0,7.053832054138184,693.0,645.438720703125,98.0,56.56850814819336
exemplar,43,exemplar,exemplar/archive_1/74923cb9-abeb-4329-bb34-2e0714e33867.pt,7563.0,7658.22802734375,2302.0,4089.41796875,2.0,14.083135604858398,1.0,4.343595504760742,26.0,120.87159729003906,2.0,23.788150787353516
exemplar,44,exemplar,exemplar/archive_1/7ad022f0-031e-4928-8967-2a10e6ead5a5.pt,22907.0,12578.8515625,800.0,4406.61279296875,3.0,18.577407836914062,1.0,4.128505706787109,28.0,150.21871948242188,1.0,22.284442901611328
exemplar,45,exemplar,exemplar/archive_1/7ecb5102-3313-4c41-9586-c1ad1fd36c66.pt,109778.0,256143.71875,29872.0,161780.5625,5853.0,347.3192138671875,0.0,1.1920928955078125e-07,90.0,169.79220581054688,1.0,33.69466781616211
exemplar,46,exemplar,exemplar/archive_1/7f402bb4-51cf-485d-bc52-6ee172ca14fa.pt,5895.0,7336.49658203125,6753.0,5268.18310546875,8.0,21.721172332763672,2.0,2.9634315967559814,328.0,181.25140380859375,96.0,45.7642822265625
exemplar,47,exemplar,exemplar/archive_1/8317cf35-eefa-4791-bcf7-f4065665fd13.pt,5111.0,5088.02001953125,1702.0,3896.47265625,0.0,5.708127498626709,0.0,1.830467700958252,19.0,148.36050415039062,2.0,60.75244903564453
exemplar,48,exemplar,exemplar/archive_1/840fcf94-ccfc-43d8-b7c2-d33799fa8aa8.pt,3334.0,2606.946044921875,4118.0,2350.980224609375,5.0,0.0,2.0,1.9024848937988281,2876.0,1108.7784423828125,1024.0,241.5030975341797
exemplar,49,exemplar,exemplar/archive_1/84384e9c-dbd4-42f2-9768-d6071fed7642.pt,45548.0,18019.681640625,35581.0,15572.4111328125,9.0,9.237336158752441,2.0,2.1135354042053223,2171.0,650.452880859375,2143.0,259.7279357910156
exemplar,50,exemplar,exemplar/archive_1/85e17655-4ec7-4dde-bbe4-d48bacfaa343.pt,36.0,2894.72607421875,1.0,1049.387451171875,0.0,0.0,0.0,0.7892420887947083,13.0,122.04376220703125,1.0,14.871463775634766
exemplar,51,exemplar,exemplar/archive_1/86a7fb3e-bc83-41fa-894f-d57ab0a037c1.pt,7222.0,7534.09814453125,4720.0,6668.3955078125,282.0,21.776538848876953,0.0,1.545464038848877,20.0,219.01649475097656,2.0,79.67090606689453
exemplar,52,exemplar,exemplar/archive_1/8c5001d5-58f2-49e9-a6bb-2ae23830866f.pt,25884.0,32025.9921875,14460.0,14696.4658203125,128.0,85.2663345336914,6.0,7.700972080230713,292.0,415.5189208984375,12.0,27.269609451293945
exemplar,53,exemplar,exemplar/archive_1/8d2bea12-85c5-4b4c-802c-3390a356a35e.pt,9199.0,7766.6923828125,7911.0,4110.7412109375,0.0,0.0,3.0,2.678589344024658,821.0,285.2547912597656,144.0,28.01618766784668
exemplar,54,exemplar,exemplar/archive_1/8e75be00-7e3e-4f3d-8aa1-3e913ec040ec.pt,46262.0,144898.09375,28091.0,85538.96875,1998.0,215.6759033203125,4.0,6.838475704193115,305.0,549.8893432617188,9.0,35.73176574707031
exemplar,55,exemplar,exemplar/archive_1/90c22023-a457-4031-8dcc-74aa8742c717.pt,91.0,2894.72607421875,1.0,1049.387451171875,0.0,0.0,0.0,0.7892420887947083,13.0,122.04376220703125,1.0,14.871463775634766
exemplar,56,exemplar,exemplar/archive_1/933de88a-1fe8-4497-b8cf-66fe9146b0e0.pt,10507.0,8008.7724609375,6645.0,3756.031005859375,0.0,0.0,0.0,2.430417537689209,94.0,215.30633544921875,1.0,16.061534881591797
exemplar,57,exemplar,exemplar/archive_1/93c8fe85-cd4d-4b53-a93f-688a737d92ef.pt,2795.0,5179.92626953125,771.0,5257.375,0.0,2.6676225662231445,0.0,1.4897397756576538,33.0,805.6513671875,21.0,317.98858642578125
exemplar,58,exemplar,exemplar/archive_1/93f027a8-36c7-4159-b997-fa581ea23d40.pt,55888.0,18542.296875,34051.0,13226.34765625,27.0,30.776071548461914,2.0,2.6091060638427734,408.0,239.01901245117188,103.0,42.059104919433594
exemplar,59,exemplar,exemplar/archive_1/94394a1c-cebb-41b5-97ba-053c2cbb4444.pt,6967.0,3325.882080078125,7374.0,1986.4664306640625,128.0,143.79098510742188,0.0,3.4976532459259033,958.0,300.62847900390625,128.0,4.490841865539551
exemplar,60,exemplar,exemplar/archive_1/9748b154-4100-4641-a2d4-c9e8328e837d.pt,24744.0,30160.3828125,19067.0,10639.0234375,128.0,132.84835815429688,4.0,7.465024948120117,306.0,300.650634765625,9.0,11.0679292678833
exemplar,61,exemplar,exemplar/archive_1/990eb8b7-92c6-40ca-b679-e3cbaa3024b6.pt,16360.0,18832.228515625,28255.0,15006.6005859375,10.0,20.215293884277344,3.0,8.961864471435547,2872.0,1070.934814453125,1024.0,200.9252471923828
exemplar,62,exemplar,exemplar/archive_1/9a9a9339-a608-467c-91a9-1a3f6a783e95.pt,62820.0,93380.4921875,2597.0,69619.4765625,0.0,65.49532318115234,0.0,0.1740906834602356,82.0,160.94772338867188,1.0,45.80815124511719
exemplar,63,exemplar,exemplar/archive_1/9bce92a8-b4b7-42eb-a5e4-15f5d4f3c872.pt,11925.0,17206.01953125,15471.0,14040.416015625,26.0,31.293575286865234,6.0,4.698976516723633,584.0,292.1842956542969,160.0,63.85750198364258
exemplar,64,exemplar,exemplar/archive_1/9c3ee7e5-a98f-4ec9-9b34-0d1baaa3da26.pt,39506.0,74954.1796875,64013.0,76103.046875,133.0,38.44432067871094,7.0,12.732316970825195,2909.0,3402.07861328125,1024.0,772.3133544921875
exemplar,65,exemplar,exemplar/archive_1/9c51cef1-e8be-4066-85b1-e69bbe003acc.pt,62726.0,117056.0625,2597.0,67173.84375,0.0,138.9975128173828,0.0,1.1920928955078125e-07,82.0,100.46015167236328,1.0,24.766733169555664
exemplar,66,exemplar,exemplar/archive_1/a2d0b7bd-e241-47cf-9b48-c8d5b31a4dfb.pt,52808.0,17435.703125,30535.0,12382.107421875,24.0,30.02361297607422,1.0,2.5825417041778564,401.0,233.27447509765625,101.0,40.94597625732422
exemplar,67,exemplar,exemplar/archive_1/a7ab27fb-bd8e-4dfb-bc4f-fc37b71e548c.pt,2769.0,2326.75341796875,1763.0,1233.1748046875,3.0,0.0,0.0,2.8172502517700195,35.0,221.34689331054688,2.0,16.120759963989258
exemplar,68,exemplar,exemplar/archive_1/a7fcc3e0-563d-4404-9467-f86818191469.pt,10528.0,8008.7724609375,6645.0,3756.031005859375,0.0,0.0,0.0,2.4304158687591553,94.0,215.30633544921875,1.0,16.0615234375
exemplar,69,exemplar,exemplar/archive_1/a84153c9-baad-493e-b043-331117736a38.pt,26154.0,32025.9921875,11148.0,14696.4658203125,128.0,85.26625061035156,7.0,7.700972080230713,285.0,415.5189208984375,5.0,27.269601821899414
exemplar,70,exemplar,exemplar/archive_1/ab107bcf-9e12-42e0-9b1a-bf08d137f970.pt,61095.0,41795.2578125,5272.0,54581.25,0.0,8.689756393432617,0.0,2.0043654441833496,98.0,2115.762939453125,19.0,569.1826782226562
exemplar,71,exemplar,exemplar/archive_1/af019597-795a-45fb-af20-0492e247f185.pt,7535.0,7014.5380859375,3360.0,6398.2744140625,281.0,16.78586196899414,0.0,1.5864636898040771,15.0,238.54782104492188,1.0,95.9028549194336
exemplar,72,exemplar,exemplar/archive_1/b19f2e4b-4590-4abd-a767-7530be27f889.pt,27733.0,14755.720703125,5435.0,9299.673828125,5.0,18.063392639160156,2.0,6.288004398345947,36.0,224.172607421875,1.0,40.81205749511719
exemplar,73,exemplar,exemplar/archive_1/b43c3d48-b63e-4826-8f80-4f21daca2b4f.pt,2911.0,1669.4683837890625,2758.0,815.1377563476562,5.0,0.0,14.0,2.320887327194214,537.0,505.3007507324219,3.0,9.02145004272461
exemplar,74,exemplar,exemplar/archive_1/b656d259-da97-4fd2-982a-eae002500fb2.pt,2806.0,2322.26220703125,2566.0,1253.1728515625,3.0,0.0,1.0,2.645575523376465,502.0,243.6945037841797,128.0,20.41606903076172
exemplar,75,exemplar,exemplar/archive_1/b85933b6-f63c-4af0-aa76-bbf3f5b74598.pt,64713.0,16945.115234375,48949.0,10864.59765625,10.0,20.324007034301758,2.0,6.710573196411133,2239.0,904.3843994140625,1715.0,118.2850570678711
exemplar,76,exemplar,exemplar/archive_1/bb07fdf6-0145-43fa-b254-ae7790bd0390.pt,5228.0,5924.064453125,897.0,1629.561767578125,2.0,16.382749557495117,1.0,2.9679062366485596,24.0,81.80445861816406,1.0,13.532864570617676
exemplar,77,exemplar,exemplar/archive_1/bfc05050-5933-4357-afc0-782c3c9871d3.pt,72372.0,18256.7421875,37872.0,5553.2265625,32.0,101.402587890625,2.0,8.58523941040039,881.0,454.0477294921875,102.0,4.0046610832214355
exemplar,78,exemplar,exemplar/archive_1/c50b7d06-2743-447e-8d30-7d44ffd86fa1.pt,6127.0,5924.064453125,771.0,1629.561767578125,2.0,16.382749557495117,1.0,2.9679067134857178,24.0,81.80445861816406,1.0,13.532867431640625
exemplar,79,exemplar,exemplar/archive_1/c50bdf2e-0abe-43fc-8139-06cf5e73816b.pt,1357.0,2662.08984375,1278.0,1472.300537109375,2.0,0.0,0.0,2.134371042251587,329.0,247.78549194335938,96.0,30.99578094482422
exemplar,80,exemplar,exemplar/archive_1/c547deb4-f314-4e7d-9e7b-88bda5d6f7ff.pt,4920.0,7392.69140625,63.0,6169.93603515625,275.0,17.95911979675293,0.0,1.0050472021102905,14.0,144.95748901367188,1.0,34.59371566772461
exemplar,81,exemplar,exemplar/archive_1/c554422a-7e7f-40d8-88a4-8c54a0a92d59.pt,3337.0,2606.946044921875,4118.0,2350.97900390625,5.0,0.0,2.0,1.9024856090545654,2876.0,1108.7779541015625,1024.0,241.5029754638672
exemplar,82,exemplar,exemplar/archive_1/c76f45c1-2e16-422b-b87f-0befcb5d1cc0.pt,33986.0,18533.8828125,1592.0,12195.20703125,2019.0,37.844757080078125,1.0,2.5444321632385254,28.0,202.78456115722656,1.0,29.866090774536133
exemplar,83,exemplar,exemplar/archive_1/cc933a28-ea40-4c6e-94eb-19bb770284e0.pt,14151.0,17892.97265625,17032.0,16770.48046875,9.0,8.474464416503906,3.0,3.365793466567993,2760.0,880.168212890625,1024.0,390.34564208984375
exemplar,84,exemplar,exemplar/archive_1/d2f9b92b-36b8-4913-bf89-d73b70e688b6.pt,74.0,2937.111328125,1.0,995.8345947265625,0.0,0.0,0.0,0.7792807221412659,13.0,107.6459732055664,1.0,10.859109878540039
exemplar,85,exemplar,exemplar/archive_1/d555c2bc-0669-45e4-91b5-39d9ebf234a6.pt,76.0,2731.9853515625,5.0,1206.6282958984375,2.0,0.0,0.0,1.3557292222976685,15.0,526.8339233398438,1.0,124.8771743774414
exemplar,86,exemplar,exemplar/archive_1/d624f608-06d4-4b6b-b0a4-1fd09b11f9a5.pt,57420.0,41795.296875,8222.0,54581.25,0.0,8.68975830078125,0.0,2.0043654441833496,96.0,2115.762939453125,17.0,569.1824340820312
exemplar,87,exemplar,exemplar/archive_1/dcec6b57-a6cd-442a-b467-1dd0d8a02ccf.pt,60408.0,19592.09765625,27260.0,10031.7373046875,2300.0,153.57839965820312,2.0,12.352977752685547,540.0,537.8963012695312,3.0,7.201539993286133
exemplar,88,exemplar,exemplar/archive_1/dd09668d-3c30-4aad-9f96-919ce4bedbf0.pt,52892.0,17435.703125,32809.0,12382.107421875,24.0,30.023635864257812,1.0,2.582540273666382,397.0,233.27447509765625,99.0,40.946006774902344
exemplar,89,exemplar,exemplar/archive_1/e0877d2d-c62b-4796-be5f-96c63aefb754.pt,9596.0,7554.56298828125,4242.0,5335.79345703125,423.0,25.35369110107422,1.0,3.2192130088806152,24.0,166.665771484375,1.0,37.16572952270508
exemplar,90,exemplar,exemplar/archive_1/e3f6f73c-985e-45e2-8dfd-c8eeaf9b40da.pt,85.0,1957.0367431640625,5.0,544.8250732421875,2.0,0.0,0.0,1.5986331701278687,15.0,152.98397827148438,1.0,12.05759334564209
exemplar,91,exemplar,exemplar/archive_1/e6a82969-b2e7-4bf3-ba16-00307a537ca0.pt,6445.0,7336.48974609375,7587.0,5268.18310546875,8.0,21.72118377685547,2.0,2.9634320735931396,333.0,181.25140380859375,96.0,45.7642707824707
exemplar,92,exemplar,exemplar/archive_1/e78a5e99-9c04-4b9b-be44-a1b0d34a316b.pt,32764.0,31196.255859375,28186.0,17493.5,128.0,174.20704650878906,4.0,12.042646408081055,309.0,374.986083984375,9.0,22.71651268005371
exemplar,93,exemplar,exemplar/archive_1/e7919f10-29bd-4777-b4cc-29dbe353cd1c.pt,35600.0,19720.8515625,1624.0,12930.6484375,2091.0,39.27821731567383,2.0,2.544658660888672,32.0,204.79891967773438,1.0,30.264080047607422
exemplar,94,exemplar,exemplar/archive_1/e8403995-eed4-4ab2-bad9-4ab7a8a95220.pt,9741.0,18085.158203125,14518.0,14477.3271484375,5.0,4.371252059936523,3.0,15.498239517211914,2872.0,2072.137451171875,1024.0,492.4317626953125
exemplar,95,exemplar,exemplar/archive_1/e87f94ad-6357-4f1e-8148-702cc5865918.pt,738.0,2994.12060546875,7.0,1373.171142578125,3.0,0.0,0.0,1.5880346298217773,23.0,652.052490234375,1.0,144.7095184326172
exemplar,96,exemplar,exemplar/archive_1/e89c3f49-0a65-47bb-8ace-4c65db6d108b.pt,21260.0,36125.69140625,23944.0,41677.63671875,0.0,7.951391220092773,5.0,3.060047149658203,6581.0,3067.2861328125,1296.0,877.799560546875
exemplar,97,exemplar,exemplar/archive_1/e9e2bcad-ffaa-477a-93b0-5d0493070787.pt,15128.0,17892.955078125,18973.0,16770.48046875,9.0,8.474462509155273,4.0,3.3657922744750977,2767.0,880.168212890625,1024.0,390.34564208984375
exemplar,98,exemplar,exemplar/archive_1/f47f94f0-87d1-4681-9dcc-02c2cb74fd5a.pt,2236.0,6061.4560546875,145.0,1570.6336669921875,0.0,0.0,0.0,1.9210615158081055,78.0,170.0203857421875,1.0,11.102436065673828
exemplar,99,exemplar,exemplar/archive_1/f7965c2f-28df-4155-9306-bfef8953a6be.pt,3057.0,4038.0712890625,2828.0,3550.20458984375,3.0,0.0,2.0,1.9738235473632812,2630.0,970.326416015625,1024.0,310.91748046875
exemplar,100,exemplar,exemplar/archive_2/01525b57-2df4-49a4-8b44-6082bf153f1c.pt,8073.0,7298.22900390625,3359.0,7533.30078125,267.0,4.07414436340332,0.0,1.5143616199493408,15.0,647.7318115234375,1.0,350.1219482421875
exemplar,101,exemplar,exemplar/archive_2/01f697c6-b10b-4565-8590-f81514e880c9.pt,2904.0,1669.4683837890625,2680.0,815.1377563476562,5.0,0.0,14.0,2.320888042449951,537.0,505.3007507324219,3.0,9.021437644958496
exemplar,102,exemplar,exemplar/archive_2/0551c9ea-59f7-4e4a-87c0-37df99b26573.pt,21176.0,37553.63671875,32593.0,45192.90625,128.0,10.078697204589844,8.0,9.728792190551758,2889.0,3034.6123046875,1024.0,1000.4898681640625
exemplar,103,exemplar,exemplar/archive_2/05f0ccd2-98cf-4535-93c2-1d3e77a9b07c.pt,24862.0,70733.515625,22177.0,54817.40625,0.0,72.06092071533203,6.0,0.5614899396896362,821.0,206.66497802734375,144.0,64.66596984863281
exemplar,104,exemplar,exemplar/archive_2/0755003d-fac1-4914-9051-bc9a85e03624.pt,9525.0,7496.22998046875,7874.0,5125.0439453125,6.0,8.00912857055664,1.0,1.5900770425796509,438.0,307.2701721191406,422.0,124.25239562988281
exemplar,105,exemplar,exemplar/archive_2/085e0d62-34ae-4f6e-8eaf-6c9695beccbf.pt,717.0,2994.12353515625,83.0,1373.17236328125,3.0,0.0,0.0,1.5880348682403564,26.0,652.0527954101562,1.0,144.7095947265625
exemplar,106,exemplar,exemplar/archive_2/08899062-2fac-4cd8-8c35-4678076c0341.pt,9984.0,6764.0810546875,6970.0,3612.35986328125,8.0,22.297290802001953,1.0,1.6608752012252808,275.0,131.5782012939453,84.0,26.902912139892578
exemplar,107,exemplar,exemplar/archive_2/118ec27f-9c9b-4bde-83fa-26ff090691b8.pt,22404.0,13561.556640625,3219.0,13182.3330078125,3.0,5.212868690490723,1.0,2.91434907913208,69.0,1194.4710693359375,45.0,408.5859375
exemplar,108,exemplar,exemplar/archive_2/121c5201-0714-4c8a-b636-a8f195ba5a03.pt,10823.0,18085.158203125,14535.0,14477.3271484375,5.0,4.371250629425049,3.0,15.49824333190918,2875.0,2072.137451171875,1024.0,492.4319763183594
exemplar,109,exemplar,exemplar/archive_2/18aa6349-af5a-4ca3-83cd-47dc55381cf4.pt,42742.0,54053.1328125,44659.0,57100.80078125,6.0,15.611501693725586,2.0,4.547299385070801,6581.0,3617.70166015625,1296.0,980.8809814453125
exemplar,110,exemplar,exemplar/archive_2/1c92271f-850d-4e3c-968f-1dead1ccdaa5.pt,3301.0,8598.8798828125,3878.0,8712.3271484375,2.0,3.6079294681549072,1.0,2.876781463623047,520.0,987.9564819335938,192.0,493.4530029296875
exemplar,111,exemplar,exemplar/archive_2/1d7221e2-8d8e-4e81-b2e3-b52c9202ec83.pt,26374.0,14446.1552734375,5371.0,9082.578125,3.0,17.555152893066406,1.0,6.278379440307617,32.0,216.94235229492188,1.0,38.974281311035156
exemplar,112,exemplar,exemplar/archive_2/1fb9d731-44fe-4908-bcb5-265067f24c3e.pt,138432.0,196274.75,31416.0,122496.40625,5833.0,444.6995849609375,0.0,0.3056407868862152,95.0,222.5238800048828,2.0,51.870521545410156
exemplar,113,exemplar,exemplar/archive_2/1feebb8f-df74-4410-90ca-979c51199bfe.pt,5391.0,8016.8046875,7192.0,6532.9326171875,6.0,7.325644493103027,1.0,2.3485636711120605,520.0,447.659423828125,192.0,219.05699157714844
exemplar,114,exemplar,exemplar/archive_2/205c6f44-b54e-4065-8e6d-b654978246be.pt,383.0,3911.10009765625,281.0,2556.5634765625,0.0,0.0,0.0,1.0743250846862793,18.0,195.1383056640625,1.0,30.46129035949707
exemplar,115,exemplar,exemplar/archive_2/249c5897-9354-48ad-b5a5-0cac1690c152.pt,981.0,1931.4345703125,86.0,893.1654052734375,5.0,0.0,0.0,1.4771329164505005,528.0,872.4058837890625,1.0,115.91062927246094
exemplar,116,exemplar,exemplar/archive_2/2ab1a76c-9907-4d18-bf5d-09fe5d1a4db6.pt,5991.0,5924.064453125,640.0,1629.561767578125,2.0,16.382749557495117,1.0,2.9679062366485596,23.0,81.80445861816406,1.0,13.532864570617676
exemplar,117,exemplar,exemplar/archive_2/2fa8fb20-8946-461e-9867-f56d2b13bcff.pt,6967.0,3325.882080078125,7374.0,1986.4664306640625,128.0,143.79098510742188,0.0,3.497652292251587,958.0,300.62847900390625,128.0,4.490841865539551
exemplar,118,exemplar,exemplar/archive_2/359b58b7-0326-4a93-956a-4b2eaa583f53.pt,4627.0,6311.9755859375,1647.0,7658.0234375,0.0,2.0629327297210693,0.0,1.885373830795288,20.0,1128.158203125,2.0,555.5095825195312
exemplar,119,exemplar,exemplar/archive_2/3748ff96-bb56-46fe-8e84-6d00af316083.pt,127.0,2731.9853515625,35.0,1206.6282958984375,2.0,0.0,0.0,1.3557292222976685,17.0,526.8339233398438,1.0,124.8771743774414
exemplar,120,exemplar,exemplar/archive_2/375a3000-6499-4100-b3f4-ed7ccfa6efa9.pt,21623.0,13287.5302734375,1838.0,6441.0693359375,3.0,13.471902847290039,1.0,3.488922357559204,42.0,231.63052368164062,12.0,43.965919494628906
exemplar,121,exemplar,exemplar/archive_2/3c4f0518-cd12-4c04-a710-7ac6af24b36b.pt,20483.0,20058.896484375,28917.0,10767.3505859375,31.0,129.5842742919922,5.0,13.14688777923584,1087.0,575.8114013671875,160.0,8.868342399597168
exemplar,122,exemplar,exemplar/archive_2/3c5398da-d7cf-47aa-97b4-bd7c74fcb34c.pt,2913.0,4038.0712890625,2764.0,3550.20458984375,3.0,0.0,2.0,1.9738235473632812,2631.0,970.3259887695312,1024.0,310.9173583984375
exemplar,123,exemplar,exemplar/archive_2/4090a3d7-2624-4487-bc49-3a11e7cb7c9c.pt,24753.0,41869.94140625,21240.0,48877.5234375,128.0,11.29217529296875,4.0,5.87391471862793,315.0,2440.64892578125,52.0,789.510498046875
exemplar,124,exemplar,exemplar/archive_2/431255d8-05e7-48b2-8e7e-f16b51ca6522.pt,45063.0,54053.0859375,44698.0,57100.80078125,6.0,15.611477851867676,3.0,4.547297954559326,6581.0,3617.697998046875,1296.0,980.8800659179688
exemplar,125,exemplar,exemplar/archive_2/49637ef4-da70-4343-b00b-3e757a368528.pt,7430.0,7534.09814453125,3359.0,6668.3955078125,293.0,21.77654266357422,0.0,1.545464038848877,16.0,219.01649475097656,1.0,79.67086791992188
exemplar,126,exemplar,exemplar/archive_2/49a75271-725b-4791-bf1f-7d5927b40ac3.pt,7388.0,7298.22900390625,4159.0,7533.30078125,291.0,4.07414436340332,0.0,1.5143616199493408,20.0,647.7318115234375,2.0,350.1219482421875
exemplar,127,exemplar,exemplar/archive_2/4ae47494-a6f6-48d1-87e7-ebfcc0ae914c.pt,6113.0,6761.41064453125,5607.0,6514.4521484375,2.0,4.040945053100586,0.0,1.1453025341033936,309.0,438.360595703125,296.0,200.33876037597656
exemplar,128,exemplar,exemplar/archive_2/51118e02-295c-4b79-937d-7dbad6a2c0d2.pt,24112.0,12953.9912109375,816.0,4646.125,5.0,19.158430099487305,2.0,4.092496395111084,32.0,155.36465454101562,1.0,23.230958938598633
exemplar,129,exemplar,exemplar/archive_2/581844f6-d44a-43db-be68-0b45f3b7344d.pt,483.0,3851.668212890625,376.0,2697.329833984375,0.0,0.0,0.0,1.092952847480774,15.0,226.49989318847656,1.0,41.031105041503906
exemplar,130,exemplar,exemplar/archive_2/5983ca74-e282-412a-b2f0-489327a9ccea.pt,1723.0,2558.9609375,800.0,663.2586059570312,107.0,106.99259185791016,0.0,2.204935312271118,270.0,190.79495239257812,1.0,0.856825590133667
exemplar,131,exemplar,exemplar/archive_2/5b16206e-bc49-4eb0-8532-21e989df898d.pt,33728.0,31196.255859375,28029.0,17493.5,128.0,174.20704650878906,4.0,12.042642593383789,310.0,374.986083984375,9.0,22.716495513916016
exemplar,132,exemplar,exemplar/archive_2/5f97c105-e8db-4856-99c8-6f244035d9f6.pt,24869.0,8803.375,3028.0,1262.950439453125,5.0,5.910550594329834,2.0,16.812898635864258,552.0,384.88714599609375,11.0,2.3798413276672363
exemplar,133,exemplar,exemplar/archive_2/6452b03d-2f7b-488d-90ed-e4c45432f442.pt,24520.0,70733.515625,22669.0,54817.40625,0.0,72.06092071533203,6.0,0.5614899396896362,823.0,206.66497802734375,144.0,64.66596984863281
exemplar,134,exemplar,exemplar/archive_2/64bda8fc-695e-49c2-8e02-09ed011f9f98.pt,7253.0,7534.09814453125,4651.0,6668.3955078125,282.0,21.776531219482422,0.0,1.5454649925231934,20.0,219.01649475097656,2.0,79.67082977294922
exemplar,135,exemplar,exemplar/archive_2/653010fa-d67d-4455-a52a-5586456f6387.pt,22165.0,13287.5302734375,1876.0,6441.0693359375,3.0,13.471902847290039,1.0,3.4889235496520996,42.0,231.63052368164062,11.0,43.96590805053711
exemplar,136,exemplar,exemplar/archive_2/65f2dd57-ee52-4db0-87b2-6b1d5c5edfc4.pt,122.0,1970.507080078125,44.0,527.199462890625,2.0,0.0,0.0,1.6241463422775269,18.0,135.71339416503906,1.0,9.647584915161133
exemplar,137,exemplar,exemplar/archive_2/6feffc6b-567e-4b36-bad3-e4c57ab9cec2.pt,414.0,3851.66455078125,338.0,2697.328369140625,0.0,0.0,0.0,1.0929518938064575,18.0,226.4996795654297,1.0,41.031097412109375
exemplar,138,exemplar,exemplar/archive_2/71fc7a21-01aa-4f22-8f37-e9b5e3e23654.pt,1017.0,1743.6258544921875,24.0,465.89764404296875,5.0,0.0,0.0,1.895592451095581,27.0,147.88026428222656,1.0,7.430643558502197
exemplar,139,exemplar,exemplar/archive_2/71ff4609-1463-4d28-9ef0-cef1641b5731.pt,64296.0,16945.115234375,45559.0,10864.59765625,10.0,20.324012756347656,2.0,6.710577011108398,2215.0,904.3848876953125,1692.0,118.2850570678711
exemplar,140,exemplar,exemplar/archive_2/720c1054-ed10-46fc-86fc-9d4dc4b5fc1d.pt,6311.0,6761.41064453125,5375.0,6514.4521484375,2.0,4.040945053100586,0.0,1.1453025341033936,298.0,438.3608093261719,285.0,200.33876037597656
exemplar,141,exemplar,exemplar/archive_2/753db279-3897-4e89-a08d-a46c207dc829.pt,60890.0,93380.4921875,7075.0,69619.4765625,0.0,65.49532318115234,0.0,0.1740906834602356,93.0,160.94772338867188,2.0,45.80818557739258
exemplar,142,exemplar,exemplar/archive_2/7b0a48f6-26f7-4734-8ff2-b2389721cf8b.pt,64315.0,16945.115234375,48353.0,10864.59765625,10.0,20.324012756347656,2.0,6.710578918457031,2241.0,904.3848876953125,1717.0,118.2850570678711
exemplar,143,exemplar,exemplar/archive_2/7eb90940-c8fc-46eb-b334-63c1540139b5.pt,49.0,2937.111328125,1.0,995.8350830078125,0.0,0.0,0.0,0.7792811393737793,13.0,107.64591979980469,1.0,10.859109878540039
exemplar,144,exemplar,exemplar/archive_2/88525790-1f2d-4b08-abd1-87d93fbfa721.pt,7423.0,14186.6923828125,9003.0,16924.0703125,5.0,4.184428691864014,3.0,4.750154972076416,2760.0,1713.548583984375,1024.0,685.3284912109375
exemplar,145,exemplar,exemplar/archive_2/88562b99-cdec-44f1-a048-2808b2e91b5d.pt,3337.0,2606.946044921875,4118.0,2350.97802734375,5.0,0.0,2.0,1.9024848937988281,2877.0,1108.7784423828125,1024.0,241.5030975341797
exemplar,146,exemplar,exemplar/archive_2/8858c4d4-cdcf-46ad-8093-195db8550140.pt,26082.0,14937.388671875,2632.0,6257.44384765625,5.0,4.213644981384277,2.0,11.311174392700195,564.0,1390.141357421875,40.0,206.18931579589844
exemplar,147,exemplar,exemplar/archive_2/8fb92d64-ae75-49a3-83d4-b20cc8facacb.pt,14150.0,17892.97265625,17032.0,16770.48046875,9.0,8.474462509155273,3.0,3.3657922744750977,2760.0,880.168212890625,1024.0,390.34564208984375
exemplar,148,exemplar,exemplar/archive_2/8fc296f2-d676-4db0-8fca-4aad1c0f9562.pt,7448.0,13868.533203125,8953.0,16544.509765625,3.0,4.133707046508789,3.0,4.722757339477539,2630.0,1690.775146484375,1024.0,681.0836181640625
exemplar,149,exemplar,exemplar/archive_2/92338979-551d-417d-b540-907ba3e43cdf.pt,29043.0,20058.896484375,37083.0,10767.3505859375,31.0,129.58421325683594,5.0,13.146883964538574,1087.0,575.8114013671875,160.0,8.868337631225586
exemplar,150,exemplar,exemplar/archive_2/9313be69-b1d3-4511-8970-154a74b6e9a1.pt,2114.0,6309.12255859375,145.0,1436.1595458984375,0.0,0.0,0.0,1.753760576248169,78.0,131.6336669921875,1.0,6.247040748596191
exemplar,151,exemplar,exemplar/archive_2/9484c0eb-623f-4785-b182-7fa5cc18e87e.pt,13661.0,17892.955078125,17018.0,16770.48046875,9.0,8.474459648132324,3.0,3.3657917976379395,2760.0,880.168212890625,1024.0,390.34564208984375
exemplar,152,exemplar,exemplar/archive_2/9847d2cf-f15c-4505-8b8d-f64ac3998050.pt,24672.0,14446.1552734375,5377.0,9082.578125,3.0,17.555152893066406,1.0,6.278384685516357,32.0,216.94235229492188,1.0,38.97426986694336
exemplar,153,exemplar,exemplar/archive_2/991f13af-b7f2-4986-8d9a-67446552fda3.pt,4933.0,7124.7109375,1767.0,5357.31982421875,2.0,4.672650337219238,1.0,1.9677379131317139,80.0,621.9848022460938,65.0,247.73544311523438
exemplar,154,exemplar,exemplar/archive_2/9bf554fc-02eb-4516-9e17-0417c78bcfc4.pt,825.0,3018.70849609375,132.0,1387.28857421875,5.0,0.0,0.0,1.5953190326690674,32.0,656.6151123046875,1.0,145.57501220703125
exemplar,155,exemplar,exemplar/archive_2/9e988320-f57a-4fd9-9af6-e0dd6526b45f.pt,3337.0,2606.94482421875,4118.0,2350.97802734375,5.0,0.0,2.0,1.9024852514266968,2877.0,1108.7784423828125,1024.0,241.5030975341797
exemplar,156,exemplar,exemplar/archive_2/a191dd12-d602-4bc6-aaf3-c8cb908fd702.pt,26532.0,32025.9921875,19612.0,14696.4658203125,128.0,85.26625061035156,4.0,7.700973987579346,309.0,415.51910400390625,9.0,27.269601821899414
exemplar,157,exemplar,exemplar/archive_2/a1fe7c8f-9a29-4f21-ae4d-1839cca18741.pt,141209.0,66992.40625,87556.0,76442.0859375,12.0,16.563732147216797,0.0,2.634598731994629,3055.0,2793.42041015625,2976.0,837.1338500976562
exemplar,158,exemplar,exemplar/archive_2/aa61c13f-4b69-4075-914c-dd0ce3023d0a.pt,2010.0,4821.76611328125,1245.0,2282.91064453125,114.0,0.0,0.0,2.0409138202667236,272.0,888.4193115234375,1.0,99.39019775390625
exemplar,159,exemplar,exemplar/archive_2/aacf0ac9-db95-4fcc-8c4d-aecbc270036b.pt,11924.0,17206.01953125,15471.0,14040.40234375,26.0,31.293529510498047,6.0,4.698976993560791,584.0,292.1842956542969,160.0,63.85750198364258
exemplar,160,exemplar,exemplar/archive_2/ab159ae2-584e-4dcd-a535-87f562c45533.pt,5311.0,7392.6845703125,1379.0,6169.93603515625,285.0,17.959110260009766,0.0,1.0050469636917114,20.0,144.95748901367188,1.0,34.59370422363281
exemplar,161,exemplar,exemplar/archive_2/aec95022-1104-4ae4-a2f5-570b3651b52c.pt,6738.0,3325.882080078125,9529.0,1986.4664306640625,128.0,143.79098510742188,0.0,3.4976515769958496,962.0,300.62847900390625,128.0,4.49083948135376
exemplar,162,exemplar,exemplar/archive_2/af819660-64bf-4cba-9691-9f108cad6317.pt,5391.0,8016.8046875,7192.0,6532.93896484375,6.0,7.325644493103027,1.0,2.3485631942749023,520.0,447.659423828125,192.0,219.05699157714844
exemplar,163,exemplar,exemplar/archive_2/af92a7a9-9199-47a1-b0a9-5342e82f3648.pt,34873.0,74954.1796875,51955.0,76103.046875,133.0,38.444339752197266,9.0,12.73231029510498,2886.0,3402.075439453125,1024.0,772.31298828125
exemplar,164,exemplar,exemplar/archive_2/b09aaa61-8f84-4cf9-a06d-599c34d35835.pt,59062.0,19592.09765625,7409.0,10031.7373046875,2290.0,153.57839965820312,2.0,12.352981567382812,533.0,537.89599609375,2.0,7.201539993286133
exemplar,165,exemplar,exemplar/archive_2/b2a102d6-2db3-4141-a7c7-ed4324a7263b.pt,42567.0,178252.921875,41403.0,116345.5546875,54.0,311.2454833984375,9.0,0.43132370710372925,821.0,268.030517578125,144.0,68.64401245117188
exemplar,166,exemplar,exemplar/archive_2/b880a011-7afd-4691-9c3b-f599fcac6507.pt,21678.0,37553.63671875,36597.0,45192.90625,128.0,10.078697204589844,6.0,9.728797912597656,2905.0,3034.6123046875,1024.0,1000.4898681640625
exemplar,167,exemplar,exemplar/archive_2/b9edb958-f6ba-439a-ba1f-5dc57457d87b.pt,5341.0,5565.5078125,1413.0,1775.051025390625,2.0,12.506797790527344,1.0,2.805095672607422,46.0,102.50578308105469,12.0,20.12891387939453
exemplar,168,exemplar,exemplar/archive_2/ba32d4dc-3186-4b4c-b1d4-340affbac563.pt,3398.0,2606.947265625,4169.0,2350.97900390625,5.0,0.0,2.0,1.9024848937988281,2877.0,1108.7784423828125,1024.0,241.5030975341797
exemplar,169,exemplar,exemplar/archive_2/ba3d991d-2cd4-44eb-8a4a-4686a9a792e5.pt,9430.0,7766.6923828125,7945.0,4110.7373046875,0.0,0.0,3.0,2.6785898208618164,822.0,285.254638671875,144.0,28.01617431640625
exemplar,170,exemplar,exemplar/archive_2/bd8316b7-d3b7-49ff-9167-f583a6f7f78a.pt,12949.0,17206.01953125,15545.0,14040.416015625,26.0,31.293560028076172,6.0,4.698976993560791,584.0,292.1844177246094,160.0,63.85750198364258
exemplar,171,exemplar,exemplar/archive_2/c3443d82-ae16-48f6-a622-6ce65bee8aca.pt,955.0,1931.4345703125,43.0,893.16455078125,5.0,0.0,0.0,1.4771329164505005,527.0,872.4058837890625,1.0,115.91062927246094
exemplar,172,exemplar,exemplar/archive_2/c3a185b3-0e34-4a6a-9e0f-ff2533cfe862.pt,3142.0,8598.8798828125,3917.0,8712.3271484375,2.0,3.6079299449920654,1.0,2.876782178878784,521.0,987.9564819335938,192.0,493.4530029296875
exemplar,173,exemplar,exemplar/archive_2/c4f9c274-e5de-425d-b846-794493bdb601.pt,26314.0,14937.388671875,958.0,6257.44384765625,5.0,4.213644981384277,2.0,11.311171531677246,546.0,1390.141357421875,23.0,206.18922424316406
exemplar,174,exemplar,exemplar/archive_2/c7058331-3595-4e04-a0e6-5f31ca0ee832.pt,6665.0,13868.533203125,8866.0,16544.509765625,3.0,4.1337056159973145,3.0,4.722757339477539,2628.0,1690.775146484375,1024.0,681.0836181640625
exemplar,175,exemplar,exemplar/archive_2/c91f1953-c631-4fc6-ac39-e58cdf044715.pt,84.0,2894.72607421875,1.0,1049.387451171875,0.0,0.0,0.0,0.7892420887947083,12.0,122.04376220703125,1.0,14.871463775634766
exemplar,176,exemplar,exemplar/archive_2/cb4208e9-f4ec-4508-a127-e61713fa4427.pt,1083.0,1756.8690185546875,183.0,458.45220947265625,5.0,0.0,0.0,1.974349021911621,33.0,136.18447875976562,1.0,5.79878044128418
exemplar,177,exemplar,exemplar/archive_2/cbe41495-f713-4951-a5ab-bfc09d0b62ef.pt,24983.0,30160.3828125,20118.0,10639.033203125,128.0,132.84835815429688,4.0,7.465024948120117,307.0,300.650634765625,9.0,11.067923545837402
exemplar,178,exemplar,exemplar/archive_2/cdbce098-85d7-472c-ab93-3fd7760cf305.pt,10021.0,6764.0810546875,7133.0,3612.3564453125,8.0,22.29727554321289,1.0,1.6608760356903076,274.0,131.5782012939453,82.0,26.90290641784668
exemplar,179,exemplar,exemplar/archive_2/cdfa8f37-89f2-4dd4-a946-19c2e5ded11b.pt,2112.0,2558.962158203125,1084.0,663.2592163085938,113.0,106.99264526367188,0.0,2.204935312271118,270.0,190.79495239257812,1.0,0.8568264245986938
exemplar,180,exemplar,exemplar/archive_2/cf9ebcf6-3e99-4143-965c-4e208570a8ed.pt,103.0,2731.9853515625,21.0,1206.6282958984375,2.0,0.0,0.0,1.355729341506958,17.0,526.8339233398438,1.0,124.8771743774414
exemplar,181,exemplar,exemplar/archive_2/d421446f-6e66-43e0-9f09-f49746ab729a.pt,20143.0,37553.63671875,30349.0,45192.90625,128.0,10.078697204589844,9.0,9.728792190551758,2886.0,3034.6123046875,1024.0,1000.4903564453125
exemplar,182,exemplar,exemplar/archive_2/d8b32d50-b3cf-432b-bb5b-b8f535ce714c.pt,9619.0,15152.1572265625,8367.0,14057.083984375,0.0,0.0,4.0,3.1421058177948,6581.0,3225.97021484375,1296.0,1443.1995849609375
exemplar,183,exemplar,exemplar/archive_2/dcb74e34-ca5a-486e-86d9-d9a6040d1c0e.pt,2909.0,5179.92626953125,1051.0,5257.375,0.0,2.6676225662231445,0.0,1.4897397756576538,41.0,805.6513671875,26.0,317.98858642578125
exemplar,184,exemplar,exemplar/archive_2/dd00795c-3e46-41f8-b2ef-d07178c68303.pt,5308.0,3527.525634765625,6923.0,2026.996826171875,128.0,153.21337890625,0.0,3.3544251918792725,414.0,266.13873291015625,64.0,3.4289309978485107
exemplar,185,exemplar,exemplar/archive_2/dd6967a6-6467-4056-a70b-bf30ac5ce5a8.pt,24764.0,8803.375,3054.0,1262.950927734375,5.0,5.91055154800415,2.0,16.812898635864258,548.0,384.8873291015625,10.0,2.3798413276672363
exemplar,186,exemplar,exemplar/archive_2/df404ea2-7749-44ca-9f48-4e40bcbbcccc.pt,34873.0,74954.1796875,51955.0,76103.046875,133.0,38.44432830810547,9.0,12.732319831848145,2886.0,3402.07861328125,1024.0,772.3133544921875
exemplar,187,exemplar,exemplar/archive_2/e1d7bcd5-74f3-4ba8-98fa-8fd7e8e53d4c.pt,4950.0,5985.09765625,1682.0,3955.101318359375,0.0,10.173070907592773,0.0,1.7771501541137695,19.0,91.0274658203125,2.0,30.632875442504883
exemplar,188,exemplar,exemplar/archive_2/e206f89f-6722-4b7b-aa5e-1da854f3c74f.pt,27004.0,8747.5146484375,331.0,1116.17138671875,5.0,6.859646320343018,2.0,15.870479583740234,527.0,395.67681884765625,1.0,1.512852668762207
exemplar,189,exemplar,exemplar/archive_2/e3ca47f3-9ba7-4a01-a793-27142befd25c.pt,47382.0,18278.783203125,21390.0,14081.841796875,2100.0,40.074554443359375,2.0,4.7585978507995605,43.0,251.63522338867188,2.0,47.37433624267578
exemplar,190,exemplar,exemplar/archive_2/e52443e5-a588-4cfc-9d56-0d24ba75bb95.pt,6719.0,6880.1376953125,5572.0,5921.5673828125,4.0,13.973823547363281,0.0,1.0346837043762207,127.0,158.2183837890625,86.0,42.43128967285156
exemplar,191,exemplar,exemplar/archive_2/e871b1d9-adf7-4508-b8d5-8ba960b2e566.pt,22003.0,14755.720703125,6714.0,9299.673828125,5.0,18.063396453857422,2.0,6.28800630569458,43.0,224.17271423339844,2.0,40.81208038330078
exemplar,192,exemplar,exemplar/archive_2/e8e67ed2-6a32-4e3a-9a24-1a5b7a5d7691.pt,3057.0,4038.0712890625,2828.0,3550.20458984375,3.0,0.0,2.0,1.9738242626190186,2630.0,970.326416015625,1024.0,310.91748046875
exemplar,193,exemplar,exemplar/archive_2/eaa44c08-a035-4803-ab47-513783efb3a7.pt,62507.0,93380.4921875,2597.0,69619.4765625,0.0,65.49532318115234,0.0,0.1740906834602356,82.0,160.94772338867188,1.0,45.80816650390625
exemplar,194,exemplar,exemplar/archive_2/ee25387d-83ea-4d27-a105-d01ae8728a92.pt,692.0,1732.6064453125,7.0,461.5435485839844,3.0,0.0,0.0,1.889515995979309,23.0,148.65951538085938,1.0,7.489597797393799
exemplar,195,exemplar,exemplar/archive_2/f1752ca3-1640-4967-938c-5272dc274596.pt,19721.0,20058.896484375,27649.0,10767.33984375,31.0,129.5841522216797,5.0,13.146881103515625,1080.0,575.8114013671875,160.0,8.868332862854004
exemplar,196,exemplar,exemplar/archive_2/f1d40b09-efc4-448c-b6d0-d6a3f43e3b8e.pt,137.0,2731.98681640625,33.0,1206.6282958984375,2.0,0.0,0.0,1.3557298183441162,17.0,526.8339233398438,1.0,124.87711334228516
exemplar,197,exemplar,exemplar/archive_2/f5b0a3bb-2a24-4ea7-9add-17c93d3d1e7f.pt,7531.0,7298.22900390625,4195.0,7533.30078125,279.0,4.07414436340332,0.0,1.5143616199493408,20.0,647.7318115234375,2.0,350.1219482421875
exemplar,198,exemplar,exemplar/archive_2/f724084e-64df-4b4c-88a0-1dc091f01bcd.pt,2863.0,5179.92626953125,867.0,5257.38037109375,0.0,2.6676225662231445,0.0,1.4897397756576538,39.0,805.6513671875,27.0,317.98858642578125
exemplar,199,exemplar,exemplar/archive_2/fe04f4ae-8adb-4468-832b-52fe73541363.pt,7557.0,7658.22802734375,2268.0,4089.41796875,2.0,14.083135604858398,1.0,4.343593597412109,24.0,120.87159729003906,1.0,23.788150787353516
exemplar,200,exemplar,exemplar/archive_3/06583efc-f9a7-4a60-af97-acc52a47cf4d.pt,5052.0,7392.6845703125,1402.0,6169.93603515625,292.0,17.95911979675293,0.0,1.0050472021102905,20.0,144.95748901367188,1.0,34.59371566772461
exemplar,201,exemplar,exemplar/archive_3/08d11c63-55b7-499f-975d-fd09bd12dc53.pt,2280.0,4821.76171875,421.0,2282.908447265625,107.0,0.0,0.0,2.0409133434295654,266.0,888.4189453125,1.0,99.39015197753906
exemplar,202,exemplar,exemplar/archive_3/0bd10243-a38d-4bdd-bbe8-5e29012bae94.pt,1096.0,1743.625,183.0,465.8974304199219,5.0,0.0,0.0,1.8955920934677124,33.0,147.88026428222656,1.0,7.430643558502197
exemplar,203,exemplar,exemplar/archive_3/0d2973d0-80d2-4ac3-8942-1bfab430d8fb.pt,32667.0,31196.255859375,30766.0,17493.5,128.0,174.20704650878906,19.0,12.04263973236084,310.0,374.986083984375,9.0,22.716489791870117
exemplar,204,exemplar,exemplar/archive_3/0eb34ec2-1755-44cf-9fd1-ae1eda09f0b7.pt,41337.0,178252.921875,41195.0,116345.5546875,54.0,311.2454833984375,9.0,0.43132421374320984,821.0,268.03076171875,144.0,68.64405059814453
exemplar,205,exemplar,exemplar/archive_3/0f110dec-cdf6-4850-b898-f98be71240f5.pt,700.0,1746.28662109375,7.0,454.48406982421875,3.0,0.0,0.0,1.9679388999938965,23.0,136.7625274658203,1.0,5.835493564605713
exemplar,206,exemplar,exemplar/archive_3/12ecbf82-8a28-44e1-b2ab-06f8e50cea97.pt,7404.0,7658.22802734375,2268.0,4089.41796875,2.0,14.083139419555664,1.0,4.343593597412109,24.0,120.87159729003906,1.0,23.788150787353516
exemplar,207,exemplar,exemplar/archive_3/1388fecd-67a1-45ac-8157-fc0f8d2f0a05.pt,46486.0,54053.0859375,47589.0,57100.80078125,6.0,15.611477851867676,3.0,4.547297477722168,6588.0,3617.697998046875,1296.0,980.8800659179688
exemplar,208,exemplar,exemplar/archive_3/13fb640f-1e24-47fd-bb39-25b8d08a824d.pt,12949.0,17206.01953125,15545.0,14040.416015625,26.0,31.29354476928711,6.0,4.698975563049316,584.0,292.1842956542969,160.0,63.85756301879883
exemplar,209,exemplar,exemplar/archive_3/1850c071-2916-4efd-ae6e-47fc45672aeb.pt,72366.0,18256.7421875,37663.0,5553.22119140625,32.0,101.402587890625,2.0,8.585246086120605,887.0,454.0481872558594,113.0,4.0046563148498535
exemplar,210,exemplar,exemplar/archive_3/1b2d4669-b746-4295-9d6f-a209f5d3b340.pt,26216.0,14937.388671875,1328.0,6257.44384765625,5.0,4.213644981384277,2.0,11.311171531677246,552.0,1390.141357421875,29.0,206.18942260742188
exemplar,211,exemplar,exemplar/archive_3/1d4d5e23-1d85-41d4-a3f9-b1a83d23c34b.pt,7381.0,7014.5380859375,3336.0,6398.2802734375,285.0,16.78586196899414,0.0,1.5864636898040771,15.0,238.54794311523438,1.0,95.9028549194336
exemplar,212,exemplar,exemplar/archive_3/1e583b76-4ef7-4e53-a161-03b8f8430ed8.pt,21914.0,13561.5693359375,2056.0,13182.345703125,3.0,5.212870121002197,1.0,2.91434907913208,63.0,1194.4710693359375,40.0,408.5859375
exemplar,213,exemplar,exemplar/archive_3/21ae4549-1aff-4723-9c89-74015a97c167.pt,2589.0,6309.12255859375,653.0,1436.1595458984375,0.0,0.0,0.0,1.7537622451782227,83.0,131.6335906982422,1.0,6.247033596038818
exemplar,214,exemplar,exemplar/archive_3/2259df4b-da56-4694-8ebf-a250b93cf8f5.pt,61375.0,19592.09765625,19858.0,10031.7373046875,2286.0,153.57847595214844,2.0,12.352981567382812,538.0,537.89599609375,2.0,7.201539993286133
exemplar,215,exemplar,exemplar/archive_3/232fe499-7681-4c8a-b15d-0864a56edfd4.pt,2852.0,2326.75439453125,1780.0,1233.1754150390625,3.0,0.0,0.0,2.8172507286071777,34.0,221.3466796875,2.0,16.120759963989258
exemplar,216,exemplar,exemplar/archive_3/2366c0f3-3d8a-4ba5-a1e5-4448a419d2fd.pt,3095.0,2333.5361328125,2700.0,1264.645751953125,5.0,0.0,1.0,2.6653623580932617,588.0,243.4585723876953,160.0,20.33986473083496
exemplar,217,exemplar,exemplar/archive_3/28eb748c-eb75-4d49-9730-91b175a03814.pt,5088.0,6311.9755859375,1678.0,7658.0234375,0.0,2.062931537628174,0.0,1.8853741884231567,16.0,1128.158203125,1.0,555.5095825195312
exemplar,218,exemplar,exemplar/archive_3/2911e90a-d77a-49df-ad2e-6d3041ef039d.pt,140500.0,66992.40625,86778.0,76442.0859375,12.0,16.563732147216797,0.0,2.6345982551574707,3058.0,2793.4189453125,2979.0,837.1338500976562
exemplar,219,exemplar,exemplar/archive_3/2b4a4eaf-94fc-43b7-bd1e-9ae39557e259.pt,55665.0,18542.296875,31596.0,13226.34765625,27.0,30.77604103088379,2.0,2.609107494354248,398.0,239.01889038085938,103.0,42.05909729003906
exemplar,220,exemplar,exemplar/archive_3/2cba8c1f-4f72-400a-b18f-1905a649a686.pt,10513.0,8008.7802734375,6645.0,3756.034423828125,0.0,0.0,0.0,2.4304134845733643,95.0,215.30633544921875,1.0,16.061534881591797
exemplar,221,exemplar,exemplar/archive_3/2eed692f-7176-4ea9-bbef-c95f4bd43b45.pt,21176.0,37553.63671875,32593.0,45192.90625,128.0,10.078697204589844,8.0,9.728795051574707,2889.0,3034.6123046875,1024.0,1000.4898681640625
exemplar,222,exemplar,exemplar/archive_3/305dc971-6cb9-4479-8da4-3ed6a2167a44.pt,9619.0,15152.171875,8367.0,14057.09765625,0.0,0.0,4.0,3.142106771469116,6581.0,3225.973388671875,1296.0,1443.1995849609375
exemplar,223,exemplar,exemplar/archive_3/37871b96-f93e-4673-a7c8-d7a71505804b.pt,6448.0,5924.064453125,230.0,1629.561767578125,2.0,16.382749557495117,1.0,2.9679057598114014,18.0,81.80445861816406,1.0,13.532864570617676
exemplar,224,exemplar,exemplar/archive_3/37996d69-2677-4717-ae97-cde6bd8748be.pt,905.0,3018.70849609375,151.0,1387.2891845703125,5.0,0.0,0.0,1.5953192710876465,33.0,656.6151123046875,1.0,145.57501220703125
exemplar,225,exemplar,exemplar/archive_3/3864614f-2506-48de-b994-99ae08ca30de.pt,9619.0,15152.1572265625,8367.0,14057.083984375,0.0,0.0,4.0,3.1421058177948,6581.0,3225.97021484375,1296.0,1443.2003173828125
exemplar,226,exemplar,exemplar/archive_3/3a7ddf40-4818-4f21-9614-7429c3608ef7.pt,3367.0,1653.7237548828125,4037.0,839.0411376953125,5.0,0.0,1.0,2.293759822845459,1085.0,537.6804809570312,160.0,12.215226173400879
exemplar,227,exemplar,exemplar/archive_3/3c34c8dd-6143-4349-ba49-9db7514afb35.pt,72892.0,18256.7421875,35638.0,5553.22119140625,32.0,101.40263366699219,2.0,8.585247993469238,873.0,454.0481872558594,101.0,4.0046586990356445
exemplar,228,exemplar,exemplar/archive_3/3c3922e9-8e61-4c70-96f8-df25f0a19bf7.pt,5238.0,5985.09765625,1731.0,3955.101318359375,0.0,10.173070907592773,0.0,1.7771501541137695,19.0,91.0274658203125,2.0,30.632875442504883
exemplar,229,exemplar,exemplar/archive_3/41564015-3c26-45b3-975a-6e027e49d63d.pt,993.0,1129.2027587890625,26.0,261.0354919433594,5.0,0.0,0.0,1.5320630073547363,524.0,395.593994140625,1.0,3.604617118835449
exemplar,230,exemplar,exemplar/archive_3/41c44d85-1b9b-468f-a8cd-379651170f92.pt,1367.0,3720.208251953125,1337.0,3195.939453125,2.0,0.0,0.0,1.7454261779785156,520.0,818.3203125,192.0,265.8623046875
exemplar,231,exemplar,exemplar/archive_3/467481bc-1cd4-4fe9-89ba-205dac892ea5.pt,1363.0,2386.96826171875,747.0,646.8817138671875,117.0,101.17607116699219,0.0,2.305229425430298,270.0,213.82125854492188,1.0,1.2601799964904785
exemplar,232,exemplar,exemplar/archive_3/49f1f8f6-4127-4a44-9242-241f59f88c5e.pt,26907.0,14755.720703125,5435.0,9299.673828125,5.0,18.063396453857422,2.0,6.28800630569458,36.0,224.17271423339844,1.0,40.81208038330078
exemplar,233,exemplar,exemplar/archive_3/4df0be4b-66c4-43cd-95f6-183ce806d41e.pt,158260.0,227458.671875,90216.0,156861.703125,66.0,245.99154663085938,0.0,1.1920928955078125e-07,626.0,211.1436309814453,92.0,48.39414978027344
exemplar,234,exemplar,exemplar/archive_3/513a25e1-b5eb-493a-81eb-2c6783edec5c.pt,5004.0,5565.5078125,1937.0,1775.05029296875,2.0,12.506800651550293,1.0,2.80509614944458,49.0,102.50578308105469,12.0,20.1289005279541
exemplar,235,exemplar,exemplar/archive_3/526a1c2b-6fb4-4058-81df-1804a76c3555.pt,399.0,3911.10009765625,319.0,2556.5634765625,0.0,0.0,0.0,1.0743250846862793,16.0,195.1383056640625,1.0,30.46129608154297
exemplar,236,exemplar,exemplar/archive_3/5339e381-b42d-4d17-af6e-9f012b8a4e95.pt,9745.0,12858.6181640625,14215.0,4128.06640625,5.0,6.093814849853516,4.0,24.268203735351562,1080.0,517.4826049804688,160.0,5.879978656768799
exemplar,237,exemplar,exemplar/archive_3/58a5481a-b506-4e99-b4fb-49575de3138b.pt,21086.0,13884.6796875,3624.0,13597.353515625,5.0,5.289536476135254,2.0,2.9333879947662354,70.0,1215.718505859375,42.0,413.587158203125
exemplar,238,exemplar,exemplar/archive_3/59f7052a-5874-4452-a75a-0ac2831b9d84.pt,21591.0,12953.9912109375,3552.0,4646.125,5.0,19.158424377441406,2.0,4.092495918273926,39.0,155.3645782470703,1.0,23.230958938598633
exemplar,239,exemplar,exemplar/archive_3/5b52039c-4c2d-4e64-a978-c21785ee7c6b.pt,3057.0,4038.0712890625,2828.0,3550.20458984375,3.0,0.0,2.0,1.97382390499115,2630.0,970.3259887695312,1024.0,310.9173583984375
exemplar,240,exemplar,exemplar/archive_3/62825ea7-7137-4533-92d7-d441af4c40ba.pt,12478.0,12858.6181640625,14237.0,4128.06640625,5.0,6.093814849853516,4.0,24.26819610595703,1083.0,517.4826049804688,160.0,5.879978656768799
exemplar,241,exemplar,exemplar/archive_3/64224705-c771-420a-9f84-1c001366ba33.pt,14078.0,17206.01953125,17206.0,14040.416015625,26.0,31.293560028076172,6.0,4.698975086212158,591.0,292.1845703125,160.0,63.85756301879883
exemplar,242,exemplar,exemplar/archive_3/645258ad-eb6e-4363-bf0c-9fda5164f36b.pt,9507.0,15152.171875,8401.0,14057.09765625,0.0,0.0,4.0,3.1421074867248535,6582.0,3225.97021484375,1296.0,1443.1995849609375
exemplar,243,exemplar,exemplar/archive_3/69d67690-ef91-4389-b6a9-704f1e89952c.pt,3367.0,1653.722900390625,4037.0,839.0415649414062,5.0,0.0,1.0,2.293759822845459,1085.0,537.6804809570312,160.0,12.215232849121094
exemplar,244,exemplar,exemplar/archive_3/6ee6e354-d81a-46f4-a113-c16e881419db.pt,7448.0,7534.09814453125,3359.0,6668.3955078125,282.0,21.776531219482422,0.0,1.545464038848877,15.0,219.01649475097656,1.0,79.67082977294922
exemplar,245,exemplar,exemplar/archive_3/6f0ca42f-3067-45a1-a683-4042133a9202.pt,78.0,2731.98681640625,5.0,1206.6282958984375,2.0,0.0,0.0,1.3557299375534058,15.0,526.8339233398438,1.0,124.8771743774414
exemplar,246,exemplar,exemplar/archive_3/714d7039-2846-4e1e-a836-7bbcc8b6289a.pt,120.0,1957.0386962890625,48.0,544.8255615234375,2.0,0.0,0.0,1.598633050918579,18.0,152.9840545654297,1.0,12.057601928710938
exemplar,247,exemplar,exemplar/archive_3/765100ca-9941-475f-92bd-c0304625006e.pt,34970.0,106828.0546875,48853.0,77917.8359375,149.0,195.0145263671875,8.0,13.34371280670166,841.0,748.7233276367188,128.0,77.07194519042969
exemplar,248,exemplar,exemplar/archive_3/7a8292e7-d54f-47e7-939d-07247297c66a.pt,6500.0,6761.41064453125,5446.0,6514.44580078125,2.0,4.040945053100586,0.0,1.1453027725219727,288.0,438.3608093261719,275.0,200.33876037597656
exemplar,249,exemplar,exemplar/archive_3/7ca5352c-c08e-405a-81fc-ad9b893bbb74.pt,3337.0,2606.946044921875,4118.0,2350.97900390625,5.0,0.0,2.0,1.9024856090545654,2876.0,1108.7784423828125,1024.0,241.5030975341797
exemplar,250,exemplar,exemplar/archive_3/7efb5b4e-0e1d-4b1e-a030-e65c830dba5d.pt,29649.0,13156.3203125,3871.0,3756.8837890625,5.0,7.135251522064209,2.0,23.5439395904541,532.0,525.5081787109375,1.0,4.037540912628174
exemplar,251,exemplar,exemplar/archive_3/7fde29f5-7a7e-4430-bd5a-d53d331c76fd.pt,2039.0,2386.96826171875,1009.0,646.8817138671875,112.0,101.17607116699219,0.0,2.305229425430298,270.0,213.82125854492188,1.0,1.2601810693740845
exemplar,252,exemplar,exemplar/archive_3/84f243ce-de91-4e4e-82df-037ca151348d.pt,20159.0,28780.044921875,35143.0,18725.80859375,128.0,101.3973617553711,6.0,12.712265014648438,856.0,522.9345703125,128.0,49.600582122802734
exemplar,253,exemplar,exemplar/archive_3/85ddd60e-a64f-419e-8b38-b5166d5ad1b1.pt,44605.0,144898.09375,18280.0,85538.96875,2005.0,215.6759033203125,6.0,6.838475704193115,286.0,549.8893432617188,6.0,35.73177719116211
exemplar,254,exemplar,exemplar/archive_3/86d4e5a5-73ae-4efb-a82b-74835eb253df.pt,1507.0,2386.966064453125,1068.0,646.881103515625,106.0,101.17607116699219,0.0,2.305229425430298,272.0,213.82135009765625,1.0,1.2601799964904785
exemplar,255,exemplar,exemplar/archive_3/8a1b09f4-8b12-4e3a-95b9-58b27dae1b27.pt,7939.0,14062.5556640625,8237.0,10571.2138671875,5.0,12.503754615783691,4.0,5.678631782531738,584.0,360.10015869140625,160.0,82.76679229736328
exemplar,256,exemplar,exemplar/archive_3/8be9ce88-19c5-490e-8054-80f1eb75f145.pt,130.0,1957.0386962890625,44.0,544.8250732421875,2.0,0.0,0.0,1.598633050918579,18.0,152.98397827148438,1.0,12.057596206665039
exemplar,257,exemplar,exemplar/archive_3/8db4404b-d427-4fdb-bb09-ea2dbd1df722.pt,15128.0,17892.955078125,18973.0,16770.48046875,9.0,8.474464416503906,4.0,3.3657922744750977,2767.0,880.168212890625,1024.0,390.34564208984375
exemplar,258,exemplar,exemplar/archive_3/908de307-aeee-4cfe-95b0-46ab568997c4.pt,21170.0,13884.6796875,3792.0,13597.353515625,5.0,5.289536476135254,2.0,2.9333879947662354,69.0,1215.718505859375,41.0,413.5869445800781
exemplar,259,exemplar,exemplar/archive_3/933b3c35-b647-4b59-9bcd-f042466674b6.pt,2083.0,4821.76611328125,959.0,2282.908447265625,105.0,0.0,0.0,2.0409133434295654,270.0,888.4193115234375,1.0,99.39019775390625
exemplar,260,exemplar,exemplar/archive_3/93d9e5bf-7351-4866-8514-29bc581b2375.pt,43520.0,17434.107421875,32449.0,15016.736328125,7.0,9.046832084655762,1.0,2.1155588626861572,2051.0,635.838623046875,2028.0,253.7954559326172
exemplar,261,exemplar,exemplar/archive_3/93e43f7b-8376-46b6-99c5-66025727bea6.pt,1324.0,2662.09228515625,1279.0,1472.300537109375,2.0,0.0,0.0,2.134371280670166,328.0,247.78549194335938,96.0,30.99579620361328
exemplar,262,exemplar,exemplar/archive_3/95c22d49-3c60-4de8-aaf1-50d771902c6f.pt,902.0,2647.67041015625,766.0,1409.07763671875,2.0,0.0,0.0,2.153435707092285,26.0,218.51275634765625,1.0,24.38039779663086
exemplar,263,exemplar,exemplar/archive_3/9842c884-7992-4951-a284-bf50d8e97b05.pt,25409.0,8803.375,2298.0,1262.950439453125,5.0,5.91055154800415,2.0,16.812898635864258,546.0,384.886962890625,8.0,2.3798396587371826
exemplar,264,exemplar,exemplar/archive_3/9f921d58-91bf-4b62-8e1d-b95c556b3e67.pt,73160.0,18256.7421875,38475.0,5553.2265625,32.0,101.40263366699219,2.0,8.585243225097656,881.0,454.0477294921875,108.0,4.0046610832214355
exemplar,265,exemplar,exemplar/archive_3/a045e629-9ce5-4a46-98d1-f46171bbc5d7.pt,53357.0,90209.203125,61963.0,97805.046875,133.0,36.116668701171875,4.0,7.218087673187256,2147.0,2584.35791015625,1884.0,655.1032104492188
exemplar,266,exemplar,exemplar/archive_3/aa38623f-8522-4555-a87c-1e5aee2b9c6c.pt,2316.0,12488.1826171875,290.0,7647.78955078125,0.0,0.0,0.0,1.8641014099121094,80.0,1792.6146240234375,1.0,589.1129150390625
exemplar,267,exemplar,exemplar/archive_3/acdcfe80-36b1-402d-9fda-579b9cd12e61.pt,7526.0,7658.22802734375,2268.0,4089.41796875,2.0,14.083135604858398,1.0,4.343595027923584,24.0,120.87159729003906,1.0,23.788145065307617
exemplar,268,exemplar,exemplar/archive_3/b379766c-1fc4-4ddd-8c8f-01671d294e2d.pt,350.0,4733.7880859375,262.0,4493.79345703125,0.0,0.0,0.0,1.3417913913726807,18.0,1005.9391479492188,1.0,546.8908081054688
exemplar,269,exemplar,exemplar/archive_3/bb6cc7af-5692-4f06-a0d7-5ed5799c9d61.pt,2233.0,6061.4560546875,290.0,1570.63525390625,0.0,0.0,0.0,1.9210608005523682,80.0,170.0203857421875,1.0,11.102436065673828
exemplar,270,exemplar,exemplar/archive_3/be33a535-98f4-49a5-99b7-fe08cd80c49a.pt,802.0,2994.12060546875,148.0,1373.1717529296875,3.0,0.0,0.0,1.5880348682403564,27.0,652.0527954101562,1.0,144.7095947265625
exemplar,271,exemplar,exemplar/archive_3/c17d9415-d1da-404b-9550-d974901b0f77.pt,65869.0,112960.125,52752.0,73359.3125,1918.0,270.78399658203125,4.0,13.147997856140137,313.0,625.8684692382812,9.0,49.961177825927734
exemplar,272,exemplar,exemplar/archive_3/c3a84bad-a891-4ed4-9590-49b2e3825c7a.pt,20915.0,12578.8515625,2704.0,4406.61279296875,3.0,18.577402114868164,1.0,4.128506660461426,33.0,150.21871948242188,1.0,22.284442901611328
exemplar,273,exemplar,exemplar/archive_3/c47a57ee-6f6c-4509-83a4-d911de7a608c.pt,20987.0,12578.8515625,2845.0,4406.61279296875,3.0,18.577407836914062,1.0,4.128506660461426,33.0,150.21871948242188,1.0,22.284442901611328
exemplar,274,exemplar,exemplar/archive_3/c5953b88-a18f-45ef-b053-a10de5b77f79.pt,5032.0,5088.02001953125,1673.0,3896.47265625,0.0,5.708127498626709,0.0,1.830467700958252,16.0,148.36050415039062,1.0,60.752479553222656
exemplar,275,exemplar,exemplar/archive_3/c87c3130-88ad-4825-9f55-68c8d961414d.pt,160670.0,227458.890625,82253.0,156861.703125,66.0,245.99142456054688,0.0,1.1920928955078125e-07,618.0,211.1436309814453,92.0,48.39410400390625
exemplar,276,exemplar,exemplar/archive_3/c9149d5a-b5b0-47f3-a3f7-0bfb26bcc26a.pt,8039.0,14062.5556640625,8344.0,10571.2138671875,5.0,12.503754615783691,4.0,5.678630828857422,587.0,360.100341796875,160.0,82.76679229736328
exemplar,277,exemplar,exemplar/archive_3/ca8f38ac-e952-45d7-a4f5-d6e24a85588a.pt,930.0,1129.2027587890625,19.0,261.0354919433594,5.0,0.0,0.0,1.5320627689361572,523.0,395.593994140625,1.0,3.604617118835449
exemplar,278,exemplar,exemplar/archive_3/cbef8382-effa-4dc5-a6bc-9614f1772d1c.pt,866.0,1931.435546875,32.0,893.1650390625,5.0,0.0,0.0,1.4771329164505005,524.0,872.4058837890625,1.0,115.91062927246094
exemplar,279,exemplar,exemplar/archive_3/ce72004b-1e4c-4a21-aed6-379cab5486bf.pt,10390.0,18085.158203125,14642.0,14477.3271484375,5.0,4.371250629425049,3.0,15.49824333190918,2875.0,2072.137451171875,1024.0,492.4317626953125
exemplar,280,exemplar,exemplar/archive_3/cf4557ce-c04b-4f6e-95d5-2ef67749feec.pt,139851.0,66992.46875,87587.0,76442.15625,12.0,16.56374168395996,0.0,2.6345996856689453,3032.0,2793.423095703125,2953.0,837.13427734375
exemplar,281,exemplar,exemplar/archive_3/cfabdefd-a93f-4e93-b729-2f4c44a0e6df.pt,35782.0,19720.8515625,1624.0,12930.63671875,2118.0,39.278236389160156,2.0,2.54465913772583,32.0,204.79891967773438,1.0,30.264057159423828
exemplar,282,exemplar,exemplar/archive_3/d6b83ff5-29c7-47f9-819c-d07f83d82b93.pt,6367.0,8016.8046875,8139.0,6532.93896484375,6.0,7.32564640045166,1.0,2.3485629558563232,525.0,447.6598815917969,192.0,219.05709838867188
exemplar,283,exemplar,exemplar/archive_3/dab5f456-ccc2-4a72-9b87-e9bc7c20e029.pt,2806.0,2322.26220703125,2566.0,1253.1728515625,3.0,0.0,1.0,2.645575523376465,503.0,243.6945037841797,128.0,20.41606903076172
exemplar,284,exemplar,exemplar/archive_3/dd896667-6c8d-4e6b-b951-01ef21962849.pt,106521.0,256143.71875,5189.0,161780.5625,5809.0,347.3183898925781,0.0,1.1920928955078125e-07,82.0,169.7918701171875,1.0,33.69471740722656
exemplar,285,exemplar,exemplar/archive_3/dda9c4c0-57d6-4052-b555-2e8fb599475b.pt,2557.0,6309.134765625,653.0,1436.1602783203125,0.0,0.0,0.0,1.7537603378295898,83.0,131.6335906982422,1.0,6.247037410736084
exemplar,286,exemplar,exemplar/archive_3/de766c24-bdab-4176-a0dd-d9b2706491c9.pt,5306.0,7336.48974609375,6778.0,5268.17822265625,8.0,21.72118377685547,2.0,2.9634311199188232,328.0,181.25140380859375,96.0,45.7642707824707
exemplar,287,exemplar,exemplar/archive_3/e11131f2-d974-4ada-b80f-a2f1298bdd41.pt,704.0,1746.2857666015625,56.0,454.48406982421875,3.0,0.0,0.0,1.9679396152496338,24.0,136.76266479492188,1.0,5.83549690246582
exemplar,288,exemplar,exemplar/archive_3/e11b3965-6e57-43b8-a3a0-e83e94e5b616.pt,8039.0,14062.5556640625,8344.0,10571.2138671875,5.0,12.503754615783691,4.0,5.678630828857422,587.0,360.10015869140625,160.0,82.76679229736328
exemplar,289,exemplar,exemplar/archive_3/e2c16677-3f06-4890-b4e7-0efbd1d94f95.pt,20335.0,18832.2109375,28227.0,15006.5859375,10.0,20.215282440185547,3.0,8.961861610412598,2872.0,1070.934814453125,1024.0,200.9252471923828
exemplar,290,exemplar,exemplar/archive_3/e57ceb3b-5dc0-4127-bc68-868a6b1dee73.pt,947.0,2647.67041015625,781.0,1409.07763671875,2.0,0.0,0.0,2.1534361839294434,25.0,218.5128631591797,1.0,24.380403518676758
exemplar,291,exemplar,exemplar/archive_3/eb42dbfe-9069-4c08-bb95-26221e0d0945.pt,34950.0,19720.869140625,1624.0,12930.6484375,2134.0,39.27824401855469,2.0,2.5446605682373047,32.0,204.79901123046875,1.0,30.264057159423828
exemplar,292,exemplar,exemplar/archive_3/ecc6822e-1712-420f-bf26-a16ab0ce3dba.pt,35602.0,19720.869140625,1624.0,12930.6484375,2114.0,39.27822494506836,2.0,2.544658660888672,32.0,204.79891967773438,1.0,30.264057159423828
exemplar,293,exemplar,exemplar/archive_3/ecf51998-8937-4724-9018-6a86368049b0.pt,9863.0,7554.56298828125,5829.0,5335.79345703125,418.0,25.35370445251465,1.0,3.2192139625549316,29.0,166.6656951904297,2.0,37.16568374633789
exemplar,294,exemplar,exemplar/archive_3/ee50ed59-19d1-41c1-8e61-3f822cfb42ff.pt,3402.0,4813.94921875,482.0,2234.037353515625,0.0,10.022830963134766,0.0,1.2313616275787354,18.0,54.956695556640625,1.0,13.790769577026367
exemplar,295,exemplar,exemplar/archive_3/f3a17e75-5fe1-4109-91ee-c0ad8c94ad33.pt,2806.0,2322.26220703125,2566.0,1253.1728515625,3.0,0.0,1.0,2.645576000213623,503.0,243.6945037841797,128.0,20.41606903076172
exemplar,296,exemplar,exemplar/archive_3/f6040824-accb-468b-8f6b-ef5ae8b186f4.pt,38548.0,19720.869140625,9454.0,12930.6484375,2122.0,39.278236389160156,2.0,2.54465913772583,40.0,204.79891967773438,1.0,30.26406478881836
exemplar,297,exemplar,exemplar/archive_3/fb0ac19f-be36-46bf-8b05-dc7c4c7a44a9.pt,930.0,1129.2027587890625,31.0,261.0354919433594,5.0,0.0,0.0,1.5320627689361572,524.0,395.593994140625,1.0,3.604621648788452
exemplar,298,exemplar,exemplar/archive_3/fc0f1430-b62b-426d-b513-62314b7bd0ab.pt,5895.0,7336.48974609375,6753.0,5268.17822265625,8.0,21.72118377685547,2.0,2.9634320735931396,328.0,181.25140380859375,96.0,45.764259338378906
exemplar,299,exemplar,exemplar/archive_3/ff750069-8a1a-43e7-805d-ee4732963670.pt,9462.0,7554.56298828125,4241.0,5335.79345703125,429.0,25.353710174560547,1.0,3.219212055206299,24.0,166.6656951904297,1.0,37.16570281982422
exemplar,300,exemplar,exemplar/archive_4/0a377130-21b9-41f1-b1d8-8f948b575b71.pt,884.0,1122.08984375,21.0,274.3661193847656,5.0,0.0,0.0,1.4966044425964355,523.0,422.3261413574219,1.0,5.068957805633545
exemplar,301,exemplar,exemplar/archive_4/189bf1a2-3b24-4280-9e2d-16a482d64e05.pt,26387.0,8803.375,1055.0,1262.950439453125,5.0,5.910552024841309,2.0,16.812891006469727,544.0,384.88714599609375,11.0,2.3798413276672363
exemplar,302,exemplar,exemplar/archive_4/1ddc2346-a367-4cb9-b052-104862f3d153.pt,2620.0,6061.4560546875,653.0,1570.6336669921875,0.0,0.0,0.0,1.92106294631958,83.0,170.02053833007812,1.0,11.102436065673828
exemplar,303,exemplar,exemplar/archive_4/2012f675-4b3a-4d44-a52c-533e1a5686ad.pt,44864.0,144898.09375,18266.0,85538.96875,1959.0,215.6759033203125,6.0,6.83847713470459,286.0,549.8893432617188,6.0,35.73176574707031
exemplar,304,exemplar,exemplar/archive_4/218f0836-58b7-4a31-b3e5-feb2e0b8baf5.pt,5224.0,3527.525634765625,7000.0,2026.996826171875,128.0,153.21337890625,0.0,3.3544256687164307,414.0,266.1385803222656,64.0,3.4289309978485107
exemplar,305,exemplar,exemplar/archive_4/24828ab5-d6f4-402b-8d0d-1f4316d3f0bc.pt,141266.0,66992.40625,86447.0,76442.0859375,12.0,16.563737869262695,0.0,2.634598731994629,2986.0,2793.4189453125,2908.0,837.1338500976562
exemplar,306,exemplar,exemplar/archive_4/2b3a7651-e925-4edc-8c91-4cce0c803daf.pt,42883.0,17434.123046875,33519.0,15016.7509765625,7.0,9.046832084655762,1.0,2.11555814743042,2079.0,635.838623046875,2055.0,253.7954559326172
exemplar,307,exemplar,exemplar/archive_4/2d92e029-54c9-42a8-8400-ff86e21af205.pt,3305.0,5179.92626953125,524.0,5257.38037109375,0.0,2.6676228046417236,0.0,1.4897397756576538,30.0,805.6513671875,18.0,317.9887390136719
exemplar,308,exemplar,exemplar/archive_4/2f6c8850-6475-4336-b996-f3d0d54f1cb0.pt,141356.0,66992.46875,86396.0,76442.15625,12.0,16.563745498657227,0.0,2.6346006393432617,3036.0,2793.42578125,2958.0,837.13427734375
exemplar,309,exemplar,exemplar/archive_4/34caebe1-94b9-4f7c-bf8f-d1f1a14c9ae4.pt,3095.0,2333.53515625,2700.0,1264.6451416015625,5.0,0.0,1.0,2.665363311767578,588.0,243.4584503173828,160.0,20.339839935302734
exemplar,310,exemplar,exemplar/archive_4/3824541e-ee56-4d65-9c02-4382bf7c0189.pt,24256.0,70733.515625,22261.0,54817.40625,0.0,72.06088256835938,6.0,0.5614899396896362,821.0,206.66497802734375,144.0,64.66603088378906
exemplar,311,exemplar,exemplar/archive_4/3aab06a7-4eae-47b9-848f-f281514dd686.pt,9359.0,7766.6923828125,7911.0,4110.7412109375,0.0,0.0,3.0,2.678586721420288,821.0,285.2549133300781,144.0,28.016263961791992
exemplar,312,exemplar,exemplar/archive_4/40416ef5-e7a5-4c4d-918e-702961928757.pt,20988.0,14446.1552734375,6540.0,9082.578125,3.0,17.555152893066406,1.0,6.278379440307617,38.0,216.94235229492188,2.0,38.97426986694336
exemplar,313,exemplar,exemplar/archive_4/42238099-ebd6-4d1a-b7e3-eb0e58c08eaf.pt,53538.0,90209.203125,59942.0,97805.046875,133.0,36.11668395996094,4.0,7.218093395233154,2169.0,2584.35791015625,1906.0,655.103515625
exemplar,314,exemplar,exemplar/archive_4/436700eb-9a0b-4657-a1ab-0c897ff2a318.pt,46294.0,18278.783203125,25454.0,14081.841796875,2133.0,40.074554443359375,2.0,4.758596420288086,43.0,251.63510131835938,2.0,47.374324798583984
exemplar,315,exemplar,exemplar/archive_4/45ce74b6-c127-486c-baa4-e41f747036c4.pt,21993.0,14755.720703125,6696.0,9299.673828125,5.0,18.06338882446289,2.0,6.2880072593688965,43.0,224.17271423339844,2.0,40.81208801269531
exemplar,316,exemplar,exemplar/archive_4/48a0e69b-505b-4541-a94e-46f99b98f807.pt,1382.0,3720.208251953125,1337.0,3195.939453125,2.0,0.0,0.0,1.7454255819320679,521.0,818.3199462890625,192.0,265.862060546875
exemplar,317,exemplar,exemplar/archive_4/4db9bc2c-66bc-4c7a-9a03-cd0862dc81bf.pt,43456.0,178252.75,44327.0,116345.5546875,54.0,311.2456359863281,9.0,0.4313233494758606,828.0,268.03076171875,144.0,68.64408111572266
exemplar,318,exemplar,exemplar/archive_4/4fdb2a6b-0614-43ed-97b8-dccd2ff200f7.pt,7448.0,13868.533203125,8953.0,16544.509765625,3.0,4.1337056159973145,3.0,4.722757339477539,2630.0,1690.775146484375,1024.0,681.0836181640625
exemplar,319,exemplar,exemplar/archive_4/548bf9ee-eff8-4e75-b69a-c9db9b3d72e6.pt,25756.0,8747.5146484375,2805.0,1116.1707763671875,5.0,6.85964822769165,2.0,15.870479583740234,534.0,395.677001953125,1.0,1.5128538608551025
exemplar,320,exemplar,exemplar/archive_4/585d28bf-c9f5-4ff2-a8ad-c9fc4f31888c.pt,6486.0,6942.8232421875,454.0,3510.107421875,430.0,25.521255493164062,1.0,1.7497966289520264,18.0,122.68919372558594,1.0,21.20421028137207
exemplar,321,exemplar,exemplar/archive_4/596a91cf-3df6-463f-b1c6-65707df4f7a9.pt,7423.0,14186.6923828125,9003.0,16924.0546875,5.0,4.184428691864014,3.0,4.750154972076416,2760.0,1713.548583984375,1024.0,685.3284912109375
exemplar,322,exemplar,exemplar/archive_4/5c9ecfa4-a74b-40cf-af7a-b727ed7ca083.pt,1143.0,2558.962158203125,708.0,663.2592163085938,107.0,106.99253845214844,0.0,2.204935312271118,270.0,190.79495239257812,1.0,0.8568273782730103
exemplar,323,exemplar,exemplar/archive_4/64424fcf-ad58-4dc1-82e0-e3868ab87fd6.pt,3130.0,4070.82568359375,2898.0,3585.0234375,5.0,0.0,2.0,1.9810479879379272,2764.0,976.9275512695312,1024.0,313.1084289550781
exemplar,324,exemplar,exemplar/archive_4/6d55b2ed-ab05-4aba-a4a8-3f15f3dfd306.pt,56938.0,93380.4921875,8701.0,69619.4765625,0.0,65.49529266357422,0.0,0.1740906834602356,89.0,160.94772338867188,2.0,45.80817413330078
exemplar,325,exemplar,exemplar/archive_4/77643d2e-ad72-4bcc-b6e9-1a147858d106.pt,35752.0,106828.0546875,57348.0,77917.8359375,149.0,195.01461791992188,7.0,13.343709945678711,862.0,748.7233276367188,128.0,77.07194519042969
exemplar,326,exemplar,exemplar/archive_4/78a6191a-884a-46bd-88ca-cc672b209ed2.pt,62771.0,112960.125,34172.0,73359.3125,1980.0,270.78411865234375,7.0,13.147994041442871,289.0,625.8684692382812,5.0,49.961204528808594
exemplar,327,exemplar,exemplar/archive_4/793ea687-01ef-44be-b851-29489b1d2453.pt,9606.0,12858.60546875,14135.0,4128.06640625,5.0,6.093816757202148,4.0,24.26820945739746,1080.0,517.4826049804688,160.0,5.879978656768799
exemplar,328,exemplar,exemplar/archive_4/7e1e21b3-d775-40d7-b923-9c251c8ff98f.pt,42926.0,17323.07421875,10071.0,13416.36328125,2045.0,38.65584182739258,1.0,4.750971794128418,32.0,249.2948760986328,1.0,46.83802032470703
exemplar,329,exemplar,exemplar/archive_4/81049602-6fd0-431d-9dbd-aef3d91e01e8.pt,7371.0,13868.533203125,8872.0,16544.509765625,3.0,4.1337056159973145,3.0,4.722757339477539,2628.0,1690.775146484375,1024.0,681.083251953125
exemplar,330,exemplar,exemplar/archive_4/88b89300-6a68-4bc1-b5ca-e93bef2c30ab.pt,58.0,2937.111328125,5.0,995.8345947265625,0.0,0.0,0.0,0.7792809009552002,16.0,107.64591979980469,1.0,10.859109878540039
exemplar,331,exemplar,exemplar/archive_4/898dad40-db7b-47cd-af97-3522c21a66a7.pt,5172.0,5565.51318359375,1949.0,1775.05029296875,2.0,12.506800651550293,1.0,2.805095672607422,49.0,102.50578308105469,12.0,20.128904342651367
exemplar,332,exemplar,exemplar/archive_4/89d891b2-fb1f-42c9-a51c-82cb5df44342.pt,6081.0,6761.41064453125,5590.0,6514.4521484375,2.0,4.040945053100586,0.0,1.1453025341033936,310.0,438.360595703125,294.0,200.33876037597656
exemplar,333,exemplar,exemplar/archive_4/8b0e6e47-4421-4097-acfc-430e933fda9e.pt,63.0,3648.191650390625,1.0,2088.33056640625,0.0,0.0,0.0,1.0323221683502197,12.0,516.7722778320312,1.0,195.48410034179688
exemplar,334,exemplar,exemplar/archive_4/8b353157-f769-4d64-a2b9-0ec8c60ed8a1.pt,2664.0,5179.92626953125,782.0,5257.38037109375,0.0,2.6676228046417236,0.0,1.4897401332855225,39.0,805.6513671875,24.0,317.98858642578125
exemplar,335,exemplar,exemplar/archive_4/8c5381e4-a0a9-4d25-8d9f-a7dc0defa1fa.pt,5066.0,3527.525634765625,4598.0,2026.995849609375,128.0,153.21337890625,0.0,3.354426145553589,409.0,266.13873291015625,64.0,3.4289309978485107
exemplar,336,exemplar,exemplar/archive_4/8c92183a-750e-4a40-bed6-f6bf66068a7a.pt,6594.0,6880.130859375,5240.0,5921.5673828125,4.0,13.973819732666016,0.0,1.0346837043762207,128.0,158.2184600830078,88.0,42.43130111694336
exemplar,337,exemplar,exemplar/archive_4/90a548ee-6183-405f-a8d9-33388f78d5ca.pt,14980.0,17400.21875,18614.0,16315.0791015625,7.0,8.360383033752441,3.0,3.35036301612854,2633.0,859.688720703125,1024.0,381.73919677734375
exemplar,338,exemplar,exemplar/archive_4/914614f2-637f-4b82-88d3-a9493d2e4e55.pt,34508.0,106828.0546875,47632.0,77917.7578125,149.0,195.0145263671875,9.0,13.34371280670166,838.0,748.7230224609375,128.0,77.07194519042969
exemplar,339,exemplar,exemplar/archive_4/93e7c6b7-e200-4cf5-a00f-14a34b93201c.pt,9091.0,7496.22998046875,7139.0,5125.0439453125,6.0,8.009126663208008,1.0,1.590077519416809,438.0,307.27032470703125,423.0,124.25227355957031
exemplar,340,exemplar,exemplar/archive_4/9534d794-7535-4fdc-b445-c2419b20ffaf.pt,29208.0,13156.30859375,3870.0,3756.880126953125,5.0,7.135253429412842,2.0,23.543922424316406,532.0,525.5081787109375,1.0,4.037540912628174
exemplar,341,exemplar,exemplar/archive_4/964aaac0-3bed-4318-bea6-21d50ad72c0e.pt,21176.0,37553.63671875,32593.0,45192.90625,128.0,10.078697204589844,8.0,9.728792190551758,2889.0,3034.6123046875,1024.0,1000.4898681640625
exemplar,342,exemplar,exemplar/archive_4/97dbcdf5-c848-49aa-9352-d36fb012c09e.pt,2168.0,12488.1826171875,290.0,7647.796875,0.0,0.0,0.0,1.8641021251678467,80.0,1792.6171875,1.0,589.1131591796875
exemplar,343,exemplar,exemplar/archive_4/98139b78-5b5f-48a0-80de-d9b6e3d24d09.pt,912.0,2647.671630859375,743.0,1409.0782470703125,2.0,0.0,0.0,2.153435468673706,24.0,218.5128631591797,1.0,24.380420684814453
exemplar,344,exemplar,exemplar/archive_4/9a1f36d7-2816-4b0f-b8b5-b2e65627cf2e.pt,2738.0,1669.4683837890625,2633.0,815.1373901367188,5.0,0.0,14.0,2.320887327194214,537.0,505.3007507324219,3.0,9.021442413330078
exemplar,345,exemplar,exemplar/archive_4/9a6997d9-2bd1-4ff6-9a73-f05621c1f081.pt,21988.0,36125.69140625,24276.0,41677.63671875,0.0,7.951393127441406,5.0,3.060047149658203,6583.0,3067.2861328125,1296.0,877.799560546875
exemplar,346,exemplar,exemplar/archive_4/9ada9795-eb64-47d0-aa19-a9162b706a25.pt,55454.0,17569.578125,9473.0,5076.1240234375,2327.0,119.79029846191406,2.0,7.886129856109619,534.0,425.79058837890625,1.0,3.1610162258148193
exemplar,347,exemplar,exemplar/archive_4/9b0c91ce-b9b1-429d-9742-7450ed142395.pt,3275.0,7404.2783203125,3636.0,4422.45458984375,2.0,10.907225608825684,2.0,4.012951850891113,328.0,150.09014892578125,96.0,35.19453811645508
exemplar,348,exemplar,exemplar/archive_4/9c54421a-7338-494a-8474-d9074a9ecf97.pt,2416.0,2558.962158203125,390.0,663.2592163085938,111.0,106.99264526367188,0.0,2.2049341201782227,265.0,190.79495239257812,1.0,0.8568246960639954
exemplar,349,exemplar,exemplar/archive_4/9d448692-78f8-4d5c-8088-898eb5995a9b.pt,9619.0,15152.171875,8367.0,14057.09765625,0.0,0.0,4.0,3.1421079635620117,6581.0,3225.973388671875,1296.0,1443.200927734375
exemplar,350,exemplar,exemplar/archive_4/9e38eb64-1cfe-4f12-9432-22bdf4a349e1.pt,9207.0,7496.2373046875,6958.0,5125.048828125,6.0,8.00912857055664,1.0,1.5900771617889404,435.0,307.27032470703125,420.0,124.25239562988281
exemplar,351,exemplar,exemplar/archive_4/a391283d-e967-49dc-b6bc-4b02d35e002e.pt,9507.0,15152.171875,8401.0,14057.09765625,0.0,0.0,4.0,3.142106771469116,6582.0,3225.973388671875,1296.0,1443.2003173828125
exemplar,352,exemplar,exemplar/archive_4/a3ea0c4f-3403-453c-81e8-4c9371ba8d41.pt,64857.0,87276.109375,21215.0,54260.8671875,0.0,166.54180908203125,0.0,0.2576797306537628,101.0,136.3311004638672,2.0,38.28766632080078
exemplar,353,exemplar,exemplar/archive_4/aab521f7-157c-46ec-bffc-c37761dff1db.pt,52704.0,17435.703125,32026.0,12382.107421875,24.0,30.02362060546875,1.0,2.5825424194335938,392.0,233.27447509765625,99.0,40.946006774902344
exemplar,354,exemplar,exemplar/archive_4/ab77bd50-b36b-4b19-913c-cd01ff0e8a94.pt,6695.0,7336.48974609375,7690.0,5268.18310546875,8.0,21.721172332763672,2.0,2.9634311199188232,333.0,181.25132751464844,96.0,45.7642707824707
exemplar,355,exemplar,exemplar/archive_4/acd0fc9a-5e08-4344-88ef-ada264891cb6.pt,59520.0,117055.953125,9351.0,67173.84375,0.0,138.9975128173828,0.0,1.1920928955078125e-07,89.0,100.46015167236328,1.0,24.766733169555664
exemplar,356,exemplar,exemplar/archive_4/ad9bbfab-8ff4-49f3-8d9c-ab37947d788a.pt,29483.0,13156.30859375,4514.0,3756.880126953125,5.0,7.135253429412842,2.0,23.543933868408203,538.0,525.5081787109375,2.0,4.037538528442383
exemplar,357,exemplar,exemplar/archive_4/b1e95b21-3d49-4f0f-9eb6-fc4835b0816b.pt,3299.0,1653.7237548828125,4040.0,839.0411376953125,5.0,0.0,0.0,2.293760299682617,1084.0,537.6804809570312,160.0,12.215216636657715
exemplar,358,exemplar,exemplar/archive_4/b3e352b0-02aa-42e9-b905-77d4b7f1dfd1.pt,3057.0,4038.0712890625,2828.0,3550.20458984375,3.0,0.0,2.0,1.9738235473632812,2631.0,970.3259887695312,1024.0,310.9173583984375
exemplar,359,exemplar,exemplar/archive_4/b3ee34d7-b26c-4327-9077-79e2513947cc.pt,345.0,3911.10009765625,297.0,2556.5634765625,0.0,0.0,0.0,1.0743257999420166,17.0,195.13839721679688,1.0,30.461267471313477
exemplar,360,exemplar,exemplar/archive_4/b3ff10dc-d76f-4720-bd29-4bf354efbe46.pt,22877.0,12578.8515625,798.0,4406.61279296875,3.0,18.577407836914062,1.0,4.128505706787109,28.0,150.21871948242188,1.0,22.284446716308594
exemplar,361,exemplar,exemplar/archive_4/b4dfdcc1-4667-49f1-ac5b-183e7ecc2ebc.pt,52.0,2937.11279296875,1.0,995.8345947265625,0.0,0.0,0.0,0.7792807221412659,13.0,107.6459732055664,1.0,10.859109878540039
exemplar,362,exemplar,exemplar/archive_4/b5c285f0-db91-4f79-9db6-e8a7c94edf84.pt,21851.0,12953.9912109375,3533.0,4646.125,5.0,19.158430099487305,2.0,4.092496871948242,39.0,155.3645782470703,1.0,23.230953216552734
exemplar,363,exemplar,exemplar/archive_4/b624fe6a-af6a-49d1-9462-76d216decf06.pt,13427.0,16382.828125,16969.0,13344.9736328125,24.0,30.50296974182129,5.0,4.650406360626221,507.0,285.67864990234375,128.0,62.611656188964844
exemplar,364,exemplar,exemplar/archive_4/b8f39c72-91d2-4d02-b05c-57c42cb15022.pt,2269.0,4821.76611328125,1696.0,2282.91064453125,109.0,0.0,0.0,2.0409138202667236,272.0,888.4193115234375,1.0,99.39019775390625
exemplar,365,exemplar,exemplar/archive_4/bba17e96-bfc6-4f7b-a3b3-e191e54db17e.pt,14842.0,16382.828125,17106.0,13344.9609375,24.0,30.50298500061035,5.0,4.650404930114746,505.0,285.67852783203125,128.0,62.61162567138672
exemplar,366,exemplar,exemplar/archive_4/c0318fb8-5cf4-4868-a6e3-376c95dee192.pt,6459.0,5924.064453125,230.0,1629.561767578125,2.0,16.382753372192383,1.0,2.9679057598114014,18.0,81.80445861816406,1.0,13.532856941223145
exemplar,367,exemplar,exemplar/archive_4/c21d74eb-cbc9-46a8-8b36-055d46bcd75f.pt,15484.0,17206.01953125,17459.0,14040.416015625,26.0,31.293537139892578,6.0,4.698979377746582,591.0,292.1842956542969,160.0,63.85750198364258
exemplar,368,exemplar,exemplar/archive_4/c3db69c9-fbf2-4375-ae82-034c48a2402e.pt,8039.0,14062.5556640625,8344.0,10571.2138671875,5.0,12.503754615783691,4.0,5.678630352020264,587.0,360.10015869140625,160.0,82.76679229736328
exemplar,369,exemplar,exemplar/archive_4/c450d8f6-023f-4ab0-85f6-0934c9d8e967.pt,402.0,3851.66455078125,354.0,2697.328369140625,0.0,0.0,0.0,1.0929521322250366,19.0,226.4996795654297,1.0,41.03108596801758
exemplar,370,exemplar,exemplar/archive_4/c5aa81c6-cac5-44db-bb2d-0450c909ea9f.pt,64637.0,16945.115234375,46157.0,10864.59765625,10.0,20.324016571044922,2.0,6.710577011108398,2214.0,904.3848876953125,1691.0,118.28511810302734
exemplar,371,exemplar,exemplar/archive_4/ca4b5a45-6965-4ecb-9d2e-38ddff7463e5.pt,9741.0,18085.158203125,14518.0,14477.3271484375,5.0,4.371252059936523,3.0,15.49824333190918,2872.0,2072.137451171875,1024.0,492.4317626953125
exemplar,372,exemplar,exemplar/archive_4/cc1c90d0-9335-4c05-bf3a-b750ec5adc20.pt,3275.0,7404.271484375,3636.0,4422.45458984375,2.0,10.907222747802734,2.0,4.012950897216797,328.0,150.0902099609375,96.0,35.19451904296875
exemplar,373,exemplar,exemplar/archive_4/cc2d357e-c3ae-491b-b7d7-703727137e95.pt,20159.0,28780.044921875,35143.0,18725.80859375,128.0,101.3973159790039,6.0,12.712265014648438,856.0,522.9345703125,128.0,49.600582122802734
exemplar,374,exemplar,exemplar/archive_4/cd22e983-c9c3-4d45-929b-a53cb807295c.pt,5147.0,7392.6845703125,1377.0,6169.93603515625,267.0,17.959110260009766,0.0,1.0050476789474487,20.0,144.95748901367188,1.0,34.59370422363281
exemplar,375,exemplar,exemplar/archive_4/d2dd5e51-59c3-41f2-aa1b-e0f82ffe6545.pt,7939.0,14062.5556640625,8237.0,10571.2138671875,5.0,12.503751754760742,4.0,5.678631782531738,584.0,360.1000061035156,160.0,82.76675415039062
exemplar,376,exemplar,exemplar/archive_4/d89b0478-e5aa-475d-af6f-3e044a842d22.pt,23288.0,13884.6796875,3553.0,13597.3671875,5.0,5.289536952972412,2.0,2.9333879947662354,81.0,1215.718505859375,53.0,413.587158203125
exemplar,377,exemplar,exemplar/archive_4/d8f74d4e-05f1-4955-86f0-830ca762b176.pt,10390.0,18085.158203125,14642.0,14477.3271484375,5.0,4.371252059936523,3.0,15.49824333190918,2875.0,2072.137451171875,1024.0,492.4317626953125
exemplar,378,exemplar,exemplar/archive_4/d9f93158-6ccc-4d2b-a170-237f34ce5331.pt,4848.0,7392.6845703125,532.0,6169.93603515625,281.0,17.95911979675293,0.0,1.0050479173660278,14.0,144.95748901367188,1.0,34.59370422363281
exemplar,379,exemplar,exemplar/archive_4/da3f016e-20ab-4fd7-952a-595b8f71f7af.pt,22664.0,13287.5302734375,1522.0,6441.0693359375,3.0,13.471899032592773,1.0,3.488921880722046,41.0,231.63063049316406,10.0,43.965919494628906
exemplar,380,exemplar,exemplar/archive_4/db688f60-06c1-4a90-9135-f24939f749c1.pt,86.0,1970.507080078125,5.0,527.199462890625,2.0,0.0,0.0,1.6241459846496582,15.0,135.7133331298828,1.0,9.647597312927246
exemplar,381,exemplar,exemplar/archive_4/de2b487d-3146-4596-8935-9b3df1e70a4f.pt,7720.0,13643.3134765625,8021.0,10368.8349609375,3.0,12.053559303283691,4.0,5.7381439208984375,500.0,352.087158203125,128.0,80.20597839355469
exemplar,382,exemplar,exemplar/archive_4/deae57f3-6e32-43b3-82ae-eb94666b0ec5.pt,68.0,2937.11279296875,1.0,995.8345947265625,0.0,0.0,0.0,0.7792804837226868,12.0,107.6459732055664,1.0,10.859115600585938
exemplar,383,exemplar,exemplar/archive_4/dff07353-88f8-4592-9a88-cda83160792d.pt,44477.0,178252.921875,44202.0,116345.5546875,54.0,311.2456359863281,9.0,0.43132421374320984,828.0,268.030517578125,144.0,68.64401245117188
exemplar,384,exemplar,exemplar/archive_4/e276239b-fb1a-42fe-a821-26f171cd3740.pt,7705.0,6368.962890625,10113.0,5921.40380859375,128.0,0.0,2.0,3.057673692703247,3010.0,1287.9625244140625,1024.0,253.92559814453125
exemplar,385,exemplar,exemplar/archive_4/e950ae24-8149-4902-abb3-92bbe2aecd63.pt,1400.0,3720.211669921875,1336.0,3195.939453125,2.0,0.0,0.0,1.7454265356063843,521.0,818.3203125,192.0,265.8621826171875
exemplar,386,exemplar,exemplar/archive_4/eaba7bd5-f8e5-45c7-8194-e722f3af20ff.pt,2340.0,6061.4619140625,218.0,1570.6343994140625,0.0,0.0,0.0,1.9210600852966309,79.0,170.02053833007812,1.0,11.102436065673828
exemplar,387,exemplar,exemplar/archive_4/ead2ec1e-40d8-4acc-91c8-0d319af0c066.pt,55689.0,18542.279296875,31223.0,13226.322265625,27.0,30.776033401489258,2.0,2.6091079711914062,402.0,239.01878356933594,105.0,42.059043884277344
exemplar,388,exemplar,exemplar/archive_4/eb5a1ea8-c51d-4bb9-b7b4-75eed4853c86.pt,20451.0,28780.044921875,34313.0,18725.826171875,128.0,101.3973159790039,6.0,12.712265014648438,857.0,522.9345703125,128.0,49.600616455078125
exemplar,389,exemplar,exemplar/archive_4/ebce0d5b-5f05-4508-8ee8-3f25e158eb65.pt,7101.0,7298.22900390625,3358.0,7533.29345703125,307.0,4.07414436340332,0.0,1.5143616199493408,15.0,647.7315673828125,1.0,350.1219482421875
exemplar,390,exemplar,exemplar/archive_4/ecd4a3ae-951b-4cf2-9c32-79bbf5637673.pt,3041.0,2338.0712890625,1909.0,1243.90185546875,5.0,0.0,0.0,2.834149122238159,40.0,220.9919891357422,3.0,16.056875228881836
exemplar,391,exemplar,exemplar/archive_4/ed65d0b7-0b0c-4b25-b9b3-bba6415e835f.pt,56036.0,18542.279296875,34149.0,13226.3349609375,27.0,30.77604103088379,2.0,2.60910701751709,398.0,239.01889038085938,101.0,42.059043884277344
exemplar,392,exemplar,exemplar/archive_4/ef021cd3-8378-4d1e-9f1f-070602c5f684.pt,64588.0,16945.115234375,47501.0,10864.59765625,10.0,20.324007034301758,2.0,6.710577011108398,2228.0,904.3843994140625,1704.0,118.28511810302734
exemplar,393,exemplar,exemplar/archive_4/ef2865d0-3f5b-4b1f-8655-ff7d550736c2.pt,132.0,1970.509033203125,42.0,527.199462890625,2.0,0.0,0.0,1.624145269393921,18.0,135.71327209472656,1.0,9.647589683532715
exemplar,394,exemplar,exemplar/archive_4/efa78183-092f-4770-86fd-d318cda4daa2.pt,9862.0,7554.5556640625,5912.0,5335.78857421875,425.0,25.35369110107422,1.0,3.219212532043457,29.0,166.665771484375,2.0,37.16573715209961
exemplar,395,exemplar,exemplar/archive_4/f1369026-b6ce-4401-8f3a-9079a7bb9cfb.pt,64836.0,112960.015625,52517.0,73359.3125,1977.0,270.7843933105469,4.0,13.148000717163086,313.0,625.8684692382812,9.0,49.96118927001953
exemplar,396,exemplar,exemplar/archive_4/f2ac7800-495d-44fc-81ae-b3c9fdc3656d.pt,65321.0,87276.109375,21362.0,54260.81640625,0.0,166.54214477539062,0.0,0.2576797306537628,101.0,136.33096313476562,2.0,38.28767395019531
exemplar,397,exemplar,exemplar/archive_4/f9012451-79a9-4be9-be03-9b56617d2e21.pt,5018.0,3527.522216796875,4604.0,2026.995849609375,128.0,153.2133026123047,0.0,3.354426145553589,409.0,266.13873291015625,64.0,3.4289331436157227
exemplar,398,exemplar,exemplar/archive_4/f91aaca3-3e17-40f5-8dbc-f91b66fb6ff6.pt,14813.0,17892.97265625,18681.0,16770.48046875,9.0,8.474462509155273,3.0,3.3657917976379395,2767.0,880.168212890625,1024.0,390.345458984375
exemplar,399,exemplar,exemplar/archive_4/fe7e730c-d073-4096-b2ee-40007ede4bd8.pt,26547.0,13156.30859375,5472.0,3756.880126953125,5.0,7.135251522064209,2.0,23.543922424316406,538.0,525.5081787109375,2.0,4.037540912628174
