split,dataset_index,kernel_family,tensor_path,target_lut,prediction_lut,target_ff,prediction_ff,target_dsp,prediction_dsp,target_bram,prediction_bram,target_cycles_max,prediction_cycles_max,target_interval_max,prediction_interval_max
test,2,2layer,2layer/archive_1/0bc7e3b8-c2a6-427a-ab7b-97c8d1f26de3.pt,12268.0,19874.52734375,8597.0,15181.1015625,0.0,0.0,1.5,2.4768762588500977,4357.0,4642.5634765625,2816.0,2500.58154296875
test,4,2layer,2layer/archive_1/0ceedcf7-5069-43e5-b761-a592699392fc.pt,21806.0,18736.77734375,17005.0,12711.30859375,3.0,4.067165374755859,2.0,1.965877652168274,6149.0,4091.493896484375,4096.0,2161.4033203125
test,7,2layer,2layer/archive_1/11fe5594-fbbe-4031-ac3a-4b43ba75a01f.pt,22719.0,21125.62109375,14057.0,14521.841796875,11.0,5.3788018226623535,1.0,1.8479877710342407,1797.0,3978.311767578125,1024.0,2060.744140625
test,30,2layer,2layer/archive_1/6979d03f-7ff1-4738-886e-3ee059a69d8a.pt,11963.0,18807.31640625,8924.0,12803.732421875,2.0,4.072720527648926,1.5,1.9495261907577515,4229.0,4040.833984375,2304.0,2119.863037109375
test,40,2layer,2layer/archive_1/80788302-2292-4caa-a003-821aed591a4a.pt,25839.0,19011.970703125,19958.0,13829.818359375,0.0,0.0,1.0,2.3467586040496826,3589.0,4427.05908203125,1792.0,2365.583740234375
test,43,2layer,2layer/archive_1/81ae65ee-db11-4ff1-835c-a62e010c7087.pt,15439.0,20928.51171875,11020.0,14341.986328125,2.0,5.286265850067139,2.0,1.8319861888885498,7685.0,4070.852783203125,3840.0,2134.14697265625
test,65,2layer,2layer/archive_1/b7ff2436-119d-4ba9-9b49-189b5fabbe4c.pt,14913.0,20889.1875,8705.0,14295.431640625,2.0,5.255790710449219,1.5,1.8317036628723145,3845.0,4047.19921875,2880.0,2117.992919921875
test,66,2layer,2layer/archive_1/b9c55cc1-33b8-4573-98e9-76d328fb262d.pt,14211.0,18190.490234375,10576.0,12384.2685546875,3.0,3.7906124591827393,1.0,2.1581344604492188,3461.0,4042.823486328125,1728.0,2106.617919921875
test,77,2layer,2layer/archive_1/d18488ed-9367-45dc-9e7e-03a6dad1662e.pt,21494.0,21311.837890625,12425.0,14688.7587890625,5.0,5.488759994506836,1.5,1.8411245346069336,4229.0,4046.2998046875,2560.0,2110.32861328125
test,80,2layer,2layer/archive_1/d8705803-c54c-4ad6-bdd4-bea949213cf1.pt,17388.0,18113.43359375,9965.0,12253.525390625,2.0,3.8010597229003906,3.0,2.1785497665405273,5637.0,4095.41796875,3328.0,2149.478515625
test,85,2layer,2layer/archive_1/e2d32045-fe85-41fa-87fd-34469cfd2b33.pt,17230.0,18184.158203125,12142.0,12371.2470703125,4.0,3.793865203857422,2.0,2.1577649116516113,3845.0,4048.724365234375,1920.0,2111.094970703125
test,88,2layer,2layer/archive_1/e71cebc8-9c8d-4db4-af21-b5ffd3e7d1e9.pt,6342.0,20833.30078125,6039.0,14269.712890625,2.0,5.2263922691345215,1.0,1.8373141288757324,2501.0,4017.427734375,1920.0,2094.45263671875
test,91,2layer,2layer/archive_1/ecfce556-484f-4093-a80c-893fda981e41.pt,22052.0,21013.513671875,13102.0,14412.4248046875,4.0,5.327329635620117,2.0,1.8336148262023926,5381.0,4058.817138671875,2912.0,2124.473388671875
test,96,2layer,2layer/archive_1/f8730447-91f8-4ba9-8e61-8f68f3e2bcf2.pt,17442.0,18100.9140625,12252.0,12238.78515625,3.0,3.802757740020752,4.0,2.1781630516052246,6245.0,4109.03955078125,3840.0,2159.68017578125
test,102,2layer,2layer/archive_2/09ec4d4c-915c-43e4-9a54-58a2827cf9ab.pt,13361.0,18319.201171875,9745.0,12513.9716796875,5.0,3.812276840209961,1.0,2.124445915222168,1301.0,3951.865478515625,720.0,2034.3614501953125
test,116,2layer,2layer/archive_2/2ac8c174-e837-49a4-8c42-d36055b4f958.pt,26666.0,20248.298828125,20621.0,15200.732421875,0.0,0.0,1.5,2.4638283252716064,4445.0,4619.6142578125,2640.0,2481.443115234375
test,117,2layer,2layer/archive_2/2b32602e-3d8f-4da0-b7a4-3ea8d164b7c6.pt,13778.0,18975.359375,9950.0,13802.318359375,0.0,0.0,3.0,2.343762159347534,4805.0,4474.47265625,2688.0,2404.543212890625
test,123,2layer,2layer/archive_2/35d85fb7-eceb-4bbb-8fcf-e217cf41c819.pt,18287.0,18791.96875,13226.0,12793.0390625,3.0,4.06733512878418,1.5,1.9492104053497314,4229.0,4056.0380859375,2688.0,2132.0283203125
test,124,2layer,2layer/archive_2/3886fc72-587a-462e-b4bf-d0a55ef58761.pt,19428.0,19573.34765625,15040.0,13205.876953125,7.0,4.574097156524658,4.0,1.8357874155044556,1925.0,3919.59326171875,960.0,2032.8131103515625
test,138,2layer,2layer/archive_2/5d0eb902-1bc3-48ca-b0d4-3d6de45181de.pt,24382.0,20186.634765625,18225.0,15163.982421875,0.0,0.0,2.5,2.4603652954101562,8165.0,4709.80859375,5280.0,2550.1494140625
test,148,2layer,2layer/archive_2/7e1727a1-0ff8-4992-b05a-0691712f8fd0.pt,22263.0,18862.12109375,14885.0,12819.0546875,6.0,4.115017414093018,1.5,1.9405953884124756,3541.0,4030.63623046875,2080.0,2111.687255859375
test,159,2layer,2layer/archive_2/8c8e656f-83a3-47e2-9829-8045a8142667.pt,17167.0,21087.091796875,12847.0,14474.634765625,2.0,5.368457794189453,2.5,1.830472469329834,7749.0,4089.38671875,4224.0,2145.386962890625
test,169,2layer,2layer/archive_2/aa3e8729-4585-46ef-9832-c3b7f47e4df1.pt,27599.0,21113.15234375,15971.0,14496.5185546875,3.0,5.3840131759643555,2.5,1.8282811641693115,8453.0,4114.3701171875,5376.0,2160.394287109375
test,171,2layer,2layer/archive_2/b461a518-3d3b-479a-938a-0c154da7735b.pt,35035.0,20963.451171875,18748.0,14361.06640625,6.0,5.3005523681640625,2.0,1.8290044069290161,7077.0,4079.7939453125,3744.0,2141.799560546875
test,176,2layer,2layer/archive_2/c6918bf7-28f9-40a7-a1c4-3bcf2f4e385f.pt,13092.0,20346.7734375,7840.0,15259.3720703125,0.0,0.0,1.0,2.469381093978882,1349.0,4485.4423828125,960.0,2380.55615234375
test,193,2layer,2layer/archive_2/f2428e9d-edd8-42e7-99c6-e046e4644daf.pt,16523.0,19823.263671875,12656.0,15164.517578125,0.0,0.0,2.5,2.475445508956909,6341.0,4693.1396484375,3456.0,2535.17724609375
test,194,2layer,2layer/archive_2/f3afd05a-bc98-4606-93b9-ee33d6762e32.pt,19835.0,19890.1328125,15641.0,15199.0078125,0.0,0.0,4.5,2.4786224365234375,4789.0,4642.107421875,2496.0,2498.26611328125
test,198,2layer,2layer/archive_2/fe60de96-e0a9-4ea9-8814-8ce712e4cdfc.pt,21443.0,19875.41796875,16272.0,15202.4873046875,0.0,0.0,4.5,2.477522850036621,5205.0,4676.9619140625,2704.0,2521.53515625
test,200,2layer,2layer/archive_3/019ce398-6703-4c14-a1d4-a1d4f721aa96.pt,10292.0,19530.98046875,8216.0,13153.861328125,2.0,4.5589599609375,1.0,1.8283438682556152,2949.0,3965.777587890625,1920.0,2074.531982421875
test,202,2layer,2layer/archive_3/0bd01774-a474-431b-b52c-aca5c0745207.pt,9183.0,19016.59375,6235.0,13825.13671875,0.0,0.0,1.0,2.3461036682128906,2309.0,4415.68896484375,1920.0,2360.680908203125
test,204,2layer,2layer/archive_3/10d47412-3b99-4416-8957-0dd529a2c076.pt,9044.0,18292.751953125,7062.0,12474.43359375,2.0,3.8097808361053467,1.0,2.135864734649658,1413.0,3963.550048828125,896.0,2044.760009765625
test,215,2layer,2layer/archive_3/2620e563-4c2a-45a4-8260-a06013668b23.pt,17234.0,21178.8984375,10011.0,14595.0986328125,5.0,5.414960861206055,1.0,1.8544617891311646,1925.0,3970.4638671875,960.0,2051.739013671875
test,222,2layer,2layer/archive_3/39669ce2-ff95-4a24-9e66-156ceeae168f.pt,12792.0,20263.71484375,10383.0,15208.6796875,0.0,0.0,1.5,2.464402198791504,3749.0,4595.56884765625,2304.0,2463.79052734375
test,244,2layer,2layer/archive_3/73b18c1f-a08b-4490-9b1e-068dd5f1bc6f.pt,11739.0,19453.34765625,9609.0,13105.650390625,2.0,4.5377044677734375,2.0,1.8233492374420166,6085.0,4035.20654296875,4480.0,2129.940185546875
test,253,2layer,2layer/archive_3/8863bfbc-c561-4a7b-af1a-8de2d0557eb1.pt,15385.0,18066.005859375,12717.0,12192.845703125,2.0,3.7992453575134277,3.0,2.191617012023926,7749.0,4132.33740234375,4928.0,2179.05029296875
test,254,2layer,2layer/archive_3/88dc4815-a29e-4ae4-b3ea-5002f04e93f2.pt,15287.0,20235.943359375,10340.0,15189.3564453125,0.0,0.0,1.5,2.462317705154419,4997.0,4631.1474609375,3072.0,2492.00048828125
test,262,2layer,2layer/archive_3/96ddafdb-c1a1-464d-a77e-1f6956a91deb.pt,29596.0,21434.7734375,15628.0,14813.22265625,10.0,5.553264141082764,1.0,1.8522555828094482,2397.0,3997.96875,1248.0,2070.5791015625
test,264,2layer,2layer/archive_3/98c7083e-8b81-4b46-99a6-9214ede4dd8c.pt,30491.0,21175.2421875,17939.0,14556.771484375,4.0,5.419681072235107,3.0,1.8295925855636597,10213.0,4120.08447265625,5280.0,2162.104736328125
test,269,2layer,2layer/archive_3/b1bf04f8-e2f7-4a52-bdde-c01f4bad1309.pt,10283.0,19845.962890625,8823.0,15167.0341796875,0.0,0.0,1.5,2.4757118225097656,4869.0,4664.24658203125,3328.0,2516.09814453125
test,277,2layer,2layer/archive_3/cb71f7ec-d572-47de-9a42-bd8019b6f8dc.pt,23057.0,19859.1796875,17932.0,15188.4296875,0.0,0.0,4.5,2.477851390838623,5605.0,4671.03662109375,2912.0,2518.034912109375
test,281,2layer,2layer/archive_3/d5f86079-3543-44fc-98fa-3a44b519fadb.pt,20350.0,21332.599609375,12187.0,14712.1728515625,4.0,5.500969886779785,2.0,1.8432528972625732,4325.0,4039.51611328125,2240.0,2104.41015625
test,291,2layer,2layer/archive_3/f34246be-39d1-451b-80fe-ead3345822d9.pt,14755.0,19572.05859375,9644.0,13186.10546875,5.0,4.57862663269043,1.0,1.8294970989227295,2181.0,3935.846435546875,1152.0,2047.1220703125
test,296,2layer,2layer/archive_3/fa89eaf8-f149-4239-a01e-f7c059112c6f.pt,20498.0,18794.13671875,14096.0,12779.0400390625,4.0,4.081909656524658,2.0,1.9419944286346436,6405.0,4083.3916015625,3584.0,2154.272705078125
test,302,2layer,2layer/archive_4/0531fe1b-e636-44ef-97b4-dfa2611005cd.pt,9576.0,19606.32421875,5704.0,13217.4697265625,2.0,4.580252170562744,0.5,1.8367736339569092,1029.0,3896.264404296875,768.0,2016.482666015625
test,311,2layer,2layer/archive_4/220abe4b-c84a-4896-a433-d724e728e262.pt,20322.0,21180.513671875,12629.0,14562.798828125,3.0,5.418783664703369,2.0,1.8340932130813599,6661.0,4075.379150390625,3584.0,2134.4228515625
test,315,2layer,2layer/archive_4/247e4213-8ae5-462d-b957-a9f783755031.pt,10996.0,19905.845703125,7502.0,15194.6162109375,0.0,0.0,1.5,2.478119134902954,3333.0,4615.791015625,2560.0,2481.780517578125
test,329,2layer,2layer/archive_4/44856706-581b-4c89-8857-83ce12bad9ec.pt,14256.0,19843.69140625,11520.0,15166.1669921875,0.0,0.0,1.5,2.475625514984131,4229.0,4666.400390625,3520.0,2517.59912109375
test,337,2layer,2layer/archive_4/62878700-1b8b-452f-8cfd-c1c35028130d.pt,36022.0,21089.224609375,19075.0,14513.64453125,26.0,5.36578369140625,15.0,1.8510892391204834,1733.0,3977.412353515625,896.0,2058.59033203125
test,338,2layer,2layer/archive_4/62ea446b-b849-47d5-8216-a2f7c8cb4bac.pt,25133.0,19506.333984375,17444.0,13122.6103515625,6.0,4.575302600860596,2.0,1.814683437347412,6533.0,4021.376708984375,3456.0,2114.165771484375
test,367,2layer,2layer/archive_4/b5944cf1-ec69-416a-918c-89e52b78fc28.pt,20893.0,20668.998046875,12395.0,14116.3466796875,3.0,5.1401166915893555,2.0,1.827695608139038,6277.0,4056.332275390625,3136.0,2127.315185546875
test,377,2layer,2layer/archive_4/c1a49590-4bb5-4f0e-8f35-7b55a980a2ab.pt,36397.0,21247.685546875,22458.0,14623.2861328125,12.0,5.4545769691467285,1.5,1.8353111743927002,5637.0,4073.739013671875,3584.0,2132.11376953125
test,389,2layer,2layer/archive_4/de7b06f7-2fcc-4ab6-8233-7ad7645abe6e.pt,17550.0,18820.71875,10198.0,12805.173828125,3.0,4.084716796875,1.5,1.94618558883667,3685.0,4042.2412109375,2400.0,2121.09814453125
test,406,3layer,3layer/archive_1/1779f702-f865-451f-89d0-4f6b42a09e77.pt,25151.0,26967.12109375,20528.0,21213.830078125,0.0,0.0,2.0,3.0827643871307373,2984.0,4338.90380859375,1120.0,1991.1402587890625
test,407,3layer,3layer/archive_1/182b1883-c1ef-4e91-b811-6a3d11a6d43f.pt,51765.0,29799.158203125,27772.0,22662.28515625,29.0,7.865926742553711,15.5,2.51159930229187,2712.0,4167.45361328125,1040.0,1746.389892578125
test,409,3layer,3layer/archive_1/1aefc079-3d88-4736-ab6a-8821bf651cfa.pt,25692.0,29339.52734375,16084.0,22226.990234375,10.0,7.610488414764404,1.5,2.506622076034546,2120.0,4133.12158203125,704.0,1735.3829345703125
test,432,3layer,3layer/archive_1/652d7823-3b2f-48c4-b58a-bf36a9040d34.pt,43876.0,29664.724609375,29036.0,22451.01171875,17.0,7.810318470001221,1.5,2.4854254722595215,5160.0,4221.8583984375,2048.0,1784.989013671875
test,440,3layer,3layer/archive_1/7964a722-8bad-4458-9c56-7a00af65391c.pt,19231.0,26896.97265625,15202.0,21154.794921875,0.0,0.0,1.5,3.076136827468872,2824.0,4374.0810546875,1600.0,2017.083984375
test,442,3layer,3layer/archive_1/7dff1db2-d16a-4a01-829b-05b72a41623c.pt,28802.0,29152.177734375,20556.0,21921.41796875,4.0,7.560986042022705,3.0,2.4565258026123047,10824.0,4272.53662109375,3840.0,1826.99560546875
test,446,3layer,3layer/archive_1/88cf0a0e-91b2-4947-96d7-9eed8547d6cd.pt,20444.0,26909.77734375,17351.0,21167.20703125,0.0,0.0,1.5,3.07767653465271,3144.0,4370.26513671875,1536.0,2013.6495361328125
test,461,3layer,3layer/archive_1/9e767c1a-c86e-47d2-9618-8ef0d7eff20c.pt,38774.0,29109.560546875,24445.0,21873.30078125,6.0,7.54094934463501,3.5,2.452935218811035,10632.0,4277.60986328125,4224.0,1831.79345703125
test,474,3layer,3layer/archive_1/bd7b1de0-0728-4813-a20e-2217a437ae55.pt,20365.0,26757.94140625,15045.0,21051.8671875,0.0,0.0,2.0,3.0653202533721924,5224.0,4466.12353515625,3168.0,2080.2138671875
test,475,3layer,3layer/archive_1/c12178a4-9a41-4408-bb6e-2a2b0220f271.pt,19056.0,24161.88671875,14960.0,17499.908203125,4.0,4.817389488220215,2.0,2.580888509750366,5512.0,4067.049072265625,3456.0,1812.2874755859375
test,479,3layer,3layer/archive_1/cac2ba37-2e08-4ee6-a30f-40100774fba2.pt,16528.0,24158.31640625,13620.0,17500.109375,3.0,4.813167572021484,2.5,2.5821423530578613,6664.0,4067.72412109375,3136.0,1813.0477294921875
test,491,3layer,3layer/archive_1/e15f45e8-e937-4419-b661-351b6a4e3b24.pt,26686.0,28973.4296875,18612.0,21734.931640625,4.0,7.4639692306518555,3.0,2.4498658180236816,9480.0,4270.271484375,3840.0,1830.1773681640625
test,492,3layer,3layer/archive_1/e512b35b-2fc9-49ce-87f4-274643a853bd.pt,11232.0,25819.181640625,9899.0,18673.1796875,3.0,5.810657978057861,2.0,2.400379180908203,4232.0,4111.34130859375,3584.0,1777.684326171875
test,499,3layer,3layer/archive_1/ffdcecc5-d14c-43be-b3c4-2857c53c08f1.pt,15840.0,24353.1640625,11860.0,17653.62890625,3.0,4.863335609436035,1.5,2.599717140197754,2248.0,3969.138427734375,1152.0,1744.5594482421875
test,507,3layer,3layer/archive_2/1b0f0ba7-0377-4474-b62e-4b95e0367519.pt,30215.0,26042.62109375,23118.0,20507.046875,0.0,0.0,3.0,3.008486747741699,9608.0,5079.84912109375,3840.0,2482.507568359375
test,510,3layer,3layer/archive_2/212e820a-7f1a-4ca0-846a-920f20a79783.pt,40991.0,24948.951171875,28078.0,17782.443359375,26.0,5.404609680175781,36.5,2.3374545574188232,2840.0,4279.88720703125,1040.0,1930.0777587890625
test,516,3layer,3layer/archive_2/326bc530-45c2-4c48-9584-277b3c01d4c1.pt,23687.0,26104.240234375,19142.0,20546.279296875,0.0,0.0,2.5,3.01247239112854,6504.0,5005.72607421875,2464.0,2438.04345703125
test,518,3layer,3layer/archive_2/39ede89b-4430-4736-a43a-4d76b5fa631b.pt,25267.0,27589.59375,15906.0,20283.474609375,10.0,6.792781352996826,1.5,2.3628883361816406,2984.0,4405.044921875,1152.0,1957.514892578125
test,528,3layer,3layer/archive_2/4b6b637a-e175-4c06-b927-b1f1a0bf1694.pt,20377.0,23309.93359375,15214.0,16545.44140625,3.0,4.672931671142578,2.5,2.6882269382476807,8520.0,4454.17724609375,3520.0,2097.06396484375
test,535,3layer,3layer/archive_2/598e9e38-fc65-430b-84cb-365d55e367a2.pt,46096.0,27714.28125,31967.0,20381.052734375,32.0,6.8534440994262695,57.5,2.3626041412353516,3112.0,4405.25537109375,1120.0,1957.34765625
test,537,3layer,3layer/archive_2/5e8ea48b-db26-40f2-8fbe-99c095cf4c68.pt,46527.0,27165.443359375,27779.0,19847.515625,7.0,6.593408584594727,4.5,2.3336007595062256,12776.0,4478.1494140625,4928.0,2016.936767578125
test,560,3layer,3layer/archive_2/9dadd0df-130d-4cad-bbca-0e76e22635c8.pt,21325.0,26107.154296875,18310.0,20546.279296875,0.0,0.0,3.0,3.0124547481536865,5256.0,5000.0810546875,2688.0,2435.360595703125
test,576,3layer,3layer/archive_2/baf77b73-37f4-46f9-b8f0-93d69797cd82.pt,30315.0,26213.8125,25472.0,20621.15234375,0.0,0.0,4.5,3.019012689590454,2952.0,4870.2275390625,1024.0,2355.11767578125
test,588,3layer,3layer/archive_2/d6607975-b0f4-45d8-9501-72d777ee383b.pt,42315.0,27347.796875,25809.0,19999.39453125,6.0,6.685416221618652,3.5,2.3337020874023438,12488.0,4485.48974609375,5280.0,2020.154052734375
test,591,3layer,3layer/archive_2/dde3b4b7-3312-479a-bdc3-87fa33a93df5.pt,16389.0,26189.5234375,15234.0,20601.8671875,0.0,0.0,1.5,3.0173845291137695,3400.0,4897.9755859375,1280.0,2373.09423828125
test,602,3layer,3layer/archive_3/05df7d2d-f518-4f33-afc3-8514d2a19475.pt,16725.0,27280.92578125,14712.0,20016.60546875,3.0,6.63002347946167,1.5,2.363408088684082,2120.0,4383.24072265625,896.0,1946.6419677734375
test,603,3layer,3layer/archive_3/0ac9befc-ac0d-4a71-ae58-22e7e1bdffc2.pt,10332.0,27316.75,8506.0,19987.017578125,3.0,6.6474995613098145,1.5,2.3483428955078125,2952.0,4412.32470703125,1920.0,1971.4605712890625
test,604,3layer,3layer/archive_3/0b9292d5-b52f-4bcf-9d7f-8ec507a82838.pt,16178.0,27232.732421875,12690.0,19903.263671875,3.0,6.610795497894287,2.0,2.341907501220703,5768.0,4432.26513671875,2304.0,1986.56689453125
test,609,3layer,3layer/archive_3/146dcf3a-693e-4216-9880-5d5271eef9ef.pt,29328.0,26985.669921875,21850.0,19679.234375,4.0,6.4942626953125,3.0,2.333008289337158,9736.0,4455.9619140625,3584.0,2005.9683837890625
test,616,3layer,3layer/archive_3/2552149a-df3f-4a43-bbb0-f50f0aa86a1d.pt,30608.0,23519.77734375,23092.0,16880.99609375,22.0,4.66445779800415,13.5,2.6389706134796143,2568.0,4388.73388671875,1024.0,2039.1246337890625
test,618,3layer,3layer/archive_3/2a171325-74e9-44cd-ad59-2d6e0df0ca79.pt,25048.0,26038.87109375,20557.0,20495.6875,0.0,0.0,3.0,3.007408857345581,8520.0,5076.25,4160.0,2483.821044921875
test,627,3layer,3layer/archive_3/45890d72-3caf-40a6-931a-638e3aad7bea.pt,13786.0,23442.13671875,12163.0,16715.8671875,3.0,4.676359176635742,1.5,2.664375066757202,3272.0,4395.6259765625,1728.0,2052.13232421875
test,635,3layer,3layer/archive_3/5e9ac136-7284-4f22-a5ee-61b5b7e7063d.pt,17072.0,26087.267578125,14929.0,20525.51953125,0.0,0.0,2.5,3.009793281555176,5704.0,5007.0634765625,2816.0,2442.53564453125
test,657,3layer,3layer/archive_3/a1851e40-5a08-4219-a3f1-8d948236f276.pt,45012.0,27486.40625,27048.0,20137.677734375,8.0,6.754568576812744,3.0,2.3404736518859863,10120.0,4472.322265625,4032.0,2008.174560546875
test,667,3layer,3layer/archive_3/b682c296-4570-4878-873f-d5e1915cbc27.pt,30544.0,26209.0625,22415.0,20620.798828125,0.0,0.0,7.5,3.019674777984619,2968.0,4887.91259765625,1120.0,2364.74072265625
test,672,3layer,3layer/archive_3/becbb122-65be-480b-acb2-ebe38341ad8a.pt,38793.0,27212.3515625,24266.0,19898.0078125,6.0,6.61565637588501,3.0,2.337442636489868,10376.0,4468.1220703125,4032.0,2008.8702392578125
test,674,3layer,3layer/archive_3/c2ce15f0-780c-406b-b005-bb243ccf18e1.pt,21256.0,26083.0625,18646.0,20525.302734375,0.0,0.0,3.0,3.0102875232696533,5000.0,5022.35107421875,3584.0,2450.85400390625
test,679,3layer,3layer/archive_3/cf982a72-c60b-4b7d-9087-1e193c4ab155.pt,16313.0,24868.798828125,13555.0,17706.169921875,3.0,5.389540672302246,2.5,2.3263542652130127,6152.0,4321.26708984375,2560.0,1963.6517333984375
test,683,3layer,3layer/archive_3/d5ca8453-257a-4d9c-a648-cf8ccbc5ec86.pt,38676.0,27644.51171875,24210.0,20342.15625,20.0,6.818081378936768,5.5,2.367368698120117,2760.0,4394.6240234375,960.0,1948.975341796875
test,685,3layer,3layer/archive_3/d7c36037-4ea5-4170-9880-b18dc15b2262.pt,23507.0,26195.71875,14930.0,20601.80859375,0.0,0.0,1.0,3.01662278175354,1991.0,4875.88916015625,1280.0,2361.26904296875
test,695,3layer,3layer/archive_3/f28597de-38ba-4ad3-93a2-3851c0324492.pt,19264.0,27285.115234375,13846.0,19940.76953125,4.0,6.63627290725708,2.0,2.3407645225524902,4168.0,4435.3564453125,3072.0,1988.75927734375
test,702,3layer,3layer/archive_4/02a91569-c36f-4708-a341-a13f8737a0a3.pt,32138.0,26226.6171875,27000.0,20635.0625,0.0,0.0,10.5,3.020630359649658,2824.0,4865.1064453125,960.0,2349.9990234375
test,703,3layer,3layer/archive_4/04992b4f-8e3a-4ba6-ab8e-f7067efbefd1.pt,24924.0,26022.337890625,19188.0,20488.0859375,0.0,0.0,4.0,3.0070157051086426,9288.0,5105.3955078125,4928.0,2500.281005859375
test,709,3layer,3layer/archive_4/11cb1446-553d-4d42-beb0-8cef419745d7.pt,31494.0,23554.1015625,23654.0,16864.181640625,23.0,4.688520908355713,13.5,2.631903886795044,2504.0,4354.63916015625,936.0,2019.793701171875
test,715,3layer,3layer/archive_4/18e0db09-f70f-4bc2-88f2-22eefb41fbed.pt,24514.0,23560.6171875,20767.0,16858.6484375,11.0,4.695786476135254,8.0,2.628204584121704,2760.0,4349.3837890625,1024.0,2016.8443603515625
test,725,3layer,3layer/archive_4/37086fe8-6c4f-463e-a764-7d76835deeec.pt,20184.0,23539.81640625,17426.0,16838.8671875,9.0,4.688929080963135,6.5,2.636404275894165,2728.0,4358.23828125,1056.0,2023.1324462890625
test,726,3layer,3layer/archive_4/397c597b-baf0-4982-b73e-1b96cc21c475.pt,29462.0,26021.072265625,28124.0,20487.55859375,0.0,0.0,6.5,3.0072128772735596,9992.0,5111.08642578125,5376.0,2503.626220703125
test,727,3layer,3layer/archive_4/3a67d407-0d04-48d4-ab09-4d2496cfd57c.pt,32895.0,27732.578125,20306.0,20399.642578125,15.0,6.861546516418457,1.5,2.3640191555023193,2656.0,4401.3154296875,1152.0,1954.29833984375
test,729,3layer,3layer/archive_4/40ee2292-d986-48fb-a072-30da3405f278.pt,21807.0,26063.46875,17365.0,20515.712890625,0.0,0.0,2.5,3.009453058242798,8232.0,5050.994140625,3360.0,2466.96240234375
test,733,3layer,3layer/archive_4/4eac11b2-3e2f-46dd-9793-f7933d08a32a.pt,14611.0,26089.083984375,11599.0,20524.775390625,0.0,0.0,2.0,3.009716272354126,4872.0,5002.9765625,3072.0,2440.799072265625
test,761,3layer,3layer/archive_4/8317e9db-920e-420b-b398-f733d751e9ee.pt,17139.0,23397.8671875,13665.0,16681.021484375,4.0,4.668177127838135,1.5,2.6706645488739014,4232.0,4422.4501953125,2048.0,2070.294677734375
test,781,3layer,3layer/archive_4/ce983836-13b7-4d8c-a35b-d4fc2c45396e.pt,38190.0,27788.865234375,21431.0,20453.9375,18.0,6.893561363220215,1.5,2.364372491836548,2856.0,4407.70166015625,1248.0,1957.29638671875
test,784,3layer,3layer/archive_4/d05cbfc7-ebfe-45c5-8fa0-01326d535bf0.pt,12397.0,27172.802734375,10775.0,19833.703125,3.0,6.580641269683838,2.0,2.3365957736968994,4872.0,4442.07177734375,3584.0,1995.4451904296875
test,796,3layer,3layer/archive_4/f2a1eb9a-a5c2-486a-b0b8-03bc9bbe3ae7.pt,31100.0,27518.484375,18062.0,20178.396484375,6.0,6.756842613220215,2.5,2.3510303497314453,3720.0,4426.03759765625,2112.0,1976.421630859375
test,799,3layer,3layer/archive_4/ff48aa19-6b53-4584-b397-c63f0808b898.pt,39233.0,27441.51171875,24929.0,20098.306640625,7.0,6.7293267250061035,3.0,2.3411684036254883,9544.0,4464.5390625,3520.0,2003.6939697265625
test,810,conv1d,conv1d/archive_1/40a8e82a-f9f5-4c4d-b727-a0478a1b75eb.pt,15889.0,17959.42578125,22365.0,22553.6796875,2.0,2.476651668548584,7.5,6.789150238037109,46223.0,26250.73828125,46199.0,20247.6796875
test,817,conv1d,conv1d/archive_1/652e0143-09a7-4bb0-afe0-afe109e97397.pt,13058.0,13023.375,20150.0,17243.96875,0.0,0.0,22.5,7.406093120574951,382015.0,68012.625,382010.0,74660.53125
test,820,conv1d,conv1d/archive_1/79d43e81-55cb-41d8-8da5-72ce41fcafad.pt,9214.0,13342.4794921875,16851.0,16928.396484375,0.0,0.0,3.0,6.753036022186279,78337.0,48878.5,78338.0,50828.2578125
test,823,conv1d,conv1d/archive_1/82b35702-e1ac-446c-aabc-45ec3ed80610.pt,20175.0,12811.18359375,25687.0,14140.33203125,3.0,1.9152729511260986,12.0,3.929636001586914,49919.0,19695.794921875,49914.0,16094.30859375
test,830,conv1d,conv1d/archive_1/a4d19761-4b0a-42ab-9d53-c66d8f00f10b.pt,15390.0,13990.0498046875,22857.0,17826.5078125,0.0,0.0,4.0,7.250456809997559,102718.0,65851.0078125,102716.0,68052.265625
test,840,conv1d,conv1d/archive_1/d1c94bd8-9b95-4896-90ef-9820b72e9c80.pt,16820.0,15696.26171875,26709.0,19545.58984375,2.0,2.0695369243621826,17.0,6.0304059982299805,175036.0,54206.3515625,175034.0,44485.70703125
test,854,conv1d,conv1d/archive_2/21f8ce76-3ba1-4feb-ac27-b94c3aec3243.pt,30708.0,23651.09765625,76593.0,29588.83203125,3.0,4.807592391967773,52.5,9.827977180480957,365890.0,132252.609375,365885.0,117334.8125
test,859,conv1d,conv1d/archive_2/47b8d120-10a1-4744-8bdb-07a551ff3128.pt,25188.0,15880.0537109375,50441.0,20575.49609375,1.0,1.9857293367385864,30.0,6.621854305267334,244594.0,66138.453125,244589.0,55356.73828125
test,874,conv1d,conv1d/archive_2/d19f3c15-b218-471a-a743-35e62285e6be.pt,24714.0,20333.5234375,37268.0,22315.03125,4.0,4.536355018615723,9.0,5.879080772399902,114433.0,34785.12890625,114434.0,27716.31640625
test,875,conv1d,conv1d/archive_2/f12c4085-2898-49f4-a61b-7368d7a1cf59.pt,28989.0,20881.73828125,38479.0,24465.60546875,4.0,3.8912947177886963,22.5,7.188724517822266,125229.0,65442.44140625,125225.0,53609.46875
test,878,conv1d,conv1d/archive_2/fbf509e8-3766-4b18-829f-8a91ea220962.pt,19729.0,20426.841796875,31442.0,23048.81640625,4.0,4.162848949432373,14.0,6.513491630554199,50113.0,56051.3828125,50114.0,46254.01953125
test,881,conv1d,conv1d/archive_3/0f93f762-11c1-47f6-b745-fbd2342bdcb3.pt,25766.0,23349.18359375,42483.0,25898.939453125,3.0,5.05078125,13.5,7.884674549102783,58701.0,77689.3671875,58697.0,61266.1328125
test,884,conv1d,conv1d/archive_3/1e92fe49-0718-4869-9cdc-06e2f36d672d.pt,31414.0,18154.3359375,46105.0,23227.9140625,0.0,0.0,24.0,9.073684692382812,256639.0,55819.015625,256634.0,58406.671875
test,888,conv1d,conv1d/archive_3/2666c285-a04a-423b-95a2-bd2757ede047.pt,12838.0,14134.830078125,23268.0,16654.6015625,2.0,1.9414719343185425,3.0,5.057119369506836,158209.0,50136.57421875,158210.0,41685.703125
test,889,conv1d,conv1d/archive_3/2c782213-ca6b-4c07-aeda-6ac96ff8af05.pt,22529.0,29683.544921875,36549.0,37724.21875,5.0,5.88862943649292,22.5,11.772089004516602,350467.0,91319.765625,350462.0,72315.8359375
test,896,conv1d,conv1d/archive_3/6d261423-eeff-4955-9e53-5d9faf751e88.pt,14136.0,11866.8681640625,19082.0,14046.3359375,0.0,0.0,3.0,5.073966026306152,21953.0,32664.95703125,21954.0,32520.9765625
test,897,conv1d,conv1d/archive_3/70fbcd6f-2675-4ff8-9b2f-a5085342bae5.pt,48314.0,31731.99609375,56398.0,37140.33203125,6.0,7.195244312286377,19.0,9.919046401977539,85279.0,37167.6875,85274.0,25819.3046875
test,899,conv1d,conv1d/archive_3/7a9bd2a0-5adb-4472-a529-8003407ae3b2.pt,13622.0,14042.2646484375,23267.0,16337.111328125,1.0,1.989544153213501,6.0,4.813298225402832,75265.0,42430.37890625,75266.0,35098.70703125
test,917,conv1d,conv1d/archive_3/df0dc612-a890-445b-9073-5be3bf35dd8a.pt,12109.0,14895.8046875,18651.0,18217.365234375,1.0,2.0386390686035156,10.5,5.6112260818481445,36319.0,47844.7109375,36314.0,40214.96484375
test,919,conv1d,conv1d/archive_3/e28af083-279c-4728-846a-678e6d7bb22f.pt,12249.0,14920.4873046875,19967.0,18017.603515625,2.0,2.0504612922668457,3.5,5.359131336212158,114433.0,40157.97265625,114434.0,32886.234375
test,922,conv1d,conv1d/archive_3/ef35d294-89ef-47da-86cb-d957605c64ea.pt,32030.0,22712.52734375,49391.0,30884.76953125,5.0,3.123939275741577,22.0,10.156774520874023,411730.0,104155.40625,411725.0,83163.7578125
test,924,conv1d,conv1d/archive_4/01128dcc-6b66-45c7-a0e1-d9d109f813d3.pt,20434.0,17406.228515625,33789.0,22103.83203125,0.0,0.0,6.5,8.618047714233398,501377.0,58609.66796875,501378.0,60382.1171875
test,926,conv1d,conv1d/archive_4/05082297-dd7d-4ca1-aab6-ee914f6721e0.pt,19471.0,20528.494140625,27005.0,21249.46875,3.0,4.7235260009765625,5.0,5.513317584991455,135937.0,40922.4765625,135938.0,31759.09375
test,942,conv1d,conv1d/archive_4/3375cb54-0deb-4187-9594-bd3c7cd8d03b.pt,19127.0,13413.369140625,30464.0,17860.474609375,0.0,0.0,25.0,7.6528801918029785,662080.0,81755.109375,662076.0,89460.328125
test,951,conv1d,conv1d/archive_4/710883e5-9170-4f91-b626-b67ced91a3fc.pt,9889.0,11791.2109375,14973.0,14180.861328125,0.0,0.0,7.5,5.618824005126953,107026.0,46577.1171875,107021.0,48083.078125
test,957,conv1d,conv1d/archive_4/a4e94a46-08df-49ef-a586-a3a56af160f8.pt,53293.0,43938.33203125,76241.0,50010.546875,7.0,11.431056022644043,33.0,13.760062217712402,56769.0,27144.75,56770.0,16547.603515625
test,958,conv1d,conv1d/archive_4/a8bcd0b2-d8c3-407a-be63-5dc0e58e4d06.pt,25502.0,18519.994140625,43697.0,23273.326171875,0.0,0.0,21.5,8.895625114440918,172464.0,55970.9375,172460.0,57365.74609375
test,979,conv2d,conv2d/archive_1/3bbaf020-b175-4605-a2b0-72afa319294a.pt,40838.0,27184.0,99167.0,49156.93359375,4.0,2.5824708938598633,47.5,21.903350830078125,5718278.0,2206360.5,5718262.0,2315984.5
test,981,conv2d,conv2d/archive_1/3f18bf56-0827-4c9d-9732-8b84acf35b7e.pt,23695.0,30444.900390625,57789.0,47721.03515625,4.0,4.679640293121338,24.5,19.21133804321289,672607.0,710526.1875,672602.0,708247.6875
test,983,conv2d,conv2d/archive_1/4a8852f6-e3bd-4fa4-8621-03eb844a9adb.pt,57200.0,45768.08984375,174970.0,71944.375,6.0,6.992900371551514,157.0,30.799907684326172,7210321.0,2775780.5,7210322.0,2631693.0
test,991,conv2d,conv2d/archive_1/c7e3cc32-3d80-43bf-8f4a-499e99ad26e5.pt,15962.0,16462.521484375,38366.0,23572.865234375,0.0,0.0,9.5,10.481760025024414,524223.0,294037.21875,524218.0,321217.03125
test,1001,conv2d,conv2d/archive_3/0dee8f31-23cc-4ade-8f8f-7392e5f8b02a.pt,30059.0,18044.29296875,43303.0,26797.6796875,0.0,0.0,18.0,11.947100639343262,1709526.0,263266.65625,1709527.0,319001.0
test,1013,conv2d,conv2d/archive_3/5aeb5ea1-80ed-4fc9-ba99-bf5ec16837d4.pt,200010.0,146609.1875,718271.0,137050.1875,66.0,55.43522262573242,284.0,113.72571563720703,1241296.0,399286.9375,1241291.0,193320.25
test,1015,conv2d,conv2d/archive_3/63ab54a4-4b88-4b0f-a9b1-49881d75887a.pt,32385.0,24283.91015625,59197.0,33881.6484375,1.0,2.6639227867126465,16.0,11.012048721313477,175423.0,114232.609375,175424.0,84619.3515625
test,1016,conv2d,conv2d/archive_3/6d63ea05-3a8a-4c82-86ac-340c3b591f84.pt,31213.0,41502.63671875,45943.0,53915.0546875,3.0,7.864444732666016,27.5,20.424070358276367,372409.0,395549.9375,372410.0,311339.8125
test,1026,conv2d,conv2d/archive_3/d7d87110-ebb4-4d29-ab8b-083e9566ca37.pt,24617.0,26685.87109375,55067.0,42050.78125,2.0,3.2365193367004395,17.5,16.414358139038086,1311313.0,1356100.75,1311314.0,1298175.75
test,1033,conv2d,conv2d/archive_4/38f47c2b-0eb1-45b2-bc5b-2838a5b7e752.pt,10442.0,15449.9501953125,22578.0,21994.609375,0.0,0.0,6.5,9.591958045959473,521551.0,559085.4375,521552.0,609382.9375
test,1043,conv2d,conv2d/archive_4/957f4b2f-281a-4361-88c4-a1cfefa780fe.pt,20162.0,18025.40625,29084.0,25787.755859375,0.0,0.0,16.5,10.97128677368164,1631106.0,367036.40625,1631107.0,417036.0625
test,1050,conv2d,conv2d/archive_4/ee3c4ae3-2164-4ac0-bcff-177130994af6.pt,36135.0,24336.5859375,68653.0,38236.56640625,0.0,0.0,18.5,18.6037540435791,14973166.0,1252025.125,14973161.0,1462201.75
test,1063,dense_latency,dense_latency/archive_1/16e51304-7de9-4fd9-9d2c-2f48c1c4cd2e.pt,111346.0,238107.046875,31586.0,105989.328125,7065.0,995.1199951171875,0.0,0.0,13.0,69.23162078857422,1.0,5.5337138175964355
test,1071,dense_latency,dense_latency/archive_1/4325e22a-7bf5-466c-8183-1e5d2d85e4ae.pt,100986.0,103161.796875,21215.0,28379.7578125,0.0,0.0,0.0,0.0,18.0,19.243349075317383,2.0,1.1576714515686035
test,1081,dense_latency,dense_latency/archive_1/61e64dcb-4e3d-4410-88e3-2e494e292c5b.pt,289400.0,169469.625,179308.0,114917.609375,237.0,112.77739715576172,0.0,0.0,170.0,150.2309112548828,38.0,19.64352035522461
test,1084,dense_latency,dense_latency/archive_1/70e760e8-e3c0-402f-a5ba-4876fa9c460c.pt,360749.0,294390.1875,326020.0,251601.328125,279.0,232.92575073242188,0.0,0.0,731.0,356.30548095703125,93.0,49.8863639831543
test,1089,dense_latency,dense_latency/archive_1/7766208b-d8e9-4390-8311-3a01b04b6115.pt,136537.0,198363.53125,91642.0,155541.125,74.0,109.71430969238281,0.0,0.0,375.0,238.25091552734375,50.0,33.023216247558594
test,1090,dense_latency,dense_latency/archive_1/777e4ee2-ce18-47a2-9f62-0061ca24e3b7.pt,213557.0,229266.28125,45661.0,94103.921875,689.0,710.8385009765625,0.0,0.0,20.0,57.445613861083984,1.0,4.168208599090576
test,1091,dense_latency,dense_latency/archive_1/7bb9a774-9792-4539-b976-d6b1b2a46fe4.pt,95436.0,90081.8828125,18796.0,27764.705078125,0.0,0.0,0.0,0.0,21.0,24.02149200439453,2.0,1.8027606010437012
test,1096,dense_latency,dense_latency/archive_1/87cc04e1-24d9-48e9-99d9-a4d1cc1907d9.pt,10792.0,46835.46875,2741.0,15451.8076171875,0.0,0.0,0.0,0.0,13.0,30.181814193725586,2.0,4.3408637046813965
test,1099,dense_latency,dense_latency/archive_1/a16f76eb-446f-48ed-ba0d-9471cdce0bc5.pt,47762.0,71469.296875,10142.0,21167.791015625,0.0,0.0,0.0,0.0,13.0,20.550640106201172,2.0,1.7372342348098755
test,1105,dense_latency,dense_latency/archive_1/c3eb7dbd-6363-473b-bbf4-15ba765437b9.pt,55275.0,211748.203125,5524.0,100721.5,4517.0,720.0452270507812,0.0,0.0,10.0,74.05606842041016,1.0,6.509472846984863
test,1106,dense_latency,dense_latency/archive_1/c4bf7d33-025d-449e-a839-c5e10c2f4438.pt,77021.0,108545.6640625,17223.0,30553.103515625,0.0,0.0,0.0,0.0,26.0,20.892934799194336,2.0,1.2589948177337646
test,1110,dense_latency,dense_latency/archive_1/d8d26a1e-5908-4c54-b96b-718ace33552c.pt,592118.0,324256.6875,558525.0,275223.90625,337.0,283.39141845703125,0.0,0.0,726.0,329.0392150878906,95.0,43.32175064086914
test,1112,dense_latency,dense_latency/archive_1/dd85badd-94ca-4169-802a-d7af9c51156c.pt,76412.0,96539.640625,16693.0,28974.64453125,0.0,0.0,0.0,0.0,24.0,23.121397018432617,2.0,1.6213021278381348
test,1117,dense_latency,dense_latency/archive_1/f7736eb2-b054-42b3-b4a7-c0c273cb49b5.pt,153903.0,213560.03125,141865.0,182953.53125,163.0,143.05831909179688,0.0,0.0,483.0,344.6985778808594,90.0,53.785400390625
test,1120,dense_latency,dense_latency/archive_1/fc104bca-438b-44ec-94c3-56102fe6a07c.pt,27817.0,68460.8046875,7206.0,20981.37109375,0.0,0.0,0.0,0.0,18.0,22.11301040649414,3.0,2.003998279571533
test,1123,dense_latency,dense_latency/archive_2/0dabb4ae-b0c5-4f3f-a84d-3a5d566b255c.pt,256926.0,324247.75,225180.0,268055.4375,476.0,292.4978942871094,0.0,0.0,254.0,297.858642578125,32.0,37.90152359008789
test,1127,dense_latency,dense_latency/archive_2/1ad6ae8f-0ebc-4220-9103-11fa1f6d3ed2.pt,30223.0,64428.51171875,6887.0,20319.275390625,0.0,0.0,0.0,0.0,15.0,23.107711791992188,3.0,2.20817232131958
test,1130,dense_latency,dense_latency/archive_2/2205f54b-dc20-4fd0-a6f2-41c5eb908c76.pt,43780.0,253286.328125,6898.0,128973.1640625,3242.0,802.2533569335938,0.0,0.0,13.0,85.07017517089844,1.0,7.388494968414307
test,1132,dense_latency,dense_latency/archive_2/27a5a38a-ef05-4e2e-94ad-7cfbdda203bd.pt,332036.0,255066.046875,76857.0,92776.25,4476.0,1187.3956298828125,0.0,0.0,21.0,49.012855529785156,1.0,3.044220447540283
test,1147,dense_latency,dense_latency/archive_2/60b4242d-9f39-46bb-b95c-9e0ef3f57629.pt,60711.0,290584.40625,13057.0,157777.34375,3860.0,868.91162109375,0.0,0.0,16.0,97.55030059814453,1.0,8.379986763000488
test,1158,dense_latency,dense_latency/archive_2/86ae87ef-364a-46a8-bc0b-509bb4dad66c.pt,73140.0,162577.875,64872.0,133333.109375,96.0,102.6583023071289,0.0,0.0,245.0,318.50067138671875,64.0,53.95368194580078
test,1160,dense_latency,dense_latency/archive_2/89c9b340-063b-4cd2-a23c-85b131415035.pt,44728.0,85609.078125,9217.0,19300.48046875,0.0,0.0,0.0,0.0,13.0,24.499235153198242,1.0,1.431142807006836
test,1169,dense_latency,dense_latency/archive_2/b353ae35-92a2-4d68-b8e6-23f5d0639450.pt,372772.0,328418.90625,312335.0,268619.46875,629.0,326.2501220703125,0.0,0.0,227.0,263.08349609375,32.0,32.240455627441406
test,1170,dense_latency,dense_latency/archive_2/b7f1ecfa-28aa-472c-b57f-d289894fd824.pt,324300.0,191688.359375,303457.0,147948.578125,231.0,145.58250427246094,0.0,0.0,368.0,233.52236938476562,95.0,34.43840789794922
test,1174,dense_latency,dense_latency/archive_2/c91c98af-711f-4ffd-bc4a-04c2b17b8030.pt,419958.0,301692.375,379574.0,252382.125,418.0,250.96788024902344,0.0,0.0,496.0,325.88330078125,64.0,43.412105560302734
test,1189,dense_latency,dense_latency/archive_2/f8d29a54-99a1-44ed-90b6-df6c4e96a710.pt,179447.0,178056.6875,162102.0,143441.109375,154.0,125.0731201171875,0.0,0.0,321.0,290.70587158203125,94.0,46.19473648071289
test,1210,dense_latency,dense_latency/archive_3/384cb427-12c5-435b-99ec-b5f2f583ac85.pt,324221.0,193835.328125,299533.0,145483.25,227.0,152.34934997558594,0.0,0.0,252.0,205.60586547851562,64.0,29.092145919799805
test,1221,dense_latency,dense_latency/archive_3/67083295-7970-4ba4-91c9-e7e19d374787.pt,160367.0,185080.84375,145327.0,144674.125,154.0,134.60757446289062,0.0,0.0,249.0,250.3314208984375,64.0,38.16480255126953
test,1222,dense_latency,dense_latency/archive_3/689c2400-5bd1-4c0d-b855-3f218a468546.pt,363674.0,207222.71875,240678.0,149714.265625,268.0,135.2427520751953,0.0,0.0,338.0,180.46713256835938,53.0,22.868417739868164
test,1233,dense_latency,dense_latency/archive_3/8cafb42c-79c2-426d-9177-ef015f498188.pt,156607.0,143922.890625,106181.0,97150.0390625,32.0,88.970703125,0.0,0.0,129.0,141.00314331054688,34.0,19.49258041381836
test,1238,dense_latency,dense_latency/archive_3/9bdde29f-91ec-4b64-9214-5466930df099.pt,242184.0,321580.84375,222418.0,265463.09375,417.0,285.6875305175781,0.0,0.0,255.0,303.3643493652344,32.0,38.77330780029297
test,1240,dense_latency,dense_latency/archive_3/9cf44455-22be-4b10-9851-1b9aaaaa3d2d.pt,114544.0,93401.6015625,24324.0,27265.060546875,0.0,0.0,0.0,0.0,23.0,21.50864028930664,2.0,1.5102659463882446
test,1241,dense_latency,dense_latency/archive_3/a02e0246-9ce3-4c41-8b88-a592f528e17a.pt,58468.0,115330.984375,13264.0,24311.39453125,0.0,0.0,0.0,0.0,23.0,20.613147735595703,1.0,0.9945448040962219
test,1246,dense_latency,dense_latency/archive_3/b94cb66c-8ed1-4eb0-90f5-796b4b749e8c.pt,96393.0,97345.546875,19888.0,20894.7265625,0.0,0.0,0.0,0.0,17.0,22.731163024902344,1.0,1.1928791999816895
test,1247,dense_latency,dense_latency/archive_3/ba755c1f-e34a-4291-9237-ad5f1195fdc2.pt,297897.0,255426.546875,240212.0,200395.96875,585.0,239.15216064453125,0.0,0.0,163.0,215.85491943359375,32.0,27.80826187133789
test,1251,dense_latency,dense_latency/archive_3/c5584439-a7f5-49cb-a95c-3529d25692d4.pt,246630.0,244636.703125,195857.0,196209.4375,413.0,212.0991973876953,0.0,0.0,164.0,234.83421325683594,32.0,31.695951461791992
test,1252,dense_latency,dense_latency/archive_3/c58ce5f8-2396-45d7-b9df-a546fd57b27f.pt,192880.0,234957.375,113651.0,171694.5625,420.0,159.9934539794922,0.0,0.0,149.0,192.569091796875,20.0,23.364622116088867
test,1255,dense_latency,dense_latency/archive_3/d5223328-d519-4361-be89-a8306066a0a5.pt,148258.0,98202.0859375,30304.0,27788.865234375,0.0,0.0,0.0,0.0,16.0,19.92165756225586,2.0,1.2670643329620361
test,1260,dense_latency,dense_latency/archive_3/e5fb8228-fee2-402f-8e51-092cebb0d68f.pt,55888.0,69191.625,12228.0,21124.4921875,0.0,0.0,0.0,0.0,16.0,21.712615966796875,2.0,1.92013680934906
test,1267,dense_latency,dense_latency/archive_3/fe6bef32-0225-4046-bcf6-888cb82b7d41.pt,88575.0,87316.3984375,19841.0,23763.4453125,0.0,0.0,0.0,0.0,17.0,17.59502410888672,3.0,1.1636605262756348
test,1276,dense_latency,dense_latency/archive_4/153109f7-21cf-4526-92c2-d966688b0219.pt,88848.0,236963.96875,84647.0,198217.53125,278.0,178.762939453125,0.0,0.0,189.0,297.03936767578125,32.0,42.911781311035156
test,1277,dense_latency,dense_latency/archive_4/15af50fe-1cda-4014-a76b-8eaccc9b9eea.pt,194014.0,217006.53125,171241.0,177246.5,226.0,163.18284606933594,0.0,0.0,314.0,273.8297424316406,64.0,40.332393646240234
test,1282,dense_latency,dense_latency/archive_4/36ded062-de09-4ccc-b708-0eef6262530b.pt,92002.0,222739.28125,8722.0,91785.046875,8115.0,1076.1180419921875,0.0,0.0,9.0,61.32780838012695,1.0,4.812216758728027
test,1287,dense_latency,dense_latency/archive_4/4bcf3d62-d610-46e7-9ae1-524b1d8c6bbc.pt,348347.0,247263.953125,220415.0,184036.75,172.0,173.8788604736328,0.0,0.0,270.0,214.5602569580078,35.0,26.140966415405273
test,1289,dense_latency,dense_latency/archive_4/4f07cf09-d712-4ceb-9fcb-52c45bc4d1cc.pt,96260.0,103159.140625,19972.0,22008.541015625,0.0,0.0,0.0,0.0,21.0,23.470884323120117,1.0,1.2655329704284668
test,1291,dense_latency,dense_latency/archive_4/5381b722-522d-4448-946c-ca91317da97e.pt,21156.0,86254.109375,3783.0,27093.255859375,0.0,0.0,0.0,0.0,16.0,24.714500427246094,2.0,1.9418905973434448
test,1312,dense_latency,dense_latency/archive_4/9c74343d-9e29-4c36-bfc8-0cce69068fe4.pt,385096.0,244366.921875,251971.0,176888.171875,240.0,172.54449462890625,0.0,0.0,272.0,190.95176696777344,36.0,22.77545928955078
test,1314,dense_latency,dense_latency/archive_4/a2f76092-966a-406c-852d-ab73d9713457.pt,110036.0,216617.1875,39931.0,96630.453125,6550.0,825.5830688476562,0.0,0.0,10.0,67.35359954833984,1.0,5.648048400878906
test,1315,dense_latency,dense_latency/archive_4/a3238af5-b80b-474b-88e0-02f68a61affa.pt,174120.0,212216.40625,122440.0,163598.171875,54.0,123.67440032958984,0.0,0.0,370.0,225.91311645507812,50.0,30.129959106445312
test,1317,dense_latency,dense_latency/archive_4/acb52788-5d13-4ae2-9005-2b21e56c5752.pt,89085.0,81136.8984375,20334.0,22850.16796875,0.0,0.0,0.0,0.0,17.0,18.757211685180664,2.0,1.3786265850067139
test,1330,dense_latency,dense_latency/archive_4/d4fd6441-4e9c-4adf-a1a1-71018c2543d5.pt,297716.0,308346.8125,243147.0,248863.421875,553.0,294.7967224121094,0.0,0.0,223.0,245.7771759033203,32.0,30.202280044555664
test,1334,dense_latency,dense_latency/archive_4/de113925-04dd-418f-9f74-7df76d9fd168.pt,206374.0,170551.0625,141637.0,117888.453125,21.0,111.62657165527344,0.0,0.0,165.0,155.95852661132812,34.0,20.496706008911133
test,1338,dense_latency,dense_latency/archive_4/eb5aa7ed-d99d-442a-b132-f8cd52d23d74.pt,292097.0,182573.21875,184401.0,125611.1640625,141.0,127.53057861328125,0.0,0.0,165.0,156.51132202148438,34.0,20.140151977539062
test,1344,dense_latency,dense_latency/archive_4/fc077044-0a65-4a54-9331-c22d89bc894d.pt,159485.0,182806.5,146959.0,143118.90625,191.0,131.69027709960938,0.0,0.0,251.0,248.85618591308594,64.0,37.969398498535156
test,1363,dense_resource,dense_resource/archive_1/420d552f-1af1-4c78-9f42-27e07f3e0308.pt,48160.0,49277.796875,66777.0,51074.66796875,0.0,0.0,8.0,7.167300224304199,6375.0,4140.01123046875,1024.0,856.1475830078125
test,1366,dense_resource,dense_resource/archive_1/51ee691c-fc3e-4344-b26f-c6ede458e30a.pt,53940.0,49570.03515625,78333.0,51293.6484375,0.0,0.0,8.0,7.220510005950928,6212.0,4119.75048828125,1024.0,851.290283203125
test,1377,dense_resource,dense_resource/archive_1/84aee444-abc3-4b80-a992-0a2f895f8ff8.pt,63324.0,63633.265625,83015.0,76969.7421875,20.0,14.3408842086792,11.0,10.160435676574707,7820.0,4124.0556640625,1024.0,866.6207275390625
test,1386,dense_resource,dense_resource/archive_1/a6570df3-719e-4db4-9750-b3ac3b7b999f.pt,79397.0,267697.78125,31531.0,140723.703125,844.0,440.81988525390625,0.0,0.0,91.0,364.36334228515625,64.0,80.44074249267578
test,1389,dense_resource,dense_resource/archive_1/b02245d7-4c51-4718-8119-88b8af7948e0.pt,74779.0,92470.890625,94190.0,108288.515625,42.0,32.933349609375,23.5,13.185627937316895,4773.0,3690.1298828125,1024.0,837.737548828125
test,1393,dense_resource,dense_resource/archive_1/cccd1536-edbc-42ca-b615-841872d98b81.pt,25707.0,39221.89453125,34732.0,40902.65234375,2.0,8.173033714294434,4.5,5.588890075683594,2202.0,3171.48095703125,512.0,824.030029296875
test,1395,dense_resource,dense_resource/archive_1/dc9570ca-cbb7-4de5-b079-cc6cb2340763.pt,68425.0,64678.03125,95090.0,70281.4453125,4.0,15.67992877960205,14.5,9.541436195373535,5342.0,3494.418212890625,1024.0,772.4505615234375
test,1402,dense_resource,dense_resource/archive_1/f8404942-926e-4a43-b971-da3cc743f93c.pt,41261.0,51363.2578125,54943.0,54485.81640625,0.0,0.0,7.5,7.536886215209961,3816.0,4464.8330078125,512.0,894.1871948242188
test,1412,dense_resource,dense_resource/archive_2/1e3d358c-cd3b-4686-a00b-a416bf0c840f.pt,63995.0,109420.6875,81567.0,136193.640625,39.0,39.014671325683594,13.5,15.718548774719238,3720.0,4028.47216796875,512.0,859.0753173828125
test,1413,dense_resource,dense_resource/archive_2/21428f86-33ad-4ebc-9ab1-748f2da43d6c.pt,70125.0,94532.53125,85317.0,104984.2265625,38.0,27.018774032592773,14.5,14.872509002685547,3654.0,3656.365234375,512.0,742.1915283203125
test,1415,dense_resource,dense_resource/archive_2/30d22924-7147-4f00-94ce-ce7a59518c23.pt,67142.0,61774.3984375,102151.0,63629.74609375,0.0,0.0,12.0,9.591695785522461,7462.0,4396.3349609375,1024.0,802.2801513671875
test,1421,dense_resource,dense_resource/archive_2/450f2622-632b-4946-9f5a-ef0bfd7aa4b8.pt,36706.0,61356.296875,43716.0,71836.53125,15.0,18.92399024963379,10.0,9.033309936523438,4685.0,3630.070556640625,1024.0,849.2290649414062
test,1424,dense_resource,dense_resource/archive_2/538f328e-21a3-448f-8f27-a223a2f5d3e8.pt,293601.0,210075.71875,90612.0,66638.3125,0.0,0.0,0.0,0.0,159.0,154.62660217285156,128.0,57.81865692138672
test,1430,dense_resource,dense_resource/archive_2/650196ad-cdbb-45fa-86ef-a6b8bfe11e45.pt,66616.0,68397.109375,98467.0,71240.4453125,0.0,0.0,10.0,10.884989738464355,4465.0,4541.40185546875,512.0,754.4305419921875
test,1433,dense_resource,dense_resource/archive_2/8d9a1922-e704-4100-beec-ce44ff32a60a.pt,48730.0,81339.1875,72651.0,89906.7109375,25.0,21.01698112487793,11.0,12.3482666015625,2864.0,3716.629150390625,512.0,772.1142578125
test,1455,dense_resource,dense_resource/archive_3/0adfecee-a185-4930-b01a-59f8441724dc.pt,12684.0,35522.4453125,18189.0,34691.07421875,0.0,0.0,3.5,4.782379150390625,1702.0,2934.445068359375,512.0,803.296630859375
test,1468,dense_resource,dense_resource/archive_3/3d06cf4d-8b4e-4524-b0a8-262cc79dde5a.pt,36498.0,39448.25,49831.0,40830.66796875,0.0,0.0,5.5,5.425139427185059,5216.0,3582.10400390625,1024.0,814.8389282226562
test,1469,dense_resource,dense_resource/archive_3/426328fd-523a-4227-b143-f7e658889514.pt,51786.0,390300.125,35189.0,226938.65625,3992.0,885.0299682617188,0.0,0.0,116.0,455.44989013671875,64.0,84.55998992919922
test,1471,dense_resource,dense_resource/archive_3/4e2815db-5a28-41e9-8cfb-91cd73df0b11.pt,78723.0,79960.0703125,121324.0,96551.703125,22.0,19.181175231933594,16.0,12.596336364746094,8446.0,4253.35546875,1024.0,858.8645629882812
test,1472,dense_resource,dense_resource/archive_3/51797543-2176-45df-b553-44507e9154e5.pt,76034.0,65021.33984375,108032.0,69311.5546875,0.0,0.0,12.5,10.364362716674805,8301.0,4830.99658203125,1024.0,846.1655883789062
test,1481,dense_resource,dense_resource/archive_3/711e93cd-511e-4756-9b93-ae71a6b8271e.pt,55881.0,55197.84765625,75488.0,66017.140625,3.0,11.964079856872559,9.5,8.492772102355957,7369.0,3927.25439453125,1024.0,855.3187255859375
test,1485,dense_resource,dense_resource/archive_3/8b7348d6-554c-45b9-87c3-c65a9a22b926.pt,74934.0,62025.0546875,110935.0,65303.78515625,0.0,0.0,10.5,9.532208442687988,8235.0,4938.22119140625,1024.0,905.4730224609375
test,1487,dense_resource,dense_resource/archive_3/99473309-3d9b-4bac-900a-ee4b46a0b522.pt,57956.0,91040.109375,80218.0,101196.171875,18.0,25.485679626464844,12.5,14.333147048950195,3782.0,3677.759765625,512.0,757.5087890625
test,1490,dense_resource,dense_resource/archive_3/b748069e-67f0-493d-80d0-209353429744.pt,61176.0,52981.9609375,70990.0,63467.56640625,6.0,11.290047645568848,8.0,8.117635726928711,5096.0,3905.27294921875,1024.0,855.09619140625
test,1499,dense_resource,dense_resource/archive_3/dd0cc135-42f2-4392-bde5-506bac3b1b21.pt,28248.0,35844.72265625,36044.0,31035.08984375,10.0,7.519054412841797,6.5,4.128748893737793,2707.0,3641.634033203125,1024.0,1127.016357421875
test,1508,dense_resource,dense_resource/archive_4/087f031a-8321-43ef-80d2-7caae4ac6983.pt,44777.0,46540.12890625,52166.0,52377.0234375,11.0,13.093438148498535,7.5,6.696515083312988,4152.0,3485.974609375,1024.0,910.4617919921875
test,1516,dense_resource,dense_resource/archive_4/48890e95-d651-4944-b5fa-de8ebefb583d.pt,39438.0,39238.87890625,52778.0,43745.16015625,6.0,8.077201843261719,5.5,5.7557878494262695,4831.0,3516.2236328125,1024.0,878.2937622070312
test,1519,dense_resource,dense_resource/archive_4/567a8d26-0155-4b47-989b-f79ccf3b90d3.pt,98427.0,113510.2265625,130369.0,125961.6875,32.0,36.03679275512695,22.5,17.302265167236328,3815.0,3666.08154296875,512.0,700.2430419921875
test,1529,dense_resource,dense_resource/archive_4/7b0fcb53-c9ad-4d6a-9f21-7670f881d26a.pt,635766.0,515663.96875,150914.0,261584.859375,12142.0,1626.0325927734375,0.0,0.0,41.0,349.6507873535156,11.0,66.4442138671875
test,1531,dense_resource,dense_resource/archive_4/849b3a99-d7de-4194-ad7f-d34808c4fcd0.pt,435882.0,425094.71875,160762.0,191236.984375,9439.0,1162.564208984375,0.0,0.0,66.0,253.10617065429688,32.0,57.46141815185547
test,1533,dense_resource,dense_resource/archive_4/8debd97a-bde5-42b1-93ed-9c833fd6ba45.pt,71506.0,126249.84375,100663.0,158532.84375,58.0,47.59062957763672,18.0,17.70517349243164,3751.0,4065.237548828125,512.0,839.438232421875
test,1538,dense_resource,dense_resource/archive_4/96462bb2-db31-4199-b1c3-89935e1aa544.pt,154969.0,197118.515625,56067.0,66785.9140625,0.0,0.0,0.0,0.0,31.0,198.00030517578125,4.0,69.14430236816406
test,1541,dense_resource,dense_resource/archive_4/af7ad561-9a50-4a94-b1e0-5bfbd976e1e4.pt,30382.0,36849.01171875,40535.0,38405.08203125,5.0,7.692953586578369,5.5,5.384160995483398,4135.0,3223.22021484375,1024.0,855.6298828125
test,1551,rule4ml,rule4ml/archive_1/037fc21461f5f182fb4b02c9497faae1.pt,45614.0,145657.609375,19870.0,48953.328125,304.0,239.42095947265625,38.0,26.865449905395508,321.0,480.9986572265625,8.0,6.545315742492676
test,1554,rule4ml,rule4ml/archive_1/06c168b45dc8eaa94acbd977714bcbbe.pt,5299.0,20086.349609375,3049.0,11800.6279296875,62.0,126.67539978027344,64.5,43.7947998046875,1134.0,320.5796813964844,2.0,2.9294679164886475
test,1557,rule4ml,rule4ml/archive_1/0ee4c8dcd8015f1b089d2ca174605fab.pt,1361.0,11668.2197265625,79.0,3212.85009765625,16.0,175.4869384765625,16.0,24.779373168945312,53.0,294.80377197265625,1.0,2.2848782539367676
test,1559,rule4ml,rule4ml/archive_1/185abbf195c85cb50f2e2f3698494035.pt,138079.0,172663.6875,110716.0,116520.3359375,220.0,163.3076934814453,227.5,32.20410919189453,1503.0,813.6972045898438,55.0,28.5272274017334
test,1561,rule4ml,rule4ml/archive_1/2084ff9e1c3f7347ba0aea77dc91149a.pt,32444.0,46674.40625,384.0,9192.4931640625,4.0,55.12004089355469,131.0,25.835004806518555,469.0,403.0906982421875,1.0,3.3300952911376953
test,1562,rule4ml,rule4ml/archive_1/216f00238b09a3abf19c0eea1e8cf8c6.pt,459727.0,212984.84375,157915.0,133180.484375,220.0,255.57217407226562,4.5,31.86709213256836,1139.0,685.2391357421875,20.0,15.268439292907715
test,1572,rule4ml,rule4ml/archive_1/3219ffd8661622e8c83c7ceec7993204.pt,19634.0,49667.375,2173.0,22443.625,0.0,0.0,0.0,17.69160270690918,1246.0,491.3750305175781,1.0,4.095746040344238
test,1575,rule4ml,rule4ml/archive_1/3bdfe2f8b21e2434dc6258e8e7ae38be.pt,2779.0,11746.3359375,2116.0,7534.9677734375,37.0,119.25083923339844,0.0,17.5541934967041,132.0,728.2486572265625,17.0,19.215805053710938
test,1579,rule4ml,rule4ml/archive_1/466d99f5bafd16bc2656bb493e26d3a3.pt,63269.0,82420.140625,20395.0,38780.3515625,128.0,97.73087310791016,13.0,31.790897369384766,309.0,648.2783813476562,5.0,10.901355743408203
test,1592,rule4ml,rule4ml/archive_1/72287c9cac676de50d6937c1591c013c.pt,90974.0,18165.732421875,43278.0,20285.9140625,220.0,100.77316284179688,6.0,26.737714767456055,1175.0,806.7001953125,393.0,38.99273681640625
test,1600,rule4ml,rule4ml/archive_1/8d2cdad9082523fa3ea68740ce1050fe.pt,51924.0,66726.453125,20971.0,24235.115234375,295.0,77.46122741699219,9.5,35.92555618286133,590.0,628.3513793945312,131.0,11.889385223388672
test,1612,rule4ml,rule4ml/archive_1/b00aea7a22b1f54c6cfb728ea20d9048.pt,14556.0,108920.3203125,14308.0,54338.6484375,352.0,283.8005676269531,24.0,32.75576400756836,195.0,706.4661865234375,4.0,11.507369995117188
test,1613,rule4ml,rule4ml/archive_1/b46ba552ba805cad9fe028c9b2beb67b.pt,110592.0,148639.015625,80900.0,72017.4140625,220.0,115.79261016845703,212.0,98.30107879638672,1429.0,514.9957275390625,131.0,7.162922382354736
test,1614,rule4ml,rule4ml/archive_1/b7f8ba9933ca67bf4e89522e4957ce7d.pt,7129.0,13038.97265625,6713.0,16792.390625,16.0,94.49090576171875,41.0,21.924560546875,921.0,1143.3314208984375,64.0,71.36370849609375
test,1618,rule4ml,rule4ml/archive_1/c26968f68714ae3b753593e66c7a2d4c.pt,12002.0,29601.052734375,470.0,1846.7742919921875,0.0,0.0,18.0,12.364151000976562,142.0,260.66802978515625,3.0,2.377547025680542
test,1620,rule4ml,rule4ml/archive_1/c63e2a6582295344fbe9e1c6ece8e0a0.pt,727.0,4913.0703125,131.0,519.8572387695312,14.0,87.91436767578125,5.0,9.088830947875977,403.0,239.65953063964844,1.0,1.109152913093567
test,1641,rule4ml,rule4ml/archive_1/e76bf57773bcf57b1f19da562e9ff10b.pt,9451.0,53540.44140625,7408.0,45597.08984375,32.0,131.02833557128906,26.0,54.56944274902344,283.0,763.1757202148438,8.0,23.810115814208984
test,1643,rule4ml,rule4ml/archive_1/ecf7f5a60f0ef8948e0f8b3c91eab2f1.pt,28241.0,46918.578125,26303.0,32534.501953125,292.0,379.8480529785156,72.5,59.16912841796875,1596.0,1290.61376953125,128.0,51.506591796875
test,1646,rule4ml,rule4ml/archive_1/eea79f2ee33e9eba8e086cce0a1f286d.pt,18418.0,24682.1328125,17414.0,15306.291015625,0.0,0.0,54.5,39.23036193847656,800.0,574.9895629882812,8.0,8.052618026733398
test,1650,rule4ml,rule4ml/archive_1/f6d8bf0745d1fb17117a04ab71839702.pt,657.0,5704.2568359375,34.0,224.79515075683594,0.0,0.0,0.0,9.188071250915527,71.0,204.96148681640625,1.0,0.29739058017730713
test,1654,rule4ml,rule4ml/archive_2/0bf0bfeb622a31a1501e5c6366dfd796.pt,80858.0,138568.671875,73528.0,68373.765625,44.0,228.40887451171875,155.5,82.79180145263672,1409.0,921.4349365234375,64.0,30.755046844482422
test,1658,rule4ml,rule4ml/archive_2/13132e1b5c320351b094a5efc7ff36c1.pt,201370.0,503854.09375,166082.0,215069.4375,1814.0,2196.517578125,153.0,140.7212677001953,608.0,842.7247924804688,8.0,22.056293487548828
test,1660,rule4ml,rule4ml/archive_2/1b88ac7e24253f5b3e353fcddaf1f662.pt,120049.0,349498.1875,128160.0,149509.09375,4904.0,1280.49755859375,134.5,60.972389221191406,318.0,723.162109375,2.0,12.24957275390625
test,1666,rule4ml,rule4ml/archive_2/2f9cc1567c439b49764fbb077a79be8f.pt,208164.0,208045.078125,50351.0,87218.28125,4.0,377.0167236328125,38.5,109.87728881835938,271.0,674.370361328125,4.0,12.570350646972656
test,1698,rule4ml,rule4ml/archive_2/90af6814f2d9e83b1dfadf3f34e10b66.pt,33707.0,28235.375,1142.0,1750.1668701171875,0.0,0.0,32.0,12.431867599487305,154.0,343.1517028808594,1.0,2.226668357849121
test,1707,rule4ml,rule4ml/archive_2/9ec01dc72e4c1c37aaa0bf44dc893f8a.pt,191837.0,306320.34375,97020.0,240561.375,220.0,639.1151123046875,48.5,80.48164367675781,537.0,1087.9710693359375,16.0,51.19169616699219
test,1717,rule4ml,rule4ml/archive_2/bd5548e90a3ec8de981c3cb0530b5ae2.pt,49710.0,58879.3671875,6365.0,14289.474609375,64.0,77.72408294677734,23.0,30.724557876586914,1105.0,353.98382568359375,9.0,4.974291801452637
test,1718,rule4ml,rule4ml/archive_2/bd56911d8db491293bb34d2850d4b2d3.pt,121757.0,170399.859375,32634.0,69060.9609375,76.0,250.0858612060547,101.5,86.79885864257812,314.0,578.086669921875,4.0,8.239575386047363
test,1757,rule4ml,rule4ml/archive_3/1c29f9266b396141408469049d75c8f2.pt,5.0,13690.7080078125,6.0,433.8116760253906,0.0,0.0,0.0,16.85683250427246,1043.0,99.64466094970703,1.0,0.0
test,1759,rule4ml,rule4ml/archive_3/1edc30fd6622623a89f5fda4dd11ebfe.pt,42776.0,88867.984375,45742.0,68030.078125,181.0,125.37557220458984,83.0,27.09074592590332,412.0,920.255126953125,40.0,29.846168518066406
test,1760,rule4ml,rule4ml/archive_3/21c3a4f2724d539a5b374e7547f9f313.pt,10097.0,31025.828125,6073.0,16675.693359375,0.0,0.0,14.0,26.22381019592285,159.0,659.473876953125,8.0,15.615497589111328
test,1761,rule4ml,rule4ml/archive_3/21c90068f0dffca11fa298c7f994dc8e.pt,488012.0,211064.734375,114667.0,131904.578125,220.0,220.32357788085938,11.5,35.680599212646484,3020.0,728.0887451171875,962.0,19.702686309814453
test,1762,rule4ml,rule4ml/archive_3/25da25e7068fe20631b338579576ad40.pt,216783.0,214190.90625,135231.0,88650.7734375,1162.0,374.7412414550781,10.0,42.474098205566406,3033.0,734.3685302734375,978.0,18.78997230529785
test,1763,rule4ml,rule4ml/archive_3/260fafadf39d0ec006d93ca93b77f5a6.pt,31480.0,31825.525390625,2892.0,8543.8125,16.0,47.358272552490234,33.0,16.944835662841797,173.0,485.069580078125,4.0,6.251603603363037
test,1764,rule4ml,rule4ml/archive_3/28b3efaa5e7a4539ed294b76f1972bfd.pt,28350.0,175926.375,29827.0,81767.421875,944.0,631.0701293945312,12.0,53.75178527832031,164.0,668.7702026367188,4.0,9.323543548583984
test,1768,rule4ml,rule4ml/archive_3/2d3bf7dd79e86541e033b67df6595805.pt,94256.0,72928.84375,38429.0,26172.96875,149.0,102.88126373291016,28.5,12.80086898803711,671.0,510.6427001953125,28.0,6.568413734436035
test,1771,rule4ml,rule4ml/archive_3/32f5263cb2d5718fcffc2cc2a52dbd6b.pt,27280.0,28290.06640625,259.0,1362.3790283203125,0.0,0.0,23.5,17.149213790893555,164.0,362.951904296875,1.0,0.8795098066329956
test,1776,rule4ml,rule4ml/archive_3/3b4a2eeffa1a0bbf553f4a9831fe105a.pt,7796.0,32928.3515625,2721.0,12836.5498046875,0.0,0.0,1.0,14.77363109588623,539.0,289.42315673828125,4.0,3.6418073177337646
test,1786,rule4ml,rule4ml/archive_3/4e566ce04c16e75d4f6d6e76474c2b03.pt,32792.0,47658.7734375,31218.0,33457.88671875,16.0,389.4438781738281,242.0,60.3079833984375,968.0,1370.3975830078125,32.0,54.8106689453125
test,1791,rule4ml,rule4ml/archive_3/58e6e657e9b7e1346033523402c72911.pt,303018.0,233040.671875,181273.0,176665.296875,220.0,366.2635498046875,197.0,46.33893585205078,685.0,911.8583984375,8.0,32.71728515625
test,1812,rule4ml,rule4ml/archive_3/966e50713000ee3b08ff128a6c5274b4.pt,57597.0,16787.955078125,48729.0,13147.904296875,1024.0,193.43423461914062,4.5,26.209747314453125,3241.0,1148.1351318359375,900.0,55.244911193847656
test,1817,rule4ml,rule4ml/archive_3/a1ed438b788ebb7aa9872e6ef999c1f6.pt,21927.0,40185.25,11982.0,18158.041015625,0.0,0.0,9.0,40.621177673339844,160.0,401.6525573730469,1.0,2.546905755996704
test,1822,rule4ml,rule4ml/archive_3/b1358f2811672ae9199bcb77fb6c90b4.pt,39660.0,230135.9375,43817.0,107679.2734375,1024.0,684.8001708984375,32.0,43.58625793457031,672.0,810.9502563476562,8.0,18.189899444580078
test,1829,rule4ml,rule4ml/archive_3/c6d0b4fd5343f820c2b660707f83d401.pt,1241.0,9062.34765625,568.0,3218.7001953125,0.0,0.0,36.5,26.446069717407227,298.0,183.51602172851562,2.0,0.5701601505279541
test,1834,rule4ml,rule4ml/archive_3/cb1e46588ece96ac3c91b7a0958b514a.pt,2189.0,5516.08203125,804.0,1787.0230712890625,0.0,0.0,42.0,9.405003547668457,101.0,100.53724670410156,2.0,0.2863474190235138
test,1839,rule4ml,rule4ml/archive_3/d653309bc56cb162499c966cbd83ea0f.pt,96925.0,161501.546875,74933.0,74812.3515625,152.0,269.1278991699219,52.5,92.68373107910156,921.0,916.6223754882812,16.0,28.88416862487793
test,1854,rule4ml,rule4ml/archive_4/0738bafc8ad3b680b6474edd42e1f770.pt,85061.0,75167.859375,3372.0,16681.76953125,16.0,91.24617004394531,13.5,45.72194290161133,80.0,357.9307861328125,2.0,1.8816592693328857
test,1858,rule4ml,rule4ml/archive_4/0dc6384344c2510488d9b96d5f4a0119.pt,210380.0,201781.71875,130658.0,89293.265625,300.0,366.2921142578125,186.5,115.77562713623047,1469.0,762.6217041015625,156.0,18.5035457611084
test,1875,rule4ml,rule4ml/archive_4/45b172326f621f3e4360220256d1bb36.pt,303489.0,63830.4375,42390.0,26093.935546875,0.0,0.0,24.0,29.913637161254883,294.0,437.48260498046875,2.0,2.416120767593384
test,1892,rule4ml,rule4ml/archive_4/69665507dcb361898217e89a5528c662.pt,36552.0,104846.5546875,17630.0,32484.275390625,256.0,211.82125854492188,28.0,22.453041076660156,112.0,471.47088623046875,7.0,5.466761112213135
test,1893,rule4ml,rule4ml/archive_4/6d921084af61c745a871657370e2e04b.pt,527875.0,337024.5,186218.0,190451.28125,220.0,489.44281005859375,28.0,62.6603889465332,247.0,678.6201171875,6.0,15.466373443603516
test,1897,rule4ml,rule4ml/archive_4/7995683a142977361077baf936df47da.pt,10275.0,19325.291015625,10300.0,17573.1484375,0.0,0.0,44.0,29.774011611938477,139.0,615.4553833007812,2.0,11.648519515991211
test,1898,rule4ml,rule4ml/archive_4/7b51fb383116913efca11f5c6eb5d2d3.pt,73806.0,145987.484375,19597.0,43207.18359375,304.0,211.03298950195312,123.0,107.95475769042969,833.0,457.6613464355469,131.0,3.9811697006225586
test,1903,rule4ml,rule4ml/archive_4/93a91b27f1ee47370c6f82a451490fe9.pt,61197.0,247825.359375,35468.0,199727.03125,220.0,447.2317810058594,14.5,64.95646667480469,278.0,1111.5426025390625,10.0,56.97146224975586
test,1917,rule4ml,rule4ml/archive_4/b2b008a9c8861976b3750110cd50a594.pt,17873.0,88116.203125,14888.0,49544.703125,12.0,242.35345458984375,130.5,134.08126831054688,456.0,595.2927856445312,4.0,7.611734390258789
test,1920,rule4ml,rule4ml/archive_4/ba6831d32130cc46375684ccd169a5c1.pt,9053.0,19718.068359375,8079.0,11522.2314453125,4.0,141.90057373046875,2.0,23.667739868164062,282.0,628.261962890625,2.0,11.773123741149902
test,1924,rule4ml,rule4ml/archive_4/c54b44680120057d74e92cbe9b65068b.pt,116070.0,164120.265625,58065.0,71685.6875,16.0,259.2980041503906,16.5,90.8527603149414,824.0,729.296142578125,8.0,17.44352149963379
test,1925,rule4ml,rule4ml/archive_4/ca02d7a10b3146eaf8c98872094f1492.pt,33743.0,59451.57421875,37215.0,50790.171875,208.0,180.24212646484375,173.0,62.200592041015625,1636.0,908.1143798828125,32.0,38.19807815551758
test,1936,rule4ml,rule4ml/archive_4/e41facf92ea26a1185ddcd75a697bab5.pt,36774.0,70868.015625,31977.0,27493.58984375,160.0,354.72125244140625,233.5,87.18852996826172,892.0,531.1599731445312,64.0,6.064784049987793
test,1947,rule4ml,rule4ml/archive_4/f54618f2acd7fbf62346bc0077ed8f50.pt,16752.0,193410.8125,14966.0,90856.8359375,712.0,516.4859619140625,18.0,32.05214309692383,207.0,775.1309204101562,4.0,16.400495529174805
test,1948,rule4ml,rule4ml/archive_4/f74ec97ba9d6a34e7e99c60e60d1b19a.pt,59185.0,262787.3125,49891.0,125698.40625,639.0,836.1516723632812,87.5,56.06322479248047,507.0,891.5863037109375,32.0,25.16128921508789
exemplar,0,exemplar,exemplar/archive_1/0273888c-6100-46de-ba53-476666388e81.pt,21988.0,27644.0625,24276.0,19749.0078125,0.0,12.846559524536133,5.0,8.593461036682129,6583.0,1539.9276123046875,1296.0,197.63304138183594
exemplar,1,exemplar,exemplar/archive_1/08ceef03-f529-483b-9de4-b4b67e848d56.pt,6595.0,50779.46875,8049.0,57120.24609375,6.0,19.3360595703125,1.0,5.877218723297119,525.0,4263.25048828125,192.0,1115.6376953125
exemplar,2,exemplar,exemplar/archive_1/0971e6d6-d73b-4833-aefc-bbae6dc5b505.pt,158971.0,161240.078125,82018.0,121190.7890625,66.0,136.19142150878906,0.0,0.0,619.0,301.747802734375,92.0,41.5349006652832
exemplar,3,exemplar,exemplar/archive_1/0b264399-9786-4e1d-95f5-b15ae9eef489.pt,7929.0,38704.421875,8102.0,22492.052734375,3.0,20.194747924804688,4.0,11.333517074584961,502.0,1640.85595703125,128.0,192.5621795654297
exemplar,4,exemplar,exemplar/archive_1/0ca740a3-feef-4ee0-91b6-46f493ae36b2.pt,3349.0,33138.48046875,3918.0,34335.42578125,2.0,6.476086616516113,1.0,5.378621578216553,521.0,4135.55126953125,192.0,1163.73828125
exemplar,5,exemplar,exemplar/archive_1/0e85b020-3749-4e4d-ac93-a44f053ea57b.pt,2913.0,35458.23828125,2764.0,34623.71484375,3.0,0.0,2.0,4.790765285491943,2631.0,4956.6162109375,1024.0,1477.0185546875
exemplar,6,exemplar,exemplar/archive_1/1096f607-c024-4e57-a794-4bf4d2886e54.pt,6411.0,169747.671875,1850.0,119542.8671875,421.0,211.9178924560547,1.0,0.0,25.0,559.0701293945312,1.0,105.66133117675781
exemplar,7,exemplar,exemplar/archive_1/12d641dd-5146-4c9f-911d-cf810823fff7.pt,3133.0,34819.71484375,2898.0,34420.41015625,5.0,0.0,2.0,4.954035758972168,2764.0,4781.10107421875,1024.0,1417.5567626953125
exemplar,8,exemplar,exemplar/archive_1/14689274-3866-4b30-b586-c404fc0eb7e3.pt,428.0,6106.41796875,338.0,3234.379638671875,0.0,0.0,0.0,2.3767173290252686,16.0,1359.744140625,1.0,129.7584991455078
exemplar,9,exemplar,exemplar/archive_1/182f2870-c640-40ba-987d-d85d5a889c32.pt,1011.0,15797.7705078125,223.0,3712.5400390625,3.0,39.1192741394043,0.0,7.313726902008057,28.0,278.8993225097656,1.0,6.444044589996338
exemplar,10,exemplar,exemplar/archive_1/1c3965f8-aac2-4e66-ae41-f24c4f7586e5.pt,37957.0,218523.609375,9537.0,140347.359375,2147.0,349.98468017578125,2.0,0.0,40.0,464.2210998535156,1.0,79.91033172607422
exemplar,11,exemplar,exemplar/archive_1/1d3a9271-bb21-46f7-a928-48272ce7193f.pt,21678.0,34419.1953125,36597.0,37459.52734375,128.0,6.60651969909668,6.0,5.747668266296387,2905.0,4310.73583984375,1024.0,1120.8267822265625
exemplar,12,exemplar,exemplar/archive_1/206dfc0c-9319-43c0-b4e3-b5bf034ef1bd.pt,5101.0,26988.578125,1837.0,9793.4052734375,2.0,10.381752014160156,1.0,4.8961663246154785,53.0,1126.490966796875,12.0,92.83811950683594
exemplar,13,exemplar,exemplar/archive_1/247d9155-f7f3-4ed7-92d8-cb8bf564eaeb.pt,640.0,6084.18017578125,7.0,1700.791748046875,3.0,30.80402374267578,0.0,3.95151948928833,23.0,460.385498046875,1.0,29.749317169189453
exemplar,14,exemplar,exemplar/archive_1/250eb325-6f3c-4c11-9d82-2353ec7b3655.pt,3337.0,34814.8671875,4167.0,34423.85546875,5.0,0.0,2.0,4.962080001831055,2876.0,4819.3798828125,1024.0,1431.633544921875
exemplar,15,exemplar,exemplar/archive_1/275c93ce-d31a-4833-97ca-00657c0684ec.pt,10504.0,39450.43359375,6645.0,24469.478515625,0.0,0.0,0.0,10.036144256591797,94.0,638.000732421875,1.0,18.597030639648438
exemplar,16,exemplar,exemplar/archive_1/2b1ebd37-082b-44ce-80f1-5789f44e794d.pt,38685.0,145150.09375,9433.0,55196.84765625,2126.0,166.95584106445312,2.0,13.994966506958008,40.0,671.4749755859375,1.0,20.017457962036133
exemplar,17,exemplar,exemplar/archive_1/2db30ca7-c3d9-421a-bd5f-13c2711d4758.pt,25110.0,101561.2421875,5955.0,47693.375,5.0,72.197998046875,2.0,19.2786808013916,42.0,797.8633422851562,2.0,24.788963317871094
exemplar,18,exemplar,exemplar/archive_1/30e2c5f7-5a29-4903-8934-750ea19679e8.pt,3367.0,21187.0,850.0,12713.7939453125,0.0,7.084787368774414,0.0,2.4160196781158447,25.0,413.6306457519531,5.0,128.54136657714844
exemplar,19,exemplar,exemplar/archive_1/317b26f4-5f81-4d40-a851-b24c3c44654c.pt,1023.0,16757.41796875,16.0,4349.56640625,5.0,36.60310363769531,0.0,7.920083999633789,523.0,276.697265625,1.0,6.07778263092041
exemplar,20,exemplar,exemplar/archive_1/34c6a605-582c-4ac3-a672-21a86b84164d.pt,6439.0,29483.62109375,5621.0,14244.0419921875,2.0,15.640564918518066,0.0,2.680922031402588,301.0,1007.9697875976562,286.0,64.78851318359375
exemplar,21,exemplar,exemplar/archive_1/36213331-74e8-44ed-8da9-e209c6703607.pt,7448.0,34654.6015625,8953.0,20649.767578125,3.0,16.500240325927734,3.0,10.464630126953125,2630.0,1725.718505859375,1024.0,234.23333740234375
exemplar,22,exemplar,exemplar/archive_1/36b4d64d-8c42-4320-adc4-a82339843784.pt,1367.0,34810.75,1337.0,34352.72265625,2.0,0.0,0.0,4.935186386108398,520.0,4640.796875,192.0,1374.3792724609375
exemplar,23,exemplar,exemplar/archive_1/371d50bf-1f3d-4d55-9d2d-9421bc2a01e2.pt,46584.0,370599.4375,21444.0,228113.421875,2108.0,869.6859741210938,2.0,0.0,43.0,1278.006103515625,2.0,277.06695556640625
exemplar,24,exemplar,exemplar/archive_1/37a7c317-89f4-4554-91c5-68afcaf539c1.pt,2829.0,17534.859375,1085.0,1310.2181396484375,0.0,0.0,0.0,1.8154964447021484,41.0,602.6664428710938,26.0,32.61294937133789
exemplar,25,exemplar,exemplar/archive_1/38f204fc-3e79-4077-93a0-3892a3ab85d2.pt,59846.0,390820.84375,7409.0,244791.4375,2278.0,912.6753540039062,2.0,0.0,533.0,1400.2608642578125,2.0,258.9105529785156
exemplar,26,exemplar,exemplar/archive_1/3a3f2dca-5b03-44d4-9918-2282eb4440fb.pt,7192.0,24849.14453125,4704.0,14277.908203125,287.0,18.3373966217041,0.0,3.0081899166107178,20.0,1529.19775390625,2.0,137.25543212890625
exemplar,27,exemplar,exemplar/archive_1/4107d0be-42b6-4158-9f36-c8a56530d5de.pt,26215.0,181211.15625,5721.0,95389.796875,3.0,211.299072265625,1.0,0.0,37.0,722.837646484375,2.0,197.3950653076172
exemplar,28,exemplar,exemplar/archive_1/45c61271-60eb-4ff5-ba6f-246ba575185f.pt,2227.0,10926.8037109375,145.0,1096.7308349609375,0.0,0.0,0.0,3.5937013626098633,78.0,129.27740478515625,1.0,2.303630828857422
exemplar,29,exemplar,exemplar/archive_1/46c56634-0933-47cc-9e72-89614aaa7251.pt,3323.0,34620.70703125,3676.0,20486.365234375,2.0,16.383577346801758,2.0,10.424492835998535,329.0,1711.2952880859375,96.0,227.1485595703125
exemplar,30,exemplar,exemplar/archive_1/4705b427-e733-41ed-bda3-6cc20c46fb96.pt,9817.0,163006.0625,5833.0,84128.3515625,422.0,272.0096435546875,1.0,23.571868896484375,29.0,1185.29736328125,2.0,62.887977600097656
exemplar,31,exemplar,exemplar/archive_1/4d39c459-d8e1-4de1-a8de-a7b376d0e510.pt,45414.0,223932.234375,17157.0,148993.96875,1970.0,334.5980529785156,7.0,0.0,283.0,498.61444091796875,5.0,76.18798828125
exemplar,32,exemplar,exemplar/archive_1/4d551fc6-7a68-4f90-a6b9-4c483baed59e.pt,5013.0,47598.4921875,4684.0,24832.0625,128.0,36.7013053894043,0.0,16.254270553588867,409.0,797.321044921875,64.0,39.700016021728516
exemplar,33,exemplar,exemplar/archive_1/4d7af3a5-68b9-46b1-9875-78271f4a712b.pt,7489.0,13609.9912109375,7842.0,11036.4326171875,128.0,25.879905700683594,2.0,8.032918930053711,3006.0,1900.4927978515625,1024.0,262.8439636230469
exemplar,34,exemplar,exemplar/archive_1/4fe50b78-f06b-4441-a458-1445bd2d983a.pt,7423.0,32689.951171875,9003.0,34005.765625,5.0,6.497804641723633,3.0,5.588193416595459,2760.0,4003.151123046875,1024.0,1126.635498046875
exemplar,35,exemplar,exemplar/archive_1/52c0f586-1dea-422b-84cb-fcc178db7048.pt,7711.0,33160.296875,9110.0,34434.234375,5.0,6.491302490234375,3.0,5.40056848526001,2763.0,4184.6787109375,1024.0,1178.5062255859375
exemplar,36,exemplar,exemplar/archive_1/568fa7df-b876-4e31-bcb8-7dd7426d9616.pt,3194.0,35458.54296875,2900.0,34624.76953125,5.0,0.0,2.0,4.791022300720215,2765.0,4957.935546875,1024.0,1477.4202880859375
exemplar,37,exemplar,exemplar/archive_1/6346baef-4016-4baa-95ca-4d01f340d884.pt,3112.0,121919.4921875,1909.0,47672.1796875,5.0,0.0,0.0,0.0,41.0,429.23602294921875,3.0,171.33262634277344
exemplar,38,exemplar,exemplar/archive_1/641d2098-53ea-4e20-b11b-636ecfc4de3b.pt,5034.0,19408.982421875,1683.0,10349.70703125,0.0,0.0,0.0,4.131263256072998,19.0,1179.7701416015625,2.0,109.69044494628906
exemplar,39,exemplar,exemplar/archive_1/64239147-5c4d-4f1c-b543-1bb26a6df2a6.pt,842.0,76148.4921875,677.0,42429.328125,2.0,0.0,0.0,0.0,24.0,906.484619140625,1.0,255.94534301757812
exemplar,40,exemplar,exemplar/archive_1/67c490e4-5293-4931-a67a-efe1c2b8a712.pt,32622.0,109084.984375,27846.0,51602.7109375,128.0,81.59234619140625,4.0,22.38164520263672,310.0,838.1019897460938,9.0,26.635299682617188
exemplar,41,exemplar,exemplar/archive_1/6f78ee34-8249-459a-900a-d8aee5f203ad.pt,44213.0,229418.28125,10168.0,112496.4453125,2107.0,402.1211242675781,2.0,26.63111686706543,36.0,994.6185302734375,1.0,36.72975540161133
exemplar,42,exemplar,exemplar/archive_1/733d4346-c1e0-45cc-841d-62a798bbe60a.pt,56989.0,66047.3671875,55082.0,59820.859375,149.0,31.85528564453125,4.0,5.128601551055908,693.0,1409.9593505859375,98.0,426.25628662109375
exemplar,43,exemplar,exemplar/archive_1/74923cb9-abeb-4329-bb34-2e0714e33867.pt,7563.0,73996.8984375,2302.0,37697.38671875,2.0,46.92881393432617,1.0,17.454160690307617,26.0,969.2612915039062,2.0,43.3333854675293
exemplar,44,exemplar,exemplar/archive_1/7ad022f0-031e-4928-8967-2a10e6ead5a5.pt,22907.0,65216.21875,800.0,26243.48046875,3.0,25.683839797973633,1.0,11.089850425720215,28.0,464.6705322265625,1.0,10.605636596679688
exemplar,45,exemplar,exemplar/archive_1/7ecb5102-3313-4c41-9586-c1ad1fd36c66.pt,109778.0,257354.046875,29872.0,135681.296875,5853.0,907.477783203125,0.0,0.0,90.0,90.13465881347656,1.0,8.811830520629883
exemplar,46,exemplar,exemplar/archive_1/7f402bb4-51cf-485d-bc52-6ee172ca14fa.pt,5895.0,51234.1015625,6753.0,58493.9140625,8.0,19.7841796875,2.0,6.288375377655029,328.0,4111.81982421875,96.0,1100.1993408203125
exemplar,47,exemplar,exemplar/archive_1/8317cf35-eefa-4791-bcf7-f4065665fd13.pt,5111.0,18755.2265625,1702.0,12230.7451171875,0.0,4.0689311027526855,0.0,2.4074368476867676,19.0,3901.73193359375,2.0,1991.35498046875
exemplar,48,exemplar,exemplar/archive_1/840fcf94-ccfc-43d8-b7c2-d33799fa8aa8.pt,3334.0,11950.4853515625,4118.0,8924.5390625,5.0,24.780282974243164,2.0,7.285922527313232,2876.0,1753.814697265625,1024.0,231.59170532226562
exemplar,49,exemplar,exemplar/archive_1/84384e9c-dbd4-42f2-9768-d6071fed7642.pt,45548.0,48506.3046875,35581.0,23704.546875,9.0,36.561683654785156,2.0,6.601047039031982,2171.0,1637.9344482421875,2143.0,192.29736328125
exemplar,50,exemplar,exemplar/archive_1/85e17655-4ec7-4dde-bbe4-d48bacfaa343.pt,36.0,14804.48046875,1.0,4698.5458984375,0.0,0.0,0.0,2.2475621700286865,13.0,110.10153198242188,1.0,31.424335479736328
exemplar,51,exemplar,exemplar/archive_1/86a7fb3e-bc83-41fa-894f-d57ab0a037c1.pt,7222.0,112282.9375,4720.0,59357.359375,282.0,91.76287078857422,0.0,0.0,20.0,1790.66650390625,2.0,330.7002258300781
exemplar,52,exemplar,exemplar/archive_1/8c5001d5-58f2-49e9-a6bb-2ae23830866f.pt,25884.0,33980.08984375,14460.0,14842.4404296875,128.0,11.987598419189453,6.0,6.697223663330078,292.0,899.0267333984375,12.0,48.853355407714844
exemplar,53,exemplar,exemplar/archive_1/8d2bea12-85c5-4b4c-802c-3390a356a35e.pt,9199.0,41210.21875,7911.0,36871.7578125,0.0,0.0,3.0,4.759578227996826,821.0,4666.28515625,144.0,1146.2943115234375
exemplar,54,exemplar,exemplar/archive_1/8e75be00-7e3e-4f3d-8aa1-3e913ec040ec.pt,46262.0,231146.65625,28091.0,147628.640625,1998.0,380.9210205078125,4.0,0.0,305.0,466.83343505859375,9.0,78.78157043457031
exemplar,55,exemplar,exemplar/archive_1/90c22023-a457-4031-8dcc-74aa8742c717.pt,91.0,14804.48046875,1.0,4698.5458984375,0.0,0.0,0.0,2.2475621700286865,13.0,110.10153198242188,1.0,31.424335479736328
exemplar,56,exemplar,exemplar/archive_1/933de88a-1fe8-4497-b8cf-66fe9146b0e0.pt,10507.0,39450.43359375,6645.0,24469.478515625,0.0,0.0,0.0,10.036144256591797,94.0,638.0004272460938,1.0,18.597030639648438
exemplar,57,exemplar,exemplar/archive_1/93c8fe85-cd4d-4b53-a93f-688a737d92ef.pt,2795.0,16963.82421875,771.0,1631.871826171875,0.0,0.0,0.0,1.8756965398788452,33.0,606.6281127929688,21.0,30.91106605529785
exemplar,58,exemplar,exemplar/archive_1/93f027a8-36c7-4159-b997-fa581ea23d40.pt,55888.0,61114.8125,34051.0,54325.48828125,27.0,30.733060836791992,2.0,4.607509613037109,408.0,1299.43798828125,103.0,393.08001708984375
exemplar,59,exemplar,exemplar/archive_1/94394a1c-cebb-41b5-97ba-053c2cbb4444.pt,6967.0,38146.3125,7374.0,39145.32421875,128.0,0.0,0.0,5.436801910400391,958.0,4433.3095703125,128.0,1149.7630615234375
exemplar,60,exemplar,exemplar/archive_1/9748b154-4100-4641-a2d4-c9e8328e837d.pt,24744.0,119375.5078125,19067.0,66135.8671875,128.0,96.96212005615234,4.0,0.0,306.0,229.6802215576172,9.0,44.2686767578125
exemplar,61,exemplar,exemplar/archive_1/990eb8b7-92c6-40ca-b679-e3cbaa3024b6.pt,16360.0,51510.2734375,28255.0,58947.69140625,10.0,19.97802734375,3.0,6.323695659637451,2872.0,4123.33984375,1024.0,1101.945068359375
exemplar,62,exemplar,exemplar/archive_1/9a9a9339-a608-467c-91a9-1a3f6a783e95.pt,62820.0,83253.75,2597.0,46630.671875,0.0,42.128868103027344,0.0,0.0,82.0,147.3856964111328,1.0,17.624187469482422
exemplar,63,exemplar,exemplar/archive_1/9bce92a8-b4b7-42eb-a5e4-15f5d4f3c872.pt,11925.0,65032.06640625,15471.0,40284.7890625,26.0,75.67185974121094,6.0,14.210319519042969,584.0,1996.0916748046875,160.0,306.2269592285156
exemplar,64,exemplar,exemplar/archive_1/9c3ee7e5-a98f-4ec9-9b34-0d1baaa3da26.pt,39506.0,60229.8203125,64013.0,36881.921875,133.0,71.02012634277344,7.0,13.845077514648438,2909.0,2188.18603515625,1024.0,389.255126953125
exemplar,65,exemplar,exemplar/archive_1/9c51cef1-e8be-4066-85b1-e69bbe003acc.pt,62726.0,64880.9140625,2597.0,8995.0927734375,0.0,70.99773406982422,0.0,16.402587890625,82.0,290.2674865722656,1.0,4.2205915451049805
exemplar,66,exemplar,exemplar/archive_1/a2d0b7bd-e241-47cf-9b48-c8d5b31a4dfb.pt,52808.0,59819.26171875,30535.0,54185.421875,24.0,28.96013069152832,1.0,4.804799556732178,401.0,1397.1639404296875,101.0,383.2579345703125
exemplar,67,exemplar,exemplar/archive_1/a7ab27fb-bd8e-4dfb-bc4f-fc37b71e548c.pt,2769.0,39528.4296875,1763.0,20401.3359375,3.0,35.993099212646484,0.0,13.811339378356934,35.0,754.3638916015625,2.0,36.947566986083984
exemplar,68,exemplar,exemplar/archive_1/a7fcc3e0-563d-4404-9467-f86818191469.pt,10528.0,113335.859375,6645.0,42194.8359375,0.0,0.0,0.0,0.0,94.0,547.8567504882812,1.0,122.37411499023438
exemplar,69,exemplar,exemplar/archive_1/a84153c9-baad-493e-b043-331117736a38.pt,26154.0,33980.08984375,11148.0,14842.4404296875,128.0,11.987598419189453,7.0,6.697223663330078,285.0,899.0267333984375,5.0,48.853355407714844
exemplar,70,exemplar,exemplar/archive_1/ab107bcf-9e12-42e0-9b1a-bf08d137f970.pt,61095.0,31734.265625,5272.0,5310.0771484375,0.0,11.517023086547852,0.0,4.085797309875488,98.0,381.9659423828125,19.0,18.637346267700195
exemplar,71,exemplar,exemplar/archive_1/af019597-795a-45fb-af20-0492e247f185.pt,7535.0,22929.6953125,3360.0,15770.41796875,281.0,5.909826278686523,0.0,1.965965986251831,15.0,4155.97265625,1.0,2074.166015625
exemplar,72,exemplar,exemplar/archive_1/b19f2e4b-4590-4abd-a767-7530be27f889.pt,27733.0,101030.890625,5435.0,48821.6640625,5.0,68.02510833740234,2.0,19.346145629882812,36.0,776.0107421875,1.0,24.15841293334961
exemplar,73,exemplar,exemplar/archive_1/b43c3d48-b63e-4826-8f80-4f21daca2b4f.pt,2911.0,44382.51953125,2758.0,22876.24609375,5.0,35.60886001586914,14.0,14.815977096557617,537.0,724.204345703125,3.0,33.597625732421875
exemplar,74,exemplar,exemplar/archive_1/b656d259-da97-4fd2-982a-eae002500fb2.pt,2806.0,14159.6435546875,2566.0,10730.720703125,3.0,25.97640037536621,1.0,7.934210300445557,502.0,1599.2374267578125,128.0,184.11175537109375
exemplar,75,exemplar,exemplar/archive_1/b85933b6-f63c-4af0-aa76-bbf3f5b74598.pt,64713.0,39864.23046875,48949.0,35227.8515625,10.0,15.961061477661133,2.0,3.525259017944336,2239.0,2012.6776123046875,1715.0,742.822265625
exemplar,76,exemplar,exemplar/archive_1/bb07fdf6-0145-43fa-b254-ae7790bd0390.pt,5228.0,88800.0390625,897.0,53297.12890625,2.0,54.9748420715332,1.0,0.0,24.0,305.9992370605469,1.0,55.871883392333984
exemplar,77,exemplar,exemplar/archive_1/bfc05050-5933-4357-afc0-782c3c9871d3.pt,72372.0,74916.3046875,37872.0,65829.3515625,32.0,40.88127899169922,2.0,5.469437599182129,881.0,1129.7235107421875,102.0,312.666748046875
exemplar,78,exemplar,exemplar/archive_1/c50b7d06-2743-447e-8d30-7d44ffd86fa1.pt,6127.0,55318.6875,771.0,22839.818359375,2.0,22.08599090576172,1.0,9.813593864440918,24.0,538.4554443359375,1.0,15.192215919494629
exemplar,79,exemplar,exemplar/archive_1/c50bdf2e-0abe-43fc-8139-06cf5e73816b.pt,1357.0,11719.322265625,1278.0,8116.99658203125,2.0,27.245180130004883,0.0,7.1868486404418945,329.0,1743.1600341796875,96.0,225.7685089111328
exemplar,80,exemplar,exemplar/archive_1/c547deb4-f314-4e7d-9e7b-88bda5d6f7ff.pt,4920.0,104392.9765625,63.0,60168.96484375,275.0,158.82730102539062,0.0,0.0,14.0,219.1060028076172,1.0,27.81829833984375
exemplar,81,exemplar,exemplar/archive_1/c554422a-7e7f-40d8-88a4-8c54a0a92d59.pt,3337.0,34814.8671875,4118.0,34423.85546875,5.0,0.0,2.0,4.962080001831055,2876.0,4819.3798828125,1024.0,1431.633544921875
exemplar,82,exemplar,exemplar/archive_1/c76f45c1-2e16-422b-b87f-0befcb5d1cc0.pt,33986.0,210263.71875,1592.0,141353.46875,2019.0,303.377685546875,1.0,0.0,28.0,501.1636047363281,1.0,78.47370910644531
exemplar,83,exemplar,exemplar/archive_1/cc933a28-ea40-4c6e-94eb-19bb770284e0.pt,14151.0,55463.75,17032.0,33338.5703125,9.0,59.66191864013672,3.0,11.852065086364746,2760.0,2141.489013671875,1024.0,368.4549560546875
exemplar,84,exemplar,exemplar/archive_1/d2f9b92b-36b8-4913-bf89-d73b70e688b6.pt,74.0,37247.9921875,1.0,9923.1396484375,0.0,0.0,0.0,0.0,13.0,49.70394515991211,1.0,4.538093566894531
exemplar,85,exemplar,exemplar/archive_1/d555c2bc-0669-45e4-91b5-39d9ebf234a6.pt,76.0,26940.0,5.0,20392.076171875,2.0,0.0,0.0,3.7067623138427734,15.0,417.9032897949219,1.0,138.00086975097656
exemplar,86,exemplar,exemplar/archive_1/d624f608-06d4-4b6b-b0a4-1fd09b11f9a5.pt,57420.0,31734.265625,8222.0,5310.0771484375,0.0,11.517023086547852,0.0,4.085798263549805,96.0,381.9659423828125,17.0,18.637346267700195
exemplar,87,exemplar,exemplar/archive_1/dcec6b57-a6cd-442a-b467-1dd0d8a02ccf.pt,60408.0,248940.328125,27260.0,118291.296875,2300.0,480.55206298828125,2.0,28.270347595214844,540.0,994.8326416015625,3.0,35.0432243347168
exemplar,88,exemplar,exemplar/archive_1/dd09668d-3c30-4aad-9f96-919ce4bedbf0.pt,52892.0,60466.078125,32809.0,28652.09375,24.0,49.257957458496094,1.0,8.073116302490234,397.0,1295.756103515625,99.0,105.9404067993164
exemplar,89,exemplar,exemplar/archive_1/e0877d2d-c62b-4796-be5f-96c63aefb754.pt,9596.0,162238.984375,4242.0,85801.3984375,423.0,258.1266174316406,1.0,23.48204803466797,24.0,1173.23681640625,1.0,62.491050720214844
exemplar,90,exemplar,exemplar/archive_1/e3f6f73c-985e-45e2-8dfd-c8eeaf9b40da.pt,85.0,6092.43212890625,5.0,1659.701171875,2.0,31.19841194152832,0.0,3.981456995010376,15.0,443.3756103515625,1.0,27.296049118041992
exemplar,91,exemplar,exemplar/archive_1/e6a82969-b2e7-4bf3-ba16-00307a537ca0.pt,6445.0,50781.015625,7587.0,57093.015625,8.0,19.387731552124023,2.0,5.877981185913086,333.0,4279.09130859375,96.0,1122.064208984375
exemplar,92,exemplar,exemplar/archive_1/e78a5e99-9c04-4b9b-be44-a1b0d34a316b.pt,32764.0,109084.984375,28186.0,51602.7109375,128.0,81.59234619140625,4.0,22.38164520263672,309.0,838.1019897460938,9.0,26.63529396057129
exemplar,93,exemplar,exemplar/archive_1/e7919f10-29bd-4777-b4cc-29dbe353cd1c.pt,35600.0,144918.125,1624.0,56903.8984375,2091.0,158.70753479003906,2.0,14.151670455932617,32.0,653.0796508789062,1.0,19.503585815429688
exemplar,94,exemplar,exemplar/archive_1/e8403995-eed4-4ab2-bad9-4ab7a8a95220.pt,9741.0,32700.708984375,14518.0,34041.5234375,5.0,6.512853622436523,3.0,5.600253105163574,2872.0,4013.945556640625,1024.0,1131.2503662109375
exemplar,95,exemplar,exemplar/archive_1/e87f94ad-6357-4f1e-8148-702cc5865918.pt,738.0,6084.18017578125,7.0,1700.791748046875,3.0,30.80402374267578,0.0,3.95151948928833,23.0,460.385498046875,1.0,29.749317169189453
exemplar,96,exemplar,exemplar/archive_1/e89c3f49-0a65-47bb-8ace-4c65db6d108b.pt,21260.0,32778.39453125,23944.0,30636.466796875,0.0,5.6443095207214355,5.0,4.320810317993164,6581.0,4403.654296875,1296.0,1346.2491455078125
exemplar,97,exemplar,exemplar/archive_1/e9e2bcad-ffaa-477a-93b0-5d0493070787.pt,15128.0,56053.7890625,18973.0,32618.697265625,9.0,63.02893829345703,4.0,11.930106163024902,2767.0,2163.493408203125,1024.0,370.7644958496094
exemplar,98,exemplar,exemplar/archive_1/f47f94f0-87d1-4681-9dcc-02c2cb74fd5a.pt,2236.0,10926.814453125,145.0,1096.7308349609375,0.0,0.0,0.0,3.5937013626098633,78.0,129.27740478515625,1.0,2.3036322593688965
exemplar,99,exemplar,exemplar/archive_1/f7965c2f-28df-4155-9306-bfef8953a6be.pt,3057.0,11936.78125,2828.0,8866.1259765625,3.0,24.864887237548828,2.0,7.2791748046875,2630.0,1746.913330078125,1024.0,228.91043090820312
exemplar,100,exemplar,exemplar/archive_2/01525b57-2df4-49a4-8b44-6082bf153f1c.pt,8073.0,22755.76171875,3359.0,15553.9013671875,267.0,5.929511070251465,0.0,1.97989821434021,15.0,4187.421875,1.0,2121.18603515625
exemplar,101,exemplar,exemplar/archive_2/01f697c6-b10b-4565-8590-f81514e880c9.pt,2904.0,124381.3203125,2680.0,50471.2890625,5.0,0.0,14.0,0.0,537.0,465.93572998046875,3.0,163.9204864501953
exemplar,102,exemplar,exemplar/archive_2/0551c9ea-59f7-4e4a-87c0-37df99b26573.pt,21176.0,35374.03125,32593.0,22158.203125,128.0,16.587047576904297,8.0,11.092033386230469,2889.0,1792.06640625,1024.0,240.32948303222656
exemplar,103,exemplar,exemplar/archive_2/05f0ccd2-98cf-4535-93c2-1d3e77a9b07c.pt,24862.0,31239.90234375,22177.0,19958.2734375,0.0,0.0,6.0,9.849265098571777,821.0,1331.8560791015625,144.0,110.40630340576172
exemplar,104,exemplar,exemplar/archive_2/0755003d-fac1-4914-9051-bc9a85e03624.pt,9525.0,48424.6796875,7874.0,23651.70703125,6.0,36.39344024658203,1.0,6.595931053161621,438.0,1636.200439453125,422.0,191.82952880859375
exemplar,105,exemplar,exemplar/archive_2/085e0d62-34ae-4f6e-8eaf-6c9695beccbf.pt,717.0,27256.87109375,83.0,19806.9921875,3.0,0.0,0.0,3.5140140056610107,26.0,381.86572265625,1.0,138.54457092285156
exemplar,106,exemplar,exemplar/archive_2/08899062-2fac-4cd8-8c35-4678076c0341.pt,9984.0,48440.4765625,6970.0,24097.56640625,8.0,34.6297492980957,1.0,6.592543125152588,275.0,1569.6500244140625,84.0,172.21133422851562
exemplar,107,exemplar,exemplar/archive_2/118ec27f-9c9b-4bde-83fa-26ff090691b8.pt,22404.0,26917.5546875,3219.0,9990.755859375,3.0,10.38791275024414,1.0,4.897336006164551,69.0,1168.14697265625,45.0,101.35323333740234
exemplar,108,exemplar,exemplar/archive_2/121c5201-0714-4c8a-b636-a8f195ba5a03.pt,10823.0,34616.515625,14535.0,20701.826171875,5.0,16.543418884277344,3.0,10.469564437866211,2875.0,1734.1976318359375,1024.0,238.6627655029297
exemplar,109,exemplar,exemplar/archive_2/18aa6349-af5a-4ca3-83cd-47dc55381cf4.pt,42742.0,40663.21875,44659.0,39729.15234375,6.0,10.898266792297363,2.0,4.369830131530762,6581.0,4430.5615234375,1296.0,1303.9508056640625
exemplar,110,exemplar,exemplar/archive_2/1c92271f-850d-4e3c-968f-1dead1ccdaa5.pt,3301.0,32657.044921875,3878.0,33899.19921875,2.0,6.479648590087891,1.0,5.5640153884887695,520.0,3967.824951171875,192.0,1116.40576171875
exemplar,111,exemplar,exemplar/archive_2/1d7221e2-8d8e-4e81-b2e3-b52c9202ec83.pt,26374.0,100070.421875,5371.0,48593.86328125,3.0,67.48932647705078,1.0,19.352100372314453,32.0,786.7305297851562,1.0,24.832870483398438
exemplar,112,exemplar,exemplar/archive_2/1fb9d731-44fe-4908-bcb5-265067f24c3e.pt,138432.0,318503.96875,31416.0,164718.46875,5833.0,504.2998352050781,0.0,0.0,95.0,1541.0750732421875,2.0,169.78079223632812
exemplar,113,exemplar,exemplar/archive_2/1feebb8f-df74-4410-90ca-979c51199bfe.pt,5391.0,55437.25390625,7192.0,33253.24609375,6.0,59.68090057373047,1.0,11.832324981689453,520.0,2140.10107421875,192.0,367.5509033203125
exemplar,114,exemplar,exemplar/archive_2/205c6f44-b54e-4065-8e6d-b654978246be.pt,383.0,11842.265625,281.0,8133.29443359375,0.0,0.0,0.0,6.059526443481445,18.0,713.6835327148438,1.0,23.849952697753906
exemplar,115,exemplar,exemplar/archive_2/249c5897-9354-48ad-b5a5-0cac1690c152.pt,981.0,6040.22900390625,86.0,1360.9969482421875,5.0,32.348262786865234,0.0,3.7719945907592773,528.0,457.962158203125,1.0,28.811426162719727
exemplar,116,exemplar,exemplar/archive_2/2ab1a76c-9907-4d18-bf5d-09fe5d1a4db6.pt,5991.0,55371.3125,640.0,22838.40234375,2.0,22.090438842773438,1.0,9.83426284790039,23.0,537.296630859375,1.0,15.108724594116211
exemplar,117,exemplar,exemplar/archive_2/2fa8fb20-8946-461e-9867-f56d2b13bcff.pt,6967.0,15681.103515625,7374.0,12887.9501953125,128.0,27.05623435974121,0.0,8.656118392944336,958.0,1763.1837158203125,128.0,217.27911376953125
exemplar,118,exemplar,exemplar/archive_2/359b58b7-0326-4a93-956a-4b2eaa583f53.pt,4627.0,18659.93359375,1647.0,12037.009765625,0.0,4.082894802093506,0.0,2.4932475090026855,20.0,4030.0595703125,2.0,2092.2314453125
exemplar,119,exemplar,exemplar/archive_2/3748ff96-bb56-46fe-8e84-6d00af316083.pt,127.0,6057.849609375,35.0,1437.5938720703125,2.0,32.134517669677734,0.0,3.7592787742614746,17.0,473.9920654296875,1.0,31.416336059570312
exemplar,120,exemplar,exemplar/archive_2/375a3000-6499-4100-b3f4-ed7ccfa6efa9.pt,21623.0,32503.798828125,1838.0,13486.2685546875,3.0,11.496031761169434,1.0,5.9662394523620605,42.0,890.4612426757812,12.0,47.99271774291992
exemplar,121,exemplar,exemplar/archive_2/3c4f0518-cd12-4c04-a710-7ac6af24b36b.pt,20483.0,77503.4765625,28917.0,82944.828125,31.0,35.140541076660156,5.0,8.437652587890625,1087.0,4121.16162109375,160.0,1038.5906982421875
exemplar,122,exemplar,exemplar/archive_2/3c5398da-d7cf-47aa-97b4-bd7c74fcb34c.pt,2913.0,11806.7861328125,2764.0,8348.259765625,3.0,27.259742736816406,2.0,7.222409248352051,2631.0,1780.5372314453125,1024.0,239.5106201171875
exemplar,123,exemplar,exemplar/archive_2/4090a3d7-2624-4487-bc49-3a11e7cb7c9c.pt,24753.0,27720.28125,21240.0,21737.294921875,128.0,5.983039855957031,4.0,3.5544657707214355,315.0,1473.9136962890625,52.0,503.2860107421875
exemplar,124,exemplar,exemplar/archive_2/431255d8-05e7-48b2-8e7e-f16b51ca6522.pt,45063.0,40663.21875,44698.0,39729.15234375,6.0,10.898266792297363,3.0,4.369829177856445,6581.0,4430.5615234375,1296.0,1303.9508056640625
exemplar,125,exemplar,exemplar/archive_2/49637ef4-da70-4343-b00b-3e757a368528.pt,7430.0,52981.0,3359.0,30585.9609375,293.0,58.0139045715332,0.0,6.582403659820557,16.0,860.085205078125,1.0,21.493736267089844
exemplar,126,exemplar,exemplar/archive_2/49a75271-725b-4791-bf1f-7d5927b40ac3.pt,7388.0,24321.62109375,4159.0,13902.7802734375,291.0,18.24315071105957,0.0,3.103226661682129,20.0,1494.38818359375,2.0,135.9619903564453
exemplar,127,exemplar,exemplar/archive_2/4ae47494-a6f6-48d1-87e7-ebfcc0ae914c.pt,6113.0,27103.75,5607.0,14109.212890625,2.0,13.963934898376465,0.0,2.573945999145508,309.0,1022.6548461914062,296.0,64.64041900634766
exemplar,128,exemplar,exemplar/archive_2/51118e02-295c-4b79-937d-7dbad6a2c0d2.pt,24112.0,109853.671875,816.0,64239.109375,5.0,78.92446899414062,2.0,0.0,32.0,260.4851989746094,1.0,42.08393478393555
exemplar,129,exemplar,exemplar/archive_2/581844f6-d44a-43db-be68-0b45f3b7344d.pt,483.0,6036.865234375,376.0,3163.832763671875,0.0,0.0,0.0,2.463376522064209,15.0,1339.4412841796875,1.0,132.3466339111328
exemplar,130,exemplar,exemplar/archive_2/5983ca74-e282-412a-b2f0-489327a9ccea.pt,1723.0,17148.435546875,800.0,4128.6923828125,107.0,39.10965347290039,0.0,7.805723667144775,270.0,284.5330810546875,1.0,6.48760461807251
exemplar,131,exemplar,exemplar/archive_2/5b16206e-bc49-4eb0-8532-21e989df898d.pt,33728.0,187508.421875,28029.0,101451.65625,128.0,211.7315673828125,4.0,0.0,310.0,826.7781982421875,9.0,221.40011596679688
exemplar,132,exemplar,exemplar/archive_2/5f97c105-e8db-4856-99c8-6f244035d9f6.pt,24869.0,38220.92578125,3028.0,29429.8515625,5.0,9.96514892578125,2.0,4.99143123626709,552.0,719.0241088867188,11.0,177.47299194335938
exemplar,133,exemplar,exemplar/archive_2/6452b03d-2f7b-488d-90ed-e4c45432f442.pt,24520.0,41422.71875,22669.0,36071.0546875,0.0,7.143411636352539,6.0,5.486518383026123,823.0,4101.53662109375,144.0,1000.6670532226562
exemplar,134,exemplar,exemplar/archive_2/64bda8fc-695e-49c2-8e02-09ed011f9f98.pt,7253.0,111125.28125,4651.0,58512.1015625,282.0,89.78221130371094,0.0,0.0,20.0,1862.9722900390625,2.0,345.09161376953125
exemplar,135,exemplar,exemplar/archive_2/653010fa-d67d-4455-a52a-5586456f6387.pt,22165.0,31545.640625,1876.0,25328.15625,3.0,7.349002361297607,1.0,4.0759782791137695,42.0,927.6931762695312,11.0,227.9918212890625
exemplar,136,exemplar,exemplar/archive_2/65f2dd57-ee52-4db0-87b2-6b1d5c5edfc4.pt,122.0,13862.119140625,44.0,3418.419677734375,2.0,38.09368896484375,0.0,6.5626540184021,18.0,276.97442626953125,1.0,7.335336685180664
exemplar,137,exemplar,exemplar/archive_2/6feffc6b-567e-4b36-bad3-e4c57ab9cec2.pt,414.0,5942.12890625,338.0,2688.00341796875,0.0,0.0,0.0,2.377995729446411,18.0,1269.964111328125,1.0,134.59974670410156
exemplar,138,exemplar,exemplar/archive_2/71fc7a21-01aa-4f22-8f37-e9b5e3e23654.pt,1017.0,32214.5703125,24.0,21291.0546875,5.0,0.0,0.0,4.137144088745117,27.0,212.4637908935547,1.0,51.26966094970703
exemplar,139,exemplar,exemplar/archive_2/71ff4609-1463-4d28-9ef0-cef1641b5731.pt,64296.0,39870.23828125,45559.0,35596.03515625,10.0,15.56322193145752,2.0,3.753124237060547,2215.0,2159.81103515625,1692.0,755.6112060546875
exemplar,140,exemplar,exemplar/archive_2/720c1054-ed10-46fc-86fc-9d4dc4b5fc1d.pt,6311.0,29231.49609375,5375.0,20645.57421875,2.0,10.763029098510742,0.0,2.085562229156494,298.0,1152.2713623046875,285.0,378.685546875
exemplar,141,exemplar,exemplar/archive_2/753db279-3897-4e89-a08d-a46c207dc829.pt,60890.0,34474.3515625,7075.0,6989.8466796875,0.0,0.0,0.0,6.399778366088867,93.0,456.68475341796875,2.0,12.947598457336426
exemplar,142,exemplar,exemplar/archive_2/7b0a48f6-26f7-4734-8ff2-b2389721cf8b.pt,64315.0,48927.984375,48353.0,23690.4453125,10.0,36.91706466674805,2.0,6.617100238800049,2241.0,1612.763671875,1717.0,184.78530883789062
exemplar,143,exemplar,exemplar/archive_2/7eb90940-c8fc-46eb-b334-63c1540139b5.pt,49.0,8665.2802734375,1.0,553.8019409179688,0.0,0.0,0.0,4.5174689292907715,13.0,262.3454895019531,1.0,2.9067718982696533
exemplar,144,exemplar,exemplar/archive_2/88525790-1f2d-4b08-abd1-87d93fbfa721.pt,7423.0,32670.501953125,9003.0,33978.953125,5.0,6.49263334274292,3.0,5.582068920135498,2760.0,4014.1982421875,1024.0,1130.5379638671875
exemplar,145,exemplar,exemplar/archive_2/88562b99-cdec-44f1-a048-2808b2e91b5d.pt,3337.0,11821.140625,4118.0,8404.865234375,5.0,27.165943145751953,2.0,7.229414463043213,2877.0,1788.187255859375,1024.0,242.39361572265625
exemplar,146,exemplar,exemplar/archive_2/8858c4d4-cdcf-46ad-8093-195db8550140.pt,26082.0,26994.73046875,2632.0,9863.8525390625,5.0,10.40104866027832,2.0,4.8935441970825195,564.0,1143.267578125,40.0,95.60210418701172
exemplar,147,exemplar,exemplar/archive_2/8fb92d64-ae75-49a3-83d4-b20cc8facacb.pt,14150.0,51228.87109375,17032.0,58536.6015625,9.0,19.732202529907227,3.0,6.289774417877197,2760.0,4114.29150390625,1024.0,1097.524658203125
exemplar,148,exemplar,exemplar/archive_2/8fc296f2-d676-4db0-8fca-4aad1c0f9562.pt,7448.0,33148.62890625,8953.0,34420.34375,3.0,6.491204261779785,3.0,5.396305084228516,2630.0,4194.921875,1024.0,1182.0633544921875
exemplar,149,exemplar,exemplar/archive_2/92338979-551d-417d-b540-907ba3e43cdf.pt,29043.0,77503.4765625,37083.0,82944.828125,31.0,35.140541076660156,5.0,8.437655448913574,1087.0,4121.16162109375,160.0,1038.5906982421875
exemplar,150,exemplar,exemplar/archive_2/9313be69-b1d3-4511-8970-154a74b6e9a1.pt,2114.0,14076.5380859375,145.0,1075.128173828125,0.0,0.0,0.0,7.7194294929504395,78.0,219.79336547851562,1.0,1.68377685546875
exemplar,151,exemplar,exemplar/archive_2/9484c0eb-623f-4785-b182-7fa5cc18e87e.pt,13661.0,51228.87109375,17018.0,58536.6015625,9.0,19.732208251953125,3.0,6.289774417877197,2760.0,4114.29150390625,1024.0,1097.524658203125
exemplar,152,exemplar,exemplar/archive_2/9847d2cf-f15c-4505-8b8d-f64ac3998050.pt,24672.0,173946.078125,5377.0,94548.578125,3.0,185.02597045898438,1.0,0.0,32.0,798.7998046875,1.0,182.83416748046875
exemplar,153,exemplar,exemplar/archive_2/991f13af-b7f2-4986-8d9a-67446552fda3.pt,4933.0,26816.623046875,1767.0,10660.099609375,2.0,9.673112869262695,1.0,4.975550651550293,80.0,1163.481689453125,65.0,94.92953491210938
exemplar,154,exemplar,exemplar/archive_2/9bf554fc-02eb-4516-9e17-0417c78bcfc4.pt,825.0,27251.95703125,132.0,19805.16015625,5.0,0.0,0.0,3.513613224029541,32.0,382.2427062988281,1.0,138.71295166015625
exemplar,155,exemplar,exemplar/archive_2/9e988320-f57a-4fd9-9af6-e0dd6526b45f.pt,3337.0,35431.703125,4118.0,34600.47265625,5.0,0.0,2.0,4.792997360229492,2877.0,5018.8642578125,1024.0,1499.27978515625
exemplar,156,exemplar,exemplar/archive_2/a191dd12-d602-4bc6-aaf3-c8cb908fd702.pt,26532.0,35448.1953125,19612.0,28043.01171875,128.0,7.999670028686523,4.0,4.469151496887207,309.0,924.9224853515625,9.0,249.28868103027344
exemplar,157,exemplar,exemplar/archive_2/a1fe7c8f-9a29-4f21-ae4d-1839cca18741.pt,141209.0,57761.171875,87556.0,45972.69140625,12.0,22.940872192382812,0.0,4.132097244262695,3055.0,991.7239379882812,2976.0,300.8661804199219
exemplar,158,exemplar,exemplar/archive_2/aa61c13f-4b69-4075-914c-dd0ce3023d0a.pt,2010.0,6544.720703125,1245.0,1710.4683837890625,114.0,32.679813385009766,0.0,4.167227745056152,272.0,456.7087707519531,1.0,28.935075759887695
exemplar,159,exemplar,exemplar/archive_2/aacf0ac9-db95-4fcc-8c4d-aecbc270036b.pt,11924.0,60189.5703125,15471.0,68564.4375,26.0,24.47283935546875,6.0,7.416834354400635,584.0,4086.727294921875,160.0,1047.1085205078125
exemplar,160,exemplar,exemplar/archive_2/ab159ae2-584e-4dcd-a535-87f562c45533.pt,5311.0,103128.0546875,1379.0,56076.890625,285.0,170.27328491210938,0.0,0.0,20.0,210.47018432617188,1.0,30.356773376464844
exemplar,161,exemplar,exemplar/archive_2/aec95022-1104-4ae4-a2f5-570b3651b52c.pt,6738.0,38826.57421875,9529.0,39352.65625,128.0,0.0,0.0,5.255616188049316,962.0,4704.77099609375,128.0,1219.1650390625
exemplar,162,exemplar,exemplar/archive_2/af819660-64bf-4cba-9691-9f108cad6317.pt,5391.0,55437.25390625,7192.0,33253.24609375,6.0,59.68090057373047,1.0,11.832322120666504,520.0,2140.10107421875,192.0,367.5509033203125
exemplar,163,exemplar,exemplar/archive_2/af92a7a9-9199-47a1-b0a9-5342e82f3648.pt,34873.0,54168.9375,51955.0,64673.09375,133.0,21.148700714111328,9.0,6.762957572937012,2886.0,4230.52587890625,1024.0,1058.6278076171875
exemplar,164,exemplar,exemplar/archive_2/b09aaa61-8f84-4cf9-a06d-599c34d35835.pt,59062.0,248476.625,7409.0,121040.0546875,2290.0,457.8577880859375,2.0,28.261856079101562,533.0,987.0189819335938,2.0,34.9873161315918
exemplar,165,exemplar,exemplar/archive_2/b2a102d6-2db3-4141-a7c7-ed4324a7263b.pt,42567.0,53034.43359375,41403.0,37672.30078125,54.0,56.744102478027344,9.0,10.204612731933594,821.0,1551.597900390625,144.0,148.4075164794922
exemplar,166,exemplar,exemplar/archive_2/b880a011-7afd-4691-9c3b-f599fcac6507.pt,21678.0,36301.55078125,36597.0,22260.296875,128.0,17.901105880737305,6.0,11.27609634399414,2905.0,1770.8623046875,1024.0,252.03079223632812
exemplar,167,exemplar,exemplar/archive_2/b9edb958-f6ba-439a-ba1f-5dc57457d87b.pt,5341.0,26934.990234375,1413.0,10465.078125,2.0,9.692865371704102,1.0,4.982059001922607,46.0,1122.2698974609375,12.0,86.7261734008789
exemplar,168,exemplar,exemplar/archive_2/ba32d4dc-3186-4b4c-b1d4-340affbac563.pt,3398.0,35431.703125,4169.0,34600.47265625,5.0,0.0,2.0,4.792998313903809,2877.0,5018.8642578125,1024.0,1499.27978515625
exemplar,169,exemplar,exemplar/archive_2/ba3d991d-2cd4-44eb-8a4a-4686a9a792e5.pt,9430.0,42685.796875,7945.0,37357.70703125,0.0,0.0,3.0,4.699003219604492,822.0,5111.81787109375,144.0,1305.47314453125
exemplar,170,exemplar,exemplar/archive_2/bd8316b7-d3b7-49ff-9167-f583a6f7f78a.pt,12949.0,60189.5703125,15545.0,68564.4375,26.0,24.47283935546875,6.0,7.416834354400635,584.0,4086.727294921875,160.0,1047.1085205078125
exemplar,171,exemplar,exemplar/archive_2/c3443d82-ae16-48f6-a622-6ce65bee8aca.pt,955.0,27289.748046875,43.0,19682.576171875,5.0,0.0,0.0,3.5112366676330566,527.0,359.0990905761719,1.0,128.2852783203125
exemplar,172,exemplar,exemplar/archive_2/c3a185b3-0e34-4a6a-9e0f-ff2533cfe862.pt,3142.0,34641.87890625,3917.0,20482.419921875,2.0,16.379077911376953,1.0,10.434000015258789,521.0,1710.517333984375,192.0,226.97357177734375
exemplar,173,exemplar,exemplar/archive_2/c4f9c274-e5de-425d-b846-794493bdb601.pt,26314.0,26937.71484375,958.0,10545.88671875,5.0,9.711616516113281,2.0,4.975683689117432,546.0,1140.382080078125,23.0,89.55652618408203
exemplar,174,exemplar,exemplar/archive_2/c7058331-3595-4e04-a0e6-5f31ca0ee832.pt,6665.0,32678.44921875,8866.0,33992.015625,3.0,6.497706413269043,3.0,5.583806037902832,2628.0,4012.9501953125,1024.0,1130.0362548828125
exemplar,175,exemplar,exemplar/archive_2/c91f1953-c631-4fc6-ac39-e58cdf044715.pt,84.0,3689.99609375,1.0,186.25564575195312,0.0,0.0,0.0,0.7785204648971558,12.0,224.69589233398438,1.0,7.939871788024902
exemplar,176,exemplar,exemplar/archive_2/cb4208e9-f4ec-4508-a127-e61713fa4427.pt,1083.0,15863.75,183.0,3683.03662109375,5.0,39.26275634765625,0.0,7.336656093597412,33.0,277.58111572265625,1.0,6.356536865234375
exemplar,177,exemplar,exemplar/archive_2/cbe41495-f713-4951-a5ab-bfc09d0b62ef.pt,24983.0,68922.390625,20118.0,26616.150390625,128.0,29.040576934814453,4.0,11.922130584716797,307.0,467.8231506347656,9.0,10.217480659484863
exemplar,178,exemplar,exemplar/archive_2/cdbce098-85d7-472c-ab93-3fd7760cf305.pt,10021.0,39934.85546875,7133.0,35609.17578125,8.0,15.487350463867188,1.0,3.7695703506469727,274.0,2123.6982421875,82.0,738.1815795898438
exemplar,179,exemplar,exemplar/archive_2/cdfa8f37-89f2-4dd4-a946-19c2e5ded11b.pt,2112.0,17148.435546875,1084.0,4128.6923828125,113.0,39.109642028808594,0.0,7.805725574493408,270.0,284.5330810546875,1.0,6.48760461807251
exemplar,180,exemplar,exemplar/archive_2/cf9ebcf6-3e99-4143-965c-4e208570a8ed.pt,103.0,6057.849609375,21.0,1437.5938720703125,2.0,32.134517669677734,0.0,3.7592787742614746,17.0,473.9920654296875,1.0,31.416336059570312
exemplar,181,exemplar,exemplar/archive_2/d421446f-6e66-43e0-9f09-f49746ab729a.pt,20143.0,34003.55859375,30349.0,37068.67578125,128.0,6.623213768005371,9.0,5.963176727294922,2886.0,4134.76611328125,1024.0,1075.0635986328125
exemplar,182,exemplar,exemplar/archive_2/d8b32d50-b3cf-432b-bb5b-b8f535ce714c.pt,9619.0,11435.0546875,8367.0,12634.7265625,0.0,0.0,4.0,4.638083457946777,6581.0,1622.01953125,1296.0,182.57688903808594
exemplar,183,exemplar,exemplar/archive_2/dcb74e34-ca5a-486e-86d9-d9a6040d1c0e.pt,2909.0,16520.638671875,1051.0,1218.2164306640625,0.0,0.0,0.0,1.8875106573104858,41.0,612.540771484375,26.0,35.21147155761719
exemplar,184,exemplar,exemplar/archive_2/dd00795c-3e46-41f8-b2ef-d07178c68303.pt,5308.0,47109.671875,6923.0,24218.84765625,128.0,39.789825439453125,0.0,16.341835021972656,414.0,820.7931518554688,64.0,41.89448547363281
exemplar,185,exemplar,exemplar/archive_2/dd6967a6-6467-4056-a70b-bf30ac5ce5a8.pt,24764.0,35706.87890625,3054.0,14562.1318359375,5.0,13.383142471313477,2.0,6.557563781738281,548.0,829.4666137695312,10.0,40.52509307861328
exemplar,186,exemplar,exemplar/archive_2/df404ea2-7749-44ca-9f48-4e40bcbbcccc.pt,34873.0,59144.046875,51955.0,36993.4140625,133.0,66.84123992919922,9.0,13.635324478149414,2886.0,2184.56787109375,1024.0,393.2720947265625
exemplar,187,exemplar,exemplar/archive_2/e1d7bcd5-74f3-4ba8-98fa-8fd7e8e53d4c.pt,4950.0,26313.955078125,1682.0,14109.3876953125,0.0,0.0,0.0,7.449200630187988,19.0,746.4505615234375,2.0,16.901052474975586
exemplar,188,exemplar,exemplar/archive_2/e206f89f-6722-4b7b-aa5e-1da854f3c74f.pt,27004.0,69187.6640625,331.0,27328.0859375,5.0,27.871721267700195,2.0,12.047995567321777,527.0,454.6422424316406,1.0,9.838669776916504
exemplar,189,exemplar,exemplar/archive_2/e3ca47f3-9ba7-4a01-a793-27142befd25c.pt,47382.0,370387.8125,21390.0,227948.140625,2100.0,868.76806640625,2.0,0.0,43.0,1286.5908203125,2.0,279.3751220703125
exemplar,190,exemplar,exemplar/archive_2/e52443e5-a588-4cfc-9d56-0d24ba75bb95.pt,6719.0,30887.068359375,5572.0,21625.201171875,4.0,12.476875305175781,0.0,2.1489474773406982,127.0,934.890869140625,86.0,334.5577392578125
exemplar,191,exemplar,exemplar/archive_2/e871b1d9-adf7-4508-b8d5-8ba960b2e566.pt,22003.0,101507.796875,6714.0,47668.40625,5.0,72.25411224365234,2.0,19.267200469970703,43.0,800.1227416992188,2.0,24.896263122558594
exemplar,192,exemplar,exemplar/archive_2/e8e67ed2-6a32-4e3a-9a24-1a5b7a5d7691.pt,3057.0,34797.47265625,2828.0,34390.74609375,3.0,0.0,2.0,4.947511672973633,2630.0,4799.396484375,1024.0,1423.7840576171875
exemplar,193,exemplar,exemplar/archive_2/eaa44c08-a035-4803-ab47-513783efb3a7.pt,62507.0,34038.796875,2597.0,8846.2421875,0.0,0.0,0.0,6.580999374389648,82.0,445.53411865234375,1.0,12.355598449707031
exemplar,194,exemplar,exemplar/archive_2/ee25387d-83ea-4d27-a105-d01ae8728a92.pt,692.0,31795.03515625,7.0,21090.1484375,3.0,0.0,0.0,4.087564945220947,23.0,212.1072235107422,1.0,51.72087097167969
exemplar,195,exemplar,exemplar/archive_2/f1752ca3-1640-4967-938c-5272dc274596.pt,19721.0,77087.421875,27649.0,82740.8359375,31.0,35.014408111572266,5.0,8.781314849853516,1080.0,3988.381103515625,160.0,1018.9620971679688
exemplar,196,exemplar,exemplar/archive_2/f1d40b09-efc4-448c-b6d0-d6a3f43e3b8e.pt,137.0,27201.634765625,33.0,19789.921875,2.0,0.0,0.0,3.5094363689422607,17.0,386.08465576171875,1.0,140.38882446289062
exemplar,197,exemplar,exemplar/archive_2/f5b0a3bb-2a24-4ea7-9add-17c93d3d1e7f.pt,7531.0,22195.787109375,4195.0,15016.4501953125,279.0,5.500343322753906,0.0,1.8407520055770874,20.0,4208.8544921875,2.0,2168.5908203125
exemplar,198,exemplar,exemplar/archive_2/f724084e-64df-4b4c-88a0-1dc091f01bcd.pt,2863.0,16224.0732421875,867.0,1530.0101318359375,0.0,0.0,0.0,1.9569728374481201,39.0,616.5671997070312,27.0,33.37800216674805
exemplar,199,exemplar,exemplar/archive_2/fe04f4ae-8adb-4468-832b-52fe73541363.pt,7557.0,73572.09375,2268.0,38557.09375,2.0,44.225830078125,1.0,17.50157356262207,24.0,957.470947265625,1.0,42.90690612792969
exemplar,200,exemplar,exemplar/archive_3/06583efc-f9a7-4a60-af97-acc52a47cf4d.pt,5052.0,65320.7890625,1402.0,21571.74609375,292.0,87.90436553955078,0.0,7.8874945640563965,20.0,515.5328979492188,1.0,11.875588417053223
exemplar,201,exemplar,exemplar/archive_3/08d11c63-55b7-499f-975d-fd09bd12dc53.pt,2280.0,6624.2607421875,421.0,1917.224853515625,107.0,30.592905044555664,0.0,4.285955905914307,266.0,448.64056396484375,1.0,27.670673370361328
exemplar,202,exemplar,exemplar/archive_3/0bd10243-a38d-4bdd-bbe8-5e29012bae94.pt,1096.0,33764.58984375,183.0,20938.93359375,5.0,0.0,0.0,4.3745903968811035,33.0,198.03579711914062,1.0,53.52140426635742
exemplar,203,exemplar,exemplar/archive_3/0d2973d0-80d2-4ac3-8942-1bfab430d8fb.pt,32667.0,187508.421875,30766.0,101451.65625,128.0,211.7315673828125,19.0,0.0,310.0,826.7781982421875,9.0,221.40011596679688
exemplar,204,exemplar,exemplar/archive_3/0eb34ec2-1755-44cf-9fd1-ae1eda09f0b7.pt,41337.0,53034.43359375,41195.0,37672.30078125,54.0,56.744102478027344,9.0,10.204612731933594,821.0,1551.597900390625,144.0,148.4075164794922
exemplar,205,exemplar,exemplar/archive_3/0f110dec-cdf6-4850-b898-f98be71240f5.pt,700.0,16069.0322265625,7.0,4126.1923828125,3.0,36.44489669799805,0.0,7.539063930511475,23.0,271.1758117675781,1.0,6.080898284912109
exemplar,206,exemplar,exemplar/archive_3/12ecbf82-8a28-44e1-b2ab-06f8e50cea97.pt,7404.0,73572.09375,2268.0,38557.09375,2.0,44.225830078125,1.0,17.50157356262207,24.0,957.470947265625,1.0,42.90690612792969
exemplar,207,exemplar,exemplar/archive_3/1388fecd-67a1-45ac-8157-fc0f8d2f0a05.pt,46486.0,38118.41796875,47589.0,26826.29296875,6.0,36.166080474853516,3.0,7.53570556640625,6588.0,1838.44482421875,1296.0,223.5848846435547
exemplar,208,exemplar,exemplar/archive_3/13fb640f-1e24-47fd-bb39-25b8d08a824d.pt,12949.0,64989.66015625,15545.0,40266.12109375,26.0,75.75402069091797,6.0,14.205160140991211,584.0,2000.4588623046875,160.0,307.54339599609375
exemplar,209,exemplar,exemplar/archive_3/1850c071-2916-4efd-ae6e-47fc45672aeb.pt,72366.0,68491.6953125,37663.0,32225.662109375,32.0,59.64491271972656,2.0,8.947225570678711,887.0,1168.8975830078125,113.0,83.2576904296875
exemplar,210,exemplar,exemplar/archive_3/1b2d4669-b746-4295-9d6f-a209f5d3b340.pt,26216.0,26937.71484375,1328.0,10545.88671875,5.0,9.711616516113281,2.0,4.975682258605957,552.0,1140.382080078125,29.0,89.55652618408203
exemplar,211,exemplar,exemplar/archive_3/1d4d5e23-1d85-41d4-a3f9-b1a83d23c34b.pt,7381.0,24142.23828125,3336.0,14228.38671875,285.0,17.368534088134766,0.0,3.0608603954315186,15.0,1553.146728515625,1.0,135.32073974609375
exemplar,212,exemplar,exemplar/archive_3/1e583b76-4ef7-4e53-a161-03b8f8430ed8.pt,21914.0,24415.1640625,2056.0,18712.560546875,3.0,5.344498634338379,1.0,3.3511862754821777,63.0,1583.4134521484375,40.0,525.5513305664062
exemplar,213,exemplar,exemplar/archive_3/21ae4549-1aff-4723-9c89-74015a97c167.pt,2589.0,14094.875,653.0,844.7041015625,0.0,0.0,0.0,7.415969371795654,83.0,234.67929077148438,1.0,1.8762024641036987
exemplar,214,exemplar,exemplar/archive_3/2259df4b-da56-4694-8ebf-a250b93cf8f5.pt,61375.0,248826.40625,19858.0,118283.171875,2286.0,481.1839294433594,2.0,28.26616096496582,538.0,997.1664428710938,2.0,35.2122917175293
exemplar,215,exemplar,exemplar/archive_3/232fe499-7681-4c8a-b15d-0864a56edfd4.pt,2852.0,39892.5625,1780.0,20927.6328125,3.0,33.33894729614258,0.0,13.743156433105469,34.0,738.17626953125,2.0,35.485267639160156
exemplar,216,exemplar,exemplar/archive_3/2366c0f3-3d8a-4ba5-a1e5-4448a419d2fd.pt,3095.0,14206.9755859375,2700.0,10847.626953125,5.0,25.970998764038086,1.0,7.950294017791748,588.0,1614.359619140625,160.0,188.40335083007812
exemplar,217,exemplar,exemplar/archive_3/28eb748c-eb75-4d49-9730-91b175a03814.pt,5088.0,18485.953125,1678.0,11859.15234375,0.0,3.9990227222442627,0.0,2.678420066833496,16.0,4001.314697265625,1.0,1954.822509765625
exemplar,218,exemplar,exemplar/archive_3/2911e90a-d77a-49df-ad2e-6d3041ef039d.pt,140500.0,57761.171875,86778.0,45972.69140625,12.0,22.940872192382812,0.0,4.1320977210998535,3058.0,991.7239379882812,2979.0,300.8661804199219
exemplar,219,exemplar,exemplar/archive_3/2b4a4eaf-94fc-43b7-bd1e-9ae39557e259.pt,55665.0,61091.6796875,31596.0,55344.703125,27.0,29.779457092285156,2.0,4.885675430297852,398.0,1380.080322265625,103.0,373.8689880371094
exemplar,220,exemplar,exemplar/archive_3/2cba8c1f-4f72-400a-b18f-1905a649a686.pt,10513.0,35471.5625,6645.0,22202.244140625,0.0,0.0,0.0,10.207488059997559,95.0,649.6500854492188,1.0,18.01834487915039
exemplar,221,exemplar,exemplar/archive_3/2eed692f-7176-4ea9-bbef-c95f4bd43b45.pt,21176.0,35374.03125,32593.0,22158.203125,128.0,16.587047576904297,8.0,11.092033386230469,2889.0,1792.06640625,1024.0,240.32948303222656
exemplar,222,exemplar,exemplar/archive_3/305dc971-6cb9-4479-8da4-3ed6a2167a44.pt,9619.0,35218.8515625,8367.0,31712.119140625,0.0,0.0,4.0,3.8880491256713867,6581.0,5419.7841796875,1296.0,1747.160888671875
exemplar,223,exemplar,exemplar/archive_3/37871b96-f93e-4673-a7c8-d7a71505804b.pt,6448.0,85621.40625,230.0,54237.015625,2.0,47.9013671875,1.0,0.0,18.0,351.7100830078125,1.0,53.81414031982422
exemplar,224,exemplar,exemplar/archive_3/37996d69-2677-4717-ae97-cde6bd8748be.pt,905.0,6049.1943359375,151.0,1425.765869140625,5.0,32.20475769042969,0.0,3.764099597930908,33.0,471.58740234375,1.0,31.031288146972656
exemplar,225,exemplar,exemplar/archive_3/3864614f-2506-48de-b994-99ae08ca30de.pt,9619.0,35218.8515625,8367.0,31712.08984375,0.0,0.0,4.0,3.8880491256713867,6581.0,5419.7841796875,1296.0,1747.160888671875
exemplar,226,exemplar,exemplar/archive_3/3a7ddf40-4818-4f21-9614-7429c3608ef7.pt,3367.0,17289.849609375,4037.0,12966.57421875,5.0,32.030418395996094,1.0,8.89096450805664,1085.0,1560.8074951171875,160.0,166.37477111816406
exemplar,227,exemplar,exemplar/archive_3/3c34c8dd-6143-4349-ba49-9db7514afb35.pt,72892.0,73431.6171875,35638.0,66817.2578125,32.0,38.52849197387695,2.0,5.624399185180664,873.0,1204.4110107421875,101.0,301.634521484375
exemplar,228,exemplar,exemplar/archive_3/3c3922e9-8e61-4c70-96f8-df25f0a19bf7.pt,5238.0,61640.22265625,1731.0,27629.98828125,0.0,34.899837493896484,0.0,0.0,19.0,1396.7666015625,2.0,257.3692932128906
exemplar,229,exemplar,exemplar/archive_3/41564015-3c26-45b3-975a-6e027e49d63d.pt,993.0,73296.3046875,26.0,28421.90234375,5.0,0.0,0.0,0.0,524.0,81.26399230957031,1.0,19.237506866455078
exemplar,230,exemplar,exemplar/archive_3/41c44d85-1b9b-468f-a8cd-379651170f92.pt,1367.0,11879.5966796875,1337.0,8691.958984375,2.0,24.959829330444336,0.0,7.254748344421387,520.0,1724.49462890625,192.0,220.79434204101562
exemplar,231,exemplar,exemplar/archive_3/467481bc-1cd4-4fe9-89ba-205dac892ea5.pt,1363.0,8110.9912109375,747.0,1992.931640625,117.0,33.829463958740234,0.0,4.660564422607422,270.0,348.23260498046875,1.0,15.546632766723633
exemplar,232,exemplar,exemplar/archive_3/49f1f8f6-4127-4a44-9242-241f59f88c5e.pt,26907.0,100977.71875,5435.0,48796.109375,5.0,68.0780258178711,2.0,19.33462905883789,36.0,778.2083740234375,1.0,24.263113021850586
exemplar,233,exemplar,exemplar/archive_3/4df0be4b-66c4-43cd-95f6-183ce806d41e.pt,158260.0,134951.390625,90216.0,89465.453125,66.0,106.41703033447266,0.0,0.0,626.0,356.76800537109375,92.0,55.38820266723633
exemplar,234,exemplar,exemplar/archive_3/513a25e1-b5eb-493a-81eb-2c6783edec5c.pt,5004.0,26992.59375,1937.0,9785.8701171875,2.0,10.383121490478516,1.0,4.897331714630127,49.0,1125.1090087890625,12.0,92.5827865600586
exemplar,235,exemplar,exemplar/archive_3/526a1c2b-6fb4-4058-81df-1804a76c3555.pt,399.0,47957.734375,319.0,23625.03515625,0.0,0.0,0.0,0.0,16.0,1115.236328125,1.0,258.8088073730469
exemplar,236,exemplar,exemplar/archive_3/5339e381-b42d-4d17-af6e-9f012b8a4e95.pt,9745.0,41909.171875,14215.0,41577.078125,5.0,8.887263298034668,4.0,7.217838764190674,1080.0,3608.061767578125,160.0,907.0303955078125
exemplar,237,exemplar,exemplar/archive_3/58a5481a-b506-4e99-b4fb-49575de3138b.pt,21086.0,24268.00390625,3624.0,18656.998046875,5.0,5.401949405670166,2.0,3.1455399990081787,70.0,1475.544189453125,42.0,533.5712890625
exemplar,238,exemplar,exemplar/archive_3/59f7052a-5874-4452-a75a-0ac2831b9d84.pt,21591.0,114248.1875,3552.0,63075.46875,5.0,91.09858703613281,2.0,0.0,39.0,226.11489868164062,1.0,43.66046905517578
exemplar,239,exemplar,exemplar/archive_3/5b52039c-4c2d-4e64-a978-c21785ee7c6b.pt,3057.0,11922.888671875,2828.0,8860.986328125,3.0,24.90057945251465,2.0,7.275413513183594,2630.0,1753.73095703125,1024.0,230.6661376953125
exemplar,240,exemplar,exemplar/archive_3/62825ea7-7137-4533-92d7-d441af4c40ba.pt,12478.0,43393.13671875,14237.0,24764.375,5.0,24.78134536743164,4.0,12.382800102233887,1083.0,1522.20263671875,160.0,160.3617401123047
exemplar,241,exemplar,exemplar/archive_3/64224705-c771-420a-9f84-1c001366ba33.pt,14078.0,65512.0703125,17206.0,39521.15234375,26.0,79.949462890625,6.0,14.327054023742676,591.0,2021.014892578125,160.0,309.47235107421875
exemplar,242,exemplar,exemplar/archive_3/645258ad-eb6e-4363-bf0c-9fda5164f36b.pt,9507.0,35890.18359375,8401.0,32356.361328125,0.0,0.0,4.0,3.8466596603393555,6582.0,5735.8359375,1296.0,1865.55078125
exemplar,243,exemplar,exemplar/archive_3/69d67690-ef91-4389-b6a9-704f1e89952c.pt,3367.0,40926.57421875,4037.0,38361.8125,5.0,0.0,1.0,5.342554092407227,1085.0,4145.2470703125,160.0,1086.04638671875
exemplar,244,exemplar,exemplar/archive_3/6ee6e354-d81a-46f4-a113-c16e881419db.pt,7448.0,52981.0,3359.0,30585.9609375,282.0,58.0139045715332,0.0,6.5824055671691895,15.0,860.085205078125,1.0,21.493736267089844
exemplar,245,exemplar,exemplar/archive_3/6f0ca42f-3067-45a1-a683-4042133a9202.pt,78.0,26951.744140625,5.0,20395.44140625,2.0,0.0,0.0,3.7074692249298096,15.0,416.7447509765625,1.0,137.5090789794922
exemplar,246,exemplar,exemplar/archive_3/714d7039-2846-4e1e-a836-7bbcc8b6289a.pt,120.0,6070.5400390625,48.0,1363.599853515625,2.0,32.364376068115234,0.0,3.7835185527801514,18.0,455.3974304199219,1.0,28.369367599487305
exemplar,247,exemplar,exemplar/archive_3/765100ca-9941-475f-92bd-c0304625006e.pt,34970.0,66083.40625,48853.0,41154.1328125,149.0,79.01106262207031,8.0,15.106278419494629,841.0,2054.63232421875,128.0,333.99786376953125
exemplar,248,exemplar,exemplar/archive_3/7a8292e7-d54f-47e7-939d-07247297c66a.pt,6500.0,29231.49609375,5446.0,20645.57421875,2.0,10.763029098510742,0.0,2.085562229156494,288.0,1152.2713623046875,275.0,378.685546875
exemplar,249,exemplar,exemplar/archive_3/7ca5352c-c08e-405a-81fc-ad9b893bbb74.pt,3337.0,11937.396484375,4118.0,8921.0673828125,5.0,24.81461524963379,2.0,7.282464027404785,2876.0,1760.7861328125,1024.0,233.42074584960938
exemplar,250,exemplar,exemplar/archive_3/7efb5b4e-0e1d-4b1e-a030-e65c830dba5d.pt,29649.0,108330.96875,3871.0,52032.796875,5.0,76.37939453125,2.0,20.532468795776367,532.0,772.8622436523438,1.0,22.95964241027832
exemplar,251,exemplar,exemplar/archive_3/7fde29f5-7a7e-4430-bd5a-d53d331c76fd.pt,2039.0,8110.9912109375,1009.0,1992.9306640625,112.0,33.829463958740234,0.0,4.66056489944458,270.0,348.23260498046875,1.0,15.546632766723633
exemplar,252,exemplar,exemplar/archive_3/84f243ce-de91-4e4e-82df-037ca151348d.pt,20159.0,39625.546875,35143.0,23507.466796875,128.0,21.10011863708496,6.0,12.024812698364258,856.0,1701.550537109375,128.0,210.16226196289062
exemplar,253,exemplar,exemplar/archive_3/85ddd60e-a64f-419e-8b38-b5166d5ad1b1.pt,44605.0,153388.078125,18280.0,60126.9765625,2005.0,171.0490264892578,6.0,15.173904418945312,286.0,649.1969604492188,6.0,18.980182647705078
exemplar,254,exemplar,exemplar/archive_3/86d4e5a5-73ae-4efb-a82b-74835eb253df.pt,1507.0,36228.09375,1068.0,23116.53125,106.0,0.0,0.0,4.313979625701904,272.0,213.48492431640625,1.0,54.6141357421875
exemplar,255,exemplar,exemplar/archive_3/8a1b09f4-8b12-4e3a-95b9-58b27dae1b27.pt,7939.0,37781.75390625,8237.0,22600.447265625,5.0,18.73064422607422,4.0,11.118576049804688,584.0,1621.81591796875,160.0,187.78704833984375
exemplar,256,exemplar,exemplar/archive_3/8be9ce88-19c5-490e-8054-80f1eb75f145.pt,130.0,27342.29296875,44.0,19698.255859375,2.0,0.0,0.0,3.516618013381958,18.0,354.15228271484375,1.0,125.80166625976562
exemplar,257,exemplar,exemplar/archive_3/8db4404b-d427-4fdb-bb09-ea2dbd1df722.pt,15128.0,50775.8359375,18973.0,57134.68359375,9.0,19.336748123168945,4.0,5.879300594329834,2767.0,4283.64892578125,1024.0,1119.911865234375
exemplar,258,exemplar,exemplar/archive_3/908de307-aeee-4cfe-95b0-46ab568997c4.pt,21170.0,24268.00390625,3792.0,18656.998046875,5.0,5.401949405670166,2.0,3.1455395221710205,69.0,1475.544189453125,41.0,533.5712890625
exemplar,259,exemplar,exemplar/archive_3/933b3c35-b647-4b59-9bcd-f042466674b6.pt,2083.0,6544.720703125,959.0,1710.4683837890625,105.0,32.679813385009766,0.0,4.167227745056152,270.0,456.7087707519531,1.0,28.935075759887695
exemplar,260,exemplar,exemplar/archive_3/93d9e5bf-7351-4866-8514-29bc581b2375.pt,43520.0,48002.2109375,32449.0,24226.75,7.0,34.58702087402344,1.0,6.556149482727051,2051.0,1612.915283203125,2028.0,184.4290771484375
exemplar,261,exemplar,exemplar/archive_3/93e43f7b-8376-46b6-99c5-66025727bea6.pt,1324.0,34761.78125,1279.0,34264.671875,2.0,0.0,0.0,4.9279069900512695,328.0,4641.4296875,96.0,1380.0401611328125
exemplar,262,exemplar,exemplar/archive_3/95c22d49-3c60-4de8-aaf1-50d771902c6f.pt,902.0,28641.875,766.0,16361.5146484375,2.0,32.64053726196289,0.0,11.611879348754883,26.0,940.2694702148438,1.0,55.96942901611328
exemplar,263,exemplar,exemplar/archive_3/9842c884-7992-4951-a284-bf50d8e97b05.pt,25409.0,35706.87890625,2298.0,14562.1318359375,5.0,13.383142471313477,2.0,6.557563781738281,546.0,829.4666137695312,8.0,40.52509307861328
exemplar,264,exemplar,exemplar/archive_3/9f921d58-91bf-4b62-8e1d-b95c556b3e67.pt,73160.0,68491.6328125,38475.0,32225.662109375,32.0,59.64491271972656,2.0,8.947225570678711,881.0,1168.8975830078125,108.0,83.2576904296875
exemplar,265,exemplar,exemplar/archive_3/a045e629-9ce5-4a46-98d1-f46171bbc5d7.pt,53357.0,46120.59375,61963.0,41491.83203125,133.0,18.02654457092285,4.0,4.0110344886779785,2147.0,2086.900390625,1884.0,732.220458984375
exemplar,266,exemplar,exemplar/archive_3/aa38623f-8522-4555-a87c-1e5aee2b9c6c.pt,2316.0,31473.970703125,290.0,11899.4638671875,0.0,0.0,0.0,0.0,80.0,91.95747375488281,1.0,23.196292877197266
exemplar,267,exemplar,exemplar/archive_3/acdcfe80-36b1-402d-9fda-579b9cd12e61.pt,7526.0,106102.4921875,2268.0,70452.4375,2.0,60.08821487426758,1.0,0.0,24.0,1336.087890625,1.0,257.39849853515625
exemplar,268,exemplar,exemplar/archive_3/b379766c-1fc4-4ddd-8c8f-01671d294e2d.pt,350.0,19944.26953125,262.0,15065.7548828125,0.0,0.0,0.0,2.593480348587036,18.0,4560.68994140625,1.0,2453.6708984375
exemplar,269,exemplar,exemplar/archive_3/bb6cc7af-5692-4f06-a0d7-5ed5799c9d61.pt,2233.0,53463.95703125,290.0,14315.447265625,0.0,0.0,0.0,0.0,80.0,49.3149299621582,1.0,6.308618068695068
exemplar,270,exemplar,exemplar/archive_3/be33a535-98f4-49a5-99b7-fe08cd80c49a.pt,802.0,6048.998046875,148.0,1424.7626953125,3.0,32.21001434326172,0.0,3.7646970748901367,27.0,471.3612060546875,1.0,30.99396514892578
exemplar,271,exemplar,exemplar/archive_3/c17d9415-d1da-404b-9550-d974901b0f77.pt,65869.0,385740.46875,52752.0,241467.203125,1918.0,870.2349853515625,4.0,0.0,313.0,1517.556884765625,9.0,324.4013671875
exemplar,272,exemplar,exemplar/archive_3/c3a84bad-a891-4ed4-9590-49b2e3825c7a.pt,20915.0,113366.453125,2704.0,62811.703125,3.0,89.72509002685547,1.0,0.0,33.0,229.33518981933594,1.0,44.260009765625
exemplar,273,exemplar,exemplar/archive_3/c47a57ee-6f6c-4509-83a4-d911de7a608c.pt,20987.0,65504.0078125,2845.0,25414.8046875,3.0,27.26906967163086,1.0,11.021666526794434,33.0,473.01214599609375,1.0,10.646329879760742
exemplar,274,exemplar,exemplar/archive_3/c5953b88-a18f-45ef-b053-a10de5b77f79.pt,5032.0,19166.68359375,1673.0,10198.6845703125,0.0,0.0,0.0,4.287838459014893,16.0,1194.6324462890625,1.0,109.87739562988281
exemplar,275,exemplar,exemplar/archive_3/c87c3130-88ad-4825-9f55-68c8d961414d.pt,160670.0,76640.78125,82253.0,35500.0234375,66.0,67.24886322021484,0.0,6.891064643859863,618.0,662.3343505859375,92.0,24.535877227783203
exemplar,276,exemplar,exemplar/archive_3/c9149d5a-b5b0-47f3-a3f7-0bfb26bcc26a.pt,8039.0,38619.17578125,8344.0,22477.70703125,5.0,20.12911605834961,4.0,11.324807167053223,587.0,1648.082275390625,160.0,194.84457397460938
exemplar,277,exemplar,exemplar/archive_3/ca8f38ac-e952-45d7-a4f5-d6e24a85588a.pt,930.0,16740.884765625,19.0,4329.53125,5.0,36.681724548339844,0.0,7.936892509460449,523.0,276.2168884277344,1.0,6.0439958572387695
exemplar,278,exemplar,exemplar/archive_3/cbef8382-effa-4dc5-a6bc-9614f1772d1c.pt,866.0,6060.537109375,32.0,1652.4365234375,5.0,31.202342987060547,0.0,3.9715349674224854,524.0,445.553466796875,1.0,27.59201431274414
exemplar,279,exemplar,exemplar/archive_3/ce72004b-1e4c-4a21-aed6-379cab5486bf.pt,10390.0,34616.515625,14642.0,20701.826171875,5.0,16.543418884277344,3.0,10.469564437866211,2875.0,1734.1976318359375,1024.0,238.6627655029297
exemplar,280,exemplar,exemplar/archive_3/cf4557ce-c04b-4f6e-95d5-2ef67749feec.pt,139851.0,46741.8515625,87587.0,26250.314453125,12.0,27.807987213134766,0.0,4.627181529998779,3032.0,1111.1485595703125,2953.0,78.87338256835938
exemplar,281,exemplar,exemplar/archive_3/cfabdefd-a93f-4e93-b729-2f4c44a0e6df.pt,35782.0,145157.5625,1624.0,56925.015625,2118.0,158.9161834716797,2.0,14.1873779296875,32.0,652.3284301757812,1.0,19.445697784423828
exemplar,282,exemplar,exemplar/archive_3/d6b83ff5-29c7-47f9-819c-d07f83d82b93.pt,6367.0,50752.59765625,8139.0,57072.546875,6.0,19.32223129272461,1.0,5.868963241577148,525.0,4273.951171875,192.0,1117.518310546875
exemplar,283,exemplar,exemplar/archive_3/dab5f456-ccc2-4a72-9b87-e9bc7c20e029.pt,2806.0,37897.55859375,2566.0,36606.58984375,3.0,0.0,1.0,5.01449728012085,503.0,4520.056640625,128.0,1235.4296875
exemplar,284,exemplar,exemplar/archive_3/dd896667-6c8d-4e6b-b951-01ef21962849.pt,106521.0,204744.828125,5189.0,103662.40625,5809.0,574.3983154296875,0.0,0.0,82.0,115.73471069335938,1.0,9.696584701538086
exemplar,285,exemplar,exemplar/archive_3/dda9c4c0-57d6-4052-b555-2e8fb599475b.pt,2557.0,67814.109375,653.0,13299.130859375,0.0,0.0,0.0,0.0,83.0,27.25839614868164,1.0,1.2949912548065186
exemplar,286,exemplar,exemplar/archive_3/de766c24-bdab-4176-a0dd-d9b2706491c9.pt,5306.0,55391.171875,6778.0,33333.73828125,8.0,59.790836334228516,2.0,11.818098068237305,328.0,2151.731689453125,96.0,371.820068359375
exemplar,287,exemplar,exemplar/archive_3/e11131f2-d974-4ada-b80f-a2f1298bdd41.pt,704.0,16069.0322265625,56.0,4126.1923828125,3.0,36.44489669799805,0.0,7.539063930511475,24.0,271.1758117675781,1.0,6.080898284912109
exemplar,288,exemplar,exemplar/archive_3/e11b3965-6e57-43b8-a3a0-e83e94e5b616.pt,8039.0,36045.125,8344.0,37171.5859375,5.0,7.04890251159668,4.0,5.871121883392334,587.0,3969.835205078125,160.0,1028.350830078125
exemplar,289,exemplar,exemplar/archive_3/e2c16677-3f06-4890-b4e7-0efbd1d94f95.pt,20335.0,55685.71875,28227.0,33621.08203125,10.0,60.4980354309082,3.0,11.888527870178223,2872.0,2158.350341796875,1024.0,374.2821350097656
exemplar,290,exemplar,exemplar/archive_3/e57ceb3b-5dc0-4127-bc68-868a6b1dee73.pt,947.0,80886.3515625,781.0,43259.42578125,2.0,0.0,0.0,0.0,25.0,830.7188720703125,1.0,279.44329833984375
exemplar,291,exemplar,exemplar/archive_3/eb42dbfe-9069-4c08-bb95-26221e0d0945.pt,34950.0,211984.40625,1624.0,141677.90625,2134.0,307.74737548828125,2.0,0.0,32.0,495.30706787109375,1.0,77.1494140625
exemplar,292,exemplar,exemplar/archive_3/ecc6822e-1712-420f-bf26-a16ab0ce3dba.pt,35602.0,211984.40625,1624.0,141677.90625,2114.0,307.7475280761719,2.0,0.0,32.0,495.30682373046875,1.0,77.1494140625
exemplar,293,exemplar,exemplar/archive_3/ecf51998-8937-4724-9018-6a86368049b0.pt,9863.0,219365.28125,5829.0,162346.546875,418.0,282.389404296875,1.0,0.0,29.0,2130.45654296875,2.0,501.33050537109375
exemplar,294,exemplar,exemplar/archive_3/ee50ed59-19d1-41c1-8e61-3f822cfb42ff.pt,3402.0,56628.828125,482.0,20316.0390625,0.0,86.29170227050781,0.0,0.0,18.0,101.14791870117188,1.0,12.410642623901367
exemplar,295,exemplar,exemplar/archive_3/f3a17e75-5fe1-4109-91ee-c0ad8c94ad33.pt,2806.0,14077.2900390625,2566.0,10155.751953125,3.0,28.76500701904297,1.0,7.9085540771484375,503.0,1633.516357421875,128.0,192.96649169921875
exemplar,296,exemplar,exemplar/archive_3/f6040824-accb-468b-8f6b-ef5ae8b186f4.pt,38548.0,145390.046875,9454.0,55217.328125,2122.0,167.17510986328125,2.0,14.030304908752441,40.0,670.7022705078125,1.0,19.95812225341797
exemplar,297,exemplar,exemplar/archive_3/fb0ac19f-be36-46bf-8b05-dc7c4c7a44a9.pt,930.0,73296.3046875,31.0,28421.90234375,5.0,0.0,0.0,0.0,524.0,81.26399230957031,1.0,19.237506866455078
exemplar,298,exemplar,exemplar/archive_3/fc0f1430-b62b-426d-b513-62314b7bd0ab.pt,5895.0,55391.171875,6753.0,33333.73828125,8.0,59.790836334228516,2.0,11.818098068237305,328.0,2151.731689453125,96.0,371.820068359375
exemplar,299,exemplar,exemplar/archive_3/ff750069-8a1a-43e7-805d-ee4732963670.pt,9462.0,162127.625,4241.0,85751.578125,429.0,258.3963623046875,1.0,23.46782112121582,24.0,1175.462890625,1.0,62.72076416015625
exemplar,300,exemplar,exemplar/archive_4/0a377130-21b9-41f1-b1d8-8f948b575b71.pt,884.0,36013.82421875,21.0,22023.638671875,5.0,0.0,0.0,4.692346096038818,523.0,178.97486877441406,1.0,38.989654541015625
exemplar,301,exemplar,exemplar/archive_4/189bf1a2-3b24-4280-9e2d-16a482d64e05.pt,26387.0,37550.703125,1055.0,30156.47265625,5.0,9.033809661865234,2.0,4.926719665527344,544.0,790.6372680664062,11.0,175.32618713378906
exemplar,302,exemplar,exemplar/archive_4/1ddc2346-a367-4cb9-b052-104862f3d153.pt,2620.0,10507.333984375,653.0,1093.6771240234375,0.0,0.0,0.0,3.43086314201355,83.0,193.10037231445312,1.0,4.410946846008301
exemplar,303,exemplar,exemplar/archive_4/2012f675-4b3a-4d44-a52c-533e1a5686ad.pt,44864.0,224198.28125,18266.0,149024.65625,1959.0,334.9233703613281,6.0,0.0,286.0,498.14105224609375,6.0,76.07110595703125
exemplar,304,exemplar,exemplar/archive_4/218f0836-58b7-4a31-b3e5-feb2e0b8baf5.pt,5224.0,126573.421875,7000.0,52415.75,128.0,0.0,0.0,0.0,414.0,543.2049560546875,64.0,215.36822509765625
exemplar,305,exemplar,exemplar/archive_4/24828ab5-d6f4-402b-8d0d-1f4316d3f0bc.pt,141266.0,56775.05078125,86447.0,46162.796875,12.0,21.616355895996094,0.0,4.138519287109375,2986.0,1057.8570556640625,2908.0,286.2684326171875
exemplar,306,exemplar,exemplar/archive_4/2b3a7651-e925-4edc-8c91-4cce0c803daf.pt,42883.0,48512.875,33519.0,23703.62109375,7.0,36.5622444152832,1.0,6.602034568786621,2079.0,1637.417236328125,2055.0,192.14820861816406
exemplar,307,exemplar,exemplar/archive_4/2d92e029-54c9-42a8-8400-ff86e21af205.pt,3305.0,19593.21875,524.0,11941.701171875,0.0,5.81329870223999,0.0,2.475191116333008,30.0,593.4596557617188,18.0,175.56478881835938
exemplar,308,exemplar,exemplar/archive_4/2f6c8850-6475-4336-b996-f3d0d54f1cb0.pt,141356.0,46249.78515625,86396.0,26829.64453125,12.0,26.293113708496094,0.0,4.593216896057129,3036.0,1079.135498046875,2958.0,74.52306365966797
exemplar,309,exemplar,exemplar/archive_4/34caebe1-94b9-4f7c-bf8f-d1f1a14c9ae4.pt,3095.0,37219.44140625,2700.0,36420.42578125,5.0,0.0,1.0,5.191253185272217,588.0,4386.2900390625,160.0,1191.576416015625
exemplar,310,exemplar,exemplar/archive_4/3824541e-ee56-4d65-9c02-4382bf7c0189.pt,24256.0,31239.90234375,22261.0,19958.2734375,0.0,0.0,6.0,9.849265098571777,821.0,1331.8560791015625,144.0,110.40630340576172
exemplar,311,exemplar,exemplar/archive_4/3aab06a7-4eae-47b9-848f-f281514dd686.pt,9359.0,14714.193359375,7911.0,16200.091796875,0.0,0.0,3.0,5.798608779907227,821.0,1421.43798828125,144.0,125.58865356445312
exemplar,312,exemplar,exemplar/archive_4/40416ef5-e7a5-4c4d-918e-702961928757.pt,20988.0,181140.671875,6540.0,95312.765625,3.0,211.08335876464844,1.0,0.0,38.0,727.0531005859375,2.0,199.0684051513672
exemplar,313,exemplar,exemplar/archive_4/42238099-ebd6-4d1a-b7e3-eb0e58c08eaf.pt,53538.0,46120.59375,59942.0,41491.83203125,133.0,18.02654457092285,4.0,4.0110344886779785,2169.0,2086.900390625,1906.0,732.220458984375
exemplar,314,exemplar,exemplar/archive_4/436700eb-9a0b-4657-a1ab-0c897ff2a318.pt,46294.0,230346.734375,25454.0,110267.1171875,2133.0,424.1996765136719,2.0,26.7213191986084,43.0,1007.1508178710938,2.0,37.139041900634766
exemplar,315,exemplar,exemplar/archive_4/45ce74b6-c127-486c-baa4-e41f747036c4.pt,21993.0,184003.59375,6696.0,95999.2421875,5.0,218.65609741210938,2.0,0.0,43.0,706.98291015625,2.0,193.5220489501953
exemplar,316,exemplar,exemplar/archive_4/48a0e69b-505b-4541-a94e-46f99b98f807.pt,1382.0,11763.904296875,1337.0,8189.01220703125,2.0,27.324377059936523,0.0,7.201878547668457,521.0,1753.697509765625,192.0,229.39308166503906
exemplar,317,exemplar,exemplar/archive_4/4db9bc2c-66bc-4c7a-9a03-cd0862dc81bf.pt,43456.0,53457.125,44327.0,37099.65625,54.0,59.73844909667969,9.0,10.363603591918945,828.0,1583.578125,144.0,150.45700073242188
exemplar,318,exemplar,exemplar/archive_4/4fdb2a6b-0614-43ed-97b8-dccd2ff200f7.pt,7448.0,34627.875,8953.0,20632.779296875,3.0,16.50988006591797,3.0,10.462629318237305,2630.0,1727.5992431640625,1024.0,235.6907501220703
exemplar,319,exemplar,exemplar/archive_4/548bf9ee-eff8-4e75-b69a-c9db9b3d72e6.pt,25756.0,120255.125,2805.0,66188.046875,5.0,99.37626647949219,2.0,0.0,534.0,224.6134796142578,1.0,44.091548919677734
exemplar,320,exemplar,exemplar/archive_4/585d28bf-c9f5-4ff2-a8ad-c9fc4f31888c.pt,6486.0,163321.46875,454.0,121861.375,430.0,183.78421020507812,1.0,0.0,18.0,596.2042236328125,1.0,101.95462036132812
exemplar,321,exemplar,exemplar/archive_4/596a91cf-3df6-463f-b1c6-65707df4f7a9.pt,7423.0,33983.9140625,9003.0,20788.80078125,5.0,15.487794876098633,3.0,10.306988716125488,2760.0,1743.79052734375,1024.0,224.77920532226562
exemplar,322,exemplar,exemplar/archive_4/5c9ecfa4-a74b-40cf-af7a-b727ed7ca083.pt,1143.0,78364.296875,708.0,28170.66015625,107.0,0.0,0.0,0.0,270.0,74.25811767578125,1.0,20.448741912841797
exemplar,323,exemplar,exemplar/archive_4/64424fcf-ad58-4dc1-82e0-e3868ab87fd6.pt,3130.0,11924.298828125,2898.0,8864.232421875,5.0,24.898653030395508,2.0,7.275946140289307,2764.0,1754.0799560546875,1024.0,230.79541015625
exemplar,324,exemplar,exemplar/archive_4/6d55b2ed-ab05-4aba-a4a8-3f15f3dfd306.pt,56938.0,73819.5625,8701.0,33960.48828125,0.0,45.75682067871094,0.0,0.0,89.0,176.4098358154297,2.0,24.477224349975586
exemplar,325,exemplar,exemplar/archive_4/77643d2e-ad72-4bcc-b6e9-1a147858d106.pt,35752.0,66784.765625,57348.0,40614.578125,149.0,83.62373352050781,7.0,15.187298774719238,862.0,2077.43798828125,128.0,336.5584716796875
exemplar,326,exemplar,exemplar/archive_4/78a6191a-884a-46bd-88ca-cc672b209ed2.pt,62771.0,248520.234375,34172.0,120934.484375,1980.0,462.227783203125,7.0,30.069068908691406,289.0,1012.4255981445312,5.0,38.51508331298828
exemplar,327,exemplar,exemplar/archive_4/793ea687-01ef-44be-b851-29489b1d2453.pt,9606.0,42700.4140625,14135.0,25052.765625,5.0,23.164417266845703,4.0,12.285494804382324,1080.0,1497.9412841796875,160.0,154.54685974121094
exemplar,328,exemplar,exemplar/archive_4/7e1e21b3-d775-40d7-b923-9c251c8ff98f.pt,42926.0,349020.1875,10071.0,225328.34375,2045.0,729.7555541992188,1.0,0.0,32.0,1467.661376953125,1.0,268.5481262207031
exemplar,329,exemplar,exemplar/archive_4/81049602-6fd0-431d-9dbd-aef3d91e01e8.pt,7371.0,33998.40234375,8872.0,20802.505859375,3.0,15.510886192321777,3.0,10.310685157775879,2628.0,1744.17333984375,1024.0,224.94764709472656
exemplar,330,exemplar,exemplar/archive_4/88b89300-6a68-4bc1-b5ca-e93bef2c30ab.pt,58.0,8705.216796875,5.0,436.51580810546875,0.0,0.0,0.0,4.36444616317749,16.0,275.9429931640625,1.0,3.1046416759490967
exemplar,331,exemplar,exemplar/archive_4/898dad40-db7b-47cd-af97-3522c21a66a7.pt,5172.0,24422.802734375,1949.0,18761.900390625,2.0,5.466719627380371,1.0,3.1611135005950928,49.0,1387.962646484375,12.0,491.9555358886719
exemplar,332,exemplar,exemplar/archive_4/89d891b2-fb1f-42c9-a51c-82cb5df44342.pt,6081.0,29757.041015625,5590.0,20668.76171875,2.0,11.546991348266602,0.0,2.0930519104003906,310.0,1064.0947265625,294.0,394.3391418457031
exemplar,333,exemplar,exemplar/archive_4/8b0e6e47-4421-4097-acfc-430e933fda9e.pt,63.0,13869.81640625,1.0,4625.5625,0.0,0.0,0.0,2.116950511932373,12.0,159.65756225585938,1.0,50.18597412109375
exemplar,334,exemplar,exemplar/archive_4/8b353157-f769-4d64-a2b9-0ec8c60ed8a1.pt,2664.0,20227.375,782.0,11961.6943359375,0.0,6.541078567504883,0.0,2.430316925048828,39.0,538.7042846679688,24.0,180.42691040039062
exemplar,335,exemplar,exemplar/archive_4/8c5381e4-a0a9-4d25-8d9f-a7dc0defa1fa.pt,5066.0,120104.1796875,4598.0,52213.44140625,128.0,0.0,0.0,0.0,409.0,597.431396484375,64.0,199.257568359375
exemplar,336,exemplar,exemplar/archive_4/8c92183a-750e-4a40-bed6-f6bf66068a7a.pt,6594.0,28061.337890625,5240.0,14168.775390625,4.0,14.470673561096191,0.0,2.6250221729278564,128.0,992.8995361328125,88.0,59.22360610961914
exemplar,337,exemplar,exemplar/archive_4/90a548ee-6183-405f-a8d9-33388f78d5ca.pt,14980.0,56133.015625,18614.0,32679.134765625,7.0,63.389549255371094,3.0,11.938925743103027,2633.0,2169.036865234375,1024.0,372.453125
exemplar,338,exemplar,exemplar/archive_4/914614f2-637f-4b82-88d3-a9493d2e4e55.pt,34508.0,61784.7109375,47632.0,72671.0546875,149.0,25.039993286132812,9.0,7.7276177406311035,838.0,4180.0068359375,128.0,1022.8047485351562
exemplar,339,exemplar,exemplar/archive_4/93e7c6b7-e200-4cf5-a00f-14a34b93201c.pt,9091.0,47914.94140625,7139.0,24173.6875,6.0,34.42708969116211,1.0,6.550084590911865,438.0,1611.717529296875,423.0,184.12322998046875
exemplar,340,exemplar,exemplar/archive_4/9534d794-7535-4fdc-b445-c2419b20ffaf.pt,29208.0,108330.96875,3870.0,52032.84375,5.0,76.37939453125,2.0,20.532474517822266,532.0,772.8622436523438,1.0,22.95964241027832
exemplar,341,exemplar,exemplar/archive_4/964aaac0-3bed-4318-bea6-21d50ad72c0e.pt,21176.0,34003.55859375,32593.0,37068.67578125,128.0,6.623213768005371,8.0,5.963176727294922,2889.0,4134.76611328125,1024.0,1075.0635986328125
exemplar,342,exemplar,exemplar/archive_4/97dbcdf5-c848-49aa-9352-d36fb012c09e.pt,2168.0,6206.5732421875,290.0,651.56005859375,0.0,0.0,0.0,1.6011589765548706,80.0,194.20899963378906,1.0,8.060637474060059
exemplar,343,exemplar,exemplar/archive_4/98139b78-5b5f-48a0-80de-d9b6e3d24d09.pt,912.0,28983.1015625,743.0,16791.623046875,2.0,30.29602813720703,0.0,11.527532577514648,24.0,917.337158203125,1.0,53.55139923095703
exemplar,344,exemplar,exemplar/archive_4/9a1f36d7-2816-4b0f-b8b5-b2e65627cf2e.pt,2738.0,44335.94140625,2633.0,22857.796875,5.0,35.59562301635742,14.0,14.795782089233398,537.0,726.1302490234375,3.0,33.76616287231445
exemplar,345,exemplar,exemplar/archive_4/9a6997d9-2bd1-4ff6-9a73-f05621c1f081.pt,21988.0,27168.3203125,24276.0,18393.150390625,0.0,0.0,5.0,8.61439323425293,6583.0,1444.736083984375,1296.0,183.49462890625
exemplar,346,exemplar,exemplar/archive_4/9ada9795-eb64-47d0-aa19-a9162b706a25.pt,55454.0,232915.578125,9473.0,147118.734375,2327.0,388.78533935546875,2.0,0.0,534.0,464.0,1.0,78.8802719116211
exemplar,347,exemplar,exemplar/archive_4/9b0c91ce-b9b1-429d-9742-7450ed142395.pt,3275.0,32612.912109375,3636.0,33821.859375,2.0,6.481082439422607,2.0,5.555826187133789,328.0,3972.888671875,96.0,1122.0679931640625
exemplar,348,exemplar,exemplar/archive_4/9c54421a-7338-494a-8474-d9074a9ecf97.pt,2416.0,17485.328125,390.0,4566.03515625,111.0,36.11355209350586,0.0,8.055091857910156,265.0,277.1934814453125,1.0,6.158601760864258
exemplar,349,exemplar,exemplar/archive_4/9d448692-78f8-4d5c-8088-898eb5995a9b.pt,9619.0,11435.0546875,8367.0,12634.7265625,0.0,0.0,4.0,4.638082504272461,6581.0,1622.01953125,1296.0,182.57688903808594
exemplar,350,exemplar,exemplar/archive_4/9e38eb64-1cfe-4f12-9432-22bdf4a349e1.pt,9207.0,47914.94140625,6958.0,24173.6875,6.0,34.42708969116211,1.0,6.550084590911865,435.0,1611.717529296875,420.0,184.12322998046875
exemplar,351,exemplar,exemplar/archive_4/a391283d-e967-49dc-b6bc-4b02d35e002e.pt,9507.0,35890.18359375,8401.0,32356.361328125,0.0,0.0,4.0,3.8466596603393555,6582.0,5735.8359375,1296.0,1865.55078125
exemplar,352,exemplar,exemplar/archive_4/a3ea0c4f-3403-453c-81e8-4c9371ba8d41.pt,64857.0,159753.84375,21215.0,64889.69921875,0.0,157.48312377929688,0.0,0.0,101.0,897.2379760742188,2.0,156.08627319335938
exemplar,353,exemplar,exemplar/archive_4/aab521f7-157c-46ec-bffc-c37761dff1db.pt,52704.0,59822.45703125,32026.0,53234.34375,24.0,29.8397274017334,1.0,4.5243730545043945,392.0,1311.560546875,99.0,402.4368896484375
exemplar,354,exemplar,exemplar/archive_4/ab77bd50-b36b-4b19-913c-cd01ff0e8a94.pt,6695.0,50754.7265625,7690.0,57046.859375,8.0,19.37421417236328,2.0,5.869978427886963,333.0,4290.0283203125,96.0,1124.0028076171875
exemplar,355,exemplar,exemplar/archive_4/acd0fc9a-5e08-4344-88ef-ada264891cb6.pt,59520.0,50493.7265625,9351.0,6136.470703125,0.0,0.0,0.0,13.134858131408691,89.0,302.0372619628906,1.0,4.3737101554870605
exemplar,356,exemplar,exemplar/archive_4/ad9bbfab-8ff4-49f3-8d9c-ab37947d788a.pt,29483.0,108899.546875,4514.0,50830.296875,5.0,81.057373046875,2.0,20.461074829101562,538.0,794.2326049804688,2.0,23.539493560791016
exemplar,357,exemplar,exemplar/archive_4/b1e95b21-3d49-4f0f-9eb6-fc4835b0816b.pt,3299.0,17416.755859375,4040.0,13748.439453125,5.0,28.954246520996094,0.0,8.928417205810547,1084.0,1533.817626953125,160.0,160.09127807617188
exemplar,358,exemplar,exemplar/archive_4/b3e352b0-02aa-42e9-b905-77d4b7f1dfd1.pt,3057.0,11806.7861328125,2828.0,8348.2685546875,3.0,27.259742736816406,2.0,7.222411155700684,2631.0,1780.5372314453125,1024.0,239.5106201171875
exemplar,359,exemplar,exemplar/archive_4/b3ee34d7-b26c-4327-9077-79e2513947cc.pt,345.0,47957.734375,297.0,23625.03515625,0.0,0.0,0.0,0.0,17.0,1115.23681640625,1.0,258.8089599609375
exemplar,360,exemplar,exemplar/archive_4/b3ff10dc-d76f-4720-bd29-4bf354efbe46.pt,22877.0,109005.9453125,798.0,63970.48046875,3.0,77.73246002197266,1.0,0.0,28.0,264.1737365722656,1.0,42.65658187866211
exemplar,361,exemplar,exemplar/archive_4/b4dfdcc1-4667-49f1-ac5b-183e7ecc2ebc.pt,52.0,36437.1015625,1.0,9563.78125,0.0,0.0,0.0,0.0,13.0,54.78996658325195,1.0,5.247560024261475
exemplar,362,exemplar,exemplar/archive_4/b5c285f0-db91-4f79-9db6-e8a7c94edf84.pt,21851.0,114248.1875,3533.0,63075.46875,5.0,91.09858703613281,2.0,0.0,39.0,226.11489868164062,1.0,43.66046905517578
exemplar,363,exemplar,exemplar/archive_4/b624fe6a-af6a-49d1-9462-76d216decf06.pt,13427.0,65942.1328125,16969.0,39772.06640625,24.0,81.00930786132812,5.0,14.392271041870117,507.0,2017.7529296875,128.0,307.6383056640625
exemplar,364,exemplar,exemplar/archive_4/b8f39c72-91d2-4d02-b05c-57c42cb15022.pt,2269.0,30412.021484375,1696.0,22231.421875,109.0,0.0,0.0,3.740856885910034,272.0,374.19805908203125,1.0,123.90509796142578
exemplar,365,exemplar,exemplar/archive_4/bba17e96-bfc6-4f7b-a3b3-e191e54db17e.pt,14842.0,65942.1328125,17106.0,39772.06640625,24.0,81.00926208496094,5.0,14.392271041870117,505.0,2017.7529296875,128.0,307.6383056640625
exemplar,366,exemplar,exemplar/archive_4/c0318fb8-5cf4-4868-a6e3-376c95dee192.pt,6459.0,54872.22265625,230.0,23435.765625,2.0,20.737607955932617,1.0,9.899585723876953,18.0,526.7347412109375,1.0,14.96729564666748
exemplar,367,exemplar,exemplar/archive_4/c21d74eb-cbc9-46a8-8b36-055d46bcd75f.pt,15484.0,60502.70703125,17459.0,68724.5625,26.0,24.551937103271484,6.0,7.1216278076171875,591.0,4232.97607421875,160.0,1072.6771240234375
exemplar,368,exemplar,exemplar/archive_4/c3db69c9-fbf2-4375-ae82-034c48a2402e.pt,8039.0,36045.125,8344.0,37171.5859375,5.0,7.04890251159668,4.0,5.871121883392334,587.0,3969.835205078125,160.0,1028.350830078125
exemplar,369,exemplar,exemplar/archive_4/c450d8f6-023f-4ab0-85f6-0934c9d8e967.pt,402.0,19854.4453125,354.0,15003.4091796875,0.0,0.0,0.0,2.5895345211029053,19.0,4596.84912109375,1.0,2480.90087890625
exemplar,370,exemplar,exemplar/archive_4/c5aa81c6-cac5-44db-bb2d-0450c909ea9f.pt,64637.0,48412.90625,46157.0,24213.283203125,10.0,34.923179626464844,2.0,6.57112455368042,2214.0,1588.6312255859375,1691.0,177.3605194091797
exemplar,371,exemplar,exemplar/archive_4/ca4b5a45-6965-4ecb-9d2e-38ddff7463e5.pt,9741.0,32681.44140625,14518.0,34015.203125,5.0,6.507718563079834,3.0,5.5942583084106445,2872.0,4025.1533203125,1024.0,1135.203369140625
exemplar,372,exemplar,exemplar/archive_4/cc1c90d0-9335-4c05-bf3a-b750ec5adc20.pt,3275.0,33967.55078125,3636.0,20639.82421875,2.0,15.399741172790527,2.0,10.271062850952148,328.0,1725.3323974609375,96.0,218.20867919921875
exemplar,373,exemplar,exemplar/archive_4/cc2d357e-c3ae-491b-b7d7-703727137e95.pt,20159.0,39625.546875,35143.0,23507.466796875,128.0,21.100112915039062,6.0,12.024812698364258,856.0,1701.550537109375,128.0,210.16226196289062
exemplar,374,exemplar,exemplar/archive_4/cd22e983-c9c3-4d45-929b-a53cb807295c.pt,5147.0,103128.0546875,1377.0,56076.890625,267.0,170.27328491210938,0.0,0.0,20.0,210.47018432617188,1.0,30.356773376464844
exemplar,375,exemplar,exemplar/archive_4/d2dd5e51-59c3-41f2-aa1b-e0f82ffe6545.pt,7939.0,35636.55859375,8237.0,36847.7109375,5.0,7.038673400878906,4.0,6.1015543937683105,584.0,3797.625,160.0,983.08349609375
exemplar,376,exemplar,exemplar/archive_4/d89b0478-e5aa-475d-af6f-3e044a842d22.pt,23288.0,26898.666015625,3553.0,9974.322265625,5.0,10.375924110412598,2.0,4.894708633422852,81.0,1166.2763671875,53.0,101.1445083618164
exemplar,377,exemplar,exemplar/archive_4/d8f74d4e-05f1-4955-86f0-830ca762b176.pt,10390.0,33151.6328125,14642.0,34443.82421875,5.0,6.50120735168457,3.0,5.406460762023926,2875.0,4207.68212890625,1024.0,1187.4681396484375
exemplar,378,exemplar,exemplar/archive_4/d9f93158-6ccc-4d2b-a170-237f34ce5331.pt,4848.0,100008.984375,532.0,56361.859375,281.0,149.60203552246094,0.0,0.0,14.0,233.21337890625,1.0,29.913761138916016
exemplar,379,exemplar,exemplar/archive_4/da3f016e-20ab-4fd7-952a-595b8f71f7af.pt,22664.0,32503.798828125,1522.0,13486.2685546875,3.0,11.496031761169434,1.0,5.9662394523620605,41.0,890.4612426757812,10.0,47.99272918701172
exemplar,380,exemplar,exemplar/archive_4/db688f60-06c1-4a90-9135-f24939f749c1.pt,86.0,57400.16796875,5.0,24336.35546875,2.0,0.0,0.0,0.0,15.0,92.52117919921875,1.0,19.262418746948242
exemplar,381,exemplar,exemplar/archive_4/de2b487d-3146-4596-8935-9b3df1e70a4f.pt,7720.0,37837.5,8021.0,22595.0390625,3.0,18.80250358581543,4.0,11.1242036819458,500.0,1617.878173828125,128.0,186.58953857421875
exemplar,382,exemplar,exemplar/archive_4/deae57f3-6e32-43b3-82ae-eb94666b0ec5.pt,68.0,8665.2802734375,1.0,553.8019409179688,0.0,0.0,0.0,4.5174689292907715,12.0,262.3454895019531,1.0,2.9067718982696533
exemplar,383,exemplar,exemplar/archive_4/dff07353-88f8-4592-9a88-cda83160792d.pt,44477.0,53457.125,44202.0,37099.65625,54.0,59.73844909667969,9.0,10.363603591918945,828.0,1583.578125,144.0,150.45700073242188
exemplar,384,exemplar,exemplar/archive_4/e276239b-fb1a-42fe-a821-26f171cd3740.pt,7705.0,36868.69921875,10113.0,37808.42578125,128.0,0.0,2.0,5.082679748535156,3010.0,5125.64501953125,1024.0,1403.6070556640625
exemplar,385,exemplar,exemplar/archive_4/e950ae24-8149-4902-abb3-92bbe2aecd63.pt,1400.0,35438.2578125,1336.0,34548.046875,2.0,0.0,0.0,4.771223068237305,521.0,4835.36279296875,192.0,1439.84423828125
exemplar,386,exemplar,exemplar/archive_4/eaba7bd5-f8e5-45c7-8194-e722f3af20ff.pt,2340.0,50388.375,218.0,14344.3251953125,0.0,0.0,0.0,0.0,79.0,53.640628814697266,1.0,6.055166244506836
exemplar,387,exemplar,exemplar/archive_4/ead2ec1e-40d8-4acc-91c8-0d319af0c066.pt,55689.0,61091.6796875,31223.0,55344.703125,27.0,29.779457092285156,2.0,4.885675430297852,402.0,1380.080322265625,105.0,373.8689880371094
exemplar,388,exemplar,exemplar/archive_4/eb5a1ea8-c51d-4bb9-b7b4-75eed4853c86.pt,20451.0,36725.4453125,34313.0,39556.7890625,128.0,7.0768938064575195,6.0,6.144939422607422,857.0,4099.48291015625,128.0,1008.157470703125
exemplar,389,exemplar,exemplar/archive_4/ebce0d5b-5f05-4508-8ee8-3f25e158eb65.pt,7101.0,24146.109375,3358.0,14221.236328125,307.0,17.297571182250977,0.0,3.065105676651001,15.0,1549.814697265625,1.0,134.66371154785156
exemplar,390,exemplar,exemplar/archive_4/ecd4a3ae-951b-4cf2-9c32-79bbf5637673.pt,3041.0,40297.27734375,1909.0,21001.97265625,5.0,33.692665100097656,0.0,13.760787010192871,40.0,729.12548828125,3.0,34.6729621887207
exemplar,391,exemplar,exemplar/archive_4/ed65d0b7-0b0c-4b25-b9b3-bba6415e835f.pt,56036.0,61111.78125,34149.0,28934.796875,27.0,50.24156951904297,2.0,8.191793441772461,398.0,1283.031005859375,101.0,103.22108459472656
exemplar,392,exemplar,exemplar/archive_4/ef021cd3-8378-4d1e-9f1f-070602c5f684.pt,64588.0,39870.84765625,47501.0,35233.83203125,10.0,15.962796211242676,2.0,3.5257396697998047,2228.0,2011.837646484375,1704.0,742.4772338867188
exemplar,393,exemplar,exemplar/archive_4/ef2865d0-3f5b-4b1f-8655-ff7d550736c2.pt,132.0,61450.40234375,42.0,24141.50390625,2.0,0.0,0.0,0.0,18.0,82.44491577148438,1.0,20.568923950195312
exemplar,394,exemplar,exemplar/archive_4/efa78183-092f-4770-86fd-d318cda4daa2.pt,9862.0,219365.28125,5912.0,162346.546875,425.0,282.389404296875,1.0,0.0,29.0,2130.45654296875,2.0,501.33050537109375
exemplar,395,exemplar,exemplar/archive_4/f1369026-b6ce-4401-8f3a-9079a7bb9cfb.pt,64836.0,248870.3125,52517.0,118180.0,1977.0,485.7770080566406,4.0,30.073640823364258,313.0,1022.8340454101562,9.0,38.76210021972656
exemplar,396,exemplar,exemplar/archive_4/f2ac7800-495d-44fc-81ae-b3c9fdc3656d.pt,65321.0,69560.1484375,21362.0,31915.25,0.0,0.0,0.0,15.999813079833984,101.0,640.8587646484375,2.0,11.14879035949707
exemplar,397,exemplar,exemplar/archive_4/f9012451-79a9-4be9-be03-9b56617d2e21.pt,5018.0,47546.7734375,4604.0,24811.798828125,128.0,36.744842529296875,0.0,16.240514755249023,409.0,799.58544921875,64.0,39.91148376464844
exemplar,398,exemplar,exemplar/archive_4/f91aaca3-3e17-40f5-8dbc-f91b66fb6ff6.pt,14813.0,50775.8359375,18681.0,57134.68359375,9.0,19.33675193786621,3.0,5.87930154800415,2767.0,4283.64892578125,1024.0,1119.911865234375
exemplar,399,exemplar,exemplar/archive_4/fe7e730c-d073-4096-b2ee-40007ede4bd8.pt,26547.0,200225.75,5472.0,102729.2265625,5.0,260.5919494628906,2.0,0.0,538.0,700.3416748046875,2.0,199.72354125976562
