split,dataset_index,kernel_family,tensor_path,target_lut,prediction_lut,target_ff,prediction_ff,target_dsp,prediction_dsp,target_bram,prediction_bram,target_cycles_max,prediction_cycles_max,target_interval_max,prediction_interval_max
test,2,2layer,2layer/archive_1/0bc7e3b8-c2a6-427a-ab7b-97c8d1f26de3.pt,12268.0,11800.234375,8597.0,9681.337890625,0.0,0.0,1.5,2.1430792808532715,4357.0,4319.30126953125,2816.0,2151.689453125
test,4,2layer,2layer/archive_1/0ceedcf7-5069-43e5-b761-a592699392fc.pt,21806.0,17586.494140625,17005.0,10720.541015625,3.0,3.2266359329223633,2.0,1.34698486328125,6149.0,3910.846435546875,4096.0,1749.689208984375
test,7,2layer,2layer/archive_1/11fe5594-fbbe-4031-ac3a-4b43ba75a01f.pt,22719.0,17070.2421875,14057.0,10326.4765625,11.0,3.6560561656951904,1.0,1.2578754425048828,1797.0,3148.780517578125,1024.0,1193.22509765625
test,30,2layer,2layer/archive_1/6979d03f-7ff1-4738-886e-3ee059a69d8a.pt,11963.0,17603.0390625,8924.0,10662.6318359375,2.0,3.290541887283325,1.5,1.3370022773742676,4229.0,3610.916259765625,2304.0,1521.68701171875
test,40,2layer,2layer/archive_1/80788302-2292-4caa-a003-821aed591a4a.pt,25839.0,17320.18359375,19958.0,12378.73046875,0.0,0.0,1.0,1.4623849391937256,3589.0,3473.314453125,1792.0,1446.0147705078125
test,43,2layer,2layer/archive_1/81ae65ee-db11-4ff1-835c-a62e010c7087.pt,15439.0,17171.888671875,11020.0,10668.6943359375,2.0,3.464613676071167,2.0,1.262585163116455,7685.0,3966.572265625,3840.0,1789.3658447265625
test,65,2layer,2layer/archive_1/b7ff2436-119d-4ba9-9b49-189b5fabbe4c.pt,14913.0,17086.546875,8705.0,10514.041015625,2.0,3.4859368801116943,1.5,1.247137188911438,3845.0,3756.572021484375,2880.0,1625.207275390625
test,66,2layer,2layer/archive_1/b9c55cc1-33b8-4573-98e9-76d328fb262d.pt,14211.0,17771.55859375,10576.0,10672.7041015625,3.0,3.2716243267059326,1.0,1.391160249710083,3461.0,3374.523681640625,1728.0,1354.35107421875
test,77,2layer,2layer/archive_1/d18488ed-9367-45dc-9e7e-03a6dad1662e.pt,21494.0,17156.107421875,12425.0,10580.5244140625,5.0,3.497606039047241,1.5,1.25154709815979,4229.0,3762.7802734375,2560.0,1631.07080078125
test,80,2layer,2layer/archive_1/d8705803-c54c-4ad6-bdd4-bea949213cf1.pt,17388.0,17680.06640625,9965.0,10829.8671875,2.0,2.9874825477600098,3.0,1.3784383535385132,5637.0,3823.677490234375,3328.0,1685.6507568359375
test,85,2layer,2layer/archive_1/e2d32045-fe85-41fa-87fd-34469cfd2b33.pt,17230.0,17768.642578125,12142.0,10704.0107421875,4.0,3.2324557304382324,2.0,1.3876734972000122,3845.0,3435.0029296875,1920.0,1397.130615234375
test,88,2layer,2layer/archive_1/e71cebc8-9c8d-4db4-af21-b5ffd3e7d1e9.pt,6342.0,17105.623046875,6039.0,10480.640625,2.0,3.5345869064331055,1.0,1.2375210523605347,2501.0,3476.467041015625,1920.0,1419.2657470703125
test,91,2layer,2layer/archive_1/ecfce556-484f-4093-a80c-893fda981e41.pt,22052.0,17128.609375,13102.0,10571.8798828125,4.0,3.4795024394989014,2.0,1.2541272640228271,5381.0,3870.112548828125,2912.0,1712.308837890625
test,96,2layer,2layer/archive_1/f8730447-91f8-4ba9-8e61-8f68f3e2bcf2.pt,17442.0,17697.86328125,12252.0,10902.2568359375,3.0,2.9330267906188965,4.0,1.3887875080108643,6245.0,3964.514404296875,3840.0,1796.2694091796875
test,102,2layer,2layer/archive_2/09ec4d4c-915c-43e4-9a54-58a2827cf9ab.pt,13361.0,17895.85546875,9745.0,10452.71875,5.0,3.6338083744049072,1.0,1.4256339073181152,1301.0,2872.56396484375,720.0,1009.3630981445312
test,116,2layer,2layer/archive_2/2ac8c174-e837-49a4-8c42-d36055b4f958.pt,26666.0,17377.267578125,20621.0,12765.0556640625,0.0,0.0,1.5,1.7896113395690918,4445.0,4150.509765625,2640.0,1984.615478515625
test,117,2layer,2layer/archive_2/2b32602e-3d8f-4da0-b7a4-3ea8d164b7c6.pt,13778.0,17239.447265625,9950.0,12514.6640625,0.0,0.0,3.0,1.4519106149673462,4805.0,3821.9306640625,2688.0,1706.67529296875
test,123,2layer,2layer/archive_2/35d85fb7-eceb-4bbb-8fcf-e217cf41c819.pt,18287.0,17605.44140625,13226.0,10699.12109375,3.0,3.264319896697998,1.5,1.3395143747329712,4229.0,3716.18603515625,2688.0,1600.26171875
test,124,2layer,2layer/archive_2/3886fc72-587a-462e-b4bf-d0a55ef58761.pt,19428.0,17486.14453125,15040.0,10491.1318359375,7.0,3.7973403930664062,4.0,1.3189826011657715,1925.0,3098.10302734375,960.0,1158.80908203125
test,138,2layer,2layer/archive_2/5d0eb902-1bc3-48ca-b0d4-3d6de45181de.pt,24382.0,17680.908203125,18225.0,13294.1474609375,0.0,0.0,2.5,1.882814884185791,8165.0,4909.20556640625,5280.0,2601.98779296875
test,148,2layer,2layer/archive_2/7e1727a1-0ff8-4992-b05a-0691712f8fd0.pt,22263.0,17653.830078125,14885.0,10689.4111328125,6.0,3.315727710723877,1.5,1.3411812782287598,3541.0,3590.9345703125,2080.0,1507.090087890625
test,159,2layer,2layer/archive_2/8c8e656f-83a3-47e2-9829-8045a8142667.pt,17167.0,17160.771484375,12847.0,10667.015625,2.0,3.4440598487854004,2.5,1.2678346633911133,7749.0,4117.73486328125,4224.0,1909.81201171875
test,169,2layer,2layer/archive_2/aa3e8729-4585-46ef-9832-c3b7f47e4df1.pt,27599.0,17190.783203125,15971.0,10728.71484375,3.0,3.4265737533569336,2.5,1.2780810594558716,8453.0,4294.86376953125,5376.0,2055.873779296875
test,171,2layer,2layer/archive_2/b461a518-3d3b-479a-938a-0c154da7735b.pt,35035.0,17132.955078125,18748.0,10606.146484375,6.0,3.457864761352539,2.0,1.261099934577942,7077.0,4029.256103515625,3744.0,1837.37158203125
test,176,2layer,2layer/archive_2/c6918bf7-28f9-40a7-a1c4-3bcf2f4e385f.pt,13092.0,16676.6640625,7840.0,11839.013671875,0.0,0.0,1.0,1.7085355520248413,1349.0,3014.058349609375,960.0,1150.552978515625
test,193,2layer,2layer/archive_2/f2428e9d-edd8-42e7-99c6-e046e4644daf.pt,16523.0,12107.7177734375,12656.0,9994.1103515625,0.0,0.0,2.5,2.181385040283203,6341.0,4705.798828125,3456.0,2460.013671875
test,194,2layer,2layer/archive_2/f3afd05a-bc98-4606-93b9-ee33d6762e32.pt,19835.0,11937.578125,15641.0,9778.984375,0.0,0.0,4.5,2.136353015899658,4789.0,4345.53955078125,2496.0,2170.401123046875
test,198,2layer,2layer/archive_2/fe60de96-e0a9-4ea9-8814-8ce712e4cdfc.pt,21443.0,12171.0029296875,16272.0,9971.916015625,0.0,0.0,4.5,2.1444880962371826,5205.0,4456.70166015625,2704.0,2255.791259765625
test,200,2layer,2layer/archive_3/019ce398-6703-4c14-a1d4-a1d4f721aa96.pt,10292.0,17392.736328125,8216.0,10513.900390625,2.0,3.6158246994018555,1.0,1.279052972793579,2949.0,3439.048828125,1920.0,1390.798095703125
test,202,2layer,2layer/archive_3/0bd01774-a474-431b-b52c-aca5c0745207.pt,9183.0,17207.662109375,6235.0,12228.90234375,0.0,0.0,1.0,1.4576497077941895,2309.0,3415.091796875,1920.0,1403.3485107421875
test,204,2layer,2layer/archive_3/10d47412-3b99-4416-8957-0dd529a2c076.pt,9044.0,17846.88671875,7062.0,10439.3779296875,2.0,3.586620807647705,1.0,1.4185512065887451,1413.0,2902.6279296875,896.0,1029.1580810546875
test,215,2layer,2layer/archive_3/2620e563-4c2a-45a4-8260-a06013668b23.pt,17234.0,17167.435546875,10011.0,10415.3203125,5.0,3.691166400909424,1.0,1.265439748764038,1925.0,3131.062744140625,960.0,1181.8924560546875
test,222,2layer,2layer/archive_3/39669ce2-ff95-4a24-9e66-156ceeae168f.pt,12792.0,17246.55078125,10383.0,12608.6640625,0.0,0.0,1.5,1.7694311141967773,3749.0,3966.231689453125,2304.0,1841.91796875
test,244,2layer,2layer/archive_3/73b18c1f-a08b-4490-9b1e-068dd5f1bc6f.pt,11739.0,17502.4453125,9609.0,10767.3203125,2.0,3.5182697772979736,2.0,1.2984015941619873,6085.0,4060.277099609375,4480.0,1860.5438232421875
test,253,2layer,2layer/archive_3/8863bfbc-c561-4a7b-af1a-8de2d0557eb1.pt,15385.0,17636.681640625,12717.0,10938.6171875,2.0,2.8099377155303955,3.0,1.3976545333862305,7749.0,4083.3447265625,4928.0,1893.051513671875
test,254,2layer,2layer/archive_3/88dc4815-a29e-4ae4-b3ea-5002f04e93f2.pt,15287.0,17263.435546875,10340.0,12728.8515625,0.0,0.0,1.5,1.8075451850891113,4997.0,4219.99853515625,3072.0,2040.451904296875
test,262,2layer,2layer/archive_3/96ddafdb-c1a1-464d-a77e-1f6956a91deb.pt,29596.0,17175.294921875,15628.0,10484.4697265625,10.0,3.5938546657562256,1.0,1.242498755455017,2397.0,3363.7919921875,1248.0,1340.3447265625
test,264,2layer,2layer/archive_3/98c7083e-8b81-4b46-99a6-9214ede4dd8c.pt,30491.0,17214.408203125,17939.0,10757.650390625,4.0,3.4266560077667236,3.0,1.2815383672714233,10213.0,4341.70703125,5280.0,2094.4365234375
test,269,2layer,2layer/archive_3/b1bf04f8-e2f7-4a52-bdde-c01f4bad1309.pt,10283.0,11881.693359375,8823.0,9781.0458984375,0.0,0.0,1.5,2.163100242614746,4869.0,4489.9931640625,3328.0,2284.335693359375
test,277,2layer,2layer/archive_3/cb71f7ec-d572-47de-9a42-bd8019b6f8dc.pt,23057.0,12111.96875,17932.0,9957.896484375,0.0,0.0,4.5,2.159191131591797,5605.0,4582.078125,2912.0,2356.021240234375
test,281,2layer,2layer/archive_3/d5f86079-3543-44fc-98fa-3a44b519fadb.pt,20350.0,17164.619140625,12187.0,10580.302734375,4.0,3.5064055919647217,2.0,1.2503724098205566,4325.0,3723.65576171875,2240.0,1601.4853515625
test,291,2layer,2layer/archive_3/f34246be-39d1-451b-80fe-ead3345822d9.pt,14755.0,17414.498046875,9644.0,10456.5078125,5.0,3.723397731781006,1.0,1.3023918867111206,2181.0,3211.177001953125,1152.0,1233.5091552734375
test,296,2layer,2layer/archive_3/fa89eaf8-f149-4239-a01e-f7c059112c6f.pt,20498.0,17640.046875,14096.0,10771.8701171875,4.0,3.2387502193450928,2.0,1.351146936416626,6405.0,3927.32568359375,3584.0,1762.773193359375
test,302,2layer,2layer/archive_4/0531fe1b-e636-44ef-97b4-dfa2611005cd.pt,9576.0,17382.15625,5704.0,10327.9443359375,2.0,3.865257740020752,0.5,1.3367838859558105,1029.0,2888.045166015625,768.0,1023.672119140625
test,311,2layer,2layer/archive_4/220abe4b-c84a-4896-a433-d724e728e262.pt,20322.0,17159.265625,12629.0,10638.1201171875,3.0,3.460496187210083,2.0,1.2624698877334595,6661.0,4008.4931640625,3584.0,1822.022705078125
test,315,2layer,2layer/archive_4/247e4213-8ae5-462d-b957-a9f783755031.pt,10996.0,11733.3359375,7502.0,9586.978515625,0.0,0.0,1.5,2.1221232414245605,3333.0,4142.12451171875,2560.0,2013.86572265625
test,329,2layer,2layer/archive_4/44856706-581b-4c89-8857-83ce12bad9ec.pt,14256.0,11997.421875,11520.0,9862.5732421875,0.0,0.0,1.5,2.16288161277771,4229.0,4523.13623046875,3520.0,2309.3701171875
test,337,2layer,2layer/archive_4/62878700-1b8b-452f-8cfd-c1c35028130d.pt,36022.0,17138.4140625,19075.0,10392.2900390625,26.0,3.6750524044036865,15.0,1.2612031698226929,1733.0,3151.09423828125,896.0,1195.07666015625
test,338,2layer,2layer/archive_4/62ea446b-b849-47d5-8216-a2f7c8cb4bac.pt,25133.0,17513.666015625,17444.0,10735.94140625,6.0,3.537976026535034,2.0,1.293993353843689,6533.0,3971.00927734375,3456.0,1789.411865234375
test,367,2layer,2layer/archive_4/b5944cf1-ec69-416a-918c-89e52b78fc28.pt,20893.0,17112.21484375,12395.0,10568.5732421875,3.0,3.481553316116333,2.0,1.2509992122650146,6277.0,3802.780029296875,3136.0,1660.944091796875
test,377,2layer,2layer/archive_4/c1a49590-4bb5-4f0e-8f35-7b55a980a2ab.pt,36397.0,17159.119140625,22458.0,10627.056640625,12.0,3.465972661972046,1.5,1.2607569694519043,5637.0,3971.748046875,3584.0,1792.91650390625
test,389,2layer,2layer/archive_4/de7b06f7-2fcc-4ab6-8233-7ad7645abe6e.pt,17550.0,17614.74609375,10198.0,10684.72265625,3.0,3.2812507152557373,1.5,1.336618185043335,3685.0,3638.960205078125,2400.0,1542.4625244140625
test,406,3layer,3layer/archive_1/1779f702-f865-451f-89d0-4f6b42a09e77.pt,25151.0,18604.171875,20528.0,15929.4736328125,0.0,0.0,2.0,2.446732759475708,2984.0,3545.645751953125,1120.0,1220.78125
test,407,3layer,3layer/archive_1/182b1883-c1ef-4e91-b811-6a3d11a6d43f.pt,51765.0,19186.2890625,27772.0,13290.96484375,29.0,4.097048282623291,15.5,1.9179681539535522,2712.0,3643.183837890625,1040.0,1444.1427001953125
test,409,3layer,3layer/archive_1/1aefc079-3d88-4736-ab6a-8821bf651cfa.pt,25692.0,19066.517578125,16084.0,13179.9189453125,10.0,4.081101417541504,1.5,1.8958120346069336,2120.0,3377.5283203125,704.0,1268.68896484375
test,432,3layer,3layer/archive_1/652d7823-3b2f-48c4-b58a-bf36a9040d34.pt,43876.0,19254.16796875,29036.0,13382.8798828125,17.0,4.086662769317627,1.5,1.9463732242584229,5160.0,4013.98388671875,2048.0,1705.8856201171875
test,440,3layer,3layer/archive_1/7964a722-8bad-4458-9c56-7a00af65391c.pt,19231.0,18821.796875,15202.0,16250.4462890625,0.0,0.0,1.5,2.4675514698028564,2824.0,3772.55615234375,1600.0,1375.099609375
test,442,3layer,3layer/archive_1/7dff1db2-d16a-4a01-829b-05b72a41623c.pt,28802.0,19457.634765625,20556.0,13636.470703125,4.0,4.1020002365112305,3.0,1.9981924295425415,10824.0,4461.74609375,3840.0,2043.1092529296875
test,446,3layer,3layer/archive_1/88cf0a0e-91b2-4947-96d7-9eed8547d6cd.pt,20444.0,18745.78515625,17351.0,16192.8623046875,0.0,0.0,1.5,2.4699432849884033,3144.0,3761.384033203125,1536.0,1368.209228515625
test,461,3layer,3layer/archive_1/9e767c1a-c86e-47d2-9618-8ef0d7eff20c.pt,38774.0,19478.392578125,24445.0,13662.01171875,6.0,4.103348255157471,3.5,2.0042152404785156,10632.0,4518.8369140625,4224.0,2085.717041015625
test,474,3layer,3layer/archive_1/bd7b1de0-0728-4813-a20e-2217a437ae55.pt,20365.0,19235.208984375,15045.0,17161.671875,0.0,0.0,2.0,2.5461692810058594,5224.0,4467.29541015625,3168.0,1909.52587890625
test,475,3layer,3layer/archive_1/c12178a4-9a41-4408-bb6e-2a2b0220f271.pt,19056.0,21349.900390625,14960.0,14855.12890625,4.0,3.8218135833740234,2.0,2.2522778511047363,5512.0,4099.47119140625,3456.0,1752.18212890625
test,479,3layer,3layer/archive_1/cac2ba37-2e08-4ee6-a30f-40100774fba2.pt,16528.0,21316.37109375,13620.0,14818.6494140625,3.0,3.826205015182495,2.5,2.248009204864502,6664.0,4047.1064453125,3136.0,1714.1611328125
test,491,3layer,3layer/archive_1/e15f45e8-e937-4419-b661-351b6a4e3b24.pt,26686.0,19394.16015625,18612.0,13572.9306640625,4.0,4.0883331298828125,3.0,1.9902149438858032,9480.0,4414.7705078125,3840.0,2007.5509033203125
test,492,3layer,3layer/archive_1/e512b35b-2fc9-49ce-87f4-274643a853bd.pt,11232.0,19986.19921875,9899.0,13862.978515625,3.0,4.153841495513916,2.0,2.1074647903442383,4232.0,4079.358154296875,3584.0,1758.052978515625
test,499,3layer,3layer/archive_1/ffdcecc5-d14c-43be-b3c4-2857c53c08f1.pt,15840.0,21002.71484375,11860.0,14420.20703125,3.0,3.8761446475982666,1.5,2.1819374561309814,2248.0,3270.48876953125,1152.0,1128.954345703125
test,507,3layer,3layer/archive_2/1b0f0ba7-0377-4474-b62e-4b95e0367519.pt,30215.0,20743.5859375,23118.0,18074.794921875,0.0,0.0,3.0,2.343700885772705,9608.0,4848.57177734375,3840.0,2427.76318359375
test,510,3layer,3layer/archive_2/212e820a-7f1a-4ca0-846a-920f20a79783.pt,40991.0,19711.75,28078.0,12931.6845703125,26.0,4.451165199279785,36.5,1.8457473516464233,2840.0,3304.28564453125,1040.0,1275.855712890625
test,516,3layer,3layer/archive_2/326bc530-45c2-4c48-9584-277b3c01d4c1.pt,23687.0,20627.8203125,19142.0,17797.763671875,0.0,0.0,2.5,2.2884418964385986,6504.0,4385.419921875,2464.0,2047.2666015625
test,518,3layer,3layer/archive_2/39ede89b-4430-4736-a43a-4d76b5fa631b.pt,25267.0,19286.919921875,15906.0,12845.857421875,10.0,4.292985439300537,1.5,1.7599420547485352,2984.0,3413.7724609375,1152.0,1345.993408203125
test,528,3layer,3layer/archive_2/4b6b637a-e175-4c06-b927-b1f1a0bf1694.pt,20377.0,20526.046875,15214.0,13905.4853515625,3.0,3.5825178623199463,2.5,1.8908087015151978,8520.0,4066.137451171875,3520.0,1815.057373046875
test,535,3layer,3layer/archive_2/598e9e38-fc65-430b-84cb-365d55e367a2.pt,46096.0,19249.08203125,31967.0,12803.12109375,32.0,4.2768964767456055,57.5,1.7559690475463867,3112.0,3424.503662109375,1120.0,1353.83544921875
test,537,3layer,3layer/archive_2/5e8ea48b-db26-40f2-8fbe-99c095cf4c68.pt,46527.0,19497.62890625,27779.0,13204.0390625,7.0,4.109435081481934,4.5,1.761974811553955,12776.0,4393.10693359375,4928.0,2070.177978515625
test,560,3layer,3layer/archive_2/9dadd0df-130d-4cad-bbca-0e76e22635c8.pt,21325.0,20606.26953125,18310.0,17750.82421875,0.0,0.0,3.0,2.2799363136291504,5256.0,4341.0361328125,2688.0,2010.710205078125
test,576,3layer,3layer/archive_2/baf77b73-37f4-46f9-b8f0-93d69797cd82.pt,30315.0,20170.970703125,25472.0,17029.232421875,0.0,0.0,4.5,2.248713970184326,2952.0,3474.91845703125,1024.0,1357.162841796875
test,588,3layer,3layer/archive_2/d6607975-b0f4-45d8-9501-72d777ee383b.pt,42315.0,19502.556640625,25809.0,13215.591796875,6.0,4.092740058898926,3.5,1.7703959941864014,12488.0,4527.25439453125,5280.0,2175.920654296875
test,591,3layer,3layer/archive_2/dde3b4b7-3312-479a-bdc3-87fa33a93df5.pt,16389.0,20360.5546875,15234.0,17278.359375,0.0,0.0,1.5,2.244819164276123,3400.0,3718.441162109375,1280.0,1533.048583984375
test,602,3layer,3layer/archive_3/05df7d2d-f518-4f33-afc3-8514d2a19475.pt,16725.0,19306.46484375,14712.0,12805.966796875,3.0,4.416640281677246,1.5,1.7883706092834473,2120.0,3171.57177734375,896.0,1185.2318115234375
test,603,3layer,3layer/archive_3/0ac9befc-ac0d-4a71-ae58-22e7e1bdffc2.pt,10332.0,19173.814453125,8506.0,12790.4404296875,3.0,4.182041168212891,1.5,1.7382093667984009,2952.0,3585.372314453125,1920.0,1464.001953125
test,604,3layer,3layer/archive_3/0b9292d5-b52f-4bcf-9d7f-8ec507a82838.pt,16178.0,19198.75390625,12690.0,12886.66015625,3.0,4.091215133666992,2.0,1.719343662261963,5768.0,3812.310546875,2304.0,1626.0302734375
test,609,3layer,3layer/archive_3/146dcf3a-693e-4216-9880-5d5271eef9ef.pt,29328.0,19332.27734375,21850.0,13038.36328125,4.0,4.094058036804199,3.0,1.7376108169555664,9736.0,4096.14892578125,3584.0,1837.458251953125
test,616,3layer,3layer/archive_3/2552149a-df3f-4a43-bbb0-f50f0aa86a1d.pt,30608.0,20747.46484375,23092.0,13615.8330078125,22.0,4.203174114227295,13.5,1.939225435256958,2568.0,3180.173095703125,1024.0,1184.7420654296875
test,618,3layer,3layer/archive_3/2a171325-74e9-44cd-ad59-2d6e0df0ca79.pt,25048.0,20624.6328125,20557.0,17905.775390625,0.0,0.0,3.0,2.3298208713531494,8520.0,4827.33447265625,4160.0,2414.866943359375
test,627,3layer,3layer/archive_3/45890d72-3caf-40a6-931a-638e3aad7bea.pt,13786.0,20605.71875,12163.0,13572.5419921875,3.0,4.01228141784668,1.5,1.9034026861190796,3272.0,3446.36279296875,1728.0,1375.716552734375
test,635,3layer,3layer/archive_3/5e9ac136-7284-4f22-a5ee-61b5b7e7063d.pt,17072.0,20567.865234375,14929.0,17721.443359375,0.0,0.0,2.5,2.280998468399048,5704.0,4366.14013671875,2816.0,2031.3463134765625
test,657,3layer,3layer/archive_3/a1851e40-5a08-4219-a3f1-8d948236f276.pt,45012.0,19459.267578125,27048.0,13148.46875,8.0,4.10684871673584,3.0,1.7568103075027466,10120.0,4321.29150390625,4032.0,2013.4794921875
test,667,3layer,3layer/archive_3/b682c296-4570-4878-873f-d5e1915cbc27.pt,30544.0,20422.029296875,22415.0,17277.46875,0.0,0.0,7.5,2.243140935897827,2968.0,3661.86279296875,1120.0,1490.5682373046875
test,672,3layer,3layer/archive_3/becbb122-65be-480b-acb2-ebe38341ad8a.pt,38793.0,19454.052734375,24266.0,13156.4716796875,6.0,4.11105489730835,3.0,1.753746509552002,10376.0,4263.64111328125,4032.0,1967.210205078125
test,674,3layer,3layer/archive_3/c2ce15f0-780c-406b-b005-bb243ccf18e1.pt,21256.0,20579.794921875,18646.0,17739.31640625,0.0,0.0,3.0,2.2857770919799805,5000.0,4474.6435546875,3584.0,2117.907958984375
test,679,3layer,3layer/archive_3/cf982a72-c60b-4b7d-9087-1e193c4ab155.pt,16313.0,19755.39453125,13555.0,13146.8505859375,3.0,4.1976213455200195,2.5,1.815483808517456,6152.0,3846.880126953125,2560.0,1654.2974853515625
test,683,3layer,3layer/archive_3/d5ca8453-257a-4d9c-a648-cf8ccbc5ec86.pt,38676.0,19307.9375,24210.0,12832.8408203125,20.0,4.35301399230957,5.5,1.7732975482940674,2760.0,3295.41796875,960.0,1267.156982421875
test,685,3layer,3layer/archive_3/d7c36037-4ea5-4170-9880-b18dc15b2262.pt,23507.0,20601.84765625,14930.0,17251.486328125,0.0,0.0,1.0,2.2299933433532715,1991.0,3505.75048828125,1280.0,1375.1822509765625
test,695,3layer,3layer/archive_3/f28597de-38ba-4ad3-93a2-3851c0324492.pt,19264.0,19205.494140625,13846.0,12897.3076171875,4.0,4.08483362197876,2.0,1.721257209777832,4168.0,3855.851806640625,3072.0,1657.7969970703125
test,702,3layer,3layer/archive_4/02a91569-c36f-4708-a341-a13f8737a0a3.pt,32138.0,20353.935546875,27000.0,17175.181640625,0.0,0.0,10.5,2.251053810119629,2824.0,3496.152099609375,960.0,1371.8736572265625
test,703,3layer,3layer/archive_4/04992b4f-8e3a-4ba6-ab8e-f7067efbefd1.pt,24924.0,20677.5546875,19188.0,18024.150390625,0.0,0.0,4.0,2.35469388961792,9288.0,5035.13427734375,4928.0,2579.283935546875
test,709,3layer,3layer/archive_4/11cb1446-553d-4d42-beb0-8cef419745d7.pt,31494.0,20692.607421875,23654.0,13551.9111328125,23.0,4.175356864929199,13.5,1.9327822923660278,2504.0,3202.5439453125,936.0,1198.8095703125
test,715,3layer,3layer/archive_4/18e0db09-f70f-4bc2-88f2-22eefb41fbed.pt,24514.0,20699.5546875,20767.0,13553.099609375,11.0,4.174911975860596,8.0,1.932752251625061,2760.0,3208.1669921875,1024.0,1202.418212890625
test,725,3layer,3layer/archive_4/37086fe8-6c4f-463e-a764-7d76835deeec.pt,20184.0,20672.94140625,17426.0,13539.095703125,9.0,4.159470558166504,6.5,1.929450273513794,2728.0,3222.091796875,1056.0,1212.1910400390625
test,726,3layer,3layer/archive_4/397c597b-baf0-4982-b73e-1b96cc21c475.pt,29462.0,20669.58984375,28124.0,18017.36328125,0.0,0.0,6.5,2.3572487831115723,9992.0,5037.93994140625,5376.0,2582.43798828125
test,727,3layer,3layer/archive_4/3a67d407-0d04-48d4-ab09-4d2496cfd57c.pt,32895.0,19255.490234375,20306.0,12803.890625,15.0,4.292046546936035,1.5,1.7600572109222412,2656.0,3393.11376953125,1152.0,1332.4847412109375
test,729,3layer,3layer/archive_4/40ee2292-d986-48fb-a072-30da3405f278.pt,21807.0,20634.66796875,17365.0,17885.310546875,0.0,0.0,2.5,2.318253517150879,8232.0,4681.259765625,3360.0,2292.224609375
test,733,3layer,3layer/archive_4/4eac11b2-3e2f-46dd-9793-f7933d08a32a.pt,14611.0,20543.28125,11599.0,17674.5703125,0.0,0.0,2.0,2.273918867111206,4872.0,4332.36962890625,3072.0,2003.51611328125
test,761,3layer,3layer/archive_4/8317e9db-920e-420b-b398-f733d751e9ee.pt,17139.0,20605.40625,13665.0,13648.32421875,4.0,3.93410062789917,1.5,1.8979012966156006,4232.0,3561.79931640625,2048.0,1464.614013671875
test,781,3layer,3layer/archive_4/ce983836-13b7-4d8c-a35b-d4fc2c45396e.pt,38190.0,19272.888671875,21431.0,12842.8564453125,18.0,4.261684894561768,1.5,1.7535823583602905,2856.0,3472.6552734375,1248.0,1386.270751953125
test,784,3layer,3layer/archive_4/d05cbfc7-ebfe-45c5-8fa0-01326d535bf0.pt,12397.0,19239.41015625,10775.0,12939.0380859375,3.0,4.0806050300598145,2.0,1.7274333238601685,4872.0,3969.785888671875,3584.0,1742.100830078125
test,796,3layer,3layer/archive_4/f2a1eb9a-a5c2-486a-b0b8-03bc9bbe3ae7.pt,31100.0,19227.87109375,18062.0,12877.45703125,6.0,4.140998363494873,2.5,1.7292006015777588,3720.0,3721.091796875,2112.0,1559.9945068359375
test,799,3layer,3layer/archive_4/ff48aa19-6b53-4584-b397-c63f0808b898.pt,39233.0,19410.982421875,24929.0,13100.2763671875,7.0,4.10377836227417,3.0,1.7491583824157715,9544.0,4220.62646484375,3520.0,1934.1575927734375
test,810,conv1d,conv1d/archive_1/40a8e82a-f9f5-4c4d-b727-a0478a1b75eb.pt,15889.0,20647.484375,22365.0,28817.3984375,2.0,2.239293336868286,7.5,10.176843643188477,46223.0,63073.30078125,46199.0,48233.171875
test,817,conv1d,conv1d/archive_1/652e0143-09a7-4bb0-afe0-afe109e97397.pt,13058.0,16316.37109375,20150.0,25476.298828125,0.0,0.0,22.5,11.915197372436523,382015.0,172731.71875,382010.0,190009.15625
test,820,conv1d,conv1d/archive_1/79d43e81-55cb-41d8-8da5-72ce41fcafad.pt,9214.0,16273.259765625,16851.0,22687.111328125,0.0,0.0,3.0,8.429823875427246,78337.0,76121.625,78338.0,70912.234375
test,823,conv1d,conv1d/archive_1/82b35702-e1ac-446c-aabc-45ec3ed80610.pt,20175.0,15067.29296875,25687.0,20548.630859375,3.0,1.600717544555664,12.0,8.141862869262695,49919.0,59614.296875,49914.0,54491.4296875
test,830,conv1d,conv1d/archive_1/a4d19761-4b0a-42ab-9d53-c66d8f00f10b.pt,15390.0,16314.41015625,22857.0,24788.83203125,0.0,0.0,4.0,10.789365768432617,102718.0,162350.734375,102716.0,175696.5
test,840,conv1d,conv1d/archive_1/d1c94bd8-9b95-4896-90ef-9820b72e9c80.pt,16820.0,19616.62890625,26709.0,28759.328125,2.0,2.0925939083099365,17.0,11.183874130249023,175036.0,132341.4375,175034.0,118680.6875
test,854,conv1d,conv1d/archive_2/21f8ce76-3ba1-4feb-ac27-b94c3aec3243.pt,30708.0,21903.73828125,76593.0,32715.837890625,3.0,3.7860777378082275,52.5,14.193353652954102,365890.0,264653.1875,365885.0,255951.546875
test,859,conv1d,conv1d/archive_2/47b8d120-10a1-4744-8bdb-07a551ff3128.pt,25188.0,23998.921875,50441.0,36586.80078125,1.0,2.2739617824554443,30.0,14.19295597076416,244594.0,198809.34375,244589.0,175172.484375
test,874,conv1d,conv1d/archive_2/d19f3c15-b218-471a-a743-35e62285e6be.pt,24714.0,18884.4765625,37268.0,25850.27734375,4.0,3.7765979766845703,9.0,9.934364318847656,114433.0,89141.3046875,114434.0,76358.515625
test,875,conv1d,conv1d/archive_2/f12c4085-2898-49f4-a61b-7368d7a1cf59.pt,28989.0,21287.5,38479.0,29626.583984375,4.0,4.13557767868042,22.5,11.096758842468262,125229.0,138549.375,125225.0,119802.625
test,878,conv1d,conv1d/archive_2/fbf509e8-3766-4b18-829f-8a91ea220962.pt,19729.0,21161.171875,31442.0,28396.08203125,4.0,4.1338653564453125,14.0,10.007007598876953,50113.0,102846.859375,50114.0,83695.25
test,881,conv1d,conv1d/archive_3/0f93f762-11c1-47f6-b745-fbd2342bdcb3.pt,25766.0,18253.2265625,42483.0,24523.75,3.0,3.216280698776245,13.5,9.395258903503418,58701.0,144404.78125,58697.0,131654.859375
test,884,conv1d,conv1d/archive_3/1e92fe49-0718-4869-9cdc-06e2f36d672d.pt,31414.0,21700.486328125,46105.0,34862.4140625,0.0,0.0,24.0,13.864861488342285,256639.0,199062.625,256634.0,191873.8125
test,888,conv1d,conv1d/archive_3/2666c285-a04a-423b-95a2-bd2757ede047.pt,12838.0,18374.091796875,23268.0,25034.63671875,2.0,2.016343355178833,3.0,8.572678565979004,158209.0,87180.1875,158210.0,72560.4609375
test,889,conv1d,conv1d/archive_3/2c782213-ca6b-4c07-aeda-6ac96ff8af05.pt,22529.0,24116.396484375,36549.0,34158.078125,5.0,4.480105876922607,22.5,12.25022029876709,350467.0,184081.15625,350462.0,154922.3125
test,896,conv1d,conv1d/archive_3/6d261423-eeff-4955-9e53-5d9faf751e88.pt,14136.0,14030.001953125,19082.0,18314.81640625,0.0,0.0,3.0,6.485073566436768,21953.0,49122.953125,21954.0,45887.9765625
test,897,conv1d,conv1d/archive_3/70fbcd6f-2675-4ff8-9b2f-a5085342bae5.pt,48314.0,27023.193359375,56398.0,36157.26171875,6.0,5.4470438957214355,19.0,11.468762397766113,85279.0,93693.78125,85274.0,67864.703125
test,899,conv1d,conv1d/archive_3/7a9bd2a0-5adb-4472-a529-8003407ae3b2.pt,13622.0,19126.3828125,23267.0,25816.8671875,1.0,2.159027576446533,6.0,8.584997177124023,75265.0,82959.1484375,75266.0,68587.8515625
test,917,conv1d,conv1d/archive_3/df0dc612-a890-445b-9073-5be3bf35dd8a.pt,12109.0,19690.517578125,18651.0,26162.51171875,1.0,2.373246431350708,10.5,8.550004959106445,36319.0,69278.9140625,36314.0,52355.3984375
test,919,conv1d,conv1d/archive_3/e28af083-279c-4728-846a-678e6d7bb22f.pt,12249.0,17762.62890625,19967.0,26714.875,2.0,1.8095831871032715,3.5,11.386419296264648,114433.0,112823.71875,114434.0,103297.75
test,922,conv1d,conv1d/archive_3/ef35d294-89ef-47da-86cb-d957605c64ea.pt,32030.0,23989.998046875,49391.0,36863.4609375,5.0,2.5500619411468506,22.0,14.685037612915039,411730.0,287921.875,411725.0,267786.65625
test,924,conv1d,conv1d/archive_4/01128dcc-6b66-45c7-a0e1-d9d109f813d3.pt,20434.0,20553.099609375,33789.0,32440.71484375,0.0,0.0,6.5,13.01852798461914,501377.0,194404.96875,501378.0,191602.46875
test,926,conv1d,conv1d/archive_4/05082297-dd7d-4ca1-aab6-ee914f6721e0.pt,19471.0,18145.802734375,27005.0,23661.8359375,3.0,3.5315170288085938,5.0,8.352481842041016,135937.0,81174.90625,135938.0,67507.609375
test,942,conv1d,conv1d/archive_4/3375cb54-0deb-4187-9594-bd3c7cd8d03b.pt,19127.0,16857.41015625,30464.0,27349.701171875,0.0,0.0,25.0,13.429769515991211,662080.0,252920.875,662076.0,298078.625
test,951,conv1d,conv1d/archive_4/710883e5-9170-4f91-b626-b67ced91a3fc.pt,9889.0,14406.08984375,14973.0,21048.6953125,0.0,0.0,7.5,8.919918060302734,107026.0,105575.203125,107021.0,113759.046875
test,957,conv1d,conv1d/archive_4/a4e94a46-08df-49ef-a586-a3a56af160f8.pt,53293.0,34708.4140625,76241.0,47162.8984375,7.0,7.225630760192871,33.0,14.654794692993164,56769.0,87610.265625,56770.0,56721.14453125
test,958,conv1d,conv1d/archive_4/a8bcd0b2-d8c3-407a-be63-5dc0e58e4d06.pt,25502.0,22851.626953125,43697.0,35258.1015625,0.0,0.0,21.5,12.538586616516113,172464.0,180684.140625,172460.0,163721.15625
test,979,conv2d,conv2d/archive_1/3bbaf020-b175-4605-a2b0-72afa319294a.pt,40838.0,26671.291015625,99167.0,46444.3125,4.0,2.2240030765533447,47.5,22.82062530517578,5718278.0,2844317.75,5718262.0,3477129.75
test,981,conv2d,conv2d/archive_1/3f18bf56-0827-4c9d-9732-8b84acf35b7e.pt,23695.0,26368.46875,57789.0,42362.0859375,4.0,3.7548446655273438,24.5,19.463647842407227,672607.0,1190845.875,672602.0,1321640.625
test,983,conv2d,conv2d/archive_1/4a8852f6-e3bd-4fa4-8621-03eb844a9adb.pt,57200.0,48686.3125,174970.0,91321.0703125,6.0,5.537728786468506,157.0,38.09001541137695,7210321.0,6592842.0,7210322.0,7176754.0
test,991,conv2d,conv2d/archive_1/c7e3cc32-3d80-43bf-8f4a-499e99ad26e5.pt,15962.0,26121.84765625,38366.0,41523.34375,0.0,0.0,9.5,14.952786445617676,524223.0,811228.3125,524218.0,858156.0
test,1001,conv2d,conv2d/archive_3/0dee8f31-23cc-4ade-8f8f-7392e5f8b02a.pt,30059.0,24038.666015625,43303.0,41790.47265625,0.0,0.0,18.0,18.65360450744629,1709526.0,1220601.75,1709527.0,1481218.0
test,1013,conv2d,conv2d/archive_3/5aeb5ea1-80ed-4fc9-ba99-bf5ec16837d4.pt,200010.0,121648.765625,718271.0,250673.25,66.0,18.291440963745117,284.0,97.06175994873047,1241296.0,1113177.0,1241291.0,800438.6875
test,1015,conv2d,conv2d/archive_3/63ab54a4-4b88-4b0f-a9b1-49881d75887a.pt,32385.0,32109.177734375,59197.0,47429.4296875,1.0,3.2135488986968994,16.0,14.219817161560059,175423.0,275968.5,175424.0,213174.4375
test,1016,conv2d,conv2d/archive_3/6d63ea05-3a8a-4c82-86ac-340c3b591f84.pt,31213.0,31520.58984375,45943.0,46033.32421875,3.0,4.608201503753662,27.5,15.376477241516113,372409.0,648371.875,372410.0,592663.75
test,1026,conv2d,conv2d/archive_3/d7d87110-ebb4-4d29-ab8b-083e9566ca37.pt,24617.0,33324.8671875,55067.0,51312.4375,2.0,3.1308364868164062,17.5,17.935665130615234,1311313.0,2015613.5,1311314.0,2039748.375
test,1033,conv2d,conv2d/archive_4/38f47c2b-0eb1-45b2-bc5b-2838a5b7e752.pt,10442.0,25100.0234375,22578.0,37200.953125,0.0,0.0,6.5,12.758393287658691,521551.0,1109617.75,521552.0,1246028.75
test,1043,conv2d,conv2d/archive_4/957f4b2f-281a-4361-88c4-a1cfefa780fe.pt,20162.0,25161.35546875,29084.0,39356.3359375,0.0,0.0,16.5,14.249531745910645,1631106.0,980015.125,1631107.0,1095024.375
test,1050,conv2d,conv2d/archive_4/ee3c4ae3-2164-4ac0-bcff-177130994af6.pt,36135.0,32147.876953125,68653.0,57726.69921875,0.0,0.0,18.5,22.32131576538086,14973166.0,7309598.0,14973161.0,9217227.0
test,1063,dense_latency,dense_latency/archive_1/16e51304-7de9-4fd9-9d2c-2f48c1c4cd2e.pt,111346.0,266970.15625,31586.0,51417.21875,7065.0,4872.71826171875,0.0,0.0,13.0,18.436256408691406,1.0,0.3364637494087219
test,1071,dense_latency,dense_latency/archive_1/4325e22a-7bf5-466c-8183-1e5d2d85e4ae.pt,100986.0,112392.109375,21215.0,25145.8828125,0.0,0.0,0.0,0.0,18.0,24.067720413208008,2.0,1.576684832572937
test,1081,dense_latency,dense_latency/archive_1/61e64dcb-4e3d-4410-88e3-2e494e292c5b.pt,289400.0,171682.125,179308.0,95704.4375,237.0,164.05731201171875,0.0,0.0,170.0,152.65493774414062,38.0,17.335790634155273
test,1084,dense_latency,dense_latency/archive_1/70e760e8-e3c0-402f-a5ba-4876fa9c460c.pt,360749.0,280567.125,326020.0,211079.03125,279.0,240.44400024414062,0.0,0.0,731.0,449.0936279296875,93.0,56.15382385253906
test,1089,dense_latency,dense_latency/archive_1/7766208b-d8e9-4390-8311-3a01b04b6115.pt,136537.0,153645.453125,91642.0,100783.953125,74.0,99.36640930175781,0.0,0.0,375.0,210.09359741210938,50.0,27.838401794433594
test,1090,dense_latency,dense_latency/archive_1/777e4ee2-ce18-47a2-9f62-0061ca24e3b7.pt,213557.0,233137.8125,45661.0,45935.52734375,689.0,3121.28076171875,0.0,0.0,20.0,22.753135681152344,1.0,0.32184553146362305
test,1091,dense_latency,dense_latency/archive_1/7bb9a774-9792-4539-b976-d6b1b2a46fe4.pt,95436.0,93423.25,18796.0,23603.775390625,0.0,0.0,0.0,0.0,21.0,26.25558090209961,2.0,2.5356006622314453
test,1096,dense_latency,dense_latency/archive_1/87cc04e1-24d9-48e9-99d9-a4d1cc1907d9.pt,10792.0,41669.48828125,2741.0,10421.859375,0.0,0.0,0.0,0.0,13.0,20.555233001708984,2.0,2.847266912460327
test,1099,dense_latency,dense_latency/archive_1/a16f76eb-446f-48ed-ba0d-9471cdce0bc5.pt,47762.0,66455.0234375,10142.0,16462.615234375,0.0,0.0,0.0,0.0,13.0,23.24852752685547,2.0,2.277371644973755
test,1105,dense_latency,dense_latency/archive_1/c3eb7dbd-6363-473b-bbf4-15ba765437b9.pt,55275.0,211610.71875,5524.0,40217.7265625,4517.0,3306.07666015625,0.0,0.0,10.0,20.490596771240234,1.0,0.4310568571090698
test,1106,dense_latency,dense_latency/archive_1/c4bf7d33-025d-449e-a839-c5e10c2f4438.pt,77021.0,117119.265625,17223.0,28351.0546875,0.0,0.0,0.0,0.0,26.0,26.0162410736084,2.0,1.855031132698059
test,1110,dense_latency,dense_latency/archive_1/d8d26a1e-5908-4c54-b96b-718ace33552c.pt,592118.0,353535.6875,558525.0,252437.96875,337.0,355.6190185546875,0.0,0.0,726.0,424.9103088378906,95.0,46.40367889404297
test,1112,dense_latency,dense_latency/archive_1/dd85badd-94ca-4169-802a-d7af9c51156c.pt,76412.0,107239.9375,16693.0,26710.720703125,0.0,0.0,0.0,0.0,24.0,26.933317184448242,2.0,2.276437282562256
test,1117,dense_latency,dense_latency/archive_1/f7736eb2-b054-42b3-b4a7-c0c273cb49b5.pt,153903.0,182082.6875,141865.0,130657.46875,163.0,141.259521484375,0.0,0.0,483.0,359.3387145996094,90.0,43.225704193115234
test,1120,dense_latency,dense_latency/archive_1/fc104bca-438b-44ec-94c3-56102fe6a07c.pt,27817.0,56140.19140625,7206.0,13920.904296875,0.0,0.0,0.0,0.0,18.0,22.194068908691406,3.0,2.3519277572631836
test,1123,dense_latency,dense_latency/archive_2/0dabb4ae-b0c5-4f3f-a84d-3a5d566b255c.pt,256926.0,313286.53125,225180.0,192773.46875,476.0,434.68585205078125,0.0,0.0,254.0,259.99688720703125,32.0,23.98607635498047
test,1127,dense_latency,dense_latency/archive_2/1ad6ae8f-0ebc-4220-9103-11fa1f6d3ed2.pt,30223.0,61460.3671875,6887.0,14800.216796875,0.0,0.0,0.0,0.0,15.0,23.408233642578125,3.0,2.510106086730957
test,1130,dense_latency,dense_latency/archive_2/2205f54b-dc20-4fd0-a6f2-41c5eb908c76.pt,43780.0,234115.25,6898.0,46436.25,3242.0,3636.947265625,0.0,0.0,13.0,21.455402374267578,1.0,0.5228822231292725
test,1132,dense_latency,dense_latency/archive_2/27a5a38a-ef05-4e2e-94ad-7cfbdda203bd.pt,332036.0,273437.03125,76857.0,47789.9453125,4476.0,5019.080078125,0.0,0.0,21.0,18.277259826660156,1.0,0.0
test,1147,dense_latency,dense_latency/archive_2/60b4242d-9f39-46bb-b95c-9e0ef3f57629.pt,60711.0,273542.15625,13057.0,57420.80859375,3860.0,4332.1171875,0.0,0.0,16.0,22.02004623413086,1.0,0.6458707451820374
test,1158,dense_latency,dense_latency/archive_2/86ae87ef-364a-46a8-bc0b-509bb4dad66c.pt,73140.0,123573.1875,64872.0,80343.4921875,96.0,109.61172485351562,0.0,0.0,245.0,251.38803100585938,64.0,32.5728645324707
test,1160,dense_latency,dense_latency/archive_2/89c9b340-063b-4cd2-a23c-85b131415035.pt,44728.0,80357.359375,9217.0,14959.9716796875,0.0,0.0,0.0,0.0,13.0,16.607479095458984,1.0,0.10863377898931503
test,1169,dense_latency,dense_latency/archive_2/b353ae35-92a2-4d68-b8e6-23f5d0639450.pt,372772.0,331808.5625,312335.0,192252.25,629.0,554.8277587890625,0.0,0.0,227.0,210.97476196289062,32.0,19.475126266479492
test,1170,dense_latency,dense_latency/archive_2/b7f1ecfa-28aa-472c-b57f-d289894fd824.pt,324300.0,195600.5625,303457.0,131792.796875,231.0,182.43923950195312,0.0,0.0,368.0,310.7325134277344,95.0,36.3443489074707
test,1174,dense_latency,dense_latency/archive_2/c91c98af-711f-4ffd-bc4a-04c2b17b8030.pt,419958.0,320504.96875,379574.0,216209.765625,418.0,357.7875671386719,0.0,0.0,496.0,359.1968078613281,64.0,35.53396987915039
test,1189,dense_latency,dense_latency/archive_2/f8d29a54-99a1-44ed-90b6-df6c4e96a710.pt,179447.0,158369.796875,162102.0,107888.046875,154.0,136.71826171875,0.0,0.0,321.0,297.9519958496094,94.0,37.59933090209961
test,1210,dense_latency,dense_latency/archive_3/384cb427-12c5-435b-99ec-b5f2f583ac85.pt,324221.0,210217.0,299533.0,129025.5703125,227.0,248.4071807861328,0.0,0.0,252.0,248.650390625,64.0,26.513269424438477
test,1221,dense_latency,dense_latency/archive_3/67083295-7970-4ba4-91c9-e7e19d374787.pt,160367.0,160724.84375,145327.0,101963.515625,154.0,159.58395385742188,0.0,0.0,249.0,260.18560791015625,64.0,29.748035430908203
test,1222,dense_latency,dense_latency/archive_3/689c2400-5bd1-4c0d-b855-3f218a468546.pt,363674.0,215397.4375,240678.0,130980.2265625,268.0,172.15780639648438,0.0,0.0,338.0,204.24951171875,53.0,22.810779571533203
test,1233,dense_latency,dense_latency/archive_3/8cafb42c-79c2-426d-9177-ef015f498188.pt,156607.0,118933.6953125,106181.0,60901.57421875,32.0,112.62260437011719,0.0,0.0,129.0,125.03218841552734,34.0,14.298395156860352
test,1238,dense_latency,dense_latency/archive_3/9bdde29f-91ec-4b64-9214-5466930df099.pt,242184.0,321339.875,222418.0,198013.671875,417.0,456.53070068359375,0.0,0.0,255.0,255.09693908691406,32.0,24.276180267333984
test,1240,dense_latency,dense_latency/archive_3/9cf44455-22be-4b10-9851-1b9aaaaa3d2d.pt,114544.0,110022.15625,24324.0,26877.458984375,0.0,0.0,0.0,0.0,23.0,26.605121612548828,2.0,2.332740545272827
test,1241,dense_latency,dense_latency/archive_3/a02e0246-9ce3-4c41-8b88-a592f528e17a.pt,58468.0,122555.1796875,13264.0,21437.0234375,0.0,0.0,0.0,0.0,23.0,16.074447631835938,1.0,0.0921378955245018
test,1246,dense_latency,dense_latency/archive_3/b94cb66c-8ed1-4eb0-90f5-796b4b749e8c.pt,96393.0,104573.03125,19888.0,17480.142578125,0.0,0.0,0.0,0.0,17.0,14.81572151184082,1.0,0.0
test,1247,dense_latency,dense_latency/archive_3/ba755c1f-e34a-4291-9237-ad5f1195fdc2.pt,297897.0,236679.84375,240212.0,123304.3125,585.0,429.4022216796875,0.0,0.0,163.0,168.86289978027344,32.0,14.85342788696289
test,1251,dense_latency,dense_latency/archive_3/c5584439-a7f5-49cb-a95c-3529d25692d4.pt,246630.0,232685.125,195857.0,126678.2421875,413.0,389.1781005859375,0.0,0.0,164.0,177.49468994140625,32.0,16.996620178222656
test,1252,dense_latency,dense_latency/archive_3/c58ce5f8-2396-45d7-b9df-a546fd57b27f.pt,192880.0,215093.03125,113651.0,113228.90625,420.0,252.23464965820312,0.0,0.0,149.0,155.6199951171875,20.0,15.004570960998535
test,1255,dense_latency,dense_latency/archive_3/d5223328-d519-4361-be89-a8306066a0a5.pt,148258.0,122936.796875,30304.0,27873.509765625,0.0,0.0,0.0,0.0,16.0,25.57792091369629,2.0,1.7950224876403809
test,1260,dense_latency,dense_latency/archive_3/e5fb8228-fee2-402f-8e51-092cebb0d68f.pt,55888.0,70591.1875,12228.0,17691.822265625,0.0,0.0,0.0,0.0,16.0,23.990108489990234,2.0,2.5084409713745117
test,1267,dense_latency,dense_latency/archive_3/fe6bef32-0225-4046-bcf6-888cb82b7d41.pt,88575.0,89052.6796875,19841.0,19492.0703125,0.0,0.0,0.0,0.0,17.0,21.194372177124023,3.0,1.4642109870910645
test,1276,dense_latency,dense_latency/archive_4/153109f7-21cf-4526-92c2-d966688b0219.pt,88848.0,185403.953125,84647.0,112280.15625,278.0,229.981689453125,0.0,0.0,189.0,218.85015869140625,32.0,23.93009376525879
test,1277,dense_latency,dense_latency/archive_4/15af50fe-1cda-4014-a76b-8eaccc9b9eea.pt,194014.0,200160.84375,171241.0,133488.59375,226.0,195.11959838867188,0.0,0.0,314.0,301.67608642578125,64.0,33.8452033996582
test,1282,dense_latency,dense_latency/archive_4/36ded062-de09-4ccc-b708-0eef6262530b.pt,92002.0,225371.53125,8722.0,38286.046875,8115.0,4299.94287109375,0.0,0.0,9.0,18.101722717285156,1.0,0.07804637402296066
test,1287,dense_latency,dense_latency/archive_4/4bcf3d62-d610-46e7-9ae1-524b1d8c6bbc.pt,348347.0,246654.90625,220415.0,146695.484375,172.0,228.41717529296875,0.0,0.0,270.0,199.24612426757812,35.0,20.335107803344727
test,1289,dense_latency,dense_latency/archive_4/4f07cf09-d712-4ceb-9fcb-52c45bc4d1cc.pt,96260.0,109833.140625,19972.0,19808.41015625,0.0,0.0,0.0,0.0,21.0,16.352455139160156,1.0,0.13143689930438995
test,1291,dense_latency,dense_latency/archive_4/5381b722-522d-4448-946c-ca91317da97e.pt,21156.0,61451.45703125,3783.0,15997.5595703125,0.0,0.0,0.0,0.0,16.0,23.225309371948242,2.0,2.396815538406372
test,1312,dense_latency,dense_latency/archive_4/9c74343d-9e29-4c36-bfc8-0cce69068fe4.pt,385096.0,266069.875,251971.0,155961.78125,240.0,258.65228271484375,0.0,0.0,272.0,199.92156982421875,36.0,19.90483856201172
test,1314,dense_latency,dense_latency/archive_4/a2f76092-966a-406c-852d-ab73d9713457.pt,110036.0,225217.6875,39931.0,41450.10546875,6550.0,3910.99560546875,0.0,0.0,10.0,18.804912567138672,1.0,0.2830173969268799
test,1315,dense_latency,dense_latency/archive_4/a3238af5-b80b-474b-88e0-02f68a61affa.pt,174120.0,174346.5,122440.0,112854.4921875,54.0,117.51925659179688,0.0,0.0,370.0,219.83969116210938,50.0,26.418193817138672
test,1317,dense_latency,dense_latency/archive_4/acb52788-5d13-4ae2-9005-2b21e56c5752.pt,89085.0,94771.1953125,20334.0,20659.853515625,0.0,0.0,0.0,0.0,17.0,22.581878662109375,2.0,1.7680238485336304
test,1330,dense_latency,dense_latency/archive_4/d4fd6441-4e9c-4adf-a1a1-71018c2543d5.pt,297716.0,284410.125,243147.0,160419.34375,553.0,441.67901611328125,0.0,0.0,223.0,227.89651489257812,32.0,18.682344436645508
test,1334,dense_latency,dense_latency/archive_4/de113925-04dd-418f-9f74-7df76d9fd168.pt,206374.0,157155.484375,141637.0,87398.9609375,21.0,143.21969604492188,0.0,0.0,165.0,144.7225799560547,34.0,16.245880126953125
test,1338,dense_latency,dense_latency/archive_4/eb5aa7ed-d99d-442a-b132-f8cd52d23d74.pt,292097.0,183072.921875,184401.0,97585.265625,141.0,185.24209594726562,0.0,0.0,165.0,141.95843505859375,34.0,15.610289573669434
test,1344,dense_latency,dense_latency/archive_4/fc077044-0a65-4a54-9331-c22d89bc894d.pt,159485.0,169564.1875,146959.0,109545.25,191.0,172.9669647216797,0.0,0.0,251.0,252.662109375,64.0,30.502857208251953
test,1363,dense_resource,dense_resource/archive_1/420d552f-1af1-4c78-9f42-27e07f3e0308.pt,48160.0,44527.64453125,66777.0,56719.6328125,0.0,0.0,8.0,6.798511505126953,6375.0,3907.28515625,1024.0,601.6920166015625
test,1366,dense_resource,dense_resource/archive_1/51ee691c-fc3e-4344-b26f-c6ede458e30a.pt,53940.0,44469.58984375,78333.0,56751.828125,0.0,0.0,8.0,6.82208776473999,6212.0,3957.003173828125,1024.0,619.6705322265625
test,1377,dense_resource,dense_resource/archive_1/84aee444-abc3-4b80-a992-0a2f895f8ff8.pt,63324.0,56171.0390625,83015.0,74122.90625,20.0,12.169493675231934,11.0,10.310323715209961,7820.0,5019.7978515625,1024.0,878.796142578125
test,1386,dense_resource,dense_resource/archive_1/a6570df3-719e-4db4-9750-b3ac3b7b999f.pt,79397.0,325215.1875,31531.0,126755.3359375,844.0,1182.4283447265625,0.0,0.0,91.0,103.8240966796875,64.0,8.339916229248047
test,1389,dense_resource,dense_resource/archive_1/b02245d7-4c51-4718-8119-88b8af7948e0.pt,74779.0,71686.4453125,94190.0,80717.8984375,42.0,25.61873435974121,23.5,13.531318664550781,4773.0,3397.081298828125,1024.0,622.648193359375
test,1393,dense_resource,dense_resource/archive_1/cccd1536-edbc-42ca-b615-841872d98b81.pt,25707.0,37760.859375,34732.0,40905.265625,2.0,8.90999984741211,4.5,6.148136615753174,2202.0,2631.67529296875,512.0,453.3617248535156
test,1395,dense_resource,dense_resource/archive_1/dc9570ca-cbb7-4de5-b079-cc6cb2340763.pt,68425.0,52021.83203125,95090.0,61495.89453125,4.0,12.638230323791504,14.5,9.63107681274414,5342.0,3430.6015625,1024.0,594.56787109375
test,1402,dense_resource,dense_resource/archive_1/f8404942-926e-4a43-b971-da3cc743f93c.pt,41261.0,41815.828125,54943.0,50344.6171875,0.0,0.0,7.5,6.258523464202881,3816.0,2942.15234375,512.0,390.8318786621094
test,1412,dense_resource,dense_resource/archive_2/1e3d358c-cd3b-4686-a00b-a416bf0c840f.pt,63995.0,81468.375,81567.0,90109.546875,39.0,32.708927154541016,13.5,14.878954887390137,3720.0,3418.990234375,512.0,537.1931762695312
test,1413,dense_resource,dense_resource/archive_2/21428f86-33ad-4ebc-9ab1-748f2da43d6c.pt,70125.0,68941.6484375,85317.0,72838.765625,38.0,23.624544143676758,14.5,12.89404296875,3654.0,2764.86962890625,512.0,363.6474609375
test,1415,dense_resource,dense_resource/archive_2/30d22924-7147-4f00-94ce-ce7a59518c23.pt,67142.0,49956.16015625,102151.0,65592.0859375,0.0,0.0,12.0,7.636358737945557,7462.0,4224.396484375,1024.0,593.2312622070312
test,1421,dense_resource,dense_resource/archive_2/450f2622-632b-4946-9f5a-ef0bfd7aa4b8.pt,36706.0,53579.109375,43716.0,62491.32421875,15.0,15.489300727844238,10.0,10.360589027404785,4685.0,3668.52685546875,1024.0,726.8885498046875
test,1424,dense_resource,dense_resource/archive_2/538f328e-21a3-448f-8f27-a223a2f5d3e8.pt,293601.0,235691.921875,90612.0,81065.28125,0.0,0.0,0.0,0.0,159.0,67.0325927734375,128.0,9.478018760681152
test,1430,dense_resource,dense_resource/archive_2/650196ad-cdbb-45fa-86ef-a6b8bfe11e45.pt,66616.0,54481.3984375,98467.0,64590.06640625,0.0,0.0,10.0,8.24721622467041,4465.0,2963.84130859375,512.0,308.8374328613281
test,1433,dense_resource,dense_resource/archive_2/8d9a1922-e704-4100-beec-ce44ff32a60a.pt,48730.0,57636.26171875,72651.0,62595.2265625,25.0,17.25514793395996,11.0,10.540969848632812,2864.0,2796.712158203125,512.0,385.06256103515625
test,1455,dense_resource,dense_resource/archive_3/0adfecee-a185-4930-b01a-59f8441724dc.pt,12684.0,29088.607421875,18189.0,32676.984375,0.0,0.0,3.5,3.929739475250244,1702.0,1800.625732421875,512.0,417.42877197265625
test,1468,dense_resource,dense_resource/archive_3/3d06cf4d-8b4e-4524-b0a8-262cc79dde5a.pt,36498.0,38140.890625,49831.0,47360.36328125,0.0,0.0,5.5,5.647032737731934,5216.0,3676.87939453125,1024.0,654.0291137695312
test,1469,dense_resource,dense_resource/archive_3/426328fd-523a-4227-b143-f7e658889514.pt,51786.0,458494.40625,35189.0,173393.875,3992.0,2355.510986328125,0.0,0.0,116.0,105.00543212890625,64.0,6.262444972991943
test,1471,dense_resource,dense_resource/archive_3/4e2815db-5a28-41e9-8cfb-91cd73df0b11.pt,78723.0,64429.3125,121324.0,85486.53125,22.0,14.707517623901367,16.0,11.67733097076416,8446.0,4984.71337890625,1024.0,773.2391357421875
test,1472,dense_resource,dense_resource/archive_3/51797543-2176-45df-b553-44507e9154e5.pt,76034.0,53122.4609375,108032.0,72167.09375,0.0,0.0,12.5,8.182974815368652,8301.0,4639.14599609375,1024.0,628.8284301757812
test,1481,dense_resource,dense_resource/archive_3/711e93cd-511e-4756-9b93-ae71a6b8271e.pt,55881.0,50268.4296875,75488.0,65207.01171875,3.0,10.413520812988281,9.5,8.905387878417969,7369.0,4693.1083984375,1024.0,848.1015625
test,1485,dense_resource,dense_resource/archive_3/8b7348d6-554c-45b9-87c3-c65a9a22b926.pt,74934.0,48797.3203125,110935.0,61903.0234375,0.0,0.0,10.5,7.439142227172852,8235.0,3406.41748046875,1024.0,388.9898681640625
test,1487,dense_resource,dense_resource/archive_3/99473309-3d9b-4bac-900a-ee4b46a0b522.pt,57956.0,65314.80859375,80218.0,70132.8046875,18.0,21.237497329711914,12.5,12.194186210632324,3782.0,2875.462158203125,512.0,392.0958251953125
test,1490,dense_resource,dense_resource/archive_3/b748069e-67f0-493d-80d0-209353429744.pt,61176.0,47355.7109375,70990.0,61084.33984375,6.0,9.628767013549805,8.0,8.42829704284668,5096.0,4600.36279296875,1024.0,863.0581665039062
test,1499,dense_resource,dense_resource/archive_3/dd0cc135-42f2-4392-bde5-506bac3b1b21.pt,28248.0,35062.41015625,36044.0,38035.83984375,10.0,9.035295486450195,6.5,6.759482383728027,2707.0,3062.859130859375,1024.0,714.0285034179688
test,1508,dense_resource,dense_resource/archive_4/087f031a-8321-43ef-80d2-7caae4ac6983.pt,44777.0,36070.05859375,52166.0,40128.37890625,11.0,9.078034400939941,7.5,6.276201248168945,4152.0,3367.843994140625,1024.0,790.1824951171875
test,1516,dense_resource,dense_resource/archive_4/48890e95-d651-4944-b5fa-de8ebefb583d.pt,39438.0,32316.392578125,52778.0,37504.31640625,6.0,5.778246879577637,5.5,5.393824577331543,4831.0,3675.12939453125,1024.0,860.794189453125
test,1519,dense_resource,dense_resource/archive_4/567a8d26-0155-4b47-989b-f79ccf3b90d3.pt,98427.0,91476.921875,130369.0,89523.3125,32.0,38.01300048828125,22.5,15.92727279663086,3815.0,2473.673583984375,512.0,284.244873046875
test,1529,dense_resource,dense_resource/archive_4/7b0fcb53-c9ad-4d6a-9f21-7670f881d26a.pt,635766.0,657611.3125,150914.0,220733.125,12142.0,4780.44873046875,0.0,0.0,41.0,81.17974090576172,11.0,5.0502400398254395
test,1531,dense_resource,dense_resource/archive_4/849b3a99-d7de-4194-ad7f-d34808c4fcd0.pt,435882.0,527514.6875,160762.0,176614.421875,9439.0,3037.529052734375,0.0,0.0,66.0,73.43768310546875,32.0,6.70823860168457
test,1533,dense_resource,dense_resource/archive_4/8debd97a-bde5-42b1-93ed-9c833fd6ba45.pt,71506.0,92705.3203125,100663.0,101044.1875,58.0,39.978633880615234,18.0,16.800323486328125,3751.0,3308.61328125,512.0,483.2062072753906
test,1538,dense_resource,dense_resource/archive_4/96462bb2-db31-4199-b1c3-89935e1aa544.pt,154969.0,260720.625,56067.0,92534.40625,0.0,0.0,0.0,0.0,31.0,74.48712921142578,4.0,11.169477462768555
test,1541,dense_resource,dense_resource/archive_4/af7ad561-9a50-4a94-b1e0-5bfbd976e1e4.pt,30382.0,32892.03515625,40535.0,37119.7578125,5.0,6.182818412780762,5.5,5.335406303405762,4135.0,3391.984375,1024.0,782.9395751953125
test,1551,rule4ml,rule4ml/archive_1/037fc21461f5f182fb4b02c9497faae1.pt,45614.0,66250.375,19870.0,12970.990234375,304.0,299.01947021484375,38.0,33.464420318603516,321.0,227.35044860839844,8.0,3.8302340507507324
test,1554,rule4ml,rule4ml/archive_1/06c168b45dc8eaa94acbd977714bcbbe.pt,5299.0,5058.05224609375,3049.0,2081.51318359375,62.0,205.89303588867188,64.5,51.928009033203125,1134.0,388.8861083984375,2.0,2.829482078552246
test,1557,rule4ml,rule4ml/archive_1/0ee4c8dcd8015f1b089d2ca174605fab.pt,1361.0,4071.015869140625,79.0,1411.55078125,16.0,128.51023864746094,16.0,31.058242797851562,53.0,422.1158752441406,1.0,2.712815523147583
test,1559,rule4ml,rule4ml/archive_1/185abbf195c85cb50f2e2f3698494035.pt,138079.0,74093.359375,110716.0,38089.5625,220.0,80.72476196289062,227.5,44.38469696044922,1503.0,609.0289916992188,55.0,20.340200424194336
test,1561,rule4ml,rule4ml/archive_1/2084ff9e1c3f7347ba0aea77dc91149a.pt,32444.0,34025.0,384.0,9694.8193359375,4.0,47.46806716918945,131.0,38.316741943359375,469.0,422.62762451171875,1.0,5.656460762023926
test,1562,rule4ml,rule4ml/archive_1/216f00238b09a3abf19c0eea1e8cf8c6.pt,459727.0,110762.8984375,157915.0,44424.234375,220.0,201.9622039794922,4.5,21.740314483642578,1139.0,411.37359619140625,20.0,10.760079383850098
test,1572,rule4ml,rule4ml/archive_1/3219ffd8661622e8c83c7ceec7993204.pt,19634.0,50127.34765625,2173.0,14538.02734375,0.0,0.0,0.0,21.360191345214844,1246.0,294.51617431640625,1.0,5.798884391784668
test,1575,rule4ml,rule4ml/archive_1/3bdfe2f8b21e2434dc6258e8e7ae38be.pt,2779.0,8691.5439453125,2116.0,5791.80810546875,37.0,67.219970703125,0.0,11.435819625854492,132.0,477.8606262207031,17.0,8.989410400390625
test,1579,rule4ml,rule4ml/archive_1/466d99f5bafd16bc2656bb493e26d3a3.pt,63269.0,73588.09375,20395.0,29810.8984375,128.0,87.12156677246094,13.0,58.14834213256836,309.0,370.2759094238281,5.0,6.073976993560791
test,1592,rule4ml,rule4ml/archive_1/72287c9cac676de50d6937c1591c013c.pt,90974.0,11948.96875,43278.0,8270.0947265625,220.0,54.891204833984375,6.0,11.905049324035645,1175.0,588.781494140625,393.0,16.155797958374023
test,1600,rule4ml,rule4ml/archive_1/8d2cdad9082523fa3ea68740ce1050fe.pt,51924.0,57140.2421875,20971.0,27256.064453125,295.0,46.577613830566406,9.5,44.24753189086914,590.0,782.3820190429688,131.0,24.552448272705078
test,1612,rule4ml,rule4ml/archive_1/b00aea7a22b1f54c6cfb728ea20d9048.pt,14556.0,104152.03125,14308.0,53135.5859375,352.0,155.515625,24.0,42.77351379394531,195.0,441.71533203125,4.0,11.67241096496582
test,1613,rule4ml,rule4ml/archive_1/b46ba552ba805cad9fe028c9b2beb67b.pt,110592.0,109736.078125,80900.0,32915.4453125,220.0,168.67071533203125,212.0,126.56172943115234,1429.0,427.57318115234375,131.0,6.396459102630615
test,1614,rule4ml,rule4ml/archive_1/b7f8ba9933ca67bf4e89522e4957ce7d.pt,7129.0,7653.5615234375,6713.0,6189.58203125,16.0,59.261409759521484,41.0,27.822834014892578,921.0,580.5535888671875,64.0,12.55062484741211
test,1618,rule4ml,rule4ml/archive_1/c26968f68714ae3b753593e66c7a2d4c.pt,12002.0,17722.119140625,470.0,2037.907958984375,0.0,0.0,18.0,27.317584991455078,142.0,355.2507019042969,3.0,4.663017272949219
test,1620,rule4ml,rule4ml/archive_1/c63e2a6582295344fbe9e1c6ece8e0a0.pt,727.0,2061.4462890625,131.0,480.4503479003906,14.0,81.95408630371094,5.0,19.025623321533203,403.0,345.3055725097656,1.0,1.8472450971603394
test,1641,rule4ml,rule4ml/archive_1/e76bf57773bcf57b1f19da562e9ff10b.pt,9451.0,20125.275390625,7408.0,11249.1572265625,32.0,269.3891296386719,26.0,65.7922592163086,283.0,372.2501525878906,8.0,2.733433961868286
test,1643,rule4ml,rule4ml/archive_1/ecf7f5a60f0ef8948e0f8b3c91eab2f1.pt,28241.0,18196.943359375,26303.0,13626.2783203125,292.0,143.1400146484375,72.5,51.599571228027344,1596.0,673.929931640625,128.0,11.742839813232422
test,1646,rule4ml,rule4ml/archive_1/eea79f2ee33e9eba8e086cce0a1f286d.pt,18418.0,7934.8896484375,17414.0,4762.86181640625,0.0,0.0,54.5,48.60174560546875,800.0,323.7642822265625,8.0,3.0334010124206543
test,1650,rule4ml,rule4ml/archive_1/f6d8bf0745d1fb17117a04ab71839702.pt,657.0,2641.8505859375,34.0,255.9556427001953,0.0,0.0,0.0,14.416147232055664,71.0,283.6372375488281,1.0,2.073604106903076
test,1654,rule4ml,rule4ml/archive_2/0bf0bfeb622a31a1501e5c6366dfd796.pt,80858.0,114064.859375,73528.0,64807.4453125,44.0,147.94345092773438,155.5,99.27733612060547,1409.0,639.7857055664062,64.0,16.76520538330078
test,1658,rule4ml,rule4ml/archive_2/13132e1b5c320351b094a5efc7ff36c1.pt,201370.0,412131.84375,166082.0,215713.0,1814.0,1171.58056640625,153.0,134.0723876953125,608.0,633.8508911132812,8.0,19.68044090270996
test,1660,rule4ml,rule4ml/archive_2/1b88ac7e24253f5b3e353fcddaf1f662.pt,120049.0,283546.71875,128160.0,140136.1875,4904.0,930.277587890625,134.5,88.78658294677734,318.0,394.7567138671875,2.0,7.738744735717773
test,1666,rule4ml,rule4ml/archive_2/2f9cc1567c439b49764fbb077a79be8f.pt,208164.0,152628.84375,50351.0,63697.19921875,4.0,249.06619262695312,38.5,149.5476837158203,271.0,378.34808349609375,4.0,4.86089563369751
test,1698,rule4ml,rule4ml/archive_2/90af6814f2d9e83b1dfadf3f34e10b66.pt,33707.0,25552.21875,1142.0,4586.5517578125,0.0,0.0,32.0,21.310985565185547,154.0,367.1177673339844,1.0,8.41993236541748
test,1707,rule4ml,rule4ml/archive_2/9ec01dc72e4c1c37aaa0bf44dc893f8a.pt,191837.0,229797.328125,97020.0,129612.859375,220.0,517.886474609375,48.5,80.9300765991211,537.0,585.1295776367188,16.0,17.765377044677734
test,1717,rule4ml,rule4ml/archive_2/bd5548e90a3ec8de981c3cb0530b5ae2.pt,49710.0,41351.4375,6365.0,15312.51171875,64.0,39.15747833251953,23.0,41.27338790893555,1105.0,517.29150390625,9.0,11.845144271850586
test,1718,rule4ml,rule4ml/archive_2/bd56911d8db491293bb34d2850d4b2d3.pt,121757.0,145115.765625,32634.0,64158.90625,76.0,221.46926879882812,101.5,126.72265625,314.0,457.32574462890625,4.0,8.186051368713379
test,1757,rule4ml,rule4ml/archive_3/1c29f9266b396141408469049d75c8f2.pt,5.0,2009.5948486328125,6.0,143.41403198242188,0.0,0.0,0.0,68.59813690185547,1043.0,292.95281982421875,1.0,0.28307613730430603
test,1759,rule4ml,rule4ml/archive_3/1edc30fd6622623a89f5fda4dd11ebfe.pt,42776.0,76629.453125,45742.0,43905.953125,181.0,79.63306427001953,83.0,41.338233947753906,412.0,550.0551147460938,40.0,19.027408599853516
test,1760,rule4ml,rule4ml/archive_3/21c3a4f2724d539a5b374e7547f9f313.pt,10097.0,41184.9921875,6073.0,18771.994140625,0.0,0.0,14.0,41.557247161865234,159.0,509.97052001953125,8.0,13.236928939819336
test,1761,rule4ml,rule4ml/archive_3/21c90068f0dffca11fa298c7f994dc8e.pt,488012.0,84525.2265625,114667.0,30496.453125,220.0,163.0106201171875,11.5,35.1602783203125,3020.0,405.9488525390625,962.0,8.983986854553223
test,1762,rule4ml,rule4ml/archive_3/25da25e7068fe20631b338579576ad40.pt,216783.0,93129.25,135231.0,46122.1796875,1162.0,117.99180603027344,10.0,46.63447952270508,3033.0,544.1885375976562,978.0,16.014873504638672
test,1763,rule4ml,rule4ml/archive_3/260fafadf39d0ec006d93ca93b77f5a6.pt,31480.0,25485.728515625,2892.0,9934.3798828125,16.0,20.53235626220703,33.0,18.66960334777832,173.0,495.70953369140625,4.0,13.705862998962402
test,1764,rule4ml,rule4ml/archive_3/28b3efaa5e7a4539ed294b76f1972bfd.pt,28350.0,147406.921875,29827.0,76305.2265625,944.0,250.4673614501953,12.0,49.201419830322266,164.0,404.0423583984375,4.0,9.251720428466797
test,1768,rule4ml,rule4ml/archive_3/2d3bf7dd79e86541e033b67df6595805.pt,94256.0,44277.71484375,38429.0,10737.517578125,149.0,86.0983657836914,28.5,24.699920654296875,671.0,381.8609619140625,28.0,10.297786712646484
test,1771,rule4ml,rule4ml/archive_3/32f5263cb2d5718fcffc2cc2a52dbd6b.pt,27280.0,27896.83203125,259.0,2190.053466796875,0.0,0.0,23.5,53.640342712402344,164.0,353.0744934082031,1.0,1.7458910942077637
test,1776,rule4ml,rule4ml/archive_3/3b4a2eeffa1a0bbf553f4a9831fe105a.pt,7796.0,22379.267578125,2721.0,2667.87158203125,0.0,0.0,1.0,29.99302101135254,539.0,337.0769958496094,4.0,3.8159704208374023
test,1786,rule4ml,rule4ml/archive_3/4e566ce04c16e75d4f6d6e76474c2b03.pt,32792.0,17699.888671875,31218.0,13406.232421875,16.0,148.64366149902344,242.0,57.495689392089844,968.0,714.327880859375,32.0,12.410399436950684
test,1791,rule4ml,rule4ml/archive_3/58e6e657e9b7e1346033523402c72911.pt,303018.0,186127.46875,181273.0,101884.09375,220.0,452.10382080078125,197.0,70.47673034667969,685.0,459.3669128417969,8.0,11.010453224182129
test,1812,rule4ml,rule4ml/archive_3/966e50713000ee3b08ff128a6c5274b4.pt,57597.0,7460.060546875,48729.0,6116.0185546875,1024.0,56.3939094543457,4.5,25.847503662109375,3241.0,570.6578979492188,900.0,12.677592277526855
test,1817,rule4ml,rule4ml/archive_3/a1ed438b788ebb7aa9872e6ef999c1f6.pt,21927.0,32732.81640625,11982.0,2854.40869140625,0.0,0.0,9.0,64.51025390625,160.0,308.59906005859375,1.0,0.7991547584533691
test,1822,rule4ml,rule4ml/archive_3/b1358f2811672ae9199bcb77fb6c90b4.pt,39660.0,171892.3125,43817.0,95030.953125,1024.0,357.0320129394531,32.0,47.44867706298828,672.0,512.1433715820312,8.0,15.612269401550293
test,1829,rule4ml,rule4ml/archive_3/c6d0b4fd5343f820c2b660707f83d401.pt,1241.0,1881.92138671875,568.0,128.08599853515625,0.0,0.0,36.5,64.3757553100586,298.0,317.4656066894531,2.0,0.44049447774887085
test,1834,rule4ml,rule4ml/archive_3/cb1e46588ece96ac3c91b7a0958b514a.pt,2189.0,1490.47216796875,804.0,43.395179748535156,0.0,0.0,42.0,35.94004821777344,101.0,177.7103271484375,2.0,1.1008859872817993
test,1839,rule4ml,rule4ml/archive_3/d653309bc56cb162499c966cbd83ea0f.pt,96925.0,120865.4140625,74933.0,62701.6953125,152.0,157.47903442382812,52.5,98.0389633178711,921.0,612.4845581054688,16.0,15.23405647277832
test,1854,rule4ml,rule4ml/archive_4/0738bafc8ad3b680b6474edd42e1f770.pt,85061.0,52760.453125,3372.0,12836.20703125,16.0,95.8761978149414,13.5,66.4986572265625,80.0,356.8075866699219,2.0,2.6382558345794678
test,1858,rule4ml,rule4ml/archive_4/0dc6384344c2510488d9b96d5f4a0119.pt,210380.0,160037.328125,130658.0,73947.515625,300.0,246.93447875976562,186.5,143.76075744628906,1469.0,500.7306213378906,156.0,9.381675720214844
test,1875,rule4ml,rule4ml/archive_4/45b172326f621f3e4360220256d1bb36.pt,303489.0,65186.18359375,42390.0,17765.13671875,0.0,0.0,24.0,59.86674118041992,294.0,266.8081970214844,2.0,2.213888168334961
test,1892,rule4ml,rule4ml/archive_4/69665507dcb361898217e89a5528c662.pt,36552.0,64719.30859375,17630.0,11994.7333984375,256.0,286.02264404296875,28.0,37.570556640625,112.0,252.40582275390625,7.0,3.6577887535095215
test,1893,rule4ml,rule4ml/archive_4/6d921084af61c745a871657370e2e04b.pt,527875.0,201454.078125,186218.0,91564.640625,220.0,480.6962890625,28.0,78.1501693725586,247.0,457.29669189453125,6.0,10.280538558959961
test,1897,rule4ml,rule4ml/archive_4/7995683a142977361077baf936df47da.pt,10275.0,6813.103515625,10300.0,3188.12548828125,0.0,0.0,44.0,46.084774017333984,139.0,299.8123779296875,2.0,2.0522398948669434
test,1898,rule4ml,rule4ml/archive_4/7b51fb383116913efca11f5c6eb5d2d3.pt,73806.0,101253.515625,19597.0,31626.041015625,304.0,150.06031799316406,123.0,119.35116577148438,833.0,448.8543701171875,131.0,7.318640232086182
test,1903,rule4ml,rule4ml/archive_4/93a91b27f1ee47370c6f82a451490fe9.pt,61197.0,163007.765625,35468.0,96470.703125,220.0,307.1537780761719,14.5,73.8751220703125,278.0,544.739990234375,10.0,15.249921798706055
test,1917,rule4ml,rule4ml/archive_4/b2b008a9c8861976b3750110cd50a594.pt,17873.0,24734.541015625,14888.0,13892.865234375,12.0,380.27740478515625,130.5,123.53138732910156,456.0,399.8510437011719,4.0,2.684373617172241
test,1920,rule4ml,rule4ml/archive_4/ba6831d32130cc46375684ccd169a5c1.pt,9053.0,10144.154296875,8079.0,5576.2578125,4.0,134.45008850097656,2.0,26.84292984008789,282.0,370.1675720214844,2.0,2.4898569583892822
test,1924,rule4ml,rule4ml/archive_4/c54b44680120057d74e92cbe9b65068b.pt,116070.0,125344.0703125,58065.0,56825.1015625,16.0,179.7503662109375,16.5,110.42574310302734,824.0,507.6404724121094,8.0,10.081380844116211
test,1925,rule4ml,rule4ml/archive_4/ca02d7a10b3146eaf8c98872094f1492.pt,33743.0,20751.837890625,37215.0,13654.091796875,208.0,252.9346466064453,173.0,74.23641204833984,1636.0,512.9154663085938,32.0,6.475521564483643
test,1936,rule4ml,rule4ml/archive_4/e41facf92ea26a1185ddcd75a697bab5.pt,36774.0,22512.76171875,31977.0,12639.8486328125,160.0,353.96624755859375,233.5,110.55498504638672,892.0,399.49664306640625,64.0,2.855907917022705
test,1947,rule4ml,rule4ml/archive_4/f54618f2acd7fbf62346bc0077ed8f50.pt,16752.0,116595.4765625,14966.0,57633.8984375,712.0,235.1754150390625,18.0,41.45787048339844,207.0,402.8529968261719,4.0,9.15339469909668
test,1948,rule4ml,rule4ml/archive_4/f74ec97ba9d6a34e7e99c60e60d1b19a.pt,59185.0,170051.3125,49891.0,95528.8125,639.0,335.4742126464844,87.5,55.34565353393555,507.0,543.4102783203125,32.0,16.6110782623291
exemplar,0,exemplar,exemplar/archive_1/0273888c-6100-46de-ba53-476666388e81.pt,21988.0,27041.47265625,24276.0,23162.720703125,0.0,0.0,5.0,4.376921653747559,6583.0,1401.55224609375,1296.0,168.95274353027344
exemplar,1,exemplar,exemplar/archive_1/08ceef03-f529-483b-9de4-b4b67e848d56.pt,6595.0,30805.314453125,8049.0,23242.07421875,6.0,12.220870018005371,1.0,7.267734050750732,525.0,1422.7442626953125,192.0,188.71871948242188
exemplar,2,exemplar,exemplar/archive_1/0971e6d6-d73b-4833-aefc-bbae6dc5b505.pt,158971.0,48653.359375,82018.0,26976.01953125,66.0,24.5365047454834,0.0,7.177777290344238,619.0,559.0888671875,92.0,33.9053955078125
exemplar,3,exemplar,exemplar/archive_1/0b264399-9786-4e1d-95f5-b15ae9eef489.pt,7929.0,37773.64453125,8102.0,27156.81640625,3.0,14.419198036193848,4.0,9.18156623840332,502.0,925.964599609375,128.0,64.70286560058594
exemplar,4,exemplar,exemplar/archive_1/0ca740a3-feef-4ee0-91b6-46f493ae36b2.pt,3349.0,30575.986328125,3918.0,23068.41015625,2.0,9.915467262268066,1.0,7.151679039001465,521.0,1154.565673828125,192.0,106.61656188964844
exemplar,5,exemplar,exemplar/archive_1/0e85b020-3749-4e4d-ac93-a44f053ea57b.pt,2913.0,8010.712890625,2764.0,7672.48486328125,3.0,11.548583984375,2.0,5.32328987121582,2631.0,1036.1175537109375,1024.0,83.70471954345703
exemplar,6,exemplar,exemplar/archive_1/1096f607-c024-4e57-a794-4bf4d2886e54.pt,6411.0,75729.609375,1850.0,30096.8828125,421.0,113.9105453491211,1.0,11.926210403442383,25.0,377.71441650390625,1.0,11.251132011413574
exemplar,7,exemplar,exemplar/archive_1/12d641dd-5146-4c9f-911d-cf810823fff7.pt,3133.0,7996.9716796875,2898.0,7661.0771484375,5.0,11.55502986907959,2.0,5.329867839813232,2764.0,1036.2520751953125,1024.0,83.67822265625
exemplar,8,exemplar,exemplar/archive_1/14689274-3866-4b30-b586-c404fc0eb7e3.pt,428.0,1846.95751953125,338.0,366.06695556640625,0.0,0.0,0.0,9.111228942871094,16.0,701.2238159179688,1.0,36.3877067565918
exemplar,9,exemplar,exemplar/archive_1/182f2870-c640-40ba-987d-d85d5a889c32.pt,1011.0,3170.788330078125,223.0,1019.9445190429688,3.0,79.658447265625,0.0,11.365068435668945,28.0,294.55731201171875,1.0,2.0833778381347656
exemplar,10,exemplar,exemplar/archive_1/1c3965f8-aac2-4e66-ae41-f24c4f7586e5.pt,37957.0,99780.71875,9537.0,36034.23046875,2147.0,198.0823974609375,2.0,15.898408889770508,40.0,323.5727844238281,1.0,7.8548126220703125
exemplar,11,exemplar,exemplar/archive_1/1d3a9271-bb21-46f7-a928-48272ce7193f.pt,21678.0,32826.3515625,36597.0,25543.08203125,128.0,10.489752769470215,6.0,8.035876274108887,2905.0,1296.6944580078125,1024.0,132.38287353515625
exemplar,12,exemplar,exemplar/archive_1/206dfc0c-9319-43c0-b4e3-b5bf034ef1bd.pt,5101.0,21821.0859375,1837.0,12755.234375,2.0,7.757405757904053,1.0,5.857122898101807,53.0,849.5932006835938,12.0,56.072914123535156
exemplar,13,exemplar,exemplar/archive_1/247d9155-f7f3-4ed7-92d8-cb8bf564eaeb.pt,640.0,3548.82666015625,7.0,3296.861328125,3.0,10.894573211669922,0.0,5.019811630249023,23.0,971.4261474609375,1.0,85.81065368652344
exemplar,14,exemplar,exemplar/archive_1/250eb325-6f3c-4c11-9d82-2353ec7b3655.pt,3337.0,7866.9921875,4167.0,7542.705078125,5.0,11.84224796295166,2.0,5.3540263175964355,2876.0,1022.5948486328125,1024.0,81.45945739746094
exemplar,15,exemplar,exemplar/archive_1/275c93ce-d31a-4833-97ca-00657c0684ec.pt,10504.0,9511.8564453125,6645.0,3999.334228515625,0.0,0.0,0.0,14.958572387695312,94.0,281.0220947265625,1.0,4.5895891189575195
exemplar,16,exemplar,exemplar/archive_1/2b1ebd37-082b-44ce-80f1-5789f44e794d.pt,38685.0,99780.71875,9433.0,36034.23046875,2126.0,198.0823974609375,2.0,15.898408889770508,40.0,323.5727844238281,1.0,7.8548126220703125
exemplar,17,exemplar,exemplar/archive_1/2db30ca7-c3d9-421a-bd5f-13c2711d4758.pt,25110.0,89147.421875,5955.0,37509.50390625,5.0,97.80528259277344,2.0,24.561283111572266,42.0,366.53985595703125,2.0,8.582849502563477
exemplar,18,exemplar,exemplar/archive_1/30e2c5f7-5a29-4903-8934-750ea19679e8.pt,3367.0,12823.00390625,850.0,1094.88037109375,0.0,0.0,0.0,15.520761489868164,25.0,594.6882934570312,5.0,24.00257110595703
exemplar,19,exemplar,exemplar/archive_1/317b26f4-5f81-4d40-a851-b24c3c44654c.pt,1023.0,3120.6376953125,16.0,982.9478759765625,5.0,85.20342254638672,0.0,12.0792818069458,523.0,298.33172607421875,1.0,1.9490143060684204
exemplar,20,exemplar,exemplar/archive_1/34c6a605-582c-4ac3-a672-21a86b84164d.pt,6439.0,15086.2587890625,5621.0,3619.575927734375,2.0,5.104086875915527,0.0,12.888160705566406,301.0,973.0889282226562,286.0,88.63143157958984
exemplar,21,exemplar,exemplar/archive_1/36213331-74e8-44ed-8da9-e209c6703607.pt,7448.0,30263.998046875,8953.0,23159.451171875,3.0,9.62762451171875,3.0,7.245460033416748,2630.0,1238.788330078125,1024.0,122.99171447753906
exemplar,22,exemplar,exemplar/archive_1/36b4d64d-8c42-4320-adc4-a82339843784.pt,1367.0,7627.0576171875,1337.0,7236.73095703125,2.0,12.750971794128418,0.0,5.278547286987305,520.0,951.4911499023438,192.0,70.04464721679688
exemplar,23,exemplar,exemplar/archive_1/371d50bf-1f3d-4d55-9d2d-9421bc2a01e2.pt,46584.0,215528.546875,21444.0,102443.546875,2108.0,525.5006103515625,2.0,25.720069885253906,43.0,441.122314453125,2.0,14.882278442382812
exemplar,24,exemplar,exemplar/archive_1/37a7c317-89f4-4554-91c5-68afcaf539c1.pt,2829.0,11523.60546875,1085.0,840.6473388671875,0.0,0.0,0.0,17.702577590942383,41.0,857.3909912109375,26.0,54.4019660949707
exemplar,25,exemplar,exemplar/archive_1/38f204fc-3e79-4077-93a0-3892a3ab85d2.pt,59846.0,244664.9375,7409.0,114698.3046875,2278.0,634.5438842773438,2.0,28.852365493774414,533.0,432.74481201171875,2.0,14.258609771728516
exemplar,26,exemplar,exemplar/archive_1/3a3f2dca-5b03-44d4-9918-2282eb4440fb.pt,7192.0,13857.7705078125,4704.0,8177.8896484375,287.0,5.580644607543945,0.0,7.035049915313721,20.0,915.94482421875,2.0,71.42950439453125
exemplar,27,exemplar,exemplar/archive_1/4107d0be-42b6-4158-9f36-c8a56530d5de.pt,26215.0,87771.328125,5721.0,37307.21875,3.0,94.32067108154297,1.0,24.200897216796875,37.0,370.4781494140625,2.0,8.809785842895508
exemplar,28,exemplar,exemplar/archive_1/45c61271-60eb-4ff5-ba6f-246ba575185f.pt,2227.0,4489.625,145.0,347.0037841796875,0.0,0.0,0.0,7.834895610809326,78.0,193.53912353515625,1.0,5.5190534591674805
exemplar,29,exemplar,exemplar/archive_1/46c56634-0933-47cc-9e72-89614aaa7251.pt,3323.0,30785.4609375,3676.0,23192.87109375,2.0,10.004667282104492,2.0,7.192444801330566,329.0,1146.1160888671875,96.0,105.14599609375
exemplar,30,exemplar,exemplar/archive_1/4705b427-e733-41ed-bda3-6cc20c46fb96.pt,9817.0,127263.5859375,5833.0,67434.4453125,422.0,199.26788330078125,1.0,16.87417221069336,29.0,540.9173583984375,2.0,23.322837829589844
exemplar,31,exemplar,exemplar/archive_1/4d39c459-d8e1-4de1-a8de-a7b376d0e510.pt,45414.0,109103.5,17157.0,39951.046875,1970.0,227.82176208496094,7.0,16.239681243896484,283.0,317.1606750488281,5.0,7.801800727844238
exemplar,32,exemplar,exemplar/archive_1/4d551fc6-7a68-4f90-a6b9-4c483baed59e.pt,5013.0,13261.2099609375,4684.0,7382.69970703125,128.0,81.47711181640625,0.0,14.719805717468262,409.0,379.0242919921875,64.0,6.569085121154785
exemplar,33,exemplar,exemplar/archive_1/4d7af3a5-68b9-46b1-9875-78271f4a712b.pt,7489.0,9117.2607421875,7842.0,9124.93359375,128.0,11.673688888549805,2.0,5.644880771636963,3006.0,1086.185791015625,1024.0,90.31722259521484
exemplar,34,exemplar,exemplar/archive_1/4fe50b78-f06b-4441-a458-1445bd2d983a.pt,7423.0,30257.388671875,9003.0,23145.166015625,5.0,9.654422760009766,3.0,7.26816987991333,2760.0,1239.23291015625,1024.0,122.91470336914062
exemplar,35,exemplar,exemplar/archive_1/52c0f586-1dea-422b-84cb-fcc178db7048.pt,7711.0,30257.388671875,9110.0,23145.166015625,5.0,9.654422760009766,3.0,7.26816987991333,2763.0,1239.23291015625,1024.0,122.91470336914062
exemplar,36,exemplar,exemplar/archive_1/568fa7df-b876-4e31-bcb8-7dd7426d9616.pt,3194.0,7996.9716796875,2900.0,7661.0771484375,5.0,11.55502986907959,2.0,5.329867839813232,2765.0,1036.2520751953125,1024.0,83.67826843261719
exemplar,37,exemplar,exemplar/archive_1/6346baef-4016-4baa-95ca-4d01f340d884.pt,3112.0,11458.986328125,1909.0,5952.37353515625,5.0,88.0483627319336,0.0,14.617165565490723,41.0,368.43310546875,3.0,5.646387577056885
exemplar,38,exemplar,exemplar/archive_1/641d2098-53ea-4e20-b11b-636ecfc4de3b.pt,5034.0,12232.23828125,1683.0,5242.08251953125,0.0,0.0,0.0,8.316001892089844,19.0,778.6547241210938,2.0,44.37884521484375
exemplar,39,exemplar,exemplar/archive_1/64239147-5c4d-4f1c-b543-1bb26a6df2a6.pt,842.0,9561.9755859375,677.0,5466.15673828125,2.0,56.195594787597656,0.0,10.985063552856445,24.0,415.6968994140625,1.0,7.075307369232178
exemplar,40,exemplar,exemplar/archive_1/67c490e4-5293-4931-a67a-efe1c2b8a712.pt,32622.0,92152.0234375,27846.0,40184.4453125,128.0,100.0155029296875,4.0,25.560728073120117,310.0,380.27142333984375,9.0,9.156522750854492
exemplar,41,exemplar,exemplar/archive_1/6f78ee34-8249-459a-900a-d8aee5f203ad.pt,44213.0,215528.546875,10168.0,102443.546875,2107.0,525.5006103515625,2.0,25.720069885253906,36.0,441.122314453125,1.0,14.882271766662598
exemplar,42,exemplar,exemplar/archive_1/733d4346-c1e0-45cc-841d-62a798bbe60a.pt,56989.0,26331.17578125,55082.0,18551.4609375,149.0,12.096118927001953,4.0,5.835291385650635,693.0,975.2930908203125,98.0,84.03587341308594
exemplar,43,exemplar,exemplar/archive_1/74923cb9-abeb-4329-bb34-2e0714e33867.pt,7563.0,62082.6953125,2302.0,29249.17578125,2.0,46.89215850830078,1.0,18.10725212097168,26.0,444.2987060546875,2.0,13.311814308166504
exemplar,44,exemplar,exemplar/archive_1/7ad022f0-031e-4928-8967-2a10e6ead5a5.pt,22907.0,45472.06640625,800.0,11952.001953125,3.0,48.11432647705078,1.0,20.413061141967773,28.0,324.7481994628906,1.0,5.7534356117248535
exemplar,45,exemplar,exemplar/archive_1/7ecb5102-3313-4c41-9586-c1ad1fd36c66.pt,109778.0,132982.75,29872.0,19314.880859375,5853.0,1705.68212890625,0.0,0.0,90.0,47.97016525268555,1.0,0.32526999711990356
exemplar,46,exemplar,exemplar/archive_1/7f402bb4-51cf-485d-bc52-6ee172ca14fa.pt,5895.0,31054.275390625,6753.0,23420.08203125,8.0,12.373601913452148,2.0,7.3166728019714355,328.0,1411.2840576171875,96.0,185.54190063476562
exemplar,47,exemplar,exemplar/archive_1/8317cf35-eefa-4791-bcf7-f4065665fd13.pt,5111.0,12232.23828125,1702.0,5242.08251953125,0.0,0.0,0.0,8.316001892089844,19.0,778.6547241210938,2.0,44.37884521484375
exemplar,48,exemplar,exemplar/archive_1/840fcf94-ccfc-43d8-b7c2-d33799fa8aa8.pt,3334.0,7866.9921875,4118.0,7542.705078125,5.0,11.842245101928711,2.0,5.3540263175964355,2876.0,1022.5948486328125,1024.0,81.45945739746094
exemplar,49,exemplar,exemplar/archive_1/84384e9c-dbd4-42f2-9768-d6071fed7642.pt,45548.0,19246.052734375,35581.0,16537.583984375,9.0,6.126373291015625,2.0,5.793488025665283,2171.0,1453.4366455078125,2143.0,214.2890625
exemplar,50,exemplar,exemplar/archive_1/85e17655-4ec7-4dde-bbe4-d48bacfaa343.pt,36.0,1342.9005126953125,1.0,21.16317367553711,0.0,0.0,0.0,16.91408348083496,13.0,378.9090576171875,1.0,8.927295684814453
exemplar,51,exemplar,exemplar/archive_1/86a7fb3e-bc83-41fa-894f-d57ab0a037c1.pt,7222.0,57519.7421875,4720.0,20585.076171875,282.0,98.57110595703125,0.0,23.665035247802734,20.0,378.46112060546875,2.0,9.970083236694336
exemplar,52,exemplar,exemplar/archive_1/8c5001d5-58f2-49e9-a6bb-2ae23830866f.pt,25884.0,23257.171875,14460.0,13538.0361328125,128.0,8.47046947479248,6.0,6.805131912231445,292.0,845.627685546875,12.0,53.491241455078125
exemplar,53,exemplar,exemplar/archive_1/8d2bea12-85c5-4b4c-802c-3390a356a35e.pt,9199.0,8446.380859375,7911.0,6530.8828125,0.0,0.0,3.0,6.14243221282959,821.0,680.7964477539062,144.0,36.44255065917969
exemplar,54,exemplar,exemplar/archive_1/8e75be00-7e3e-4f3d-8aa1-3e913ec040ec.pt,46262.0,109103.5,28091.0,39951.046875,1998.0,227.82176208496094,4.0,16.239681243896484,305.0,317.1606750488281,9.0,7.801800727844238
exemplar,55,exemplar,exemplar/archive_1/90c22023-a457-4031-8dcc-74aa8742c717.pt,91.0,1342.901123046875,1.0,21.16317367553711,0.0,0.0,0.0,16.91408348083496,13.0,378.9090576171875,1.0,8.927295684814453
exemplar,56,exemplar,exemplar/archive_1/933de88a-1fe8-4497-b8cf-66fe9146b0e0.pt,10507.0,9511.8564453125,6645.0,3999.334228515625,0.0,0.0,0.0,14.958572387695312,94.0,281.0220947265625,1.0,4.5895891189575195
exemplar,57,exemplar,exemplar/archive_1/93c8fe85-cd4d-4b53-a93f-688a737d92ef.pt,2795.0,11523.60546875,771.0,840.6473388671875,0.0,0.0,0.0,17.702577590942383,33.0,857.3909912109375,21.0,54.4019660949707
exemplar,58,exemplar,exemplar/archive_1/93f027a8-36c7-4159-b997-fa581ea23d40.pt,55888.0,24209.49609375,34051.0,16904.76171875,27.0,10.926056861877441,2.0,5.54221773147583,408.0,960.72509765625,103.0,83.60481262207031
exemplar,59,exemplar,exemplar/archive_1/94394a1c-cebb-41b5-97ba-053c2cbb4444.pt,6967.0,9686.4541015625,7374.0,9070.9599609375,128.0,16.56254768371582,0.0,6.392515182495117,958.0,829.9712524414062,128.0,47.08722686767578
exemplar,60,exemplar,exemplar/archive_1/9748b154-4100-4641-a2d4-c9e8328e837d.pt,24744.0,48991.39453125,19067.0,12725.0029296875,128.0,51.71751403808594,4.0,21.438705444335938,306.0,321.8205871582031,9.0,5.60453987121582
exemplar,61,exemplar,exemplar/archive_1/990eb8b7-92c6-40ca-b679-e3cbaa3024b6.pt,16360.0,31196.107421875,28255.0,23548.484375,10.0,12.446894645690918,3.0,7.3645710945129395,2872.0,1418.77490234375,1024.0,187.90826416015625
exemplar,62,exemplar,exemplar/archive_1/9a9a9339-a608-467c-91a9-1a3f6a783e95.pt,62820.0,25961.18359375,2597.0,8825.2919921875,0.0,0.0,0.0,7.798829555511475,82.0,506.18927001953125,1.0,21.47011947631836
exemplar,63,exemplar,exemplar/archive_1/9bce92a8-b4b7-42eb-a5e4-15f5d4f3c872.pt,11925.0,44110.09375,15471.0,32496.205078125,26.0,22.627700805664062,6.0,9.736414909362793,584.0,1155.17138671875,160.0,117.08956909179688
exemplar,64,exemplar,exemplar/archive_1/9c3ee7e5-a98f-4ec9-9b34-0d1baaa3da26.pt,39506.0,33767.80859375,64013.0,26474.328125,133.0,13.73621940612793,7.0,8.198162078857422,2909.0,1486.0281982421875,1024.0,205.42201232910156
exemplar,65,exemplar,exemplar/archive_1/9c51cef1-e8be-4066-85b1-e69bbe003acc.pt,62726.0,48912.49609375,2597.0,4955.7841796875,0.0,0.0,0.0,0.0,82.0,186.61251831054688,1.0,0.8004369735717773
exemplar,66,exemplar,exemplar/archive_1/a2d0b7bd-e241-47cf-9b48-c8d5b31a4dfb.pt,52808.0,24173.205078125,30535.0,16880.642578125,24.0,10.88593864440918,1.0,5.528314590454102,401.0,960.1171875,101.0,83.54193878173828
exemplar,67,exemplar,exemplar/archive_1/a7ab27fb-bd8e-4dfb-bc4f-fc37b71e548c.pt,2769.0,11385.1689453125,1763.0,5979.5576171875,3.0,86.10750579833984,0.0,14.407934188842773,35.0,370.9893493652344,2.0,5.762664794921875
exemplar,68,exemplar,exemplar/archive_1/a7fcc3e0-563d-4404-9467-f86818191469.pt,10528.0,9511.8564453125,6645.0,3999.334228515625,0.0,0.0,0.0,14.958572387695312,94.0,281.0220947265625,1.0,4.5895891189575195
exemplar,69,exemplar,exemplar/archive_1/a84153c9-baad-493e-b043-331117736a38.pt,26154.0,23257.171875,11148.0,13538.048828125,128.0,8.470471382141113,7.0,6.805131912231445,285.0,845.627685546875,5.0,53.49125289916992
exemplar,70,exemplar,exemplar/archive_1/ab107bcf-9e12-42e0-9b1a-bf08d137f970.pt,61095.0,20448.61328125,5272.0,9205.302734375,0.0,0.0,0.0,5.4365739822387695,98.0,874.9647216796875,19.0,75.97297668457031
exemplar,71,exemplar,exemplar/archive_1/af019597-795a-45fb-af20-0492e247f185.pt,7535.0,13857.7705078125,3360.0,8177.8896484375,281.0,5.580644130706787,0.0,7.035048007965088,15.0,915.94482421875,1.0,71.42950439453125
exemplar,72,exemplar,exemplar/archive_1/b19f2e4b-4590-4abd-a767-7530be27f889.pt,27733.0,89147.421875,5435.0,37509.50390625,5.0,97.80528259277344,2.0,24.561283111572266,36.0,366.53985595703125,1.0,8.582849502563477
exemplar,73,exemplar,exemplar/archive_1/b43c3d48-b63e-4826-8f80-4f21daca2b4f.pt,2911.0,12050.138671875,2758.0,6438.63671875,5.0,94.15277862548828,14.0,15.352965354919434,537.0,364.5137023925781,3.0,5.837283134460449
exemplar,74,exemplar,exemplar/archive_1/b656d259-da97-4fd2-982a-eae002500fb2.pt,2806.0,8690.84765625,2566.0,7575.2353515625,3.0,17.142560958862305,1.0,6.232552528381348,502.0,746.6683959960938,128.0,40.22655487060547
exemplar,75,exemplar,exemplar/archive_1/b85933b6-f63c-4af0-aa76-bbf3f5b74598.pt,64713.0,19172.369140625,48949.0,16545.677734375,10.0,6.144925594329834,2.0,6.012959957122803,2239.0,1457.7261962890625,1715.0,216.6843719482422
exemplar,76,exemplar,exemplar/archive_1/bb07fdf6-0145-43fa-b254-ae7790bd0390.pt,5228.0,38707.265625,897.0,11108.4228515625,2.0,32.7681770324707,1.0,15.312195777893066,24.0,366.31591796875,1.0,8.127564430236816
exemplar,77,exemplar,exemplar/archive_1/bfc05050-5933-4357-afc0-782c3c9871d3.pt,72372.0,33457.7578125,37872.0,23807.86328125,32.0,16.90001678466797,2.0,7.943685531616211,881.0,895.2173461914062,102.0,65.11819458007812
exemplar,78,exemplar,exemplar/archive_1/c50b7d06-2743-447e-8d30-7d44ffd86fa1.pt,6127.0,38707.265625,771.0,11108.4228515625,2.0,32.7681770324707,1.0,15.312195777893066,24.0,366.31591796875,1.0,8.127564430236816
exemplar,79,exemplar,exemplar/archive_1/c50bdf2e-0abe-43fc-8139-06cf5e73816b.pt,1357.0,7369.39599609375,1278.0,6981.06494140625,2.0,13.502971649169922,0.0,5.2905426025390625,329.0,917.333251953125,96.0,64.78863525390625
exemplar,80,exemplar,exemplar/archive_1/c547deb4-f314-4e7d-9e7b-88bda5d6f7ff.pt,4920.0,47356.1171875,63.0,8051.17236328125,275.0,209.55616760253906,0.0,25.055797576904297,14.0,223.3018035888672,1.0,3.5554921627044678
exemplar,81,exemplar,exemplar/archive_1/c554422a-7e7f-40d8-88a4-8c54a0a92d59.pt,3337.0,7866.9921875,4118.0,7542.705078125,5.0,11.842245101928711,2.0,5.3540263175964355,2876.0,1022.5948486328125,1024.0,81.45945739746094
exemplar,82,exemplar,exemplar/archive_1/c76f45c1-2e16-422b-b87f-0befcb5d1cc0.pt,33986.0,98168.75,1592.0,35518.68359375,2019.0,192.3135986328125,1.0,15.765597343444824,28.0,326.0897216796875,1.0,7.944399833679199
exemplar,83,exemplar,exemplar/archive_1/cc933a28-ea40-4c6e-94eb-19bb770284e0.pt,14151.0,30896.49609375,17032.0,23341.5234375,9.0,12.262967109680176,3.0,7.297514915466309,2760.0,1432.2620849609375,1024.0,191.76296997070312
exemplar,84,exemplar,exemplar/archive_1/d2f9b92b-36b8-4913-bf89-d73b70e688b6.pt,74.0,1372.001220703125,1.0,49.76320266723633,0.0,0.0,0.0,28.677677154541016,13.0,384.93646240234375,1.0,2.1602225303649902
exemplar,85,exemplar,exemplar/archive_1/d555c2bc-0669-45e4-91b5-39d9ebf234a6.pt,76.0,3863.94482421875,5.0,3355.82421875,2.0,12.421927452087402,0.0,4.885156631469727,15.0,856.9183959960938,1.0,66.19031524658203
exemplar,86,exemplar,exemplar/archive_1/d624f608-06d4-4b6b-b0a4-1fd09b11f9a5.pt,57420.0,20448.61328125,8222.0,9205.302734375,0.0,0.0,0.0,5.4365739822387695,96.0,874.9647216796875,17.0,75.97297668457031
exemplar,87,exemplar,exemplar/archive_1/dcec6b57-a6cd-442a-b467-1dd0d8a02ccf.pt,60408.0,244664.9375,27260.0,114698.3046875,2300.0,634.5444946289062,2.0,28.852378845214844,540.0,432.74481201171875,3.0,14.258609771728516
exemplar,88,exemplar,exemplar/archive_1/dd09668d-3c30-4aad-9f96-919ce4bedbf0.pt,52892.0,24173.205078125,32809.0,16880.642578125,24.0,10.88593864440918,1.0,5.528313636779785,397.0,960.1171875,99.0,83.54193878173828
exemplar,89,exemplar,exemplar/archive_1/e0877d2d-c62b-4796-be5f-96c63aefb754.pt,9596.0,127263.5859375,4242.0,67434.4453125,423.0,199.26788330078125,1.0,16.874176025390625,24.0,540.9173583984375,1.0,23.322837829589844
exemplar,90,exemplar,exemplar/archive_1/e3f6f73c-985e-45e2-8dfd-c8eeaf9b40da.pt,85.0,3302.2216796875,5.0,1971.945068359375,2.0,18.319198608398438,0.0,4.888250350952148,15.0,528.113525390625,1.0,25.650238037109375
exemplar,91,exemplar,exemplar/archive_1/e6a82969-b2e7-4bf3-ba16-00307a537ca0.pt,6445.0,31054.275390625,7587.0,23420.08203125,8.0,12.373601913452148,2.0,7.3166728019714355,333.0,1411.2840576171875,96.0,185.54190063476562
exemplar,92,exemplar,exemplar/archive_1/e78a5e99-9c04-4b9b-be44-a1b0d34a316b.pt,32764.0,92152.0234375,28186.0,40184.4453125,128.0,100.0155029296875,4.0,25.560728073120117,309.0,380.27142333984375,9.0,9.156522750854492
exemplar,93,exemplar,exemplar/archive_1/e7919f10-29bd-4777-b4cc-29dbe353cd1c.pt,35600.0,99780.71875,1624.0,36034.23046875,2091.0,198.0823974609375,2.0,15.898408889770508,32.0,323.5727844238281,1.0,7.854816913604736
exemplar,94,exemplar,exemplar/archive_1/e8403995-eed4-4ab2-bad9-4ab7a8a95220.pt,9741.0,30449.8359375,14518.0,23260.14453125,5.0,9.73245620727539,3.0,7.311220169067383,2872.0,1223.119140625,1024.0,119.8710708618164
exemplar,95,exemplar,exemplar/archive_1/e87f94ad-6357-4f1e-8148-702cc5865918.pt,738.0,3548.82666015625,7.0,3296.861328125,3.0,10.894573211669922,0.0,5.019811630249023,23.0,971.4261474609375,1.0,85.81065368652344
exemplar,96,exemplar,exemplar/archive_1/e89c3f49-0a65-47bb-8ace-4c65db6d108b.pt,21260.0,27041.47265625,23944.0,23162.720703125,0.0,0.0,5.0,4.376921653747559,6581.0,1401.55224609375,1296.0,168.95274353027344
exemplar,97,exemplar,exemplar/archive_1/e9e2bcad-ffaa-477a-93b0-5d0493070787.pt,15128.0,30896.49609375,18973.0,23341.5234375,9.0,12.262967109680176,4.0,7.297516822814941,2767.0,1432.2620849609375,1024.0,191.7630615234375
exemplar,98,exemplar,exemplar/archive_1/f47f94f0-87d1-4681-9dcc-02c2cb74fd5a.pt,2236.0,4489.625,145.0,347.0037841796875,0.0,0.0,0.0,7.834895610809326,78.0,193.53912353515625,1.0,5.5190534591674805
exemplar,99,exemplar,exemplar/archive_1/f7965c2f-28df-4155-9306-bfef8953a6be.pt,3057.0,8010.712890625,2828.0,7672.48486328125,3.0,11.548583984375,2.0,5.3232903480529785,2630.0,1036.1175537109375,1024.0,83.70471954345703
exemplar,100,exemplar,exemplar/archive_2/01525b57-2df4-49a4-8b44-6082bf153f1c.pt,8073.0,13424.46484375,3359.0,8085.7099609375,267.0,4.951566696166992,0.0,6.792341232299805,15.0,992.0936889648438,1.0,84.7940444946289
exemplar,101,exemplar,exemplar/archive_2/01f697c6-b10b-4565-8590-f81514e880c9.pt,2904.0,11983.013671875,2680.0,6381.3857421875,5.0,94.77056884765625,14.0,15.417791366577148,537.0,362.95556640625,3.0,5.660569190979004
exemplar,102,exemplar,exemplar/archive_2/0551c9ea-59f7-4e4a-87c0-37df99b26573.pt,21176.0,32612.1640625,32593.0,25444.1015625,128.0,10.407448768615723,8.0,8.0416898727417,2889.0,1295.13427734375,1024.0,131.7955322265625
exemplar,103,exemplar,exemplar/archive_2/05f0ccd2-98cf-4535-93c2-1d3e77a9b07c.pt,24862.0,34743.91796875,22177.0,23134.705078125,0.0,0.0,6.0,7.595757007598877,821.0,713.8529052734375,144.0,41.34531021118164
exemplar,104,exemplar,exemplar/archive_2/0755003d-fac1-4914-9051-bc9a85e03624.pt,9525.0,19082.36328125,7874.0,16407.111328125,6.0,6.056392669677734,1.0,5.801094055175781,438.0,1443.2684326171875,422.0,210.3216094970703
exemplar,105,exemplar,exemplar/archive_2/085e0d62-34ae-4f6e-8eaf-6c9695beccbf.pt,717.0,3487.17529296875,83.0,3227.58642578125,3.0,10.734631538391113,0.0,5.074476718902588,26.0,977.60302734375,1.0,86.12179565429688
exemplar,106,exemplar,exemplar/archive_2/08899062-2fac-4cd8-8c35-4678076c0341.pt,9984.0,22895.82421875,6970.0,16288.6484375,8.0,9.63840103149414,1.0,5.150668144226074,275.0,1018.8604736328125,84.0,97.09370422363281
exemplar,107,exemplar,exemplar/archive_2/118ec27f-9c9b-4bde-83fa-26ff090691b8.pt,22404.0,19803.724609375,3219.0,17323.685546875,3.0,5.458902835845947,1.0,5.9883809089660645,69.0,1324.16845703125,45.0,143.75660705566406
exemplar,108,exemplar,exemplar/archive_2/121c5201-0714-4c8a-b636-a8f195ba5a03.pt,10823.0,30227.248046875,14535.0,23148.255859375,5.0,9.65462875366211,3.0,7.3214945793151855,2875.0,1222.42529296875,1024.0,119.38089752197266
exemplar,109,exemplar,exemplar/archive_2/18aa6349-af5a-4ca3-83cd-47dc55381cf4.pt,42742.0,25760.619140625,44659.0,20962.611328125,6.0,7.652475833892822,2.0,3.958463430404663,6581.0,1632.687255859375,1296.0,268.07989501953125
exemplar,110,exemplar,exemplar/archive_2/1c92271f-850d-4e3c-968f-1dead1ccdaa5.pt,3301.0,30350.16015625,3878.0,22946.912109375,2.0,9.838935852050781,1.0,7.155298709869385,520.0,1151.146240234375,192.0,105.68380737304688
exemplar,111,exemplar,exemplar/archive_2/1d7221e2-8d8e-4e81-b2e3-b52c9202ec83.pt,26374.0,86926.640625,5371.0,36858.92578125,3.0,92.73333740234375,1.0,24.165292739868164,32.0,368.28253173828125,1.0,8.664024353027344
exemplar,112,exemplar,exemplar/archive_2/1fb9d731-44fe-4908-bcb5-265067f24c3e.pt,138432.0,278704.375,31416.0,104630.296875,5833.0,1064.0150146484375,0.0,0.0,95.0,200.72314453125,2.0,7.160116195678711
exemplar,113,exemplar,exemplar/archive_2/1feebb8f-df74-4410-90ca-979c51199bfe.pt,5391.0,30455.876953125,7192.0,22999.49609375,6.0,12.03420639038086,1.0,7.288475036621094,520.0,1419.9451904296875,192.0,187.52285766601562
exemplar,114,exemplar,exemplar/archive_2/205c6f44-b54e-4065-8e6d-b654978246be.pt,383.0,2786.30322265625,281.0,564.6456909179688,0.0,0.0,0.0,24.26355743408203,18.0,393.4473571777344,1.0,4.609259128570557
exemplar,115,exemplar,exemplar/archive_2/249c5897-9354-48ad-b5a5-0cac1690c152.pt,981.0,3378.96240234375,86.0,3120.86083984375,5.0,10.642406463623047,0.0,5.2141032218933105,528.0,998.4142456054688,1.0,88.5591049194336
exemplar,116,exemplar,exemplar/archive_2/2ab1a76c-9907-4d18-bf5d-09fe5d1a4db6.pt,5991.0,38201.25,640.0,10932.640625,2.0,32.89659881591797,1.0,15.409804344177246,23.0,363.5801696777344,1.0,7.951260566711426
exemplar,117,exemplar,exemplar/archive_2/2fa8fb20-8946-461e-9867-f56d2b13bcff.pt,6967.0,9653.31640625,7374.0,9026.091796875,128.0,16.451208114624023,0.0,6.41672945022583,958.0,824.8211669921875,128.0,46.66361999511719
exemplar,118,exemplar,exemplar/archive_2/359b58b7-0326-4a93-956a-4b2eaa583f53.pt,4627.0,12143.591796875,1647.0,5322.734375,0.0,0.0,0.0,8.050398826599121,20.0,844.3267211914062,2.0,53.155494689941406
exemplar,119,exemplar,exemplar/archive_2/3748ff96-bb56-46fe-8e84-6d00af316083.pt,127.0,3796.53125,35.0,3281.263916015625,2.0,12.2913236618042,0.0,4.933228969573975,17.0,858.1497802734375,1.0,65.79222869873047
exemplar,120,exemplar,exemplar/archive_2/375a3000-6499-4100-b3f4-ed7ccfa6efa9.pt,21623.0,21552.580078125,1838.0,12448.642578125,3.0,7.956696033477783,1.0,6.452906131744385,42.0,835.1925659179688,12.0,52.4998779296875
exemplar,121,exemplar,exemplar/archive_2/3c4f0518-cd12-4c04-a710-7ac6af24b36b.pt,20483.0,48686.82421875,28917.0,34621.40234375,31.0,28.034408569335938,5.0,10.479597091674805,1087.0,1021.448974609375,160.0,90.20294952392578
exemplar,122,exemplar,exemplar/archive_2/3c5398da-d7cf-47aa-97b4-bd7c74fcb34c.pt,2913.0,7989.8583984375,2764.0,7646.84130859375,3.0,11.42049503326416,2.0,5.355828285217285,2631.0,1037.5010986328125,1024.0,83.61425018310547
exemplar,123,exemplar,exemplar/archive_2/4090a3d7-2624-4487-bc49-3a11e7cb7c9c.pt,24753.0,21311.67578125,21240.0,18865.755859375,128.0,5.778921127319336,4.0,6.321685314178467,315.0,1315.12548828125,52.0,140.42234802246094
exemplar,124,exemplar,exemplar/archive_2/431255d8-05e7-48b2-8e7e-f16b51ca6522.pt,45063.0,25760.619140625,44698.0,20962.630859375,6.0,7.652475833892822,3.0,3.958463430404663,6581.0,1632.687255859375,1296.0,268.07989501953125
exemplar,125,exemplar,exemplar/archive_2/49637ef4-da70-4343-b00b-3e757a368528.pt,7430.0,55108.53515625,3359.0,19740.7421875,293.0,89.8542709350586,0.0,24.466001510620117,16.0,384.810791015625,1.0,10.32575798034668
exemplar,126,exemplar,exemplar/archive_2/49a75271-725b-4791-bf1f-7d5927b40ac3.pt,7388.0,13424.46484375,4159.0,8085.7099609375,291.0,4.951566696166992,0.0,6.792341232299805,20.0,992.0936889648438,2.0,84.79408264160156
exemplar,127,exemplar,exemplar/archive_2/4ae47494-a6f6-48d1-87e7-ebfcc0ae914c.pt,6113.0,14646.9033203125,5607.0,3140.66259765625,2.0,4.749732971191406,0.0,13.507862091064453,309.0,1015.5991821289062,296.0,95.52244567871094
exemplar,128,exemplar,exemplar/archive_2/51118e02-295c-4b79-937d-7dbad6a2c0d2.pt,24112.0,45499.265625,816.0,11860.373046875,5.0,49.1207160949707,2.0,20.822551727294922,32.0,322.5689697265625,1.0,5.537391185760498
exemplar,129,exemplar,exemplar/archive_2/581844f6-d44a-43db-be68-0b45f3b7344d.pt,483.0,1776.2574462890625,376.0,323.9593200683594,0.0,0.0,0.0,9.412798881530762,15.0,752.0640869140625,1.0,42.663639068603516
exemplar,130,exemplar,exemplar/archive_2/5983ca74-e282-412a-b2f0-489327a9ccea.pt,1723.0,3355.212646484375,800.0,1097.791748046875,107.0,84.09867095947266,0.0,11.826333045959473,270.0,298.36712646484375,1.0,2.0519487857818604
exemplar,131,exemplar,exemplar/archive_2/5b16206e-bc49-4eb0-8532-21e989df898d.pt,33728.0,91337.0078125,28029.0,39739.875,128.0,98.4978256225586,4.0,25.519996643066406,310.0,378.0918273925781,9.0,9.013197898864746
exemplar,132,exemplar,exemplar/archive_2/5f97c105-e8db-4856-99c8-6f244035d9f6.pt,24869.0,26769.78515625,3028.0,15044.0166015625,5.0,10.532044410705566,2.0,8.881155014038086,552.0,765.7774658203125,11.0,41.02119827270508
exemplar,133,exemplar,exemplar/archive_2/6452b03d-2f7b-488d-90ed-e4c45432f442.pt,24520.0,34743.91796875,22669.0,23134.705078125,0.0,0.0,6.0,7.595757007598877,823.0,713.8529052734375,144.0,41.34531021118164
exemplar,134,exemplar,exemplar/archive_2/64bda8fc-695e-49c2-8e02-09ed011f9f98.pt,7253.0,55108.53515625,4651.0,19740.7421875,282.0,89.85423278808594,0.0,24.465988159179688,20.0,384.810791015625,2.0,10.32575798034668
exemplar,135,exemplar,exemplar/archive_2/653010fa-d67d-4455-a52a-5586456f6387.pt,22165.0,21552.580078125,1876.0,12448.642578125,3.0,7.956696033477783,1.0,6.452906131744385,42.0,835.1925659179688,11.0,52.499900817871094
exemplar,136,exemplar,exemplar/archive_2/65f2dd57-ee52-4db0-87b2-6b1d5c5edfc4.pt,122.0,3356.265869140625,44.0,1166.074951171875,2.0,57.23957824707031,0.0,9.02332592010498,18.0,296.4396667480469,1.0,2.880258321762085
exemplar,137,exemplar,exemplar/archive_2/6feffc6b-567e-4b36-bad3-e4c57ab9cec2.pt,414.0,1776.256591796875,338.0,323.9593200683594,0.0,0.0,0.0,9.412798881530762,18.0,752.0640869140625,1.0,42.663639068603516
exemplar,138,exemplar,exemplar/archive_2/71fc7a21-01aa-4f22-8f37-e9b5e3e23654.pt,1017.0,2713.3173828125,24.0,1569.4111328125,5.0,18.742435455322266,0.0,5.343138217926025,27.0,522.1534423828125,1.0,24.459335327148438
exemplar,139,exemplar,exemplar/archive_2/71ff4609-1463-4d28-9ef0-cef1641b5731.pt,64296.0,18998.068359375,45559.0,16434.095703125,10.0,6.1084980964660645,2.0,6.065773963928223,2215.0,1452.619140625,1692.0,214.61546325683594
exemplar,140,exemplar,exemplar/archive_2/720c1054-ed10-46fc-86fc-9d4dc4b5fc1d.pt,6311.0,14646.9033203125,5375.0,3140.66259765625,2.0,4.749732971191406,0.0,13.507862091064453,298.0,1015.5991821289062,285.0,95.52244567871094
exemplar,141,exemplar,exemplar/archive_2/753db279-3897-4e89-a08d-a46c207dc829.pt,60890.0,27775.0078125,7075.0,8689.2734375,0.0,0.0,0.0,8.640484809875488,93.0,439.8060302734375,2.0,18.688526153564453
exemplar,142,exemplar,exemplar/archive_2/7b0a48f6-26f7-4734-8ff2-b2389721cf8b.pt,64315.0,18998.068359375,48353.0,16434.095703125,10.0,6.1084980964660645,2.0,6.065773010253906,2241.0,1452.619140625,1717.0,214.61546325683594
exemplar,143,exemplar,exemplar/archive_2/7eb90940-c8fc-46eb-b334-63c1540139b5.pt,49.0,1249.1903076171875,1.0,40.984413146972656,0.0,0.0,0.0,30.254667282104492,13.0,393.9321594238281,1.0,2.2864763736724854
exemplar,144,exemplar,exemplar/archive_2/88525790-1f2d-4b08-abd1-87d93fbfa721.pt,7423.0,30036.4921875,9003.0,23035.16796875,5.0,9.576178550720215,3.0,7.2780280113220215,2760.0,1239.4742431640625,1024.0,122.5718765258789
exemplar,145,exemplar,exemplar/archive_2/88562b99-cdec-44f1-a048-2808b2e91b5d.pt,3337.0,7844.4091796875,4118.0,7515.3876953125,5.0,11.714677810668945,2.0,5.387310028076172,2877.0,1023.651611328125,1024.0,81.3184585571289
exemplar,146,exemplar,exemplar/archive_2/8858c4d4-cdcf-46ad-8093-195db8550140.pt,26082.0,19590.546875,2632.0,17300.94921875,5.0,5.4408440589904785,2.0,6.181271553039551,564.0,1322.40283203125,40.0,143.05873107910156
exemplar,147,exemplar,exemplar/archive_2/8fb92d64-ae75-49a3-83d4-b20cc8facacb.pt,14150.0,30553.5703125,17032.0,23105.576171875,9.0,12.077311515808105,3.0,7.3205461502075195,2760.0,1430.295166015625,1024.0,190.82330322265625
exemplar,148,exemplar,exemplar/archive_2/8fc296f2-d676-4db0-8fca-4aad1c0f9562.pt,7448.0,30041.134765625,8953.0,23047.671875,3.0,9.548928260803223,3.0,7.254411697387695,2630.0,1238.8131103515625,1024.0,122.60588073730469
exemplar,149,exemplar,exemplar/archive_2/92338979-551d-417d-b540-907ba3e43cdf.pt,29043.0,48686.82421875,37083.0,34621.40234375,31.0,28.034408569335938,5.0,10.479597091674805,1087.0,1021.448974609375,160.0,90.20294952392578
exemplar,150,exemplar,exemplar/archive_2/9313be69-b1d3-4511-8970-154a74b6e9a1.pt,2114.0,3887.99609375,145.0,377.81915283203125,0.0,0.0,0.0,0.0,78.0,258.3182067871094,1.0,1.3368881940841675
exemplar,151,exemplar,exemplar/archive_2/9484c0eb-623f-4785-b182-7fa5cc18e87e.pt,13661.0,30553.5703125,17018.0,23105.576171875,9.0,12.077311515808105,3.0,7.3205461502075195,2760.0,1430.295166015625,1024.0,190.82330322265625
exemplar,152,exemplar,exemplar/archive_2/9847d2cf-f15c-4505-8b8d-f64ac3998050.pt,24672.0,86926.640625,5377.0,36858.92578125,3.0,92.73333740234375,1.0,24.165292739868164,32.0,368.28253173828125,1.0,8.664024353027344
exemplar,153,exemplar,exemplar/archive_2/991f13af-b7f2-4986-8d9a-67446552fda3.pt,4933.0,20088.20703125,1767.0,16919.29296875,2.0,5.821568012237549,1.0,5.865942001342773,80.0,1210.150634765625,65.0,119.81195068359375
exemplar,154,exemplar,exemplar/archive_2/9bf554fc-02eb-4516-9e17-0417c78bcfc4.pt,825.0,3490.776611328125,132.0,3233.466552734375,5.0,10.741639137268066,0.0,5.077268123626709,32.0,978.695556640625,1.0,86.32650756835938
exemplar,155,exemplar,exemplar/archive_2/9e988320-f57a-4fd9-9af6-e0dd6526b45f.pt,3337.0,7844.4091796875,4118.0,7515.3876953125,5.0,11.714677810668945,2.0,5.387309551239014,2877.0,1023.651611328125,1024.0,81.3184585571289
exemplar,156,exemplar,exemplar/archive_2/a191dd12-d602-4bc6-aaf3-c8cb908fd702.pt,26532.0,23048.419921875,19612.0,13380.505859375,128.0,8.448646545410156,4.0,6.857592582702637,309.0,841.1347045898438,9.0,52.68724822998047
exemplar,157,exemplar,exemplar/archive_2/a1fe7c8f-9a29-4f21-ae4d-1839cca18741.pt,141209.0,33647.515625,87556.0,24125.8984375,12.0,10.744363784790039,0.0,4.761980056762695,3055.0,785.5696411132812,2976.0,103.22634887695312
exemplar,158,exemplar,exemplar/archive_2/aa61c13f-4b69-4075-914c-dd0ce3023d0a.pt,2010.0,3785.48681640625,1245.0,3499.582275390625,114.0,11.529975891113281,0.0,5.214405536651611,272.0,944.8961791992188,1.0,80.30997467041016
exemplar,159,exemplar,exemplar/archive_2/aacf0ac9-db95-4fcc-8c4d-aecbc270036b.pt,11924.0,43702.75390625,15471.0,32235.0390625,26.0,22.340774536132812,6.0,9.780248641967773,584.0,1152.18603515625,160.0,116.20137786865234
exemplar,160,exemplar,exemplar/archive_2/ab159ae2-584e-4dcd-a535-87f562c45533.pt,5311.0,45257.94921875,1379.0,7684.59814453125,285.0,190.96621704101562,0.0,25.614990234375,20.0,239.02359008789062,1.0,3.7518482208251953
exemplar,161,exemplar,exemplar/archive_2/aec95022-1104-4ae4-a2f5-570b3651b52c.pt,6738.0,9653.31640625,9529.0,9026.091796875,128.0,16.451208114624023,0.0,6.41672945022583,962.0,824.8211669921875,128.0,46.66361999511719
exemplar,162,exemplar,exemplar/archive_2/af819660-64bf-4cba-9691-9f108cad6317.pt,5391.0,30455.876953125,7192.0,22999.49609375,6.0,12.03420639038086,1.0,7.288475036621094,520.0,1419.9451904296875,192.0,187.52276611328125
exemplar,163,exemplar,exemplar/archive_2/af92a7a9-9199-47a1-b0a9-5342e82f3648.pt,34873.0,33503.73828125,51955.0,26281.375,133.0,13.587128639221191,9.0,8.232170104980469,2886.0,1482.004638671875,1024.0,204.1287841796875
exemplar,164,exemplar,exemplar/archive_2/b09aaa61-8f84-4cf9-a06d-599c34d35835.pt,59062.0,240846.484375,7409.0,113092.4921875,2290.0,618.3756103515625,2.0,28.600765228271484,533.0,430.427734375,2.0,14.050830841064453
exemplar,165,exemplar,exemplar/archive_2/b2a102d6-2db3-4141-a7c7-ed4324a7263b.pt,42567.0,47209.0234375,41403.0,32789.4296875,54.0,28.42436408996582,9.0,7.344626426696777,821.0,864.3165283203125,144.0,69.10965728759766
exemplar,166,exemplar,exemplar/archive_2/b880a011-7afd-4691-9c3b-f599fcac6507.pt,21678.0,32612.1640625,36597.0,25444.1015625,128.0,10.407448768615723,6.0,8.0416898727417,2905.0,1295.13427734375,1024.0,131.7955322265625
exemplar,167,exemplar,exemplar/archive_2/b9edb958-f6ba-439a-ba1f-5dc57457d87b.pt,5341.0,21603.453125,1413.0,12592.95703125,2.0,7.729153633117676,1.0,5.901878833770752,46.0,844.2042236328125,12.0,55.09957504272461
exemplar,168,exemplar,exemplar/archive_2/ba32d4dc-3186-4b4c-b1d4-340affbac563.pt,3398.0,7844.4091796875,4169.0,7515.39453125,5.0,11.714674949645996,2.0,5.387309551239014,2877.0,1023.651611328125,1024.0,81.3184585571289
exemplar,169,exemplar,exemplar/archive_2/ba3d991d-2cd4-44eb-8a4a-4686a9a792e5.pt,9430.0,8242.4384765625,7945.0,6259.748046875,0.0,0.0,3.0,6.103514671325684,822.0,683.0799560546875,144.0,38.74235153198242
exemplar,170,exemplar,exemplar/archive_2/bd8316b7-d3b7-49ff-9167-f583a6f7f78a.pt,12949.0,43702.75390625,15545.0,32235.0390625,26.0,22.340774536132812,6.0,9.780248641967773,584.0,1152.18603515625,160.0,116.20137786865234
exemplar,171,exemplar,exemplar/archive_2/c3443d82-ae16-48f6-a622-6ce65bee8aca.pt,955.0,3378.96240234375,43.0,3120.86083984375,5.0,10.642406463623047,0.0,5.214102745056152,527.0,998.4142456054688,1.0,88.5591049194336
exemplar,172,exemplar,exemplar/archive_2/c3a185b3-0e34-4a6a-9e0f-ff2533cfe862.pt,3142.0,30350.16015625,3917.0,22946.912109375,2.0,9.838935852050781,1.0,7.155298709869385,521.0,1151.146240234375,192.0,105.68380737304688
exemplar,173,exemplar,exemplar/archive_2/c4f9c274-e5de-425d-b846-794493bdb601.pt,26314.0,19590.546875,958.0,17300.94921875,5.0,5.440843105316162,2.0,6.181270599365234,546.0,1322.40283203125,23.0,143.0587921142578
exemplar,174,exemplar,exemplar/archive_2/c7058331-3595-4e04-a0e6-5f31ca0ee832.pt,6665.0,30041.134765625,8866.0,23047.671875,3.0,9.548928260803223,3.0,7.254411697387695,2628.0,1238.8131103515625,1024.0,122.60588073730469
exemplar,175,exemplar,exemplar/archive_2/c91f1953-c631-4fc6-ac39-e58cdf044715.pt,84.0,1242.905029296875,1.0,17.501220703125,0.0,0.0,0.0,17.952476501464844,12.0,392.8992614746094,1.0,9.609159469604492
exemplar,176,exemplar,exemplar/archive_2/cb4208e9-f4ec-4508-a127-e61713fa4427.pt,1083.0,3133.366455078125,183.0,996.1883544921875,5.0,81.14769744873047,0.0,11.59830379486084,33.0,294.0330810546875,1.0,2.0105972290039062
exemplar,177,exemplar,exemplar/archive_2/cbe41495-f713-4951-a5ab-bfc09d0b62ef.pt,24983.0,48340.37890625,20118.0,12535.62890625,128.0,51.62560272216797,4.0,21.544893264770508,307.0,320.88372802734375,9.0,5.483041286468506
exemplar,178,exemplar,exemplar/archive_2/cdbce098-85d7-472c-ab93-3fd7760cf305.pt,10021.0,22895.84765625,7133.0,16288.6640625,8.0,9.63840389251709,1.0,5.150669097900391,274.0,1018.8604736328125,82.0,97.09370422363281
exemplar,179,exemplar,exemplar/archive_2/cdfa8f37-89f2-4dd4-a946-19c2e5ded11b.pt,2112.0,3355.212646484375,1084.0,1097.791748046875,113.0,84.09867095947266,0.0,11.826333045959473,270.0,298.3668212890625,1.0,2.0519487857818604
exemplar,180,exemplar,exemplar/archive_2/cf9ebcf6-3e99-4143-965c-4e208570a8ed.pt,103.0,3796.527587890625,21.0,3281.263916015625,2.0,12.291327476501465,0.0,4.933228969573975,17.0,858.1497802734375,1.0,65.79222869873047
exemplar,181,exemplar,exemplar/archive_2/d421446f-6e66-43e0-9f09-f49746ab729a.pt,20143.0,32612.1640625,30349.0,25444.1015625,128.0,10.407448768615723,9.0,8.0416898727417,2886.0,1295.13427734375,1024.0,131.7955322265625
exemplar,182,exemplar,exemplar/archive_2/d8b32d50-b3cf-432b-bb5b-b8f535ce714c.pt,9619.0,8930.16796875,8367.0,8972.103515625,0.0,0.0,4.0,4.68910551071167,6581.0,1319.612060546875,1296.0,155.8910369873047
exemplar,183,exemplar,exemplar/archive_2/dcb74e34-ca5a-486e-86d9-d9a6040d1c0e.pt,2909.0,11229.4228515625,1051.0,751.171875,0.0,0.0,0.0,18.187393188476562,41.0,903.8880615234375,26.0,57.66292190551758
exemplar,184,exemplar,exemplar/archive_2/dd00795c-3e46-41f8-b2ef-d07178c68303.pt,5308.0,13235.685546875,6923.0,7348.26220703125,128.0,81.4493179321289,0.0,14.75710391998291,414.0,377.87353515625,64.0,6.397957801818848
exemplar,185,exemplar,exemplar/archive_2/dd6967a6-6467-4056-a70b-bf30ac5ce5a8.pt,24764.0,26769.78515625,3054.0,15044.0166015625,5.0,10.532044410705566,2.0,8.881156921386719,548.0,765.77783203125,10.0,41.021217346191406
exemplar,186,exemplar,exemplar/archive_2/df404ea2-7749-44ca-9f48-4e40bcbbcccc.pt,34873.0,33503.73828125,51955.0,26281.375,133.0,13.587128639221191,9.0,8.232170104980469,2886.0,1482.004638671875,1024.0,204.1287841796875
exemplar,187,exemplar,exemplar/archive_2/e1d7bcd5-74f3-4ba8-98fa-8fd7e8e53d4c.pt,4950.0,27836.9296875,1682.0,7343.25244140625,0.0,0.0,0.0,31.35783576965332,19.0,361.1243896484375,2.0,6.286681652069092
exemplar,188,exemplar,exemplar/archive_2/e206f89f-6722-4b7b-aa5e-1da854f3c74f.pt,27004.0,45406.23828125,331.0,11804.015625,5.0,51.32130432128906,2.0,21.8828182220459,527.0,323.18084716796875,1.0,5.180179119110107
exemplar,189,exemplar,exemplar/archive_2/e3ca47f3-9ba7-4a01-a793-27142befd25c.pt,47382.0,212233.21875,21390.0,101060.375,2100.0,511.998291015625,2.0,25.53215789794922,43.0,438.84271240234375,2.0,14.6717529296875
exemplar,190,exemplar,exemplar/archive_2/e52443e5-a588-4cfc-9d56-0d24ba75bb95.pt,6719.0,17122.859375,5572.0,4439.1279296875,4.0,8.411975860595703,0.0,11.207841873168945,127.0,691.954345703125,86.0,39.705352783203125
exemplar,191,exemplar,exemplar/archive_2/e871b1d9-adf7-4508-b8d5-8ba960b2e566.pt,22003.0,88293.28125,6714.0,37062.59375,5.0,96.16256713867188,2.0,24.525596618652344,43.0,364.4148864746094,2.0,8.442913055419922
exemplar,192,exemplar,exemplar/archive_2/e8e67ed2-6a32-4e3a-9a24-1a5b7a5d7691.pt,3057.0,7989.8583984375,2828.0,7646.84130859375,3.0,11.42049789428711,2.0,5.355828285217285,2630.0,1037.5010986328125,1024.0,83.61425018310547
exemplar,193,exemplar,exemplar/archive_2/eaa44c08-a035-4803-ab47-513783efb3a7.pt,62507.0,27775.0078125,2597.0,8689.2734375,0.0,0.0,0.0,8.640484809875488,82.0,439.8060302734375,1.0,18.68852996826172
exemplar,194,exemplar,exemplar/archive_2/ee25387d-83ea-4d27-a105-d01ae8728a92.pt,692.0,2712.176025390625,7.0,1567.2305908203125,3.0,18.742008209228516,0.0,5.340138912200928,23.0,521.6417846679688,1.0,24.447799682617188
exemplar,195,exemplar,exemplar/archive_2/f1752ca3-1640-4967-938c-5272dc274596.pt,19721.0,48686.82421875,27649.0,34621.43359375,31.0,28.034421920776367,5.0,10.479597091674805,1080.0,1021.448974609375,160.0,90.20294952392578
exemplar,196,exemplar,exemplar/archive_2/f1d40b09-efc4-448c-b6d0-d6a3f43e3b8e.pt,137.0,3796.527587890625,33.0,3281.263916015625,2.0,12.291327476501465,0.0,4.933228969573975,17.0,858.1497802734375,1.0,65.79222869873047
exemplar,197,exemplar,exemplar/archive_2/f5b0a3bb-2a24-4ea7-9add-17c93d3d1e7f.pt,7531.0,13424.46484375,4195.0,8085.7099609375,279.0,4.95156717300415,0.0,6.792341232299805,20.0,992.0936889648438,2.0,84.79408264160156
exemplar,198,exemplar,exemplar/archive_2/f724084e-64df-4b4c-88a0-1dc091f01bcd.pt,2863.0,11229.4228515625,867.0,751.171875,0.0,0.0,0.0,18.187397003173828,39.0,903.8880615234375,27.0,57.66294860839844
exemplar,199,exemplar,exemplar/archive_2/fe04f4ae-8adb-4468-832b-52fe73541363.pt,7557.0,61847.7890625,2268.0,29087.248046875,2.0,46.47459411621094,1.0,18.136375427246094,24.0,441.6625671386719,1.0,13.097655296325684
exemplar,200,exemplar,exemplar/archive_3/06583efc-f9a7-4a60-af97-acc52a47cf4d.pt,5052.0,45257.94921875,1402.0,7684.59814453125,292.0,190.96621704101562,0.0,25.614990234375,20.0,239.02371215820312,1.0,3.7518482208251953
exemplar,201,exemplar,exemplar/archive_3/08d11c63-55b7-499f-975d-fd09bd12dc53.pt,2280.0,3785.483154296875,421.0,3499.582275390625,107.0,11.529975891113281,0.0,5.214406490325928,266.0,944.8956909179688,1.0,80.30997467041016
exemplar,202,exemplar,exemplar/archive_3/0bd10243-a38d-4bdd-bbe8-5e29012bae94.pt,1096.0,2713.3173828125,183.0,1569.4111328125,5.0,18.742435455322266,0.0,5.343138217926025,33.0,522.1534423828125,1.0,24.459335327148438
exemplar,203,exemplar,exemplar/archive_3/0d2973d0-80d2-4ac3-8942-1bfab430d8fb.pt,32667.0,91337.0078125,30766.0,39739.875,128.0,98.4978256225586,19.0,25.520002365112305,310.0,378.0918273925781,9.0,9.013197898864746
exemplar,204,exemplar,exemplar/archive_3/0eb34ec2-1755-44cf-9fd1-ae1eda09f0b7.pt,41337.0,47209.0234375,41195.0,32789.4296875,54.0,28.42436408996582,9.0,7.344626426696777,821.0,864.3165283203125,144.0,69.10965728759766
exemplar,205,exemplar,exemplar/archive_3/0f110dec-cdf6-4850-b898-f98be71240f5.pt,700.0,3105.65771484375,7.0,988.954833984375,3.0,80.099365234375,0.0,11.475542068481445,23.0,293.5848083496094,1.0,2.036545753479004
exemplar,206,exemplar,exemplar/archive_3/12ecbf82-8a28-44e1-b2ab-06f8e50cea97.pt,7404.0,61847.7890625,2268.0,29087.248046875,2.0,46.47459411621094,1.0,18.136375427246094,24.0,441.6625671386719,1.0,13.097655296325684
exemplar,207,exemplar,exemplar/archive_3/1388fecd-67a1-45ac-8157-fc0f8d2f0a05.pt,46486.0,25760.619140625,47589.0,20962.611328125,6.0,7.652475833892822,3.0,3.958463430404663,6588.0,1632.687255859375,1296.0,268.07989501953125
exemplar,208,exemplar,exemplar/archive_3/13fb640f-1e24-47fd-bb39-25b8d08a824d.pt,12949.0,43702.75390625,15545.0,32235.0390625,26.0,22.340763092041016,6.0,9.780248641967773,584.0,1152.18603515625,160.0,116.20137786865234
exemplar,209,exemplar,exemplar/archive_3/1850c071-2916-4efd-ae6e-47fc45672aeb.pt,72366.0,33063.16015625,37663.0,23553.515625,32.0,16.689369201660156,2.0,7.996664047241211,887.0,890.906005859375,113.0,64.18814086914062
exemplar,210,exemplar,exemplar/archive_3/1b2d4669-b746-4295-9d6f-a209f5d3b340.pt,26216.0,19590.546875,1328.0,17300.94921875,5.0,5.440843105316162,2.0,6.181270599365234,552.0,1322.40283203125,29.0,143.05873107910156
exemplar,211,exemplar,exemplar/archive_3/1d4d5e23-1d85-41d4-a3f9-b1a83d23c34b.pt,7381.0,13461.83984375,3336.0,8029.10205078125,285.0,5.0854058265686035,0.0,7.027279376983643,15.0,958.5648193359375,1.0,78.75923919677734
exemplar,212,exemplar,exemplar/archive_3/1e583b76-4ef7-4e53-a161-03b8f8430ed8.pt,21914.0,19803.724609375,2056.0,17323.685546875,3.0,5.4589033126831055,1.0,5.9883809089660645,63.0,1324.16845703125,40.0,143.75660705566406
exemplar,213,exemplar,exemplar/archive_3/21ae4549-1aff-4723-9c89-74015a97c167.pt,2589.0,3887.99609375,653.0,377.81915283203125,0.0,0.0,0.0,0.0,83.0,258.3182067871094,1.0,1.3368881940841675
exemplar,214,exemplar,exemplar/archive_3/2259df4b-da56-4694-8ebf-a250b93cf8f5.pt,61375.0,240846.703125,19858.0,113092.4921875,2286.0,618.3756103515625,2.0,28.600778579711914,538.0,430.427734375,2.0,14.050830841064453
exemplar,215,exemplar,exemplar/archive_3/232fe499-7681-4c8a-b15d-0864a56edfd4.pt,2852.0,11321.455078125,1780.0,5925.759765625,3.0,86.64401245117188,0.0,14.466630935668945,34.0,369.35784912109375,2.0,5.58310604095459
exemplar,216,exemplar,exemplar/archive_3/2366c0f3-3d8a-4ba5-a1e5-4448a419d2fd.pt,3095.0,8731.41015625,2700.0,7620.5712890625,5.0,16.879913330078125,1.0,6.260002136230469,588.0,753.898681640625,160.0,40.99546813964844
exemplar,217,exemplar,exemplar/archive_3/28eb748c-eb75-4d49-9730-91b175a03814.pt,5088.0,12143.591796875,1678.0,5322.734375,0.0,0.0,0.0,8.050398826599121,16.0,844.3262939453125,1.0,53.155494689941406
exemplar,218,exemplar,exemplar/archive_3/2911e90a-d77a-49df-ad2e-6d3041ef039d.pt,140500.0,33647.515625,86778.0,24125.8984375,12.0,10.744365692138672,0.0,4.761980056762695,3058.0,785.5700073242188,2979.0,103.22634887695312
exemplar,219,exemplar,exemplar/archive_3/2b4a4eaf-94fc-43b7-bd1e-9ae39557e259.pt,55665.0,23949.23828125,31596.0,16748.517578125,27.0,10.803889274597168,2.0,5.58177375793457,398.0,955.6673583984375,103.0,82.34661102294922
exemplar,220,exemplar,exemplar/archive_3/2cba8c1f-4f72-400a-b18f-1905a649a686.pt,10513.0,9448.310546875,6645.0,3927.864990234375,0.0,0.0,0.0,0.0,95.0,296.7623596191406,1.0,6.280895233154297
exemplar,221,exemplar,exemplar/archive_3/2eed692f-7176-4ea9-bbef-c95f4bd43b45.pt,21176.0,32612.1640625,32593.0,25444.1015625,128.0,10.407448768615723,8.0,8.0416898727417,2889.0,1295.13427734375,1024.0,131.7955322265625
exemplar,222,exemplar,exemplar/archive_3/305dc971-6cb9-4479-8da4-3ed6a2167a44.pt,9619.0,8930.16796875,8367.0,8972.103515625,0.0,0.0,4.0,4.68910551071167,6581.0,1319.612060546875,1296.0,155.8910369873047
exemplar,223,exemplar,exemplar/archive_3/37871b96-f93e-4673-a7c8-d7a71505804b.pt,6448.0,38201.25,230.0,10932.640625,2.0,32.89659881591797,1.0,15.409804344177246,18.0,363.5803527832031,1.0,7.951265335083008
exemplar,224,exemplar,exemplar/archive_3/37996d69-2677-4717-ae97-cde6bd8748be.pt,905.0,3490.776611328125,151.0,3233.466552734375,5.0,10.741639137268066,0.0,5.077268123626709,33.0,978.695556640625,1.0,86.32650756835938
exemplar,225,exemplar,exemplar/archive_3/3864614f-2506-48de-b994-99ae08ca30de.pt,9619.0,8930.16796875,8367.0,8972.103515625,0.0,0.0,4.0,4.68910551071167,6581.0,1319.612060546875,1296.0,155.8910369873047
exemplar,226,exemplar,exemplar/archive_3/3a7ddf40-4818-4f21-9614-7429c3608ef7.pt,3367.0,8674.169921875,4037.0,7136.755859375,5.0,19.641693115234375,1.0,6.596075534820557,1085.0,672.84814453125,160.0,32.11643981933594
exemplar,227,exemplar,exemplar/archive_3/3c34c8dd-6143-4349-ba49-9db7514afb35.pt,72892.0,33063.16015625,35638.0,23553.515625,32.0,16.689369201660156,2.0,7.996664047241211,873.0,890.906005859375,101.0,64.1881103515625
exemplar,228,exemplar,exemplar/archive_3/3c3922e9-8e61-4c70-96f8-df25f0a19bf7.pt,5238.0,27836.9296875,1731.0,7343.259765625,0.0,0.0,0.0,31.35783576965332,19.0,361.1243896484375,2.0,6.286681652069092
exemplar,229,exemplar,exemplar/archive_3/41564015-3c26-45b3-975a-6e027e49d63d.pt,993.0,3057.19287109375,26.0,953.14306640625,5.0,85.68899536132812,0.0,12.199636459350586,524.0,297.5511474609375,1.0,1.9066780805587769
exemplar,230,exemplar,exemplar/archive_3/41c44d85-1b9b-468f-a8cd-379651170f92.pt,1367.0,7602.18994140625,1337.0,7203.95654296875,2.0,12.631572723388672,0.0,5.308175086975098,520.0,949.40234375,192.0,69.49483489990234
exemplar,231,exemplar,exemplar/archive_3/467481bc-1cd4-4fe9-89ba-205dac892ea5.pt,1363.0,2910.171142578125,747.0,1757.181640625,117.0,19.233558654785156,0.0,5.486072540283203,270.0,520.729736328125,1.0,23.983158111572266
exemplar,232,exemplar,exemplar/archive_3/49f1f8f6-4127-4a44-9242-241f59f88c5e.pt,26907.0,88293.28125,5435.0,37062.59375,5.0,96.16261291503906,2.0,24.525596618652344,36.0,364.4148864746094,1.0,8.442913055419922
exemplar,233,exemplar,exemplar/archive_3/4df0be4b-66c4-43cd-95f6-183ce806d41e.pt,158260.0,59654.1640625,90216.0,30188.931640625,66.0,40.12148666381836,0.0,0.0,626.0,394.9698486328125,92.0,29.274873733520508
exemplar,234,exemplar,exemplar/archive_3/513a25e1-b5eb-493a-81eb-2c6783edec5c.pt,5004.0,21603.453125,1937.0,12592.95703125,2.0,7.729153633117676,1.0,5.901879787445068,49.0,844.2042236328125,12.0,55.09960174560547
exemplar,235,exemplar,exemplar/archive_3/526a1c2b-6fb4-4058-81df-1804a76c3555.pt,399.0,2786.30322265625,319.0,564.6456909179688,0.0,0.0,0.0,24.26355743408203,16.0,393.4473571777344,1.0,4.609259128570557
exemplar,236,exemplar,exemplar/archive_3/5339e381-b42d-4d17-af6e-9f012b8a4e95.pt,9745.0,40030.48828125,14215.0,27483.4453125,5.0,16.788814544677734,4.0,9.877504348754883,1080.0,825.375,160.0,50.60331344604492
exemplar,237,exemplar,exemplar/archive_3/58a5481a-b506-4e99-b4fb-49575de3138b.pt,21086.0,19809.486328125,3624.0,17322.5625,5.0,5.459878921508789,2.0,6.004861354827881,70.0,1324.0457763671875,42.0,143.70692443847656
exemplar,238,exemplar,exemplar/archive_3/59f7052a-5874-4452-a75a-0ac2831b9d84.pt,21591.0,45499.265625,3552.0,11860.373046875,5.0,49.1207275390625,2.0,20.822551727294922,39.0,322.5689697265625,1.0,5.537391185760498
exemplar,239,exemplar,exemplar/archive_3/5b52039c-4c2d-4e64-a978-c21785ee7c6b.pt,3057.0,7989.8583984375,2828.0,7646.84130859375,3.0,11.42049503326416,2.0,5.355828285217285,2630.0,1037.5010986328125,1024.0,83.61425018310547
exemplar,240,exemplar,exemplar/archive_3/62825ea7-7137-4533-92d7-d441af4c40ba.pt,12478.0,40030.48828125,14237.0,27483.4453125,5.0,16.78881072998047,4.0,9.877504348754883,1083.0,825.375,160.0,50.60328674316406
exemplar,241,exemplar,exemplar/archive_3/64224705-c771-420a-9f84-1c001366ba33.pt,14078.0,43702.75390625,17206.0,32235.0390625,26.0,22.340774536132812,6.0,9.780248641967773,591.0,1152.18603515625,160.0,116.20137786865234
exemplar,242,exemplar,exemplar/archive_3/645258ad-eb6e-4363-bf0c-9fda5164f36b.pt,9507.0,8930.16796875,8401.0,8972.103515625,0.0,0.0,4.0,4.68910551071167,6582.0,1319.612060546875,1296.0,155.8910369873047
exemplar,243,exemplar,exemplar/archive_3/69d67690-ef91-4389-b6a9-704f1e89952c.pt,3367.0,8674.169921875,4037.0,7136.7490234375,5.0,19.641698837280273,1.0,6.596075534820557,1085.0,672.84814453125,160.0,32.11643981933594
exemplar,244,exemplar,exemplar/archive_3/6ee6e354-d81a-46f4-a113-c16e881419db.pt,7448.0,55108.53515625,3359.0,19740.7421875,282.0,89.85423278808594,0.0,24.465988159179688,15.0,384.810791015625,1.0,10.32575798034668
exemplar,245,exemplar,exemplar/archive_3/6f0ca42f-3067-45a1-a683-4042133a9202.pt,78.0,3796.53125,5.0,3281.263916015625,2.0,12.2913236618042,0.0,4.933228492736816,15.0,858.1497802734375,1.0,65.79222869873047
exemplar,246,exemplar,exemplar/archive_3/714d7039-2846-4e1e-a836-7bbcc8b6289a.pt,120.0,3240.88427734375,48.0,1921.60009765625,2.0,18.206180572509766,0.0,4.927518844604492,18.0,527.661865234375,1.0,25.38949203491211
exemplar,247,exemplar,exemplar/archive_3/765100ca-9941-475f-92bd-c0304625006e.pt,34970.0,44790.3046875,48853.0,34376.28515625,149.0,22.61435317993164,8.0,10.586954116821289,841.0,1247.5675048828125,128.0,135.35948181152344
exemplar,248,exemplar,exemplar/archive_3/7a8292e7-d54f-47e7-939d-07247297c66a.pt,6500.0,14646.9033203125,5446.0,3140.66259765625,2.0,4.749732971191406,0.0,13.507862091064453,288.0,1015.5991821289062,275.0,95.52244567871094
exemplar,249,exemplar,exemplar/archive_3/7ca5352c-c08e-405a-81fc-ad9b893bbb74.pt,3337.0,7844.4013671875,4118.0,7515.3876953125,5.0,11.714677810668945,2.0,5.387309551239014,2876.0,1023.651611328125,1024.0,81.3184585571289
exemplar,250,exemplar,exemplar/archive_3/7efb5b4e-0e1d-4b1e-a030-e65c830dba5d.pt,29649.0,96389.7734375,3871.0,41044.96875,5.0,110.86361694335938,2.0,25.846343994140625,532.0,357.65740966796875,1.0,8.081666946411133
exemplar,251,exemplar,exemplar/archive_3/7fde29f5-7a7e-4430-bd5a-d53d331c76fd.pt,2039.0,2910.17236328125,1009.0,1757.181640625,112.0,19.233558654785156,0.0,5.486071586608887,270.0,520.729736328125,1.0,23.983150482177734
exemplar,252,exemplar,exemplar/archive_3/84f243ce-de91-4e4e-82df-037ca151348d.pt,20159.0,38443.44921875,35143.0,28312.416015625,128.0,14.745210647583008,6.0,9.573604583740234,856.0,1003.1217651367188,128.0,75.029541015625
exemplar,253,exemplar,exemplar/archive_3/85ddd60e-a64f-419e-8b38-b5166d5ad1b1.pt,44605.0,107900.0859375,18280.0,39336.671875,2005.0,224.84596252441406,6.0,16.350643157958984,286.0,318.1431579589844,6.0,7.7319135665893555
exemplar,254,exemplar,exemplar/archive_3/86d4e5a5-73ae-4efb-a82b-74835eb253df.pt,1507.0,2910.17236328125,1068.0,1757.181640625,106.0,19.233558654785156,0.0,5.486071586608887,272.0,520.729736328125,1.0,23.983158111572266
exemplar,255,exemplar,exemplar/archive_3/8a1b09f4-8b12-4e3a-95b9-58b27dae1b27.pt,7939.0,37658.0390625,8237.0,27122.599609375,5.0,14.385293006896973,4.0,9.217845916748047,584.0,926.5867309570312,160.0,64.67852783203125
exemplar,256,exemplar,exemplar/archive_3/8be9ce88-19c5-490e-8054-80f1eb75f145.pt,130.0,3240.88427734375,44.0,1921.60009765625,2.0,18.20618438720703,0.0,4.927518367767334,18.0,527.661865234375,1.0,25.38949203491211
exemplar,257,exemplar,exemplar/archive_3/8db4404b-d427-4fdb-bb09-ea2dbd1df722.pt,15128.0,30553.5703125,18973.0,23105.576171875,9.0,12.077311515808105,4.0,7.3205461502075195,2767.0,1430.295166015625,1024.0,190.82330322265625
exemplar,258,exemplar,exemplar/archive_3/908de307-aeee-4cfe-95b0-46ab568997c4.pt,21170.0,19809.486328125,3792.0,17322.5625,5.0,5.459878921508789,2.0,6.004861354827881,69.0,1324.0457763671875,41.0,143.70692443847656
exemplar,259,exemplar,exemplar/archive_3/933b3c35-b647-4b59-9bcd-f042466674b6.pt,2083.0,3785.48681640625,959.0,3499.582275390625,105.0,11.529975891113281,0.0,5.214405536651611,270.0,944.8956909179688,1.0,80.30997467041016
exemplar,260,exemplar,exemplar/archive_3/93d9e5bf-7351-4866-8514-29bc581b2375.pt,43520.0,19018.408203125,32449.0,16366.2119140625,7.0,6.051974296569824,1.0,5.833331108093262,2051.0,1446.841552734375,2028.0,211.65997314453125
exemplar,261,exemplar,exemplar/archive_3/93e43f7b-8376-46b6-99c5-66025727bea6.pt,1324.0,7342.49609375,1279.0,6945.8564453125,2.0,13.388856887817383,0.0,5.319537162780762,328.0,914.4306640625,96.0,64.14948272705078
exemplar,262,exemplar,exemplar/archive_3/95c22d49-3c60-4de8-aaf1-50d771902c6f.pt,902.0,9523.9208984375,766.0,5425.8203125,2.0,56.537715911865234,0.0,11.040626525878906,26.0,412.8439025878906,1.0,6.92231559753418
exemplar,263,exemplar,exemplar/archive_3/9842c884-7992-4951-a284-bf50d8e97b05.pt,25409.0,26769.78515625,2298.0,15044.0166015625,5.0,10.532044410705566,2.0,8.881155014038086,546.0,765.77783203125,8.0,41.021217346191406
exemplar,264,exemplar,exemplar/archive_3/9f921d58-91bf-4b62-8e1d-b95c556b3e67.pt,73160.0,33063.16015625,38475.0,23553.515625,32.0,16.689369201660156,2.0,7.996664047241211,881.0,890.906005859375,108.0,64.1881103515625
exemplar,265,exemplar,exemplar/archive_3/a045e629-9ce5-4a46-98d1-f46171bbc5d7.pt,53357.0,20653.33203125,61963.0,18058.4609375,133.0,6.633673191070557,4.0,6.076625823974609,2147.0,1448.323974609375,1884.0,207.3577880859375
exemplar,266,exemplar,exemplar/archive_3/aa38623f-8522-4555-a87c-1e5aee2b9c6c.pt,2316.0,5377.4609375,290.0,329.71868896484375,0.0,0.0,0.0,8.313736915588379,80.0,294.49163818359375,1.0,19.641904830932617
exemplar,267,exemplar,exemplar/archive_3/acdcfe80-36b1-402d-9fda-579b9cd12e61.pt,7526.0,61847.7890625,2268.0,29087.248046875,2.0,46.474578857421875,1.0,18.136371612548828,24.0,441.6625671386719,1.0,13.097661972045898
exemplar,268,exemplar,exemplar/archive_3/b379766c-1fc4-4ddd-8c8f-01671d294e2d.pt,350.0,1843.147705078125,262.0,343.50750732421875,0.0,0.0,0.0,9.205645561218262,18.0,778.6524658203125,1.0,46.18032455444336
exemplar,269,exemplar,exemplar/archive_3/bb6cc7af-5692-4f06-a0d7-5ed5799c9d61.pt,2233.0,3902.930419921875,290.0,262.0452880859375,0.0,0.0,0.0,7.971831798553467,80.0,170.60903930664062,1.0,5.092966556549072
exemplar,270,exemplar,exemplar/archive_3/be33a535-98f4-49a5-99b7-fe08cd80c49a.pt,802.0,3487.17529296875,148.0,3227.58642578125,3.0,10.734631538391113,0.0,5.074476718902588,27.0,977.60302734375,1.0,86.12179565429688
exemplar,271,exemplar,exemplar/archive_3/c17d9415-d1da-404b-9550-d974901b0f77.pt,65869.0,233353.578125,52752.0,112591.4375,1918.0,570.7933959960938,4.0,28.360509872436523,313.0,457.9873352050781,9.0,15.986414909362793
exemplar,272,exemplar,exemplar/archive_3/c3a84bad-a891-4ed4-9590-49b2e3825c7a.pt,20915.0,44801.796875,2704.0,11760.212890625,3.0,48.01660919189453,1.0,20.533649444580078,33.0,323.976806640625,1.0,5.622957706451416
exemplar,273,exemplar,exemplar/archive_3/c47a57ee-6f6c-4509-83a4-d911de7a608c.pt,20987.0,44801.796875,2845.0,11760.212890625,3.0,48.01662063598633,1.0,20.533649444580078,33.0,323.976806640625,1.0,5.622957706451416
exemplar,274,exemplar,exemplar/archive_3/c5953b88-a18f-45ef-b053-a10de5b77f79.pt,5032.0,12115.6767578125,1673.0,5269.9775390625,0.0,0.0,0.0,8.286102294921875,16.0,817.3504638671875,1.0,49.430728912353516
exemplar,275,exemplar,exemplar/archive_3/c87c3130-88ad-4825-9f55-68c8d961414d.pt,160670.0,59654.1640625,82253.0,30188.931640625,66.0,40.12148666381836,0.0,0.0,618.0,394.9698486328125,92.0,29.274860382080078
exemplar,276,exemplar,exemplar/archive_3/c9149d5a-b5b0-47f3-a3f7-0bfb26bcc26a.pt,8039.0,37658.0390625,8344.0,27122.599609375,5.0,14.385293006896973,4.0,9.217845916748047,587.0,926.5867309570312,160.0,64.67855834960938
exemplar,277,exemplar,exemplar/archive_3/ca8f38ac-e952-45d7-a4f5-d6e24a85588a.pt,930.0,3057.19287109375,19.0,953.14306640625,5.0,85.68899536132812,0.0,12.199636459350586,523.0,297.5511474609375,1.0,1.9066780805587769
exemplar,278,exemplar,exemplar/archive_3/cbef8382-effa-4dc5-a6bc-9614f1772d1c.pt,866.0,3378.96240234375,32.0,3120.86083984375,5.0,10.642406463623047,0.0,5.214102745056152,524.0,998.4142456054688,1.0,88.5591049194336
exemplar,279,exemplar,exemplar/archive_3/ce72004b-1e4c-4a21-aed6-379cab5486bf.pt,10390.0,30227.248046875,14642.0,23148.255859375,5.0,9.654631614685059,3.0,7.3214945793151855,2875.0,1222.42578125,1024.0,119.3808364868164
exemplar,280,exemplar,exemplar/archive_3/cf4557ce-c04b-4f6e-95d5-2ef67749feec.pt,139851.0,33647.515625,87587.0,24125.8984375,12.0,10.744363784790039,0.0,4.761980056762695,3032.0,785.5696411132812,2953.0,103.22634887695312
exemplar,281,exemplar,exemplar/archive_3/cfabdefd-a93f-4e93-b729-2f4c44a0e6df.pt,35782.0,98585.40625,1624.0,35439.64453125,2118.0,195.21884155273438,2.0,16.030502319335938,32.0,324.9114990234375,1.0,7.789327621459961
exemplar,282,exemplar,exemplar/archive_3/d6b83ff5-29c7-47f9-819c-d07f83d82b93.pt,6367.0,30455.876953125,8139.0,22999.49609375,6.0,12.034202575683594,1.0,7.288475036621094,525.0,1419.9451904296875,192.0,187.52276611328125
exemplar,283,exemplar,exemplar/archive_3/dab5f456-ccc2-4a72-9b87-e9bc7c20e029.pt,2806.0,8651.7119140625,2566.0,7530.4775390625,3.0,17.022966384887695,1.0,6.261337757110596,503.0,744.3389892578125,128.0,39.826114654541016
exemplar,284,exemplar,exemplar/archive_3/dd896667-6c8d-4e6b-b951-01ef21962849.pt,106521.0,138345.515625,5189.0,21093.408203125,5809.0,1909.278076171875,0.0,0.0,82.0,38.756492614746094,1.0,0.33401569724082947
exemplar,285,exemplar,exemplar/archive_3/dda9c4c0-57d6-4052-b555-2e8fb599475b.pt,2557.0,3887.99609375,653.0,377.8189697265625,0.0,0.0,0.0,0.0,83.0,258.3182067871094,1.0,1.3368881940841675
exemplar,286,exemplar,exemplar/archive_3/de766c24-bdab-4176-a0dd-d9b2706491c9.pt,5306.0,30701.78125,6778.0,23174.71875,8.0,12.185441017150879,2.0,7.33797025680542,328.0,1408.154052734375,96.0,184.25823974609375
exemplar,287,exemplar,exemplar/archive_3/e11131f2-d974-4ada-b80f-a2f1298bdd41.pt,704.0,3105.654541015625,56.0,988.954833984375,3.0,80.099365234375,0.0,11.475542068481445,24.0,293.58465576171875,1.0,2.0365443229675293
exemplar,288,exemplar,exemplar/archive_3/e11b3965-6e57-43b8-a3a0-e83e94e5b616.pt,8039.0,37658.0390625,8344.0,27122.599609375,5.0,14.385293006896973,4.0,9.217845916748047,587.0,926.5867309570312,160.0,64.67855834960938
exemplar,289,exemplar,exemplar/archive_3/e2c16677-3f06-4890-b4e7-0efbd1d94f95.pt,20335.0,30849.474609375,28227.0,23308.978515625,10.0,12.25970458984375,3.0,7.38831901550293,2872.0,1416.34375,1024.0,186.83766174316406
exemplar,290,exemplar,exemplar/archive_3/e57ceb3b-5dc0-4127-bc68-868a6b1dee73.pt,947.0,9523.9208984375,781.0,5425.8203125,2.0,56.537715911865234,0.0,11.040626525878906,25.0,412.8439025878906,1.0,6.922311782836914
exemplar,291,exemplar,exemplar/archive_3/eb42dbfe-9069-4c08-bb95-26221e0d0945.pt,34950.0,98585.40625,1624.0,35439.64453125,2134.0,195.21884155273438,2.0,16.030502319335938,32.0,324.9113464355469,1.0,7.789327621459961
exemplar,292,exemplar,exemplar/archive_3/ecc6822e-1712-420f-bf26-a16ab0ce3dba.pt,35602.0,98585.40625,1624.0,35439.64453125,2114.0,195.21884155273438,2.0,16.030502319335938,32.0,324.9113464355469,1.0,7.789327621459961
exemplar,293,exemplar,exemplar/archive_3/ecf51998-8937-4724-9018-6a86368049b0.pt,9863.0,125528.7734375,5829.0,66531.5,418.0,194.300048828125,1.0,16.773488998413086,29.0,538.0867309570312,2.0,22.99561309814453
exemplar,294,exemplar,exemplar/archive_3/ee50ed59-19d1-41c1-8e61-3f822cfb42ff.pt,3402.0,19187.587890625,482.0,1711.1531982421875,0.0,0.0,0.0,35.15260314941406,18.0,366.1313781738281,1.0,3.0604188442230225
exemplar,295,exemplar,exemplar/archive_3/f3a17e75-5fe1-4109-91ee-c0ad8c94ad33.pt,2806.0,8651.7119140625,2566.0,7530.4775390625,3.0,17.022966384887695,1.0,6.261337757110596,503.0,744.3389892578125,128.0,39.826114654541016
exemplar,296,exemplar,exemplar/archive_3/f6040824-accb-468b-8f6b-ef5ae8b186f4.pt,38548.0,98585.40625,9454.0,35439.64453125,2122.0,195.21875,2.0,16.030498504638672,40.0,324.9114990234375,1.0,7.789327621459961
exemplar,297,exemplar,exemplar/archive_3/fb0ac19f-be36-46bf-8b05-dc7c4c7a44a9.pt,930.0,3057.19287109375,31.0,953.142578125,5.0,85.68904113769531,0.0,12.199636459350586,524.0,297.5511474609375,1.0,1.9066780805587769
exemplar,298,exemplar,exemplar/archive_3/fc0f1430-b62b-426d-b513-62314b7bd0ab.pt,5895.0,30701.78125,6753.0,23174.71875,8.0,12.18543815612793,2.0,7.337972164154053,328.0,1408.154052734375,96.0,184.25823974609375
exemplar,299,exemplar,exemplar/archive_3/ff750069-8a1a-43e7-805d-ee4732963670.pt,9462.0,125528.7734375,4241.0,66531.5,429.0,194.300048828125,1.0,16.77348518371582,24.0,538.0867309570312,1.0,22.99560546875
exemplar,300,exemplar,exemplar/archive_4/0a377130-21b9-41f1-b1d8-8f948b575b71.pt,884.0,3185.9638671875,21.0,1953.208740234375,5.0,20.85124969482422,0.0,6.407352924346924,523.0,490.6477355957031,1.0,19.44513702392578
exemplar,301,exemplar,exemplar/archive_4/189bf1a2-3b24-4280-9e2d-16a482d64e05.pt,26387.0,26769.78515625,1055.0,15044.0166015625,5.0,10.532044410705566,2.0,8.881156921386719,544.0,765.77783203125,11.0,41.021217346191406
exemplar,302,exemplar,exemplar/archive_4/1ddc2346-a367-4cb9-b052-104862f3d153.pt,2620.0,3902.930419921875,653.0,262.0452880859375,0.0,0.0,0.0,7.971831798553467,83.0,170.60903930664062,1.0,5.092963695526123
exemplar,303,exemplar,exemplar/archive_4/2012f675-4b3a-4d44-a52c-533e1a5686ad.pt,44864.0,107900.0859375,18266.0,39336.63671875,1959.0,224.84596252441406,6.0,16.350643157958984,286.0,318.1431579589844,6.0,7.7319135665893555
exemplar,304,exemplar,exemplar/archive_4/218f0836-58b7-4a31-b3e5-feb2e0b8baf5.pt,5224.0,13235.685546875,7000.0,7348.26220703125,128.0,81.44939422607422,0.0,14.757107734680176,414.0,377.87353515625,64.0,6.397951126098633
exemplar,305,exemplar,exemplar/archive_4/24828ab5-d6f4-402b-8d0d-1f4316d3f0bc.pt,141266.0,33647.515625,86447.0,24125.8984375,12.0,10.744365692138672,0.0,4.7619805335998535,2986.0,785.5696411132812,2908.0,103.22634887695312
exemplar,306,exemplar,exemplar/archive_4/2b3a7651-e925-4edc-8c91-4cce0c803daf.pt,42883.0,19018.408203125,33519.0,16366.2119140625,7.0,6.051974296569824,1.0,5.833331108093262,2079.0,1446.841552734375,2055.0,211.65997314453125
exemplar,307,exemplar,exemplar/archive_4/2d92e029-54c9-42a8-8400-ff86e21af205.pt,3305.0,11229.4228515625,524.0,751.171875,0.0,0.0,0.0,18.187393188476562,30.0,903.8880615234375,18.0,57.66294860839844
exemplar,308,exemplar,exemplar/archive_4/2f6c8850-6475-4336-b996-f3d0d54f1cb0.pt,141356.0,33647.515625,86396.0,24125.8984375,12.0,10.744363784790039,0.0,4.761980056762695,3036.0,785.5700073242188,2958.0,103.22639465332031
exemplar,309,exemplar,exemplar/archive_4/34caebe1-94b9-4f7c-bf8f-d1f1a14c9ae4.pt,3095.0,8731.41015625,2700.0,7620.5712890625,5.0,16.879913330078125,1.0,6.260002136230469,588.0,753.898681640625,160.0,40.99545669555664
exemplar,310,exemplar,exemplar/archive_4/3824541e-ee56-4d65-9c02-4382bf7c0189.pt,24256.0,34743.91796875,22261.0,23134.705078125,0.0,0.0,6.0,7.595757007598877,821.0,713.8529052734375,144.0,41.34531021118164
exemplar,311,exemplar,exemplar/archive_4/3aab06a7-4eae-47b9-848f-f281514dd686.pt,9359.0,8242.4384765625,7911.0,6259.748046875,0.0,0.0,3.0,6.103514671325684,821.0,683.0799560546875,144.0,38.74235153198242
exemplar,312,exemplar,exemplar/archive_4/40416ef5-e7a5-4c4d-918e-702961928757.pt,20988.0,86926.640625,6540.0,36858.92578125,3.0,92.73333740234375,1.0,24.165292739868164,38.0,368.28253173828125,2.0,8.664024353027344
exemplar,313,exemplar,exemplar/archive_4/42238099-ebd6-4d1a-b7e3-eb0e58c08eaf.pt,53538.0,20653.33203125,59942.0,18058.4609375,133.0,6.633673191070557,4.0,6.076625823974609,2169.0,1448.323974609375,1906.0,207.3577880859375
exemplar,314,exemplar,exemplar/archive_4/436700eb-9a0b-4657-a1ab-0c897ff2a318.pt,46294.0,212233.21875,25454.0,101060.375,2133.0,511.997802734375,2.0,25.53216552734375,43.0,438.84271240234375,2.0,14.6717529296875
exemplar,315,exemplar,exemplar/archive_4/45ce74b6-c127-486c-baa4-e41f747036c4.pt,21993.0,88293.28125,6696.0,37062.59375,5.0,96.16256713867188,2.0,24.525596618652344,43.0,364.4148864746094,2.0,8.442913055419922
exemplar,316,exemplar,exemplar/archive_4/48a0e69b-505b-4541-a94e-46f99b98f807.pt,1382.0,7602.1826171875,1337.0,7203.95654296875,2.0,12.631572723388672,0.0,5.308175086975098,521.0,949.40234375,192.0,69.49483489990234
exemplar,317,exemplar,exemplar/archive_4/4db9bc2c-66bc-4c7a-9a03-cd0862dc81bf.pt,43456.0,47209.0234375,44327.0,32789.4296875,54.0,28.42436408996582,9.0,7.344626426696777,828.0,864.3165283203125,144.0,69.10965728759766
exemplar,318,exemplar,exemplar/archive_4/4fdb2a6b-0614-43ed-97b8-dccd2ff200f7.pt,7448.0,30041.134765625,8953.0,23047.671875,3.0,9.548928260803223,3.0,7.254411697387695,2630.0,1238.8131103515625,1024.0,122.60588073730469
exemplar,319,exemplar,exemplar/archive_4/548bf9ee-eff8-4e75-b69a-c9db9b3d72e6.pt,25756.0,45406.23828125,2805.0,11804.015625,5.0,51.321319580078125,2.0,21.8828182220459,534.0,323.18084716796875,1.0,5.180179119110107
exemplar,320,exemplar,exemplar/archive_4/585d28bf-c9f5-4ff2-a8ad-c9fc4f31888c.pt,6486.0,74918.3046875,454.0,29607.490234375,430.0,112.52220153808594,1.0,12.052170753479004,18.0,378.69171142578125,1.0,11.130634307861328
exemplar,321,exemplar,exemplar/archive_4/596a91cf-3df6-463f-b1c6-65707df4f7a9.pt,7423.0,30036.4921875,9003.0,23035.16796875,5.0,9.576178550720215,3.0,7.278029918670654,2760.0,1239.4742431640625,1024.0,122.5718765258789
exemplar,322,exemplar,exemplar/archive_4/5c9ecfa4-a74b-40cf-af7a-b727ed7ca083.pt,1143.0,3355.212646484375,708.0,1097.791748046875,107.0,84.09867095947266,0.0,11.826335906982422,270.0,298.3668212890625,1.0,2.0519487857818604
exemplar,323,exemplar,exemplar/archive_4/64424fcf-ad58-4dc1-82e0-e3868ab87fd6.pt,3130.0,7976.107421875,2898.0,7635.79248046875,5.0,11.427206993103027,2.0,5.362573146820068,2764.0,1037.7913818359375,1024.0,83.61425018310547
exemplar,324,exemplar,exemplar/archive_4/6d55b2ed-ab05-4aba-a4a8-3f15f3dfd306.pt,56938.0,27775.0078125,8701.0,8689.2734375,0.0,0.0,0.0,8.640487670898438,89.0,439.8062438964844,2.0,18.68852996826172
exemplar,325,exemplar,exemplar/archive_4/77643d2e-ad72-4bcc-b6e9-1a147858d106.pt,35752.0,44790.3046875,57348.0,34376.28515625,149.0,22.61435890197754,7.0,10.586954116821289,862.0,1247.5675048828125,128.0,135.35948181152344
exemplar,326,exemplar,exemplar/archive_4/78a6191a-884a-46bd-88ca-cc672b209ed2.pt,62771.0,233353.578125,34172.0,112591.328125,1980.0,570.7933959960938,7.0,28.360525131225586,289.0,457.9873352050781,5.0,15.986414909362793
exemplar,327,exemplar,exemplar/archive_4/793ea687-01ef-44be-b851-29489b1d2453.pt,9606.0,40030.48828125,14135.0,27483.4453125,5.0,16.78881072998047,4.0,9.877504348754883,1080.0,825.375,160.0,50.60331344604492
exemplar,328,exemplar,exemplar/archive_4/7e1e21b3-d775-40d7-b923-9c251c8ff98f.pt,42926.0,208555.21875,10071.0,99996.015625,2045.0,492.6769714355469,1.0,25.245954513549805,32.0,443.78009033203125,1.0,15.057889938354492
exemplar,329,exemplar,exemplar/archive_4/81049602-6fd0-431d-9dbd-aef3d91e01e8.pt,7371.0,30041.134765625,8872.0,23047.671875,3.0,9.548928260803223,3.0,7.254411697387695,2628.0,1238.8131103515625,1024.0,122.60588073730469
exemplar,330,exemplar,exemplar/archive_4/88b89300-6a68-4bc1-b5ca-e93bef2c30ab.pt,58.0,1249.1903076171875,5.0,40.984413146972656,0.0,0.0,0.0,30.254667282104492,16.0,393.9321594238281,1.0,2.2864763736724854
exemplar,331,exemplar,exemplar/archive_4/898dad40-db7b-47cd-af97-3522c21a66a7.pt,5172.0,21603.453125,1949.0,12592.95703125,2.0,7.729151725769043,1.0,5.901878833770752,49.0,844.2042236328125,12.0,55.09957504272461
exemplar,332,exemplar,exemplar/archive_4/89d891b2-fb1f-42c9-a51c-82cb5df44342.pt,6081.0,14646.9033203125,5590.0,3140.66259765625,2.0,4.7497334480285645,0.0,13.507862091064453,310.0,1015.5991821289062,294.0,95.52244567871094
exemplar,333,exemplar,exemplar/archive_4/8b0e6e47-4421-4097-acfc-430e933fda9e.pt,63.0,1568.7178955078125,1.0,16.879121780395508,0.0,0.0,0.0,23.745365142822266,12.0,575.4786987304688,1.0,23.936668395996094
exemplar,334,exemplar,exemplar/archive_4/8b353157-f769-4d64-a2b9-0ec8c60ed8a1.pt,2664.0,11229.4228515625,782.0,751.1722412109375,0.0,0.0,0.0,18.187397003173828,39.0,903.8880615234375,24.0,57.66292190551758
exemplar,335,exemplar,exemplar/archive_4/8c5381e4-a0a9-4d25-8d9f-a7dc0defa1fa.pt,5066.0,13235.685546875,4598.0,7348.26220703125,128.0,81.4493179321289,0.0,14.75710391998291,409.0,377.87353515625,64.0,6.397957801818848
exemplar,336,exemplar,exemplar/archive_4/8c92183a-750e-4a40-bed6-f6bf66068a7a.pt,6594.0,17122.859375,5240.0,4439.1279296875,4.0,8.411975860595703,0.0,11.207841873168945,128.0,691.954345703125,88.0,39.705352783203125
exemplar,337,exemplar,exemplar/archive_4/90a548ee-6183-405f-a8d9-33388f78d5ca.pt,14980.0,30545.55859375,18614.0,23089.033203125,7.0,12.042089462280273,3.0,7.303519248962402,2633.0,1431.3951416015625,1024.0,191.24534606933594
exemplar,338,exemplar,exemplar/archive_4/914614f2-637f-4b82-88d3-a9493d2e4e55.pt,34508.0,44790.3046875,47632.0,34376.28515625,149.0,22.61435890197754,9.0,10.586954116821289,838.0,1247.5675048828125,128.0,135.35948181152344
exemplar,339,exemplar,exemplar/archive_4/93e7c6b7-e200-4cf5-a00f-14a34b93201c.pt,9091.0,19082.36328125,7139.0,16407.111328125,6.0,6.056393623352051,1.0,5.801095008850098,438.0,1443.2684326171875,423.0,210.32150268554688
exemplar,340,exemplar,exemplar/archive_4/9534d794-7535-4fdc-b445-c2419b20ffaf.pt,29208.0,96389.7734375,3870.0,41044.96875,5.0,110.86372375488281,2.0,25.846343994140625,532.0,357.65740966796875,1.0,8.081666946411133
exemplar,341,exemplar,exemplar/archive_4/964aaac0-3bed-4318-bea6-21d50ad72c0e.pt,21176.0,32612.1640625,32593.0,25444.1015625,128.0,10.407448768615723,8.0,8.0416898727417,2889.0,1295.13427734375,1024.0,131.7956085205078
exemplar,342,exemplar,exemplar/archive_4/97dbcdf5-c848-49aa-9352-d36fb012c09e.pt,2168.0,5377.4609375,290.0,329.71868896484375,0.0,0.0,0.0,8.313736915588379,80.0,294.49163818359375,1.0,19.641895294189453
exemplar,343,exemplar,exemplar/archive_4/98139b78-5b5f-48a0-80de-d9b6e3d24d09.pt,912.0,9523.9208984375,743.0,5425.8203125,2.0,56.537715911865234,0.0,11.040626525878906,24.0,412.8439025878906,1.0,6.922311782836914
exemplar,344,exemplar,exemplar/archive_4/9a1f36d7-2816-4b0f-b8b5-b2e65627cf2e.pt,2738.0,11983.013671875,2633.0,6381.3916015625,5.0,94.77056884765625,14.0,15.417791366577148,537.0,362.95574951171875,3.0,5.660572528839111
exemplar,345,exemplar,exemplar/archive_4/9a6997d9-2bd1-4ff6-9a73-f05621c1f081.pt,21988.0,28252.18359375,24276.0,23103.681640625,0.0,0.0,5.0,4.404263973236084,6583.0,1334.982177734375,1296.0,158.97207641601562
exemplar,346,exemplar,exemplar/archive_4/9ada9795-eb64-47d0-aa19-a9162b706a25.pt,55454.0,100836.25,9473.0,35900.1796875,2327.0,205.14718627929688,2.0,17.149219512939453,534.0,324.76715087890625,1.0,7.51833963394165
exemplar,347,exemplar,exemplar/archive_4/9b0c91ce-b9b1-429d-9742-7450ed142395.pt,3275.0,30558.875,3636.0,23070.54296875,2.0,9.92846393585205,2.0,7.196385383605957,328.0,1142.3851318359375,96.0,104.16178131103516
exemplar,348,exemplar,exemplar/archive_4/9c54421a-7338-494a-8474-d9074a9ecf97.pt,2416.0,3355.212646484375,390.0,1097.791748046875,111.0,84.09867095947266,0.0,11.826333045959473,265.0,298.36712646484375,1.0,2.0519487857818604
exemplar,349,exemplar,exemplar/archive_4/9d448692-78f8-4d5c-8088-898eb5995a9b.pt,9619.0,8930.16796875,8367.0,8972.103515625,0.0,0.0,4.0,4.68910551071167,6581.0,1319.612060546875,1296.0,155.8910369873047
exemplar,350,exemplar,exemplar/archive_4/9e38eb64-1cfe-4f12-9432-22bdf4a349e1.pt,9207.0,19082.36328125,6958.0,16407.126953125,6.0,6.056394100189209,1.0,5.801095008850098,435.0,1443.2684326171875,420.0,210.32150268554688
exemplar,351,exemplar,exemplar/archive_4/a391283d-e967-49dc-b6bc-4b02d35e002e.pt,9507.0,8930.16796875,8401.0,8972.103515625,0.0,0.0,4.0,4.689105033874512,6582.0,1319.612060546875,1296.0,155.8910369873047
exemplar,352,exemplar,exemplar/archive_4/a3ea0c4f-3403-453c-81e8-4c9371ba8d41.pt,64857.0,85210.359375,21215.0,27213.44140625,0.0,0.0,0.0,0.0,101.0,282.4337463378906,2.0,6.068962574005127
exemplar,353,exemplar,exemplar/archive_4/aab521f7-157c-46ec-bffc-c37761dff1db.pt,52704.0,23916.87109375,32026.0,16727.685546875,24.0,10.767730712890625,1.0,5.566457271575928,392.0,954.900390625,99.0,82.25041198730469
exemplar,354,exemplar,exemplar/archive_4/ab77bd50-b36b-4b19-913c-cd01ff0e8a94.pt,6695.0,30701.78125,7690.0,23174.71875,8.0,12.18543815612793,2.0,7.33797025680542,333.0,1408.154052734375,96.0,184.25823974609375
exemplar,355,exemplar,exemplar/archive_4/acd0fc9a-5e08-4344-88ef-ada264891cb6.pt,59520.0,51145.39453125,9351.0,5534.697265625,0.0,0.0,0.0,0.0,89.0,162.71356201171875,1.0,0.8941155076026917
exemplar,356,exemplar,exemplar/archive_4/ad9bbfab-8ff4-49f3-8d9c-ab37947d788a.pt,29483.0,96389.7734375,4514.0,41044.96875,5.0,110.86372375488281,2.0,25.846343994140625,538.0,357.65740966796875,2.0,8.081666946411133
exemplar,357,exemplar,exemplar/archive_4/b1e95b21-3d49-4f0f-9eb6-fc4835b0816b.pt,3299.0,8674.169921875,4040.0,7136.755859375,5.0,19.64168930053711,0.0,6.596074104309082,1084.0,672.8485107421875,160.0,32.11644744873047
exemplar,358,exemplar,exemplar/archive_4/b3e352b0-02aa-42e9-b905-77d4b7f1dfd1.pt,3057.0,7989.8583984375,2828.0,7646.84130859375,3.0,11.42049789428711,2.0,5.355828285217285,2631.0,1037.5010986328125,1024.0,83.61425018310547
exemplar,359,exemplar,exemplar/archive_4/b3ee34d7-b26c-4327-9077-79e2513947cc.pt,345.0,2786.30322265625,297.0,564.6456909179688,0.0,0.0,0.0,24.26355743408203,17.0,393.4473571777344,1.0,4.609259128570557
exemplar,360,exemplar,exemplar/archive_4/b3ff10dc-d76f-4720-bd29-4bf354efbe46.pt,22877.0,44801.796875,798.0,11760.212890625,3.0,48.01660919189453,1.0,20.533649444580078,28.0,323.976806640625,1.0,5.622957706451416
exemplar,361,exemplar,exemplar/archive_4/b4dfdcc1-4667-49f1-ac5b-183e7ecc2ebc.pt,52.0,1249.1903076171875,1.0,40.98439407348633,0.0,0.0,0.0,30.254667282104492,13.0,393.9321594238281,1.0,2.2864763736724854
exemplar,362,exemplar,exemplar/archive_4/b5c285f0-db91-4f79-9db6-e8a7c94edf84.pt,21851.0,45499.265625,3533.0,11860.373046875,5.0,49.1207160949707,2.0,20.822551727294922,39.0,322.5689697265625,1.0,5.537391185760498
exemplar,363,exemplar,exemplar/archive_4/b624fe6a-af6a-49d1-9462-76d216decf06.pt,13427.0,43580.3046875,16969.0,32124.064453125,24.0,22.264549255371094,5.0,9.782139778137207,507.0,1147.6962890625,128.0,115.16887664794922
exemplar,364,exemplar,exemplar/archive_4/b8f39c72-91d2-4d02-b05c-57c42cb15022.pt,2269.0,3785.483154296875,1696.0,3499.582275390625,109.0,11.529975891113281,0.0,5.214406490325928,272.0,944.8956909179688,1.0,80.30997467041016
exemplar,365,exemplar,exemplar/archive_4/bba17e96-bfc6-4f7b-a3b3-e191e54db17e.pt,14842.0,43580.3046875,17106.0,32124.064453125,24.0,22.264549255371094,5.0,9.782139778137207,505.0,1147.6962890625,128.0,115.16887664794922
exemplar,366,exemplar,exemplar/archive_4/c0318fb8-5cf4-4868-a6e3-376c95dee192.pt,6459.0,38201.25,230.0,10932.6513671875,2.0,32.8966064453125,1.0,15.409808158874512,18.0,363.5803527832031,1.0,7.951265335083008
exemplar,367,exemplar,exemplar/archive_4/c21d74eb-cbc9-46a8-8b36-055d46bcd75f.pt,15484.0,43702.75390625,17459.0,32235.0390625,26.0,22.340768814086914,6.0,9.780248641967773,591.0,1152.18603515625,160.0,116.20137786865234
exemplar,368,exemplar,exemplar/archive_4/c3db69c9-fbf2-4375-ae82-034c48a2402e.pt,8039.0,37658.0390625,8344.0,27122.599609375,5.0,14.385289192199707,4.0,9.217845916748047,587.0,926.5867309570312,160.0,64.67852783203125
exemplar,369,exemplar,exemplar/archive_4/c450d8f6-023f-4ab0-85f6-0934c9d8e967.pt,402.0,1776.256591796875,354.0,323.9593200683594,0.0,0.0,0.0,9.412798881530762,19.0,752.0640869140625,1.0,42.66362762451172
exemplar,370,exemplar,exemplar/archive_4/c5aa81c6-cac5-44db-bb2d-0450c909ea9f.pt,64637.0,18998.068359375,46157.0,16434.095703125,10.0,6.1084980964660645,2.0,6.065773963928223,2214.0,1452.619140625,1691.0,214.61546325683594
exemplar,371,exemplar,exemplar/archive_4/ca4b5a45-6965-4ecb-9d2e-38ddff7463e5.pt,9741.0,30227.248046875,14518.0,23148.255859375,5.0,9.654631614685059,3.0,7.3214945793151855,2872.0,1222.42578125,1024.0,119.38089752197266
exemplar,372,exemplar,exemplar/archive_4/cc1c90d0-9335-4c05-bf3a-b750ec5adc20.pt,3275.0,30558.875,3636.0,23070.54296875,2.0,9.92846393585205,2.0,7.196385383605957,328.0,1142.3851318359375,96.0,104.16183471679688
exemplar,373,exemplar,exemplar/archive_4/cc2d357e-c3ae-491b-b7d7-703727137e95.pt,20159.0,38443.44921875,35143.0,28312.416015625,128.0,14.745210647583008,6.0,9.573604583740234,856.0,1003.1217651367188,128.0,75.029541015625
exemplar,374,exemplar,exemplar/archive_4/cd22e983-c9c3-4d45-929b-a53cb807295c.pt,5147.0,45257.94921875,1377.0,7684.59814453125,267.0,190.96621704101562,0.0,25.614990234375,20.0,239.02371215820312,1.0,3.7518482208251953
exemplar,375,exemplar,exemplar/archive_4/d2dd5e51-59c3-41f2-aa1b-e0f82ffe6545.pt,7939.0,37658.0390625,8237.0,27122.599609375,5.0,14.385293006896973,4.0,9.217845916748047,584.0,926.5867309570312,160.0,64.67855834960938
exemplar,376,exemplar,exemplar/archive_4/d89b0478-e5aa-475d-af6f-3e044a842d22.pt,23288.0,19809.486328125,3553.0,17322.5625,5.0,5.459878921508789,2.0,6.004861354827881,81.0,1324.0457763671875,53.0,143.70692443847656
exemplar,377,exemplar,exemplar/archive_4/d8f74d4e-05f1-4955-86f0-830ca762b176.pt,10390.0,30227.248046875,14642.0,23148.255859375,5.0,9.65462875366211,3.0,7.3214945793151855,2875.0,1222.42529296875,1024.0,119.38089752197266
exemplar,378,exemplar,exemplar/archive_4/d9f93158-6ccc-4d2b-a170-237f34ce5331.pt,4848.0,45257.94921875,532.0,7684.59814453125,281.0,190.96621704101562,0.0,25.614990234375,14.0,239.02359008789062,1.0,3.7518460750579834
exemplar,379,exemplar,exemplar/archive_4/da3f016e-20ab-4fd7-952a-595b8f71f7af.pt,22664.0,21552.580078125,1522.0,12448.642578125,3.0,7.956696033477783,1.0,6.452906131744385,41.0,835.1925659179688,10.0,52.499900817871094
exemplar,380,exemplar,exemplar/archive_4/db688f60-06c1-4a90-9135-f24939f749c1.pt,86.0,3356.265869140625,5.0,1166.075439453125,2.0,57.23957824707031,0.0,9.023327827453613,15.0,296.43994140625,1.0,2.880258321762085
exemplar,381,exemplar,exemplar/archive_4/de2b487d-3146-4596-8935-9b3df1e70a4f.pt,7720.0,37573.08984375,8021.0,27067.6875,3.0,14.340134620666504,4.0,9.196707725524902,500.0,922.7615966796875,128.0,64.06541442871094
exemplar,382,exemplar,exemplar/archive_4/deae57f3-6e32-43b3-82ae-eb94666b0ec5.pt,68.0,1249.1903076171875,1.0,40.984413146972656,0.0,0.0,0.0,30.254667282104492,12.0,393.9321594238281,1.0,2.2864763736724854
exemplar,383,exemplar,exemplar/archive_4/dff07353-88f8-4592-9a88-cda83160792d.pt,44477.0,47209.0234375,44202.0,32789.4296875,54.0,28.42436408996582,9.0,7.344626426696777,828.0,864.3165283203125,144.0,69.10965728759766
exemplar,384,exemplar,exemplar/archive_4/e276239b-fb1a-42fe-a821-26f171cd3740.pt,7705.0,9100.71875,10113.0,9098.158203125,128.0,11.545848846435547,2.0,5.668374061584473,3010.0,1087.1644287109375,1024.0,90.18647003173828
exemplar,385,exemplar,exemplar/archive_4/e950ae24-8149-4902-abb3-92bbe2aecd63.pt,1400.0,7602.18994140625,1336.0,7203.95654296875,2.0,12.631572723388672,0.0,5.308175086975098,521.0,949.40234375,192.0,69.49483489990234
exemplar,386,exemplar,exemplar/archive_4/eaba7bd5-f8e5-45c7-8194-e722f3af20ff.pt,2340.0,3902.930419921875,218.0,262.0452880859375,0.0,0.0,0.0,7.971831798553467,79.0,170.60903930664062,1.0,5.092963695526123
exemplar,387,exemplar,exemplar/archive_4/ead2ec1e-40d8-4acc-91c8-0d319af0c066.pt,55689.0,23949.23828125,31223.0,16748.517578125,27.0,10.803889274597168,2.0,5.58177375793457,402.0,955.6673583984375,105.0,82.34661102294922
exemplar,388,exemplar,exemplar/archive_4/eb5a1ea8-c51d-4bb9-b7b4-75eed4853c86.pt,20451.0,38443.44921875,34313.0,28312.416015625,128.0,14.745210647583008,6.0,9.573604583740234,857.0,1003.1217651367188,128.0,75.029541015625
exemplar,389,exemplar,exemplar/archive_4/ebce0d5b-5f05-4508-8ee8-3f25e158eb65.pt,7101.0,13424.46484375,3358.0,8085.7099609375,307.0,4.951566696166992,0.0,6.792341232299805,15.0,992.0936889648438,1.0,84.79408264160156
exemplar,390,exemplar,exemplar/archive_4/ecd4a3ae-951b-4cf2-9c32-79bbf5637673.pt,3041.0,11394.76171875,1909.0,5899.2373046875,5.0,88.59686279296875,0.0,14.675956726074219,40.0,366.8471984863281,3.0,5.471375942230225
exemplar,391,exemplar,exemplar/archive_4/ed65d0b7-0b0c-4b25-b9b3-bba6415e835f.pt,56036.0,23949.23828125,34149.0,16748.517578125,27.0,10.803889274597168,2.0,5.58177375793457,398.0,955.6673583984375,101.0,82.34661102294922
exemplar,392,exemplar,exemplar/archive_4/ef021cd3-8378-4d1e-9f1f-070602c5f684.pt,64588.0,18998.068359375,47501.0,16434.095703125,10.0,6.108498573303223,2.0,6.065773963928223,2228.0,1452.619140625,1704.0,214.61546325683594
exemplar,393,exemplar,exemplar/archive_4/ef2865d0-3f5b-4b1f-8655-ff7d550736c2.pt,132.0,3356.26904296875,42.0,1166.0760498046875,2.0,57.23957824707031,0.0,9.02332592010498,18.0,296.43994140625,1.0,2.8802618980407715
exemplar,394,exemplar,exemplar/archive_4/efa78183-092f-4770-86fd-d318cda4daa2.pt,9862.0,125528.7734375,5912.0,66531.5,425.0,194.300048828125,1.0,16.77348518371582,29.0,538.0867309570312,2.0,22.99560546875
exemplar,395,exemplar,exemplar/archive_4/f1369026-b6ce-4401-8f3a-9079a7bb9cfb.pt,64836.0,233353.578125,52517.0,112591.4375,1977.0,570.7933959960938,4.0,28.360509872436523,313.0,457.9873352050781,9.0,15.986414909362793
exemplar,396,exemplar,exemplar/archive_4/f2ac7800-495d-44fc-81ae-b3c9fdc3656d.pt,65321.0,85210.359375,21362.0,27213.44140625,0.0,0.0,0.0,0.0,101.0,282.4337463378906,2.0,6.068962574005127
exemplar,397,exemplar,exemplar/archive_4/f9012451-79a9-4be9-be03-9b56617d2e21.pt,5018.0,13235.685546875,4604.0,7348.26220703125,128.0,81.4493179321289,0.0,14.757107734680176,409.0,377.87353515625,64.0,6.397957801818848
exemplar,398,exemplar,exemplar/archive_4/f91aaca3-3e17-40f5-8dbc-f91b66fb6ff6.pt,14813.0,30553.5703125,18681.0,23105.576171875,9.0,12.077308654785156,3.0,7.3205461502075195,2767.0,1430.295166015625,1024.0,190.82330322265625
exemplar,399,exemplar,exemplar/archive_4/fe7e730c-d073-4096-b2ee-40007ede4bd8.pt,26547.0,96389.7734375,5472.0,41044.96875,5.0,110.86361694335938,2.0,25.846343994140625,538.0,357.65740966796875,2.0,8.081666946411133
