split,kernel_family,tensor_path,baseline_smape_lut,candidate_smape_lut,delta_smape_lut,delta_absolute_error_lut,baseline_smape_ff,candidate_smape_ff,delta_smape_ff,delta_absolute_error_ff,baseline_smape_dsp,candidate_smape_dsp,delta_smape_dsp,delta_absolute_error_dsp,baseline_smape_bram,candidate_smape_bram,delta_smape_bram,delta_absolute_error_bram,baseline_smape_cycles_max,candidate_smape_cycles_max,delta_smape_cycles_max,delta_absolute_error_cycles_max,baseline_smape_interval_max,candidate_smape_interval_max,delta_smape_interval_max,delta_absolute_error_interval_max
test,2layer,2layer/archive_1/0bc7e3b8-c2a6-427a-ab7b-97c8d1f26de3.pt,16.416309984992335,18.197067052521465,1.7807570675291302,0.02134086353309153,23.16248035800406,14.204987496490164,-8.957492861513897,-0.10904675324203303,0.0,0.0,0.0,0.0,23.061114054136887,26.796543325961157,3.7354292718242696,0.03900413513183594,9.411403278955655,4.815898790078197,-4.595504488877458,-0.05172890553292795,3.662551818528696,8.658194851978976,4.99564303345028,0.04567241025470359
test,2layer,2layer/archive_1/0ceedcf7-5069-43e5-b761-a592699392fc.pt,5.4026110308076465,13.861544272271052,8.458933241463406,0.09633070086440133,15.254285004661583,3.4973560616490142,-11.756928943012568,-0.10613355442564389,8.036024210631686,48.887057515980665,40.85103330534898,0.4928896427154541,11.529191805520131,15.24436280663733,3.7151710011171986,0.035564422607421875,9.427538175716355,2.941303255780695,-6.486234919935661,-0.06908147548272357,5.723104907324297,12.555856552326425,6.832751645002128,0.062495173202190626
test,2layer,2layer/archive_1/11fe5594-fbbe-4031-ac3a-4b43ba75a01f.pt,34.93538089158538,6.5874389499836745,-28.347941941601707,-0.23362517021071744,27.976388607721386,2.74171191275231,-25.234676694969075,-0.21837821436192914,67.43631763815696,17.897133137646247,-49.539184500510714,-0.3258768717447917,17.19272130506394,27.12722888835079,9.934507583286848,0.0943077802658081,13.904065009826038,8.301836290711769,-5.602228719114269,-0.062797911307703,6.851123866694729,6.159550041465803,-0.6915738252289261,-0.011180747427591464
test,2layer,2layer/archive_1/6979d03f-7ff1-4738-886e-3ee059a69d8a.pt,27.32141406691448,3.456812595344763,-23.864601471569713,-0.28244980710360246,17.792268318468675,10.395120457707316,-7.397147860761359,-0.0964758950455182,25.83879904084577,6.686289151830969,-19.1525098890148,-0.18962272008260092,0.5144086562576488,2.801800690474609,2.2873920342169605,0.017978858947753907,2.08498028671891,20.246886081691304,18.161905794972395,0.16320229388297872,2.496695107503686,9.139010545762076,6.64231543825839,0.06210047790130152
test,2layer,2layer/archive_1/80788302-2292-4caa-a003-821aed591a4a.pt,17.172802577611172,7.343716904199581,-9.82908567341159,-0.08731088549729102,28.280710102264152,8.695740968786119,-19.584969133478033,-0.16443308391577735,0.0,0.0,0.0,0.0,53.15703496271075,80.75932665838019,27.602291695669436,0.4729212522506714,0.912418858332658,14.870949629391035,13.958530771058378,0.1293167326775766,2.2826118715583457,12.767381742166823,10.484769870608478,0.09689591466815393
test,2layer,2layer/archive_1/81ae65ee-db11-4ff1-835c-a62e010c7087.pt,13.181201926579254,8.70927915680371,-4.471922769775544,-0.05005249655926166,12.543583959084804,2.9570949028098497,-9.586489056274955,-0.10380989630591597,21.130817374197104,28.945118935291944,7.81430156109484,0.08513299624125163,1.8005638209325585,2.9684918126610786,1.1679279917285201,0.00923462708791097,22.75228973484957,30.600533087514204,7.848243352664635,0.0611113271085415,4.748892746436908,12.949007644169514,8.200114897732606,0.0752187667802981
test,2layer,2layer/archive_1/b7ff2436-119d-4ba9-9b49-189b5fabbe4c.pt,0.518557669432793,20.491511615693287,19.972953946260496,0.1806660923670712,16.333380995608614,3.400565325318179,-12.932815670290434,-0.1444135824072479,12.088946362226828,2.3233197132943864,-9.765626648932441,-0.08763368924458821,2.4936198561460547,1.175039558274624,-1.3185802978714307,-0.010744953155517578,19.359674665094733,5.433619862037343,-13.92605480305739,-0.1584707528926157,4.061803503572954,12.946795102839964,8.88499159926701,0.08177278804017703
test,2layer,2layer/archive_1/b9c55cc1-33b8-4573-98e9-76d328fb262d.pt,7.664355079434323,25.387436288194838,17.723081208760515,0.21696343758795383,18.29847863480004,11.01252395806545,-7.28595467673459,-0.05110163119268223,19.862037173146664,58.545450796242065,38.683413623095404,0.5662003755569458,15.844097026969267,30.366405330061518,14.52230830309225,0.1394631266593933,14.116026561114069,12.997288166097066,-1.1187383950170027,-0.009810757871172733,3.1786518074472117,9.826029902628209,6.647378095180997,0.06134121455230625
test,2layer,2layer/archive_1/d18488ed-9367-45dc-9e7e-03a6dad1662e.pt,9.262891827783823,16.707547666740673,7.44465583895685,0.05706577837869272,23.609673919700036,5.933491881757447,-17.67618203794259,-0.2100642836844117,8.545670440990682,6.552043232479336,-1.993627208511346,-0.023676633834838867,19.917528291754536,9.031117157565456,-10.88641113418908,-0.10129795074462891,11.388605819898444,3.5831759686510223,-7.805429851247422,-0.08555143460032506,3.9276032088852464,13.495186601018274,9.567583392133027,0.0878847145280164
test,2layer,2layer/archive_1/d8705803-c54c-4ad6-bdd4-bea949213cf1.pt,4.003158919994556,21.037336512250587,17.03417759225603,0.14949745978060844,24.476607853690144,4.490202114652956,-19.98640573903719,-0.23497067764775237,31.00114491044697,11.013151567055573,-19.9879933433914,-0.20860878626505533,30.65378593442265,45.465968206443335,14.812182272020685,0.09156620502471924,0.35264223766913744,14.810223077056534,14.457580839387397,0.1343590992484037,0.028646708579381112,9.608333944468352,9.579687235888972,0.09137877776265395
test,2layer,2layer/archive_1/e2d32045-fe85-41fa-87fd-34469cfd2b33.pt,13.453988735737449,28.089830956383878,14.63584222064643,0.12024164523605711,17.986882396293286,32.98329401223086,14.996411615937571,0.11810664130054352,30.95922750943156,19.10901833870391,-11.850209170727652,-0.0843010425567627,24.985132156847577,26.296065466580547,1.3109333097329703,0.008582790692647299,13.027743014002729,25.1502319661605,12.122488952157772,0.10108501019728289,1.549048373688416,13.49758796804946,11.948539594361044,0.1108022885419378
test,2layer,2layer/archive_1/e71cebc8-9c8d-4db4-af21-b5ffd3e7d1e9.pt,61.53044345534708,54.963061999097135,-6.567381456249947,-0.1307931725918335,27.895483856873902,26.231922977203652,-1.66356087967025,-0.022248486651490065,0.4207575173958964,16.899213422157118,16.478455904761223,0.15032537778218588,6.251500799181579,23.19204593301274,16.94054513383116,0.14835715293884277,17.6710337689996,13.823915986088412,-3.8471177829111873,-0.045324092288669064,5.298353602367684,14.860488564868184,9.562134962500501,0.086688159344905
test,2layer,2layer/archive_1/ecfce556-484f-4093-a80c-893fda981e41.pt,6.7473580767805155,22.355535431114323,15.608177354333808,0.1358045815762028,7.960797950526105,12.073133283192965,4.112335332666859,0.030948974590742577,7.291450473435205,8.572391312257386,1.2809408388221808,0.010665798187255859,0.7382794918090576,6.167926203720339,5.429646711911281,0.04373196760813395,1.7972440148364617,10.679359574669512,8.88211555983305,0.08323707424633037,4.419304642229846,4.481587941043908,0.06228329881406225,-0.0013577336508753862
test,2layer,2layer/archive_1/f8730447-91f8-4ba9-8e61-8f68f3e2bcf2.pt,13.764262341319194,9.75527521695421,-4.0089871243649835,-0.05479812818895832,15.488603591517414,13.26922057029717,-2.219383021220244,-0.04344965901207867,3.8819383767807647,16.668862126662027,12.786923749881263,0.09999245405197144,43.71872871021409,61.59918789963105,17.88045918941696,0.10096151828765869,5.88597623144349,7.095425066449837,1.2094488350063477,0.007878088851865193,0.7283674007894257,6.117443609510221,5.389076208720795,0.052041742771250975
test,2layer,2layer/archive_2/09ec4d4c-915c-43e4-9a54-58a2827cf9ab.pt,8.224400376190085,32.74092737862672,24.51652700243664,0.3124923260692636,9.594730828684723,22.500128619653875,12.905397790969152,0.16195937355710036,1.7081075022258623,54.632575759724,52.924468257498134,0.6732182502746582,10.394801378764763,19.20519631722303,8.810394938458268,0.07710462808609009,20.786346405040895,10.610135928000544,-10.176210477040351,-0.1198812974030338,18.02991367664975,0.6085451029077673,-17.42136857374198,-0.1919262763035281
test,2layer,2layer/archive_2/2ac8c174-e837-49a4-8c42-d36055b4f958.pt,24.503061887922502,20.073442717126664,-4.429619170795839,-0.0358614902079349,29.820774943629527,22.883367461104896,-6.93740748252463,-0.054172605030428665,0.0,0.0,0.0,0.0,31.407561922154144,40.130820988703384,8.72325906654924,0.10356807708740234,12.397867887842395,1.321904271425497,-11.075963616416898,-0.11902629733890013,6.689138747815911,12.467069949539137,5.777931201723226,0.04814016796431276
test,2layer,2layer/archive_2/2b32602e-3d8f-4da0-b7a4-3ea8d164b7c6.pt,21.803968482106367,3.4998478289185497,-18.304120653187816,-0.20908948002848537,13.995119734807405,12.23332807921441,-1.7617916555929956,-0.03519756572831876,0.0,0.0,0.0,0.0,39.916457792762685,52.22943517562106,12.312977382858378,0.07121562957763672,0.1315882531565467,16.562967634481513,16.431379381324966,0.15162961581226592,6.257654312972795,3.327323301842984,-2.9303310111298106,-0.031863029936779474
test,2layer,2layer/archive_2/35d85fb7-eceb-4bbb-8fcf-e217cf41c819.pt,9.104914189926431,14.412890883136333,5.307976693209902,0.06823559591672135,14.97871769684072,4.19814376968134,-10.78057392715938,-0.0964655037990474,6.076810865759581,45.35548069164144,39.278669825881856,0.4616509675979614,7.731187892985224,18.018314159399186,10.287126266413962,0.09408221244812012,11.388605819898444,8.897606856199355,-2.4909989636990897,-0.02764064346926714,1.4660232577677634,4.011915288736777,2.5458920309690134,0.02455715124116772
test,2layer,2layer/archive_2/3886fc72-587a-462e-b4bf-d0a55ef58761.pt,40.60758095052999,26.617330576842864,-13.990250373687129,-0.0305055526693345,51.262301091467215,9.837804681098845,-41.42449641036837,-0.3045605033741108,52.27595280700512,51.39624964640965,-0.8797031605954686,0.259956955909729,92.53824072654209,24.405841119981368,-68.13239960656071,-0.37362797260284425,1.1949288181416426,0.928149061170845,-0.2667797569707977,-0.002552892064998702,7.82037870670539,2.4509341987558853,-5.369444507949504,-0.05714376808825442
test,2layer,2layer/archive_2/5d0eb902-1bc3-48ca-b0d4-3d6de45181de.pt,6.026840934645052,14.302414726836451,8.275573792191398,0.07497186820735759,7.945429192955004,7.522425965611249,-0.42300322734375495,-0.003920823960276528,0.0,0.0,0.0,0.0,16.284540925138565,20.914265894574935,4.629724969436371,0.04824604306902204,10.538085308903092,2.556420609716977,-7.9816646991861155,-0.08534182796809944,0.38551592703512116,9.194521037108817,8.809005110073697,0.0840334712589945
test,2layer,2layer/archive_2/7e1727a1-0ff8-4992-b05a-0691712f8fd0.pt,2.543694088606754,0.749633696013062,-1.7940603925936918,-0.017648744189049586,3.6632796501124707,3.3808768162709484,-0.2824028338415223,-0.00272704061282413,10.62847697506863,11.757050589499993,1.1285736144313638,0.022278308868408203,13.549758191252566,11.619202051917346,-1.93055613933522,-0.01758866310119629,11.659137979309099,0.1840303528864665,-11.475107626422632,-0.12194968966156126,1.6591681489031431,11.917968566404534,10.25880041750139,0.09599894459920111
test,2layer,2layer/archive_2/8c8e656f-83a3-47e2-9829-8045a8142667.pt,22.01400599701607,18.240047246470898,-3.773958750545173,-0.046661689808073156,17.511177853721694,9.076868320429973,-8.43430953329172,-0.09682729680689602,41.59032690871426,46.99256760256847,5.4022406938542105,0.0742948055267334,2.02829282891682,9.495875276575033,7.467582447658213,0.060493060520717075,6.197309725821214,14.166932587748981,7.969622861927767,0.07218290070564516,1.9537406118082272,4.691936515229473,2.7381959034212464,0.026492349297337278
test,2layer,2layer/archive_2/aa3e8729-4585-46ef-9832-c3b7f47e4df1.pt,7.205018161486973,25.018453704192478,17.813435542705506,0.1528204257246377,15.108250786802097,5.902460936634457,-9.20578985016764,-0.10609215541259705,22.095330371197143,14.215937089842022,-7.879393281355121,-0.0834382176399231,15.082369785308954,3.8887394554935137,-11.19363032981544,-0.10712535040719169,8.076035411682033,4.405183776896538,-3.670851634785495,-0.04105380265628696,9.625719352195844,10.99160182843502,1.3658824762391752,0.01235159955016738
test,2layer,2layer/archive_2/b461a518-3d3b-479a-938a-0c154da7735b.pt,39.940081110401515,44.86624084183582,4.9261597314343035,0.03353749090221486,12.738575066074741,21.289123221826294,8.550548155751553,0.07265007258720466,37.730319161714526,31.81717556503839,-5.913143596676136,-0.03985323224748884,16.783390717968782,9.972520955421897,-6.810869762546885,-0.06520787874857585,0.873563054168108,12.097650064089628,11.22408700992152,0.10529483688453659,3.2595289585185028,2.2182475817076104,-1.0412813768108924,-0.011194678842623498
test,2layer,2layer/archive_2/c6918bf7-28f9-40a7-a1c4-3bcf2f4e385f.pt,12.458923076837745,13.798819672549433,1.3398965957116875,0.011798706847170244,13.258512738317947,8.189546763293329,-5.068965975024618,-0.05660288766579518,0.0,0.0,0.0,0.0,27.77800247227823,21.205015999548994,-6.572986472729237,-0.06403833627700806,30.000742346174512,16.70143448223948,-13.29930786393503,-0.17065619574652777,7.1363144247203465,7.7563644135965495,0.620049988876203,0.0006638287753642039
test,2layer,2layer/archive_2/f2428e9d-edd8-42e7-99c6-e046e4644daf.pt,5.516349266028145,9.994957361603552,4.478608095575407,0.04847766411734447,5.213531200012745,2.955060767816203,-2.2584704321965416,-0.023536028111914357,0.0,0.0,0.0,0.0,1.0619379482185094,3.2168783954533287,2.1549404472348193,0.018873078482491628,0.13294022967516556,12.105290513376238,11.972350283701072,0.11280675026115579,8.518697621527322,1.0629428706728699,-7.455754750854451,-0.07839223405409314
test,2layer,2layer/archive_2/f3afd05a-bc98-4606-93b9-ee33d6762e32.pt,6.917241515958941,3.8448777801186043,-3.072363735840337,-0.027656864413188143,11.429532040982773,2.6864320439244103,-8.743099997058362,-0.08160583784842092,0.0,0.0,0.0,0.0,54.78013745831801,47.84300183366301,-6.937135624654999,-0.03994894027709961,5.458543279784778,9.018868792975153,3.5603255131903753,0.03017700450156576,12.966043835260397,3.4509304490208703,-9.515113386239527,-0.1047041606177413
test,2layer,2layer/archive_2/fe60de96-e0a9-4ea9-8814-8ce712e4cdfc.pt,23.57580053723819,4.621491163513612,-18.954309373724577,-0.1657226198178978,24.592140075717953,6.9211114690590625,-17.67102860665889,-0.1520929631329503,0.0,0.0,0.0,0.0,58.511748365620306,46.39090508669288,-12.120843278927424,-0.06919826160777699,1.8701392838413493,11.845832449885929,9.97569316604458,0.09329735971715329,9.767357394835575,4.605002996774196,-5.162354398061378,-0.05766430077402958
test,2layer,2layer/archive_3/019ce398-6703-4c14-a1d4-a1d4f721aa96.pt,24.030314245833083,2.7665328984684514,-21.26378134736463,-0.24581898802584282,6.332214746755662,12.853936768471964,6.521722021716302,0.05538114817223439,8.85437741651919,3.417310021334753,-5.437067395184437,-0.04823184013366699,13.130326172878824,15.844097026969267,2.713770854090443,0.023657560348510742,8.355794784808284,13.130666807799345,4.774872022991062,0.03600983183262712,0.17934373123931116,18.261381511738268,18.082037780498958,0.16549684205817283
test,2layer,2layer/archive_3/0bd01774-a474-431b-b52c-aca5c0745207.pt,36.480511373992876,35.17801381257048,-1.302497561422399,-0.019329855250979966,34.14996836651543,31.401407124421414,-2.7485612420940164,-0.0393152536682168,0.0,0.0,0.0,0.0,21.86878547510495,23.19204593301274,1.3232604579077893,0.012604475021362305,24.210206394836455,22.855567181403014,-1.3546392134334404,-0.017396763392857142,6.666882317734482,10.085165171934085,3.418282854199603,0.03148390984919964
test,2layer,2layer/archive_3/10d47412-3b99-4416-8957-0dd529a2c076.pt,17.292893970833067,6.883693584524905,-10.40920038630816,-0.12274305555555555,9.598955953567105,6.208502614976584,-3.390453338590521,-0.040610164214037944,44.058608149581644,5.598829932532759,-38.459778217048886,-0.4228878815968831,5.556355247917381,3.4631755039024736,-2.093179744014907,-0.016431987285614014,14.827358423544771,16.334141328352032,1.5067829048072614,-0.009134640619474894,1.0191966459422317,17.604034374853008,16.584837728910777,0.15147013754616082
test,2layer,2layer/archive_3/2620e563-4c2a-45a4-8260-a06013668b23.pt,17.934813413810236,51.3472609677896,33.41244755397936,0.2439803860240789,2.1270432304913296,28.48158002520997,26.35453679471864,0.2282538297792649,1.7900251731584047,31.216280427470046,29.42625525431164,0.2312535047531128,12.448467870042558,7.637860720230258,-4.8106071498122995,-0.04000192880630493,0.4456360632463028,25.165273732427938,24.719637669181637,0.21902380257009346,6.1099310026993905,10.320123154258166,4.2101921515587755,0.035094325673939906
test,2layer,2layer/archive_3/39669ce2-ff95-4a24-9e66-156ceeae168f.pt,26.468486416587997,2.402489125987774,-24.065997290600222,-0.280728856234855,15.938279355842212,15.348215383375255,-0.5900639724669574,-0.030639366302725346,0.0,0.0,0.0,0.0,18.018314159399186,9.679613134013572,-8.338701025385614,-0.07704339027404786,12.939868408303678,10.508416148121192,-2.4314522601824855,-0.03850625,4.550543298967631,11.870785228902054,7.320241929934423,0.06547772124118764
test,2layer,2layer/archive_3/73b18c1f-a08b-4490-9b1e-068dd5f1bc6f.pt,22.55870573409101,29.612740185483137,7.054034451392127,0.09332269151937819,10.434756643486645,12.405264937894367,1.970508294407722,0.022163395876690948,9.840191309953774,9.394974245192458,-0.44521706476131584,0.0039942264556884766,1.4838127793886788,2.3304813910452142,0.8466686116565354,0.006739457448323567,6.981637235212742,6.981637235212742,0.0,0.0,5.096979785873407,7.833167482444663,2.736187696571256,0.02567339443623075
test,2layer,2layer/archive_3/8863bfbc-c561-4a7b-af1a-8de2d0557eb1.pt,23.754793472437047,29.70166461541588,5.946871142978832,0.07925135370629144,11.49959687866844,12.625241129866895,1.1256442511984552,0.012747373309482623,26.358334982409396,43.07382403692324,16.715489054513846,0.20447889963785806,11.876575649259776,21.707584979104755,9.83100932984498,0.07324916124343872,1.2047455030588974,5.199171237680888,3.9944257346219905,0.03869657258064516,6.4087823395353025,9.143564066400225,2.734781726864923,0.025337626325065938
test,2layer,2layer/archive_3/88dc4815-a29e-4ae4-b3ea-5002f04e93f2.pt,9.249028936160983,9.128896335555266,-0.12013260060571618,-0.009670574960753532,16.06991470497015,13.24936014651001,-2.820554558460138,-0.050475277415143606,0.0,0.0,0.0,0.0,22.120938498499306,14.831699418226172,-7.289239080273134,-0.07081751823425293,4.704175353473368,17.477063311268946,12.772887957795579,0.1125394493734994,2.4959661418786547,13.916688916084432,11.420722774205778,0.10482101862491865
test,2layer,2layer/archive_3/96ddafdb-c1a1-464d-a77e-1f6956a91deb.pt,26.815244887972668,29.01424099098699,2.1989961030143235,0.016933330447342635,7.119383246014856,8.811230536709306,1.6918472906944508,0.01564705685344552,22.775047704964162,14.853671091198692,-7.921376613765471,-0.06318994001908736,34.83890478645005,31.65172977284665,-3.187175013603401,-0.03438830375671387,9.717871618623473,2.075676416470566,-7.642195202152907,-0.08158114753831318,4.888214376431176,7.778642474305385,2.890428097874209,0.02475759904798839
test,2layer,2layer/archive_3/98c7083e-8b81-4b46-99a6-9214ede4dd8c.pt,7.413788545032273,38.227584650943015,30.813796105910743,0.24944132374885217,13.276750678356576,21.395966012132153,8.119215333775577,0.05107313005156076,5.946831249826503,17.049607702040422,11.10277645221392,0.08623132705688477,7.073973830710582,20.47572235709447,13.401748526383887,0.09835678339004517,3.8397567789899707,20.746727608659118,16.90697082966915,0.15028698355198747,3.7225908656736606,6.459712444544015,2.737121578870354,0.026027859306949442
test,2layer,2layer/archive_3/b1bf04f8-e2f7-4a52-bdde-c01f4bad1309.pt,35.08184081879111,36.3844715633195,1.3026307445283933,0.019309329875291714,22.83165567558924,12.746619071639993,-10.085036603949247,-0.12158977823266093,0.0,0.0,0.0,0.0,29.877875039064616,31.407561922154144,1.5296868830895285,0.01706686019897461,9.789201451118126,2.1902222838560883,-7.598979167262038,-0.08125671762705339,0.6560997449410779,8.925037661498505,8.268937916557427,0.07884326773242716
test,2layer,2layer/archive_3/cb71f7ec-d572-47de-9a42-bd8019b6f8dc.pt,9.629101720838957,8.28614503267968,-1.3429566881592763,-0.012302705405932864,12.80732276138862,10.837216255434004,-1.9701065059546163,-0.017563204009368203,0.0,0.0,0.0,0.0,47.26242590070704,42.31428611869131,-4.948139782015737,-0.030031160874800247,6.208207019798473,11.259381368627439,5.051174348828966,0.04251827004548698,10.573301737869595,4.481587941043908,-6.091713796825688,-0.06778946210950909
test,2layer,2layer/archive_3/d5f86079-3543-44fc-98fa-3a44b519fadb.pt,10.691492691029206,30.32954678057448,19.63805408954527,0.15040103795575155,21.33631631059493,21.150492910425545,-0.1858234001693866,-0.04756447491897768,26.352759597746843,11.907655466696067,-14.445104131050776,-0.17202177047729492,5.526805203939821,17.801703533493427,12.274898329553606,0.09140435854593913,0.665332162041504,17.27302502158122,16.607692859539714,0.15230520445056056,1.2042978841739658,9.062077566082401,7.857779681908435,0.0745601219984103
test,2layer,2layer/archive_3/f34246be-39d1-451b-80fe-ead3345822d9.pt,1.5836205718936616,19.88132085970015,18.29770028780649,0.16486864718165492,3.8665191755058754,13.623044844491448,9.756525668985573,0.08811084515940902,22.407790177648206,19.888417599673474,-2.519372577974732,-0.018889109293619793,17.19272130506394,14.489950313830857,-2.702770991233084,-0.023909449577331543,1.933116419564001,12.16395660948405,10.230840189920048,0.09512399031851512,5.354359084683392,7.997315788435926,2.6429567037525334,0.021872289679098007
test,2layer,2layer/archive_3/fa89eaf8-f149-4239-a01e-f7c059112c6f.pt,10.416159845178727,9.303979439803651,-1.1121804053750761,-0.020979967772818187,11.935768764686598,12.88626500334524,0.9504962386586424,-0.0058702510950911545,0.3671252506335846,13.96309854673948,13.595973296105896,0.11415667533874511,11.529191805520131,0.10254392812707813,-11.426647877393053,-0.10109972953796387,1.3601683457697764,12.608142313735101,11.247973967965324,0.10490150225374649,1.9600790062022262,7.434943161217591,5.474864155015364,0.05226672822960251
test,2layer,2layer/archive_4/0531fe1b-e636-44ef-97b4-dfa2611005cd.pt,16.15518974415578,12.585296900606718,-3.569892843549063,-0.03107374561123003,7.7963474561426205,15.676558778772888,7.8802113226302675,0.08896467257340053,23.753410485701906,9.394974245192458,-14.358436240509448,-0.1424724260965983,30.2508566014083,43.3131743793955,13.062317777987197,0.13096308708190918,25.432798859534405,6.832380044605083,-18.60041881492932,-0.22053364874089806,4.983511588774335,12.675694372130069,7.692182783355734,0.07053267103177828
test,2layer,2layer/archive_4/220abe4b-c84a-4896-a433-d724e728e262.pt,13.733267235213727,9.338744156048413,-4.394523079165314,-0.058235281454509666,25.344015901428538,2.1973307517331446,-23.146685149695394,-0.26847125828879653,28.354467292285403,10.618831875472363,-17.73563541681304,-0.19096136093139648,11.839928567160381,0.21505095671192098,-11.624877610448461,-0.10308059056599934,2.5584399257173236,16.506023909964675,13.947583984247352,0.1272055477897028,1.9600790062022262,8.118649121537487,6.1585701153352606,0.05860069626046025
test,2layer,2layer/archive_4/247e4213-8ae5-462d-b957-a9f783755031.pt,20.153549813769573,26.788546008169558,6.634996194399985,0.08519271235905247,28.780974633706695,26.564794643992453,-2.2161799897142416,-0.02985016930727709,0.0,0.0,0.0,0.0,16.746837300249375,23.373937574013258,6.627100273763883,0.06551899909973144,22.86928205517056,10.97094079641446,-11.898341258756101,-0.1421211851379724,0.5039647001031502,12.131127065847462,11.627162365744312,0.10932552362968567
test,2layer,2layer/archive_4/44856706-581b-4c89-8857-83ce12bad9ec.pt,0.5383773532831536,29.478220728760373,28.93984337547722,0.34033117503682403,5.432551442848154,19.918971878138628,14.486420435290473,0.168326113727107,0.0,0.0,0.0,0.0,30.18438932123873,46.28361969974154,16.099230378502813,0.19735918045043946,25.250772848313332,25.742048414330004,0.49127556601667166,0.006452469341016548,2.897401015009868,8.371058525158801,5.473657510148934,0.05178000079877876
test,2layer,2layer/archive_4/62878700-1b8b-452f-8cfd-c1c35028130d.pt,82.45444429663765,46.01208683876445,-36.44235745787319,-0.2097758886249757,61.69316915775614,27.443913230362842,-34.24925592739329,-0.23016169286669114,130.27203176819015,85.86094551053179,-44.411086257658354,-0.18467447492811415,159.74716709678913,147.91599040136245,-11.831176695426677,-0.03662923723459244,12.415621283516483,8.679481089664147,-3.7361401938523358,-0.04162935567149654,15.034051816385459,2.731717864804147,-12.30233395158131,-0.13478957636566333
test,2layer,2layer/archive_4/62ea446b-b849-47d5-8216-a2f7c8cb4bac.pt,9.503613911746982,15.311944893161398,5.808330981414416,0.0515042497214928,8.789270017897934,18.90587307549259,10.116603057594656,0.08853534098237317,36.74675304403682,30.335001995568184,-6.411751048468638,-0.043672493525913784,11.218259713340807,4.958439721087533,-6.259819992253274,-0.056670029958089195,0.6183878263756738,13.583552068282337,12.965164241906663,0.12102253297654576,3.045446597010644,5.170556485317146,2.125109888306502,0.0194743285815013
test,2layer,2layer/archive_4/b5944cf1-ec69-416a-918c-89e52b78fc28.pt,37.677213780326525,17.45455739242489,-20.222656387901637,-0.15650626936859863,21.148215219704,6.538544509283724,-14.609670710420275,-0.12793764432579058,35.8798951568248,9.070441124695057,-26.809454032129743,-0.18305721879005432,13.905349102499033,4.246415422340284,-9.658933680158748,-0.0736939509709676,18.54442513312226,21.511150532773954,2.9667253996516934,0.02451136097781937,3.1733313130432577,5.727157826738445,2.553826513695187,0.02342854999302678
test,2layer,2layer/archive_4/c1a49590-4bb5-4f0e-8f35-7b55a980a2ab.pt,31.47467112354248,35.39867857046315,3.924007446920669,0.028805561947085005,21.5484128837063,25.586690824064924,4.0382779403586255,0.03231948355892961,71.2703904359968,63.03821155208188,-8.23217888391492,-0.0443731454702524,33.839563006747156,31.407561922154144,-2.4320010845930113,-0.027781009674072266,16.094846801787586,2.3504734877695177,-13.744373314018068,-0.151789042407547,6.066927871792036,16.30442973566554,10.237501863873504,0.09185857413702929
test,2layer,2layer/archive_4/de7b06f7-2fcc-4ab6-8233-7ad7645abe6e.pt,2.6275816450373912,15.28461400702094,12.657032361983548,0.11536557745997379,17.72327145730383,3.4125225553716847,-14.310748901932147,-0.16090492557481126,10.10314148573723,8.55344401952029,-1.5496974662169407,-0.01491934061050415,8.38162278128946,5.774108483436224,-2.6075142978532355,-0.022419834136962892,16.14279708993802,3.440818996587514,-12.701978093350508,-0.14057187987486436,0.8996654361816336,9.111348101681077,8.211682665499444,0.0781708589845377
test,2layer,2layer/archive_5/01b1b34c-4116-423f-9b66-0a38ef57fe7d.pt,11.178179983724965,25.405455716854505,14.22727573312954,0.1195529296657769,13.688404308647796,17.337876754120078,3.6494724454722824,0.03143129075296265,0.0,0.0,0.0,0.0,13.700024234120077,10.284254463017609,-3.415769771102468,-0.03221448262532552,1.7879328834697108,12.182068665532906,10.394135782063195,0.09677727367016505,11.674674018868242,4.746290083164697,-6.928383935703545,-0.07760799133872787
test,2layer,2layer/archive_5/16935233-3535-4f65-9ab1-90cc047d3786.pt,13.768725387099364,32.130073643326455,18.36134825622709,0.2539688332489119,25.872049629061777,14.34608861467988,-11.525961014381897,-0.07453565410539216,15.999945205702376,71.2794509008742,55.27950569517182,0.799466053644816,39.4659394524512,13.905349102499033,-25.56059034995217,-0.16633522510528564,19.949354453181268,15.737668310157513,-4.211686143023755,-0.03549933795242739,3.1813917052243066,6.403828052934207,3.2224363477099005,0.02971683924213666
test,2layer,2layer/archive_5/282c6821-19c6-4f40-8807-d950291f0db9.pt,13.191471653254727,10.329223779013182,-2.862247874241545,-0.014834531456771063,15.223331960135917,3.3875790792855525,-11.835752880850364,-0.10700174758169806,12.421241785579417,42.97813137731431,30.556889591734894,0.3766583800315857,19.10411821111163,6.809638326809408,-12.294479884302222,-0.09044146537780762,0.16002469749640205,3.0863000415570023,2.9262753440606004,0.028789305468408993,7.4228656387776555,0.10674773547613801,-7.316117903301517,-0.07600746386916836
test,2layer,2layer/archive_5/3a732374-19a4-4146-a2be-4c53a08d1565.pt,21.0300079079571,13.908619587563058,-7.121388320394042,-0.08552651363271853,8.826450469316276,7.263494625310495,-1.5629558440057814,-0.022249132768026564,0.0,0.0,0.0,0.0,1.4838127793886788,0.10254392812707813,-1.3812688512616007,-0.011603434880574545,0.17805419367782221,18.74735253255912,18.569298338881296,0.1696048507235257,9.338295519388378,5.719612193518357,-3.6186833258700215,-0.0423416104595987
test,2layer,2layer/archive_5/437fc7ff-10a1-44c8-a656-32459d303c39.pt,7.875532501431263,6.472281218754817,-1.4032512826764467,-0.019288640458246232,5.3887420994695585,1.388562374154379,-4.00017972531518,-0.04158661350448068,41.094162804620375,9.394974245192458,-31.699188559427917,-0.3488612174987793,2.884644628423982,4.162185753925023,1.277541125501041,0.01055261492729187,11.731078555341261,15.20519929312911,3.4741207377878496,0.016682219328703705,0.033506901919668396,16.117610350216584,16.084103448296915,0.14873146524234693
test,2layer,2layer/archive_5/461bc232-725a-4036-874e-39b0c188268f.pt,14.387445079538116,1.4041358556594636,-12.983309223878653,-0.14087973655393987,30.449773111883072,11.469850342899532,-18.979922768983542,-0.2374893251954526,0.0,0.0,0.0,0.0,29.075154005612998,17.864935983050596,-11.210218022562401,-0.10802805423736572,22.258752321616228,4.086858963044883,-18.171893358571346,-0.20869346499770852,1.9515369653234367,19.356104396003257,17.40456743067982,0.1571071315456081
test,2layer,2layer/archive_5/50dc66bb-87d2-4a12-8cc1-51e6e90d6204.pt,8.05849056531282,4.921991944654841,-3.136498620657979,-0.03350542702477161,3.524808332071872,10.29449567231091,6.769687340239038,0.06326542413322946,33.29795310238929,1.8415400738506884,-31.456413028538606,-0.24812071663992746,36.103244346137835,29.075154005612998,-7.028090340524837,-0.07526326179504395,8.2753316784266,19.33349439817332,11.058162719746718,0.09681433887534818,1.141634823697525,16.173881756942766,15.032246933245242,0.13824759045593976
test,2layer,2layer/archive_5/5478cbb6-59e4-411e-aeeb-344660d41274.pt,37.96662138069363,9.331486553412612,-28.63513482728102,-0.2212049104575085,46.268149542682785,0.04528473419386517,-46.22286480848892,-0.37529030004681374,0.0,0.0,0.0,0.0,74.87804768156042,48.13316106070717,-26.74488662085325,-0.14258807355707342,4.174628226144426,3.0680290364298113,-1.1065991897146148,-0.012416249371268173,10.213005824160359,5.190132292459626,-5.022873531700733,-0.057007788619439385
test,2layer,2layer/archive_5/586681b2-cc72-4baa-b22f-34e7cabaa7fd.pt,34.42309037127595,38.110278691295925,3.6871883200199775,0.026422272898411828,8.456852216850425,16.052932420901502,7.596080204051077,0.06746223157028239,28.851546247666143,18.442936289731083,-10.40860995793506,-0.07733501706804548,6.530546123667929,2.749790301636447,-3.7807558220314825,-0.033023834228515625,14.586462621634075,1.6260876652315186,-12.960374956402557,-0.1409320750696312,3.684609018203254,4.531709847353731,0.8471008291504774,0.006774296099006729
test,2layer,2layer/archive_5/59d162be-b203-43c4-8116-38363d640224.pt,27.29726462896672,34.73837679341471,7.44111216444799,0.10428066734506303,2.2155402018496786,4.562089700695296,2.3465494988456173,0.02477176966292135,36.008528967750266,12.116357163086136,-23.89217180466413,-0.17726748330252512,128.57392643861706,125.29039053073903,-3.283535907878033,-0.011520430445671082,12.965403397131766,4.11570918391549,-8.849694213216276,-0.09658984496614259,3.7138234989628667,5.874673027215825,2.160849528252958,0.01921946895730359
test,2layer,2layer/archive_5/6e7eedd6-a8b9-40b8-97e2-9be63e48750e.pt,4.449646734755934,13.40141249606923,8.951765761313297,0.0981263112543084,1.006196784333863,2.382920443658976,1.376723659325113,0.014104251307197564,0.0,0.0,0.0,0.0,8.738242404076201,5.587818757941746,-3.1504236461344552,-0.021866798400878906,20.543650795485405,33.775528810883706,13.231878015398301,0.10264882288089291,2.523104126230978,13.889466971067383,11.366362844836406,0.10430547826850985
test,2layer,2layer/archive_5/921e576c-e373-48dc-bf65-957fbb0ce868.pt,5.114619101710644,11.383331699259738,6.2687125975490945,0.05783022671659499,11.811508815930294,6.73877013198477,-5.0727386839455235,-0.05578748252282078,5.945739096806803,2.3233197132943864,-3.6224193835124168,-0.028528809547424316,7.479703451421922,0.5144086562576488,-6.965294795164273,-0.0535545825958252,25.517683375931554,18.363131269427612,-7.154552106503942,-0.09028604023318043,9.533628726772996,17.03249942906893,7.498870702295935,0.06594805202729087
test,2layer,2layer/archive_5/a0d9e94e-4271-42cc-8aee-8efffc692fb2.pt,4.641582554371376,3.2964519051954957,-1.3451306491758803,-0.012932755674202484,3.7728556091381615,0.9488942830243103,-2.823961326113851,-0.02891880153434206,11.648876031115265,24.609738955793304,12.96086292467804,0.13731825351715088,18.010705262840922,9.66057325136171,-8.350132011479213,-0.08035214742024739,0.8353989005118723,10.814114506025883,9.97871560551401,0.09426778422231859,2.0978534248956615,4.748892746436908,2.651039321541247,0.02518328661969539
test,2layer,2layer/archive_5/a6eac18f-9b96-45c1-a691-872eed687a1a.pt,16.344944671431684,15.007642484094358,-1.3373021873373254,-0.01574411387708291,21.819707333955584,15.099686172165082,-6.720021161790502,-0.08158526770191735,16.899213422157118,23.753410485701906,6.854197063544788,0.07079855600992839,11.059720774574297,17.9685236561076,6.908802881533303,0.05148928506033761,8.430674195121371,3.9399669890828903,-4.490707206038481,-0.04782163046239837,3.3229426869791983,6.060495635718863,2.7375529487396646,0.026133043639053253
test,2layer,2layer/archive_5/aad8c516-1e8d-4558-9a32-aa6a11084cdf.pt,5.378827181593839,15.218842261368668,9.84001507977483,0.10944511592499599,0.9326790807969662,16.82077214338063,15.888093062583664,0.17436391183640304,0.0,0.0,0.0,0.0,46.60299543179599,86.46963059424401,39.86663516244802,0.6867551207542419,8.005601537030042,1.203790706472495,-6.801810830557547,-0.07126777735396687,3.5189124615414613,6.410447875656201,2.89153541411474,0.026283722290332264
test,2layer,2layer/archive_5/e1ac2c16-4ef7-43a8-a0db-5527c6731024.pt,2.036650511174696,14.980317968244377,12.94366745706968,0.1417664672140233,12.29253772003701,6.048332695176276,-6.244205024860735,-0.053435910083326654,0.0,0.0,0.0,0.0,34.20446541634201,69.78094161466656,35.57647619832455,0.4943525791168213,6.853106990208392,1.3869657385730931,-5.466141251635299,-0.05717231517199887,4.056236099503315,7.243287509935836,3.187051410432521,0.02848442784209157
test,2layer,2layer/archive_5/fa20fcd6-b58e-492c-83c5-a72dae89d539.pt,31.054689958105207,4.7996305238115715,-26.255059434293635,-0.21962714711411338,37.44248915839308,3.573323669651397,-33.869165488741686,-0.28026752063089455,48.72578216107342,28.049907765089593,-20.675874395983826,-0.060864925384521484,33.56853422030387,46.60299543179599,13.034461211492122,0.15316587686538696,7.250318775585935,15.960633890113185,8.71031511452725,0.0778343167205022,1.2604879301240082,15.1471219463164,13.886634016192392,0.12809101810334309
test,2layer,2layer/archive_6/0bb1e31f-bbbb-496c-bf9a-e4d911f657c9.pt,8.818250878925998,32.16287751675413,23.34462663782813,0.29878314990331395,32.814479782602454,51.68593945836697,18.871459675764513,0.3043911572843682,0.0,0.0,0.0,0.0,51.80359251309057,35.15380636206049,-16.649786151030078,-0.18174429734547934,35.18481683045671,17.521386375177013,-17.6634304552797,-0.23477121528339262,5.174861235156648,9.89233529593558,4.717474060778931,0.04110225895661829
test,2layer,2layer/archive_6/120a452c-a4f2-478d-92e7-6a6e87e48271.pt,33.41452856686321,20.648824183014117,-12.765704383849094,-0.17090257152123448,36.36360455449629,18.642411010442483,-17.721193544053808,-0.23884475610818073,40.597164720210536,34.569756550004726,-6.02740817020581,-0.07619007428487141,31.712594450428877,22.747995098242747,-8.96459935218613,-0.09616966247558593,12.265787090255294,2.7912024425592032,-9.47458464769609,-0.10235597796955404,6.886423285143898,10.986677451175037,4.10025416603114,0.03756902284667121
test,2layer,2layer/archive_6/15b5fba9-08cd-410e-bb69-c9ebbe2a23c6.pt,43.38091941113961,32.13768024992696,-11.24323916121265,-0.17105425217450393,15.519342393259018,5.099324021745805,-10.420018371513212,-0.11591573204646352,0.0,0.0,0.0,0.0,38.613728016569944,36.103244346137835,-2.5104836704321087,-0.02847355604171753,6.609993964341995,3.3652504740126097,-3.2447434903293852,-0.03412498344809322,0.22807409153077413,7.30235921038765,7.074285118856875,0.06814893476802147
test,2layer,2layer/archive_6/202fb70f-b728-4b2a-abec-17e0bb04b334.pt,0.8894193773999898,1.7865234512633057,0.8971040738633159,0.008852006153825092,8.639673565064516,1.866579772351877,-6.773093792712639,-0.07145271905110118,0.2965139553395298,13.190512079095912,12.893998123756383,0.12097585201263428,22.747995098242747,17.383089387824064,-5.364905710418682,-0.05303711891174316,8.984731910913052,2.4975040499629824,-6.487227860950069,-0.0687756115094244,1.1192389803445646,6.411327836520082,5.292088856175517,0.050858375712264904
test,2layer,2layer/archive_6/30f458cb-23e2-4c18-b5c0-24c46a3792a8.pt,24.95943894159827,2.72028573255478,-22.239153209043486,-0.2583357332297471,26.576476527006562,3.009426001369102,-23.56705052563746,-0.2759202870893806,23.753410485701906,11.013151567055573,-12.740258918646333,-0.12749838829040527,5.469997229123898,4.134240048226504,-1.335757180897394,-0.010190916061401368,10.413672204201376,4.311444437515506,-6.1022277666858695,-0.06764181061257646,0.44621336003849177,12.756279135412065,12.310065775373573,0.11543495622337908
test,2layer,2layer/archive_6/3b51d9f9-f5bd-4d59-9311-8fb6db1ec885.pt,3.0756068575166537,7.237674715851595,4.162067858334941,0.03861179760665973,4.121858991529483,8.58173085827668,4.459871866747197,0.04019931458821354,0.03968939600708374,2.2905661313827905,2.250876735375707,0.020395358403523762,7.784872510206277,3.381738984503254,-4.403133525703023,-0.03883552551269531,1.6042712897571685,16.054318030198623,14.450046740441454,0.13268804534902337,3.452232109530388,10.97430224188329,7.522070132352902,0.07008742713183388
test,2layer,2layer/archive_6/3bf3d581-9844-4ae9-b0a4-dedb9aed96b2.pt,36.50544802956379,25.564630546665562,-10.940817482898225,-0.15344382548465685,18.80359815538867,6.9940407406659935,-11.809557414722676,-0.13506671115876123,0.0,0.0,0.0,0.0,10.671908537849797,19.10411821111163,8.432209673261832,0.06089238325754801,0.5308188785195941,18.771823468898596,18.241004590379003,0.16624688383322864,4.45557841996958,11.970083331515394,7.514504911545814,0.06733737852515244
test,2layer,2layer/archive_6/3d370532-eca0-46a9-b448-cc93dd52b0b9.pt,11.556253891574976,28.640149803897117,17.08389591232214,0.2116142446586159,6.311742943104763,9.917892578571355,3.6061496354665916,0.04316592178153342,43.216675692170526,79.67657236441103,36.459896672240504,0.6764464378356934,15.47111316494973,21.492758098483456,6.021644933533727,0.05849852561950684,19.25697471322245,12.059678811649377,-7.197295901573074,-0.08473978281685236,10.082965060448032,19.61599582537696,9.533030764928927,0.08263259285923467
test,2layer,2layer/archive_6/401c6d2f-4572-431d-ae56-e4c72a88bcec.pt,23.38021160539056,27.131992278132053,3.751780672741493,0.029577803938356163,24.531796244305283,30.3507980890547,5.819001844749415,0.04500175159815236,0.0,0.0,0.0,0.0,8.097962687046888,12.460770074878798,4.362807387831911,0.04040853182474772,10.830962255001634,29.602781976889577,18.771819721887944,0.1551016123847109,2.293251678045723,20.23611595534258,17.942864277296856,0.16054044431687078
test,2layer,2layer/archive_6/4c2a5a38-c2da-41c0-92e8-83ac6bb5dce2.pt,6.408931698684239,3.2709644865154,-3.137967212168839,-0.029915309907364993,2.256065597588065,0.5681597993771917,-1.6879057982108732,-0.017151870956288465,3.444742403769532,16.771048778660486,13.326306374890954,0.13054734468460083,0.10254392812707813,0.7382794918090576,0.6357355636819795,0.005275607109069824,4.474684779200714,10.459495193664537,5.984810414463824,0.055624541883465474,6.265230021466083,0.10417453234957313,-6.16105548911651,-0.06362609766980909
test,2layer,2layer/archive_6/4d8a6bcf-de42-441d-abb0-debeb59f6405.pt,12.144737929996328,14.377562367014253,2.232824437017925,0.019637861626637554,3.920598265176424,1.8686948607479523,-2.0519034044284714,-0.021475232603177744,8.55344401952029,16.2610226087135,7.70757858919321,0.0766897201538086,20.149975644394438,12.770910654406624,-7.379064989987814,-0.07304596900939941,23.805497642133876,20.351991916095255,-3.453505726038621,-0.043638528963414636,19.16082215920165,17.80298828849282,-1.3578338707088307,-0.011377307281011717
test,2layer,2layer/archive_6/4e514361-0597-4189-b05b-e9f2e3036c09.pt,19.217809723444237,15.678371186694418,-3.5394385367498185,-0.06721766381603081,14.482833813657301,9.210370005762694,-5.2724638078946064,-0.06808134643795141,22.70646067219816,6.142839170210982,-16.56362150198718,-0.16064206759134927,13.810819268088512,11.765254985963077,-2.0455642821254347,-0.017509758472442627,2.6197936450702923,27.22393207016644,24.60413842509615,0.213721188361628,3.104679612558373,11.949466695095756,8.844787082537383,0.08119252558884847
test,2layer,2layer/archive_6/5f32b2fe-fd31-4514-a5e8-50c72316df64.pt,14.94245591274212,41.06706218550748,26.124606272765362,0.3552819118915645,3.6458263781577966,17.771780485577754,14.125954107419957,0.15923742345861486,5.054268744121318,46.50572405420217,41.45145531008085,0.46175607045491535,12.626068597944915,9.495875276575033,-3.130193321369882,-0.02409308297293527,10.127513839866628,15.10197268896183,4.9744588490952015,0.05667258239291415,6.060495635718863,7.428485203300373,1.3679895675815104,0.012800538553994083
test,2layer,2layer/archive_6/833686cb-ec8e-496f-ab76-dd9fcfa29801.pt,13.85402132150209,12.125320625675867,-1.7287006958262232,-0.034527605426810826,10.23911347439714,12.893920348448141,2.654806874051001,0.013213337569160937,17.961109953980138,6.686289151830969,-11.274820802149168,-0.10679761568705241,23.021356655330482,23.675587461828187,0.6542308064977043,0.00437164306640625,3.027953744219919,20.932871553578202,17.904917809358285,0.1596493076167458,7.97120635732122,5.719612193518357,-2.2515941638028636,-0.02740910130829718
test,2layer,2layer/archive_6/8c3999d4-26ed-4457-939a-d41bea818d1e.pt,9.542454704252203,11.778786139720008,2.2363314354678057,0.02495261286273181,17.32221953002832,13.672770174472362,-3.6494493555559586,-0.042884988151113565,14.233155658497948,26.877174377978324,12.644018719480377,0.13105130195617676,22.01566050505318,29.41876509168037,7.40310458662719,0.05087089538574219,1.0246911590489758,1.9719839726552728,0.947292813606297,0.009226977409743518,0.9894653758031596,3.7281141171430705,2.7386487413399108,0.026749988667429146
test,2layer,2layer/archive_6/8e8bfd47-cd90-43eb-bc3e-636277d88d17.pt,36.44128567197473,10.68412989632268,-25.757155775652052,-0.34416817499014973,34.82712606425488,8.304985520859614,-26.522140543395263,-0.34194687902245424,50.13589338223918,13.162292557912373,-36.97360082432681,-0.4401577313741048,7.731187892985224,3.4676063384855382,-4.263581554499686,-0.037068414688110354,1.6849171357451411,24.414524196590683,22.72960706084554,0.20085088872508047,0.9234393393165049,12.756279135412065,11.83283979609556,0.11061107023485565
test,2layer,2layer/archive_6/a6c9e2e1-da7f-4447-aa1a-feceb910d743.pt,20.325867725398254,6.738616766281507,-13.587250959116748,-0.11476899949106037,20.60649053088033,4.879314159456803,-15.727176371423525,-0.13679931302988396,19.32944348982102,30.33791097298068,11.00846748315966,0.1586970090866089,74.36649994464963,70.61851642049993,-3.747983524149703,-0.01874927112034389,1.9385160186365373,0.558683236861239,-1.3798327817752982,-0.013595756700802106,1.698549815518623,1.0404432023639587,-0.6581066131546642,-0.00677969514814622
test,2layer,2layer/archive_6/b1b34be5-0a0b-4b70-9ca4-8920b6bd2a46.pt,15.702378027816401,1.829606135075767,-13.872771892740634,-0.15193327209892027,20.44432438295258,6.109886146607759,-14.33443823634482,-0.1646897174000357,25.847753702016064,20.107413711709654,-5.74033999030641,-0.06805665152413505,30.366405330061518,22.531117742322774,-7.835287587738744,-0.07808041572570801,11.69137364395526,1.807534821943518,-9.883838822011741,-0.10590607806318002,0.4666268583446748,11.07279973583707,10.606172877492394,0.1002203617939614
test,2layer,2layer/archive_6/be25cb9d-6e3f-42fd-92d0-2907defc6b40.pt,15.132686729027833,24.458330717828996,9.325643988801163,0.07724791951664386,3.9279198773214254,8.160379544904815,4.23245966758339,0.03988059946910833,0.0,0.0,0.0,0.0,17.383089387824064,18.018314159399186,0.6352247715751211,0.0061165809631347655,19.888519862792453,7.463760456425692,-12.42475940636676,-0.1432942119688065,3.4702153066747092,10.217428653875288,6.747213347200579,0.061878972227845906
test,2layer,2layer/archive_6/c4b89ffd-5534-4864-b3c3-0365054a4bce.pt,46.73903799745266,46.73903799745266,0.0,0.0,5.187674947424101,6.316528221842564,1.1288532744184625,0.011966356155163975,25.19464563713738,4.922846192500579,-20.2717994446368,-0.1516270637512207,11.08069825560714,25.166155318441277,14.085457062834136,0.1279352903366089,18.261833108126922,17.022795386882446,-1.2390377212444754,-0.014901045979881138,10.37274684960728,17.86791368768895,7.495166838081671,0.06539620603800635
test,2layer,2layer/archive_6/d306205e-ea7c-4434-8f63-b495776541d2.pt,42.75131298911905,18.250683792907186,-24.500629196211865,-0.3428902646078934,24.922987537439866,2.457967807383918,-22.46501973005595,-0.2598069661868464,19.548983457661553,5.054268744121318,-14.494714713540235,-0.1373457908630371,2.136843387138307,2.136843387138307,0.0,0.0,12.538296289420423,2.180097885806018,-10.358198403614406,-0.11218789554255611,3.4509304490208703,13.020487490468083,9.569557041447213,0.08830469610407489
test,2layer,2layer/archive_6/dcdc9aa9-839d-4232-a871-59efea32b862.pt,15.218146300575732,6.056878905776796,-9.161267394798937,-0.07895818413337974,16.403939729367472,2.4820460458139775,-13.921893683553495,-0.12646796530934792,0.0,0.0,0.0,0.0,42.33355982719221,47.808790479631234,5.4752306524390235,0.06845337152481079,2.800620340106566,13.489228847109525,10.688608507002959,0.09872835497835498,5.696558517023633,13.802221373394529,8.105662856370895,0.07044579273498482
test,2layer,2layer/archive_6/dd583f5e-f725-41a9-a595-841848c3ce8e.pt,42.44352803795556,57.572707522204475,15.129179484248915,0.26964961493048184,10.364642586701382,27.7062854894595,17.341642902758117,0.2122845994295684,4.509153822293802,9.394974245192458,4.8858204228986555,0.04370745023091634,14.409956134514008,4.162185753925023,-10.247770380588985,-0.06893140077590942,22.478133698087873,10.323393057006344,-12.15474064108153,-0.14432088611195387,14.755480427861524,18.158036013394643,3.4025555855331184,0.029032804528061226
test,2layer,2layer/archive_6/fb7dd362-2b16-405f-9a87-d0a17c25fe87.pt,18.846478673625302,33.7022417120705,14.8557630384452,0.233082873262438,41.36976993509395,8.575053355875633,-32.79471657921832,-0.2531917679720859,7.771473438523389,91.7886042102895,84.01713077176612,1.3463431199391682,47.928384138023226,27.566649570822488,-20.361734567200738,-0.1263129711151123,21.44971841560163,21.44971841560163,0.0,0.0,2.2973724566067943,12.553049761723642,10.255677305116848,0.09538851488773185
test,2layer,2layer/archive_7/32e688bb-49ca-4f24-a4d9-cd525bd2fbed.pt,9.063393175017207,9.511049870724861,0.44765669570765354,0.004923036640386114,23.501665177710866,17.913957750955994,-5.587707426754871,-0.06954335560715309,17.430493896987944,25.318523827779213,7.888029930791269,0.08244649569193523,4.820635412324256,12.939611448913745,8.118976036589489,0.06382404054914202,16.824303173878793,15.832113432905095,-0.9921897409736982,-0.011763549299139853,17.80298828849282,16.44359028642272,-1.359398002070101,-0.011533408353868327
test,2layer,2layer/archive_7/4814f779-f723-4f2c-99ba-a4f4fc2e66a8.pt,47.516106034762785,38.965966705378705,-8.55013932938408,-0.13927387367101682,33.75160944352842,17.65030117649733,-16.101308267031094,-0.21243814908187839,0.0,0.0,0.0,0.0,18.65246747207664,22.747995098242747,4.095527626166106,0.04077153205871582,8.913058874182136,7.809760142260044,-1.1032987319220924,-0.018123323844079855,0.23896587972252736,13.43707825910632,13.198112379383792,0.12349693615215655
test,2layer,2layer/archive_7/48ee80f0-80eb-478b-9be8-3c5b9b13a3a8.pt,4.230415972073506,6.531908858684203,2.3014928866106974,0.026095798303110262,0.3756699131391326,5.175883846484871,4.800213933345739,0.049368069927094714,7.659460339550029,21.590770814139564,13.931310474589534,0.14723366498947144,19.28553538394449,18.65246747207664,-0.633067911867851,-0.006181526184082031,18.5927212743363,16.114217865846317,-2.4785034084899813,-0.029716417627427185,1.2654053450919038,7.425187178394829,6.159781833302925,0.059010075635058376
test,2layer,2layer/archive_7/4ecb664d-beee-412d-8844-423c09123665.pt,7.517348673346492,14.671352677140836,7.154004003794345,0.06423490260099002,14.27999235096158,25.184854132604375,10.904861781642795,0.09039563158400088,0.0,0.0,0.0,0.0,71.96117065805424,73.03204541571552,1.0708747576612723,0.0053566523960658485,7.589414266608554,13.861994884162657,6.2725806175541035,0.05074245353291714,7.767798695460657,6.606736111751611,-1.1610625837090458,-0.016859136492722755
test,2layer,2layer/archive_7/585ec3ca-b257-424e-bd28-9b6dce078a41.pt,6.331266253792631,15.497533758438157,9.166267504645527,0.10260733010543205,18.510265713734608,7.262857017128021,-11.247408696606588,-0.09933578550583658,0.0,0.0,0.0,0.0,28.032574272171615,43.07830074048841,15.045726468316794,0.17841606140136718,12.181937920677363,2.706927390864424,-9.47501052981294,-0.10226971648034214,0.6560997449410779,13.703016290942248,13.046916546001171,0.121642681384237
test,2layer,2layer/archive_7/7358a772-2e4f-4117-8453-ab4303472db6.pt,18.744417885861598,6.237951764123211,-12.506466121738388,-0.14243579591638394,15.085880152386407,0.13698859505696243,-14.948891557329445,-0.16178933409702162,1.8691586214720537,1.7955917938602133,-0.07356682761184041,-0.00034993886947631836,7.0797829873857765,9.031117157565456,1.9513341701796794,0.016948890686035157,2.527334312567002,8.456126667965409,5.928792355398407,0.05552800553109675,2.235181238472995,6.664917825397166,4.429736586924171,0.04188713362700117
test,2layer,2layer/archive_7/7b3e958a-1753-452d-a385-f2cd3a4c86e5.pt,9.528479695100543,50.15835961464687,40.629879919546326,0.3100533958617123,2.106357370186766,35.615163773922845,33.50880640373608,0.28146068034366967,17.73381779041996,55.638489171233175,37.90467138081321,0.25726281272040474,21.86878547510495,12.448467870042558,-9.420317605062392,-0.08459138870239258,7.543620443424433,14.781087979632032,7.237467536207599,0.05923021421501817,4.797923663248611,10.945883610845785,6.147959947597174,0.05459389291158537
test,2layer,2layer/archive_7/c0dd7391-0ec2-4e44-9543-0bb964ba2a22.pt,37.59901069285698,8.368933055725797,-29.23007763713118,-0.38269784203936846,34.56146019686808,11.676897289393322,-22.88456290747476,-0.30747390551048004,0.0,0.0,0.0,0.0,0.21505095671192098,28.264932922239517,28.049881965527597,0.20458118120829263,8.741551837222062,10.171982381673025,1.4304305444509637,0.005384632253952796,6.20152219699435,14.398355262031753,8.196833065037403,0.07413498746706675
test,2layer,2layer/archive_7/d2449a07-06ea-4f64-9d53-836a4dad503a.pt,12.099198852651154,31.583791881393235,19.484593028742083,0.24627723172406862,0.10513314728470141,14.555670928896213,14.45053778161151,0.15592423274665657,16.367283995344632,52.76654222117131,36.399258225826685,0.4487605889638265,1.3746738281205928,4.958439721087533,3.58376589296694,0.03099338213602702,4.141916023573336,4.141916023573336,0.0,0.0,1.2110163529805387,2.897401015009868,1.6863846620293292,0.016373993760650383
test,2layer,2layer/archive_7/e5fca277-9faf-4678-8224-504302ba787f.pt,73.39665003452652,31.856993594617492,-41.539656439909024,-0.26212022031082033,57.56474164889724,22.98420251201328,-34.58053913688396,-0.2408331289543286,119.26145191499738,65.61461717514395,-53.64683473985343,-0.2456069553599638,152.4131065619398,146.32960202697737,-6.0835045349624295,-0.01910683512687683,0.04239542410251897,2.0406386008872976,1.9982431767847786,0.0197704931933009,8.420731427901247,1.3366320447609585,-7.0840993831402885,-0.07458620655293367
test,2layer,2layer/archive_7/f3d467ed-4806-486d-a26b-d45eae2641ee.pt,2.5023282002257683,21.634545287426544,19.132217087200775,0.16988203004965002,18.793272625407425,5.439346491559418,-13.353926133848008,-0.15446275112962782,0.0,0.0,0.0,0.0,28.08064301318696,41.41174770962528,13.33110469643832,0.0830104010445731,7.2904536199374705,4.32956654738181,-2.9608870725556606,-0.03327693242848397,1.3309870245005437,7.911796619434629,6.580809594934085,0.06268372487314598
test,2layer,2layer/archive_8/0a5ddc5a-2124-4b86-a9c9-4b7b630f6409.pt,54.154359958776986,38.88973260177316,-15.264627357003825,-0.2598418413728582,35.91930679899489,15.943953715132487,-19.9753530838624,-0.26455948580839295,23.753410485701906,11.013151567055573,-12.740258918646333,-0.12749838829040527,9.036116602455124,2.9684918126610786,-6.067624789794046,-0.05448846022288004,16.841394090889544,10.379034159894506,-6.462359930995039,-0.07442173476521852,16.07044458626058,17.43038162738328,1.3599370411226985,0.011577584747969173
test,2layer,2layer/archive_8/0a65055e-4eb6-41b9-a98b-842fd98b830a.pt,31.346717708201137,26.956698763038833,-4.3900189451623035,-0.03344356728528343,12.382365127827661,12.382365127827661,0.0,0.0,22.659714817969064,2.580980795979917,-20.07873402198915,-0.16260703404744467,56.653451914144746,56.945300673845445,0.2918487597006987,0.0015932083129882812,2.2033037871173837,7.782125450810651,5.578821663693267,0.05262326260620613,3.7348228709079683,4.481587941043908,0.7467650701359396,0.005773720444987985
test,2layer,2layer/archive_8/0d722481-0f97-4265-b346-ead8195cf783.pt,15.616192514833891,10.703655059540962,-4.912537455292929,-0.0562973073611873,15.676994903971515,4.975671905606687,-10.701322998364828,-0.11907201302805871,14.983755064766116,32.557453045715896,17.57369798094978,0.19854342937469482,8.094791867576168,11.963727114510258,3.8689352469340896,0.029237985610961914,3.6883726409229514,12.41373126161452,8.72535862069157,0.08065844776694045,2.235181238472995,5.980769375236693,3.745588136763698,0.03545978133541585
test,2layer,2layer/archive_8/0fff9bc7-9cd9-44cc-983a-5ce7fc6bc781.pt,18.761183771621006,11.179389651498392,-7.5817941201226144,-0.0886165567323029,23.302501868878604,12.659249530296407,-10.643252338582197,-0.1286014377829402,0.0,0.0,0.0,0.0,27.447021954878167,28.714436790963873,1.267414836085706,0.008353301456996374,16.930792519220518,7.2283803621017615,-9.702412157118756,-0.10995839015266944,3.6667165248473172,11.188255714130909,7.521539189283592,0.06993687459323138
test,2layer,2layer/archive_8/14cb3f45-2033-46ef-898c-f9130b1c12a9.pt,11.651219733449407,21.00227520655616,9.351055473106753,0.06634257945291491,23.059401080418997,14.095485206255086,-8.963915874163911,-0.128965862838368,40.597164720210536,7.229172596483102,-33.36799212372743,-0.3619690736134847,23.29607421154871,46.551595551253655,23.255521339704945,0.15019125408596462,11.28399885717987,27.6008336038706,16.31683474669073,0.13571631690178765,2.409862294244945,7.883929183590691,5.474066889345746,0.05203221008644032
test,2layer,2layer/archive_8/2210331c-e22f-4e60-b04b-69115deb16c8.pt,19.650822027632845,27.611005742774207,7.960183715141362,0.06368657064417822,7.576446495895522,21.33775721079663,13.76131071490111,0.1198041174535217,25.807152260819525,23.230478491481506,-2.5766737693380186,-0.018402242660522462,8.410874713173863,0.8497789706721511,-7.561095742501712,-0.06605593363444011,5.29141290402355,14.755604108664322,9.464191204640773,0.08586120166366906,6.255126020135946,0.7790008122719037,-5.476125207864042,-0.05674236728556485
test,2layer,2layer/archive_8/38a328a9-39b0-4514-a70f-e64723431305.pt,9.764555115165736,0.5444030928438574,-9.220152022321878,-0.08763906772210306,12.849979236251503,5.805204721101548,-7.044774515149955,-0.06432549890315634,0.0,0.0,0.0,0.0,56.79193447688481,51.029654214956125,-5.762280261928687,-0.03250538219105114,5.960669096042562,8.517424978250727,2.556755882208165,0.0202550590442673,12.751834186986969,3.6662256056677327,-9.085608581319235,-0.10017847156317787
test,2layer,2layer/archive_8/43034ef5-dec9-4c96-a19e-f9b280e3b801.pt,50.352077580245194,59.882768666636956,9.530691086391762,0.18180058649325745,13.568012458262274,18.058587047583128,4.490574589320854,0.052952263944892476,0.0,0.0,0.0,0.0,4.464673575038047,18.65246747207664,14.187793897038594,0.12803478240966798,26.503575553496802,22.074575748014322,-4.42899980548248,-0.0573795871559633,10.477747947898,20.68582874700343,10.208080799105431,0.08788869302504165
test,2layer,2layer/archive_8/656a93a9-4e0b-4860-9329-e6076dbbe1f2.pt,21.899193813883205,11.210316486163869,-10.688877327719336,-0.12715518959688735,12.837117899343655,2.678941711925407,-10.158176187418247,-0.11073582225557461,26.940622491562895,17.87291658245288,-9.067705909110014,-0.0672439734141032,14.831699418226172,9.679613134013572,-5.152086284212601,-0.04678225517272949,9.142349545913484,0.09170576389067206,-9.050643782022812,-0.09487504032731112,4.011915288736777,11.53266537142777,7.520750082690993,0.06969592916163071
test,2layer,2layer/archive_8/736a5903-52d0-4dff-9cdc-12d869652081.pt,6.070879877705691,2.67390243645267,-3.396977441253021,-0.03181831420110635,10.985131605564883,1.3934327429826512,-9.59169886258223,-0.090291272695632,3.4582666911391846,28.643461934340024,25.18519524320084,0.2777570996965681,43.5611563227601,46.60299543179599,3.041839109035891,0.03802734613418579,10.06780320615556,1.4119088523832897,-8.65589435377227,-0.09198178262099582,1.4788508018978712,14.465993311433442,12.98714250953557,0.12019314633281479
test,2layer,2layer/archive_8/956172ba-b659-457b-97c7-ca510c0c8f09.pt,9.577431374753193,4.319744647677915,-5.257686727075278,-0.058305833371963656,18.05465291530427,0.5366048184369301,-17.51804809686734,-0.19310393694079409,17.535178237709484,10.618831875472363,-6.916346362237121,-0.0700533390045166,7.902564367107451,22.940102421395352,15.0375380542879,0.1135525107383728,3.3431216083034596,7.640918103566275,4.297796495262816,0.039595438915545546,7.77657812694593,9.143564066400225,1.3669859394542954,0.01258168730345912
test,2layer,2layer/archive_8/97d77693-1c13-481c-96c6-8e7d60ca95ec.pt,9.471220044728247,1.2870257839527874,-8.18419426077546,-0.07747427825552826,6.816820385764517,2.2182534769077087,-4.598566908856808,-0.043488531126918376,0.0,0.0,0.0,0.0,34.05066373620995,32.1977743829634,-1.852889353246546,-0.011932998895645142,20.68959147525925,7.242165595753203,-13.447425879506046,-0.15558850296620327,7.967210059849996,12.560921004106378,4.593710944256382,0.03519485510283227
test,2layer,2layer/archive_8/9d369262-a6f5-44c0-a737-a31c6e4ea9dc.pt,37.83360970395285,20.616475791516073,-17.21713391243678,-0.0882906008178246,46.03407485744218,7.209273075775318,-38.824801781666864,-0.29941068243090535,55.454536420773515,30.597560854806616,-24.8569755659669,-0.06927642822265626,90.36375797435768,24.405841119981368,-65.95791685437632,-0.36441216468811033,1.9442404742132373,1.0700615962611517,-0.8741788779520856,-0.008609316183151609,4.740887759119375,4.847792930866321,0.1069051717469458,-0.0012286421411615504
test,2layer,2layer/archive_8/c4b1d89b-bb5c-4422-8d81-601305127d28.pt,15.213162757964463,12.087847795562974,-3.1253149624014895,-0.03600046795469006,0.8775626632666109,0.8170135022267715,-0.06054916103983943,-0.0006773671911626817,19.32944348982102,15.239456423761311,-4.0899870660597095,-0.00988316535949707,10.394801378764763,18.53577115012971,8.140969771364949,0.07098329067230225,16.08293455238367,24.74755004971508,8.664615497331411,0.0713548170737898,0.11394420644903222,15.49363496373873,15.379690757289698,0.14261148188435263
test,2layer,2layer/archive_8/cb2fee39-ad33-4e07-835c-6704df593935.pt,24.105751003240332,33.76529801769277,9.65954701445244,0.07375237847406386,4.601730049580147,18.949674043267805,14.347943993687657,0.1281097685818332,9.063738385396706,1.9575821431861289,-7.106156242210576,-0.06136035919189453,1.693103867713917,8.094791867576168,6.401687999862251,0.0508418083190918,11.328910635487647,26.4198527631641,15.090942127676454,0.12614336450203972,4.553903461076564,17.52126776587677,12.967364304800208,0.11655344504348598
test,2layer,2layer/archive_8/d023220a-5b17-40a8-a21c-89ea13af5e34.pt,3.006725666292008,7.4889767359881985,4.48225106969619,0.04727567784926471,2.6573487995317877,12.999185243873146,10.341836444341359,0.11279894040644453,100.0,100.0,0.0,0.0,19.917528291754536,25.245069879718866,5.32754158796433,0.05417213439941406,30.95907629232505,22.867991023563846,-8.091085268761205,-0.1080705371284113,0.44236056995254625,11.188249818439397,10.74588924848685,0.10149979663774404
test,2layer,2layer/archive_8/d11e566d-0fda-40a3-a6f0-8ef31207f1c6.pt,2.660578163717548,20.147015333931545,17.486437170213996,0.19777534530446714,2.2002235676883455,16.12298813107507,13.922764563386723,0.15359710539661445,0.0,0.0,0.0,0.0,10.671908537849797,5.526805203939821,-5.145103333909976,-0.03960935274759928,24.300001800200842,12.291180389966017,-12.008821410234825,-0.14560580666089964,4.669817007776615,11.07279973583707,6.402982728060454,0.05707988755556158
test,2layer,2layer/archive_8/d4e16d82-5701-4653-8056-ad3933acdf8a.pt,39.436831060416715,44.93471995425618,5.497888893839466,0.2501360127297236,46.64833379286827,22.70593480664698,-23.942398986221292,-0.12211350121850977,24.77646571741925,87.15422298282989,62.377757265410644,1.1917858600616456,52.694637997864874,4.886321368355803,-47.80831662950907,-0.30780325333277386,0.6326758644020956,2.6146073712314437,1.9819315068293482,0.02017846437964109,9.868911995298827,1.6551977510494806,-8.213714244249346,-0.08705976770279256
test,2layer,2layer/archive_8/dcb7a9e5-155f-438f-a75b-6e5987b95275.pt,124.75615789353542,55.27173557926787,-69.48442231426755,-0.3352605281313359,99.5899367114299,27.93096865703965,-71.65896805439024,-0.4197492860376205,165.2845053293173,86.20818476794715,-79.07632056137017,-0.2976674110658707,164.4947225100842,131.47298488559193,-33.02173762449226,-0.1059088483452797,3.0680290364298113,3.300718457535661,0.2326894211058499,0.003343433605919003,9.871389071843636,0.05339856844673442,-9.817990503396901,-0.1032514780542729
test,2layer,2layer/archive_8/dd241f43-15fd-42c5-b6b1-b0785d9fc45d.pt,22.64741454498639,9.729182928578897,-12.918231616407493,-0.15312254629326702,1.3901644434563871,9.053743028052239,7.663578584595852,0.07261465160358334,0.0,0.0,0.0,0.0,7.158082129806216,5.587818757941746,-1.5702633718644696,-0.013961315155029297,18.897285773741086,31.184087412102123,12.286801638361037,0.0971114087111444,3.517777126128159,13.580562367790575,10.062785241662416,0.09135006701098326
test,2layer,2layer/archive_8/f7c47578-a557-4ba9-b400-fcfe43105585.pt,52.58400623496384,32.03880076354628,-20.54520547141756,-0.1402120707947531,38.37870615416522,15.667609451218484,-22.71109670294674,-0.17669241657330345,8.168569975651899,9.394974245192458,1.2264042695405593,0.016750176747639973,17.336540464467483,3.4631755039024736,-13.87336496056501,-0.0932207703590393,17.25215838751282,31.275873916601284,14.023715529088463,0.11160606849363651,5.325838537373283,11.566364116046662,6.240525578673379,0.057425986340824124
test,3layer,3layer/archive_1/1779f702-f865-451f-89d0-4f6b42a09e77.pt,17.165503861360182,14.390106623330295,-2.7753972380298872,-0.0030292384800413488,24.943364040243225,7.164278341493378,-17.779085698749846,-0.14746655074833162,0.0,0.0,0.0,0.0,4.328295222103011,17.090554240428943,12.762259018325931,0.11886175473531087,2.435601636900523,8.859944804100344,6.424343167199821,0.060174652559673365,12.606951558471446,6.211226450000191,-6.395725108471255,-0.07427635499135816
test,3layer,3layer/archive_1/182b1883-c1ef-4e91-b811-6a3d11a6d43f.pt,44.66491377211823,15.904838067314671,-28.760075704803562,-0.2177768709191361,27.44459609706614,1.9176720350133085,-25.52692406205283,-0.22233135036726318,55.83891498401099,17.41483204185038,-38.42408294216061,-0.271711794535319,140.31942695952586,109.15241856896401,-31.167008390561847,-0.11490310322154652,8.988774669281815,0.9329936102533989,-8.055781059028416,-0.08481551499723554,3.5912703887567563,16.748839623258036,13.15756923450128,0.11792003913754803
test,3layer,3layer/archive_1/1aefc079-3d88-4736-ab6a-8821bf651cfa.pt,68.88155762133654,31.190302125567598,-37.69125549576894,-0.24252779362326315,52.253290942253,25.672206214213194,-26.58108472803981,-0.18676877719925397,62.53581125760454,12.689952573341614,-49.84585868426293,-0.34083968942815607,8.151190979329625,5.469997229123898,-2.6811937502057273,-0.020060920715332033,23.102206043696533,27.771188973081358,4.668982929384825,0.036743221615688354,5.42221275581786,5.42221275581786,0.0,0.0
test,3layer,3layer/archive_1/652d7823-3b2f-48c4-b58a-bf36a9040d34.pt,23.180136693160453,6.578391998892107,-16.601744694268348,-0.1440351009640586,21.221768875317334,12.424697993596833,-8.7970708817205,-0.07487860316148362,41.55941124527217,14.096832366586316,-27.462578878685857,-0.20650598737928602,41.903116325844444,44.831480574588745,2.928364248744302,0.038198661804199216,10.476322707303828,6.493876007300073,-3.982446700003755,-0.04765307111024995,4.6839141263012,11.738312285492533,7.054398159191333,0.06289790513283919
test,3layer,3layer/archive_1/7964a722-8bad-4458-9c56-7a00af65391c.pt,2.4520631878747463,12.334424527688522,9.882361339813777,0.0913518566061772,0.9695682797908839,22.61972612272031,21.650157842929424,0.19355875998980465,0.0,0.0,0.0,0.0,27.41512967692728,18.018314159399186,-9.396815517528093,-0.09574151039123535,22.214381528856322,8.190166234577424,-14.024215294278898,-0.17119080129977876,0.08543612425054065,18.864487697392583,18.77905157314204,0.17147752808303404
test,3layer,3layer/archive_1/7dff1db2-d16a-4a01-829b-05b72a41623c.pt,11.89204758135429,2.5034585639357316,-9.388589017418559,-0.10171168150887061,15.323839539269747,0.2856254308727513,-15.038214108396996,-0.16309748124118306,26.841010045667797,23.90396020833302,-2.9370498373347758,-0.034675216674804686,9.615145438221097,2.1217876217329263,-7.493357816488171,-0.07001078128814697,5.653267747651035,16.604415359636747,10.95114761198571,0.09833240112586605,7.572410099694661,0.6411882846869351,-6.931221815007726,-0.07230318998551809
test,3layer,3layer/archive_1/88cf0a0e-91b2-4947-96d7-9eed8547d6cd.pt,12.244013560294883,3.2154374544837716,-9.028576105811112,-0.09877672948764979,0.07135030021192985,20.054958205445846,19.983607905233917,0.18155327916090364,0.0,0.0,0.0,0.0,31.712594450428877,7.0797829873857765,-24.6328114630431,-0.24279212951660156,15.538659320793132,16.113520459635073,0.5748611388419409,-0.019352084161367248,1.2558594312813793,13.790470185870372,12.534610754588993,0.1163334049182661
test,3layer,3layer/archive_1/9e767c1a-c86e-47d2-9618-8ef0d7eff20c.pt,7.125908381118339,18.499837535646474,11.373929154528135,0.1005262230012895,9.000354344659238,5.5195854795680885,-3.4807688650911492,-0.04053041972613106,4.626100837902011,0.9773984082057059,-3.6487024296963053,-0.03494208199637277,4.602861185467226,7.623278679212675,3.020417493745449,0.02339633305867513,8.117149262783295,5.861281947677403,-2.255867315105892,-0.027659964115254395,6.261387854444389,0.5842526967972401,-5.6771351576471485,-0.05880501109467456
test,3layer,3layer/archive_1/bd7b1de0-0728-4813-a20e-2217a437ae55.pt,6.364646251931778,2.6041000515441657,-3.7605462003876124,-0.04003119859692625,10.790542395978097,3.320364778825511,-7.470177617152586,-0.08139511487687758,0.0,0.0,0.0,0.0,19.84503242790619,6.216497496474588,-13.628534931431602,-0.1301262378692627,25.10313716373382,4.258061695308855,-20.845075468424966,-0.24353197891746411,2.8431716403668497,10.841959661547845,7.998788021180996,0.0739910189531398
test,3layer,3layer/archive_1/c12178a4-9a41-4408-bb6e-2a2b0220f271.pt,19.23031602412701,2.0205838629960966,-17.209732161130912,-0.19234330314976125,10.36976007359651,8.961612172342583,-1.4081479012539262,-0.023594614226154668,0.6509814181401896,7.03539140350399,6.3844099853638,0.05532703399658203,20.149975644394438,6.216497496474588,-13.93347814791985,-0.13326342900594076,22.76794395877678,2.8882779101384006,-19.879666048638377,-0.22760141512107745,5.854786166918566,11.32272835691327,5.467942189994704,0.05027058154198004
test,3layer,3layer/archive_1/cac2ba37-2e08-4ee6-a30f-40100774fba2.pt,32.120257919994096,27.29523917589143,-4.825018744102664,-0.06656458913122391,18.299241677623947,15.073989704987529,-3.2252519726364177,-0.0383930804226929,23.10276280828924,29.84296765088983,6.7402048426005905,0.07837367057800293,0.753541031629785,3.2680950134351248,2.5145539818053395,0.021078518458775113,1.891537293977295,3.602079236255916,1.710541942278621,0.0162863225572018,1.803952032995279,7.095314657561231,5.291362624565952,0.05031047963320848
test,3layer,3layer/archive_1/e15f45e8-e937-4419-b661-351b6a4e3b24.pt,1.8748928788001382,2.8839473622423424,1.0090544834422042,0.010334868686064376,7.385986237019673,7.526941552486607,0.1409553154669334,0.0015207994748294203,5.693999856285956,22.428781443388587,16.73478158710263,0.17460784912109376,0.9055975560861778,3.33580772633225,2.430210170246072,0.020749449729919434,1.3874278483375946,6.379755887865031,4.992328039527436,0.04804417634611328,7.572410099694661,2.0106824689556997,-5.561727630738961,-0.058789647267964075
test,3layer,3layer/archive_1/e512b35b-2fc9-49ce-87f4-274643a853bd.pt,48.93314537010301,34.78657153961376,-14.146573830489253,-0.22671350944204577,28.18243013223838,10.286297332334462,-17.896132799903917,-0.2195993134469697,0.8203846302350939,0.2965139553395298,-0.5238706748955642,-0.004558384418487549,1.166867737149515,6.167926203720339,5.001058466570823,0.04008070627848307,27.634751696365964,13.805414246576431,-13.829337449789532,-0.17234286410347271,19.700581307262357,23.085317669466036,3.384736362203679,0.027619897903591352
test,3layer,3layer/archive_1/ffdcecc5-d14c-43be-b3c4-2857c53c08f1.pt,21.541953369039966,6.596848875410846,-14.94510449362912,-0.17319907104191654,11.134041523865625,5.798871949926686,-5.335169573938939,-0.06154682033028412,55.82147004397181,61.407526935726224,5.586056891754417,0.09784376621246338,11.619202051917346,3.4676063384855382,-8.151595713431808,-0.0714188575744629,16.60307745245943,4.837498881688759,-11.765578570770671,-0.13379937524316363,0.5608360395590141,8.339224720157976,7.778388680598962,0.07439788527211622
test,3layer,3layer/archive_2/1b0f0ba7-0377-4474-b62e-4b95e0367519.pt,6.841588188010776,13.663394444409725,6.82180625639895,0.061742498283194336,6.644962263161106,12.016730924693599,5.371768661532493,0.049042538739781136,0.0,0.0,0.0,0.0,6.474583421219152,0.9055975560861778,-5.568985865132975,-0.05058795213699341,0.2682414432826874,15.682073647558195,15.413832204275508,0.14272498032443542,7.572410099694661,7.4854248853175465,-0.0869852143771146,-0.00654940119760479
test,3layer,3layer/archive_2/212e820a-7f1a-4ca0-846a-920f20a79783.pt,59.079769959772094,7.506050848127633,-51.57371911164446,-0.378081965688427,61.40697022303257,3.0132864179697685,-58.39368380506281,-0.4401254746652302,110.12138781546017,12.32998365532371,-97.79140416013645,-0.5830418622052228,176.25175609702967,157.33906506221132,-18.91269103481835,-0.055516840616861976,2.359406988422114,2.1360021115129153,-0.22340487690919852,-0.0017280618895195354,11.797789029580583,9.758512058432226,-2.0392769711483574,-0.032312809104076606
test,3layer,3layer/archive_2/326bc530-45c2-4c48-9584-277b3c01d4c1.pt,13.99727268593352,5.826521488934597,-8.170751196998923,-0.09388827214728977,6.5209095864039375,14.94887705969527,8.427967473291332,0.07168365639528809,0.0,0.0,0.0,0.0,3.2168783954533287,9.495875276575033,6.278996881121705,0.04967989240373884,0.17353551469260972,20.578638213515866,20.405102698823256,0.18483971164008456,8.10660237391897,8.319872563757203,0.21327018983823365,-0.004613812119675456
test,3layer,3layer/archive_2/39ede89b-4430-4736-a43a-4d76b5fa631b.pt,15.60521091849435,9.362931164542221,-6.242279753952129,-0.07981500811302833,19.856922990487337,0.41255077407792745,-19.44437221640941,-0.21633342681288112,18.162993456786523,15.754941080149575,-2.408052376636949,-0.05128531022505327,29.57104864161687,21.178271014819966,-8.392777626796903,-0.08812355995178223,2.9350311312613497,8.236699201578404,5.301668070317054,0.049313298262144055,2.95803580386944,5.260333029959543,2.3022972260901033,0.021221600918798787
test,3layer,3layer/archive_2/4b6b637a-e175-4c06-b927-b1f1a0bf1694.pt,27.87988869325936,1.3737266356719253,-26.506162057587435,-0.31011864050691923,26.05726607760377,0.08127816392961316,-25.975987913674157,-0.29878447974860334,36.471288582804874,19.313638523739783,-17.15765005906509,-0.20323872566223145,14.178824854859881,3.578347674222858,-10.600477180637023,-0.10067374365670341,1.199669986118363,16.14820571431969,14.948535728201328,0.13748466564223683,3.9496550570139664,4.9510134722189845,1.0013584152050181,0.008020723316351888
test,3layer,3layer/archive_2/598e9e38-fc65-430b-84cb-365d55e367a2.pt,32.50378436442282,0.3028636253962429,-32.20092073902658,-0.2765708383951233,39.34823605385195,13.141845434800876,-26.20639061905107,-0.2054761670850538,69.67076516869467,27.43729605873335,-42.23346910996132,-0.27126303586092865,181.1546168020141,170.5299128000618,-10.624704001952296,-0.029834894033578727,7.847681667538718,2.5127848228193823,-5.334896844719336,-0.05685668906099422,8.508808693767376,12.362635233421344,3.8538265396539675,0.027548253164027654
test,3layer,3layer/archive_2/5e8ea48b-db26-40f2-8fbe-99c095cf4c68.pt,30.458652971665444,17.727016005148585,-12.73163696651686,-0.10149256563252235,7.3058187386736355,3.0724350638410636,-4.233383674832572,-0.040223266513678906,27.99994433595109,7.823106706068984,-20.176837629882105,-0.15393555164337158,13.403897030364705,23.840217206402787,10.436320176038082,0.07944640246304599,6.249989161859393,19.178524648008988,12.928535486149595,0.11439324873307506,0.9328628773587206,13.239160996647371,12.30629811928865,0.11487497463988638
test,3layer,3layer/archive_2/9dadd0df-130d-4cad-bbca-0e76e22635c8.pt,22.190158951763387,8.259896717157272,-13.930262234606115,-0.16343322484877615,8.807705997095603,5.165826113802985,-3.641879883292618,-0.04177581952105292,0.0,0.0,0.0,0.0,12.795521572523057,20.783610708454745,7.988089135931688,0.05950886011123657,19.073389328202325,0.6511564860659845,-18.42223284213634,-0.20428890571499905,1.2731530877165502,16.983126369155876,15.709973281439325,0.14386093009134437
test,3layer,3layer/archive_2/baf77b73-37f4-46f9-b8f0-93d69797cd82.pt,15.21914684036313,3.6461651760580063,-11.572981664305125,-0.1042888604614725,28.522226428507036,6.509621591202655,-22.01260483730438,-0.18657530767871863,0.0,0.0,0.0,0.0,59.36999735176083,28.10348904519124,-31.26650830656959,-0.19217417456886984,0.10775277225114603,18.536568441128196,18.42881566887705,0.16853722644344735,6.166850660298485,9.921110787722483,3.754260127423998,0.03087670302972561
test,3layer,3layer/archive_2/d6607975-b0f4-45d8-9501-72d777ee383b.pt,8.503829797717794,26.297730934372122,17.793901136654327,0.1508453048935391,15.548593157252215,7.751782597138608,-7.796810560113607,-0.09396559291456799,1.3476858030960732,6.91158777632081,5.563901973224737,0.049604756491524835,21.48497540941176,2.8337113823585667,-18.651264027053195,-0.1891258027818468,11.99568676733694,5.968064959656503,-6.027621807680437,-0.06965661031707902,1.754981576873018,5.091441132733595,3.3364595558605776,0.03194224800582276
test,3layer,3layer/archive_2/dde3b4b7-3312-479a-bdc3-87fa33a93df5.pt,30.975502656799513,30.318461858261703,-0.6570407985378104,-0.009163361805979256,10.390572161808684,7.148858967263417,-3.2417131945452677,-0.03545995548900558,0.0,0.0,0.0,0.0,29.877875039064616,18.018314159399186,-11.85956087966543,-0.12258296012878418,0.24859183172183305,15.825005144428275,15.57641331270644,0.14414260626470154,9.88466510289069,9.620975494292146,-0.2636896085985434,-0.01218721030932865
test,3layer,3layer/archive_3/05df7d2d-f518-4f33-afc3-8514d2a19475.pt,17.185501363519066,31.839825309674733,14.654323946155667,0.2204214714366854,36.80989767791325,6.82295560967674,-29.98694206823651,-0.24023384400700062,38.89587528049061,101.1115604931898,62.21568521269919,1.3668339252471924,4.801706264215397,31.712594450428877,26.91088818621348,0.263995885848999,3.2231279703133473,3.2231279703133473,0.0,0.0,4.786105925149442,4.443780530579458,-0.34232539456998445,-0.0035848798294662765
test,3layer,3layer/archive_3/0ac9befc-ac0d-4a71-ae58-22e7e1bdffc2.pt,55.46117167175683,6.711219110022272,-48.74995256173456,-0.6979462795170812,38.80196874409403,3.9123347166705473,-34.88963402742348,-0.4430211310354708,17.025890972834695,12.951499999601081,-4.074390973233614,-0.05640566349029541,12.907243439173794,3.4676063384855382,-9.439637100688255,-0.08311347961425782,21.536768112748415,1.356497007276659,-20.180271105471757,-0.22784587112152896,5.98268435959265,16.902208660723918,10.919524301131268,0.09773631694104633
test,3layer,3layer/archive_3/0b9292d5-b52f-4bcf-9d7f-8ec507a82838.pt,32.89389446022975,12.992152160247056,-19.901742299982697,-0.25473318035725323,21.80544841735113,4.380851136534184,-17.424597280816947,-0.1999400719505949,30.585154938894362,28.851231271868226,-1.7339236670261364,-0.020930171012878418,7.471572098253989,3.697428398046552,-3.774143700207437,-0.03328712781270345,6.643112556845323,15.604274622480208,8.961162065634884,0.08044672698366268,9.338295519388378,2.296899569205421,-7.041395950182958,-0.07523217190889371
test,3layer,3layer/archive_3/146dcf3a-693e-4216-9880-5d5271eef9ef.pt,19.501868979846094,16.318660053440116,-3.183208926405978,-7.591675474786048e-06,21.90638717029912,7.692105383937453,-14.214281786361667,-0.11743759581941329,3.711197248905535,57.17942583904033,53.46822859013479,0.6878529548645019,7.902564367107451,1.2124022370527392,-6.690162130054712,-0.055974483489990234,17.987803119930884,16.00446776880802,-1.9833353511228644,-0.016847633784148094,6.255126020135946,4.698336110235668,-1.556789909900278,-0.01866317174424686
test,3layer,3layer/archive_3/2552149a-df3f-4a43-bbb0-f50f0aa86a1d.pt,33.60646210436591,16.858005971684168,-16.748456132681742,-0.1036192505676435,44.82468224802803,1.7438065690171878,-43.080875679010845,-0.34857881040791583,96.40366533974408,16.578117770208234,-79.82554756953584,-0.48658468412316364,142.18230226075997,115.57447847675357,-26.6078237840064,-0.09516340288622625,2.5860561330452096,0.4320069048262649,-2.1540492282189447,-0.02186564872031919,6.851123866694729,9.237625994123352,2.3865021274286233,0.01734809689405488
test,3layer,3layer/archive_3/2a171325-74e9-44cd-ad59-2d6e0df0ca79.pt,4.507960669687522,11.89579257077651,7.387831901088989,0.08036015035530361,2.549759127407854,5.4097704800197,2.8600113526118465,0.03042430638315984,0.0,0.0,0.0,0.0,2.4149551845288895,4.522885286892541,2.107930102363652,0.01910179853439331,9.28208025898315,1.297545299361749,-7.984534959621401,-0.08427318353186246,2.3117521579328995,10.005659456020604,7.693907298087705,0.0718929306356645
test,3layer,3layer/archive_3/45890d72-3caf-40a6-931a-638e3aad7bea.pt,33.6216699734417,37.96333939285561,4.341669419413911,0.0644155839740335,9.46325039504817,15.090217833529408,5.626967438481238,0.0638819114035268,27.109897797427386,59.89647654535994,32.78657874793255,0.47374534606933594,18.018314159399186,19.28553538394449,1.267221224545306,0.01233053207397461,9.574844404161345,5.335209668061573,-4.239634736099772,-0.04574149528337916,0.930290110628308,13.920827276783648,12.99053716615534,0.12085455149291498
test,3layer,3layer/archive_3/5e9ac136-7284-4f22-a5ee-61b5b7e7063d.pt,19.67894380882311,29.615859795328397,9.936915986505287,0.12936693262021906,7.335180063780065,13.952972153200115,6.61779208942005,0.07384709372906899,0.0,0.0,0.0,0.0,1.7186766261317448,4.199250723234404,2.480574097102659,0.020647389548165456,5.457095187064616,7.452828455040483,1.9957332679758668,0.02130943251533742,5.715784081905856,8.658194851978976,2.9424107700731206,0.024145568479321974
test,3layer,3layer/archive_3/a1851e40-5a08-4219-a3f1-8d948236f276.pt,18.808944635917673,20.44708295299076,1.6381383170730857,0.013584270099748962,0.8648944160611047,6.899144556750854,6.03425014068975,0.058003314008835814,9.297442305158903,5.721385527655949,-3.576056777502954,-0.03137599097357856,14.221603301070296,5.874659447386543,-8.346943853683753,-0.08100616931915283,9.055138747618232,5.92046123802734,-3.134677509590892,-0.03734133392204328,4.066623032651075,5.518186040511624,1.4515630078605497,0.012188446778917679
test,3layer,3layer/archive_3/b682c296-4570-4878-873f-d5e1915cbc27.pt,8.482803730505958,20.193326187288424,11.710522456782465,0.102036314249468,9.64181833982493,19.82205821539916,10.18023987557423,0.08836069590359565,0.0,0.0,0.0,0.0,96.61470090391667,105.52632426887186,8.91162336495519,0.03702086560866412,11.576777268480843,10.441640146508101,-1.1351371219727415,-0.023641101275682048,8.85067208432353,9.289110159106901,0.43843807478337027,-0.003834869902012712
test,3layer,3layer/archive_3/becbb122-65be-480b-acb2-ebe38341ad8a.pt,17.241346121033995,19.437357262232197,2.196011141198202,0.018426204358277052,0.5320104465275594,6.637027141919127,6.105016695391567,0.0589313033131413,10.008695228839812,2.3507973035065928,-7.65789792533322,-0.06642014639718193,10.509548960479021,2.716453577623413,-7.793095382855608,-0.07296252250671387,0.42900017004953317,11.404556229755615,10.975556059706081,0.10360738065553628,4.066623032651075,4.149430315123498,0.08280728247242308,-0.0008592442428093231
test,3layer,3layer/archive_3/c2ce15f0-780c-406b-b005-bb243ccf18e1.pt,12.385574897281051,6.883571049167774,-5.502003848113278,-0.06548532174695394,1.0542863492267067,22.70330844883905,21.649022099612342,0.19339561574918218,0.0,0.0,0.0,0.0,9.429396190791202,14.635316011110692,5.20591982031949,0.04053467512130737,35.72396300693901,2.1475088196390693,-33.57645418729994,-0.4131765443786243,9.485585330784625,22.40936796502434,12.923782634239716,0.11093838530770572
test,3layer,3layer/archive_3/cf982a72-c60b-4b7d-9087-1e193c4ab155.pt,34.701011864848454,27.47967531731869,-7.221336547529763,-0.10128702245770504,18.353511886057685,13.020647519988113,-5.332864366069572,-0.06280350087138536,30.832234938430346,37.92806731387699,7.095832375446641,0.09058284759521484,7.6227433883417275,6.6876734078671305,-0.935069980474597,-0.007470812116350446,5.097654116799497,9.586553201717152,4.488899084917655,0.04176768763712823,6.34200907963869,3.24299435432251,-3.0990147253161804,-0.03357796331999219
test,3layer,3layer/archive_3/d5ca8453-257a-4d9c-a648-cf8ccbc5ec86.pt,23.40645071035884,0.5821047460356852,-22.824345964323154,-0.20373461618015876,20.03882345976475,1.3583386616284232,-18.680484798136327,-0.16845922953409606,31.569666332719382,1.669918016449436,-29.899748316269946,-0.24999959128243582,75.78268926056386,47.26297981288902,-28.519709447674835,-0.15442474071796125,2.2455183028140686,4.434703955226535,2.1891856524124664,0.020671132939831582,9.187934854753571,2.4509341987558853,-6.7370006559976865,-0.07205336746390478
test,3layer,3layer/archive_3/d7c36037-4ea5-4170-9880-b18dc15b2262.pt,32.14590359548367,30.395573650922042,-1.7503299445616243,-0.013089875654032669,13.828636890747246,13.828636890747246,0.0,0.0,0.0,0.0,0.0,0.0,46.60299543179599,27.77800247227823,-18.824992959517758,-0.21377187967300415,28.15359713524162,9.352846744543076,-18.800750390698543,-0.22948556923004518,5.517143284248217,15.079582075566963,9.562438791318746,0.0864991568476776
test,3layer,3layer/archive_3/f28597de-38ba-4ad3-93a2-3851c0324492.pt,18.154223957699582,15.629575550672904,-2.524648407026678,-0.054697840968076825,15.68413317998394,20.9231541579519,5.239020977967959,0.019227427421102044,8.21871541153171,13.96309854673948,5.744383135207771,0.04032855033874512,9.66057325136171,6.167926203720339,-3.4926470476413707,-0.0347290833791097,30.59267000870791,5.8592957179078455,-24.733374290800064,-0.30077551102632527,15.278971043646175,20.71281961479396,5.433848571147786,0.04573700119996746
test,3layer,3layer/archive_4/02a91569-c36f-4708-a341-a13f8737a0a3.pt,23.889124559928128,14.517898667615931,-9.371225892312196,-0.05685818582952176,36.529685795106104,0.6520053398803353,-35.87768045522577,-0.3023758813330988,0.0,0.0,0.0,0.0,121.70389321772338,65.62129974820944,-56.08259346951394,-0.25110982811969257,1.0775098890379915,10.059443735620905,8.981933846582914,0.0849286158738938,9.529658383674205,0.05339856844673442,-9.47625981522747,-0.09947885757430411
test,3layer,3layer/archive_4/04992b4f-8e3a-4ba6-ab8e-f7067efbefd1.pt,15.068825264386774,5.086279035495314,-9.982546228891461,-0.1133632146439318,15.453412163529736,4.060242406530834,-11.393169756998901,-0.12767650085986762,0.0,0.0,0.0,0.0,9.837208679224265,25.001408168545826,15.164199489321561,0.11562566757202149,17.594333575385786,2.6562516857811773,-14.938081889604609,-0.16598534725212616,0.9328628773587206,13.239160996647371,12.30629811928865,0.11487497463988638
test,3layer,3layer/archive_4/11cb1446-553d-4d42-beb0-8cef419745d7.pt,8.853716381573264,15.304184523732483,6.4504681421592185,0.08093794649944436,22.27970093166348,0.6455794923658003,-21.63412143929768,-0.19398465572817586,55.83112875723682,15.764199840533577,-40.06692891670324,-0.2842954397201538,135.27906636149856,111.62523980431484,-23.65382655718372,-0.087434406938224,10.220670229704625,1.8001365682138037,-8.420533661490822,-0.08952836514471058,11.370092375523305,1.6331988224189822,-9.736893553104322,-0.10429911577841515
test,3layer,3layer/archive_4/18e0db09-f70f-4bc2-88f2-22eefb41fbed.pt,30.03962674165921,19.386241188928224,-10.653385552730985,-0.13881623814501326,3.158874137833366,4.5539639597567945,1.3950898219234285,0.012429823677051232,37.34296527530248,30.463880063830743,-6.87908521147174,-0.09562516212463379,98.62379496203417,78.16413740354561,-20.45965755848856,-0.09304846657647027,6.239654490950189,12.505129616854857,6.265475125904668,0.05327694902209344,3.0860366405921846,9.579373745605542,6.4933371050133575,0.06004192073170732
test,3layer,3layer/archive_4/37086fe8-6c4f-463e-a764-7d76835deeec.pt,35.47536493906442,16.417749709346335,-19.057615229718085,-0.25238071278176866,8.602000607934945,5.301280779109466,-3.3007198288254793,-0.03824099278418546,28.73560392467612,10.766075656074284,-17.969528268601834,-0.2106949806213379,88.08057586428089,97.02319888012828,8.942623015847389,0.039017311731974286,5.408291036759604,5.515916219419655,0.10762518266005028,-0.0019069628297911322,3.777669279874071,3.7565012899360855,-0.02116798993798552,-0.0016307415777258752
test,3layer,3layer/archive_4/397c597b-baf0-4982-b73e-1b96cc21c475.pt,7.338415485930952,25.646255892968846,18.307840407037894,0.2180034333316363,12.762473587987454,2.894610790845824,-9.86786279714163,-0.09143444444444444,0.0,0.0,0.0,0.0,47.75502417425777,45.801996889730866,-1.9530272845269039,-0.011972840627034504,18.274137819269054,3.3415704218212534,-14.932567397447801,-0.16712577710647453,9.625719352195844,19.16082215920165,9.535102807005806,0.08301135406011717
test,3layer,3layer/archive_4/3a67d407-0d04-48d4-ab09-4d2496cfd57c.pt,5.02464800391096,9.404958007123962,4.380310003213003,0.04967466124300827,0.3731149665950982,13.872110797434722,13.498995830839624,0.14531829002930025,9.083498050728027,8.874459256259293,-0.20903879446873397,0.005789756774902344,32.32180685943597,42.19739067992748,9.875583820491507,0.11943235397338867,14.17902609941272,6.957190043760532,-7.221836055652188,-0.08051513396217538,0.12414917698973327,10.38974988183894,10.265600704849206,0.0974836787863183
test,3layer,3layer/archive_4/40ee2292-d986-48fb-a072-30da3405f278.pt,20.86766901949409,2.4927296367942264,-18.374939382699864,-0.20836085811399485,17.14154089469912,9.604555735193648,-7.5369851595054715,-0.0958369623114131,0.0,0.0,0.0,0.0,14.78138221188169,4.199250723234404,-10.582131488647285,-0.10155527932303292,1.2398929204820937,15.709227232865176,14.469334312383083,0.13316751658721002,7.2287766265832785,7.829318727340212,0.6005421007569334,0.0003451818655162154
test,3layer,3layer/archive_4/4eac11b2-3e2f-46dd-9793-f7933d08a32a.pt,30.581569310057162,5.702692645650331,-24.87887666440683,-0.30230717903093346,27.874625378696965,6.9617551874439,-20.912870191253067,-0.25660063644935344,0.0,0.0,0.0,0.0,14.009307729317573,4.643447967428402,-9.36585976188917,-0.0859225591023763,17.680724396682475,10.732781959587138,-6.947942437095337,-0.09208244888928792,3.6667165248473172,19.356910078370888,15.69019355352357,0.14045792296310608
test,3layer,3layer/archive_4/8317e9db-920e-420b-b398-f733d751e9ee.pt,28.573979256207203,1.857482239441913,-26.716497016765288,-0.314609921966161,14.324587833860809,11.48085596456436,-2.843731869296448,-0.04571957492591102,19.218047575740595,7.714429403898337,-11.503618171842259,-0.11913385391235351,28.032574272171615,17.383089387824064,-10.649484884347551,-0.10851540565490722,5.334943534869594,16.35489109993921,11.019947565069614,0.0963628756754961,0.10916305788328066,12.420689448713306,12.311526390830025,0.11582494747819058
test,3layer,3layer/archive_4/ce983836-13b7-4d8c-a35b-d4fc2c45396e.pt,13.984739026318975,9.619775609108697,-4.364963417210278,-0.038924214801916684,0.3472067280139516,5.068059415638244,4.720852687624292,0.0485190077920866,18.676485545370582,18.207536549974634,-0.46894899539594803,-0.0038276471589740956,35.65090299247278,37.75019857864737,2.099295586174591,0.02519254684448242,19.618126551186965,5.569035982790862,-14.049090568396103,-0.1602041894086892,1.1219870860794354,11.195809664638228,10.073822578558792,0.09470193342173738
test,3layer,3layer/archive_4/d05cbfc7-ebfe-45c5-8fa0-01326d535bf0.pt,49.143839024684425,34.351350573743396,-14.792488450941029,-0.23677332029359574,30.111545326819673,13.37612299934541,-16.73542232747426,-0.21112781006403117,8.036024210631686,9.070441124695057,1.034416914063371,0.009878039360046387,9.66057325136171,0.8497789706721511,-8.810794280689558,-0.07747904459635417,26.55955430188186,12.715088628268388,-13.844465673613472,-0.17046626901421097,11.534332230633913,16.98445340862655,5.450121177992637,0.047489335447175735
test,3layer,3layer/archive_4/f2a1eb9a-a5c2-486a-b0b8-03bc9bbe3ae7.pt,9.835360456002944,49.07845332075281,39.24309286474986,0.30033185729558537,5.233332752417037,38.072414057303355,32.83908130488632,0.2660920610329126,22.257369898985598,12.860475507750719,-9.396894391234879,-0.12035226821899414,7.6227433883417275,29.982498735834497,22.35975534749277,0.16055008343287877,26.563016857481475,4.2465908290552346,-22.316426028426243,-0.26469462804017735,3.8699609205849774,12.756279135412065,8.886318214827087,0.08193009282196521
test,3layer,3layer/archive_4/ff48aa19-6b53-4584-b397-c63f0808b898.pt,8.958548608625735,11.335274088384574,2.3767254797588393,0.02152788397818219,3.3740157362049406,3.6153644294172493,0.24134869321230878,0.0011925579121540312,4.905669844004379,5.772578736747625,0.866908892743246,0.008579254150390625,4.823497659354671,1.8115666882607413,-3.0119309710939297,-0.027252554893493652,3.932732754661242,9.046326747819183,5.1135939931579415,0.04642994532477737,8.0544051162533,0.1585447969559177,-7.895860319297382,-0.08232794915773217
test,3layer,3layer/archive_5/2f5c06b1-a292-4619-89f7-36deca73383c.pt,18.872701168802646,19.539330782666376,0.66662961386373,0.008157684743358267,9.958544055812002,8.408437148672563,-1.5501069071394387,-0.01702878239037105,0.0,0.0,0.0,0.0,3.2168783954533287,2.3380637938604045,-0.8788146015929241,-0.008215018681117467,1.1839164864835243,11.161646172045891,9.977729685562368,0.0939397813377672,11.1262845961913,4.612069348139236,-6.514215248052065,-0.07272187530505662
test,3layer,3layer/archive_5/3ccada1a-2dab-4eee-9270-e563f39266e4.pt,29.256202323922803,13.573011120860778,-15.683191203062025,-0.2155790696865727,23.503637900590846,11.96010871418144,-11.543529186409407,-0.15347534942861535,34.030036701474415,10.10314148573723,-23.926895215737183,-0.2657095193862915,9.679613134013572,4.134240048226504,-5.545373085787068,-0.04897122383117676,9.900643556137572,32.65449417484607,22.753850618708498,0.18634562134858812,0.723869194170145,13.716738411654344,12.992869217484198,0.12110385105630367
test,3layer,3layer/archive_5/3ff0b042-bb64-4262-b94a-c186372bd8ad.pt,2.2427361687799765,13.659585595225833,11.416849426445857,0.10568223447948485,4.176858324678516,5.847162808623837,1.670304483945321,0.01415078430725511,28.851231271868226,30.33791097298068,1.486679701112454,0.017919540405273438,15.24436280663733,11.529191805520131,-3.7151710011171986,-0.035564422607421875,12.042113016973614,2.566755869654735,-9.47535714731888,-0.10212646852981883,1.8112009862069764,6.404116024411198,4.592915038204222,0.04376949629332086
test,3layer,3layer/archive_5/42934296-1ebd-47bf-94a7-84de823eb76e.pt,23.483993782627678,6.293628499369848,-17.19036528325783,-0.1491446458238711,11.117953005077682,2.6388171061098262,-8.479135898967856,-0.07927847848140777,0.4693755164387425,34.699536984532365,34.23016146809362,0.3920891020033095,12.182810304263475,7.292439994360202,-4.890370309903273,-0.03891491889953613,5.570637121848677,19.000092985773176,13.429455863924499,0.11931211577868853,4.889147943790599,8.80050823102365,3.9113602872330517,0.03417287807386575
test,3layer,3layer/archive_5/50b83494-c5ef-4246-9831-1a079cc70165.pt,28.75110094089258,4.128499245042184,-24.6226016958504,-0.29532411710037176,32.982913665861446,0.524736705302344,-32.4581769605591,-0.3896896464424093,0.0,0.0,0.0,0.0,35.091473184965714,57.32622483326763,22.234751648301916,0.1306829187605116,4.169392311947589,23.690705063985213,19.521312752037623,0.16920976783850283,4.412543425113402,15.42012378099338,11.007580355879979,0.09800406939158861
test,3layer,3layer/archive_5/5b2339aa-14dd-404f-8730-b9f6df622dbd.pt,46.78590935511331,53.510746517697086,6.724837162583775,0.11984346968657661,41.159291460412206,43.048698659947206,1.8894071995350004,0.03031316039309775,0.0,0.0,0.0,0.0,14.831699418226172,3.808569585609555,-11.023129832616618,-0.09709753990173339,7.03796054038658,3.1369643077683094,-3.9009962326182706,-0.04205174216962242,5.482423153808268,9.579373745605542,4.096950591797274,0.035028701410060974
test,3layer,3layer/archive_5/682da5ca-0781-43f7-9f77-e37ed7e473a2.pt,9.75123314003057,4.551782974589599,-5.199450165440971,-0.04640043167453549,5.70966263279114,1.8084315692843824,-3.9012310635067577,-0.03726172497523367,0.7895391244880638,35.52605105046226,34.73651192597419,0.3887874285380046,16.284540925138565,15.082369785308954,-1.2021711398296109,-0.012132644653320312,11.10753075293358,4.625267352081468,-6.482263400852111,-0.07025498510090233,7.623033120373315,0.590564063413022,-7.032469056960293,-0.07335251046025104
test,3layer,3layer/archive_5/6cda3159-fc6a-4495-9858-fa59bdf2dfdf.pt,17.2347922745688,20.12484200840154,2.8900497338327398,0.03516330594581034,13.372430288551978,14.637101883235015,1.264671594683037,0.014622621695577034,0.0,0.0,0.0,0.0,35.04833207468811,29.877875039064616,-5.170457035623496,-0.05896053314208984,2.0944160477164746,10.134222154427569,8.039806106711094,0.07528024569040194,10.70226984535098,7.775305410266211,-2.926964435084769,-0.038218951073597456
test,3layer,3layer/archive_5/6ed608e1-70cd-4e70-a049-02dcdc67a5bb.pt,37.75491199672341,41.847280172518815,4.092368175795407,0.028468048733288964,18.05751738092786,21.553222413074632,3.4957050321467733,0.028942400513786062,33.97537333864794,18.692801951470194,-15.282571387177747,-0.11200129985809326,11.372785382973277,11.372785382973277,0.0,0.0,18.03584798995953,27.401593106225068,9.365745116265536,0.07555194112627986,10.501488970840853,3.8699609205849774,-6.631528050255875,-0.07285229041573
test,3layer,3layer/archive_5/7358c73b-1361-4dc7-870d-f6a2094bae6f.pt,10.871872306000453,22.44992983889391,11.578057532893459,0.13791387510531272,0.5447467709340672,8.910817595723849,8.366070824789782,0.08782825064618036,0.0,0.0,0.0,0.0,17.704202565412242,17.397476593394117,-0.3067259720181248,-0.003071467081705729,2.5329411590326427,8.521549469986738,5.9886083109540955,0.056715429173970204,13.510597833831651,2.2197687154231915,-11.29082911840846,-0.1229125486320281
test,3layer,3layer/archive_5/829a0c10-65ab-47db-b1b9-47c1f0f019a0.pt,28.644806297120343,17.583699915725074,-11.06110638139527,-0.14154088975380158,23.146891689056396,4.327331235956281,-18.819560453100117,-0.2175240282793829,0.0,0.0,0.0,0.0,25.866517511155266,18.65246747207664,-7.214050039078625,-0.07310299873352051,29.87035383562143,3.5588417850648737,-26.311512050556555,-0.3148551735187998,2.9847558288850276,20.04013437798435,17.055378549099323,0.15269697022755205
test,3layer,3layer/archive_5/8ab6e31d-30e6-48c9-89b5-8a4d1b30d732.pt,10.156150238265903,26.602619366950577,16.446469128684676,0.19984125056016677,1.4795034155354603,17.734387394603548,16.254883979068087,0.1796891983695652,35.39305721995613,59.54436008594321,24.151302865987084,0.3946295844184028,27.10599336875466,36.852341941497286,9.746348572742626,0.11056842803955078,5.224672837852586,10.149780331451888,4.9251074935993016,0.045671650590311585,1.4941088837304521,12.096862445049242,10.602753561318789,0.09919589225458045
test,3layer,3layer/archive_5/a59c2dc5-1172-4fd3-bbf5-58b15b1a12fc.pt,58.38822344801002,18.753069290205126,-39.63515415780489,-0.6531461988762636,44.89165066196814,21.467400276997928,-23.424250384970215,-0.3849593460241641,53.6109631808938,39.69479088461791,-13.916172296275889,-0.37257436343601774,44.746643730382736,74.97648104087838,30.229837310495647,0.15970958603752983,15.020815755893555,25.185771997674756,10.164956241781201,0.06126974401817475,0.33876539358165886,14.868445399619672,14.529680006038014,0.13494801591082317
test,3layer,3layer/archive_5/b290b65e-3231-4d36-8e2a-17267f7fed19.pt,6.1633367597342845,13.884990046375556,7.7216532866412715,0.06624174353073355,5.253143671583737,10.833692983923982,5.580549312340245,0.048820278569489686,8.282590684752138,31.33130617816095,23.048715493408814,0.18398651709923378,30.490623151366783,22.747995098242747,-7.742628053124037,-0.08246192932128907,3.0884800717240624,11.633565371200195,8.545085299476133,0.07855942560342194,4.412543425113402,9.962623037609395,5.550079612495994,0.04975866098872951
test,3layer,3layer/archive_5/c5127614-61a4-42b1-b141-7b9811447c6b.pt,10.090888492448942,16.788225946344614,6.697337453895672,0.05881771153994151,2.122425706818555,2.9611436523358994,0.8387179455173444,0.007727198088987453,16.137239481593852,0.7502439967535189,-15.386995484840334,-0.12406915426254272,26.02379344255947,30.96255940956913,4.938765967009662,0.033112406730651855,12.066127931025829,10.074448618796158,-1.991679312229671,-0.022317854907152986,3.329315571905731,12.898718941540954,9.569403369635223,0.08841200313807532
test,3layer,3layer/archive_5/d4bbee90-05fc-476b-a91d-3aaf8b4db3db.pt,31.051572711397572,29.73698324782389,-1.3145894635736823,-0.01827925861458579,16.29050406059269,8.131520949475338,-8.158983111117351,-0.09258519803103418,0.0,0.0,0.0,0.0,24.933921936790032,26.486826996138536,1.5529050593485039,0.01635913848876953,25.978769652956593,7.392185766428617,-18.586583886527976,-0.22177794367601888,12.813308299039015,26.373319922209728,13.560011623170713,0.11256703619191721
test,3layer,3layer/archive_5/dc4e69b6-074a-49cd-b7be-6f480ce18c49.pt,56.4062236737562,5.942692520450384,-50.463531153305816,-0.7243480241430361,20.1681308848401,18.68496963853378,-1.4831612463063202,-0.05341209752482074,49.705024360631015,11.891224497521025,-37.81379986310999,-0.4805447459220886,0.14709912572919154,16.948605489206212,16.80150636347702,0.12382035255432129,19.009854288272567,18.28621293992562,-0.7236413483469484,-0.04250981713718073,3.421050494821645,17.9305128214616,14.509462326639955,0.13085353944359757
test,3layer,3layer/archive_5/dc6cc1b0-0a74-422f-bae6-33414158b513.pt,32.67339871868348,22.555912711871848,-10.117486006811632,-0.1878287438118812,31.531816210635707,15.339774282150527,-16.19204192848518,-0.23185312451414802,14.983755064766116,20.927599158417003,5.9438440936508865,0.024044811725616455,4.886321368355803,24.330182393052493,19.443861024696687,0.14101346333821616,22.51572402559069,1.613723368811985,-20.902000656778704,-0.23767840232683982,5.035263395631981,13.916805654027362,8.881542258395381,0.08098054501084599
test,3layer,3layer/archive_5/ebe30e20-cffb-4ba4-a398-69d7e8a33410.pt,5.489162607087061,3.471702048947423,-2.017460558139638,-0.019300301787688906,1.708381277369217,3.4027313582425402,1.6943500808733232,0.017384767300543322,7.802229022617656,21.737775777567865,13.93554675495021,0.149137814839681,12.150458458051567,14.009307729317573,1.8588492712660063,0.017734607060750324,9.859740751556489,2.8749503908211573,-6.984790360735332,-0.07453420996413442,8.654855818622478,1.6121204373737053,-7.0427353812487725,-0.07445484086903471
test,3layer,3layer/archive_5/f4f35a65-0a4a-4371-ada8-9ad5aa304919.pt,31.125187523937768,11.854141770122583,-19.271045753815187,-0.2426002711605004,25.417557140018204,3.6756865395066676,-21.741870600511536,-0.2550773211151239,0.0,0.0,0.0,0.0,4.445063333946697,1.4091778192730147,-3.0358855146736827,-0.026972430092947825,26.706390696267444,0.8949151235393948,-25.81147557272805,-0.2992076083313018,7.833167482444663,21.44974785258623,13.616580370141568,0.11832854822793461
test,3layer,3layer/archive_6/016c01e0-8a05-4284-9908-27b7c03bce72.pt,15.12733048189133,39.70580326260998,24.578472780718656,0.16763252034127654,18.569793865940337,34.13682979357465,15.567035927634311,0.0868896345579875,34.57998759242632,13.96309854673948,-20.61688904568684,-0.25881152153015136,11.999226668317789,31.885630546091438,19.88640387777365,0.13869517190115793,4.673625035231637,24.668988826567073,19.995363791335436,0.1717291839031299,1.2604879301240082,11.05565988033652,9.795171950212513,0.09205805423377257
test,3layer,3layer/archive_6/045e2ed2-c48b-447f-9614-08dd71f71d34.pt,49.55699394842082,42.22795885605772,-7.3290350923631,-0.04849619019145855,34.40396627892724,27.790175484778537,-6.613790794148706,-0.04954520043492532,55.694402739460266,30.977725140260613,-24.716677599199652,-0.1609627650334285,27.10599336875466,27.723976227713994,0.6179828589593335,0.006639289855957031,8.387229368693154,19.32034217411223,10.933112805419077,0.09567698753065686,4.576048810622008,11.846385224738638,7.27033641411663,0.06498932613391865
test,3layer,3layer/archive_6/3975b759-0df3-48ab-9d47-3cf5beb7ca49.pt,0.6484672200634329,6.925397157475474,6.27692993741204,0.06047119650313153,5.757668451329878,17.575958847064513,11.818290395734635,0.10559328086350718,0.0,0.0,0.0,0.0,35.65090299247278,18.65246747207664,-16.99843552039614,-0.18250718116760253,26.39859606323867,5.412503399132772,-20.986092664105897,-0.2513943280762826,1.4788508018978712,21.259532830804936,19.780682028907066,0.17744501652864203
test,3layer,3layer/archive_6/4ea0e5ed-21b5-4a77-9e9a-b58aff994a62.pt,6.145369091173633,19.874449619873758,13.729080528700125,0.12115636361840025,5.140619812228301,17.414066130902853,12.273446318674551,0.11007226319375886,0.0,0.0,0.0,0.0,10.346494905460194,12.795521572523057,2.4490266670628635,0.0191497802734375,15.422902525881051,9.51253591051222,-5.910366615368831,-0.0763034376547796,6.34200907963869,10.765939616703626,4.423930537064936,0.036655984600741896
test,3layer,3layer/archive_6/66b90bf1-7b41-4a7c-b50e-0e50baab3720.pt,16.492176763063696,25.93637647395006,9.444199710886362,0.14564690122095525,40.23453172065812,1.8144383082563766,-38.42009341240174,-0.3169666562524698,17.200656023017842,60.56921798715732,43.36856196413948,0.6216192841529846,11.520181024752095,7.0797829873857765,-4.440398037366318,-0.028425216674804688,33.801365522599426,35.21094363182785,1.409578109228427,0.010251369724025974,6.723038294971488,4.233440487272995,-2.489597807698493,-0.028099887182892455
test,3layer,3layer/archive_6/6cb1964c-9c77-45c6-941f-9f7007776305.pt,6.114630933984925,2.489898621665506,-3.624732312319419,-0.03411895405973418,0.6388420450911618,4.001037631587092,3.3621955864959303,0.034417470239424666,5.507945437299729,13.541661541977826,8.033716104678096,0.08592009544372559,7.504861652999883,10.852139394064206,3.3472777410643237,0.03151982171194894,21.242653882485705,16.788342665607853,-4.454311216877851,-0.05439894651963769,8.118649121537487,12.216667633284388,4.098018511746901,0.03710930689940725
test,3layer,3layer/archive_6/91b9701f-3dac-429a-884b-24551090a0f2.pt,4.834768809154778,10.321314988612029,5.4865461794572505,0.059282977625342514,5.471076890444077,1.8096262097855773,-3.6614506806584997,-0.03531922317538126,0.0,0.0,0.0,0.0,5.274207341475259,3.017839421057462,-2.256367920417797,-0.02058863639831543,2.4543803624795784,12.015212759931186,9.560832397451609,0.0884892871104561,8.99022500427287,3.329315571905731,-5.66090943236714,-0.0613770893261855
test,3layer,3layer/archive_6/bd92edbe-72e6-44e8-b1ab-fe60006443a1.pt,6.95879722276369,1.1304071134239186,-5.828390109339772,-0.06072675972848575,0.677015455003834,8.073991828990913,7.396976373987079,0.07081151682139204,7.926170129592771,22.647823610915975,14.721653481323203,0.158461332321167,23.68650925431609,15.47111316494973,-8.21539608936636,-0.08080320358276367,3.3335059987966544,12.384196114226105,9.05069011542945,0.08271020280676389,4.336607190564661,4.5652350019228285,0.22862781135816768,0.0003062310460819855
test,3layer,3layer/archive_6/cb847a16-0ed7-4276-8f23-cdaf3e713616.pt,4.415715653826672,14.84387251953258,10.428156865705908,0.09302718519967666,7.912228590590019,11.171406483234634,3.2591778926446144,0.023422225584210036,0.0,0.0,0.0,0.0,9.764303470357621,3.33580772633225,-6.428495744025371,-0.06111347675323486,12.020779942207577,5.943259930928169,-6.077520011279408,-0.07017349361423425,7.572410099694661,3.379895444938869,-4.192514654755792,-0.045460814952974486
test,3layer,3layer/archive_6/d0f08578-f032-48f8-984f-b976572b7102.pt,17.886205495768127,5.9722249807527525,-11.913980515015375,-0.10618729896567201,10.731343313954588,5.152534632191803,-5.578808681762784,-0.05161627656193244,20.777352264651416,9.339401180009926,-11.43795108464149,-0.08461040258407593,54.88158724906595,54.60093028224875,-0.28065696681720453,-0.0015968909630408655,16.916102664272337,10.454185554979084,-6.461917109293253,-0.07447796671095117,2.148489040545741,6.066927871792036,3.9184388312462946,0.037159701338040446
test,3layer,3layer/archive_6/dd3383b4-608d-479d-9de0-179e78a5e976.pt,13.087755371630207,22.37761612108533,9.289860749455125,0.07841771361912178,3.657012914159644,9.538865329255819,5.881852415096175,0.05379383131769732,2.83260671923834,10.886372533175313,8.053765813936973,0.07189013741233131,22.5812564634285,19.234471668500913,-3.3467847949275864,-0.034784952799479164,15.74403216508274,1.2051298109126303,-14.538902354170109,-0.15890023675874848,4.001682411158279,7.6361245305565255,3.634442119398247,0.03271246672160243
test,3layer,3layer/archive_6/f80c54c9-9f67-4987-a2e8-d9b399a296f1.pt,1.0554774295659348,20.84740268409935,19.791925254533414,0.22223045631338825,1.5662401492442017,13.18908888776401,11.622848738519808,0.12565912668258794,8.722660359116862,52.34795730737804,43.62529694826118,0.5560808181762695,31.14376055775084,34.04588106137446,2.9021205036236175,0.019669969876607258,10.291510202805618,6.302914984574166,-3.9885952182314526,-0.0434158354488734,3.7376687195570595,4.478247791563641,0.7405790720065815,0.005712581248634477
test,3layer,3layer/archive_7/0f99dd78-bee4-41a2-bbf3-b5d1c177a646.pt,7.231449991869722,25.592927915768662,18.36147792389894,0.15186431989286608,9.25789461933171,19.901147906903056,10.643253287571346,0.08392588045481293,12.622315245891933,11.578300813793314,-1.0440144320986189,-0.023172378540039062,10.284254463017609,2.749790301636447,-7.5344641613811625,-0.06711355845133464,3.759534720535353,19.431968828275814,15.672434107740461,0.1401973051988076,10.501488970840853,1.8158717052995674,-8.685617265541286,-0.09281722798597965
test,3layer,3layer/archive_7/1dbee308-28c6-4ef8-a795-f276f07acd1b.pt,31.98699069440318,0.8095285032769687,-31.17746219112621,-0.26769936226738184,37.04805579125873,13.453874127847845,-23.594181663410886,-0.18651630980924508,64.35772412007152,8.610185120058242,-55.74753900001328,-0.3917147219181061,34.444544767831125,43.07830074048841,8.633755972657283,0.10634651184082031,9.020074822063782,16.97688383470291,7.956809012639129,0.07017127930543383,5.368283889569634,10.37274684960728,5.004462960037646,0.04343892028123475
test,3layer,3layer/archive_7/2a192a41-f287-461b-8173-9c09d97dde20.pt,7.519853781744975,16.67982509226229,9.159971310517317,0.0814829872810849,5.2758802059035075,19.05834691006483,13.782466704161322,0.12259590150323704,30.335001995568184,20.67570388553248,-9.659298110035703,-0.07058402470179967,28.340841512967174,19.917528291754536,-8.423313221212638,-0.08719558715820312,26.72235227481997,11.138030399658037,-15.584321875161931,-0.19046135782958498,22.245100883507167,23.596763492772265,1.351662609265098,0.010878299223005447
test,3layer,3layer/archive_7/2c09f6df-c87f-45d6-aa8a-2b149a0ca32b.pt,3.3192206267448445,6.4571378325578905,3.137917205813046,0.029900866596638657,8.133977673242825,14.32737872263968,6.193401049396854,0.055533556314712254,50.287855527186636,68.30563240808426,18.017776880897628,0.31984901428222656,21.806987918357063,13.549758191252566,-8.257229727104496,-0.07952995300292968,2.4100949147765296,17.35135766833627,14.94126275355974,0.13583077058319715,6.949041331027581,3.3210970638097463,-3.6279442672178344,-0.0393114794481982
test,3layer,3layer/archive_7/3c514ace-be43-40ba-8c00-c29da7b7c673.pt,17.205687531507888,6.704835618306131,-10.500851913201757,-0.11887519121624618,4.28368569093909,12.317974841894888,8.034289150955797,0.07409269131628281,68.31739507667079,64.76974477990154,-3.5476502967692483,-0.07172012329101562,4.643447967428402,6.167926203720339,1.5244782362919365,0.010246515274047852,7.580497186881694,13.375001770940436,5.794504584058742,0.046567679689886954,3.5381199554632294,11.402732320214893,7.864612364751664,0.0730869191454538
test,3layer,3layer/archive_7/5d76b6ab-7c7f-4e4b-9707-a1ad425bb202.pt,11.990207558899908,1.9121165205145725,-10.078091038385335,-0.10824106805335541,6.057021316484876,4.522645817505036,-1.5343754989798404,-0.018235123132052455,0.0,0.0,0.0,0.0,6.229899368352484,4.926590699735842,-1.3033086686166424,-0.014418178134494357,6.988384106389478,10.977888793448964,3.989504687059486,0.031651165282916706,5.106510794244754,4.478247791563641,-0.6282630026811127,-0.00860044959853616
test,3layer,3layer/archive_7/623c721b-90b3-4114-975f-305f422d10e9.pt,26.876452764325787,14.901449839506185,-11.975002924819602,-0.0982430040002883,12.394779726429597,6.882919147688591,-5.511860578741006,-0.05017425744577533,28.679978618068205,0.9053434590517851,-27.77463515901642,-0.23174230257670084,18.010705262840922,21.367452714996627,3.3567474521557052,0.03441842397054037,6.733135913011013,2.2546944580842885,-4.478441454926725,-0.04737742826375793,7.28737566319259,3.6662256056677327,-3.621150057524857,-0.039618568668655096
test,3layer,3layer/archive_7/7cc2c2ca-7965-4b99-a1a6-0a2591e5b817.pt,25.93282531348354,15.519762258543834,-10.413063054939707,-0.085539610083394,9.811363508498284,7.238910030549461,-2.572453477948822,-0.023664590355627936,17.819451502030986,2.9199637511786354,-14.899487750852352,-0.1288312031672551,21.974814105771383,23.489162645556704,1.5143485397853205,0.016063928604125977,10.587294271851926,5.384393689981932,-5.202900581869994,-0.05935339011637713,7.983074758951948,5.707752310968052,-2.2753224479838954,-0.027649859040519878
test,3layer,3layer/archive_7/9f6c12c7-cb3e-4618-80eb-f44135fa7ff1.pt,22.103157428288103,16.45638621590672,-5.646771212381385,-0.019716158270573107,27.439794472438482,5.4114902213744065,-22.028304251064075,-0.1856684370101161,7.291450473435205,60.9482190296174,53.65676855618219,0.725648832321167,6.999249102216938,3.8312647102246515,-3.1679843919922863,-0.024484225681849887,13.749267316644483,7.274761907615503,-6.47450540902898,-0.058450173254620125,6.8916844714015095,3.3772243388445955,-3.514460132556914,-0.038158306848750434
test,3layer,3layer/archive_7/beaa7d8c-adf4-48f3-920d-f4bf9f918429.pt,32.246385234614436,11.659432196220685,-20.58695303839375,-0.16751675388532064,28.761109138570536,9.326121450774243,-19.434987687796294,-0.1623411678447563,0.0,0.0,0.0,0.0,25.5559481255798,25.866517511155266,0.3105693855754659,0.003271675109863281,2.723870001408888,13.070382017388907,10.346512015980018,0.09579675871841467,7.697805990661796,8.391282272663958,0.6934762820021616,0.00047420974423631126
test,3layer,3layer/archive_7/ca31b05c-fbd5-40ce-88b4-f46c75bcbc1e.pt,1.262396931822908,14.077112513661676,12.814715581838769,0.11880814578237442,3.676648704119721,17.99686736907646,14.320218664956737,0.12900549941735595,0.0,0.0,0.0,0.0,0.44498557823127094,7.6227433883417275,7.177757810110457,0.0591162954057966,1.6807529549141145,24.911200258420973,23.230447303506857,0.20455173702701474,6.94123296670188,14.262369184095276,7.321136217393396,0.06120679304040654
test,3layer,3layer/archive_7/d68b257b-0fa6-41ab-a024-1f0342d08288.pt,44.430729012243326,32.01758887052917,-12.413140141714159,-0.087550975781534,19.419140552859858,15.004050819330583,-4.415089733529275,-0.03743440559111446,45.99282836841276,22.370650653944228,-23.62217771446853,-0.16765443016501033,100.94790624380671,99.10920440488823,-1.8387018389184817,-0.007762002944946289,14.111702854126678,3.3458007755274415,-10.765902078599236,-0.11891234088837545,4.001682411158279,11.052731549832567,7.051049138674288,0.06389224534102433
test,3layer,3layer/archive_7/e444df1b-dba5-4b96-af63-7c600172ba0f.pt,13.244294206030327,15.636063248943632,2.391769042913305,0.003187127614299611,9.640708701482339,20.779522492550775,11.138813791068436,0.08694487564788893,14.991158241670023,4.175339439048091,-10.815818802621932,-0.10747365951538086,22.120938498499306,8.38162278128946,-13.739315717209847,-0.1289891242980957,5.156295580857892,25.251695551119198,20.095399970261305,0.17391983887823736,5.5806722243356095,7.427377096176084,1.8467048718404744,0.014201359562687688
test,3layer,3layer/archive_7/e7ffdfea-f78c-4e70-bb97-044278626dd8.pt,6.491308267242638,17.188285677451127,10.69697741020849,0.09540625174503016,3.1494896675764803,10.151019919694567,7.001530252118087,0.0646066670761122,0.8887914619149909,9.705310739030413,8.816519277115422,0.07952718734741211,20.75916538456509,17.704202565412242,-3.0549628191528484,-0.031165281931559246,6.109428656703861,8.866874347245991,2.75744569054213,0.02188344117884212,3.317090506728844,6.9521936486582625,3.6351031419294184,0.03344934552484787
test,3layer,3layer/archive_8/46176ed8-1229-4591-9cb0-0dd9a6b51ee9.pt,8.482335538086403,14.921588366945608,6.439252828859205,0.05027501515453098,16.9045263972363,4.166114028641585,-12.738412368594714,-0.14383752247317266,22.647823610915975,0.7096854146122938,-21.93813819630368,-0.22758754094441733,12.4891317819499,17.091993699183753,4.602861917233852,0.03492331504821777,2.4021198209896184,18.333431124314817,15.931311303325199,0.1441936811645491,8.309331591676672,1.9579220706338556,-6.351409521042816,-0.06729329124442172
test,3layer,3layer/archive_8/467f300e-5033-403b-9da3-1cd9417dfa1c.pt,68.44208173719556,20.892670965572886,-47.549410771622675,-0.32075176456320004,54.963873375657876,15.079844967490017,-39.88402840816786,-0.2909199614731645,85.98124676409637,3.255507674108075,-82.7257390899883,-0.553460094663832,27.723976227713994,44.831480574588745,17.10750434687475,0.20478973388671876,20.41379694936294,21.895426118891148,1.4816291695282082,0.012116356923166203,6.389728588623662,16.854125396554885,10.464396807931223,0.08941102333728389
test,3layer,3layer/archive_8/50750ae5-4ea6-4048-93d3-be824cdcdd50.pt,2.6323876575420653,13.098544310447629,10.466156652905564,0.09695070049118107,7.5077286317041905,4.103041923191857,-3.404686708512333,-0.037799034186143964,29.347419472211534,40.823239532221876,11.475820060010342,0.14786291122436523,5.101688203698931,23.810260410623464,18.708572206924533,0.14672155380249025,3.457958586822452,14.42108594817297,10.963127361350518,0.10051590794768611,4.6235809392271,3.5922199944654816,-1.0313609447616185,-0.01204039170463649
test,3layer,3layer/archive_8/70d29659-4642-4d5b-96b6-7a74fca8c16a.pt,4.826324721844192,2.6964576112694787,-2.1298671105747133,-0.020519842681696335,2.850377511254873,0.5735238700409137,-2.2768536412139593,-0.022383891775017414,14.75972583889527,4.823473657924884,-9.936252180970385,-0.08753097057342529,14.627262066320444,15.86061035105338,1.2333482847329353,0.012044032414754232,10.872466980004893,7.0960229501085275,-3.776444029896365,-0.04643862141451639,0.9884880030362478,15.42012378099338,14.431635777957133,0.13317728154274006
test,3layer,3layer/archive_8/7bacd5b5-55bb-4d26-bf4c-7764fa23808d.pt,1.9552542840463762,18.943488441840525,16.98823415779415,0.15367730638887445,0.6675299174667381,13.71503288596941,13.047502968502673,0.12164649168225548,16.02037881457552,11.394121473033481,-4.626257341542038,-0.03647074699401855,57.52863967862624,61.019111854289484,3.4904721756632426,0.018693423271179198,9.08096298938148,1.095495508432515,-7.985467480948964,-0.08410393566643566,1.1548148141407026,9.794662055178154,8.639847241037451,0.08174155543913994
test,3layer,3layer/archive_8/8a877a05-b348-4ada-bd64-135f5d01b99f.pt,0.5761804116690543,0.9936890854642029,0.41750867379514855,0.004109227084115268,1.8247520299567324,5.212785400929944,3.3880333709732113,0.03272030330931058,0.0,0.0,0.0,0.0,8.51304781042724,12.795521572523057,4.282473762095817,0.033780574798583984,15.273717766795416,6.810016579892913,-8.463701186902503,-0.09485789227850301,3.329315571905731,16.98445340862655,13.655137836720819,0.12378467682182706
test,3layer,3layer/archive_8/93992fae-9f2f-4090-b665-60319a12f4d5.pt,6.656465679276315,39.76403328618464,33.107567606908326,0.4274431937505527,10.764811969808296,18.824833776485388,8.060021806677092,0.1056527529535544,1.2730988133734094,61.630588743725745,60.35748993035234,0.7682498097419739,7.479703451421922,3.808569585609555,-3.671133865812367,-0.02662043571472168,7.828328359324034,9.82259723138064,1.9942688720566055,0.018289119920017295,0.3462602766097561,6.501705320002354,6.155445043392597,0.05947235851753049
test,3layer,3layer/archive_8/a8758474-f0d6-4d87-8475-cd9ca7c6b01c.pt,21.511255811579574,0.38433159685992585,-21.126924214719647,-0.23719520113242337,22.366909402624863,0.27501298664379076,-22.091896415981072,-0.2490770995550612,0.0,0.0,0.0,0.0,27.10599336875466,7.731187892985224,-19.374805475769435,-0.1865084648132324,0.5323515793954738,24.63029390080111,24.097942321405636,0.21392173044858004,9.251424316859335,8.546929771732582,-0.704494545126753,-0.015027640783910832
test,3layer,3layer/archive_8/c1851e04-b785-4659-88f0-6fed3ac4e617.pt,25.905913272410114,1.6061136932698628,-24.299799579140252,-0.281409166969426,24.95245160079557,2.5950889728591076,-22.35736262793646,-0.25946518375582533,11.648876031115265,0.8203846302350939,-10.828491400880171,-0.10108250379562378,11.458561330956334,11.372785382973277,-0.08577594798305732,-0.011949198586600167,25.876221449901838,5.043815851594016,-20.832405598307822,-0.2454554310376258,13.239160996647371,20.03871334191123,6.799552345263859,0.05796024247438628
test,3layer,3layer/archive_8/c45cc892-5984-49be-b0a4-69099c67d658.pt,21.661691418240725,2.01054328049333,-19.651148137747395,-0.22261253422142094,18.183706153225582,1.6774479135211389,-16.506258239704444,-0.18338144186669714,13.703465370109353,7.518178668373821,-6.1852867017355315,-0.06037169694900513,27.39870429195471,11.218259713340807,-16.180444578613905,-0.16552559534708658,15.168415425085874,4.708142795954065,-10.460272629131808,-0.11590787559890486,1.3281699320422664,6.886423285143898,5.558253353101631,0.05319493088271758
test,3layer,3layer/archive_8/c47aeee5-856c-40ab-bac6-5775ed12c297.pt,23.404072369500422,23.404072369500422,0.0,0.0,2.85094319603826,5.196943799062297,2.3460006030240375,0.02173113436757613,10.227524477150817,2.827130537250075,-7.400393939900742,-0.064333975315094,9.442861447260128,23.987259391690102,14.544397944429974,0.11273899945345792,0.6387928665192195,16.30612629518493,15.667333428665712,0.14435481911043313,4.410114849536347,5.174632361432867,0.7645175118965195,0.0053451382485354745
test,3layer,3layer/archive_8/cdcb2c6a-74df-4514-9588-eebaf6d1fdfc.pt,2.5040984898395755,20.44380140517579,17.939702915336216,0.20297990641839878,10.512795486859941,5.292369304541774,-5.2204261823181675,-0.04551474302749034,17.202322791393687,27.812290157293923,10.609967365900236,0.15288659504481725,11.458561330956334,11.458561330956334,0.0,0.0,15.005786951457818,12.022794698220311,-2.982992253237507,-0.034309715436779936,4.698336110235668,11.534332230633913,6.835996120398245,0.0631402136724198
test,3layer,3layer/archive_8/cedba305-cc6e-4ce6-aa86-cb6670a47f11.pt,14.184977887884182,13.292067939407083,-0.892909948477099,-0.007817996169780348,8.779422467976053,7.3695827534105955,-1.4098397145654573,-0.013025199315595424,19.313638523739783,36.714505511556595,17.400866987816812,0.206426739692688,12.770910654406624,13.39052405788621,0.6196134034795868,0.005911429723103841,5.372664931486037,13.842650334991411,8.469985403505374,0.07713905425968068,2.4959661418786547,9.13918718299255,6.643221041113896,0.06211293422551253
test,3layer,3layer/archive_8/d1d53b14-d13b-4ed5-9b33-b4b148f55fe3.pt,33.73143174618325,14.18460775966557,-19.54682398651768,-0.15617942182357875,35.790574729348165,17.599918887262408,-18.190655842085757,-0.1418124329810049,0.0,0.0,0.0,0.0,12.795521572523057,6.987518481451433,-5.808003091071624,-0.04615175724029541,29.401665531453745,39.09581173955751,9.694146208103767,0.0706931741192412,6.602386535672215,15.278971043646175,8.67658450797396,0.07365594746583143
test,3layer,3layer/archive_8/f674eebb-8d43-4bae-a253-36053dbf2ef4.pt,33.01354899713288,16.01470184646206,-16.99884715067082,-0.221310751304726,27.016485033714666,8.255038879519018,-18.761446154195646,-0.22624645482235353,0.0,0.0,0.0,0.0,31.102203747092876,12.263730422826386,-18.838473324266488,-0.19011812210083007,10.106729085749482,11.226699378394729,1.119970292645247,-0.00014638977740555377,3.30291062882598,16.182556264459805,12.879645635633825,0.11608505532644052
test,conv1d,conv1d/archive_1/40a8e82a-f9f5-4c4d-b727-a0478a1b75eb.pt,5.392022541294629,19.21786347891733,13.8258409376227,0.11991320946743235,8.04509637820383,17.15058709939632,9.105490721192488,0.07413587797885182,1.2272309950822708,34.13270030166543,32.90546930658316,0.23268254597981772,3.155704185797175,8.247394272395306,5.091690086598131,0.04437149272245519,44.21427130788111,36.53543184318865,-7.678839464692466,-0.25870506257571824,41.68959422948899,31.37566590159786,-10.31392832789113,-0.255469172754329
test,conv1d,conv1d/archive_1/652e0143-09a7-4bb0-afe0-afe109e97397.pt,5.277474128399473,12.439559995646187,7.162085867246714,0.07843780809690634,4.003431868551741,3.9388730298629864,-0.06455883868875434,-0.002224028894347675,0.0,0.0,0.0,0.0,95.20977732023745,5.688012619796092,-89.52176470044135,-0.5740077444847594,72.83991780205162,1.5665042786095171,-71.2734135234421,-0.5181494770506995,69.9941694104451,0.8638336372530782,-69.13033577319202,-0.5098100496451673
test,conv1d,conv1d/archive_1/79d43e81-55cb-41d8-8da5-72ce41fcafad.pt,19.004975534740264,3.3653961171623217,-15.639579417577943,-0.17689886564026044,5.899632207792828,24.419489128388914,18.519856920596087,0.16031294505103252,0.0,0.0,0.0,0.0,38.139253441510526,23.461439480488245,-14.67781396102228,-0.17978286743164062,33.45039766912797,44.972186335291816,11.521788666163843,0.08058713722905869,37.43811540874302,40.07401421470838,2.635898805965354,0.01849653429326389
test,conv1d,conv1d/archive_1/82b35702-e1ac-446c-aabc-45ec3ed80610.pt,0.12727793743954638,56.803565219039655,56.67628728160011,0.4411047043826824,15.73875700996905,50.87013305182291,35.13137604185386,0.23471406730525926,10.831833155767889,31.60457887198018,20.77274571621229,0.14889448881149292,3.4982607717594116,51.68200683526947,48.18374606351006,0.3606610664954552,75.31805409248933,52.022478831723255,-23.29557526076608,-0.5050446339142628,64.99548360073477,55.030005167729996,-9.965478433004776,-0.2036701454973455
test,conv1d,conv1d/archive_1/a4d19761-4b0a-42ab-9d53-c66d8f00f10b.pt,0.5100831516422387,20.05595205394263,19.54586890230039,0.17716084836511597,2.4647486038859414,16.436675358718798,13.971926754832857,0.1275341578987663,0.0,0.0,0.0,0.0,58.12521014145184,95.97456304133274,37.849352899880905,0.9232433319091797,2.9303895596165996,51.79817450255104,48.86778494293444,0.6701380860648954,10.19428649263095,54.14264270077653,43.948356208145576,0.6454035268017952
test,conv1d,conv1d/archive_1/d1c94bd8-9b95-4896-90ef-9820b72e9c80.pt,10.902340062945852,23.365515988144782,12.46317592519893,0.14924993776380716,7.206747563080417,15.510287008512197,8.303539445431781,0.09337941080119805,4.283301895515691,14.233155658497948,9.949853762982258,0.09275154272715251,41.126453782502,24.531480705855376,-16.59497307664662,-0.11920102437337239,10.274418468455279,41.06479139528287,30.790372926827587,0.4190237278403995,5.988798900457283,47.83917162586029,41.850372725403005,0.5706489952009598
test,conv1d,conv1d/archive_2/21f8ce76-3ba1-4feb-ac27-b94c3aec3243.pt,9.129185596700115,16.053437207715028,6.924251611014913,0.061298512345729264,41.737827948074894,61.99799712780685,20.260169179731953,0.1279551107136329,45.82875661329263,50.05486813695671,4.2261115236640805,0.06398427486419678,75.94854051029736,35.42685040298048,-40.521690107316886,-0.24716418257383543,52.773213305685545,8.10026353569729,-44.67294976998826,-0.33970375569500205,53.724468021852985,8.511979455712622,-45.212488566140365,-0.34184123435988256
test,conv1d,conv1d/archive_2/47b8d120-10a1-4744-8bdb-07a551ff3128.pt,16.807441703353263,15.306353409695104,-1.5010882936581584,-0.041311900780102426,7.878449311334492,30.292626516587063,22.41417720525257,0.18106237733436423,48.57047749914615,24.638455391668316,-23.932022107477835,-0.2703682780265808,7.424499043805673,4.195683554475419,-3.2288154893302536,-0.03000093275500882,44.96064918911021,35.774919380042256,-9.18572980906795,0.06859674921809522,44.187077788093674,47.27790129223833,3.090823504144659,0.25722414295351403
test,conv1d,conv1d/archive_2/d19f3c15-b218-471a-a743-35e62285e6be.pt,3.15952490380093,4.504689272227144,1.345164368426214,0.013982209690471373,0.26093834427730556,12.108080516596733,11.847142172319428,0.11156148960932678,15.490021390677011,24.026702219901733,8.536680829224721,0.09465093612670898,42.88437434852883,29.62284868096731,-13.261525667561521,-0.1882549285888672,8.239427361025756,56.13262846019224,47.89320109916648,0.35237301086215633,4.572849581557738,65.10685465922512,60.53400507766738,0.44646616392493554
test,conv1d,conv1d/archive_2/f12c4085-2898-49f4-a61b-7368d7a1cf59.pt,15.009002272405619,11.883416201647659,-3.1255860707579597,-0.02744292212832011,9.946204060124217,14.167116845278734,4.220912785154518,0.037549132666320165,21.68958343213557,27.328734101132486,5.6391506689969155,0.06593551635742187,48.787004326623226,27.75419364139155,-21.032810685231677,-0.1453192690585522,23.097657426038037,28.988669178131076,5.891011752093039,0.07789142976922463,16.503513411132353,30.00654409831939,13.503030687187039,0.1731528147110025
test,conv1d,conv1d/archive_2/fbf509e8-3766-4b18-829f-8a91ea220962.pt,11.32160510588582,3.2440260811789696,-8.07757902470685,-0.08808484858084135,6.983169670216102,27.775698686635373,20.79252901641927,0.17640787993353052,16.48650953237447,2.9076969914771302,-13.578812540897339,-0.13515329360961914,40.910682776390146,47.28040141638102,6.369718639990872,0.04134387969970703,42.22466069810579,9.06502922318397,-33.15963147492182,-0.44852626636269305,28.50269611427493,15.093328140414688,-13.409367973860242,-0.19205413486481093
test,conv1d,conv1d/archive_3/0f93f762-11c1-47f6-b745-fbd2342bdcb3.pt,4.037002208110999,26.200402515708173,22.163400307597175,0.19045117665036676,0.19888666821842113,24.80873113414424,24.609844465925818,0.21871625567860842,41.06338955529016,2.8395083324958863,-38.22388122279427,-0.42693227529525757,23.237316173781284,3.6883429629932745,-19.54897321078801,-0.21757415245319234,59.188159034267144,61.005521733472285,1.817362699205141,0.03714164870873224,44.97258569353328,72.43776139585546,27.465175702322178,0.5555306665048213
test,conv1d,conv1d/archive_3/1e92fe49-0718-4869-9cdc-06e2f36d672d.pt,1.1479681324226525,0.365912122631015,-0.7820560097916375,-0.007748214427821105,6.136618567814093,3.745959187224552,-2.390659380589541,-0.026537523586951807,0.0,0.0,0.0,0.0,49.57585647303832,25.94507447821669,-23.630781994821632,-0.16427017211914063,56.92340035739492,55.807050815924974,-1.116349541469944,0.3309443675966334,73.51436989080293,58.09274691911353,-15.421622971689395,0.2811879286243108
test,conv1d,conv1d/archive_3/2666c285-a04a-423b-95a2-bd2757ede047.pt,8.318657075375482,2.441805651771118,-5.876851423604364,-0.0626707596239972,15.19053488163951,22.67693311265272,7.48639823101321,0.06249210994241265,9.394974245192458,38.69988220667453,29.304907961482073,0.1880625089009603,50.50901560106774,23.969563175120772,-26.539452425946966,-0.35298579931259155,61.99425744666028,123.38895412521283,61.394696678552556,0.2898494781461349,67.12524767291993,118.01829034230737,50.89304266938744,0.23963486163256664
test,conv1d,conv1d/archive_3/2c782213-ca6b-4c07-aeda-6ac96ff8af05.pt,14.96737616320067,11.506474146818139,-3.4609020163825317,-0.039691262344651576,4.807676890719169,6.218816148555043,1.411139257835874,0.013364398084815321,3.204034694558193,3.453144498328723,0.24910980377053038,0.002361456553141276,38.88891103827128,13.779169904116813,-25.10974113415447,-0.19248674270954538,68.79610343725591,29.550306735516653,-39.24579670173925,-0.2544202502082929,81.37544238546903,28.660430198170978,-52.71501218729805,-0.3277302097511007
test,conv1d,conv1d/archive_3/6d261423-eeff-4955-9e53-5d9faf751e88.pt,0.037980386884009704,25.392151588688147,25.35417120180414,0.22492748140959892,5.059170290531484,27.20270459920695,22.143534308675466,0.19010907941623434,0.0,0.0,0.0,0.0,22.44348151497141,17.761735307895357,-4.681746207076053,-0.05064070224761963,30.279352544909333,27.25018827679975,-3.0291642681095823,-0.11698590661155142,9.88934612373179,22.867709433206972,12.978363309475181,0.10117320940560237
test,conv1d,conv1d/archive_3/70fbcd6f-2675-4ff8-9b2f-a5085342bae5.pt,15.512005393152863,34.26518770791287,18.75318231476001,0.1485768847666356,10.830362466206994,20.157167157704436,9.326804691497442,0.06861131181403926,18.471123746165905,9.987178322447296,-8.483945423718609,-0.09135757173810687,0.5359043004622731,4.895880764716822,4.359976464254549,0.041355133056640625,14.266189000554128,14.266189000554128,0.0,0.0,24.337257627834163,24.337257627834163,0.0,0.0
test,conv1d,conv1d/archive_3/7a9bd2a0-5adb-4472-a529-8003407ae3b2.pt,14.481657733444724,20.409202556327973,5.927544822883249,0.029071641250091755,2.259688195695345,32.368541293928274,30.108853098232927,0.2557359826263538,24.638455391668316,0.15395403258835524,-24.48450135907996,-0.20959758758544922,5.994969228724184,26.891582171747086,20.8966129430229,0.16272401809692383,17.73422684219531,59.84239847285023,42.10817163065492,0.297705440122366,20.122369958535323,46.700614494151985,26.578244535616662,0.1957712833977706
test,conv1d,conv1d/archive_3/df0dc612-a890-445b-9073-5be3bf35dd8a.pt,0.26398707463614796,6.462225940353928,6.19823886571778,0.05995376045107349,3.7638050888631747,11.940514150998357,8.176709062135183,0.07573312345861034,50.63545662240165,4.704000053391317,-45.93145656901033,-0.47237902879714966,74.38925176719616,27.668844251580957,-46.7204075156152,-0.2861480298249618,23.019849896613337,48.12986934392898,25.110019447315644,0.37368368409278635,19.761353987642817,51.50496484957819,31.74361086193537,0.47440634465785486
test,conv1d,conv1d/archive_3/e28af083-279c-4728-846a-678e6d7bb22f.pt,26.763626279196504,10.766639485135716,-15.996986794060788,-0.1951837531887755,20.62342175926381,3.57433888919657,-17.049082870067238,-0.19354688204251802,19.37812639553133,19.37812639553133,0.0,0.0,68.46734283423787,24.893047528343487,-43.57429530589438,-0.6726681391398112,10.232815926101702,15.696091137434637,5.463275211332935,0.03769278306709544,17.292961104134267,7.3091628827471276,-9.98379822138714,-0.11878201872241884
test,conv1d,conv1d/archive_3/ef35d294-89ef-47da-86cb-d957605c64ea.pt,0.9470831829148881,9.083001361143086,8.135918178228199,0.07736706725515906,0.9484299247261033,15.682458750117219,14.734028825391116,0.1358908704850988,10.8236629050861,11.075195864261778,0.25153295917567675,0.002072572708129883,29.337756336507578,27.201167315025213,-2.136589021482365,-0.01604536305303159,65.36430054735993,10.04898001375826,-55.31532053360167,-0.3868317542278818,71.75473954153304,17.97295239853143,-53.78178714300161,-0.33060852362979265
test,conv1d,conv1d/archive_4/01128dcc-6b66-45c7-a0e1-d9d109f813d3.pt,6.752710013678332,28.53830113052853,21.7855911168502,0.1844202081294348,16.968436486432296,40.31901449920996,23.350578012777667,0.17912924959307489,0.0,0.0,0.0,0.0,31.88877406682644,23.020296163737203,-8.868477903089236,-0.16140677134195963,125.51635888314097,96.7176284604863,-28.79873042265467,-0.1192660215944856,128.39752289721494,94.7758176565973,-33.62170524061764,-0.13892729165461656
test,conv1d,conv1d/archive_4/05082297-dd7d-4ca1-aab6-ee914f6721e0.pt,8.65086023360866,21.136632707035314,12.485772473426655,0.10823890353777219,13.289639252726635,17.623427528030092,4.333788275303457,0.03734601222876398,6.481254634032008,2.9192320010527424,-3.5620226329792657,-0.033434510231018066,19.79561130573837,3.6589875208188136,-16.136623784919557,-0.16722750663757324,22.85968488473079,42.289400903948334,19.429716019217544,0.143932516570054,32.459069886668686,37.76733469117069,5.308264804502002,0.03841601288077741
test,conv1d,conv1d/archive_4/3375cb54-0deb-4187-9594-bd3c7cd8d03b.pt,5.0784843053900515,7.767013978206621,2.6885296728165695,0.025238688048933502,7.776244918179687,19.369475816292233,11.593230898112546,0.10173848319793205,0.0,0.0,0.0,0.0,82.9140668781784,17.56775790306466,-65.34630897511374,-0.41648446596585786,98.11545876798968,9.469512564072042,-88.64594620391763,-0.5678233195787222,92.96365234677957,7.56741928594242,-85.39623306083715,-0.5617271952507035
test,conv1d,conv1d/archive_4/710883e5-9170-4f91-b626-b67ced91a3fc.pt,26.19557873325877,17.566964559062036,-8.628614174196734,-0.1399447634921638,18.430267006267723,15.238405003716135,-3.191862002551588,-0.06141269867770803,0.0,0.0,0.0,0.0,32.266611280761786,11.82383227154491,-20.442779009216878,-0.14322207955753102,48.03403033083867,30.76531237913762,-17.26871795170105,-0.12068026642809758,54.016111419762105,25.13040880915296,-28.885702610609144,-0.2020437751700585
test,conv1d,conv1d/archive_4/a4e94a46-08df-49ef-a586-a3a56af160f8.pt,7.94897909950957,27.09028800464063,19.141308905131062,0.15580472532086165,20.165475421886587,24.26879589505578,4.103320473169195,-0.007840986595314918,29.515850895956493,4.26650057539798,-25.249350320558513,-0.28374767303466797,1.743501268675489,43.128595061548694,41.38509379287321,0.3325326021979837,39.84688414795146,94.23511562022955,54.38823147227809,1.2843524308613705,5.271142377186362,84.52245051685115,79.25130813966479,1.4097260677766819
test,conv1d,conv1d/archive_4/a8bcd0b2-d8c3-407a-be63-5dc0e58e4d06.pt,8.943901797671927,2.8244411811585026,-6.119460616513424,-0.05696044031584519,22.016577076070362,4.5948129050689,-17.421764171001463,-0.15341475510892946,0.0,0.0,0.0,0.0,88.15508857531708,12.596138591355686,-75.5589499839614,-0.4823967827690972,60.76105573030812,62.56879874074249,1.8077430104343648,0.010561110225263097,60.10804674121054,62.58907717667196,2.481030435461413,0.014529824858953619
test,conv1d,conv1d/archive_5/1311725d-da94-4ee4-ae4a-92938bb1a40a.pt,25.307545366181568,5.28094144189678,-20.02660392428479,-0.23827966312560936,26.851834166240728,23.223073094304088,-3.6287610719366405,-0.10208708550881068,24.14698095834244,52.59799391820434,28.4510129598619,0.18664237431117467,63.95875887906607,28.838953985541327,-35.119804893524744,-0.5362706714206271,147.54659811384496,43.55374597784534,-103.99285213599963,-5.068875215070325,145.9039310374308,31.89462148940941,-114.00930954802138,-5.014642038623385
test,conv1d,conv1d/archive_5/3ba702e8-e4f0-40ea-b2fa-9e77a9d44e8c.pt,11.75606579277697,3.4808557422643824,-8.275210050512587,-0.09068659479732617,17.72395767311639,29.659376226360873,11.935418553244482,0.09547735307267433,0.0,0.0,0.0,0.0,3.970643639203904,30.712048063019317,26.741404423815414,0.2121500015258789,60.532013888360346,104.84333596258053,44.31132207422018,1.3355310432590404,45.35578840853612,109.41770712639371,64.0619187178576,1.829262289652847
test,conv1d,conv1d/archive_5/681fe6ce-81a8-4e93-b8f1-4403f6c299ab.pt,21.48151336829336,23.695698943683706,2.2141855753903457,0.02813916805651407,19.782860455405412,5.954020450012084,-13.828840005393328,-0.12220076614264894,0.0,0.0,0.0,0.0,2.2221741515536824,12.119714458193096,9.897540306639414,0.10034787654876709,11.260509422869442,20.617897294123072,9.35738787125363,0.12327146447373387,37.2323067737041,21.133263624355955,-16.099043149348148,-0.07758576974602815
test,conv1d,conv1d/archive_6/29834e19-769b-486a-ada1-57fd82b46d8e.pt,20.37911416412522,6.542439113185286,-13.836675050939935,-0.15926959348696076,15.356305850032395,3.7122830514011853,-11.64402279863121,-0.129884904056881,10.302492241995656,32.138970622332536,21.836478380336878,0.15655183792114258,35.489787078645094,6.433148856775956,-29.056638221869136,-0.22821829535744406,49.193961486033544,8.267038296165559,-40.926923189867985,-0.31543473653546933,53.15878321848653,5.167885366873872,-47.99089785161266,-0.36958553852648324
test,conv1d,conv1d/archive_6/4ab1322c-0c0c-4cde-86f9-a7afa221a971.pt,7.392271589464852,7.851286103376991,0.4590145139121393,-0.0012126697810723901,19.742995563728,30.373646459917463,10.630650896189461,0.08399678910779472,8.85437741651919,9.28256584781525,0.42818843129606066,-0.0032807588577270508,14.665406868257978,20.108288701164838,5.44288183290686,0.05713856220245361,2.1955347557534166,110.68468994730108,108.48915519154767,0.6903158153192118,6.656086839200685,114.26929419460645,107.61320735540576,0.6627832467191954
test,conv1d,conv1d/archive_6/52a5445d-a8f6-43cc-a9f6-ca3916e885e5.pt,18.297114414786265,9.818061543654757,-8.479052871131508,-0.07404753518156047,22.46220208336012,25.524062067907256,3.0618599845471373,0.024411366751748913,4.1345372691432205,22.707430878971785,18.572893609828565,0.19865819386073522,61.66045480571127,58.18130532914421,-3.479149476567059,-0.020256805419921874,55.908595971205614,125.42601864017243,69.51742266896682,0.3338994096841931,65.32226061076366,137.76319776365855,72.44093715289489,0.32333832135174745
test,conv1d,conv1d/archive_6/57c0b055-5fbf-4cea-abe5-ed18161f1edd.pt,1.4726466964274068,16.654941383072693,15.182294686645285,0.1389077027178567,27.68817511466354,32.65582139700972,4.967646282346177,0.03751039889640066,10.10314148573723,37.4828432841089,27.37970179837167,0.1831035315990448,32.94937292964824,10.509409397624749,-22.43996353202349,-0.2678075366550022,14.613362490570024,67.7848189217636,53.171456431193576,0.3700790470193244,20.202785560705752,64.44959996912036,44.24681440841461,0.3039309574605837
test,conv1d,conv1d/archive_6/83289e04-5a56-4f1a-a25a-f0f62ef352c6.pt,8.964467791983633,8.06904269959645,-0.8954250923871836,-0.008237522603812815,1.9289115573587319,9.652993371327502,7.724081813968771,0.07297893180128841,38.55127855127855,33.742259759522774,-4.809018791755776,-0.030185997486114502,16.815114464293544,20.99626367400893,4.181149209715386,0.03272294998168945,110.78130885710368,89.91357752051675,-20.867731336586928,-0.849825468464351,103.67925613469218,91.15749889309663,-12.521757241595552,-0.4777393775155507
test,conv1d,conv1d/archive_6/c1d40982-b0f9-4ba7-879b-f1930c83ecaa.pt,7.364609534455408,3.845329041432673,-3.519280493022735,-0.03873317696889095,27.122920627023667,8.6455393216753,-18.477381305348366,-0.22341862809181148,9.368994409810417,9.73691476190835,0.36792035209793283,0.003141939640045166,16.38622359096162,13.935625753840169,-2.4505978371214514,-0.0470313095464939,157.12066668312062,110.27367591270938,-46.84699077041124,-4.870388805079989,151.80903582339388,96.82702188027889,-54.98201394311499,-4.423223614586744
test,conv1d,conv1d/archive_6/e2cfcf2e-33f8-487d-906a-e157edf05128.pt,14.272518134426216,16.056371571706894,1.783853437280678,0.015412718718898192,16.840072706482633,23.54853014567176,6.708457439189125,0.05535629004656346,12.499097290082098,1.2090066379935587,-11.290090652088539,-0.11106284459431966,49.28990335750769,39.876728524304625,-9.413174833203065,-0.1468487907858456,107.50812509837208,137.2058618396091,29.697736741237023,0.114559475548803,112.9312685482622,143.24249372719996,30.31122517893776,0.11287892281210686
test,conv1d,conv1d/archive_6/ea0baf51-face-4cbb-9b71-4edb7fc39111.pt,5.823149279791644,12.201470005238125,6.378320725446481,0.05841388407961514,32.95743627217853,49.044938920550486,16.087502648371952,0.110914785876379,5.407648388105878,14.1534736334605,8.745825245354622,0.07181382179260254,47.53729140585583,35.839156312596046,-11.698135093259786,-0.17360360281808035,22.037127836661472,84.99068002710105,62.95355219043958,0.34878283030286833,4.700831970136299,102.38380775887767,97.68297578874137,0.6290332366838488
test,conv1d,conv1d/archive_7/0c857231-f439-4f07-83c3-744caff6eba4.pt,39.08490755324396,10.875597169615869,-28.20931038362809,-0.3707545537269786,8.527665278619098,10.592027884840158,2.06436260622106,0.01151789437047716,0.0,0.0,0.0,0.0,48.31226855136646,1.788876190130255,-46.523392361236205,-0.5504588550991483,50.72935983749142,9.900968021303413,-40.82839181618801,-0.5755209962464811,34.94288986696276,13.375016104188685,-21.567873762774074,-0.2800634999296237
test,conv1d,conv1d/archive_7/1114fb8d-b7f5-4f86-970e-fc323d6a087d.pt,20.682057343830333,5.728133166856528,-14.953924176973805,-0.131748360126138,10.79408040910998,4.449213901157956,-6.344866507952025,-0.058888678191823404,20.139117418439223,18.4743777742492,-1.6647396441900248,0.018520641326904296,82.1278994734704,13.235282915940084,-68.89261655753032,-0.43129467964172363,87.28613237430439,2.3271400017295765,-84.95899237257481,-0.5841137707354644,83.35296970385629,1.624258240904713,-81.72871146295158,-0.5719568019239443
test,conv1d,conv1d/archive_7/24e34349-628c-4029-8714-2aab57cff71c.pt,16.792477646772582,6.960765530809736,-9.831712115962846,-0.11119031635654607,9.375288704938933,6.555483923981313,-2.81980478095762,-0.030585971708669845,0.0,0.0,0.0,0.0,49.14674295196659,21.472040521292072,-27.674702430674515,-0.14371004104614257,12.047662390396939,25.750733210579263,13.703070820182324,0.1819279070735986,22.39285386322675,26.651211777248278,4.258357914021527,0.10610406679246566
test,conv1d,conv1d/archive_7/3d01a5e4-3994-4731-816c-aca25e99331e.pt,22.06234664314703,10.582230110762076,-11.480116532384955,-0.14746881571916154,3.2155037081145457,14.428629138550747,11.2131254304362,0.10189470410845052,0.0,0.0,0.0,0.0,5.9135124172906615,35.19454200341389,29.281029586123232,0.338861624399821,116.78371745877115,59.86795804401213,-56.91575941475902,-1.95219355919967,97.2962100866862,58.01386598593084,-39.28234410075536,-1.077459850401496
test,conv1d,conv1d/archive_7/49b1ffed-658f-4cc0-9f91-8cc3ed4dc012.pt,7.971165036870718,19.326168457359923,11.355003420489204,0.09320866554441026,5.205403883324524,25.161825803147888,19.956421919823363,0.17005097243245723,3.8819383767807647,10.302492241995656,6.420553865214892,0.05109131336212158,21.535701207912346,41.92875453145241,20.393053323540066,0.26287260922518646,4.460161293532056,11.508058610113624,7.047897316581568,0.06319973801906503,0.0035199184276759046,5.4797041975231,5.476184279095424,0.05330017548155403
test,conv1d,conv1d/archive_7/88bcce91-1017-4a71-9439-112b661703b9.pt,38.11124491435512,28.463272047746702,-9.647972866608416,-0.221656279167197,39.316684098345334,30.117080566716727,-9.199603531628608,-0.22761126226118733,0.0,0.0,0.0,0.0,10.997811739688117,18.00809154740611,7.010279807717993,0.05971589380381059,8.359058772409327,20.2803581918437,11.921299419434373,0.10389433145036535,31.38635136921191,15.186047372227204,-16.200303996984704,-0.1301450742240216
test,conv1d,conv1d/archive_7/966e3a6f-fa25-4f8e-847b-d0a8779fdb7e.pt,32.46870165149053,19.65845019747542,-12.810251454015106,-0.20861700833683988,27.464164048821836,23.303732098143012,-4.160431950678824,-0.10963932880218027,26.262373428775152,51.34262368152974,25.080250252754585,0.1543552577495575,18.6790555048,16.99180312602823,-1.6872523787717704,-0.04717428034002131,40.41201849445118,13.939021347735626,-26.472997146715556,-0.37614022103044203,28.730686143694236,9.405081191710888,-19.325604951983347,-0.24567253760578442
test,conv1d,conv1d/archive_7/d3eb2a0b-abf0-4caf-b9dd-ee5ee60b6660.pt,17.00924274330018,5.386642302245388,-11.622600441054793,-0.1305406574296717,8.522155302132983,0.5310516998432881,-7.991103602289695,-0.08368785537085326,13.194350586371586,20.506779750301796,7.31242916393021,0.0518492857615153,35.69626983658566,9.74575839795222,-25.950511438633434,-0.2988592147827148,22.904092126797174,75.08177967177234,52.177687544975164,0.9434227321586242,8.378048169432613,75.63909346777807,67.26104529834545,1.1289905246501852
test,conv1d,conv1d/archive_7/f913937e-c7e7-43f9-bb1c-35768e80b5ef.pt,30.702699712159795,27.189601874022298,-3.5130978381374973,-0.048030752343395655,13.798521685325843,1.8172060078729917,-11.981315677452852,-0.1298698781057652,15.695660305710351,25.067124971179343,9.371464665468991,0.10657906532287598,59.059450365842764,0.48797358194054163,-58.57147678390222,-0.44224021014045267,61.8251542657939,11.982792321900284,-49.842361943893614,-0.34479737046829,71.24189007566123,7.651043638598943,-63.59084643706229,-0.4457468558883409
test,conv1d,conv1d/archive_8/1d47abd7-6438-489c-9525-26c94ecb8914.pt,4.823523436918359,13.099213697701222,8.275690260782863,0.09306936553030302,24.317416537352273,4.949534731547744,-19.36788180580453,-0.168508117382036,0.0,0.0,0.0,0.0,82.13533781359408,10.012855449170994,-72.12248236442308,-0.4609405835469564,10.925233784854559,59.159179183583085,48.23394539872852,0.7364898134335813,9.824714928684683,62.00387474677157,52.17915981808689,0.8049825518283953
test,conv1d,conv1d/archive_8/2819e928-6c51-47c0-a091-3f0f063ae6f5.pt,19.60498237975008,27.039138534554112,7.4341561548040325,0.020832562811618653,1.9123723405720094,35.96132315673388,34.04895081616187,0.28549473339219755,51.14876680510295,0.15395403258835524,-50.9948127725146,-0.5142813324928284,9.07985861114447,44.627246637684195,35.54738802653972,0.2585030794143677,40.92849289285637,129.6099734731956,88.68148058033923,0.44668647005439566,44.27468393706979,123.14330273429006,78.86861879722028,0.3996584381225796
test,conv1d,conv1d/archive_8/2f97827f-f98c-4810-af91-427147b869d8.pt,2.0192694990703965,14.551489816153275,12.532220317082878,0.11524344917301617,1.335717958430204,23.67734667189577,22.341628713465564,0.19843717803420566,0.0,0.0,0.0,0.0,53.02814538031272,48.91102417726139,-4.117121203051333,-0.025058627128601074,94.11813239156596,30.019713788800274,-64.09841860276569,-0.37898297009043436,100.62576154654515,28.34297451938897,-72.28278702715617,-0.4211921610544165
test,conv1d,conv1d/archive_8/67ba21b6-1d46-404f-9ebe-de7a02bf5eb6.pt,20.889696769992202,9.975966401743017,-10.913730368249185,-0.13823586283946374,8.980045310420383,21.922054871461942,12.942009561041559,0.10354129528810946,2.282612372020681,5.908929034522052,3.6263166625013716,0.028348922729492188,35.17040431490562,28.408702754720288,-6.76170156018533,-0.08965134620666504,102.62129131213158,78.89828437830872,-23.72300693382286,-0.8046422887731481,96.37107838921538,89.93878501460144,-6.432293374613948,-0.2255786450795948
test,conv1d,conv1d/archive_8/81f65a50-3fde-4146-bd9c-21290c4dfb17.pt,33.375182816608934,53.65082399188174,20.275641175272803,0.1370060581736079,6.943003341252958,33.45876660106607,26.51576325981311,0.21953294414103286,18.67495323458449,1.6119272501717423,-17.063025984412747,-0.1761805670601981,14.669316468084666,9.785160661527277,-4.88415580655739,-0.042296981811523436,24.005390032842552,5.842390871712473,-18.16299916113008,-0.21602934529958678,5.738589132866511,18.852594247054558,13.114005114188046,0.11320369672836848
test,conv1d,conv1d/archive_8/ad944cbd-edb1-4446-aeb3-d297b20c77a5.pt,12.614704086762323,7.102040733808709,-5.512663352953615,-0.0660519096726403,17.773618008477246,33.906393517321504,16.132775508844258,0.12668141483432818,0.0,0.0,0.0,0.0,5.397186301676432,7.615503672002499,2.2183173703260675,0.01872715950012207,86.25188811844988,32.07747103374038,-54.1744170847095,-0.32618989204257054,102.120241833484,30.310276413421548,-71.80996542006245,-0.4128090147320887
test,conv1d,conv1d/archive_8/bd23edc9-b58a-4baa-a16e-6ccea8c27a15.pt,16.821424662704796,3.772020627652588,-13.04940403505221,-0.1466328352852716,4.263153231257659,23.93475989612593,19.67160666486827,0.17020084025196616,15.999945205702376,45.56391577440307,29.563970568700697,0.18579041957855225,32.12529373567844,5.194924775984886,-26.930368959693553,-0.29279539320203996,57.49228892581117,45.37083712064106,-12.121451805170103,-0.22002476048431566,46.86912133693413,52.01153928632585,5.142417949391721,0.09076604905654598
test,conv1d,conv1d/archive_8/e34e7689-796f-4b93-ad2c-2c9fee9ec9fe.pt,19.768805733310504,17.769333170059213,-1.9994725632512917,-0.05617689952403065,9.421754206407941,50.99009980536588,41.56834559895794,0.30743439998595223,33.30933686667551,0.10554326662135259,-33.203793600054155,-0.376455201043023,22.11910728968334,52.12146202784941,30.002354738166073,0.21223816504845253,46.50328049960194,3.4196984536635235,-43.08358204593842,-0.3436804145623905,59.518577116124675,12.06327842568915,-47.45529869043553,-0.34491293171444165
test,conv2d,conv2d/archive_1/3bbaf020-b175-4605-a2b0-72afa319294a.pt,0.5267476814350861,32.70581682052344,32.179069139088355,0.38573929408775925,31.76803732298298,12.004509632287391,-19.76352769069559,-0.14642513209906421,1.3841802648082129,39.815257311988795,38.43107704718058,0.4348606109619141,5.531134190897829,52.95911479903298,47.42798060813515,0.6596377657860825,17.27605315499681,55.75734470566178,38.48129155066497,0.27699352375076486,20.437009416570827,52.14139343669329,31.704384020122465,0.22816583462495515
test,conv2d,conv2d/archive_1/3f18bf56-0827-4c9d-9732-8b84acf35b7e.pt,13.740533958000757,26.005266267776523,12.264732309775766,0.15137510022788656,22.56579530826611,19.773247838215788,-2.792547470050323,-0.022836184893580205,17.481302690439858,41.34783623774581,23.866533547305952,0.29671430587768555,10.292684236506284,52.049654435053505,41.75697019854722,0.5834299723307291,73.27402461470598,152.61295995730563,79.33893534259965,5.284705764724773,83.92401093601396,156.34200807679585,72.41799714078189,5.716102775337012
test,conv2d,conv2d/archive_1/4a8852f6-e3bd-4fa4-8621-03eb844a9adb.pt,2.6723398951092827,7.378812624120104,4.706472729010821,0.0495290182863936,46.173482475497146,39.70847391376896,-6.465008561728183,-0.043823110329711784,48.68724147546137,56.48320315580359,7.7959616803422165,0.13334192548479354,33.38994398552709,51.66012673192156,18.270182746394468,0.12403087374530261,95.87177259349333,83.10041003067194,-12.771362562821395,-0.060989231826262404,91.21444116691394,82.32495754547244,-8.8894836214415,-0.04324882533001642
test,conv2d,conv2d/archive_1/c7e3cc32-3d80-43bf-8f4a-499e99ad26e5.pt,11.202963167275426,30.70504373707845,19.502080569803027,0.14750247642986908,33.62682108704188,72.07757646337204,38.45075537633016,0.24196010121002423,0.0,0.0,0.0,0.0,15.203127227907965,16.595379297817587,1.3922520699096221,0.011378651573544457,47.15432732549949,70.82339272162068,23.66906539612119,0.14144457450441034,68.92238281135481,54.05390526662326,-14.868477544731547,-0.08705089738258247
test,conv2d,conv2d/archive_3/0dee8f31-23cc-4ade-8f8f-7392e5f8b02a.pt,8.722215300332179,34.26217662445631,25.53996132412413,0.3222454829923486,28.038424367775495,42.26391496018961,14.225490592414115,0.20977791096088122,0.0,0.0,0.0,0.0,43.991513997966685,43.991513997966685,0.0,0.0,0.45459219093722136,8.440330841314074,7.985738650376852,0.07644994785107226,20.19890761298185,1.64177372130095,-18.5571338916809,-0.16690688891904665
test,conv2d,conv2d/archive_3/5aeb5ea1-80ed-4fc9-ba99-bf5ec16837d4.pt,34.47031882946472,86.93439415778445,52.46407532831973,0.31192518786466744,98.62459162069914,138.3021177718551,39.67752615115597,0.15709920606330194,25.194130187023667,89.19828182214445,64.00415163512079,0.39017748476854014,5.755029689100651,35.100189669003505,29.345159979902853,0.2422314024808114,20.31842751782789,101.19384310458608,80.8754155867582,1.8638839556528373,15.617128025934855,112.13624249090822,96.51911446497336,2.4076419972093595
test,conv2d,conv2d/archive_3/63ab54a4-4b88-4b0f-a9b1-49881d75887a.pt,4.371716928128676,37.334380685962536,32.96266375783386,0.26991589247668746,12.626001751146275,41.13736763910991,28.511365887963635,0.2224300493682219,45.96278872959514,10.68938440031554,-35.2734043292796,-0.36288416385650635,6.365857366828084,15.994864513081284,9.629007146253201,0.07993058597340304,15.435071170763226,16.460202814602454,1.0251316438392273,-0.015173682762905873,14.404390765108772,0.7357040305667253,-13.668686734542046,-0.12703612654980762
test,conv2d,conv2d/archive_3/6d63ea05-3a8a-4c82-86ac-340c3b591f84.pt,9.19030559762616,3.1380822782617397,-6.052223319364421,-0.055983555556000514,5.923926504276789,16.619437266701706,10.695510762424917,0.1202074808462476,33.784999116279,53.184003046718686,19.399003930439683,0.2782299518585205,33.16301362993085,23.605714776617646,-9.557298853313206,-0.07203868397495203,61.94143724347754,39.544216378195706,-22.39722086528183,-0.40442204156709005,68.93472876606265,33.22423128961527,-35.71049747644738,-0.6534836511273835
test,conv2d,conv2d/archive_3/d7d87110-ebb4-4d29-ab8b-083e9566ca37.pt,12.801509649178271,16.59349024877691,3.791980599598638,0.03290767299333821,42.32422077194038,47.419865031871105,5.095644259930722,0.033995682043110334,14.767629275227756,28.42923582995289,13.661606554725134,0.14329147338867188,33.73997504440357,21.360898486767276,-12.379076557636296,-0.09311402810586465,59.9370513248296,21.79384795013157,-38.14320337469803,-0.2646423263230622,52.72639581704183,10.172910304857941,-42.55348551218389,-0.3204554207036448
test,conv2d,conv2d/archive_4/38f47c2b-0eb1-45b2-bc5b-2838a5b7e752.pt,10.131795606943314,21.273646231591353,11.14185062464804,0.13132750406971178,21.237648108705496,30.53868977226905,9.301041663563552,0.07294224237676603,0.0,0.0,0.0,0.0,23.358359351755396,33.669224747229855,10.310865395474458,0.07375443776448568,119.23876112759555,121.78338852935394,2.5446274017583903,0.009908422961660583,130.68722752439444,117.22234861941008,-13.46487890498436,-0.05134295136352394
test,conv2d,conv2d/archive_4/957f4b2f-281a-4361-88c4-a1cfefa780fe.pt,8.102064999540634,10.051351198182358,1.9492861986417243,0.02796534416381491,10.689259014018347,1.6567250377739275,-9.03253397624442,-0.08476233453670277,0.0,0.0,0.0,0.0,54.848129058222526,17.32661733500522,-37.5215117232173,-0.2632429940359933,107.13659050921518,4.240552669287374,-102.89603783992781,-0.6543235284380485,114.73665614432817,6.335468665142619,-108.40118747918555,-0.6636687875664885
test,conv2d,conv2d/archive_4/ee3c4ae3-2164-4ac0-bcff-177130994af6.pt,7.555595913866627,29.76383697391564,22.208241060049012,0.2711508909051915,7.688468054211036,6.991013674909375,-0.6974543793016608,-0.0015960923616977888,0.0,0.0,0.0,0.0,60.53028044322136,38.34286978929054,-22.18741065393082,-0.3835401290502304,124.33226011697373,90.52299329653734,-33.80926682043639,-0.1435241789529229,147.03300468922913,83.87006292783322,-63.16294176139591,-0.25646727124170565
test,conv2d,conv2d/archive_5/6220ef78-be93-4007-83b5-3ba447273eca.pt,0.10368419551120522,1.0007245193821912,0.897040323870986,0.008920876565114146,20.48429304423352,24.110086051824787,3.625793007591266,0.02935062530308541,9.244519399647592,14.215937089842022,4.97141769019443,0.05659174919128418,29.23038999089791,17.711998531371083,-11.518391459526825,-0.05836618863619291,107.25425759479346,112.82472323545468,5.570465640661226,0.02318208253895178,122.40420594726596,107.77903595229746,-14.625169994968502,-0.058955064057895565
test,conv2d,conv2d/archive_5/6d484cfe-9973-4890-bf75-ebdd937c0244.pt,19.795912703539422,13.965075455920685,-5.830837247618737,-0.06957030683548433,11.34756080640774,3.326102011918888,-8.021458794488852,-0.08758334212689385,6.406176715676441,0.25622438726896246,-6.149952328407479,-0.05907208578927176,33.72326643102593,48.382162619274716,14.65889618824879,0.22150838942754836,63.22922301427118,7.534997528324589,-55.69422548594659,-0.4077972133597617,71.67471268952598,11.998324085173353,-59.676388604352624,-0.41445789813150286
test,conv2d,conv2d/archive_5/76447e63-5aa3-4e0c-8292-5730c75ac521.pt,38.78480404317819,35.10233351929279,-3.6824705238853994,-0.05540716372644863,38.893355382650654,17.041867030042305,-21.85148835260835,-0.2965300517858315,0.0,0.0,0.0,0.0,25.166226390003395,11.213939060016765,-13.95228732998663,-0.1646373146458676,87.85971099730634,149.80997251404816,61.95026151674182,4.402743502436587,82.40530547166946,155.6226787272725,73.21737325560304,5.612090651060804
test,conv2d,conv2d/archive_5/97c5666c-0528-49c6-a2b8-0c6b394f7c96.pt,1.0628440848694527,54.69407525566897,53.631231170799516,0.7421124741683213,15.747233806767335,59.147235924641315,43.40000211787398,0.6689039743308303,0.0,0.0,0.0,0.0,51.65588476497261,59.204047992169734,7.548163227197122,0.13732967376708985,46.50229358134588,35.017838822962126,-11.484454758383755,-0.07929549181482844,70.92196121084763,30.091442478273038,-40.83051873257459,-0.26199929851045817
test,conv2d,conv2d/archive_5/c6d69160-10d0-41e0-8a32-4438b13a35f5.pt,22.09870879370475,17.212568323982293,-4.886140469722456,-0.060101831483610424,28.33501093040153,20.266726340473202,-8.068284589928329,-0.10459764251632346,20.394742076971177,12.163210776973639,-8.231531299997538,-0.04862058162689209,100.17468536493251,92.58905486519137,-7.585630499741143,-0.03410481183956831,117.53023091216735,127.50329889653037,9.973067984363013,0.6672296110766588,107.0200509986135,134.617116433643,27.597065435029492,1.8158044869672028
test,conv2d,conv2d/archive_6/74697782-f7f8-4d36-9ccf-9afa43ce5f7d.pt,18.864399070670814,61.54979333220099,42.68539426153018,0.2623633958829816,31.989020740858898,95.1048347553202,63.1158140144613,0.36876865801501924,37.964635118994515,75.13101864409099,37.16638352509647,0.07652990441573293,32.105788551261625,123.93071488738548,91.82492633612385,0.48806187270058926,156.5442948676604,158.06788681784863,1.5235919501882336,0.004773641272567502,164.13203541466243,162.30287580093017,-1.8291596137322585,-0.0055460133299462845
test,conv2d,conv2d/archive_6/80538264-b68d-4fc9-a441-d471cc6183f9.pt,1.3554024984545607,1.7493527778134375,0.3939502793588767,0.0036952817314375073,27.50465827996597,36.856553131358936,9.351894851392967,0.06941946685267181,26.718990256139943,33.019520428390265,6.300530172250323,0.07839040756225586,37.08397631186101,47.33279799978053,10.248821687919524,0.06930903730721309,1.4123058474987904,9.396153011010812,7.983847163512022,0.07572117411022879,6.739535963295831,15.138815505253095,8.399279541957265,0.07098967190262452
test,conv2d,conv2d/archive_7/1a82859a-895f-46c9-98d5-0a80a2cdef58.pt,1.238049638065825,13.487486697476736,12.249437059410912,0.11389445778211667,0.636879113078012,15.992059286838598,15.355180173760587,0.14168957114425476,0.0,0.0,0.0,0.0,7.519841493317445,30.85328064198319,23.333439148665747,0.18925786699567523,101.39130124269154,118.10708593033084,16.7157846876393,0.06974007261022638,132.29299335402533,120.81738709580702,-11.475606258218306,-0.04305823670562956
test,conv2d,conv2d/archive_7/2dd7e64e-cf97-4d44-8c6b-12915b6cd67a.pt,5.027488165650449,12.853353729316435,7.825865563665986,0.07172890934980161,12.721527279541647,20.01458681919633,7.293059539654685,0.06233089311492501,7.570735621382331,3.447605274135498,-4.123130347246834,-0.041594505310058594,19.33886780801998,34.86033015586795,15.521462347847969,0.20009818443885216,97.41181231546521,39.96997217619737,-57.44184013926784,-0.3219385080836,114.95274305424661,42.618632906001494,-72.33411014824512,-0.3786459312286433
test,conv2d,conv2d/archive_7/d847b9e8-56b2-4595-92ad-95b070c3a75f.pt,12.07796343510447,25.00530290391957,12.9273394688151,0.09372055724955461,55.227529583372686,92.13062034510475,36.90309076173206,0.19797774112885477,0.0,0.0,0.0,0.0,11.137778265750727,0.7279810150170163,-10.40979725073371,-0.10843362613600127,4.6293212504590535,137.39534644568445,132.7660251952254,4.341909559019654,39.962856640174756,145.21179769258868,105.24894105241393,4.96776454836078
test,conv2d,conv2d/archive_8/a84c5724-20dd-469c-95f8-a1ce6c7da7de.pt,3.1766541085441187,10.829637050405156,7.652982941861037,0.08322470953711612,5.524860734721705,0.6870788308735273,-4.837781903848178,-0.04686845293093816,0.0,0.0,0.0,0.0,46.566758010234466,4.886045438595805,-41.68071257163866,-0.3225254579023881,145.86500977937402,44.842784393748936,-101.02222538562509,-0.4771807668209062,152.8375157957952,33.84919550379122,-118.98832029200399,-0.5768376980145231
test,conv2d,conv2d/archive_8/ef0ed8fd-07b0-4ede-849d-71d359a3447d.pt,4.89219690296473,14.288318875928319,9.396121972963588,0.1037254787451132,2.8217042301480246,11.564206126582901,8.742501896434877,0.09411675165021278,21.9937034512763,9.58701217869286,-12.40669127258344,-0.08526879549026489,0.7466698947080238,2.3926695398542224,1.6459996451461985,0.016124520983014787,29.13414590315164,22.50172522319908,-6.63242067995256,-0.0007546934479324898,43.947129573176504,34.402265902444974,-9.54486367073153,0.055191516158177654
test,dense_latency,dense_latency/archive_1/16e51304-7de9-4fd9-9d2c-2f48c1c4cd2e.pt,1.363891607245276,6.743918108104873,5.380026500859597,0.051692569175640114,21.620775878847184,5.323538784407775,-16.29723709443941,-0.14325767176765758,12.693141677210576,34.356261782732936,21.66312010552236,0.17382819410292244,0.0,0.0,0.0,0.0,28.829525366847616,14.605083654624341,-14.224441712223275,-0.17289175306047713,1.1610267197961124,11.92874526240742,10.767718542611307,0.08638155460357666
test,dense_latency,dense_latency/archive_1/4325e22a-7bf5-466c-8183-1e5d2d85e4ae.pt,27.073654424284843,17.122976178368333,-9.95067824591651,-0.15539670328854208,22.586873517026405,6.827613507470374,-15.75926000955603,-0.18859789634002638,0.0,0.0,0.0,0.0,0.0,0.0,0.0,0.0,13.89116637498002,9.814394420312837,-4.0767719546671835,-0.044859032881887334,8.201055842051801,11.559704439122937,3.358648597071136,0.019802967707316082
test,dense_latency,dense_latency/archive_1/61e64dcb-4e3d-4410-88e3-2e494e292c5b.pt,23.214222120882145,40.685446057586454,17.47122393670431,0.1300801051136658,7.667547892089366,43.13363363069103,35.46608573860166,0.28096897325287634,44.937699024273066,50.14148483096992,5.203785806696857,0.03390195189403886,0.0,0.0,0.0,0.0,19.578110652736495,14.608403612866146,-4.9697070398703485,-0.05925701654445358,0.9958347826018372,10.099491069119152,9.103656286517314,0.08502764579577324
test,dense_latency,dense_latency/archive_1/70e760e8-e3c0-402f-a5ba-4876fa9c460c.pt,3.0858455814937282,23.714366124551653,20.628520543057924,0.18066346153846155,2.5844446248422543,32.15459384401759,29.570149219175335,0.2508270172780281,16.929893548900033,28.725694796938072,11.795801248038039,0.06610674176897322,0.0,0.0,0.0,0.0,1.4669306856129594,25.81321844048006,24.346287754867102,0.2139157988334614,12.335014323444549,10.354479637411012,-1.9805346860335362,-0.03283431682180851
test,dense_latency,dense_latency/archive_1/7766208b-d8e9-4390-8311-3a01b04b6115.pt,3.816949596099153,32.24056741124715,28.423617815147995,0.24019246244635192,2.4000574089365903,24.58766247271031,22.18760506377372,0.19466511694837577,24.099623866978195,9.468317495959315,-14.63130637101888,-0.1734619140625,0.0,0.0,0.0,0.0,7.270287163313158,28.095760153967248,20.82547299065409,0.1759635438310339,0.17642317410769542,2.5896215506059064,2.413198376498211,0.023566077737247244
test,dense_latency,dense_latency/archive_1/777e4ee2-ce18-47a2-9f62-0061ca24e3b7.pt,12.6477497325699,17.998373826120933,5.350624093551032,0.04616888327761077,2.022439873326205,4.845894941347599,2.8234550680213943,0.029230918214270072,29.1722403196875,21.95943832147659,-7.21280199821091,-0.09479202049365942,0.0,0.0,0.0,0.0,17.89054180038614,1.6029912658757788,-16.28755053451036,-0.1760283878871373,11.92874526240742,32.470333607780525,20.541588345373107,0.19558751583099365
test,dense_latency,dense_latency/archive_1/7bb9a774-9792-4539-b976-d6b1b2a46fe4.pt,13.733445041838637,37.526648140327296,23.79320309848866,0.1874674196066515,7.782645171831352,13.274473368414405,5.491828196583053,0.04956980751582699,0.0,0.0,0.0,0.0,0.0,0.0,0.0,0.0,7.053691847553959,11.12533585966208,4.071644012108121,0.04367524927312678,11.42847637249573,20.976889125672074,9.548412753176343,0.09428111712137859
test,dense_latency,dense_latency/archive_1/87cc04e1-24d9-48e9-99d9-a4d1cc1907d9.pt,72.86243415855739,74.02661901690216,1.1641848583447683,0.029074291496803482,67.07762354925931,73.02398008400928,5.946356534749967,0.14090030372447118,0.0,0.0,0.0,0.0,0.0,0.0,0.0,0.0,0.16582997606568206,32.83566438335418,32.6698344072885,0.3772239685058594,11.559704439122937,1.6007884259349605,-9.958916013187977,-0.0778333346048991
test,dense_latency,dense_latency/archive_1/a16f76eb-446f-48ed-ba0d-9471cdce0bc5.pt,3.8837031899693777,25.496325393971247,21.61262220400187,0.18652709733475703,2.8620449339179515,27.540910877206436,24.678865943288486,0.2138471613736074,0.0,0.0,0.0,0.0,0.0,0.0,0.0,0.0,28.829525366847616,18.697030143504545,-10.13249522334307,-0.12593555450439453,1.6007884259349605,1.6007884259349605,0.0,0.0
test,dense_latency,dense_latency/archive_1/c3eb7dbd-6363-473b-bbf4-15ba765437b9.pt,18.378813517554093,5.116784283103364,-13.26202923445073,-0.15249342503980026,89.94248626211481,81.88392932876947,-8.058556933345344,-0.24794152997737556,15.597691990521996,37.1831982843657,21.585506293843707,0.16882864591979305,0.0,0.0,0.0,0.0,31.24722889730699,4.49853827337271,-26.74869062393428,-0.30956953222101385,9.909103534389892,32.84923205178308,22.94012851739319,0.14080271124839783
test,dense_latency,dense_latency/archive_1/c4bf7d33-025d-449e-a839-c5e10c2f4438.pt,9.022069702499207,0.39130033118549407,-8.630769371313713,-0.09057690091791956,0.24689298391390108,6.740287164429595,6.493394180515693,0.06727973594258012,0.0,0.0,0.0,0.0,0.0,0.0,0.0,0.0,8.543559974209057,11.798328473014262,3.2547684988052055,0.02175246344672309,20.976889125672074,4.904428221169847,-16.072460904502226,-0.15539832909901938
test,dense_latency,dense_latency/archive_1/d8d26a1e-5908-4c54-b96b-718ace33552c.pt,14.147467319280363,23.039249182412924,8.891781863132561,0.07446534184851356,15.070576287199009,32.87336580690498,17.802789519705968,0.14218272739317417,10.94780294686343,18.35214733083691,7.404344383973481,0.05220167171320266,0.0,0.0,0.0,0.0,5.214845856278279,27.103902820779066,21.88905696450079,0.1850197226669962,11.596995245213437,11.091383195576608,-0.505612049636829,-0.017928441365559895
test,dense_latency,dense_latency/archive_1/dd85badd-94ca-4169-802a-d7af9c51156c.pt,14.729276356322229,36.632821021630654,21.903544665308424,0.1506136881158965,0.12449143634669374,22.097076223941063,21.972584787594368,0.19773413398900802,0.0,0.0,0.0,0.0,0.0,0.0,0.0,0.0,3.9643623650473776,3.9643623650473776,0.0,0.0,8.201055842051801,8.201055842051801,0.0,0.0
test,dense_latency,dense_latency/archive_1/f7736eb2-b054-42b3-b4a7-c0c273cb49b5.pt,31.491326695056465,15.576353151943039,-15.914973543113426,-0.20484512666987212,23.549575856584006,5.582739987295652,-17.966835869288353,-0.2094944569170908,31.76817839317727,2.646283592585875,-29.121894800591395,-0.34978410674304494,0.0,0.0,0.0,0.0,4.448184053612155,3.5497320812686604,-0.8984519723434947,-0.01060441702850594,21.036415313842895,1.593464859210854,-19.44295045463204,-0.2180780264047476
test,dense_latency,dense_latency/archive_1/fc104bca-438b-44ec-94c3-56102fe6a07c.pt,40.76643763068166,31.876177813521277,-8.89025981716038,-0.13283201861204974,22.183154250376866,26.079601197994513,3.8964469476176475,0.050393578942347715,0.0,0.0,0.0,0.0,0.0,0.0,0.0,0.0,18.882860135135115,5.725389034321188,-13.157471100813925,-0.11060790011757299,47.65032028444236,28.497907533308133,-19.152412751134225,-0.11845964193344116
test,dense_latency,dense_latency/archive_2/0dabb4ae-b0c5-4f3f-a84d-3a5d566b255c.pt,13.67983297546976,3.8328788334022583,-9.846954142067501,-0.10776431632331362,3.4397208680891134,15.732132059802561,12.292411191713448,0.11084936950719643,5.8179974648935575,14.333570719863213,8.515573254969656,0.07374959821721043,0.0,0.0,0.0,0.0,10.603016650307211,1.3956676277758802,-9.20734902253133,-0.09791373458563113,17.88971568353345,15.1342193336944,-2.7554963498390492,-0.032243208451704544
test,dense_latency,dense_latency/archive_2/1ad6ae8f-0ebc-4220-9103-11fa1f6d3ed2.pt,54.92739494131305,20.447056247618807,-34.480338693694236,-0.5294761354800821,53.95893951470565,32.71926541443299,-21.23967410027266,-0.34774060753302843,0.0,0.0,0.0,0.0,0.0,0.0,0.0,0.0,0.8160902291299149,31.346121877533893,30.530031648403977,0.3521667718887329,25.30521875134412,22.115478816774214,-3.189739934569907,-0.022308647632598877
test,dense_latency,dense_latency/archive_2/2205f54b-dc20-4fd0-a6f2-41c5eb908c76.pt,47.545723633939424,46.698398963856015,-0.8473246700834096,-0.01450168880336219,78.5323212608726,86.15346853668322,7.621147275810614,0.22042879855776198,28.33547537862888,4.4585683783726155,-23.876907000256267,-0.28646857173142154,0.0,0.0,0.0,0.0,16.653449622597833,3.979845792197071,-12.673603830400761,-0.13754470007760183,13.661895769308234,6.1869757226165225,-7.474920046691712,-0.05090254545211792
test,dense_latency,dense_latency/archive_2/27a5a38a-ef05-4e2e-94ad-7cfbdda203bd.pt,14.609462148210788,32.292148067451436,17.682685919240647,0.14188097824941195,2.034793425268458,28.38976960434216,26.354976179073702,0.22846358097075126,43.341334450432875,46.820243607820366,3.4789091573874913,0.02316636593980344,0.0,0.0,0.0,0.0,7.053691847553959,9.294566594300479,2.2408747467465195,0.015345573425292969,18.92799239846251,22.371551185545492,3.4435587870829814,0.03211921453475952
test,dense_latency,dense_latency/archive_2/60b4242d-9f39-46bb-b95c-9e0ef3f57629.pt,17.082513123166517,1.9388391625709531,-15.143673960595564,-0.1675747278132824,18.284252811804958,25.955114213832285,7.670861402027327,0.09701383371304947,3.75148275213814,32.60674958761771,28.855266835479572,0.24209612905901967,0.0,0.0,0.0,0.0,23.204506605649932,2.800086532462325,-20.40442007318761,-0.2272172815659467,6.1869757226165225,25.776862464146188,19.589886741529664,0.17691978812217712
test,dense_latency,dense_latency/archive_2/86ae87ef-364a-46a8-bc0b-509bb4dad66c.pt,21.737469512213988,5.2263586899421774,-16.51111082227181,-0.19021425653874025,9.262966710292783,12.179635355219268,2.916668644926485,0.017676664887549518,36.574026578778785,25.80973038131589,-10.764296197462894,-0.1504721887332877,0.0,0.0,0.0,0.0,7.20548339165029,9.203562344135289,1.998078952484999,0.02168323547859502,14.339116214124141,4.9483181884806955,-9.390798025643445,-0.10536047128530648
test,dense_latency,dense_latency/archive_2/89c9b340-063b-4cd2-a23c-85b131415035.pt,28.19987411122136,13.920002989145665,-14.279871122075694,-0.1981426514397818,33.22150679447272,2.7465108278168273,-30.47499596665589,-0.37052315273106967,0.0,0.0,0.0,0.0,0.0,0.0,0.0,0.0,38.78573994256964,4.305303073582737,-34.48043686898691,-0.4215566771371024,2.4966581903555123,21.255558023150495,18.758899832794985,0.12560778856277466
test,dense_latency,dense_latency/archive_2/b353ae35-92a2-4d68-b8e6-23f5d0639450.pt,5.189011840569373,6.9814907668232244,1.7924789262538514,0.019067820764915915,2.1646959639265546,10.064156906412002,7.899460942485447,0.07440454750653143,3.685754793722743,16.48639651261737,12.800641718894628,0.11602608816964285,0.0,0.0,0.0,0.0,9.811487211717965,5.814194779650582,-3.9972924320673835,-0.04319870262815241,10.9885867871179,5.677665161807651,-5.3109216253102485,-0.06013974276455966
test,dense_latency,dense_latency/archive_2/b7f1ecfa-28aa-472c-b57f-d289894fd824.pt,2.4100126642594235,15.500414308278517,13.090401644019092,0.14421314997486903,11.69447698587425,4.107351980808628,-7.587125005065622,-0.06854964278417441,2.7714542461621963,2.7714542461621963,0.0,0.0,0.0,0.0,0.0,0.0,15.579624456217983,27.436450120753317,11.856825664535334,0.1488269506108147,8.165833410279761,17.942689428112196,9.776856017832435,0.07910664876302083
test,dense_latency,dense_latency/archive_2/c91c98af-711f-4ffd-bc4a-04c2b17b8030.pt,4.035867459014532,10.30783134102136,6.271963882006829,0.05683620305791756,0.9318262636879114,22.69355436121848,21.761728097530572,0.19444757294342357,0.4554407578335152,21.478718515715208,21.023277757881694,0.18916659480347553,0.0,0.0,0.0,0.0,14.765868160321855,15.173849835894897,0.4079816755730423,-0.018372687295648893,27.95903036398133,7.706890129987804,-20.252140233993526,-0.24888892540564903
test,dense_latency,dense_latency/archive_2/f8d29a54-99a1-44ed-90b6-df6c4e96a710.pt,2.943331348692282,36.12748045391457,33.18414910522229,0.27612608353116225,7.746874077927705,46.428117892529805,38.6812438146021,0.302227740618619,10.137341008986274,0.9563042272924434,-9.18103678169383,-0.09686358051915323,0.0,0.0,0.0,0.0,5.250497830840297,5.250497830840297,0.0,0.0,6.468596370836193,18.265401818046612,11.79680544721042,0.09999164782072369
test,dense_latency,dense_latency/archive_3/384cb427-12c5-435b-99ec-b5f2f583ac85.pt,4.790008042583452,17.306677767282906,12.516669724699454,0.140385869866943,4.75687119965637,0.8907501361270738,-3.866121063529296,-0.03751619181795723,26.38939549858885,31.778590195223146,5.389194696634295,0.07365002548485472,0.0,0.0,0.0,0.0,30.178412910177798,33.104103078678136,2.9256901685003385,0.041208862787178856,17.078920857581036,11.840064227490403,-5.238856630090632,-0.07437579815204327
test,dense_latency,dense_latency/archive_3/67083295-7970-4ba4-91c9-e7e19d374787.pt,18.616388680277964,14.161269353825316,-4.455119326452648,-0.0528668827322159,6.559875861694604,0.9137863193834145,-5.646089542311189,-0.05864331460558186,31.916636208547924,35.48535686066665,3.5687206521187242,0.05145647602696573,0.0,0.0,0.0,0.0,16.56148821931086,29.39085123898819,12.82936301967733,0.16364501953125,15.709846701062986,0.5715012942934439,-15.138345406769542,-0.16349158653846155
test,dense_latency,dense_latency/archive_3/689c2400-5bd1-4c0d-b855-3f218a468546.pt,7.585785377200939,17.41319029532438,9.827404918123442,0.08709931601017391,11.457563788608411,13.363216012535766,1.9056522239273548,0.00372429408049726,28.391126002245826,42.618739614001136,14.22761361175531,0.10251336647232226,0.0,0.0,0.0,0.0,17.060991912611243,8.898613161196764,-8.16237875141448,-0.10117612405512537,8.220997522785177,17.999608913659763,9.778611390874586,0.07866506223325376
test,dense_latency,dense_latency/archive_3/8cafb42c-79c2-426d-9177-ef015f498188.pt,16.596462323477063,18.376886676987567,1.7804243535105044,0.015056502541377196,24.626436424229972,25.738256217931443,1.1118197937014713,0.008770539615942438,69.9766483329907,48.082384878743746,-21.89426345424696,-0.4366467793782552,0.0,0.0,0.0,0.0,9.072631047256026,30.87428261066894,21.80165156341291,0.2690282968374399,6.085027179923273,1.9167535850592683,-4.168273594864004,-0.03949557713099888
test,dense_latency,dense_latency/archive_3/9bdde29f-91ec-4b64-9214-5466930df099.pt,13.310960884126882,9.73467171305669,-3.576289171070192,-0.040272931849619095,2.1038714659504114,14.505032298867683,12.40116083291727,0.1144219215759445,13.514762621737095,6.641241517418906,-6.873521104318189,-0.0805674283698415,0.0,0.0,0.0,0.0,15.194381194213655,5.2163376823656,-9.978043511848055,-0.11065948009490967,19.26458394157487,19.26458394157487,0.0,0.0
test,dense_latency,dense_latency/archive_3/9cf44455-22be-4b10-9851-1b9aaaaa3d2d.pt,2.083959272213531,37.39139304779499,35.30743377558146,0.29395863798070626,3.571242966897942,21.690719300544853,18.11947633364691,0.15931951760020555,0.0,0.0,0.0,0.0,0.0,0.0,0.0,0.0,28.491804730045946,26.50025153783083,-1.9915531922151146,-0.02621348698933919,30.305259682307053,24.111957666472843,-6.19330201583421,-0.0691665808359782
test,dense_latency,dense_latency/archive_3/a02e0246-9ce3-4c41-8b88-a592f528e17a.pt,31.829512956839782,11.61768079786484,-20.211832158974943,-0.26873756018146366,24.824411364809535,3.4310788445410765,-21.39333252026846,-0.24968166933660008,0.0,0.0,0.0,0.0,0.0,0.0,0.0,0.0,2.2419898351977525,28.26255226831035,26.020562433112598,0.22027126948038736,15.446778526041888,21.255558023150495,5.808779497108608,0.018554508686065674
test,dense_latency,dense_latency/archive_3/b94cb66c-8ed1-4eb0-90f5-796b4b749e8c.pt,3.53893636261546,4.982024835678785,1.4430884730633249,0.016318848294499658,0.12297362191274133,9.788407154206935,9.665433532294193,0.101688197621801,0.0,0.0,0.0,0.0,0.0,0.0,0.0,0.0,19.409275059830872,13.312405423052592,-6.09686963677828,-0.07032691107855903,4.7850265980903925,17.444387599794116,12.659361001703722,0.08356952667236328
test,dense_latency,dense_latency/archive_3/ba755c1f-e34a-4291-9237-ad5f1195fdc2.pt,5.183690475551833,2.88866782533482,-2.295022650217013,-0.024740745993595124,3.021874479193216,18.78227221206067,15.760397732867453,0.14192905098808142,14.75335853925534,14.75335853925534,0.0,0.0,0.0,0.0,0.0,0.0,5.804848039011797,16.784263515430194,10.979415476418396,0.12305859821598704,4.054555606581737,4.287035744320616,0.23248013773887877,0.0005772908528645834
test,dense_latency,dense_latency/archive_3/c5584439-a7f5-49cb-a95c-3529d25692d4.pt,4.635193622691079,10.010200914237148,5.375007291546068,0.050028496519091276,9.7134477128844,20.941039816477055,11.227592103592654,0.09692656797271493,2.011675528938033,2.011675528938033,0.0,0.0,0.0,0.0,0.0,0.0,9.196947978613691,17.1731232074586,7.976175228844911,0.09118245442708334,6.831068217835173,4.054555606581737,-2.7765126112534357,-0.02889725656220407
test,dense_latency,dense_latency/archive_3/c58ce5f8-2396-45d7-b9df-a546fd57b27f.pt,5.591157925670818,0.6869560531021662,-4.904201872568652,-0.05067340743774659,2.9049298994797517,2.9049298994797517,0.0,0.0,41.610953144530065,45.109730588107425,3.49877744357736,0.023603860669351245,0.0,0.0,0.0,0.0,4.738429749430814,0.730945045294329,-4.007484704136485,-0.04106058756510417,5.499792228744277,1.509355677548216,-3.990436551196061,-0.04058274768647693
test,dense_latency,dense_latency/archive_3/d5223328-d519-4361-be89-a8306066a0a5.pt,29.884373096074366,27.135403407338412,-2.7489696887359543,-0.11240559173473448,35.84872005431964,18.357773601020753,-17.49094645329889,-0.26862819151130174,0.0,0.0,0.0,0.0,0.0,0.0,0.0,0.0,35.19615501283287,31.226903019507695,-3.969251993325173,-0.05540298013126149,24.111957666472843,11.42847637249573,-12.683481293977113,-0.12746906280517578
test,dense_latency,dense_latency/archive_3/e5fb8228-fee2-402f-8e51-092cebb0d68f.pt,4.095199961633623,25.260515591141814,21.165315629508193,0.18246854255756947,7.239548116092062,11.948659002404694,4.709110886312632,0.037634509925177854,0.0,0.0,0.0,0.0,0.0,0.0,0.0,0.0,8.958662358709331,29.231226827001645,20.272564468292316,0.24125031863941865,8.201055842051801,17.81728963222696,9.616233790175158,0.09173401196797688
test,dense_latency,dense_latency/archive_3/fe6bef32-0225-4046-bcf6-888cb82b7d41.pt,20.131055445914996,11.66382912110515,-8.467226324809845,-0.07268934305003613,26.59534535214827,6.204945592815865,-20.390399759332407,-0.1745519585191765,0.0,0.0,0.0,0.0,0.0,0.0,0.0,0.0,23.449677243845,17.381466658280516,-6.068210585564483,-0.07319355010986328,12.57628702307431,38.082119038391646,25.50583201531734,0.1763867437839508
test,dense_latency,dense_latency/archive_4/153109f7-21cf-4526-92c2-d966688b0219.pt,22.900792839420312,18.463510334851232,-4.43728250456908,-0.055206990934056656,8.858996544294694,10.549593966108427,1.6905974218137327,0.015377652159531236,0.8108229630441264,12.025416760023797,11.21459379697967,0.10510379695550515,0.0,0.0,0.0,0.0,12.94015904406386,2.941001524949228,-9.999157519114632,-0.09231061433490954,5.443215916073455,8.218020180746674,2.774804264673219,0.029295950224905304
test,dense_latency,dense_latency/archive_4/15af50fe-1cda-4014-a76b-8eaccc9b9eea.pt,21.962169788595876,8.589519949536523,-13.372649839059353,-0.1569633791201711,16.10183061173046,3.06777260098074,-13.03405801074972,-0.1449021158652667,15.937185120228119,4.95411090054586,-10.983074219682258,-0.12210217446482655,0.0,0.0,0.0,0.0,14.429862255326997,19.39474273260469,4.964880477277694,0.05916166759672619,18.446305668592196,1.9513109316141606,-16.494994736978036,-0.1820880596454327
test,dense_latency,dense_latency/archive_4/36ded062-de09-4ccc-b708-0eef6262530b.pt,44.758343847497144,20.339828598235638,-24.418515249261507,-0.3502005369390129,123.27877943387796,110.7603985680644,-12.518380865813555,-0.7313245156482862,11.891646977505065,22.80089427099725,10.909247293492186,0.09242665914551504,0.0,0.0,0.0,0.0,46.823838423336724,38.942122517264984,-7.88171590607174,-0.12140350341796875,8.374524354731953,2.4966581903555123,-5.8778661643764405,-0.04705977439880371
test,dense_latency,dense_latency/archive_4/4bcf3d62-d610-46e7-9ae1-524b1d8c6bbc.pt,13.13259914242155,11.34509170670463,-1.7875074357169183,-0.015873225194345884,1.1993006100336132,10.227897163588658,9.028596553555044,0.08538123650279472,0.874272605565312,17.4535749332918,16.579302327726488,0.18199122434406612,0.0,0.0,0.0,0.0,16.48452961725857,10.485841188785416,-5.998688428473153,-0.07987047033556273,13.248800635660842,10.325653917663674,-2.9231467179971684,-0.04309293958875868
test,dense_latency,dense_latency/archive_4/4f07cf09-d712-4ceb-9fcb-52c45bc4d1cc.pt,2.055518455499974,28.76736618151119,26.711847726011214,0.2311515859226478,2.8433694381888595,19.022426467694395,16.179057029505536,0.14485561367220748,0.0,0.0,0.0,0.0,0.0,0.0,0.0,0.0,25.25633839978489,17.460034055683057,-7.796304344101834,-0.12556561556729404,29.143353571584722,17.444387599794116,-11.698965971790606,-0.1355210542678833
test,dense_latency,dense_latency/archive_4/5381b722-522d-4448-946c-ca91317da97e.pt,56.12478848820644,43.855895051413285,-12.268893436793157,-0.2184457271824928,73.98752333682437,73.01032062541934,-0.9772027114050275,-0.02442335326374207,0.0,0.0,0.0,0.0,0.0,0.0,0.0,0.0,37.169073735386604,11.006019808889079,-26.163053926497525,-0.3300643247716567,20.976889125672074,8.224479307740028,-12.752409817932046,-0.12946009635925293
test,dense_latency,dense_latency/archive_4/9c74343d-9e29-4c36-bfc8-0cce69068fe4.pt,5.2378838814548585,12.399853873804915,7.161969992350056,0.06571737120777363,3.4953884644851128,13.429507472052286,9.934119007567173,0.09026908247741812,12.046209432421774,8.382770241103506,-3.6634391913182682,-0.03309441404223937,0.0,0.0,0.0,0.0,11.769983344621721,9.223799708644668,-2.5461836359770533,-0.03682040818881639,9.09759878518453,10.322692607969529,1.2250938227849986,0.0028105039854307433
test,dense_latency,dense_latency/archive_4/a2f76092-966a-406c-852d-ab73d9713457.pt,0.7165951018365805,15.400450959794995,14.683855857958415,0.13580133841344275,40.012664542643954,48.2728220085251,8.260157465881143,0.05544718991034759,23.359920482052583,12.455820602685568,-10.904099879367015,-0.09190577118474279,0.0,0.0,0.0,0.0,43.19230030551732,31.24722889730699,-11.945071408210332,-0.17235625873912463,4.7850265980903925,4.7850265980903925,0.0,0.0
test,dense_latency,dense_latency/archive_4/a3238af5-b80b-474b-88e0-02f68a61affa.pt,3.013666749026203,22.65215560738941,19.638488858363207,0.17378593765255196,1.1546148576163575,23.637618901339334,22.483004043722975,0.19991146245947028,43.70553643500974,1.969130031305206,-41.736406403704535,-0.5344811179421165,0.0,0.0,0.0,0.0,1.0686346771563577,18.88148639470929,17.812851717552935,0.16156524082399765,1.2065533655485694,4.323608518976103,3.1170551534275335,0.03188256656422334
test,dense_latency,dense_latency/archive_4/acb52788-5d13-4ae2-9005-2b21e56c5752.pt,28.81301441825451,18.47797623218864,-10.33503818606587,-0.16747344209527873,16.157364316856782,9.85359701532098,-6.303767301535801,-0.08186259066879764,0.0,0.0,0.0,0.0,0.0,0.0,0.0,0.0,5.131973132117132,33.44383326211992,28.311860130002785,0.3392287360297309,1.6007884259349605,4.953052151885266,3.352263725950305,0.029089609781901043
test,dense_latency,dense_latency/archive_4/d4fd6441-4e9c-4adf-a1a1-71018c2543d5.pt,25.735130029244964,2.8279026197294046,-22.90722740951556,-0.26747128984908486,19.425678263045054,17.746068681123496,-1.6796095819215573,-0.052156441241548356,12.8302357216153,5.49012987667763,-7.3401058449376695,-0.08358731596908844,0.0,0.0,0.0,0.0,2.5846507175485787,5.4227523434876135,2.838101625939035,0.02655172348022461,12.371936834798296,1.2753261746611742,-11.096610660137122,-0.11723847822709517
test,dense_latency,dense_latency/archive_4/de113925-04dd-418f-9f74-7df76d9fd168.pt,9.23671108812304,34.02755208013797,24.790840992014935,0.20250946396123562,12.314519691186227,42.18898250930822,29.87446281812199,0.23239377188678179,125.00982266775007,92.83903231833985,-32.170790349410225,-1.5649356842041016,0.0,0.0,0.0,0.0,14.580717661946323,13.58418606849524,-0.996531593451083,-0.01149749755859375,3.6389453697903833,3.6389453697903833,0.0,0.0
test,dense_latency,dense_latency/archive_4/eb5aa7ed-d99d-442a-b132-f8cd52d23d74.pt,13.46155020949371,11.67439983352963,-1.7871503759640799,-0.015820942372080603,4.822690259659625,18.328393361236195,13.50570310157657,0.12080578369540461,18.879097933007284,4.229978703173582,-14.649119229833701,-0.16467392612511003,0.0,0.0,0.0,0.0,16.57137445374968,6.5916806238306185,-9.97969382991906,-0.11218243334666793,0.5273617770636263,22.696549822588846,22.16918804552522,0.19573734828404019
test,dense_latency,dense_latency/archive_4/fc077044-0a65-4a54-9331-c22d89bc894d.pt,18.273715740399417,1.4110314926727314,-16.862684247726687,-0.1871004743363054,5.444162259356194,15.984557946237851,10.540395686881658,0.09205039849278715,10.712158674481476,3.374940337512834,-7.3372183369686415,-0.07864975929260254,0.0,0.0,0.0,0.0,17.755245341729427,26.646712790285413,8.891467448555986,0.11235276479569692,12.966960713996531,0.5715012942934439,-12.395459419703087,-0.1319056584284856
test,dense_latency,dense_latency/archive_5/18f300f9-f237-409b-ba9e-5208201f2b6a.pt,9.721162991281975,23.081793944066483,13.360630952784508,0.15875339555783635,1.6055358190896898,6.122466806660294,4.516930987570604,0.046972678680208116,0.9989439910010516,8.332210856652193,7.333266865651141,0.06997044016174178,0.0,0.0,0.0,0.0,18.54519346808107,21.51709475134143,2.971901283260358,0.03662340981619699,16.512868379866227,13.753854450821574,-2.7590139290446523,-0.03180463386304451
test,dense_latency,dense_latency/archive_5/35f59421-fe3b-467d-bf83-8fcb92e61c5b.pt,17.407442669866445,6.319251394359491,-11.088191275506954,-0.1294114013682225,24.215438569371937,15.547885933351376,-8.667552636020561,-0.106922308029357,0.0,0.0,0.0,0.0,0.0,0.0,0.0,0.0,18.151219791704676,26.294792733436417,8.14357294173174,0.09915586618276742,21.645162197199376,11.559704439122937,-10.085457758076439,-0.07169405619303386
test,dense_latency,dense_latency/archive_5/375785d0-eb31-4117-b3cb-038d1e530a06.pt,47.54561761898394,15.222856536050337,-32.3227610829336,-0.4589583501371189,45.10279220784716,27.083290168500604,-18.019502039346555,-0.2690852126528938,0.0,0.0,0.0,0.0,0.0,0.0,0.0,0.0,14.605083654624341,14.605083654624341,0.0,0.0,14.909002574263381,21.645162197199376,6.736159622935995,0.04713877042134603
test,dense_latency,dense_latency/archive_5/578eb9aa-c092-467a-8b93-62bbc4d5571f.pt,11.352159497844044,5.678684880481229,-5.673474617362815,-0.06513377814075871,5.296193493177742,16.131664195082667,10.835470701904924,0.09487345543092505,25.792219407390988,7.1215553865571986,-18.67066402083379,-0.22674664402507363,0.0,0.0,0.0,0.0,9.06418722472045,8.066155776104424,-0.9980314486160271,-0.00916876602896703,4.190973054578406,8.1969052962748,4.005932241696393,0.0357398157534392
test,dense_latency,dense_latency/archive_5/5c54238a-189e-4f73-8213-2300d305ef27.pt,7.100632625468385,2.764088793639769,-4.336543831828616,-0.04054342436303613,12.919453107605017,2.2052482589989673,-10.71420484860605,-0.09954286556714155,52.876064319936155,38.86968931974316,-14.006375000192996,-0.23295724051339287,0.0,0.0,0.0,0.0,6.512815954534599,22.426531354015506,15.913715399480907,0.18902358613483647,15.785135600645786,14.407590244633491,-1.3775453560122948,-0.011790695190429688
test,dense_latency,dense_latency/archive_5/6bff17e4-029f-46e6-90fe-7555bbbc41e6.pt,9.056754035439706,5.289218956498691,-3.767535078941015,-0.043333763189184867,7.519735939626506,3.773258971633283,-3.7464769679932233,-0.04110106114309103,8.880413090312212,20.41823994737831,11.537826857066099,0.09216480040818117,0.0,0.0,0.0,0.0,10.740658554718465,5.281460976698118,-5.459197578020347,-0.061839396158854164,10.492578853289675,2.0880552490086246,-8.404523604281051,-0.08739356994628907
test,dense_latency,dense_latency/archive_5/6d997492-bcf4-45b5-a67a-c4fe3f6f6c99.pt,1.7216615181517692,29.318704420948748,27.59704290279698,0.23863195436041612,1.1187803014299535,28.06700225674995,26.948221955319998,0.23487712873630356,2.034867625629387,7.1681512635365054,5.133283637907118,0.053934078405399134,0.0,0.0,0.0,0.0,10.136335132519545,22.076225035824486,11.939889903304941,0.14089134479391163,2.240366550570593,4.697949543071548,2.457582992500955,0.02293797543174342
test,dense_latency,dense_latency/archive_5/7c5af378-982c-4ad4-8615-56fce9f6bdf4.pt,5.675556300893118,33.47683290208277,27.801276601189652,0.22835374987251836,1.74542473641103,24.398436078948134,22.653011342537102,0.19984442092684113,0.0,0.0,0.0,0.0,0.0,0.0,0.0,0.0,3.616285912858503,1.5733823234462416,-2.042903589412261,-0.019476766171662704,8.374524354731953,17.444387599794116,9.069863245062162,0.05478304624557495
test,dense_latency,dense_latency/archive_5/7e0c6d3c-ff42-4d23-8d23-b69ec0e2c269.pt,5.437215669371367,16.16818593178474,10.730970262413374,0.09665570326728848,8.413148561832282,24.115878803032192,15.70273024119991,0.1344735177042386,14.653078333269143,14.670103513051433,0.017025179782290678,-0.02139681861514137,0.0,0.0,0.0,0.0,10.18735184891442,3.799636061348228,-6.387715787566192,-0.06998913641167732,10.277794957293187,14.471381584747252,4.193586627454065,0.02646206794901097
test,dense_latency,dense_latency/archive_5/888bcfa1-4079-4dab-9e35-b2eda845ca09.pt,18.406296276224545,10.375473882474724,-8.03082239374982,-0.09328757573851605,7.5718428751967775,10.490032416279872,2.9181895410830947,0.020974568247235266,7.352396669474349,29.16023862022971,21.80784195075536,0.18340134111422937,0.0,0.0,0.0,0.0,19.385324319110342,3.436751535694058,-15.948572783416285,-0.17934281696644863,17.88971568353345,16.512868379866227,-1.3768473036672226,-0.01623211484966856
test,dense_latency,dense_latency/archive_5/91076273-ad1d-484d-b57a-52e9c7d6e698.pt,17.35439658053898,22.427477538373914,5.073080957834932,0.011627419509390571,8.334904873220825,16.897336299983657,8.562431426762831,0.06883433989082179,0.0,0.0,0.0,0.0,0.0,0.0,0.0,0.0,21.004002043977295,11.425168320435992,-9.578833723541303,-0.12434829984392438,27.22173490254389,1.6007884259349605,-25.62094647660893,-0.24935436248779297
test,dense_latency,dense_latency/archive_5/c4e58a82-e082-4694-b902-2716f293313b.pt,4.363602174618534,7.948409753202035,3.5848075785835007,0.038164331041776835,6.166346584472499,8.422664520585704,2.256317936113205,0.02100374862855053,11.642045306537986,17.115340767655468,5.473295461117482,0.047607325605037464,0.0,0.0,0.0,0.0,5.195551688219556,20.151007016509542,14.955455328289986,0.1702294551964962,5.443215916073455,11.236545096543313,5.793329180469859,0.04966909235174006
test,dense_latency,dense_latency/archive_5/cced5b5f-9e68-4862-8578-6b2a7b17c40b.pt,8.30883012265232,29.62407231460471,21.31524219195239,0.2610590630692468,15.072591083997196,1.8441416621426292,-13.228449421854567,-0.12154944341398904,20.41818099313218,7.6416514246000125,-12.776529568532165,-0.1477083931334864,0.0,0.0,0.0,0.0,25.833987783572873,29.75965984586766,3.9256720622947867,0.05282491567183514,13.753854450821574,19.26458394157487,5.510729490753295,0.06449231234463779
test,dense_latency,dense_latency/archive_5/fb17827f-9776-4548-87e6-5c49d979ca76.pt,30.930474102206322,10.524282470237019,-20.406191631969303,-0.2659068881190333,19.181627674028583,4.906127781538165,-14.275499892490418,-0.16427245533605506,0.0,0.0,0.0,0.0,0.0,0.0,0.0,0.0,15.866226681013057,12.724578290241608,-3.141648390771449,-0.05144464401971726,18.92799239846251,21.255558023150495,2.327565624687985,-0.012697577476501465
test,dense_latency,dense_latency/archive_5/fc5d324e-3ea7-47ed-bdc2-0c7661003d39.pt,3.178313374918848,12.950838266484519,9.77252489156567,0.08933553202404099,1.4468224012980102,8.151202787493578,6.7043803861955675,0.07061012262202152,9.141028321006887,48.479723070145674,39.33869474913879,0.30276596063335626,0.0,0.0,0.0,0.0,60.420655573812496,39.24683161777648,-21.173823956036017,-0.36030908064408734,48.63612692826706,29.143353571584722,-19.49277335668234,-0.03755955398082733
test,dense_latency,dense_latency/archive_6/03d09fd5-cafb-4fab-887c-9773b571a64c.pt,4.743550759080306,4.743550759080306,0.0,0.0,0.8725558846487264,3.131665529160012,2.2591096445112857,0.022146081125163104,11.0186818787659,20.165637433763134,9.146955554997234,0.10707258141559103,0.0,0.0,0.0,0.0,3.8458880468327763,6.84672532685695,3.0008372800241734,0.03160896475456621,1.7785625631773572,0.3912700670853636,-1.3872924960919937,-0.013547848432491988
test,dense_latency,dense_latency/archive_6/09552afe-2f1c-4c05-b8c8-e4f1f275121f.pt,110.76536200399258,72.05218902480776,-38.71317297918482,-0.1831612887594777,60.08996227793519,12.843133248529078,-47.246829029406115,-0.34138763762588303,13.76992663371386,42.45540752519893,28.68548089148507,0.22137305774267518,0.0,0.0,0.0,0.0,13.15665843701958,21.242483921196268,8.085825484176688,0.09463639692826704,32.84923205178308,42.209459222214974,9.360227170431891,0.18964198231697083
test,dense_latency,dense_latency/archive_6/3afa77ed-2c49-4fa9-aa12-b07a4a4b8a9a.pt,5.10424094705795,40.424422114475846,35.32018116741789,0.286502536543664,9.872593927878125,32.75036360464439,22.877769676766267,0.17756735616339123,24.783671283248335,47.887801331621716,23.10413004837338,0.16535885748035178,0.0,0.0,0.0,0.0,9.17362049422741,0.8254009542447708,-8.34821953998264,-0.08777081924276722,5.9665604122330835,3.7071354690579645,-2.259424943175119,-0.02486678789246757
test,dense_latency,dense_latency/archive_6/5bcbef5d-11fb-45a7-b6d7-262d946c3278.pt,37.930410310760806,5.64993714298639,-32.28047316777442,-0.4099298007246377,25.611296394622702,15.272836719429074,-10.338459675193628,-0.12836554742628528,0.0,0.0,0.0,0.0,0.0,0.0,0.0,0.0,11.09686747520076,19.26064230979984,8.163774834599081,0.09265542030334473,8.224479307740028,4.953052151885266,-3.271427155854762,-0.023506641387939453
test,dense_latency,dense_latency/archive_6/6ae8a093-3500-4364-84c1-669abafc03c1.pt,4.674605939377964,30.452266555544288,25.777660616166322,0.21860354700088971,5.009631568648699,23.127944647078188,18.118313078429487,0.15592244761565904,33.76092750570815,30.176473370271243,-3.5844541354369106,-0.026574306800717214,0.0,0.0,0.0,0.0,12.997485542038616,12.997485542038616,0.0,0.0,17.38199856768456,17.38199856768456,0.0,0.0
test,dense_latency,dense_latency/archive_6/706e8d64-c2e7-44ca-a466-34b26ac409c0.pt,47.824051933926825,29.268976736461855,-18.55507519746497,-0.28566513576340685,66.73564392151054,61.15785362880795,-5.577790292702595,-0.1205716423191326,22.44632243708593,10.438415005710647,-12.007907431375282,-0.1535988507558893,0.0,0.0,0.0,0.0,40.92751107065156,30.90973331394854,-10.017777756703023,-0.14152765274047852,13.661895769308234,2.4966581903555123,-11.165237578952722,-0.07741841673851013
test,dense_latency,dense_latency/archive_6/9a68c415-fbf5-47e4-8595-d66e3ad819aa.pt,20.305344144117264,3.8452782113452786,-16.460065932771986,-0.1882703328767851,11.65986647060783,12.03591743528691,0.37605096467908083,-0.010289929949159778,36.62860456141458,9.478780491031198,-27.149824070383385,-0.3477022368332435,0.0,0.0,0.0,0.0,2.2930115258846877,5.291776523196892,2.998764997312204,0.031123671420784885,12.720879168407647,3.778928160345882,-8.941951008061764,-0.0982299312468498
test,dense_latency,dense_latency/archive_6/cb60f469-f922-46e7-affb-6f7899f98461.pt,9.115233252220284,7.471076111157171,-1.644157141063113,-0.02348456805881752,10.318703928408102,4.922105818325195,-5.396598110082906,-0.06076123702307743,75.99471947339526,9.791624960652333,-66.20309451274294,-1.1161468505859375,0.0,0.0,0.0,0.0,4.2439450590712715,32.498901116475814,28.25495605740454,0.2357804434640067,11.817142156769957,19.9447905339859,8.127648377215941,0.05518873532613119
test,dense_latency,dense_latency/archive_6/ef83a3a8-0dcf-4806-9135-9b15fee7741b.pt,17.016625374056662,21.434225368991832,4.41759999493517,0.0076035434882650715,8.0615577156817,32.317531132322785,24.255973416641083,0.19421643965779117,22.82601808710717,19.19326830405673,-3.632749783050439,-0.04522740981158088,0.0,0.0,0.0,0.0,16.56148821931086,14.572494508895966,-1.9889937104148938,-0.0233431396484375,21.175380622480564,4.9483181884806955,-16.22706243399987,-0.18708971463716947
test,dense_latency,dense_latency/archive_6/fcc6a19b-a122-43f8-85eb-6e457dc77c28.pt,17.67353965192921,34.41839788563763,16.74485823370842,0.22185973039528345,1.776076847797696,8.386209357350092,6.610132509552396,0.06992777603278591,3.857478449566701,5.313911315642085,1.4564328660753838,0.01241500289351852,0.0,0.0,0.0,0.0,5.001636491392971,3.0009627394116154,-2.0006737519813558,-0.020791481799028053,12.371936834798296,9.60387850572763,-2.7680583290706657,-0.030524513938210228
test,dense_latency,dense_latency/archive_7/06e5b474-8150-4013-a8e4-6b6c3f04daca.pt,2.721387134887834,2.6608509127170596,-0.060536222170774145,-0.0013301198848350404,28.487045793230752,13.902769613362054,-14.584276179868699,-0.18276730598438665,18.98846830873229,11.698164089710112,-7.290304219022179,-0.08548773701187205,0.0,0.0,0.0,0.0,28.31482444224127,18.151219791704676,-10.163604650536595,-0.12520775428185096,1.1610267197961124,2.4966581903555123,1.3356314705594,0.009735524654388428
test,dense_latency,dense_latency/archive_7/4e776fd1-f7e7-4e52-b26b-5e61a2071898.pt,24.22139052189678,33.21095779882967,8.989567276932888,0.009224939874614927,15.850904415161542,22.01320185166562,6.162297436504078,0.02615174789451456,0.0,0.0,0.0,0.0,0.0,0.0,0.0,0.0,7.731772335605329,3.6477488071786497,-4.084023528426679,-0.042241505214146206,8.201055842051801,1.6854381230835178,-6.515617718968283,-0.05709966023763021
test,dense_latency,dense_latency/archive_7/764777c3-b8a6-4563-b65a-f886346e08ff.pt,16.835360480499304,15.721456287171609,-1.113904193327695,-0.013200401905950813,15.550223926556779,21.430066440298003,5.879842513741224,0.07140563489972412,33.80072924011275,60.781851667731786,26.981122427619034,0.17611559472902857,0.0,0.0,0.0,0.0,9.284248553394757,3.2793682514374973,-6.00488030195726,-0.056298776106400925,7.3272638117770414,17.015564119608328,9.688300307831287,0.08502691220014523
test,dense_latency,dense_latency/archive_7/769fbf17-9bf3-4e17-b833-bc0dde74be32.pt,2.988784276623991,27.043811595027844,24.05502731840385,0.20877670770548273,3.591259081818186,19.504981962892554,15.913722881074367,0.1411476539362399,12.902776039971446,25.683550757198272,12.780774717226826,0.10586123996310765,0.0,0.0,0.0,0.0,1.6440735812636247,1.3587805963337924,-0.28529298492983224,-0.0026203737420550845,11.838525812313826,1.9729996079963148,-9.865526204317511,-0.10523345947265625
test,dense_latency,dense_latency/archive_7/8e9f58ac-e7f9-4a25-992e-0ed4db395b8f.pt,21.075644738854535,3.8846657217359906,-17.190979017118543,-0.19596315442768433,1.4953804284616887,12.222520744727602,10.727140316265913,0.10011761412408225,34.430175468446485,1.606437695014075,-32.82373777343241,-0.39700399862753377,0.0,0.0,0.0,0.0,7.240197570545315,7.240197570545315,0.0,0.0,12.734146594790728,43.166651753307626,30.432505158516896,0.2297158922467913
test,dense_latency,dense_latency/archive_7/f1ab0b82-ed17-49d8-a2bf-fa8fddbc48eb.pt,12.015580011990778,20.639901406377533,8.624321394386754,0.05925508911931954,30.156589056360332,3.0277195370614844,-27.128869519298846,-0.32435993744782204,0.0,0.0,0.0,0.0,0.0,0.0,0.0,0.0,38.301504555202996,55.69465909388044,17.393154538677443,0.2866926926832933,24.111957666472843,20.976889125672074,-3.13506854080077,-0.0331879456837972
test,dense_latency,dense_latency/archive_7/f62862de-1b81-468e-94c7-0a334f2a7ec5.pt,9.617496508536835,9.20730544858352,-0.4101910599533145,-0.013012493902826968,19.2187765673982,4.162605751985283,-15.05617081541292,-0.17183986820102592,7.476421686505433,3.5180412323158845,-3.9583804541895486,-0.03624569676105508,0.0,0.0,0.0,0.0,9.090867904926942,11.338317597908702,2.2474496929817604,0.011788368225097656,11.92874526240742,22.371551185545492,10.442805923138073,0.09377855062484741
test,dense_latency,dense_latency/archive_8/0aefcef2-eca8-48d5-99d9-faf59c19dec8.pt,11.142926603689398,40.31681823907531,29.173891635385914,0.21752580430565144,17.705600268784742,34.432707678760366,16.727107409975623,0.09949994694397284,14.633757882800321,45.19188100082938,30.558123118029062,0.23130457854467976,0.0,0.0,0.0,0.0,4.799695115522785,22.137129933857146,17.337434818334362,0.14982944751075405,17.374792803331676,0.7805329810996421,-16.594259822232033,-0.17997679839263092
test,dense_latency,dense_latency/archive_8/888b057b-0c99-4a3a-a5aa-ab35616197d8.pt,16.5457667836163,13.870085708237609,-2.6756810753786926,-0.023109656911852502,15.515230693970155,13.803693653237795,-1.7115370407323596,0.004287626872469248,14.444772005275105,8.94750708475857,-5.497264920516535,-0.048919965636055426,0.0,0.0,0.0,0.0,6.598948516019162,18.354151871065962,11.7552033550468,0.1379948127560499,15.591547410953055,6.5074137983051,-9.084133612647955,-0.07663301321176383
test,dense_latency,dense_latency/archive_8/944bb685-0b73-43e1-b135-01c7bf118027.pt,73.77396492781297,2.86650464851193,-70.90746027930103,-1.1406467292468978,74.30177387243232,10.415579398667708,-63.88619447376461,-1.0722942687964412,0.0,0.0,0.0,0.0,0.0,0.0,0.0,0.0,46.13394395167832,18.151219791704676,-27.982724159973642,-0.384647956261268,11.92874526240742,32.84923205178308,20.920486789375666,0.11647257208824158
test,dense_latency,dense_latency/archive_8/b8a0084a-58cd-4f03-aba9-0ca4f7cec394.pt,11.594553142106287,45.76901032624559,34.17445718413931,0.2628622394488766,9.755685686662764,29.80316641655546,20.047480729892698,0.1663570481700863,0.0,0.0,0.0,0.0,0.0,0.0,0.0,0.0,27.228688489148357,35.19615501283287,7.967466523684511,0.10863663168514476,14.634192907536125,20.976889125672074,6.3426962181359485,0.06371092796325684
test,dense_resource,dense_resource/archive_1/420d552f-1af1-4c78-9f42-27e07f3e0308.pt,7.760224184063633,14.020708131199768,6.2604839471361355,0.07004151764394427,1.2916419880065053,5.244421097374201,3.952779109367696,0.0408557552637096,0.0,0.0,0.0,0.0,0.10140452877553456,0.10140452877553456,0.0,0.0,0.3313023193685544,14.626602669472023,14.295300350103469,0.13296918498078733,1.3737478921989172,12.481951024259,11.108203132060083,0.10360411108993903
test,dense_resource,dense_resource/archive_1/51ee691c-fc3e-4344-b26f-c6ede458e30a.pt,12.971425429560897,4.466503592179532,-8.504921837381364,-0.07812369649246399,21.365608561730888,12.393887792823195,-8.971720768907693,-0.07632745878226568,0.0,0.0,0.0,0.0,5.15265326265117,2.345009190539006,-2.807644072112164,-0.02555105421278212,7.563983818322784,11.550495434892547,3.9865116165697625,0.036312155460325124,2.058716200666899,3.421050494821645,1.362334294154746,0.012827624809451219
test,dense_resource,dense_resource/archive_1/84aee444-abc3-4b80-a992-0a2f895f8ff8.pt,9.315257081849454,11.299052948191003,1.9837958663415485,0.009245151500197394,4.942895092537765,20.961951172242763,16.019056079705,0.13905122581791463,1.614856204556328,19.954939327411367,18.340083122855038,0.1612331753685361,14.012294712021433,4.158277967140481,-9.854016744880951,-0.1053629716237386,5.112396106390028,30.837656781560153,25.725260675170126,0.21731687174354303,1.023783194203446,8.895782081632895,7.871998887429449,0.07494730135289634
test,dense_resource,dense_resource/archive_1/a6570df3-719e-4db4-9750-b3ac3b7b999f.pt,3.4291925238939047,16.400350699189207,12.971158175295303,0.11785954935892591,10.232884861620034,8.54202480501985,-1.6908600566001848,-0.018615141958962324,16.400278339664624,3.729312899425875,-12.67096544023875,-0.14195802225869084,0.0,0.0,0.0,0.0,43.85951980990768,105.54930782335072,61.689788013443035,0.32937112061873725,85.15532757309595,162.8115484888474,77.65622091575145,0.2979339599609375
test,dense_resource,dense_resource/archive_1/b02245d7-4c51-4718-8119-88b8af7948e0.pt,4.164742534598649,30.611391076754167,26.44664854215552,0.22468093908799144,9.936564818635977,34.999045882804005,25.062481064168026,0.2032018053741865,14.821543470669685,69.24647656227839,54.42493309160871,0.3720064828562182,36.67578698353067,66.29039103566693,29.614604052136258,0.18412033392458546,2.298092796128847,22.5793313401216,20.28123854399275,0.17962106961209154,2.0512427293865345,19.458508281922217,17.407265552535684,0.15695121951219512
test,dense_resource,dense_resource/archive_1/cccd1536-edbc-42ca-b615-841872d98b81.pt,8.522819475530552,17.89946952877401,9.376650053243457,0.1075650089466314,6.485503128756914,3.380712099655524,-3.10479102910139,-0.02957241447254772,90.22685747349121,68.63489983056571,-21.591957642925493,-0.49910815556844074,4.539736558793532,2.7808888501647298,-1.7588477086288021,-0.0165915922685103,4.581450814490286,0.5234671975022587,-4.057983616988027,-0.03955853878234226,1.9526653945138144,7.089641757023996,5.136976362510182,0.05373033073678119
test,dense_resource,dense_resource/archive_1/dc9570ca-cbb7-4de5-b079-cc6cb2340763.pt,28.28703997535319,17.666612892839012,-10.620427082514176,-0.0854920484355362,34.82572801333529,23.21732036347228,-11.608407649863008,-0.08858430674301458,74.8325485264761,42.111604441149844,-32.72094408532626,-0.5960555076599121,37.75418505465569,28.32496311354756,-9.429221941108132,-0.06723785400390625,3.468665579287756,7.960009269538244,4.4913436902504875,0.0424539664923732,0.3462602766097561,1.3662641848572952,1.020003908247539,0.010096405773628048
test,dense_resource,dense_resource/archive_1/f8404942-926e-4a43-b971-da3cc743f93c.pt,21.570867129980137,3.7994335144475424,-17.771433615532594,-0.2044978960665988,8.366196404015968,20.64503938771727,12.278842983701301,0.09981818135283198,0.0,0.0,0.0,0.0,2.467697920804676,22.499330103551635,20.03163218274696,0.1674028845394359,6.6889459850653195,27.22915159789103,20.54020561282571,0.17043618853566284,13.739072548440474,11.800999414959936,-1.938073133480538,-0.02209365577028509
test,dense_resource,dense_resource/archive_2/1e3d358c-cd3b-4686-a00b-a416bf0c840f.pt,22.525352363512354,5.127027834275433,-17.398324529236923,-0.20122229319019938,12.33631548717355,10.233071561548352,-2.1032439256251987,-0.03412260322675559,27.510914157232996,2.886303831149619,-24.624610326083378,-0.28690319061279296,17.306204169631695,1.7925159289788288,-15.513688240652865,-0.1657695770263672,8.235356887947965,9.983163914930955,1.74780702698299,0.009193885842179521,15.498971866218957,11.9236988279501,-3.5752730382688576,-0.041173031455592105
test,dense_resource,dense_resource/archive_2/21428f86-33ad-4ebc-9ab1-748f2da43d6c.pt,13.453606683367603,17.431335723421853,3.9777290400542498,0.016099926382511478,15.732470701365989,28.659518945422125,12.927048244056136,0.07991687165955601,17.249928984908586,27.12036570213882,9.870436717230234,0.04939617254795172,8.26371346124314,39.35867026207475,31.09495680083161,0.23484094681278353,11.266747640011962,20.49213796549272,9.225390325480758,0.06647391469305745,11.683619824421125,0.32499978895345527,-11.35862003546767,-0.12071195308692739
test,dense_resource,dense_resource/archive_2/30d22924-7147-4f00-94ce-ce7a59518c23.pt,8.861695448344445,1.017925975824258,-7.843769472520187,-0.0747287971195806,20.807190313584517,15.766283358148462,-5.040906955436055,-0.04232234806954342,0.0,0.0,0.0,0.0,21.83721979769235,25.676174524377544,3.838954726685195,0.029493038470928486,4.422684347844929,20.33568061360442,15.912996265759492,0.14130871151849123,2.736177376376211,2.0512427293865345,-0.6849346469896767,-0.00668504668445122
test,dense_resource,dense_resource/archive_2/450f2622-632b-4946-9f5a-ef0bfd7aa4b8.pt,39.76823436430277,9.236782307587251,-30.53145205671552,-0.39953817136377257,36.465204599798966,2.1390572400840897,-34.326147359714874,-0.4243359634124025,40.708260880900056,21.130445806082925,-19.57781507481713,-0.31000274419784546,8.251622931334003,24.752249235072526,16.50062630373852,0.12809554013338956,4.08191303824458,14.297512060496999,10.21559902225242,0.09342343716655997,0.3462602766097561,4.45557841996958,4.109318143359824,0.042081864519817075
test,dense_resource,dense_resource/archive_2/538f328e-21a3-448f-8f27-a223a2f5d3e8.pt,7.712014175777317,2.3332750254161683,-5.378739150361149,-0.05119302661426012,10.580975015478021,3.247430755788707,-7.3335442596893134,-0.06853735115270436,0.0,0.0,0.0,0.0,0.0,0.0,0.0,0.0,5.742226031027085,39.787783406803584,34.0455573757765,0.43949117660522463,55.800457214169285,17.338746386156235,-38.461710828013054,-0.27565351382706516
test,dense_resource,dense_resource/archive_2/650196ad-cdbb-45fa-86ef-a6b8bfe11e45.pt,14.335994745483905,8.076613589541644,-6.259381155942261,-0.05613965607502589,34.37540968333814,27.761464363615566,-6.613945319722575,-0.049559406355364176,0.0,0.0,0.0,0.0,12.547281187533741,15.881092977091214,3.3338117895574726,0.02774134549227628,10.456883801434888,7.012514335558398,-3.4443694658764894,-0.042583351118170625,23.726297962029506,24.612495242236914,0.8861972802074085,0.01145462125365497
test,dense_resource,dense_resource/archive_2/8d9a1922-e704-4100-beec-ce44ff32a60a.pt,16.418449117297058,21.530005472122575,5.111556354825517,0.06240428962057007,4.3141220828132685,7.700079344384221,3.385957261570953,0.03191563033364532,0.38239025000047594,9.42783216284792,9.045441912847444,0.08454520885760967,9.692006240701028,5.264730435675166,-4.427275805025862,-0.0394291083017985,22.058889099526066,15.375336272858538,-6.683552826667528,-0.08136273928337696,14.49819400953191,18.36911284220119,3.8709188326692807,0.045910573145102336
test,dense_resource,dense_resource/archive_3/0adfecee-a185-4930-b01a-59f8441724dc.pt,37.34587672517293,39.07465867135813,1.728781946185201,0.02641761307646827,16.850137268629595,1.003463039367794,-15.8466742292618,-0.17391380909840573,0.0,0.0,0.0,0.0,6.274153902795494,3.2690835224089865,-3.005070380386507,-0.024532530042860243,14.708993499945663,9.98472640434987,-4.724267095595794,-0.06364816339731356,12.419720927198544,3.2728630376823293,-9.146857889516214,-0.10012097572490253
test,dense_resource,dense_resource/archive_3/3d06cf4d-8b4e-4524-b0a8-262cc79dde5a.pt,7.621988903299651,0.9246920999872537,-6.697296803312398,-0.06413103783665305,14.598614556626327,7.842289082102653,-6.756325474523674,-0.060590615718815216,0.0,0.0,0.0,0.0,1.555768971551413,6.598929708255988,5.043160736704575,0.04874148735633263,8.569209252905779,10.562495894916161,1.993286642010382,0.018153355316752922,2.401205505815014,13.675681361100738,11.274475855285724,0.1036496641577744
test,dense_resource,dense_resource/archive_3/426328fd-523a-4227-b143-f7e658889514.pt,70.66027305125445,6.221146491068765,-64.43912656018568,-1.0322859441075947,6.32437104146332,36.33598256124271,30.01161151977939,0.2421819497726627,49.85124609895807,97.006985733334,47.155739634375934,0.25415109375978273,0.0,0.0,0.0,0.0,41.94211385519721,100.95331158977339,59.01119773457618,0.32279283572465944,64.84045564845707,164.75580381757837,99.9153481691213,0.4105367293724647
test,dense_resource,dense_resource/archive_3/4e2815db-5a28-41e9-8cfb-91cd73df0b11.pt,8.850836316712012,7.5074405030042595,-1.3433958137077529,-0.01239913336466643,27.182537113746147,29.949091333384764,2.7665542196386177,0.021183159901092107,17.044942767443167,11.43596928675168,-5.608973480691487,-0.04782660111137058,17.62841995187308,12.178879698472194,-5.449540253400887,-0.04581810446346507,6.318830488409883,23.690202625442904,17.37137213703302,0.1505506300313721,1.023783194203446,2.736177376376211,1.712394182172765,0.016798601848323172
test,dense_resource,dense_resource/archive_3/51797543-2176-45df-b553-44507e9154e5.pt,14.327483770319995,16.556857540960916,2.2293737706409207,0.01921278029854672,19.079013762939542,24.10317832097482,5.024164558035277,0.04093294988568308,0.0,0.0,0.0,0.0,15.282742936559327,31.156092224943574,15.873349288384247,0.12286369888870805,5.087620472136569,27.88123416090286,22.793613688766293,0.19507382916014213,2.393691860893621,0.003765104204024801,-2.389926756689596,-0.023604647008384147
test,dense_resource,dense_resource/archive_3/711e93cd-511e-4756-9b93-ae71a6b8271e.pt,3.7408385857125555,13.811523540034369,10.070684954321813,0.0924710774489102,10.395499933642595,22.73297816410584,12.337478230463246,0.10530828580985309,82.54290775685895,94.34588874872107,11.802980991862114,0.33288490772247314,4.06063888438589,9.07400139881006,5.01336251442417,0.044765199933733256,9.654725216130778,35.262274559758175,25.607549343627397,0.2076546201874152,0.6812535536441517,1.023783194203446,0.34252964055929436,0.003394626524390244
test,dense_resource,dense_resource/archive_3/8b7348d6-554c-45b9-87c3-c65a9a22b926.pt,16.445892100889555,23.550093485122513,7.104201384232958,0.05872839794488557,29.480473909963248,34.98183925835416,5.501365348390909,0.0408082982530468,0.0,0.0,0.0,0.0,18.557717409825422,17.173388242043554,-1.3843291677818677,-0.011158901712168818,12.763968076140527,36.34734053077841,23.583372454637882,0.1875818149738951,2.0512427293865345,4.105795001475125,2.054552272088591,0.019918123570884145
test,dense_resource,dense_resource/archive_3/99473309-3d9b-4bac-900a-ee4b46a0b522.pt,24.780102149755397,6.29138373578853,-18.488718413966865,-0.21788668484824955,15.120500198915334,14.76078166851639,-0.3597185303989434,-0.026108703206222966,59.07717047453457,23.021369551873658,-36.05580092266091,-0.5630553396124589,12.179504689574568,14.732778239594513,2.553273550019945,0.007247854162145544,6.086020641359292,24.87641001156015,18.790389370200856,0.15845391285851176,9.441332313002052,0.9599915373174296,-8.481340775684622,-0.08944975795336867
test,dense_resource,dense_resource/archive_3/b748069e-67f0-493d-80d0-209353429744.pt,18.571697977265586,40.70065645525994,22.128958477994352,0.16824656835902382,12.71707044152658,35.51265798855629,22.79558754702971,0.18200827173514952,29.94676155674418,9.864990983172447,-20.08177057357173,-0.2306908198765346,1.5795016967120763,15.97733580620939,14.397834109497314,0.12469789716932508,20.65037665736824,13.46918834928026,-7.181188308087981,-0.10407719154649794,2.393691860893621,6.501705320002354,4.108013459108733,0.03929699409298781
test,dense_resource,dense_resource/archive_3/dd0cc135-42f2-4392-bde5-506bac3b1b21.pt,33.217688074223915,32.7829057392829,-0.43478233494101204,-0.11667303212060604,14.069899856503202,71.31349575506286,57.24359589855966,0.37433942164308504,2.83260671923834,74.29136024285516,71.45875352361682,0.49041318893432617,1.8398557593782425,70.4155966120555,68.57574085267726,0.46906023025512694,39.737404446892796,4.525382654490279,-35.21202179240252,-0.4515677470400203,10.269703792258683,8.895782081632895,-1.3739217106257886,-0.02307498094512195
test,dense_resource,dense_resource/archive_4/087f031a-8321-43ef-80d2-7caae4ac6983.pt,11.963184029832655,2.2637043988107917,-9.699479631021864,-0.08998262958372415,15.781862066508412,3.3898429849604086,-12.392019081548003,-0.11179211714302145,14.32520547718459,15.506688148463379,1.1814826712787898,0.013221184412638346,8.247394272395306,14.603553196447974,6.356158924052668,0.07372328814338236,8.234917072628162,8.737353629785652,0.5024365571574894,0.012270932251535034,2.401205505815014,3.428482292217626,1.027276786402612,0.010573790015243903
test,dense_resource,dense_resource/archive_4/48890e95-d651-4944-b5fa-de8ebefb583d.pt,7.911612622464294,2.4007427007215343,-5.51086992174276,-0.0518057752161566,21.417489910574595,12.446228723756573,-8.971261186818023,-0.07628662974383751,2.2120293233289603,27.693441821947374,25.481412498618415,0.27816799708775114,1.7711018081273768,10.012959311566583,8.241857503439206,0.08109342134915866,0.907482499751909,3.5874442132267315,2.6799617134748224,0.027493003188379554,1.3737478921989172,6.501705320002354,5.1279574278034366,0.04911353134527439
test,dense_resource,dense_resource/archive_4/567a8d26-0155-4b47-989b-f79ccf3b90d3.pt,19.47043371937924,23.460722433230778,3.9902887138515375,0.03254504561710082,23.14107920368249,36.93761681078566,13.796537607103172,0.1043794225090128,11.037666742095485,37.90888110629551,26.871214364200025,0.19880156083540482,31.48480614030722,42.557678389748176,11.072872249440955,0.07720452166618184,14.43449336551421,16.099286859914194,1.6647934943999836,-0.006573179232999214,15.637342528046155,5.634871189237605,-10.00247133880855,-0.11154561479653996
test,dense_resource,dense_resource/archive_4/7b0fcb53-c9ad-4d6a-9f21-7670f881d26a.pt,31.777157697312003,112.39273414763471,80.6155764503227,0.44535574255190974,2.8583761852076797,73.77040003072591,70.91202384551823,0.5107389714408773,61.17172579428451,61.17172579428451,0.0,0.0,0.0,0.0,0.0,0.0,83.36943539168134,49.536562184315144,-33.83287320736619,-0.7619988577706474,123.37535630394758,50.939924221620764,-72.43543208232683,-2.4310720761617026
test,dense_resource,dense_resource/archive_4/849b3a99-d7de-4194-ad7f-d34808c4fcd0.pt,12.856125559196414,11.068406505986145,-1.7877190532102691,-0.02022453559785539,6.9179179135897275,7.7614753533238625,0.843557439734135,0.01388204219876464,98.33233446689515,116.53927942398062,18.20694495708547,0.07711629059355138,0.0,0.0,0.0,0.0,52.41344762672842,56.13045215858057,3.7170045318521474,0.06949991254664178,46.16787434837821,35.56667237798003,-10.601201970398186,-0.16510021325313684
test,dense_resource,dense_resource/archive_4/8debd97a-bde5-42b1-93ed-9c833fd6ba45.pt,15.529374206228159,7.93128459773897,-7.598089608489189,-0.08577831540968017,4.16381635247222,16.553193391737757,12.389377039265536,0.11208924305114043,7.882888241060487,19.848667730254647,11.96577948919416,0.10383942167637712,5.616027756271101,7.792368050202686,2.1763402939315855,0.019838935450503702,10.895846380835657,0.08201905683293029,-10.813827324002727,-0.11440135573527452,16.11611874666036,17.498222918070137,1.3821041714097788,0.01645760043555068
test,dense_resource,dense_resource/archive_4/96462bb2-db31-4199-b1c3-89935e1aa544.pt,21.118275904515713,13.76732041977767,-7.3509554847380425,-0.10730746273472284,3.2562566317556465,8.899143872967405,5.642887241211759,0.05315901282817293,0.0,0.0,0.0,0.0,0.0,0.0,0.0,0.0,97.308416519475,134.1792416381697,36.87082511869471,2.1478586196899414,153.05776185244775,175.989558447506,22.931796595058245,7.3244773864746096
test,dense_resource,dense_resource/archive_4/af7ad561-9a50-4a94-b1e0-5bfbd976e1e4.pt,10.480836724259879,11.137719970788936,0.6568832465290573,0.007340787817200408,3.2974978085021203,7.148975363337207,3.8514775548350864,0.04169923802299191,22.40528968619587,22.407790177648206,0.0025004914523343302,-0.046582698822021484,5.904019550136744,0.524026397499835,-5.379993152636909,-0.04808609302227314,4.581814027138993,6.32871843725711,1.746904410118117,0.016551978814071566,1.3737478921989172,4.797923663248611,3.4241757710496934,0.03530880811737805
test,dense_resource,dense_resource/archive_5/3608e31f-b504-40e6-bba5-a2e5ca4377eb.pt,2.3594830551402026,8.82976552363983,6.470282468499628,0.06849849349036931,14.52463926677302,4.382139526748656,-10.142499740024364,-0.09252962944820765,40.58237903735476,1.3841802648082129,-39.19819877254655,-0.4456751823425293,3.828508909665591,3.5452500529860105,-0.2832588566795806,-0.0013754526774088542,2.283478776885068,3.032539261313394,0.749060484428326,0.007294570229759944,1.3737478921989172,3.0785954646580302,1.704847572459113,0.01647871808307927
test,dense_resource,dense_resource/archive_5/82904f0c-a075-4cdb-a56c-8702e9b9fbe1.pt,19.901172083797587,1.576814323486971,-18.324357760310615,-0.2051078128970063,2.869198312236287,20.77909761939216,17.909899307155875,0.159123822138049,17.571917097663675,14.77837083461447,-2.7935462630492047,-0.05441835191514757,11.527927104250065,7.591120732956366,-3.9368063712936987,-0.04760809867612777,13.677143757249585,4.781737089821745,-8.895406667427839,-0.10009627731396498,13.103208348923276,13.501941485034768,0.39873313611149186,0.004571330942373294
test,dense_resource,dense_resource/archive_5/9e2a7ab3-5495-4f15-8870-0f15d4501410.pt,11.18085934796368,68.46017151183918,57.279312163875495,0.3915914893752494,2.00881511279582,57.34127014659537,55.33245503379955,0.42535095014087654,131.4106312433685,66.87985404252606,-64.53077720084244,-2.8255323078580257,0.0,0.0,0.0,0.0,33.95150771782225,101.97219117375823,68.02068345593598,0.3844040780697229,63.340261563286674,126.26141346998303,62.92115190669635,0.2918012160663457
test,dense_resource,dense_resource/archive_5/ad8a2271-602b-4503-9b1e-321213a5fd0a.pt,11.044308155562037,19.515657109157946,8.471348953595909,0.07314255924188431,20.31961644272823,32.52534441572699,12.205727972998762,0.09530107720425343,0.0,0.0,0.0,0.0,5.938499270263198,18.54359639163467,12.605097121371472,0.10333270118350074,7.888887260927564,20.01123583478469,12.122348573857124,0.09977071350302177,17.519431943172584,4.693162731371981,-12.826269211800604,-0.14381453307748537
test,dense_resource,dense_resource/archive_5/c0a11391-cce4-4736-9deb-8a4a1a7b295c.pt,2.49822386315793,5.573938818343614,3.0757149551856844,0.03266325180442712,20.499270032068424,1.3665380613592029,-19.13273197070922,-0.1723612136509394,0.0,0.0,0.0,0.0,0.0,0.0,0.0,0.0,85.30620919019952,33.68795641157377,-51.61825277862575,-0.3091569544905323,85.8834077802279,30.894694128227062,-54.98871365200084,-0.3319281348886416
test,dense_resource,dense_resource/archive_6/0edcceb3-745e-4c76-892c-edad35980ab2.pt,12.320525176411477,15.16423529691215,2.8437101205006723,0.009661612426035504,11.146962795699118,46.71315197880514,35.566189183106026,0.27309705979740057,0.0,0.0,0.0,0.0,4.15803115192164,26.089673985367092,21.93164283344545,0.1788772134219899,10.850651685342104,30.238820215206047,19.388168529863943,0.1479222108604874,16.754228057162827,15.637342528046155,-1.1168855291166722,-0.013211077416849416
test,dense_resource,dense_resource/archive_6/55552ba0-beb9-4213-a06c-7fd833a61fbd.pt,27.389908294533697,9.613995922228602,-17.775912372305093,-0.21636654118557314,9.564167581616827,2.8550467363149585,-6.709120845301868,-0.07229610936967079,0.0,0.0,0.0,0.0,0.0,0.0,0.0,0.0,27.44112363738113,16.568908298176982,-10.872215339204146,-0.08815569993926257,15.289003827274398,13.920847232000277,-1.3681565952741206,-0.011836798616157945
test,dense_resource,dense_resource/archive_6/8ade5ddb-ce02-4a5a-9a71-7cb2032a5e50.pt,0.987716657103463,8.383853829231148,7.396137172127685,0.07063630908061488,4.619549764013819,14.198863689561453,9.579313925547634,0.08742339986972933,0.0,0.0,0.0,0.0,3.443924586984498,10.188491936718506,6.744567349734009,0.058955782935732885,7.625946629376805,34.74408559257329,27.118138963196486,0.2225449953112027,3.0785954646580302,5.132827762761005,2.054232298102975,0.01971507002667683
test,dense_resource,dense_resource/archive_6/d0373380-4b81-4431-91bb-54eaffccb268.pt,2.14289796965645,7.522001654819462,5.379103685163012,0.0512914500380421,11.07362980867027,13.324653124107055,2.2510233154367842,0.019996925994365394,3.5302815992495886,29.344755316359063,25.814473717109475,0.21851265139696074,17.90100246747,6.032235042217176,-11.868767425252823,-0.1036328125,7.139001368953966,18.57593529700108,11.436933928047115,0.10103681010584678,1.708780938292553,0.33876539358165886,-1.3700155447108942,-0.013554508860518292
test,dense_resource,dense_resource/archive_6/d69358f7-05cf-40b2-b019-6c3cbd05371f.pt,11.170407990839193,2.2111036378713376,-8.959304352967855,-0.0959536661646172,7.860285690283436,11.241563510187838,3.381277819904402,0.03729196615186737,37.483728747997105,80.71548076555761,43.23175201756051,0.2593659138783188,0.0,0.0,0.0,0.0,6.350395816040412,17.70257256658552,11.352176750545109,0.0965542263454861,30.958781567022086,79.36184468862075,48.40306312159866,0.29776772719163164
test,dense_resource,dense_resource/archive_6/da58088c-9d3c-4f74-99bf-3db5689cde2c.pt,6.719870760764058,4.338838349211491,-2.3810324115525674,-0.02518414503800311,12.299549973350398,13.705700326593904,1.4061503532435058,0.01239715694956443,0.0,0.0,0.0,0.0,4.6810607816966385,3.6729317642036596,-1.008129017492979,-0.007683313809908354,1.8479778609171975,15.925778622918905,14.077800762001708,0.12917778072748112,9.67632077454992,14.657923206580385,4.981602432030465,0.05643372414869639
test,dense_resource,dense_resource/archive_6/e1387127-2383-4483-9738-3992af8ca88f.pt,17.298688812121043,11.35245802581227,-5.946230786308773,-0.08193885042297537,5.644987019033164,10.723910454129097,5.078923435095933,0.0436919393854718,0.0,0.0,0.0,0.0,0.0,0.0,0.0,0.0,50.31132335774671,10.365803229266362,-39.94552012848035,-0.3029714513708044,34.91312633206686,3.6290832506174975,-31.28404308144936,-0.26058486820191373
test,dense_resource,dense_resource/archive_6/e91c6a8b-d728-43d8-94b0-c9556f6680e4.pt,6.902136627709416,10.13128768112924,3.229151053419825,0.024939390885811836,4.7400498793177315,35.1564328937363,30.41638301441857,0.2526993461461609,0.0,0.0,0.0,0.0,10.63404144485224,38.313953888666404,27.679912443814164,0.20831622017754448,9.424988162889397,24.900357444425484,15.475369281536087,0.13140538484902806,1.4386992116003992,4.864399953614394,3.425700742013995,0.03533090810794347
test,dense_resource,dense_resource/archive_6/ef734284-2cdd-473e-b823-1dd1be45a384.pt,6.747032704137555,15.19976213606497,8.452729431927416,0.07143549194434028,6.270175674902435,15.162900455574631,8.892724780672197,0.07621188760887262,32.23459798513528,13.160908468766708,-19.073689516368574,-0.2557831544142503,3.0995468895021863,14.360110778613379,11.260563889111193,0.09948315339929917,9.635530815841651,29.89547350324408,20.25994268740243,0.1681407482306447,3.7634318536231133,9.237625994123352,5.474194140500239,0.051333662823932924
test,dense_resource,dense_resource/archive_6/fd7c4c3b-ff38-47b5-a6df-2c8e39dd4a92.pt,2.657486067781335,1.3792779858174595,-1.2782080819638753,-0.012337712714324984,19.608154486010363,24.072895672532397,4.4647411865220334,0.03629241996316889,25.987126681171507,22.753292340314214,-3.2338343408572925,-0.040705512551700365,6.362106551506344,1.3744883728563337,-4.987618178650011,-0.045921242755392326,15.99264269466623,4.912086612890882,-11.080556081775349,-0.1234489753795347,16.732950773989973,21.654849629601625,4.921898855611651,0.060176023962902045
test,dense_resource,dense_resource/archive_7/19562878-78d1-4775-bbb5-2e95c66fdc1e.pt,4.005830508761789,15.753245254426943,11.747414745665154,0.13172758185327849,20.075878375446415,2.915449925876881,-17.160428449569533,-0.15370762743206778,0.0,0.0,0.0,0.0,2.823951995040506,15.31774142130746,12.493789426266954,0.1254870674826882,10.951760346915473,1.722110050873474,-9.229650296042,-0.08674736243451951,2.7436359486960242,0.6887440620700841,-2.0548918866259402,-0.020896532012195122
test,dense_resource,dense_resource/archive_7/85d29b74-b464-4dd9-824f-0999f5d1698a.pt,27.565780387991015,20.93722348272231,-6.628556905268706,-0.08587073653383598,0.5677665619510399,11.282047557557803,10.714280995606764,0.10110144487688197,16.544108617637637,5.33144341822803,-11.212665199409606,-0.12605215001989295,5.10744125686088,10.912983358663327,5.805542101802447,0.06001454307919457,3.7207761246496425,3.8455890885437447,0.12481296389410224,0.0012965208284566167,14.966762307278621,28.90225918277742,13.9354968754988,0.1758996320282042
test,dense_resource,dense_resource/archive_7/9de9e719-4daf-4538-92be-62f9c3447d89.pt,16.710617635563125,9.706845649886402,-7.003771985676723,-0.05220016194965571,29.897590447857638,10.907529021830493,-18.990061426027147,-0.15665955212446528,0.0,0.0,0.0,0.0,16.743735759926256,8.897204966950525,-7.846530792975731,-0.06567156942267167,0.1432185157919899,3.103359271023194,2.960140755231204,0.030086283015970515,8.2016258480105,0.23936400046557207,-7.962261847544929,-0.08304588511208577
test,dense_resource,dense_resource/archive_7/c91f743d-5e55-45c9-931e-db186a7ec453.pt,12.147344035504323,27.242376140006733,15.09503210450241,0.12524661400420065,22.89714397706321,25.679678624758623,2.782534647695414,0.022125876702124597,0.0,0.0,0.0,0.0,0.0,0.0,0.0,0.0,25.19218266744109,12.72821095684507,-12.463971710596022,-0.08755692568692294,21.444580403850512,23.89599417079423,2.451413766943716,0.07710829514723558
test,dense_resource,dense_resource/archive_8/05c96cec-e2f2-4106-8a29-fb0ade772d8f.pt,4.512978932525702,2.2708805709808346,-2.2420983615448677,-0.023201892427817793,5.149777267875272,13.040290976514056,7.890513708638784,0.07221549382122422,12.92469303337599,6.466032424971984,-6.4586606084040055,-0.07061243057250977,7.807473153878053,11.609307640274418,3.8018344863963645,0.04072801994554924,20.330478898686493,14.879100666121461,-5.451378232565032,-0.06555029963470563,12.939641021351164,21.908784775288105,8.96914375393694,0.1075878477933114
test,dense_resource,dense_resource/archive_8/274d870d-d3d5-488e-94c0-49af4670d15e.pt,2.5337598605621516,21.735147491886078,19.201387631323925,0.17102444804719605,10.056269801215125,25.737080919340094,15.68081111812497,0.1322781343254194,7.09615466950464,34.40220252337487,27.30604785387023,0.21713946415827826,6.178559604410549,27.201167315025213,21.022607710614665,0.17560917398203973,2.458683125878726,17.894452618713622,15.435769492834897,0.13994923456477734,3.428482292217626,9.579373745605542,6.150891453387916,0.05650485899390244
test,dense_resource,dense_resource/archive_8/5142e7c9-650a-4643-b55e-af3d28563403.pt,1.1132073539964762,16.43876755458841,15.325560200591934,0.16791296782154494,13.27990821659319,1.3866439744397039,-11.893264242153487,-0.11056615832157969,0.0,0.0,0.0,0.0,9.017069054885413,2.2951209746122094,-6.7219480802732035,-0.05912160873413086,11.85158793300253,14.834998526794994,2.9834105937924633,0.026218122555085422,2.0512427293865345,12.311376251801116,10.26013352241458,0.09562386861661586
test,dense_resource,dense_resource/archive_8/be585285-ccfd-4f92-94c8-5844cf725757.pt,16.035364547339135,24.68996790264464,8.654603355305504,0.10734001880722843,9.821329744840524,1.9212620001195297,-7.900067744720994,-0.07458585055766201,15.956835266237809,43.05034054509713,27.09350527885932,0.20250177383422852,15.512240671217874,10.026143705756372,-5.486096965461503,-0.04680995283455684,1.1732857975143844,7.31461570640886,6.141329908894476,0.05875718465202982,2.0512427293865345,14.016605805911993,11.96536307652546,0.11062797732469512
test,dense_resource,dense_resource/archive_8/e83af3fb-9c79-4c99-b283-2a810f79bf75.pt,17.471799278932572,8.540368432499772,-8.9314308464328,-0.10222828122598986,2.7842622624815454,2.863809302605253,0.07954704012370772,-1.8888320624883764e-06,17.54562947799386,10.197992641168478,-7.347636836825382,-0.09418860147165697,13.984970507518828,15.062540822515935,1.0775703149971072,0.009182425106272978,16.157017281146853,30.92631122173745,14.769293940590597,0.11834430590580698,4.790492583891146,16.40046146260595,11.609968878714804,0.10473966272865853
test,dense_resource,dense_resource/archive_8/ea988e42-72cb-4673-a9f6-2ccfb46ee6e2.pt,21.943622239805528,9.465999491057085,-12.477622748748443,-0.10735746346331099,31.780788732388924,20.68121199591447,-11.099576736474454,-0.08680031392024239,0.0,0.0,0.0,0.0,43.15388426698534,41.015150219504584,-2.138734047480753,-0.014076573508126395,2.153857218074531,8.641623327467386,6.4877661093928545,0.06152296633764876,2.736177376376211,15.038768171038845,12.302590794662633,0.11282274199695122
test,dense_resource,dense_resource/archive_8/f7d82616-34cc-4391-8b9e-a2971436bbcb.pt,21.369003631750907,0.3692992764575948,-20.99970435529331,-0.23555156559078372,4.868245729303802,21.03580089514849,16.16755516584469,0.14044067964519047,0.43171796048937056,28.97080729052158,28.539089330032212,0.24661804457842293,4.352569394334919,24.93863129470642,20.586061900371497,0.1746601104736328,6.889889314948005,16.049290234535885,9.159400919587881,0.07720438157212678,18.15676583336108,12.694347905615512,-5.46241792774557,-0.06408750894706385
test,rule4ml,rule4ml/archive_1/037fc21461f5f182fb4b02c9497faae1.pt,29.79251734579185,19.857972057134365,-9.934545288657485,-0.12960135098103695,14.521314779441223,15.430678094884973,0.9093633154437502,-0.013327466062352172,20.88878635351167,8.398683965313477,-12.490102388198192,-0.10129929839587602,106.23676481877568,38.847766008070145,-67.38899881070554,-0.36380327664888823,4.751399405389972,38.30040290012995,33.54900349473998,0.27460792494116365,4.645904267397918,10.46220464506344,5.816300377665523,0.05101595984564887
test,rule4ml,rule4ml/archive_1/06c168b45dc8eaa94acbd977714bcbbe.pt,49.13093085479039,22.252654602631637,-26.878276252158756,-0.4008824992629717,73.09832809239307,51.71514234993844,-21.383185742454636,-0.45446144979508196,8.026028647383248,6.743967899965469,-1.2820607474177788,-0.007312108599950397,26.07269319410058,90.1428954219704,64.07020222786981,0.3877288294202499,125.74314903756371,29.63993917910321,-96.1032098584605,-0.5136695357671394,27.22173490254389,38.64752534365114,11.42579044110725,0.007318258285522461
test,rule4ml,rule4ml/archive_1/0ee4c8dcd8015f1b089d2ca174605fab.pt,53.71865051768103,88.08213685961213,34.36348634193111,0.839284843635279,53.309058991507385,153.98539716902346,100.67633817751607,5.928783226013183,52.45775904523738,103.79008532354695,51.332326278309566,1.4039439033059513,12.72433396636887,14.360110778613379,1.635776812244508,0.013927010928883272,136.93665482654538,61.335880258904474,-75.60077456764091,-3.4261403966833046,60.67706020906879,9.909103534389892,-50.7679566746789,-0.27834078669548035
test,rule4ml,rule4ml/archive_1/185abbf195c85cb50f2e2f3698494035.pt,14.781430717606975,66.84702484716452,52.065594129557546,0.8664188106532444,44.018031735558424,63.1604504808576,19.142418745299175,0.5623521004001192,48.34719278132906,34.27253774870919,-14.074655032619873,-0.09654581061315752,173.3222279719761,87.72700013467157,-85.59522783730453,-0.3180487693269091,86.8340659048916,46.17877818260678,-40.655287722284825,-0.23022436588368517,11.446777100847129,71.51882860854877,60.072051507701644,0.9830236434936523
test,rule4ml,rule4ml/archive_1/2084ff9e1c3f7347ba0aea77dc91149a.pt,20.282093424168952,43.209080433906045,22.926987009737093,0.32545280956233624,94.7127909463317,150.92567145222637,56.212880505894674,4.346117529931006,45.35311306618633,135.53538401090105,90.18227094471473,3.256575012207031,123.96377824115686,45.70721498993562,-78.25656325122124,-0.39175831187855115,25.47432528136245,83.27661660624892,57.80229132488647,0.3616054453748338,42.209459222214974,54.614914005212086,12.405454782997111,0.1622307300567627
test,rule4ml,rule4ml/archive_1/216f00238b09a3abf19c0eea1e8cf8c6.pt,81.60355153300985,123.41885764702255,41.8153061140127,0.1836501692305015,66.35284763396577,96.39621344930116,30.04336581533539,0.15222192395799033,32.485633735518356,46.61173317641951,14.126099440901157,0.09833060562340921,43.274182780249745,92.04784348123303,48.773660700983285,1.048288432034579,116.52669777767727,15.278751066076799,-101.24794671160048,-0.5940789741382264,26.6923146100025,37.72046202738073,11.028147417378225,0.0799086434500558
test,rule4ml,rule4ml/archive_1/3219ffd8661622e8c83c7ceec7993204.pt,35.43585574308068,60.976802947337184,25.540947204256504,0.4465431627196333,57.955342676232405,70.11723965929224,12.161896983059833,0.26362403511672033,0.0,0.0,0.0,0.0,0.0,0.0,0.0,0.0,52.97331645825198,4.296664400388994,-48.67665205786299,-0.3765915149483761,42.209459222214974,124.2345699187402,82.02511069652523,2.0583348274230957
test,rule4ml,rule4ml/archive_1/3bdfe2f8b21e2434dc6258e8e7ae38be.pt,42.27114067218146,10.608540291818533,-31.662600380362925,-0.42389363899505395,51.00257891204458,55.20307696534706,4.200498053302482,0.07786102366999291,85.21727555665314,68.56802174848016,-16.649253808172972,-0.961406808150442,170.93895835980672,140.76905120563808,-30.16990715416864,-3.5054526329040527,105.90506527248783,65.38770684956182,-40.51735842292601,-1.2747187793703008,81.70964466376806,13.83533649654819,-67.87430816721987,-1.2173272768656414
test,rule4ml,rule4ml/archive_1/466d99f5bafd16bc2656bb493e26d3a3.pt,3.5985562935767685,58.12717937349744,54.52862307992067,0.41502347330883516,18.45294204574101,0.09949887918848005,-18.35344316655253,-0.20228604490463817,30.06607513558055,26.576736753809115,-3.489338381771436,0.044951682867005814,26.138346667855206,31.078089911171396,4.93974324331619,0.13190153666904994,0.9483413339272273,18.009048677578615,17.060707343651387,0.18816882717993952,84.83318496910161,54.80942971059594,-30.023755258505666,-0.6583709716796875
test,rule4ml,rule4ml/archive_1/72287c9cac676de50d6937c1591c013c.pt,134.61431332962349,146.39440648847574,11.780093158852253,0.04065284504671613,84.19308915457444,84.07683728289008,-0.11625187168435502,-0.0005759775959472261,68.51621242746285,170.7044609448175,102.18824851735465,0.4097122434037843,66.77893282613866,118.55006013372824,51.77112730758958,1.7721449988228934,21.335585220108296,60.448028024335215,39.112442804226916,0.27128009406887754,66.24093032091281,158.71532521405484,92.47439489314203,0.3868167315642846
test,rule4ml,rule4ml/archive_1/8d2cdad9082523fa3ea68740ce1050fe.pt,9.650900258684551,1.8087762351632006,-7.84212402352135,-0.08314847135291285,8.704099707670839,100.49916522435743,91.79506551668659,0.5854566225950076,81.02926657173566,137.65101736569486,56.621750793959194,0.23828101802516627,4.553161880694178,104.48003968824034,99.92687780754616,2.039061046781994,25.403845074626457,57.84763399409094,32.44378891946448,0.22309996835673118,78.6164620509239,167.06739578392413,88.45093373300023,0.34463680151737097
test,rule4ml,rule4ml/archive_1/b00aea7a22b1f54c6cfb728ea20d9048.pt,79.06980366704526,100.29676480411028,21.226961137065018,0.7041884381225527,11.151790546217574,28.133343687002633,16.98155314078506,0.20927518028426165,26.63110449365179,33.79981593937395,7.16871144572216,0.09937630023902266,76.28475413009089,64.19478506037966,-12.08996906971123,-0.0649277114868164,21.88769223240937,20.89825849767952,-0.9894337347298503,-0.012374955780652105,35.15244084307306,49.17810301172846,14.025662168655401,0.2030855178833008
test,rule4ml,rule4ml/archive_1/b46ba552ba805cad9fe028c9b2beb67b.pt,21.65747290217444,6.48989326818219,-15.16757963399225,-0.17579873387104067,4.9011176967129195,38.313889939532416,33.4127722428195,0.2737008426966292,3.378247409821611,60.26984465331681,56.8915972434952,0.4289395431587599,72.90859372826014,23.17088580159691,-49.737707926663234,-0.32588947994608275,74.23863957732624,57.776765691249935,-16.461873886076305,-0.09311399659910402,119.0239802651207,164.38951119778778,45.365530932667085,0.1555065241726962
test,rule4ml,rule4ml/archive_1/b7f8ba9933ca67bf4e89522e4957ce7d.pt,79.1675969710998,49.07676784089634,-30.09082913020346,-0.6599699772089762,83.05197786082628,55.80267609212898,-27.2493017686973,-0.6462981968647602,19.969729448950794,85.8773566585895,65.90762720963872,1.245412826538086,29.396369292068464,12.401894596279073,-16.994474695789393,-0.1378547123500279,24.43483631136981,48.08832508425212,23.65348877288231,0.1698333674035724,21.444580403850512,4.9483181884806955,-16.496262215369818,-0.1442721440241887
test,rule4ml,rule4ml/archive_1/c26968f68714ae3b753593e66c7a2d4c.pt,76.26464306996286,71.42257326526328,-4.842069804699577,-0.12173470304298925,136.89615755004235,60.45178507212274,-76.44437247791961,-3.468679245869825,0.0,0.0,0.0,0.0,58.27860759412353,21.967191419545667,-36.31141617457786,-0.19912614320453845,0.48724888254938303,34.236062311285565,33.748813428736185,0.40678213693045234,18.929994754949355,9.358855067259798,-9.571139687689557,-0.06540536880493164
test,rule4ml,rule4ml/archive_1/c63e2a6582295344fbe9e1c6ece8e0a0.pt,76.03691407071652,77.56694376508025,1.5300296943637335,0.04029678512405563,47.01526371142556,53.405815921268804,6.390552209843243,0.04068270596590909,27.61299469058275,28.99466452986178,1.3816698392790308,0.01812286376953125,34.101736296829,122.30864970385329,88.20691340702429,2.509340206782023,69.49257839442862,10.52785892445777,-58.96471946997085,-0.4041000215133818,68.77917080362367,13.661895769308234,-55.11727503431544,-0.28792959451675415
test,rule4ml,rule4ml/archive_1/e76bf57773bcf57b1f19da562e9ff10b.pt,30.19579878146293,12.916517764267628,-17.279281017195302,-0.21755987902692553,45.79768525908015,54.26822495062948,8.470539691549334,0.15076364050479146,58.38543861729796,110.04743486719832,51.66199624990036,1.5976407600171638,1.2402072641446913,57.368950102440195,56.1287428382955,0.42530685000949436,29.613765373211116,85.46380994277214,55.85004456956103,1.1427230834960938,24.088545303057053,141.775183213027,117.68663790996993,4.340715408325195
test,rule4ml,rule4ml/archive_1/ecf7f5a60f0ef8948e0f8b3c91eab2f1.pt,12.790306703810872,9.828170769122064,-2.962135934688808,-0.03327995815186602,1.539669579873021,2.6691925603307975,1.1295229804577764,0.011536609807443735,73.90976834715144,57.52454669208244,-16.385221655069003,-0.09275651222202964,53.61223261951692,17.485040774228757,-36.12719184528816,-0.260213683251621,41.90534850405949,27.863101758380346,-14.042246745679144,-0.10186878412159518,91.43934078506233,53.24808456983673,-38.1912562152256,-0.20617832509122153
test,rule4ml,rule4ml/archive_1/eea79f2ee33e9eba8e086cce0a1f286d.pt,41.806009940100225,48.323342425313086,6.517332485212862,-0.13934034234350398,15.985212319063637,65.18449429433431,49.19928197527068,0.31786871052253807,0.0,0.0,0.0,0.0,4.375736622447893,49.193045478517156,44.81730885606926,0.6021870106190175,42.32095333216226,46.12460570102506,3.8036523688627994,0.02549433142653714,24.088545303057053,6.942734773738274,-17.14581052931878,-0.19072786966959634
test,rule4ml,rule4ml/archive_1/f6d8bf0745d1fb17117a04ab71839702.pt,112.88398340858333,130.86858165168854,17.98459824310521,1.193595352868541,139.30482708190078,135.7222646169644,-3.5825624649363874,-0.36206795828683036,0.0,0.0,0.0,0.0,0.0,0.0,0.0,0.0,64.12828905400045,2.2233717887063973,-61.90491726529405,-0.9150707456800673,74.68056666730739,85.19586545295626,10.515298785648866,0.21926379203796387
test,rule4ml,rule4ml/archive_2/0bf0bfeb622a31a1501e5c6366dfd796.pt,57.65563444636142,11.331171426443836,-46.32446301991758,-0.6899653254430552,17.03793023124368,20.132504281570107,3.0945740503264254,-0.0033328686640645188,32.12379749743688,89.24881422525253,57.12501672781565,1.2153358459472656,34.526363371175854,88.93174151606475,54.40537814488889,0.3201291020305012,79.84844139282757,53.71198522195468,-26.13645617087289,-0.14719355157081118,116.3422271419365,87.42768797916814,-28.914539162768364,-0.12622252244215745
test,rule4ml,rule4ml/archive_2/13132e1b5c320351b094a5efc7ff36c1.pt,2.3031491273441076,18.39865033125298,16.095501203908874,0.14571720232804128,29.171658126677233,28.065065920874137,-1.1065922058030964,-0.008468892436311964,13.255267072995153,41.9656481914922,28.710381118497047,0.38902671961088153,63.93737277356506,32.956810819718534,-30.980561953846525,-0.20089107364803166,38.07429374235732,20.86495853162532,-17.209335210732,-0.08682857319247742,4.645904267397918,38.02071470808791,33.37481044068999,0.40048906538221574
test,rule4ml,rule4ml/archive_2/1b88ac7e24253f5b3e353fcddaf1f662.pt,15.301735147325678,3.6691386254859575,-11.63259652183972,-0.12831678206997085,70.85724718377719,41.269612019811134,-29.587635163966056,-0.181102925470697,45.053967766027554,84.23604600993629,39.182078243908734,0.2249895226092635,104.8498182791972,62.93215373817205,-41.91766454102515,-0.2084116073552093,22.728478862021092,97.58531406362873,74.85683520160764,1.6989314160003184,31.82498647923772,87.88205683716447,56.05707035792675,1.0775926113128662
test,rule4ml,rule4ml/archive_2/2f9cc1567c439b49764fbb077a79be8f.pt,37.46877797905716,41.777953934885964,4.309175955828806,0.03002133223644705,56.58159735380243,9.442267061807318,-47.13933029199511,-0.3508724361743327,143.66899479439314,183.71074014523307,40.04174535083993,15.709654998779296,19.450585721543987,20.509830743314108,1.0592450217701206,0.01290883897226068,10.853794960277583,45.356624455939475,34.50282949566189,0.482756446389591,93.58479602921628,54.62000363250342,-38.96479239671286,0.10249068737030029
test,rule4ml,rule4ml/archive_2/90af6814f2d9e83b1dfadf3f34e10b66.pt,25.587366144106408,27.240132426034645,1.652766281928237,0.021940382290554172,100.41726529452278,40.907386256407435,-59.50987903811534,-1.501844511257382,0.0,0.0,0.0,0.0,150.31322820432194,22.31260897102906,-128.0006192332929,-0.6474717891577518,74.73026700621863,17.433919426019113,-57.29634758019951,-0.9988895539314516,132.8453920718689,114.6963901060408,-18.149001965828106,-0.9504532814025879
test,rule4ml,rule4ml/archive_2/9ec01dc72e4c1c37aaa0bf44dc893f8a.pt,62.303882062427114,23.960908241042905,-38.342973821384206,-0.6327233134206988,52.489696297033625,32.005440813064716,-20.48425548396891,-0.33064378459302624,25.852984496712573,22.234939233999462,-3.6180452627131103,-0.04664314925940328,28.541009821640714,40.9471066306008,12.406096808960086,0.18012923423690025,1.8595021332997939,5.8568772066353105,3.9973750733355167,0.04152750348513011,36.003420797282566,22.059757631934705,-13.94366316534786,-0.10329605551326976
test,rule4ml,rule4ml/archive_2/bd5548e90a3ec8de981c3cb0530b5ae2.pt,31.90948416268978,33.723550963445476,1.8140668007556968,0.01338714331335117,26.616709110728195,0.2258934656625765,-26.39081564506562,-0.3047419580093465,2.6734214974122334,2.6734214974122334,0.0,0.0,69.31237928010862,7.27552299319499,-62.036856286913626,-0.4352733294169108,137.84378817716797,93.40390789447947,-44.43988028268849,-0.17924814069033962,35.859338744352996,58.29086111521473,22.431522370861735,0.13992013931274414
test,rule4ml,rule4ml/archive_2/bd56911d8db491293bb34d2850d4b2d3.pt,11.215911347685038,13.003484311360017,1.7875729636749789,0.02025457259481923,59.71807208462623,47.668031943204305,-12.050040141421924,-0.22555323081047954,31.671023250607337,27.15001797438901,-4.521005276218329,-0.03414139190277496,7.27992907794821,16.825274893648835,9.545345815700625,0.08453972048875762,19.39474273260469,29.245657154214136,9.850914421609446,0.12756880502852183,3.4697360165323214,35.15244084307306,31.682704826540736,0.35314068794250486
test,rule4ml,rule4ml/archive_3/1c29f9266b396141408469049d75c8f2.pt,199.51664582065882,199.65306465967365,0.13641883901482288,298.2852376302083,158.7847328465847,173.3994708106769,14.6147379640922,4.951285226004464,0.0,0.0,0.0,0.0,192.68222333463908,196.12314498446005,3.4409216498209787,24.25750160217285,107.75473869971911,57.78852757108626,-49.96621112863285,-0.251802495612952,22.371551185545492,44.657984816997335,22.286433631451843,0.0848798006772995
test,rule4ml,rule4ml/archive_3/1edc30fd6622623a89f5fda4dd11ebfe.pt,111.40364602505925,44.64595361474473,-66.75769241031452,-1.9400718405919068,83.88367484537471,12.560910285077542,-71.32276456029717,-1.3107804746081368,47.34208223498995,20.591756710042773,-26.75032552494718,-0.19557215093256353,11.75500681680305,2.1780226846651614,-9.576984132137888,-0.0889463878813244,101.80612710646481,23.224639792150846,-78.58148731431396,-1.8086228636217463,24.87945323653194,35.65599684166691,10.776543605134972,0.01824444096262862
test,rule4ml,rule4ml/archive_3/21c3a4f2724d539a5b374e7547f9f313.pt,28.11504534450126,49.669697114645786,21.554651770144524,0.3336530516562686,2.9866227571831945,1.5322993149780308,-1.4543234422051636,-0.013984346060051037,0.0,0.0,0.0,0.0,15.713385915918986,29.9358728570783,14.222486941159316,0.19948743184407552,28.125040978183513,33.013535291313566,4.888494313130053,0.06791753768920898,19.18963321520367,29.707917871754027,10.518284656550357,0.16415320502387154
test,rule4ml,rule4ml/archive_3/21c90068f0dffca11fa298c7f994dc8e.pt,92.9657541495247,101.857032333886,8.891278184361298,0.04021662204695367,45.202913862842095,46.27355050266478,1.0706366398226876,0.007091805255171451,23.477929686133233,3.378247409821611,-20.099682276311622,-0.17649254432091346,8.126120712814236,45.042342417563255,36.91622170474902,0.47678169250488284,93.44238071282585,74.75982881876509,-18.682551894060765,-0.092671934479477,103.5959245593121,145.67973220868757,42.08380764937547,0.16031701393959308
test,rule4ml,rule4ml/archive_3/25da25e7068fe20631b338579576ad40.pt,69.46056081212753,23.916933715852778,-45.54362709627475,-0.3019287415699498,80.77252284807606,49.04538844389004,-31.727134404186025,-0.18149143116089386,98.00103256143649,67.74307073316638,-30.257961828270112,-0.15162712484213778,46.86608852492351,75.79919513491437,28.93310660999086,0.5808391571044922,100.27128918526955,23.65163582802721,-76.61965335724234,-0.45629184750561347,146.4490405237532,21.860952807123162,-124.58808771663004,-0.648028957222772
test,rule4ml,rule4ml/archive_3/260fafadf39d0ec006d93ca93b77f5a6.pt,31.319093019948273,0.23650568885473075,-31.082587331093542,-0.2684203989112481,55.54936508891732,3.9390844629783244,-51.610280625939,-0.39604622148288976,12.481300891487281,61.02260796921878,48.5413070777315,0.738311487085679,168.27793589541568,2.8183235547129386,-165.45961234070273,-0.8730417139389935,26.746030893476846,5.878235477696263,-20.867795415780584,-0.24747388116244612,21.890282837584454,32.28126400803797,10.390981170453518,0.1688741683959961
test,rule4ml,rule4ml/archive_3/28b3efaa5e7a4539ed294b76f1972bfd.pt,56.484281864320856,43.02593662123916,-13.458345243081695,-0.23895527825297166,35.02784723593142,37.72453069455443,2.6966834586230135,0.019305869275512942,14.893219697544367,12.562445368724356,-2.330774328820011,-0.004563944175760582,12.480799085505154,63.331400343788175,50.85060125828302,0.7781835702749399,36.81438547435824,38.74478870003494,1.9304032256766988,0.02925461277817235,31.131780937045125,14.664109551269846,-16.46767138577528,-0.10002775192260742
test,rule4ml,rule4ml/archive_3/2d3bf7dd79e86541e033b67df6595805.pt,61.986101622924984,23.171581473374694,-38.81452014955029,-0.26554294376014514,77.68188686299015,43.301963557575306,-34.37992330541485,-0.20354764344262294,28.662662352533093,4.2454440351808005,-24.417218317352294,-0.2066319783528646,48.49566480796354,69.89659351308154,21.400928705117998,0.12547360436391022,55.87172476940253,20.512206006785615,-35.359518762616915,-0.20799800327845983,48.91200174512504,38.194532258614096,-10.717469486510943,-0.07105939141635237
test,rule4ml,rule4ml/archive_3/32f5263cb2d5718fcffc2cc2a52dbd6b.pt,53.17993303543815,73.33664511335182,20.156712077913674,0.11650500520050584,128.39432092244195,125.67562419397353,-2.718696728468416,-0.01014854724590595,0.0,0.0,0.0,0.0,162.73135224034723,37.59929737295699,-125.13205486739025,-0.4253505103442134,106.8834655295526,14.187326624787882,-92.69613890476471,-2.136492919921875,93.31539678761536,9.909103534389892,-83.40629325322547,-0.4064002260565758
test,rule4ml,rule4ml/archive_3/3b4a2eeffa1a0bbf553f4a9831fe105a.pt,60.3037358780717,59.895709942091884,-0.40802593597981485,-0.008338418422149545,101.82633739622523,30.169019491935998,-71.65731790428923,-1.7188138604426892,0.0,0.0,0.0,0.0,122.23552399798353,94.63815577384098,-27.597368224142556,-1.010472059249878,78.99506398177556,0.4884092661317003,-78.50665471564386,-0.5608670270001447,23.55073156446562,14.664109551269846,-8.886622013195776,-0.09782724380493164
test,rule4ml,rule4ml/archive_3/4e566ce04c16e75d4f6d6e76474c2b03.pt,19.503374550364548,4.958719544403078,-14.54465500596147,-0.16525749588326777,16.28702577645616,3.305243918799739,-12.981781857656422,-0.14479207123466478,39.19548221338308,107.78566198089773,68.59017976751466,1.7958094652961283,87.54775958534448,61.995748220326625,-25.552011365017854,-0.13538991669077932,57.03118154559436,16.0045678681188,-41.02661367747555,-0.6492903545052889,42.222180348210394,76.11717748560335,33.894997137392956,0.6831372578938802
test,rule4ml,rule4ml/archive_3/58e6e657e9b7e1346033523402c72911.pt,23.32550143040452,7.961629527107153,-15.363871903297365,-0.12597513481002842,40.93605228340645,1.4060001848738921,-39.53005209853256,-0.3256480004027053,24.04598500577881,11.30004909556143,-12.74593591021738,-0.15320645845853365,85.5790428144562,56.853628089297466,-28.725414725158736,-0.15624861283735794,27.290059159257655,48.98491480416111,21.694855644903452,0.408309981009703,104.46045090305383,35.2664872437237,-69.19396365933012,-1.6608846452501085
test,rule4ml,rule4ml/archive_3/966e50713000ee3b08ff128a6c5274b4.pt,119.71908877752597,70.84031282095071,-48.878775956575254,-0.22578478338006527,115.0111643375526,73.93309037528756,-41.07807396226504,-0.19041237270418634,160.57418996800814,132.14591170426732,-28.428278263740822,-0.09490194181116615,67.50572362850565,45.94922848708719,-21.55649514141846,-0.38404707475142047,130.73272477831668,59.994131267508166,-70.73859351080851,-0.3290097085433856,187.33277272847033,88.74383213323424,-98.5889405952361,-0.35241156862790257
test,rule4ml,rule4ml/archive_3/a1ed438b788ebb7aa9872e6ef999c1f6.pt,12.891922204019087,29.15688699734123,16.264964793322143,0.22021199351286028,24.493868654104453,22.82292008440884,-1.6709485696956143,-0.013361050550780271,0.0,0.0,0.0,0.0,116.25385187966347,25.843710396935933,-90.41014148272754,-2.3555739402770994,74.03308962350862,30.19851956932518,-43.83457005418344,-0.9102321174574195,39.003887322660574,8.374524354731953,-30.62936296792862,-0.29784518480300903
test,rule4ml,rule4ml/archive_3/b1358f2811672ae9199bcb77fb6c90b4.pt,66.49476246648427,17.271286257355857,-49.22347620912842,-0.8070894975542725,6.142797229813947,30.334894613943803,24.192097384129855,0.20002143097585467,61.090143188706044,64.3948844546874,3.304741265981356,0.07014172065548781,78.30571602040708,68.36707639923142,-9.938639621175653,-0.05242096294056286,50.43351294731584,62.39610315266766,11.962590205351823,0.07276333813150074,12.697967219660324,15.562110411669325,2.864143192009001,0.031321207682291664
test,rule4ml,rule4ml/archive_3/c6d0b4fd5343f820c2b660707f83d401.pt,15.807391850976366,21.14535023973262,5.3379583887562525,0.06478700008177335,44.959728546894446,5.042870226189147,-39.9168583207053,-0.5277775394057557,0.0,0.0,0.0,0.0,27.646489443526836,20.424316750499145,-7.222172693027691,-0.015211029052734375,6.669754021615833,28.482900366364984,21.81314634474915,0.2626904133570234,20.976889125672074,38.64752534365114,17.670636217979066,0.074616273244222
test,rule4ml,rule4ml/archive_3/cb1e46588ece96ac3c91b7a0958b514a.pt,44.4886535980455,28.891429853570603,-15.5972237444749,-0.2344090013199201,76.9187901427296,44.18506933483116,-32.73372080789844,-0.6823146654211957,0.0,0.0,0.0,0.0,100.99457359178622,49.27649401231602,-51.7180795794702,-0.2725102624227834,68.60965348802011,20.675122352552837,-47.93453113546728,-0.8527821559532016,21.645162197199376,1.6007884259349605,-20.044373771264414,-0.14952739079793295
test,rule4ml,rule4ml/archive_3/d653309bc56cb162499c966cbd83ea0f.pt,45.77058492854818,48.31293267894089,2.5423477503927074,0.04346872872087985,17.962233497913722,5.018104177565782,-12.94412932034794,-0.1458727430138522,13.267123289270895,93.87338941525095,80.60626612598006,0.495148827047909,23.97448867440816,15.52304366625729,-8.45144500815087,-0.10313244400737441,3.5681874144972254,6.9222017767278485,3.354014362230623,0.03662744882049892,116.17838441049604,18.738419059727047,-97.43996535076899,-2.489833719590131
test,rule4ml,rule4ml/archive_4/0738bafc8ad3b680b6474edd42e1f770.pt,48.577452118512426,57.12861328634683,8.551161167834401,0.053514366726622936,43.44771233335046,67.24282270842609,23.79511037507563,0.6559858098780759,4.9844570343149055,154.88255097437394,149.89809394005903,6.614200592041016,96.99892087895742,58.93270177484566,-38.06621910411176,-1.0117929392847522,115.48665417838328,112.78811412459817,-2.698540053785109,-0.14554548852237653,20.976889125672074,70.33356791549205,49.35667878981998,0.7087417443593343
test,rule4ml,rule4ml/archive_4/0dc6384344c2510488d9b96d5f4a0119.pt,13.930009441450844,25.47558248302323,11.545573041572387,0.14221385842828013,7.647083016275227,10.414915976507906,2.7678329602326794,0.036215872519305976,4.955549667374428,20.661702169413573,15.706152502039146,0.18176178282677533,55.741277780687696,23.133894917304556,-32.60738286338314,-0.22795540364583333,53.406762456841584,44.95765740421854,-8.449105052623047,-0.05442691725127551,58.71587415089172,10.960137102500244,-47.75573704839148,-0.3488805491453523
test,rule4ml,rule4ml/archive_4/45b172326f621f3e4360220256d1bb36.pt,113.95888837348144,82.13167997441786,-31.82720839906358,-0.14372528748887936,87.4555683555305,63.193218971152675,-24.262349384377828,-0.12827508160635512,0.0,0.0,0.0,0.0,18.73080505891964,49.93120465170347,31.20039959278383,0.449605712890625,27.84466341569582,17.946875119452187,-9.897788296243633,-0.15852350784560382,11.559704439122937,62.28816355697091,50.72845911784797,0.6627793312072754
test,rule4ml,rule4ml/archive_4/69665507dcb361898217e89a5528c662.pt,115.97375436970708,31.052932001957505,-84.92082236774958,-2.3927791922003667,75.46914201221799,17.717092554111183,-57.752049458106804,-1.0492721781769327,50.15203209548632,1.6968677158772303,-48.45516437960909,-0.6509893395093629,48.803202227101266,34.88174001844115,-13.921462208660117,-0.34253396659061824,103.9923993982857,51.98764375472746,-52.00475564355824,-1.4573824722155007,33.535619684162356,22.25618443470291,-11.279435249459446,-0.14295613765716553
test,rule4ml,rule4ml/archive_4/6d921084af61c745a871657370e2e04b.pt,9.855209732641088,31.137971669068538,21.28276193642745,0.1755078370677962,15.937545806162182,37.00457670710504,21.067030900942854,0.1646558873557478,1.5419386016723697,0.294554962057081,-1.2473836396152889,-0.012323578018947963,81.172128150362,69.26746308696764,-11.904665063394361,-0.3012465115251212,41.78852504076685,89.5736495644125,47.785124523645656,1.091856433499244,52.62805337720062,4.639757882930292,-47.98829549427033,-0.619098322732108
test,rule4ml,rule4ml/archive_4/7995683a142977361077baf936df47da.pt,3.6780494216871595,46.75638405715364,43.078334635466476,0.5727254912843033,11.174981207856572,21.77185211019322,10.596870902336647,0.1384714621153286,0.0,0.0,0.0,0.0,23.58145023100532,5.456362018180182,-18.125088212825137,-0.1560746086968316,82.51710724653326,7.6503927932689315,-74.86671445326432,-1.320471409388951,90.24614900237474,65.00409947105655,-25.242049531318187,-0.5678884188334147
test,rule4ml,rule4ml/archive_4/7b51fb383116913efca11f5c6eb5d2d3.pt,34.90942150471727,6.561414116615807,-28.348007388101465,-0.3550701703429214,15.616001181948711,8.68754971012615,-6.9284514718225605,-0.07856310274007552,13.600544091980145,29.9200847384568,16.319540646476653,0.13270158611360144,13.620367120679784,80.27864081569896,66.65827369501918,0.4435337435814642,46.162842464495625,89.2600529100249,43.09721044552927,0.2419567519812275,142.74946315729125,155.20638906936657,12.45692591207532,0.04077229355320786
test,rule4ml,rule4ml/archive_4/93a91b27f1ee47370c6f82a451490fe9.pt,72.91626547140085,39.570951091830366,-33.34531437957048,-0.6542116623500768,63.93623119734937,10.328797764370723,-53.60743343297865,-0.8308736590402886,19.846140891238164,37.82961594814409,17.983475056905924,0.137266685520362,63.429388343024705,21.804334738873674,-41.625053604151034,-0.7086571724184098,18.55577291397716,5.602118933086346,-12.953653980890817,-0.14663532216061828,8.410875422658394,17.035208486690166,8.624333064031772,0.07280002940784801
test,rule4ml,rule4ml/archive_4/b2b008a9c8861976b3750110cd50a594.pt,32.36432348578845,33.01917794821518,0.6548544624267336,0.009357494650050353,25.826545181773792,47.766487111725674,21.939941929951882,0.3309700114178252,24.136810805888114,32.626613803650656,8.489802997762542,0.005779779874361479,27.05604366256673,5.9765077022959,-21.079535960270828,-0.25032652648229564,21.113884943995064,14.777146838442338,-6.336738105552726,-0.09834733624948715,14.664109551269846,62.58549015813427,47.921380606864425,0.6773914337158203
test,rule4ml,rule4ml/archive_4/ba6831d32130cc46375684ccd169a5c1.pt,49.029859566558144,42.22696183980772,-6.802897726750423,-0.04510825670974155,97.5802787344092,20.159793587420456,-77.42048514698875,-0.4726578212020421,93.60976593026564,150.90704195282643,57.297276022560794,3.949258041381836,82.07356220725421,107.63247524822248,25.558913040968264,0.7821510632832845,2.176315688386709,1.8259693171746858,-0.3503463712120234,-0.003901181709640018,27.22173490254389,149.49321061659094,122.27147571404706,4.670517762502034
test,rule4ml,rule4ml/archive_4/c54b44680120057d74e92cbe9b65068b.pt,4.348224305305299,87.00013387007571,82.65190956477042,0.5618214013405588,16.324133556660744,59.03289825786113,42.70876470120038,0.30486906871060515,27.827880263804467,46.32615769962262,18.498277435818153,0.2714335497687845,143.45697662011005,43.111970454990946,-100.34500616511912,-4.584746061052595,27.74893344434779,8.931157513592945,-18.81777593075485,-0.15809037642045454,10.46220464506344,29.707917871754027,19.245713226690587,0.23562399546305338
test,rule4ml,rule4ml/archive_4/ca02d7a10b3146eaf8c98872094f1492.pt,11.483068012033966,4.654530830471976,-6.82853718156199,-0.06310797845542912,29.969740213846123,26.92601007477029,-3.0437301390758336,-0.023329494538639296,51.72311574747149,34.19417733980692,-17.52893840766457,-0.11865230724571994,72.86826542216647,148.39818321490316,75.52991779273668,0.3168840079471983,87.22244182421771,44.74002184388554,-42.48241998033217,-0.2416646930599038,39.571345650586636,83.07633864779568,43.504992997209044,0.9136590668649385
test,rule4ml,rule4ml/archive_4/e41facf92ea26a1185ddcd75a697bab5.pt,20.695876377778273,20.030024208972232,-0.6658521688060404,-0.005484736148878314,42.40583850480609,41.49456147978195,-0.9112770250241411,-0.006226631883638751,12.031594306638777,80.05683659625016,68.02524228961138,0.45680672781808035,105.2204160142744,32.61937264585578,-72.60104336841863,-0.4081468073798141,0.37093929941247217,26.69721238713224,26.326273087719766,0.23169956869400896,25.2528664118745,142.50255301395416,117.24968660207966,0.5389259631817157
test,rule4ml,rule4ml/archive_4/f54618f2acd7fbf62346bc0077ed8f50.pt,67.87852368273704,81.11269177264171,13.23416808990467,0.33700377357786665,53.35758093959028,58.30518133847954,4.947600398889264,0.09524156268791341,22.34016563610971,70.58986945801858,48.249703821908874,0.8388657322438201,29.98487329741606,31.592587520902978,1.6077142234869193,0.011756093878495065,35.64795427102342,45.24101485473307,9.59306058370965,0.15050154465895432,46.419647486503195,54.62000363250342,8.200356146000225,0.1322193145751953
test,rule4ml,rule4ml/archive_4/f74ec97ba9d6a34e7e99c60e60d1b19a.pt,79.60525845298653,34.56980171234557,-45.03545674064096,-0.9044583759250499,48.65284792970752,14.039461395101084,-34.613386534606434,-0.4919315565371202,88.9029300489036,47.01364617738461,-41.88928387151899,-0.9850725173950196,101.02626734240536,111.84026424813207,10.813996905726711,0.0458193633515956,39.85761223565521,21.31334865802891,-18.5442635776263,-0.1395985160286971,102.17187096279936,81.97899347218521,-20.19287749061415,-0.09335913802638199
test,rule4ml,rule4ml/archive_5/1205dd1b7efafedf8cc2c30b03f99871.pt,11.651651773180596,0.6703711319263632,-10.981280641254234,-0.10337337096182085,44.12699929236437,44.39565074141502,0.2686514490506511,0.001801062684703964,0.0,0.0,0.0,0.0,101.2918458692624,40.727517219267,-60.5643286499954,-0.33313201662732933,62.55652180137703,33.41448345296552,-29.14203834841151,-0.19009501139322918,10.792830438153597,24.86436691139444,14.071536473240844,0.11525507534251493
test,rule4ml,rule4ml/archive_5/19027ba5f9d2c24cf57a9449fa195db9.pt,103.00850901015069,90.6538004228692,-12.354708587281493,-0.46556392260488755,104.47083692658735,104.47083692658735,0.0,0.0,0.0,0.0,0.0,0.0,81.76581217971338,10.884024706938204,-70.88178747277517,-0.4681555190176334,32.68995391973021,55.51705159512391,22.827097675393702,0.3763823813580452,17.444387599794116,32.470333607780525,15.02594600798641,0.17039072513580322
test,rule4ml,rule4ml/archive_5/1a0f607fcebb5036c84db82eeda023d4.pt,61.93121067990133,45.28608702449037,-16.645123655410963,-0.527851974781261,72.93999688048783,25.91485280543995,-47.025144075047876,-0.9186884799009785,50.11155323781652,61.95844139494902,11.846888157132497,0.07221534142127403,54.15936127607111,30.712208508015443,-23.447152768055666,-0.15895255900317837,130.05153855379962,32.799862767397094,-97.25167578640253,-3.321845020037241,50.07443327282999,9.60387850572763,-40.470554767102364,-0.5585149129231771
test,rule4ml,rule4ml/archive_5/20a95776ba9475fb64c5ac1fd3cedf35.pt,62.93122434666951,48.87950292762305,-14.051721419046459,-0.27130328840210494,47.326254587387965,35.43467398298881,-11.891580604399152,-0.18929121099724686,17.257543011511217,38.138075025574814,20.880532014063597,0.27821675468893614,101.9084693239927,18.651435583072256,-83.25703374092045,-0.4908559644544447,2.5109238233804905,20.42292911461303,17.91200529123254,0.2023518265554192,130.33418476017388,11.840064227490403,-118.49412053268348,-0.6721118193406325
test,rule4ml,rule4ml/archive_5/2edc14465a30a29c9f9e65d751bdbf3f.pt,31.991598382132445,15.192215189681061,-16.799383192451383,-0.23963173643927974,16.48228459223114,48.97261762850064,32.490333036269504,0.24111757198226322,36.611332826977424,69.91178310635425,33.300450279376825,0.5640176773071289,28.281326514163716,123.89770638755289,95.61637987338918,0.4259696748521593,65.2893828628619,53.4379948248455,-11.851388038016403,-0.07045765412159455,67.37190748168707,53.295238023035196,-14.076669458651878,-0.08188163872921106
test,rule4ml,rule4ml/archive_5/4832cdee7e347ead4b584b82e4f99fa8.pt,32.07381451704392,3.6443797077419804,-28.42943480930194,-0.24060787138962403,40.2498948180716,19.8403516487303,-20.4095431693413,-0.15455997296878687,0.0,0.0,0.0,0.0,60.17632363241428,40.98881152486209,-19.187512107552188,-0.1209690767176011,72.49654873363734,12.192197963634197,-60.30435077000314,-1.0182912072470023,83.30914617774634,72.78027453942639,-10.528871638319956,-0.05146887567308214
test,rule4ml,rule4ml/archive_5/4bea146a978cd831ec3a45f03d2a9855.pt,52.27867994935483,14.916108984293885,-37.36257096506095,-0.5465751020284467,34.49691091750552,37.77546926514219,3.2785583476366753,0.04884061796171171,15.533849073344685,39.08764994098138,23.553800867636696,0.34035799484844353,28.77559397269478,8.262573628516067,-20.513020344178713,-0.16811375390915645,57.11382741566983,13.741320802881361,-43.37250661278847,-0.6511411082987882,50.432335008878994,53.437859430870226,3.0055244219912325,-0.25072737473707934
test,rule4ml,rule4ml/archive_5/4d42d4bf595699055d028ac9ac01a848.pt,90.12335092379195,87.24067140063656,-2.882679523155389,-0.013836525433432249,3.171138594788276,1.347405038013142,-1.823733556775134,-0.017650842826040868,3.9668571896005367,23.477929686133233,19.511072496532698,0.16925898072946124,7.4533128784173375,1.808225308978131,-5.645087569439206,-0.05774806527530446,63.38331763221351,62.933540052777175,-0.44977757943633634,-0.002597476960490407,58.373889639050994,70.46141912219282,12.087529483141829,0.06915419188188147
test,rule4ml,rule4ml/archive_5/4f94592d4b2c68a1ff7ee38ca1737d5e.pt,14.21556344301347,19.896314499543337,5.680751056529866,0.027927461418572632,46.59274319357659,82.86638515013394,36.27364195655735,0.2079281895893527,27.812290157293923,49.81305805077748,22.000767893483555,0.31599399021693636,74.95307353442745,41.78157481182274,-33.1714987226047,-0.5868175029754639,152.69734669304987,115.58737909808663,-37.10996759496324,-0.13332080151661332,11.559704439122937,8.224479307740028,-3.3352251313829093,-0.025237083435058594
test,rule4ml,rule4ml/archive_5/61a7b2feee46b9098f7092e394d2dbbf.pt,36.478816115482765,34.741559947303045,-1.7372561681797194,-0.012518179636345734,6.9884587097626865,17.2542808122862,10.265822102523515,0.08642416988023285,3.9668571896005367,5.214063580384628,1.2472063907840911,0.01032115539274604,23.73359241570033,89.73229173859178,65.99869932289145,1.3330903229890045,0.46234199689496897,16.504961196478334,16.042619199583363,0.14763708139920426,5.64787147431503,11.67172509237749,6.023853618062459,0.05924777984619141
test,rule4ml,rule4ml/archive_5/6838c9a8f7bcbf61a70ade0866bfa42e.pt,2.5087468779709576,34.34829389755909,31.83954701958813,0.268359784191183,60.680609592723705,32.90735758118384,-27.773252011539867,-0.18297302167876975,0.0,0.0,0.0,0.0,5.277719331782481,17.62841995187308,12.350700620090599,0.10462659948012408,109.19325463656098,42.80904140273045,-66.38421323383054,-0.3534431893484933,98.38333633656279,61.91938005812772,-36.46395627843507,-0.17626171641879612
test,rule4ml,rule4ml/archive_5/6883dbd2b4f142e6610e9cd320b95f28.pt,76.3847030925835,16.729696588799083,-59.65500650378442,-0.3983584297608238,62.53487000742764,4.826423760174312,-57.70844624725333,-0.4292647543752413,9.468974109483739,7.6361357150972555,-1.8328383943864832,-0.019957736606511595,81.63301050296789,42.584892437053135,-39.04811806591476,-0.03849096173282274,17.280369033501657,19.6048415091182,2.324472475616542,0.05823976874130334,32.49528000658525,18.415959738520414,-14.079320268064833,-0.1748692194620768
test,rule4ml,rule4ml/archive_5/74c3cca364bfc99f6ff61e3511a78895.pt,65.16484700179062,21.348270450550054,-43.816576551240566,-0.2986106713624915,38.38454553040006,12.799951451079915,-25.584594079320148,-0.1852857797771715,12.769735949029938,60.51773950161376,47.748003552583825,0.7268269856770834,53.628864518901416,9.990133423467604,-43.63873109543381,-0.32510074492423763,72.45050908668195,4.104599957733609,-68.34590912894834,-0.4895522399518475,19.026742889186455,30.637636844108528,11.610893954922073,0.1746279171534947
test,rule4ml,rule4ml/archive_5/8f2f4106d2df9339753adde24403d1d2.pt,29.097304538474507,15.184214708612856,-13.91308982986165,-0.19938108246245376,38.33586796707453,2.983919228814427,-35.3519487382601,-0.44484671518276603,23.925824521027188,52.15571451778532,28.229889996758132,0.13975865913159918,186.30842611839725,146.08562260444774,-40.222803513949515,-0.11990682484871214,147.09257487356928,12.574370453597231,-134.51820441997205,-0.7289740077635554,21.99271184493344,68.44432374849158,46.451611903558145,0.2895230565752302
test,rule4ml,rule4ml/archive_5/946176de533ee08d06a169e25e736d58.pt,29.501997286352644,51.83344228144706,22.33144499509442,0.3535922440955306,23.13916864058214,44.246229876513986,21.107061235931845,0.30648567593752113,72.95757878761307,120.41531877351025,47.45773998589718,1.8348669572310015,99.42537702439117,121.80134372121364,22.375966696822474,1.066904067993164,24.92871008364557,83.18015675660982,58.25144667296425,1.1374547158518145,2.3210936106559688,79.67107574721939,77.34998213656343,1.2630040224860697
test,rule4ml,rule4ml/archive_5/99fbab35ddfc4d0065726720e01c4d1a.pt,3.671467734084983,38.13134914782544,34.459881413740455,0.43507987161425543,101.75310328321392,91.36001377331412,-10.393089509899795,-0.047279915524118366,0.0,0.0,0.0,0.0,77.09594024443291,69.69574028829189,-7.400199956141023,0.4899508302861994,89.67522135554987,91.26704166892789,1.5918203133780224,0.05281844793581495,42.273955021681026,78.08920564949197,35.81525062781095,0.20082304212782118
test,rule4ml,rule4ml/archive_5/9d0a1cb63a575d7636db596fdaeabb19.pt,14.272549585788441,49.25933473878007,34.98678515299163,0.24155192362949737,9.804640805653385,47.30905917386278,37.50441836820939,0.28912510769821664,9.468974109483739,7.6361357150972555,-1.8328383943864832,-0.019957736606511595,88.13295735065597,27.190993104072597,-60.941964246583375,-0.3707661172618037,96.12521322792735,101.42388596103373,5.298672733106386,0.023725248100765574,54.614914005212086,4.7850265980903925,-49.829887407121696,-0.526718020439148
test,rule4ml,rule4ml/archive_5/a38528e7ff9f044f73e957941453871a.pt,75.85410137600726,21.613309979288758,-54.24079139671851,-0.9796614310359888,85.43585272078562,3.4159031242763636,-82.01994959650925,-1.456665520552211,0.0,0.0,0.0,0.0,63.83045375670547,69.20866060780918,5.378206851103712,0.11216408865792411,87.24591066487011,21.937064295785003,-65.3088463690851,-1.2989410917637711,56.491189815679846,12.371936834798296,-44.11925298088155,-0.6454776417125355
test,rule4ml,rule4ml/archive_6/001409555a1d47a9c88976188b0db707.pt,90.92150182698607,27.920295168112165,-63.00120665887391,-0.3799951754317843,51.20181465138842,16.542454092007738,-34.65936055938068,-0.22721778953468408,15.502141011580878,79.79657291485653,64.29443190327565,1.0952205657958984,114.81788572403616,39.404022700649996,-75.41386302338617,-0.3915389931720236,37.545847025861974,27.796581305745363,-9.749265720116611,-0.13881317908022583,17.81728963222696,11.42847637249573,-6.388813259731229,-0.061989148457845054
test,rule4ml,rule4ml/archive_6/0cb057338b6002a0f975327e1b2f0f3f.pt,26.430087709642724,60.51372934460253,34.083641634959804,0.23112184973983133,13.243279585440373,36.57039405152413,23.32711446608376,0.18496283252570747,65.67604444916647,33.03473006900768,-32.64131438015879,-0.5808504544771634,4.9669051421079065,61.54147382966491,56.574568687557004,0.42012060430061304,55.24517522661513,13.210126509044233,-42.0350487175709,-0.308769445693836,30.87428671041367,16.059898643623217,-14.814388066790453,-0.11030857903616768
test,rule4ml,rule4ml/archive_6/17a85b1be75ce0142aec4f9451bf4efd.pt,58.84332560498716,60.68146416238664,1.838138557399482,0.037387011215832565,20.164738817966434,4.575522654424911,-15.589216163541522,-0.1774273950072098,0.0,0.0,0.0,0.0,66.62514137439076,10.240049265845808,-56.38509210854495,-0.3987928069798292,48.50519305168747,31.230994192172165,-17.274198859515305,-0.12014375202396373,74.78123663094827,27.80745041901801,-46.97378621193026,-0.29561739256887726
test,rule4ml,rule4ml/archive_6/1d29116bb94d7316156894699a602c2a.pt,63.03014744034602,83.20657468660868,20.176427246262655,0.5044022607987452,44.08881308311699,58.93771559279473,14.848902509677743,0.09363177222927122,0.0,0.0,0.0,0.0,19.33681091764614,72.25057592003746,52.91376500239132,0.9441998799641927,19.464220407427216,23.377071227297797,3.912850819870581,0.08720918037522007,6.1869757226165225,100.0,93.81302427738348,0.45499005913734436
test,rule4ml,rule4ml/archive_6/1e617c0108e2d4ee454c839f9fc1c892.pt,64.15318249772659,44.365298939649946,-19.787883558076643,-0.3743615772575766,36.21769478980987,7.257931883324388,-28.95976290648548,-0.3722171337036524,0.0,0.0,0.0,0.0,85.24219328212996,39.872408714187394,-45.36978456794257,-0.26286792755126953,19.978100075149854,53.693059229012825,33.71495915386297,0.24147922681725542,54.72421917841238,33.65465944511764,-21.069559733294746,-0.14051320002629206
test,rule4ml,rule4ml/archive_6/2378b4a0679ba08165cd8d031b0db6ee.pt,26.11234917108174,38.40668650495024,12.294337333868498,0.2443779364594151,22.096951283897965,40.61100540671836,18.514054122820397,0.31058761503067484,44.042784359599224,163.58341192505205,119.54062756545282,7.577279472351075,89.74407706524948,40.37246263004794,-49.37161443520154,-1.0772061157226562,95.92473349372048,48.49046616984649,-47.43426732387399,-0.25783848177647006,48.213397797552915,39.39077993751016,-8.822617860042755,-0.1206347147623698
test,rule4ml,rule4ml/archive_6/307b634895c193a5d98acf87b0c99dc8.pt,78.30623234511681,42.580389925077206,-35.725842420039605,-0.7456787293215832,86.85079255256053,110.95614086513554,24.105348312575003,0.9228341238839286,0.0,0.0,0.0,0.0,10.454296297810583,4.620579142748837,-5.833717155061746,-0.06398323604038783,53.98199795088908,30.118300113535902,-23.86369783735318,-0.16318177523678296,21.255558023150495,52.63289454925986,31.377336526109364,0.16840432584285736
test,rule4ml,rule4ml/archive_6/32096e3a56110daaf1080abbc90bcf0f.pt,40.31132538099414,14.730799885161534,-25.580525495832607,-0.17644674475436836,32.6070149099709,45.45986941467097,12.852854504700069,0.3075981682510738,105.47575502198744,54.78696767538895,-50.68878734659849,-0.25942068099975585,62.47268260805555,121.64682288592388,59.17414027786833,1.9220045804977417,33.100907847889545,46.56164507010638,13.460737222216835,0.09350790906308303,1.1610267197961124,42.209459222214974,41.04843250241886,0.39249610900878906
test,rule4ml,rule4ml/archive_6/344097cd7e86741639f3fc6d1411d01b.pt,14.704875823708974,28.222517623094294,13.51764179938532,0.11034628569443367,34.496441123903615,122.25632530401121,87.7598841801076,2.7266436889504995,0.0,0.0,0.0,0.0,10.051454972988266,58.54908744517412,48.497632472185856,0.35477037494685376,12.972844195495133,14.964718723656338,1.9918745281612047,0.01737376067597987,6.1869757226165225,2.4966581903555123,-3.6903175322610102,-0.026515871286392212
test,rule4ml,rule4ml/archive_6/43974552bd8bb2f49d3289e89c238835.pt,60.53481345614068,143.27783845554458,82.7430249994039,4.180719039351852,157.06832678730902,171.65595962485986,14.587632837550842,4.452670506068638,0.0,0.0,0.0,0.0,67.04044890249673,41.727192993332196,-25.31325590916454,0.024313959582098598,100.18773420757717,106.06493540641084,5.877201198833674,0.24908768503289475,29.143353571584722,18.92799239846251,-10.215361173122211,-0.09905850887298584
test,rule4ml,rule4ml/archive_6/497d30d2d0ad2daa4fc2e609e64df438.pt,19.677404437632728,20.99856289401694,1.321158456384211,-0.028213037165736823,9.717601530157927,44.857428008290874,35.139826478132946,0.2642443729401778,17.680006128035558,21.860556834925706,4.180550706890148,0.0030995721686376283,40.20991007348286,6.2705193333116,-33.93939074017126,-0.26789453125,87.43484170918619,57.096261959987125,-30.338579749199063,-0.751716068812779,7.573927377038975,4.205798249841741,-3.368129127197234,-0.0348480088370187
test,rule4ml,rule4ml/archive_6/582d3207a87f10fbcc0985c7e4f40fda.pt,81.87761811833336,38.602387776969415,-43.275230341363944,-0.9079481291631973,50.71168696690233,110.51141610730518,59.79972914040285,0.032421016665057735,37.683347705746975,80.14797001464188,42.46462230889491,0.10708256044249603,51.783325956335105,34.85101212144345,-16.93231383489165,0.010516753563514123,54.351076357189164,14.412766305174015,-39.93831005201515,-0.6090576737015335,33.8256358048661,87.53129204709187,53.705656242225764,0.2967003754207066
test,rule4ml,rule4ml/archive_6/5b15f69bcf2c7f346c26d4909d63190f.pt,64.3333004862501,22.742373023158162,-41.59092746309193,-0.6917800442408526,42.24564469928433,7.760215404361539,-34.48542929492279,-0.45484125494197986,6.946788542128043,7.7756766890532925,0.8288881469252498,0.0028655279250372023,69.10091768773451,69.10091768773451,0.0,0.0,69.40719520132365,38.92317271226283,-30.484022489060813,-0.5788769331134733,110.5569779033938,88.79055457514775,-21.76642332824605,-0.8495597839355469
test,rule4ml,rule4ml/archive_6/70e4d2de734c8ee41bc4c5e2b584c11b.pt,111.34449091903146,88.53017778128955,-22.814313137741905,-0.9226388293310464,21.173811279794236,52.51756537666371,31.343754096869475,0.4990231196085612,0.0,0.0,0.0,0.0,22.034731480440488,13.269701487510062,-8.765029992930426,-0.11956579544964958,112.38368473788466,81.96587723083668,-30.417807507047982,-1.16876903333162,4.7850265980903925,6.1869757226165225,1.40194912452613,0.008242577314376831
test,rule4ml,rule4ml/archive_6/7e310dc25531e1b71bcd03d3545518c8.pt,2.8806951711388553,9.112178262600864,6.2314830914620085,0.06624260690238255,85.73785552714467,70.41231985916035,-15.325535667984326,-0.41276924909945734,0.0,0.0,0.0,0.0,5.616027756271101,25.166226390003395,19.550198633732293,0.227122658177426,68.23623367807372,86.91579103125949,18.67955735318577,0.09699794617800936,68.77917080362367,64.7215572660092,-4.057613537614472,-0.017108306288719177
test,rule4ml,rule4ml/archive_6/8b6d38413c6f2216c2a43783a38dd61c.pt,13.30641665516598,70.6930075554434,57.38659090027742,0.950857555880091,3.3015492671970135,69.23117149594536,65.92962222874834,1.0252481193413812,32.485633735518356,14.375006814797937,-18.11062692072042,-0.14502388104054723,32.49128360315179,15.125214175606937,-17.366069427544858,-0.24570121017156862,28.52438047003898,2.724386436320762,-25.799994033718217,-0.2225757203373223,88.95092777356622,120.08617103481416,31.135243261247936,0.1326143958351829
test,rule4ml,rule4ml/archive_6/9103c5ff855940d7d662364678b53447.pt,9.582300282481429,0.2782254775932176,-9.304074804888211,-0.08865561627682678,22.15117921956985,22.15117921956985,0.0,0.0,31.4617239067078,31.4617239067078,0.0,0.0,5.1649080081762255,27.42412730573515,22.259219297558925,0.2620729269440641,5.770865534889846,7.767758248765027,1.996892713875181,0.018669820003372303,107.30224104487839,181.34708446911728,74.04484342423889,0.2519320044547889
test,rule4ml,rule4ml/archive_6/bc6bb6e33f8b03b6704517f576375075.pt,106.72595770120893,85.75591820423558,-20.970039496973342,-0.7871464601746522,92.2106406489641,41.77165218524466,-50.43898846371944,-1.1828577328127423,0.0,0.0,0.0,0.0,46.319644984685254,56.439814293543954,10.1201693088587,0.17642578711876503,65.93456817472747,52.23003895575772,-13.704529218969753,-0.2753240966796875,39.003887322660574,54.614914005212086,15.611026682551511,0.20008635520935059
test,rule4ml,rule4ml/archive_6/d05a59391d3c9bf0ed991813ac518547.pt,69.9650177498195,55.41419278257743,-14.550824967242065,-0.08441015158405622,6.105926177487454,89.35413687820312,83.24821070071567,1.555835179065542,45.323546082381704,38.314822668288166,-7.008723414093538,-0.04794870484486917,7.209334883761303,2.3765519217048126,-4.832782962056491,-0.04525607969702744,80.01157587414583,121.34535194283761,41.333776068691776,1.7456111363002231,7.165069702942445,42.63705945483152,35.471989751889076,0.2621121747153146
test,rule4ml,rule4ml/archive_6/d269502d2e3a7e239990e5ee6c8a088b.pt,4.254704458173897,6.271758431401483,2.0170539732275854,0.01914969633469118,23.69794337122769,30.489838462380245,6.791895091152554,0.09090345758032128,21.905404125764363,3.7541467756188296,-18.151257350145535,-0.15863274239205025,65.83679616427264,32.34719828829165,-33.48959787598099,-0.21390799953512948,46.353182334773045,49.183643893540804,2.830461558767759,0.048721054853019065,11.64175478634862,56.7702029723891,45.12844818604048,0.6386883475563743
test,rule4ml,rule4ml/archive_7/1a61f143fd0596914c6180472652b380.pt,22.108016102813043,14.562081713745155,-7.545934389067888,-0.04201156498533901,44.303360544229754,50.700879596777476,6.397519052547722,0.11001829840057525,0.0,0.0,0.0,0.0,49.85159843656546,22.868594612314073,-26.983003824251387,-0.18921425229027158,9.115059906789858,103.33849187395779,94.22343196716794,0.5931064157723532,14.909002574263381,4.953052151885266,-9.955950422378116,-0.07329901059468587
test,rule4ml,rule4ml/archive_7/1f992b4e914c1ab39d6dd763eb707181.pt,78.86141845087543,23.831599000367177,-55.029819450508256,-1.0314260769843349,65.91809040073193,16.34682134803961,-49.571269052692315,-0.8052122068077803,93.701322696846,74.06816634627394,-19.633156350572065,-0.583839856661283,60.65592046098862,47.82274165682433,-12.833178804164291,-0.07915633916854858,49.90309878271701,41.378129291720285,-8.524969490996725,-0.14308807140088264,133.9690400331538,46.81407283591111,-87.15496719724268,-3.387135078167093
test,rule4ml,rule4ml/archive_7/3be8815af5e75a5231b9579149c20dd5.pt,73.6074448933315,49.28167739648394,-24.32576749684756,-0.5107677782488397,41.78884592529729,5.272170986359971,-36.516674938937314,-0.47409693322388513,6.401257893719956,11.266572696625863,4.865314802905907,0.03991421786221591,31.294373350302564,66.09046189821576,34.7960885479132,0.22100994803688742,3.9018867321016155,8.898613161196764,4.996726429095148,0.04685411481379056,45.38391081543927,23.687043770497006,-21.696867044942266,-0.15571825432054925
test,rule4ml,rule4ml/archive_7/44414783cd0146469f847844c0dd87cf.pt,0.4859651045984639,7.584131690063501,7.098166585465036,0.07398249621077188,0.02706995345150489,9.058530054896245,9.03146010144474,0.09461128755941142,33.185067617970766,65.22098077393095,32.03591315596018,0.09364977069929534,58.69249815499481,73.05767427684566,14.365176121850851,0.310909720028148,14.31403701557289,27.161862285944334,12.847825270371445,0.10551426957622896,169.65839958058072,8.631534429129593,-161.02686515145112,-10.673534540029673
test,rule4ml,rule4ml/archive_7/502ef73aec52b66aad8c49b80e24e8eb.pt,43.05084524671656,57.332661415095174,14.281816168378612,0.2551278462112729,20.228540521239744,12.374112527481007,-7.854427993758737,-0.09314337659285565,46.6872684369157,21.994221393189623,-24.69304704372608,-0.1313651598143622,147.85223318155187,121.80286672489088,-26.04936645666099,-0.09284292018998809,148.8557805824983,65.94558594028277,-82.91019464221554,-0.3573591453932187,19.210243227854978,10.12794786251101,-9.082295365343967,-0.10782275881086077
test,rule4ml,rule4ml/archive_7/552a8b1d8eaf665093b1d298281b83f1.pt,0.6422300425416034,24.847086573276712,24.20485653073511,0.21460758368483668,11.86833423325582,34.375063384401734,22.50672915114591,0.16715687097207305,0.0,0.0,0.0,0.0,76.8112841920945,32.85974331137982,-43.95154088071468,-0.7928616659981864,74.3600491113437,22.927868347819924,-51.432180763523775,-0.9749845339928145,3.4697360165323214,31.131780937045125,27.662044920512805,0.21175189018249513
test,rule4ml,rule4ml/archive_7/5f003892d2e7f403c508c23527f35a1a.pt,68.22256283792495,42.383944972713394,-25.83861786521156,-0.4976007426203557,150.96397340976043,170.26102204945147,19.29704863969104,5.286807243727732,34.031507740377755,107.10614227778726,73.07463453740951,1.832697296142578,43.10098906830109,4.53943538387083,-38.56155368443026,-0.49646396960242317,92.57219145228576,73.5721243481342,-19.00006710415157,-0.09490863347457627,21.645162197199376,30.305259682307053,8.660097485107677,0.13488348325093588
test,rule4ml,rule4ml/archive_7/746e809c8843f88e0daf72b69bbf4bc2.pt,61.09741568508287,23.53075302798168,-37.56666265710119,-0.6130294923277974,87.20132476513965,72.49593883222514,-14.70538593291451,-0.4089796454163578,52.459716797179,99.28011546876886,46.82039867158986,1.2492313050387198,6.972748268806543,84.46149883675271,77.48875056794617,0.5244153636370519,98.58212887352352,41.86283291210477,-56.719295961418744,-0.3140226417742095,17.81728963222696,121.40905708271927,103.59176745049231,2.411705811818441
test,rule4ml,rule4ml/archive_7/79605b31ef727da0c105be76a8e4bb0e.pt,7.810922067581854,59.7644146773326,51.95349260975075,0.3849436974107628,28.468918392045417,104.30866425010699,75.83974585806158,0.43623242472403784,11.350076200597051,60.12783311119055,48.777756910593496,0.35348074776785715,36.37858635111229,20.54766515507452,-15.830921196037771,-0.07551205158233643,7.603025107275632,26.30655322001703,18.7035281127414,0.15302019440725947,13.661895769308234,4.7850265980903925,-8.876869171217841,-0.05914512276649475
test,rule4ml,rule4ml/archive_7/9020e0eeaa6d7a8122c89ed438daaffb.pt,40.14011308143549,3.012455799303171,-37.12765728213232,-0.4715715054266467,0.8603330356202467,19.41424320885169,18.553910173231444,0.20643230230302242,33.65681560872152,24.769141935651675,-8.887673673069848,-0.0053637600684350775,61.56780853420054,14.859487804287104,-46.70832072991343,-0.32369317506489,8.227747022372757,0.7656876475974344,-7.462059374775323,-0.07810390435376213,37.67617720658499,29.60675590211746,-8.069421304467529,-0.058691934438852164
test,rule4ml,rule4ml/archive_7/a3c6bd5b396e78c227adf1351c95d7b6.pt,24.879535661924308,39.07910392279066,14.19956826086635,0.26439244761137165,1.8156101003225433,25.408146959898094,23.59253685957555,0.20739591417733147,0.0,0.0,0.0,0.0,73.24586686967133,128.49557966276637,55.24971279309504,2.390533447265625,53.96815229249447,20.267413558666853,-33.70073873382762,-0.24077950754473287,17.81728963222696,89.65331437671149,71.83602474448453,0.3528672754764557
test,rule4ml,rule4ml/archive_7/af18a12a4a360c0322e9e18cca858888.pt,113.09266727334766,79.56151014104427,-33.53115713230339,-1.2813876323440077,47.18897796553214,27.2829012115628,-19.90607675396934,-0.37752858766212877,39.07887227381218,21.179845280538512,-17.89902699327367,-0.24871295234084573,47.53270525407874,17.842735462898165,-29.689969791180577,-0.44577014807498816,15.1625413663367,6.812227606328429,-8.350313760008271,-0.0980372601244823,60.428088006057926,30.17255287896055,-30.255535127097378,-0.5659995079040527
test,rule4ml,rule4ml/archive_7/b80d919f5512ee5b6f8ca9a78b5f9eb6.pt,65.99177354880467,69.9588749081449,3.9671013593402336,0.0910565311578171,39.26819483938562,65.39398244707496,26.12578760768934,0.4830063995854472,54.391334993477486,11.6318805841028,-42.75945440937468,-0.31680638830089036,81.37147431480643,60.58338571674564,-20.788088598060796,-0.11220258347531582,13.683694632868312,44.92763398085458,31.24393934798627,0.4318519691368202,11.236545096543313,27.466021098032698,16.229476001489385,0.20878358320756393
test,rule4ml,rule4ml/archive_7/d541d87541180a0b73fc6d811cd26fb3.pt,40.359006787902466,36.904691813192755,-3.4543149747097104,-0.053068209498361336,23.642325783119205,56.099513544699875,32.45718776158067,0.22667643413168817,25.463456316511113,73.34810490015863,47.88464858364752,0.31070715173498376,6.858979086080255,40.5723712551105,33.71339216903024,0.4387769197162829,58.1814572302332,52.64290534937033,-5.538551880862869,-0.105808986052302,12.697967219660324,19.18963321520367,6.491665995543347,0.03731314341227213
test,rule4ml,rule4ml/archive_7/efe86c6a21b3739064d7a430e7f522d4.pt,129.36315862121515,134.4305068905742,5.067348269359059,0.018401774698042918,76.5359972767878,58.54116303112069,-17.994834245667107,-0.10067590534588239,31.50042325430763,24.31353001354139,-7.186893240766242,-0.09709075443328373,116.35089508350194,90.70240856202011,-25.64848652148183,-0.11130001484103104,20.295918446589017,46.269449530469664,25.973531083880648,0.41723565740899726,54.24658760641217,44.53584617183939,-9.710741434572782,0.13577216012137278
test,rule4ml,rule4ml/archive_8/0bd5d5e1d49a402879a4e5e3d15e138d.pt,51.4568358883796,24.261186513071266,-27.195649375308335,-0.19290337895567405,53.271982009620544,19.78486148935631,-33.487120520264234,-0.2406294266617465,114.50505352013381,112.01111311261519,-2.493940407518622,-0.010160762108176763,45.486706995501784,60.69053997793474,15.203832982432957,0.2684047698974609,97.06945830373526,21.114750423048022,-75.95470788068724,-0.462451056675514,105.12419204313005,25.25425731824792,-79.86993472488213,-0.46457464653148983
test,rule4ml,rule4ml/archive_8/2b9cc23c7ff35dcad1a25ed478ca391c.pt,18.215291118567727,54.52865918078672,36.31336806221899,0.549276242446508,2.5158053314485898,23.36001233599231,20.84420700454372,0.23964635782644308,36.59392464783003,29.453671702382618,-7.140252945447411,-0.10225377147553733,54.6484519484036,76.64550279212042,21.997050843716828,0.47747493434596705,17.43906153905037,5.001480226936392,-12.437581312113979,-0.10905265243244076,13.698262516486196,29.31726950282262,15.619006986336423,0.1270838451992934
test,rule4ml,rule4ml/archive_8/2ffba5acb0114a7839a56d383afdfed1.pt,82.94585523271493,65.76427708472646,-17.181578147988475,-0.4373633530475513,75.72588072202963,47.15479569799273,-28.571085024036897,-0.601615738407258,31.940285831727216,21.091804626561263,-10.848481205165953,-0.08039031028747559,102.11512735419363,129.20467298114463,27.089545626950994,0.10421208713365637,21.15287866784214,24.67889902889623,3.5260203610540906,0.09005252898685516,84.32870333482205,67.37190748168707,-16.956795853134977,-0.08786921067671342
test,rule4ml,rule4ml/archive_8/424af037c560eae534e8f3632d5fa730.pt,23.17848246641985,5.4370050644911645,-17.741477401928687,-0.15175230111648788,59.2045764772604,2.169050890529455,-57.03552558673095,-0.8168593947951858,0.0,0.0,0.0,0.0,81.76771793562342,58.37674278411909,-23.390975151504335,-0.4190819263458252,140.81486582061814,54.206139042456094,-86.60872677816204,-0.3997596184499116,24.111957666472843,21.645162197199376,-2.4667954692734675,-0.06571690241495769
test,rule4ml,rule4ml/archive_8/55e99c7ddea5f750aa4bdb3d18e997de.pt,11.238198749017181,3.103029187384557,-8.135169561632624,-0.07488351872879455,37.79856805438573,12.82264630635351,-24.97592174803222,-0.19740244624555348,54.07006172145673,52.36467110934017,-1.7053906121165596,-0.010628735304339942,124.85377218201646,94.49725076987022,-30.356521412146236,-0.1266490061045725,33.32739536142254,37.682295606595986,4.354900245173447,0.06434740339006696,56.65771684307669,61.666592616005175,5.008875772928484,0.02979710590408509
test,rule4ml,rule4ml/archive_8/84168ccc3848aa9141383ecf3ee4b114.pt,78.17929700340427,57.675421619455946,-20.503875383948326,-0.4730180317090115,63.05525254777321,38.423265405311405,-24.631987142461803,-0.4452641405052827,0.0,0.0,0.0,0.0,52.30673836983431,2.3542142972770996,-49.95252407255721,-0.3862613411836846,18.079364896393592,20.060350947630717,1.9809860512371245,0.024185072445700354,12.371936834798296,44.85684068862295,32.484903853824655,0.4396231680205374
test,rule4ml,rule4ml/archive_8/852acd7f62df6424ade2530d3c896746.pt,37.87873469011332,65.44684531425852,27.568110624145206,0.17463561295405275,57.9288695381347,72.06465813134452,14.135788593209817,0.0805760512133656,57.81595629715918,160.46368525159815,102.64772895443897,6.89824644724528,66.52860135040099,28.115404804576176,-38.41319654582482,-0.6534184711735423,86.45252740474922,80.67443207641126,-5.778095328337955,-0.17003193516885082,3.1528526855606476,84.2884682216768,81.13561553611615,1.2467340230941772
test,rule4ml,rule4ml/archive_8/92f0646e6f2cdc9bc44cdd6dec968e4f.pt,3.3376907314238857,37.429441348238775,34.09175061681489,0.2824589643679019,21.238307643735656,71.77691386863044,50.53860622489479,0.3362072056592586,42.026481656385904,87.70161108708314,45.67512943069723,0.26210439003120034,41.26294928561742,10.93430330538974,-30.328645980227677,-0.40061473846435547,10.07405257988052,69.83808597832673,59.76403339844621,0.411255742462588,22.142312005643245,137.03746311278,114.89515110713674,0.5620621045430502
test,rule4ml,rule4ml/archive_8/c755414c331135b8cab7434e73d3fc6b.pt,20.595720534898224,20.595720534898224,0.0,0.0,24.902261291650014,131.5652682732896,106.6630069816396,3.5591006739947195,23.705210627062346,148.2076126690783,124.50240204201594,5.151203791300456,45.62951522459259,40.551479332460104,-5.078035892132483,-0.0342452242913374,61.572369368708316,18.5878199966071,-42.98454937210121,-0.30051060835736093,14.909002574263381,30.305259682307053,15.396257108043672,0.1820222536722819
test,rule4ml,rule4ml/archive_8/d10a79d145f235e42c81bfba92d64309.pt,169.18346306159253,189.3171161969113,20.133653135318752,24.408424377441406,57.63665022096558,185.16917048556303,127.53252026459745,23.231858473557693,178.80021984711587,196.40109014524813,17.600870298132264,46.13832378387451,16.212899235967036,95.0924920015282,78.87959276556117,1.641030462164628,7.506576159616687,49.89152410573777,42.38494794612109,0.5918408429181135,17.444387599794116,17.444387599794116,0.0,0.0
exemplar,exemplar,exemplar/archive_1/0273888c-6100-46de-ba53-476666388e81.pt,26.795692181867945,23.927007225638118,-2.8686849562298278,-0.03762543558711174,13.684748941564001,33.887661338465364,20.20291239690136,0.1616903827439552,0.0,0.0,0.0,0.0,51.60625814706682,27.219900999505004,-24.386357147561814,-0.15640497207641602,91.73369400998575,100.44682609079314,8.713132080807384,0.03976006583194107,44.53441388760435,59.223035250550765,14.688621362946414,0.09265310836003758
exemplar,exemplar,exemplar/archive_1/08ceef03-f529-483b-9de4-b4b67e848d56.pt,95.25973679049915,53.41696680325961,-41.842769987239535,-1.090059316252274,70.96902051322712,30.461440318826007,-40.507580194401115,-0.7406394361413043,77.76192253857275,81.74148621885648,3.979563680283732,0.10225200653076172,120.33485048292309,92.20219233814635,-28.13265814477674,-0.9827741384506226,129.4087011903899,129.59908942685243,0.19038823646252467,0.015309380941064639,93.7334233286491,126.76101243973929,33.027589111090194,1.6930557804404145
exemplar,exemplar,exemplar/archive_1/0971e6d6-d73b-4833-aefc-bbae6dc5b505.pt,37.85531346053915,55.64944017346874,17.79412671292959,0.11705166633117782,17.526526433141196,40.17662589463615,22.650099461494957,0.17341413460600594,2.226306752391918,13.4390305999323,11.212723847540381,0.1211423731561917,0.0,0.0,0.0,0.0,40.757483585688206,17.294464597925607,-23.4630189877626,-0.17925242762411794,5.855810449620256,37.7207318264743,31.864921376854042,0.40238722934517807
exemplar,exemplar,exemplar/archive_1/0b264399-9786-4e1d-95f5-b15ae9eef489.pt,75.84792938271185,99.51412942712913,23.66620004441728,0.7587560588745271,49.340224760518666,52.772423788911155,3.432199028392489,0.061889814150623224,30.535811257950545,153.25246469573378,122.71665343778324,5.505228042602539,12.952509971940945,77.85139657255398,64.89888660061304,1.0377475261688232,78.58859775785245,24.464852929700744,-54.123744828151715,-1.0148277813587228,33.15912008391398,13.530347737863849,-19.628772346050134,-0.2513945823492006
exemplar,exemplar,exemplar/archive_1/0ca740a3-feef-4ee0-91b6-46f493ae36b2.pt,105.66793989311388,110.74313063989116,5.075190746777281,0.24107188666044777,83.43308954775222,57.78368808308602,-25.649401464666198,-0.6188097051224802,133.33333333333334,71.2794509008742,-62.05388243245915,0.2562557856241862,90.31686296537752,58.94872515457402,-31.368137810803503,-0.6082653999328613,84.86042878367999,69.34973854292778,-15.510690240752211,-0.41204062275502873,39.858590634803015,44.77185584284646,4.913265208043448,0.07885505004250323
exemplar,exemplar,exemplar/archive_1/0e85b020-3749-4e4d-ac93-a44f053ea57b.pt,35.14927010183045,80.11134839189498,44.962078290064525,0.9098355326655799,5.105020067352017,66.33510704979697,61.23008698244496,0.9400010065834087,150.0,86.27715159902304,-63.72284840097696,0.5776576995849609,46.29439306535258,72.84459315826166,26.55020009290908,0.4528162479400635,20.927701198747275,98.218479113283,77.29077791453572,0.469159413253645,64.9582941551992,131.09871951151254,66.14042535631334,0.3014255430640244
exemplar,exemplar,exemplar/archive_1/1096f607-c024-4e57-a794-4bf4d2886e54.pt,127.54930723889395,150.153812046978,22.60450480808406,2.5034944245165316,126.2056816183203,148.78287803724712,22.577196418926818,2.388771325043895,109.74630876620432,120.79542759432991,11.049118828125586,0.04442612706767439,18.070895286677366,81.76771793562342,63.69682264894605,0.9130774736404419,130.27481883210484,177.2184584731249,46.94363964102007,11.593933985783504,15.446778526041888,178.73257641080588,163.28579788476398,12.48053365945816
exemplar,exemplar,exemplar/archive_1/12d641dd-5146-4c9f-911d-cf810823fff7.pt,22.756383511384474,74.68541169361507,51.929028182230596,0.9350367036684349,3.016661302938035,63.617275040701706,60.60061373776367,0.9030486334188513,166.66666666666666,66.40987162216707,-100.25679504449958,0.07804711659749348,56.925336846652165,80.93678979571096,24.0114529490588,0.4698474407196045,24.438678684083268,105.92674384770277,81.4880651636195,0.47463559914669984,64.80498379735788,134.55067321703686,69.74568941967898,0.3147584496474848
exemplar,exemplar,exemplar/archive_1/14689274-3866-4b30-b586-c404fc0eb7e3.pt,42.57309805142124,152.06061581493336,109.48751776351212,5.796245014750874,65.67177265572225,142.75010166634743,77.07832901062518,4.003218119123341,0.0,0.0,0.0,0.0,144.70835043770043,168.22324123387924,23.514890796178804,2.676725387573242,188.8542999954442,184.66435622628322,-4.189943769160976,-9.516863654641543,192.71687686753248,190.9597266693075,-1.7571501982249629,-8.006282806396484
exemplar,exemplar,exemplar/archive_1/182f2870-c640-40ba-987d-d85d5a889c32.pt,16.54769742531732,133.39129094100085,116.84359351568352,3.8229277237601904,188.45722464854592,34.71129254973979,-153.74593209880612,-0.5490492624895913,77.01148081929936,168.50465382474556,91.4931730054462,8.266958832740784,0.0,155.55539307711507,155.55539307711507,3.499983549118042,155.3934806249435,113.22509133974424,-42.168389285199254,-4.282539367675781,72.84829329304151,77.37420303759954,4.525909744558035,0.545979380607605
exemplar,exemplar,exemplar/archive_1/1c3965f8-aac2-4e66-ae41-f24c4f7586e5.pt,23.611129515609143,58.722060349811606,35.11093083420246,0.5635741724405923,19.046561177813008,54.022715682095246,34.976154504282235,0.5296112015752779,162.6537632000273,168.9561947072071,6.30243150717979,0.018836492044743657,37.48491019896299,74.27067136813511,36.78576116917212,0.7214625279108683,113.87933847707676,141.48335349508147,27.604015018004716,2.1642958478229803,71.94358191459881,173.05484746320204,101.11126554860323,8.791010618209839
exemplar,exemplar,exemplar/archive_1/1d3a9271-bb21-46f7-a928-48272ce7193f.pt,10.426158865603144,39.136069897032385,28.709911031429243,0.3765691488594954,57.10973084147504,35.75967219728531,-21.35005864418973,-0.14088511069593967,150.6271302022943,148.13180821293793,-2.49532198935637,-0.008145369300546572,28.714831330528288,31.22615424282766,2.5113229122993737,0.1104426383972168,8.734233556987009,21.92328523785384,13.18905168086683,0.10622620763076393,25.2131025862209,43.235444013082954,18.022341426862056,0.06696908346036586
exemplar,exemplar,exemplar/archive_1/206dfc0c-9319-43c0-b4e3-b5bf034ef1bd.pt,96.04235211636951,125.79121961863265,29.74886750226314,1.54232581126274,82.2312067339652,82.2312067339652,0.0,0.0,5.054268744121318,129.57690574688033,124.52263700275901,3.0234181880950928,3.596147478634481,81.2643215946682,77.66817411603373,1.0001257956027985,162.7429542716629,104.1809157150031,-58.562038556659815,-6.500934176974827,43.06360269200424,14.335571909697208,-28.72803078230703,-0.3990727938138522
exemplar,exemplar,exemplar/archive_1/247d9155-f7f3-4ed7-92d8-cb8bf564eaeb.pt,112.22152330732477,143.61108948290422,31.389566175579446,2.534688916853549,183.66515834472474,189.22306149073088,5.55790314600614,11.839460372924805,16.137239481593852,140.82965649830626,124.69241701671241,4.034466862678528,125.62744853966231,164.19756458653148,38.570116046869174,2.897047996520996,186.99956400606254,116.72854413531093,-70.27101987075162,-25.423702239990234,182.3335351917373,116.68092849997673,-65.65260669176057,-13.380709886550903
exemplar,exemplar,exemplar/archive_1/250eb325-6f3c-4c11-9d82-2353ec7b3655.pt,35.02440439005679,18.29133320878612,-16.733071181270667,-0.2232416608934991,21.171550708490653,8.120165897155701,-13.051384811334952,-0.10679828548614444,166.66666666666666,4.573398222879462,-162.0932684437872,-0.790429433186849,59.479771110009246,11.218259713340807,-48.26151139666844,-0.6064302126566569,41.47289286246968,81.41654788853586,39.94365502606618,0.2350792485390598,81.7711348814114,120.10344515473781,38.332310273326414,0.1699128537061738
exemplar,exemplar,exemplar/archive_1/275c93ce-d31a-4833-97ca-00657c0684ec.pt,69.12354367335688,32.33063882859578,-36.7929048447611,-0.23536680821632555,55.149732856415866,44.556724244180025,-10.593008612235842,-0.06790033478784231,0.0,0.0,0.0,0.0,0.0,0.0,0.0,0.0,159.07378037175664,47.670030342878526,-111.40375002887811,-7.110186928196957,104.17692674224175,170.47753663387226,66.30060989163051,7.0309836864471436
exemplar,exemplar,exemplar/archive_1/2b1ebd37-082b-44ce-80f1-5789f44e794d.pt,36.74023587278092,0.04470131371969772,-36.69553455906122,-0.3099334626867601,123.14785940745644,3.819137115488161,-119.32872229196828,-0.7232033537686162,123.2311409686251,109.93497989203294,-13.296161076592156,-0.053076266569882756,3.697428398046552,103.16647606882356,99.469047670777,1.7442750930786133,106.9121925300609,134.67818699906152,27.765994469000617,1.804236063143102,48.49625187243832,160.2720701828167,111.77581831037837,5.571213483810425
exemplar,exemplar,exemplar/archive_1/2db30ca7-c3d9-421a-bd5f-13c2711d4758.pt,66.05572086579387,73.73252274082827,7.6768018750344,0.18155825634184222,11.95343926340183,98.91509668522023,86.9616574218184,1.8297832378851158,76.61509679533256,148.62474305325117,72.0096462579186,4.165297985076904,30.0811463740774,140.9915680614476,110.91042168737019,3.68718949953715,126.16094606287857,135.32430844022326,9.163362377344697,0.7585917628088663,1.6007884259349605,146.29838307111754,144.6975946451826,4.527237097422282
exemplar,exemplar,exemplar/archive_1/30e2c5f7-5a29-4903-8934-750ea19679e8.pt,67.61262895941108,148.12427926255157,80.51165030314048,4.688603851970754,76.03053359052598,104.68261802617675,28.652084435650778,0.9693355358585488,0.0,0.0,0.0,0.0,113.74400638585357,168.51627997192043,54.77227358606686,4.033810019493103,183.51335609465045,142.07730256402613,-41.43605353062432,-17.022532536433292,137.78746770600748,82.48948762874687,-55.297980077260604,-2.773486773173014
exemplar,exemplar,exemplar/archive_1/317b26f4-5f81-4d40-a851-b24c3c44654c.pt,38.26184539314811,93.63843436811337,55.37658897496526,1.2869950532913208,26.770944162966135,142.19475133876008,115.42380717579395,4.475096422083237,65.1279650900444,117.38311957238164,52.25515448233725,1.719530423482259,9.162466008043983,125.23266393430934,116.07019792626537,1.6269530393183231,83.99757839515246,42.82893645356933,-41.16864194158313,-0.23855957730125835,81.01540864429504,15.446778526041888,-65.56863011825315,-0.30689553171396255
exemplar,exemplar,exemplar/archive_1/34c6a605-582c-4ac3-a672-21a86b84164d.pt,97.44223352205442,128.41767688393583,30.975443361881403,1.6875997792119566,74.18486024977506,127.90410486063553,53.71924461086047,2.368687779315635,136.98593322687722,155.50033687431898,18.514403647441753,2.2008692423502603,159.05677712531076,182.33189898184523,23.27512185653447,6.435022354125977,137.08831252887032,47.7385608021521,-89.34975172671821,-3.7248814058619617,32.57021631727693,121.03773349603168,88.46751717875475,0.3643434903347534
exemplar,exemplar,exemplar/archive_1/36213331-74e8-44ed-8da9-e209c6703607.pt,43.66197515096489,98.48158896169573,54.81961381073084,1.381520642452007,3.957422396113867,45.512388568597764,41.554966172483894,0.5488006407750726,150.0,143.3845785509323,-6.615421449067696,3.682061195373535,19.376187376456095,81.8536438615952,62.47745648513911,1.0246983766555786,15.968368418288621,88.42164728733496,72.45327886904634,0.46517620717378133,53.23595740987024,123.7668416057331,70.53088419586287,0.3439296964319741
exemplar,exemplar,exemplar/archive_1/36b4d64d-8c42-4320-adc4-a82339843784.pt,66.37422031668753,81.84048556259845,15.466265245910918,0.39167669642041303,52.70983166040938,85.4213076441759,32.71147598376652,0.7750329900037369,133.33333333333334,40.09935842706991,-93.23397490626343,-0.24870546658833823,157.3419925998705,132.0284850338188,-25.313507566051697,-1.7460424900054932,81.92344445337508,55.551998504005745,-26.37144594936934,-0.6178765763705614,25.51131229824104,6.778026875781356,-18.733285422459684,-0.22167850158375163
exemplar,exemplar,exemplar/archive_1/371d50bf-1f3d-4d55-9d2d-9421bc2a01e2.pt,97.38696084115345,34.73275971201925,-62.6542011291342,-1.4778018340130943,91.6870669507309,39.51203964758257,-52.175027303148326,-1.2005763289811144,126.0760414629173,145.69894903585296,19.62290757293566,0.06961509592446065,111.93748846284149,79.52037994576224,-32.41710851707924,-1.018470287322998,153.67705411896227,155.29088715050716,1.6138330315448854,0.30815055153586646,107.8615994365774,173.5346849949688,65.67308555839142,8.97735563913981
exemplar,exemplar,exemplar/archive_1/37a7c317-89f4-4554-91c5-68afcaf539c1.pt,98.91684080588949,153.86771946606817,54.950878660178674,4.712747418838339,40.9590817536432,7.631980425320355,-33.32710132832284,-0.2663299391941471,0.0,0.0,0.0,0.0,98.36030634852484,172.4009359839587,74.04062963543386,5.278887391090393,190.4815161292242,112.21955117537223,-78.26196495385196,-37.02064405168806,7.764146067421172,86.31722290903448,78.55307684161332,0.512501045509621
exemplar,exemplar,exemplar/archive_1/38f204fc-3e79-4077-93a0-3892a3ab85d2.pt,85.38283888874342,35.667026065959284,-49.71581282278414,-1.0557875708055542,157.39206456314125,129.83937360282405,-27.552690960317193,-3.6864704579959513,105.7278669841417,141.45523480033262,35.72736781619092,0.13686642347589403,118.81945330471072,36.551338235372626,-82.2681150693381,-2.066697676976522,40.8122173396448,10.59439744202031,-30.217819897624494,-0.22687213340502108,101.52556228960655,163.05291784684982,61.52735555724327,5.63693904876709
exemplar,exemplar,exemplar/archive_1/3a3f2dca-5b03-44d4-9918-2282eb4440fb.pt,115.08301395735651,46.13112256015256,-68.95189139720395,-0.13086816582745378,83.33921122709322,84.19529457325301,0.8560833461597923,0.8657344870815622,186.19043205549067,171.88947498628062,-14.300957069210057,-0.03976079490449694,152.1994848768035,184.64457138907426,32.44508651227076,8.840654373168945,188.2184217998764,190.7632065840534,2.544784784176983,9.131054106212797,190.76564831317663,194.12320940415623,3.357561090979601,20.623199462890625
exemplar,exemplar,exemplar/archive_1/4107d0be-42b6-4158-9f36-c8a56530d5de.pt,41.882267791156934,75.62349091157768,33.74122312042074,0.6862677491798902,72.1685098430775,108.498876854424,36.330367011346496,1.2423030422601362,65.5002190421999,145.84385493860202,80.34363589640212,3.860559105873108,121.47089787731538,151.65222370971858,30.181325832403203,2.3848025798797607,141.3271754243087,140.31756562888216,-1.0096097954265417,-0.11380928441097862,62.28816355697091,156.48050638160788,94.19234282463697,5.2388895352681475
exemplar,exemplar,exemplar/archive_1/45c61271-60eb-4ff5-ba6f-246ba575185f.pt,35.951660449942466,74.71546496084103,38.76380451089857,0.7542574486997868,68.75512675781538,106.48979121322624,37.734664455410865,1.7599037379434663,0.0,0.0,0.0,0.0,0.0,0.0,0.0,0.0,89.41156352746428,4.9457623012306495,-84.46580122623364,-1.5563897241519977,148.82341845036242,150.0909736496902,1.2675551993277736,0.1488804817199707
exemplar,exemplar,exemplar/archive_1/46c56634-0933-47cc-9e72-89614aaa7251.pt,102.30927494734425,115.24289786285095,12.933622915506703,0.6247200168283694,76.45050388100611,67.10312144237642,-9.347382438629694,-0.22768540080228447,133.33333333333334,81.60836560028959,-51.724967733043755,0.482180913289388,41.46295275885496,15.552599803041693,-25.910352955813266,-0.29535802205403644,114.16811752825494,86.2433202407242,-27.924797287530737,-1.1422625917376894,88.20970085001544,56.414876381310805,-31.794824468704633,-0.7882399411545586
exemplar,exemplar,exemplar/archive_1/4705b427-e733-41ed-bda3-6cc20c46fb96.pt,134.3386782696342,14.046206274825161,-120.29247199480902,-3.940593707826187,135.78440689277363,72.69261649105303,-63.0917904017206,-3.086750520922609,26.03477139650694,67.49178438985287,41.45701299334593,0.27394201400432183,132.40774503182976,105.2765394100305,-27.131205621799268,-1.2712643146514893,169.68870954162395,179.16107602468276,9.472366483058806,5.898472086588542,119.57788081868615,181.8944445787418,62.316563760055644,14.265758832295736
exemplar,exemplar,exemplar/archive_1/4d39c459-d8e1-4de1-a8de-a7b376d0e510.pt,26.48616984521062,84.47167615812899,57.98550631291837,1.157049914675768,18.652120257254108,64.98201582042195,46.32989556316784,0.7568408322648328,133.81841324264948,147.65939247371148,13.840979231061993,0.04769275032403444,90.60167114566197,52.75406473240114,-37.84760641326083,0.08718577027320862,20.1258823990431,37.38903205043993,17.26314965139683,0.27651305937431225,32.762186100222465,134.80375025216603,102.04156415194356,3.4315587679545083
exemplar,exemplar,exemplar/archive_1/4d551fc6-7a68-4f90-a6b9-4c483baed59e.pt,13.517815602699054,59.25586182147362,45.73804621877457,0.6969901268635321,16.166655073916715,73.10076854947002,56.9341134755533,0.9761193469850586,22.829210597078756,2.8341241409423725,-19.995086456136384,-0.17547181595203487,158.89388864834203,181.80989289691806,22.91600424857603,6.129530906677246,62.393925949071736,18.011872869079586,-44.38205307999215,-0.708038330078125,61.83079414560864,25.2528664118745,-36.57792773373414,-0.6013178898737981
exemplar,exemplar,exemplar/archive_1/4d7af3a5-68b9-46b1-9875-78271f4a712b.pt,38.66578965763933,20.874112603454176,-17.791677054185154,-0.0909437192298064,70.07722658582789,5.342883038831764,-64.73434354699613,-0.4640172267467806,134.58346087367687,44.29142947690797,-90.29203139676889,-0.44015955370525983,71.81438748343854,124.07564544238171,52.261257958943176,1.7899389266967773,14.289975730027454,54.69202561858094,40.40204988855349,0.29605606936678996,93.8002821009264,88.50517239516059,-5.29510970576581,-0.024975675257240853
exemplar,exemplar,exemplar/archive_1/4fe50b78-f06b-4441-a458-1445bd2d983a.pt,61.08940905202763,110.14366478630251,49.05425573427488,1.5718944154936692,31.38332086330514,66.446443041763,35.06312217845786,0.6227739928087517,166.66666666666666,100.20191780819547,-66.46474885847118,1.0074186325073242,2.1133207686623816,74.71063018485991,72.59730941619753,1.0248440504074097,41.95559341228376,56.03564343331282,14.08005002102906,0.09089697672378667,62.92017011155901,85.4479542692372,22.52778415767819,0.12000952743902439
exemplar,exemplar,exemplar/archive_1/52c0f586-1dea-422b-84cb-fcc178db7048.pt,58.85014606630458,108.10060387790422,49.25045781159964,1.5186196481538512,32.15886483022239,67.7790581399131,35.62019330969071,0.6419981469857864,166.66666666666666,93.32686691388328,-73.33979975278338,0.7706249554951986,2.716453577623413,72.26976508006337,69.55331150243995,0.9660537242889404,43.13245171395546,47.04426140316173,3.9118096892062653,0.026046024217619392,62.997359044245236,73.180753073163,10.183394028917768,0.05666816525342988
exemplar,exemplar,exemplar/archive_1/568fa7df-b876-4e31-bcb8-7dd7426d9616.pt,23.509775153100847,76.11003598248624,52.60026082938539,0.962106471293036,3.6930180263076964,66.58576019526257,62.89274216895487,0.9603902244107635,166.66666666666666,54.74401740099356,-111.9226492656731,-0.14238739013671875,57.86967437910086,76.59173065640556,18.722056277304702,0.3557961781819661,26.440095061961493,97.43523543564831,70.99514037368681,0.42156481518748873,66.18165746900698,126.27478117366408,60.0931237046571,0.27663761790205793
exemplar,exemplar,exemplar/archive_1/6346baef-4016-4baa-95ca-4d01f340d884.pt,19.873140606768164,85.78232362122928,65.90918301446112,1.2812219234359943,47.93630027503942,114.8706479477363,66.93434767269687,2.0677138723003927,83.40956539336047,98.78096660220218,15.371401208841718,0.4775950113932292,107.59863527304122,160.75460229815022,53.15596702510899,2.931668758392334,156.74174906389558,127.58379769268784,-29.157951371207744,-3.6788417271205356,81.88881489539683,150.11711214134004,68.22829724594321,4.053124666213989
exemplar,exemplar,exemplar/archive_1/641d2098-53ea-4e20-b11b-636ecfc4de3b.pt,81.45724566907408,86.43789635787871,4.98065068880463,0.943383085976291,2.7268255570386275,133.62626929021778,130.89944373317914,3.9976481168117206,0.0,0.0,0.0,0.0,150.65677089384005,179.99123952681234,29.33446863297229,5.942380666732788,187.3917492178003,185.8415707539237,-1.5501784638766196,-3.3866973876953126,191.07088175655767,189.07931088812,-1.9915708684376625,-6.807942708333333
exemplar,exemplar,exemplar/archive_1/64239147-5c4d-4f1c-b543-1bb26a6df2a6.pt,124.69489022551075,159.66835506031316,34.973464834802414,4.603314056939502,108.02654829274049,147.34745021132815,39.320901918587666,3.245496721745944,46.99256760256847,68.85660881642444,21.86404121385597,0.3632036844889323,129.83477823232423,101.01542108791011,-28.819357144414113,-0.8298982381820679,152.99930800061355,166.93566256267397,13.936354562060416,3.51537109375,80.02458259432755,163.2135712262219,83.18898863189433,5.654669165611267
exemplar,exemplar,exemplar/archive_1/67c490e4-5293-4931-a67a-efe1c2b8a712.pt,74.95107415256838,68.30499066458091,-6.646083487987468,-0.16142464672163812,8.966058211429075,6.7707843867508055,-2.19527382467827,-0.02837750980805832,11.870188571395506,77.65624379872898,65.78605522733348,0.4455843785012415,75.95779071949191,122.65077518198065,46.69298446248874,1.7519781112670898,83.73923238598003,8.727522654998086,-75.01170973098195,-1.3471147837746182,154.18570407823117,70.79869046066496,-83.38701361756621,-5.353207588195801
exemplar,exemplar,exemplar/archive_1/6f78ee34-8249-459a-900a-d8aee5f203ad.pt,50.41532188015642,35.06997446140167,-15.345347418754749,-0.375687397162098,118.93107975793332,82.93498981637089,-35.99608994156243,-1.5170939251647162,58.58130784360934,77.98921930014815,19.407911456538812,0.10797188630366461,96.48942963195603,112.51215020954679,16.02272057759076,0.5897698402404785,170.98202122283246,154.3029359196059,-16.67908530322657,-4.96327003272804,147.52671577329681,173.05484746320204,25.528131689905223,5.41653299331665
exemplar,exemplar,exemplar/archive_1/733d4346-c1e0-45cc-841d-62a798bbe60a.pt,28.19575961486715,45.0899534663952,16.89419385152805,0.25391022547815406,22.290638161496613,26.04489523337339,3.7542570718767756,0.09888897776991086,53.32435581321307,106.90883475768165,53.58447894446858,0.2747657521565755,30.41531131018599,107.74445605043114,77.32914474024514,1.7793713569641114,88.79072941571428,63.54987795834672,-25.24085145736756,-0.6648689731740814,117.09230953088408,113.89371570329202,-3.198593827592063,-0.1783160585345644
exemplar,exemplar,exemplar/archive_1/74923cb9-abeb-4329-bb34-2e0714e33867.pt,127.60045370864943,77.96364257465821,-49.636811133991216,-2.2470362283514014,118.54648366894585,100.8172577029307,-17.72922596601515,-0.8776260753636561,60.26384298818872,79.42155057361744,19.157707585428717,0.37900400161743164,99.21336131157311,74.83570268163622,-24.37765862993689,-0.5797353982925415,158.94015630815474,161.45079371738393,2.51063740922919,0.622720789026331,59.53865980123716,131.69116507990154,72.15250527866438,2.5066660245259604
exemplar,exemplar,exemplar/archive_1/7ad022f0-031e-4928-8967-2a10e6ead5a5.pt,22.125235017473322,44.931542492626455,22.806307475153133,0.380283532226733,143.67478213768004,127.33442606383875,-16.340356073841292,2.666895205608468,4.922846192500579,163.61056213206672,158.68771593956615,7.824013590812683,23.19204593301274,149.97910580476997,126.78705987175724,4.300737500190735,145.417516941448,127.2865652923198,-18.130951649128207,-1.7958063586004849,4.7850265980903925,124.2345699187402,119.44954332064981,2.422822117805481
exemplar,exemplar,exemplar/archive_1/7ecb5102-3313-4c41-9586-c1ad1fd36c66.pt,100.40044955594442,9.019060244769435,-91.38138931117498,-1.9216237850590732,113.39933562853359,8.580703812013924,-104.81863181651967,-2.5292063877707296,127.92264651214454,167.13883158417235,39.21618507202781,0.13028262717999978,0.0,0.0,0.0,0.0,65.21729700965777,113.33072929134508,48.11343228168731,0.23031842577588427,74.68056666730739,71.94358191459881,-2.7369847527085795,-0.051165103912353516
exemplar,exemplar,exemplar/archive_1/7f402bb4-51cf-485d-bc52-6ee172ca14fa.pt,112.27513935621899,61.24316019178901,-51.03197916442998,-1.6768278745653833,93.2631177656756,46.00488801336694,-47.258229752308665,-1.149962927061741,72.97134089984316,72.56298165210089,-0.4083592477422684,-0.009529749552408854,88.2197007532604,56.31627312659883,-31.903427626661568,-0.6621299584706625,144.47283489699197,144.47283489699197,0.0,0.0,123.32633587670574,147.31373724815168,23.98740137144594,2.3629534219958117
exemplar,exemplar,exemplar/archive_1/8317cf35-eefa-4791-bcf7-f4065665fd13.pt,64.11178808996301,96.58103538977157,32.46924729980856,1.3821375791642214,36.22951948679406,142.76633641815872,106.53681693136465,4.5451164133606134,0.0,0.0,0.0,0.0,148.7938992731556,175.27212982499725,26.478230551841648,4.182255268096924,185.4261771654971,190.06243018944923,4.636253023952122,12.484698486328124,190.82750307477252,193.7543504928589,2.9268474180863677,17.02996063232422
exemplar,exemplar,exemplar/archive_1/840fcf94-ccfc-43d8-b7c2-d33799fa8aa8.pt,7.662362763581059,11.243033139822636,3.580670376241577,0.03944499918009745,74.98161746315225,1.990832785306665,-72.99078467784558,-0.5255813913514354,166.66666666666666,47.810837046360135,-118.85582962030652,-0.2573843002319336,52.56086450299072,30.0811463740774,-22.47971812891332,-0.2990992069244385,25.274917315441066,93.91967954614886,68.64476223070778,0.4146201538467805,66.1053515362831,141.0370948063888,74.93174327010571,0.33011001214748475
exemplar,exemplar,exemplar/archive_1/84384e9c-dbd4-42f2-9768-d6071fed7642.pt,27.29802439543135,7.737629963890395,-19.560394431540956,-0.24163177978660344,5.217486508933741,5.499675409792134,0.2821889008583929,0.002979363688100725,143.43324672781864,129.64751125296922,-13.785735474849417,-1.3163543701171876,94.07905433037536,117.18640900409521,23.107354673719854,0.8781030972798666,77.32388865744456,100.68329282921364,23.359404171769086,-0.5907858607957815,37.08276259366384,174.46925166603148,137.38648907236765,0.618851690150019
exemplar,exemplar,exemplar/archive_1/85e17655-4ec7-4dde-bbe4-d48bacfaa343.pt,183.51094893328622,194.7149732291392,11.204024295852975,50.73203916807432,192.60279291522377,188.71134575551528,-3.891447159708491,-13.980491638183594,0.0,0.0,0.0,0.0,115.10310788860954,146.15272133074532,31.04961344213578,1.3584092855453491,173.41474155249247,155.21951452832775,-18.195227024164723,-5.89513179234096,146.20039963253714,116.68092849997673,-29.51947113256041,-1.9756333827972412
exemplar,exemplar,exemplar/archive_1/86a7fb3e-bc83-41fa-894f-d57ab0a037c1.pt,126.59871574747665,140.47664462580843,13.877928878331787,1.2704673871659975,114.50067456988708,119.56044230347604,5.059767733588956,0.294247113958907,15.272238322071578,117.5717611033205,102.29952278124892,0.5974969762795385,185.8167879591702,176.91671870668586,-8.900069252484343,-5.436898708343506,173.23247321504977,171.95544225838046,-1.2770309566693072,-0.6642615908668155,92.57415419035188,168.70081219758998,76.1266580072381,7.546988010406494
exemplar,exemplar,exemplar/archive_1/8c5001d5-58f2-49e9-a6bb-2ae23830866f.pt,3.4836784739104893,12.646789558891967,9.163111084981479,0.10076246197121885,54.43489898093661,76.5854605796007,22.150561598664098,0.12589940859250742,117.51050603781707,97.08625669200262,-20.424249345814445,-0.08627378478530766,65.4768060335921,59.84484060144779,-5.631965432144305,0.3349383217947824,153.40565216258398,11.690574282803443,-141.71507787978052,-6.449543923648144,5.778799722052927,57.50366250876591,51.72486278671299,0.7220428173358624
exemplar,exemplar,exemplar/archive_1/8d2bea12-85c5-4b4c-802c-3390a356a35e.pt,13.052751588567006,50.530512726135434,37.47776113756843,0.28084212593410324,5.032015044158765,32.52312548411667,27.491110439957904,0.22810769539149392,0.0,0.0,0.0,0.0,12.739685858798621,58.35073647787603,45.61105061907741,0.2761966288089752,2.421578490796562,47.62693641431593,45.205357923519365,0.3599351943264332,15.521850081717709,52.62776557278334,37.10591549106563,0.24750787143049569
exemplar,exemplar,exemplar/archive_1/8e75be00-7e3e-4f3d-8aa1-3e913ec040ec.pt,32.79203085282954,87.3521837451461,54.560152892316566,1.158646961394635,20.480777496129416,19.472567648610053,-1.008209847519364,0.029946317568168873,139.4596181906292,155.29141642724497,15.831798236615782,0.052493890683134536,49.03028976023748,91.24438110766077,42.21409134742329,1.155781078338623,22.56672583622956,30.12912521019362,7.5623993739640625,0.15169530133016748,18.62518903291414,112.33129017390426,93.70610114099013,2.2726343154907225
exemplar,exemplar,exemplar/archive_1/90c22023-a457-4031-8dcc-74aa8742c717.pt,161.08188262488363,187.0098594800533,25.927976855169675,20.403102708899457,192.60279291522377,188.71134575551528,-3.891447159708491,-13.980491638183594,0.0,0.0,0.0,0.0,115.10310788860954,146.15272133074532,31.04961344213578,1.3584092855453491,173.41474155249247,155.21951452832775,-18.195227024164723,-5.89513179234096,146.20039963253714,116.68092849997673,-29.51947113256041,-1.9756333827972412
exemplar,exemplar,exemplar/archive_1/933de88a-1fe8-4497-b8cf-66fe9146b0e0.pt,69.1486865900777,32.35844710296304,-36.79023948711466,-0.23529961175413971,55.149732856415866,44.556724244180025,-10.593008612235842,-0.06790033478784231,0.0,0.0,0.0,0.0,0.0,0.0,0.0,0.0,159.07378037175664,47.670030342878526,-111.40375002887811,-7.110186928196957,104.17692674224175,170.47753663387226,66.30060989163051,7.0309836864471436
exemplar,exemplar,exemplar/archive_1/93c8fe85-cd4d-4b53-a93f-688a737d92ef.pt,98.47395745636936,153.6282782437435,55.15432078737413,4.68523288011892,5.138551731681612,24.13156807114847,18.99301633946686,0.22418386825008096,0.0,0.0,0.0,0.0,99.96179969726566,172.51030133578192,72.54850163851626,5.2762163281440735,192.28099580700774,123.56282035692927,-68.71817545007848,-45.901995939366955,29.845769410226076,78.51342409305778,48.6676546828317,0.2081542882052335
exemplar,exemplar,exemplar/archive_1/93f027a8-36c7-4159-b997-fa581ea23d40.pt,7.786706416994601,21.610939520976586,13.824233103981985,0.12008484451323158,6.482323240697359,0.553610147609817,-5.928713093087542,-0.05726650600552097,62.64445193350823,11.004840979642141,-51.63961095386609,-0.7814851488385882,52.835905155861056,92.96994132962935,40.134036173768294,0.8493446509043375,102.52627806149329,57.614331016283735,-44.91194704520955,-1.2928162367244804,75.82986782781315,50.550950727798295,-25.27891710001485,-0.5422694866473858
exemplar,exemplar,exemplar/archive_1/94394a1c-cebb-41b5-97ba-053c2cbb4444.pt,9.497848305125991,38.455871872705025,28.958023567579033,0.3854034458865528,37.20993988658966,33.7657946410489,-3.44414524554076,0.09250734904661016,104.68574749382536,52.10622864828403,-52.57951884554133,-0.2727434320967327,161.01344678335448,180.14949931048884,19.136052527134353,4.945338726043701,12.486069781107023,20.899385017024127,8.413315235917104,0.1157974386364377,7.750613197427755,76.10110028374392,68.35048708631616,1.149351903634478
exemplar,exemplar,exemplar/archive_1/9748b154-4100-4641-a2d4-c9e8328e837d.pt,44.394580087327654,41.935601389559146,-2.458978697768508,-0.039989612800565774,17.084410294240683,68.22342908667736,51.13901879243667,0.35129797591186807,74.49478609294216,139.30091610128483,64.80613000834266,0.27724924013596175,48.146748448932286,71.87407763217811,23.72732918324583,0.6604903221130372,24.862608526663067,5.975739679222175,-18.88686884744089,-0.162846618055909,56.91285988064619,40.98250627056516,-15.930353610081028,-0.2660501480102539
exemplar,exemplar,exemplar/archive_1/990eb8b7-92c6-40ca-b679-e3cbaa3024b6.pt,34.63953067387654,13.218185892654668,-21.421344781221876,-0.27741322733940466,34.296375971837435,37.16718741130657,2.8708114394691364,0.020665066158515006,84.418155025757,69.28125185510585,-15.136903170651152,-0.38253055919300427,53.185588808230214,35.241452710631044,-17.94413609759917,-0.2596414089202881,23.692442663977335,0.5163013346996477,-23.176141329277687,-0.2066181739199008,54.70147618564942,34.25201806313388,-20.449458122515537,-0.13702982088414634
exemplar,exemplar,exemplar/archive_1/9a9a9339-a608-467c-91a9-1a3f6a783e95.pt,60.40320195238669,34.38854624333975,-26.014655709046934,-0.17048725247130736,148.64880309762876,139.1315959088022,-9.517207188826546,-1.2177087844014627,0.0,0.0,0.0,0.0,154.78408025556678,0.0,-154.78408025556678,-3.4232208728790283,63.87765474506423,33.78514864714217,-30.092506097922055,-0.5288042734904461,175.09197406839215,172.34118037756235,-2.750793690829795,-1.1978607177734375
exemplar,exemplar,exemplar/archive_1/9bce92a8-b4b7-42eb-a5e4-15f5d4f3c872.pt,84.3271969352236,31.581966984763408,-52.745229950460185,-1.082941813055509,43.75868715930606,14.198504634184472,-29.560182525121583,-0.40729397257949845,60.13360342940469,104.2463334175295,44.11272998812481,1.2931152626320168,20.47587007348623,56.30810756509518,35.83223749160895,0.5159339904785156,107.06943750333578,63.20126072939915,-43.868176773936625,-1.379105735844017,99.46082143879369,47.37341792815244,-52.087403510641245,-1.3535563782875581
exemplar,exemplar,exemplar/archive_1/9c3ee7e5-a98f-4ec9-9b34-0d1baaa3da26.pt,52.158369019193465,11.048353986215877,-41.110015032977586,-0.3089916719663604,102.27950950533267,53.58032393996564,-48.69918556536703,-0.2541288880655013,102.73140988038116,42.659993027972874,-60.07141685240829,-0.3258732183655696,3.777688727994674,80.8620576166973,77.08436888870263,1.2378525733947754,33.26505265717509,40.05248505326157,6.78743239608648,-0.06530820446735396,47.05207210474378,79.18609708653894,32.13402498179516,-0.047981850228658536
exemplar,exemplar,exemplar/archive_1/9c51cef1-e8be-4066-85b1-e69bbe003acc.pt,24.500528750334976,28.026963531248885,3.5264347809139096,0.04673650302102763,108.06927293282536,62.29884423729355,-45.770428695531805,-1.4459827120621631,0.0,0.0,0.0,0.0,0.0,0.0,0.0,0.0,10.014530758235715,37.79974147779884,27.785210719563125,0.2112081596650273,51.57677629179858,110.60914789597199,59.032371604173406,1.3348010778427124
exemplar,exemplar,exemplar/archive_1/a2d0b7bd-e241-47cf-9b48-c8d5b31a4dfb.pt,7.501071927053551,15.212582898242387,7.711510971188836,0.06907284683955386,0.459821724714679,10.617303840486182,10.157482115771503,0.10751481089943019,60.53414051267948,32.510152683053086,-28.023987829626392,-0.47028335571289065,108.37524426400114,129.98945077249724,21.614206508496096,1.0108442306518555,89.64886025822952,53.21198691327717,-36.436873344952346,-0.898655374251788,51.091564171714815,42.655517408140376,-8.436046763574439,-0.14331578273399204
exemplar,exemplar,exemplar/archive_1/a7ab27fb-bd8e-4dfb-bc4f-fc37b71e548c.pt,10.967917174218426,81.35033502644258,70.38241785222415,1.255000035254964,4.175007104528451,105.05710864147323,100.88210153694479,2.171546918734942,74.78519634819611,148.83914861465522,74.0539522664591,4.045971751213074,126.41075202400724,169.82184016591748,43.41108814191024,3.909520983695984,145.44886264650842,124.9255294578238,-20.523333188684617,-1.9766858418782551,51.092824539884795,146.29838307111754,95.20555853123275,3.96860671043396
exemplar,exemplar,exemplar/archive_1/a7fcc3e0-563d-4404-9467-f86818191469.pt,57.219661806413,28.17071940909004,-29.04894239732296,-0.19797284212057176,33.69413162609925,39.155388628842,5.461257002742748,0.03908336546418899,0.0,0.0,0.0,0.0,0.0,0.0,0.0,0.0,171.8642619567819,34.23178233799452,-137.63247961878739,-11.741661312705592,126.02909805072406,170.85954903800408,44.83045098728002,6.23931884765625
exemplar,exemplar,exemplar/archive_1/a84153c9-baad-493e-b043-331117736a38.pt,4.5209531738702875,11.612916295503899,7.091963121633611,0.07907613565761805,29.611316741414125,53.36225625414515,23.750939512731026,0.1632999683968293,117.51050603781707,97.08625669200262,-20.424249345814445,-0.08627378478530766,77.93992833018231,46.55413517242348,-31.385793157758833,0.04307103157043457,154.39359377504505,14.10273618942029,-140.29085758562476,-6.607399893807364,72.81719244467477,121.67646859303623,48.85927614836146,1.798447608947754
exemplar,exemplar,exemplar/archive_1/ab107bcf-9e12-42e0-9b1a-bf08d137f970.pt,84.77795284565413,45.59914523267674,-39.17880761297739,-0.22406521345505434,17.60808807681561,70.17946552038798,52.57137744357237,0.9192564494239522,0.0,0.0,0.0,0.0,136.71683136348446,143.225233566426,6.508402202941539,0.36229372024536133,172.7910622211001,63.25146415377245,-109.53959806732766,-11.716500022194602,94.17945474495762,47.274882485640866,-46.90457225931676,-1.1318772315979004
exemplar,exemplar,exemplar/archive_1/af019597-795a-45fb-af20-0492e247f185.pt,103.2478828807608,54.372265712064674,-48.875617168696124,0.0657780803186372,28.90185676039687,116.35045447943463,87.44859771903776,2.5289525648058615,184.07491012004607,181.86387707056238,-2.2110330494836887,-0.006019494212265556,167.8850008020511,180.04413570869252,12.159134906641412,3.794497013092041,188.3284489690211,194.89942639836863,6.570977429347522,42.771461486816406,193.6390498563668,197.80618169633277,4.167131839965975,89.58511352539062
exemplar,exemplar,exemplar/archive_1/b19f2e4b-4590-4abd-a767-7530be27f889.pt,56.65161528440813,63.586821033616054,6.935205749207924,0.1418607913571789,22.700440357961213,103.81491382841027,81.11447347044906,1.9024050995389532,75.59575644399308,152.6382758633716,77.04251941937852,4.794454574584961,31.858143136477036,142.08478129296725,110.22663815649021,3.7730865478515625,133.78912066997418,141.1764915630054,7.387370893031232,0.7484464903135557,45.373737074590856,161.2760723599332,115.90233528534236,5.806986033916473
exemplar,exemplar,exemplar/archive_1/b43c3d48-b63e-4826-8f80-4f21daca2b4f.pt,9.56043655526556,30.852522220943722,21.29208566567816,0.2643509749527816,26.1636173997496,57.85588611578876,31.692268716039163,0.5825709432482331,78.83958935023242,63.623770533282446,-15.21581881694997,-0.33765045801798504,140.1062424332468,135.65371070174427,-4.452531731502518,-0.015081262588500977,84.52138170033665,48.17682091224511,-36.344560788091535,-0.20569298613027126,58.859286109920255,146.33675760353287,87.47747149361263,4.042360544204712
exemplar,exemplar,exemplar/archive_1/b656d259-da97-4fd2-982a-eae002500fb2.pt,16.789992177802937,68.65324495929,51.86325278148707,0.8619336494144104,30.167805950579442,60.31574769470273,30.147941744123287,0.6013466062646085,16.005808074715354,148.63010237682022,132.62429430210486,4.911094784736633,66.51326670937678,135.36596459768333,68.85269788830655,2.3941030502319336,43.3791982005166,8.399544849942677,-34.97965335057392,-0.47285864888792245,14.605110207328943,32.23710236411558,17.631992156786637,0.14096234935198643
exemplar,exemplar,exemplar/archive_1/b85933b6-f63c-4af0-aa76-bbf3f5b74598.pt,13.858132389874354,42.00203690859679,28.143904518722437,0.19822121179342955,8.03316160029723,39.700121205101645,31.666959604804415,0.2540160160240041,141.22982226022071,72.96397240503363,-68.26584985518708,-3.4912118044766514,109.01965479864845,81.23666876294898,-27.782986035699466,-0.857092539469401,35.3974111631086,18.372803385031368,-17.024607778077232,-0.26176692417689734,62.872516203050914,143.61784387741932,80.74532767436841,0.35746204936421
exemplar,exemplar,exemplar/archive_1/bb07fdf6-0145-43fa-b254-ae7790bd0390.pt,67.58106247718014,117.75756750919585,50.17650503201571,1.8427771726788105,50.788187902682765,42.37573506641016,-8.412452836272607,0.13257794284608157,23.230282596529438,94.4351312138632,71.20484861733377,1.2719236214955647,23.19204593301274,93.25151968973074,70.059473756718,1.1135882139205933,104.06622978715268,157.75915132733684,53.69292154018416,5.193964233398438,87.71699380337674,132.8453920718689,45.12839826849216,1.795483112335205
exemplar,exemplar,exemplar/archive_1/bfc05050-5933-4357-afc0-782c3c9871d3.pt,16.554762148548047,53.49759892073719,36.94283677218914,0.26918176927168974,4.974230125188199,29.88588735339947,24.91165722821127,0.2114683139208671,65.8938641501828,0.8248661727194979,-65.0689979774633,-0.9596652406634707,60.48043012289273,68.1015988110004,7.621168688107673,0.1380465825398763,33.52760209368563,70.30780140659388,36.78019931290825,0.6810385775403912,67.70957941363459,68.31650036922677,0.6069209555921873,0.013868165247648665
exemplar,exemplar,exemplar/archive_1/c50b7d06-2743-447e-8d30-7d44ffd86fa1.pt,48.97735759115593,116.32055064005264,67.34319304889672,2.1313627955185215,172.66776827219454,55.64561116796785,-117.0221571042267,-0.4910057146932177,0.4207575173958964,134.68021664786846,134.25945913047258,3.4329335689544678,21.86878547510495,105.93451716776218,84.06573169265724,1.5051158666610718,146.86301191132065,153.82378384347794,6.960771932157286,1.1120599365234376,11.92874526240742,92.63083846831098,80.70209320590357,1.1989582777023315
exemplar,exemplar,exemplar/archive_1/c50bdf2e-0abe-43fc-8139-06cf5e73816b.pt,42.16000123198952,80.95566758376553,38.79566635177601,0.8255768046990059,25.584659735552766,88.16593620449432,62.58127646894155,1.2828497987319194,10.956648231344227,63.241968591232876,52.28532035988865,0.6841650803883871,152.38890158350483,139.01906613756384,-13.369835445940993,-0.920987606048584,85.01901484053167,82.96102623471846,-2.0579886058132075,-0.06107843572443182,38.276524561841825,40.91697400289554,2.6404494410537183,0.040841014114851804
exemplar,exemplar,exemplar/archive_1/c547deb4-f314-4e7d-9e7b-88bda5d6f7ff.pt,27.79016451489476,160.8422238164305,133.05205930153573,7.891535082427352,174.68248281447322,196.6486408618782,21.966158047404974,102.7461986541748,85.8791105600651,57.090222129651934,-28.788888430413166,-0.15639736341393512,103.60118513223854,177.22021002052367,73.61902488828513,6.704997897148132,177.09518054828686,158.64017798783522,-18.455002560451646,-7.532607014973959,4.7850265980903925,101.95111859337871,97.16609199528831,1.5229309797286987
exemplar,exemplar,exemplar/archive_1/c554422a-7e7f-40d8-88a4-8c54a0a92d59.pt,35.02440439005679,18.29133320878612,-16.733071181270667,-0.2232416608934991,20.00135370392565,9.30065067962189,-10.700703024303758,-0.08427658507070891,166.66666666666666,4.573398222879462,-162.0932684437872,-0.790429433186849,59.479771110009246,11.218259713340807,-48.26151139666844,-0.6064302126566569,41.47289286246968,81.41654788853586,39.94365502606618,0.2350792485390598,81.7711348814114,120.10344515473781,38.332310273326414,0.1699128537061738
exemplar,exemplar,exemplar/archive_1/c76f45c1-2e16-422b-b87f-0befcb5d1cc0.pt,31.15232979205575,63.857145941960454,32.7048161499047,0.5690827099332098,142.71765343024646,165.65019277953033,22.93253934928387,4.660480544766164,157.82849475448515,163.05845795355998,5.229963199074831,0.016099027123781712,26.47499441052645,119.27742687765495,92.8024324671285,1.987575113773346,123.63784605303564,155.7886477053438,32.15080165230816,3.7435763128872575,1.1610267197961124,169.30281005061767,168.14178333082154,8.26412296295166
exemplar,exemplar,exemplar/archive_1/cc933a28-ea40-4c6e-94eb-19bb770284e0.pt,21.823945734459677,11.134365930737102,-10.689579803722575,-0.12705828902275296,6.543636957039708,2.59177639969725,-3.9518605573424583,-0.03777593494980332,89.8765760744236,151.03579383728078,61.15921776285718,4.310097503662109,49.49868311921846,101.82375622008664,52.325073100868174,1.2394561767578125,2.811830592063224,59.469965790411145,56.65813519834792,0.4305892994074837,29.913380167771734,94.33419138534485,64.42081121757312,0.3806004668445122
exemplar,exemplar,exemplar/archive_1/d2f9b92b-36b8-4913-bf89-d73b70e688b6.pt,154.6266415254954,187.3337605886826,32.70711906318721,22.6125048828125,164.92671714786962,179.98842587217706,15.061708724307437,6.43780517578125,0.0,0.0,0.0,0.0,154.12098809928466,157.73537693603086,3.614388836746201,0.37279820442199707,170.54613277670552,165.23023714453888,-5.315895632166644,-2.0021569388253346,35.75738103307542,48.49625187243832,12.738870839362903,0.15358293056488037
exemplar,exemplar,exemplar/archive_1/d555c2bc-0669-45e4-91b5-39d9ebf234a6.pt,185.32912910139547,189.4560375477911,4.126908446395646,10.602195046164773,196.27144988493617,190.90791396132303,-5.363535923613142,-58.012168884277344,36.591755221750034,84.27772128502124,47.68596606327121,0.8405787150065104,134.84711929879828,109.05456233186803,-25.79255696693025,-0.8705823421478271,187.38715124888012,166.54752458406614,-20.839626664813977,-19.139041900634766,179.01170055420306,132.8453920718689,-46.16630848233416,-9.826375007629395
exemplar,exemplar,exemplar/archive_1/d624f608-06d4-4b6b-b0a4-1fd09b11f9a5.pt,79.81143113221316,39.67796619081978,-40.13346494139338,-0.2393697699883318,60.1699773436156,28.65779319660834,-31.51218414700726,-0.12802635804298917,0.0,0.0,0.0,0.0,136.71683136348446,143.225233566426,6.508402202941539,0.36229372024536133,173.2443608691738,65.09161083636079,-108.152750032813,-11.923365327500806,102.38418798840276,57.35289562059363,-45.03129236780913,-1.2576413684421115
exemplar,exemplar,exemplar/archive_1/dcec6b57-a6cd-442a-b467-1dd0d8a02ccf.pt,35.63057200003486,32.65406213244841,-2.9765098675864508,-0.1528321524938337,45.18546075856082,11.341944310164756,-33.843516448396066,-0.47639527965775286,35.72913852281028,79.19772987813532,43.46859135532504,0.26412896227183835,104.19568720884475,62.204510218204405,-41.99117699064034,-1.060270627339681,10.684681641654773,3.3021849754892707,-7.382496666165503,-0.06778924346190504,93.55635162360298,131.8974837064976,38.34113208289463,1.8511860370635986
exemplar,exemplar,exemplar/archive_1/dd09668d-3c30-4aad-9f96-919ce4bedbf0.pt,27.009339703284667,24.58332272516064,-2.426016978124025,-0.019033931120375096,30.80009359249974,6.156177706429219,-24.64391588607052,-0.2071718559509296,51.137400333765996,99.12693545667656,47.98953512291057,1.2527713012695312,107.26525058050827,136.27622774710352,29.010977166595254,1.4727859497070312,120.37707627974976,40.46436182125399,-79.91271445849577,-2.5132407950396516,80.9079645603946,15.727293671103743,-65.18067088929087,-1.1821107482910156
exemplar,exemplar,exemplar/archive_1/e0877d2d-c62b-4796-be5f-96c63aefb754.pt,135.82075924803797,15.418359154569451,-120.40240009346851,-4.065270335944827,151.4617115972155,96.24373379450202,-55.21797780271348,-4.385211211848928,24.461535263907425,61.11782237235189,36.65628710844446,0.24987199171534125,132.8825771862428,104.90644029661418,-27.97613688962862,-1.314990520477295,174.2588174939079,181.85877833012344,7.59996083621553,6.3797314453125,147.52671577329681,187.1762142150382,39.64949844174137,17.676832675933838
exemplar,exemplar,exemplar/archive_1/e3f6f73c-985e-45e2-8dfd-c8eeaf9b40da.pt,173.71460052284382,188.65441228638824,14.939811763544412,19.92192042151163,163.06329397674472,179.57565488983252,16.512360913087804,8.025540669759115,25.318523827779213,110.11956360275023,84.80103977497102,1.800395409266154,117.7574026085818,119.48066682606829,1.7232642174864878,0.05204570293426514,185.1367915065875,171.14349669575327,-13.993294810834243,-12.642571449279785,146.20039963253714,92.63083846831098,-53.56956116422616,-2.782151222229004
exemplar,exemplar,exemplar/archive_1/e6a82969-b2e7-4bf3-ba16-00307a537ca0.pt,106.33622005693314,55.960445270053214,-50.37577478687993,-1.4934634245074465,84.25633848347141,36.753663724229334,-47.502674759242076,-1.0055618245914602,69.68368133494127,61.6898054707961,-7.993875864145167,-0.16754860348171657,87.5289898893906,49.23720597769613,-38.29178391169447,-0.7527479330698649,143.68614006816122,148.18030009552012,4.494160027358902,0.6151028022080839,123.22005434744669,154.9597565007278,31.7397021532811,3.652328963132249
exemplar,exemplar,exemplar/archive_1/e78a5e99-9c04-4b9b-be44-a1b0d34a316b.pt,74.57743195502337,67.9210295584871,-6.656402396536265,-0.16072504959560507,7.613564698049595,7.982715146959298,0.3691504489097026,-0.0023853665918685918,11.870188571395506,77.65624379872898,65.78605522733348,0.4455843785012415,75.95779071949191,122.65077518198065,46.69298446248874,1.7519781112670898,83.59304921090089,9.049466369330716,-74.54358284157017,-1.3392739572832661,154.18570407823117,70.79869046066496,-83.38701361756621,-5.353207588195801
exemplar,exemplar,exemplar/archive_1/e7919f10-29bd-4777-b4cc-29dbe353cd1c.pt,28.213633517254788,6.973415269358381,-21.240218247896408,-0.17500046083677426,32.00653346301122,143.12618001847773,111.1196465554665,4.650636568509616,121.04041151695466,103.50331618592607,-17.537095331028596,-0.0719764957464448,4.328295222103011,105.01301526308016,100.68472004097715,1.8057190577189128,121.7005370515579,143.44628702299764,21.745749971439736,1.9345675381747158,48.49625187243832,154.88021425288886,106.38396238045054,4.668818712234497
exemplar,exemplar,exemplar/archive_1/e8403995-eed4-4ab2-bad9-4ab7a8a95220.pt,57.98994612889233,45.01308066320936,-12.97686546568297,-0.23582691246663928,4.198307284236953,35.52593458518577,31.32762730094882,0.25878105844066396,166.66666666666666,2.2905661313827905,-164.37610053528385,-0.8125742276509603,11.253874389486732,17.399334772783142,6.14546038329641,0.03571677207946777,54.17092744064276,47.27717134449722,-6.8937560961455375,-0.04386624084961278,78.17220363251586,77.44506414438843,-0.7271394881274347,-0.003766821884527439
exemplar,exemplar,exemplar/archive_1/e87f94ad-6357-4f1e-8148-702cc5865918.pt,102.07878510070208,136.35604807966183,34.277262978959754,2.1985596694223615,183.66515834472474,189.22306149073088,5.55790314600614,11.839460372924805,16.137239481593852,140.82965649830626,124.69241701671241,4.034466862678528,125.62744853966231,164.19756458653148,38.570116046869174,2.897047996520996,186.99956400606254,116.72854413531093,-70.27101987075162,-25.423702239990234,182.3335351917373,116.68092849997673,-65.65260669176057,-13.380709886550903
exemplar,exemplar,exemplar/archive_1/e89c3f49-0a65-47bb-8ace-4c65db6d108b.pt,30.3134774223785,28.558174041462053,-1.7553033809164482,-0.024134473772400168,8.326149221726316,13.649466269926245,5.323317048199929,0.047839612915013575,0.0,0.0,0.0,0.0,54.73626928907374,37.66652843198002,-17.06974085709372,-0.10338071982065837,82.47925840484888,89.063954450309,6.58469604546012,0.03225389942504178,48.74521113625409,49.22822265352302,0.48301151726892755,0.0031152870807633
exemplar,exemplar,exemplar/archive_1/e9e2bcad-ffaa-477a-93b0-5d0493070787.pt,14.759813542351543,6.710128526493227,-8.049685015858316,-0.08992495269845992,17.85518449267035,11.253844762077076,-6.601339730593274,-0.057373072609228415,89.50329364081709,149.0177906736201,59.51449703280302,4.014563941955567,24.643793164911102,80.65754802896258,56.01375486405148,0.9635651588439942,3.501971772729311,53.265187822238836,49.76321604950952,0.3861409446407605,30.750078994066836,84.88674372395629,54.136664729889446,0.32924977372332315
exemplar,exemplar,exemplar/archive_1/f47f94f0-87d1-4681-9dcc-02c2cb74fd5a.pt,35.56132263337458,74.36825184102881,38.80692920765423,0.7512228858753353,68.75512675781538,106.48979121322624,37.734664455410865,1.7599037379434663,0.0,0.0,0.0,0.0,0.0,0.0,0.0,0.0,89.41156352746428,4.9457623012306495,-84.46580122623364,-1.5563897241519977,148.82341845036242,150.0909736496902,1.2675551993277736,0.1488804817199707
exemplar,exemplar,exemplar/archive_1/f7965c2f-28df-4155-9306-bfef8953a6be.pt,1.0858422774542713,65.02899013371953,63.94314785626526,0.952525905412034,59.71479210187478,47.109974441427916,-12.604817660446862,0.15638298716971544,150.0,124.53784256483034,-25.462157435169658,2.1380863189697266,38.58328731520155,96.27197742028854,57.688690105086984,1.148483673731486,7.370451543678413,125.79457151440808,118.42411997072966,0.7010143342375166,53.53424911826866,156.57276105504363,103.03851193677497,0.4556830429449314
exemplar,exemplar,exemplar/archive_2/01525b57-2df4-49a4-8b44-6082bf153f1c.pt,119.1374684923276,47.08146152678005,-72.05600696554754,-0.1308417311983295,43.07956929528184,115.80832594083296,72.72875664555112,2.3962586902436755,187.29008348148355,181.55445880705363,-5.735624674429914,-0.015496613374396936,163.64245667295032,179.45453540833037,15.812078735380055,4.23358678817749,189.40950147273287,195.46925774198647,6.059756269253597,48.93742370605469,194.1358797969892,198.0925598599922,3.956680063003006,106.12028503417969
exemplar,exemplar,exemplar/archive_2/01f697c6-b10b-4565-8590-f81514e880c9.pt,35.44901738287074,67.2042864922963,31.755269109425562,0.5811878092728056,23.895336742188327,74.48007792314692,50.584741180958595,0.9151978768416635,86.52290696743222,19.60861652644411,-66.91429044098811,-1.1985780398050945,153.52451079008154,151.57779245622058,-1.9467183338609573,-0.00605618158976237,41.527533292692034,42.48366782430425,0.9561345316122143,0.006524181720492565,79.45648578758748,161.07072437360338,81.6142385860159,6.087147235870361
exemplar,exemplar,exemplar/archive_2/0551c9ea-59f7-4e4a-87c0-37df99b26573.pt,5.376074590022649,29.165448679348547,23.789374089325896,0.2861941906313453,58.397621292913904,44.42577207436837,-13.971849218545536,-0.08848541909553906,136.85277466509038,116.8999902207923,-19.952784444298075,-0.07447569499644198,60.486767860122846,22.648832183255063,-37.83793567686779,-0.19738992055257162,31.26117826480717,61.12401228521862,29.862834020411448,0.0976165032304282,14.704550358154648,98.28371084882666,83.57916049067201,0.5000361447217988
exemplar,exemplar,exemplar/archive_2/05f0ccd2-98cf-4535-93c2-1d3e77a9b07c.pt,15.571947027244798,40.45999098376363,24.888043956518835,0.3627297905019507,74.99262561519807,17.78429422038872,-57.20833139480935,-0.382086661049238,0.0,0.0,0.0,0.0,14.066824508666818,27.678280777348768,13.61145626868195,0.10373108727591378,53.24411699288021,4.074235382459444,-49.16988161042077,-0.38033593542094357,76.0667230706588,22.326146214409057,-53.74057685624974,-0.2987252070985991
exemplar,exemplar,exemplar/archive_2/0755003d-fac1-4914-9051-bc9a85e03624.pt,141.89329649114362,68.87783012910627,-73.01546636203734,-3.833095975816187,129.58551493250383,52.011219340997926,-77.5742955915059,-2.977552703373016,149.85161303091797,150.25645962305447,0.40484659213649365,0.06027984619140625,142.33669319267597,120.9727423454095,-21.363950847266466,-1.406456708908081,161.0995082469616,46.82293985307387,-114.27656839388771,-7.662552053673121,92.33163227254427,116.31603752272858,23.98440525018431,-0.978511656993388
exemplar,exemplar,exemplar/archive_2/085e0d62-34ae-4f6e-8eaf-6c9695beccbf.pt,118.99828288090139,140.65721935715757,21.658936476256187,1.8010777550487465,163.80650215665986,161.5109806384391,-2.2955215182207667,-0.6552109491257441,12.677104619540469,113.51573500111346,100.83863038157298,2.178547441959381,133.8040992715033,152.57756564729956,18.77346637579626,1.1960780620574951,181.71122590317134,119.36727108960952,-62.34395481356182,-16.597416630497687,185.72685795117238,146.20039963253714,-39.526458318635235,-15.442247867584229
exemplar,exemplar,exemplar/archive_2/08899062-2fac-4cd8-8c35-4678076c0341.pt,120.58588613553654,66.29849520343356,-54.28739093210298,-2.045046671569855,114.21432429372582,64.20487549713607,-50.00944879658975,-1.7170460938620715,128.56397814399307,155.2525836123239,26.68860546833082,3.1541116502549915,107.47258075653001,115.81860605795839,8.346025301428384,0.32145071029663086,142.95576795702857,76.57957364808723,-66.37619430894134,-3.764316061268682,118.1502624300471,4.375028053952716,-113.77523437609439,-2.8274598065544576
exemplar,exemplar,exemplar/archive_2/118ec27f-9c9b-4bde-83fa-26ff090691b8.pt,5.192480016900366,21.523570585340902,16.331090568440537,0.19057722885516626,47.616574390704976,64.33059081045646,16.71401641975148,0.5636565593458851,15.750484821680852,162.67762373635833,146.92713891467747,7.478154361248016,21.86878547510495,146.60309633763342,124.73431086252847,3.934151530265808,181.45259460770896,106.26096618614993,-75.19162842155903,-17.17562735421317,3.685204775888978,62.29102709111998,58.605822315231,0.4326778909434443
exemplar,exemplar,exemplar/archive_2/121c5201-0714-4c8a-b636-a8f195ba5a03.pt,31.413895001863523,43.95531678301337,12.54142178114985,0.19068474498221544,20.69789313301267,42.70008382770919,22.002190694696523,0.16430200504351267,96.43592223133494,13.361149813281635,-83.0747724180533,-0.46517107884089154,3.319102947430594,19.5522872784287,16.233184330998107,0.1263144612312317,39.523267667304694,58.40686607369502,18.883598406390327,0.12201619579331102,65.11152043447224,104.64719975726824,39.535679322796,0.19570931783536585
exemplar,exemplar,exemplar/archive_2/18aa6349-af5a-4ca3-83cd-47dc55381cf4.pt,24.58259361135745,55.301150990411955,30.718557379054506,0.2143023144871675,61.19847666252529,84.10510701530377,22.906630352778485,0.12347148070141066,73.497072862697,50.934912252020446,-22.56216061067655,-0.44440555572509766,31.266830356284398,32.153416825020216,0.8865864687358176,0.010434865951538086,84.07923499801466,91.54012527233719,7.460890274322537,0.03603129124648663,50.03190306060157,46.80720783714053,-3.2246952234610404,-0.020894305744627025
exemplar,exemplar,exemplar/archive_2/1c92271f-850d-4e3c-968f-1dead1ccdaa5.pt,106.06121294280811,111.73999354641309,5.678780603604977,0.2739305132306178,83.3473877446121,58.20605083017236,-25.141336914439748,-0.6079112891531323,133.33333333333334,75.39493289252758,-57.938400440805765,0.3417852719624837,90.43544747610764,58.09015279973068,-32.34529467637696,-0.6240936517715454,84.60800128600143,63.29527689554111,-21.312724390460318,-0.5399117204369601,39.52917867535965,31.22477120249113,-8.304407472868522,-0.12233121407464378
exemplar,exemplar,exemplar/archive_2/1d7221e2-8d8e-4e81-b2e3-b52c9202ec83.pt,59.19979780440736,54.76968664116054,-4.430111163246821,-0.08665743483412322,25.537658218438086,91.723337830412,66.18567961197392,1.4013513719866904,77.34828140459334,165.1181207436214,87.76983933902807,7.1802544593811035,100.70277955247361,159.27459266378264,58.57181311130903,4.3451762199401855,155.34520657339056,137.88257060909885,-17.462635964291707,-2.480034105705492,54.614914005212086,154.88021425288886,100.26530024767678,4.585482358932495
exemplar,exemplar,exemplar/archive_2/1fb9d731-44fe-4908-bcb5-265067f24c3e.pt,47.764117244481056,46.06869536247908,-1.6954218820019733,-0.011123499274017033,0.26626848096268757,52.293067706767005,52.02679922580432,0.7053948076479295,100.73018805205263,185.64604480604365,84.91585675399102,0.2928502890685261,0.0,0.0,0.0,0.0,106.4355698898272,66.02136508108103,-40.41420480874618,-1.2828617095947266,36.3905742524266,173.8758120458433,137.4852377934167,10.722194830576578
exemplar,exemplar,exemplar/archive_2/1feebb8f-df74-4410-90ca-979c51199bfe.pt,101.35974604971484,59.172034064378416,-42.18771198533643,-1.2146820158915987,66.70129541063567,32.350366319293485,-34.35092909134218,-0.61480834231197,86.0243049422552,134.81161705206983,48.787312109814636,2.4389322825840543,122.01129099456226,120.60877087725366,-1.4025201173085975,-0.06795573234558105,128.18210152868812,104.35652045862454,-23.825581070063578,-1.386112381537908,99.60779520362007,67.47688914695274,-32.13090605666733,-0.9635289641859618
exemplar,exemplar,exemplar/archive_2/205c6f44-b54e-4065-8e6d-b654978246be.pt,152.94909820023446,165.64788467271705,12.698786472482595,3.1385924021402993,157.59596953115008,160.90266509082483,3.3066955596747505,0.7963962419658688,0.0,0.0,0.0,0.0,160.75460229815022,164.0610687912456,3.306466493095371,0.4688568115234375,176.1381911928769,161.41303941346303,-14.725151779413864,-6.228650544819079,112.67260952349226,137.59142377262108,24.91881424912883,1.3716833591461182
exemplar,exemplar,exemplar/archive_2/249c5897-9354-48ad-b5a5-0cac1690c152.pt,94.10715442794447,99.60074790777868,5.493593479834217,0.2065847361889002,117.33666910987947,21.153992977231212,-96.18267613264825,-2.5873879619028375,21.148136463253312,79.24135123044286,58.09321476718955,1.0277066230773926,137.21737141570702,122.81962497270291,-14.39774644300411,-0.5942622423171997,22.447131722924485,85.59845274825456,63.15132102533008,0.3462544893722678,175.73767396573857,116.68092849997673,-59.056745465761836,-8.764232873916626
exemplar,exemplar,exemplar/archive_2/2ab1a76c-9907-4d18-bf5d-09fe5d1a4db6.pt,51.08138883267459,117.79613151314479,66.7147426804702,2.1797381860710114,167.531335164417,38.073150431260004,-129.458184733157,-0.5913516563855914,0.4207575173958964,134.68021664786846,134.25945913047258,3.4329335689544678,21.86878547510495,105.93451716776218,84.06573169265724,1.5051158666610718,148.75400552740112,155.49884419787332,6.744838670472205,1.158395767211914,11.92874526240742,92.63083846831098,80.70209320590357,1.1989582777023315
exemplar,exemplar,exemplar/archive_2/2fa8fb20-8946-461e-9867-f56d2b13bcff.pt,33.41223641743466,27.990046898961946,-5.422189518472717,0.03915023365743398,66.6388898991315,21.02217204983562,-45.61671784929588,-0.26491207627118646,94.22889381461245,15.533849073344685,-78.69504474126776,-0.4944472793460816,152.7029292232143,183.80974673701647,31.106817513802156,8.12451958656311,7.4818802436501555,11.967989907808535,4.48610966415838,0.04954501759645464,17.62696081244525,52.78099681747739,35.15403600503214,0.5217039123062015
exemplar,exemplar,exemplar/archive_2/359b58b7-0326-4a93-956a-4b2eaa583f53.pt,69.62100442509835,103.36801093415296,33.747006509054614,1.6228045807280413,26.206780569178616,144.0869498571757,117.88016928799709,4.850906964644645,0.0,0.0,0.0,0.0,144.70835043770043,174.47406478480195,29.76571434710152,4.2179856300354,186.50832680167164,190.6725897003226,4.1642628986509465,12.921287899925595,192.40337855843862,194.58173375590783,2.178355197469216,17.641138712565105
exemplar,exemplar,exemplar/archive_2/3748ff96-bb56-46fe-8e84-6d00af316083.pt,172.69871507681884,183.87816506080648,11.179449983987638,10.120059967041016,119.28644035455949,87.96173841896966,-31.32470193558983,-1.3663436041937933,20.604212886390474,105.46979212479354,84.86557923840307,1.6681207021077473,126.41075202400724,119.05326590319653,-7.357486120810705,-0.24702775478363037,189.18669396141425,164.62113039757733,-24.565563563836918,-24.971798366970486,174.09252371262022,114.6963901060408,-59.396133606579426,-8.062819004058838
exemplar,exemplar,exemplar/archive_2/375a3000-6499-4100-b3f4-ed7ccfa6efa9.pt,19.080934075355255,26.457205378444215,7.376271303088959,0.1307132338489641,89.64750263876063,105.31335631229747,15.665853673536844,1.6050130938498335,1.7955917938602133,165.9948784989334,164.19928670507318,8.526713490486145,23.240599114150164,147.75068510488387,124.5100859907337,4.085543662309647,177.19826907643773,135.32430844022326,-41.87396063621446,-11.225756268168604,0.07732327889016861,37.670074135355854,37.592750856465685,0.445523555462177
exemplar,exemplar,exemplar/archive_2/3c4f0518-cd12-4c04-a710-7ac6af24b36b.pt,54.13830693626456,2.7332952096752066,-51.40501172658936,-0.7153419475261179,2.4273906773880456,29.431346290748124,27.003955613360077,0.2325722192924822,45.79098050644019,22.98226235480394,-22.808718151636253,-0.38168811798095703,33.00608024610254,8.960766150247817,-24.045314095854724,-0.2837374210357666,0.3548828209912427,64.03063217941705,63.67574935842581,0.9378527473000919,36.88628793971267,102.20818236003377,65.3218944203211,1.632957695433812
exemplar,exemplar,exemplar/archive_2/3c5398da-d7cf-47aa-97b4-bd7c74fcb34c.pt,5.908381347863523,71.66595045538563,65.7575691075221,1.055802135166438,56.58512162587262,52.43599243426703,-4.149129191605589,0.26957619306622965,150.0,119.32816702469674,-30.67183297530326,1.8385651111602783,38.148984599336636,95.8360796277192,57.687095028382565,1.1405771573384602,8.182872793055887,122.124734632966,113.9418618399101,0.6795035365142359,54.20954565824133,152.9909127816091,98.78136712336777,0.440116592035061
exemplar,exemplar,exemplar/archive_2/4090a3d7-2624-4487-bc49-3a11e7cb7c9c.pt,37.646816334914725,18.20236715189625,-19.444449183018474,-0.2635104427567262,11.39758279759355,45.735936030369196,34.338353232775646,0.25136693923308695,118.1177457183182,143.5164333850045,25.398687666686286,0.09260816352311955,6.28407131175843,63.72059352950427,57.43652221774584,0.7867979526519775,124.05306402862773,16.10296863658805,-107.95009539203969,-3.0868130454534217,3.204383493320382,0.9421205992042362,-2.262262894116146,-0.022969803720150353
exemplar,exemplar,exemplar/archive_2/431255d8-05e7-48b2-8e7e-f16b51ca6522.pt,29.77251760787539,60.14818544832326,30.37566784044787,0.20326477516698474,61.24560198296888,84.17694676476555,22.931344781796668,0.12355115956173517,73.497072862697,50.934912252020446,-22.56216061067655,-0.44440555572509766,2.1217876217329263,1.2124022370527392,-0.9093853846801871,-0.007826149463653564,84.0278291773965,91.54012527233719,7.5122960949406945,0.03628611441478654,50.03190306060157,46.80720783714053,-3.2246952234610404,-0.020894305744627025
exemplar,exemplar,exemplar/archive_2/49637ef4-da70-4343-b00b-3e757a368528.pt,83.20631157265429,89.41055425081481,6.204242678160526,0.1921261543702059,82.14476050389634,125.15635674918506,43.01159624528873,1.9501908075241816,35.55358634042956,24.50684618204277,-11.04674015838679,-0.21372207330197704,171.43468920415756,184.64457138907426,13.209882184916694,6.023210525512695,170.26165066149184,175.3245790838964,5.062928422404553,2.678646312040441,114.6963901060408,165.95051758118882,51.254127475148024,5.293856620788574
exemplar,exemplar,exemplar/archive_2/49a75271-725b-4791-bf1f-7d5927b40ac3.pt,127.00403086361425,42.29413796738658,-84.70989289622767,-0.24038986637653945,85.29422846128303,93.17550910465071,7.881280643367688,1.1463831974909855,189.45025857101646,173.20158089977983,-16.248677671236635,-0.044641445760857566,148.7938992731556,184.1489878082277,35.3550885350721,8.711706161499023,189.20466561886303,191.58222342689083,2.3775578080278024,10.216264997209821,191.36619924178905,194.72656699479174,3.3603677530026914,24.60198211669922
exemplar,exemplar,exemplar/archive_2/4ae47494-a6f6-48d1-87e7-ebfcc0ae914c.pt,101.3537997440333,130.71648379036776,29.362684046334465,1.718343338546778,74.3998078181968,126.15740419243149,51.75759637423468,2.232020140034326,137.23778398218437,159.24902068717222,22.01123670498785,2.868711471557617,159.1109289618019,182.33189898184523,23.220970020043325,6.428553104400635,136.09084018550973,40.49194501069422,-95.59889517481551,-3.745123094128024,30.059434609030223,128.19577377145356,98.13633916242334,0.4267315591625894
exemplar,exemplar,exemplar/archive_2/51118e02-295c-4b79-937d-7dbad6a2c0d2.pt,17.875349149456063,46.4230723658001,28.54772321634404,0.44046091255235764,49.196020521686236,164.43627007381392,115.24024955212768,8.589704198382037,52.3944413934127,121.30516366773298,68.91072227432028,2.17525053024292,44.093058942338914,113.46335089854595,69.37029195620704,1.8841985861460369,90.1687404111582,134.66304150517465,44.49430109401645,2.442580714370265,57.6104724648379,151.32993252903708,93.71946006419918,4.057056307792664
exemplar,exemplar,exemplar/archive_2/581844f6-d44a-43db-be68-0b45f3b7344d.pt,30.908475383780612,146.72687596499426,115.81840058121365,5.137580808529184,56.020020871413,137.33015739603485,81.31013652462184,3.599710722500829,0.0,0.0,0.0,0.0,144.70835043770043,168.22324123387924,23.514890796178804,2.676725387573242,189.5120855793861,185.56023720371746,-3.9518483756686464,-10.11166763305664,192.71687686753248,190.9597266693075,-1.7571501982249629,-8.006282806396484
exemplar,exemplar,exemplar/archive_2/5983ca74-e282-412a-b2f0-489327a9ccea.pt,97.73121823456718,118.02260869141111,20.291390456843928,0.9678513245903422,26.75689413717388,9.250097499156631,-17.50679663801725,-0.13892287350772473,66.97166728545312,41.344421399023574,-25.62724588642955,-0.15835952758789062,132.38738142403793,160.7026280578452,28.315246633807277,2.1313711404800415,15.46926981027965,3.4892854539642126,-11.979984356315438,-0.10909060094629267,40.69995915216801,69.16334923996351,28.463390087795496,0.5393004715442657
exemplar,exemplar,exemplar/archive_2/5b16206e-bc49-4eb0-8532-21e989df898d.pt,77.84972984611562,86.42340432668561,8.573674480569991,0.24719362418097188,32.732451953616255,19.971016936225215,-12.76143501739104,-0.169510903496254,30.06607513558055,118.72175611971979,88.65568098413924,0.48174330245616825,62.7125390164026,111.18983862923902,48.47729961283642,1.431355094909668,39.22194174344585,19.67194693840006,-19.549994805045795,-0.26928848315665194,136.02084436023907,109.44328348677293,-26.57756087346614,-1.7431692123413085
exemplar,exemplar,exemplar/archive_2/5f97c105-e8db-4856-99c8-6f244035d9f6.pt,28.884889847480434,7.6891220945739605,-21.195767752906473,-0.17242763934961802,48.12555025816757,5.143370443354357,-42.982179814813215,-0.5835139065853004,50.93057759810586,63.623770533282446,12.693192935176583,0.22893651326497397,46.73915687505094,2.3304813910452142,-44.40867548400573,-0.2965153455734253,0.1068234809604397,59.99587408891216,59.889050607951724,0.460028926028481,33.462540039238135,53.556662641849016,20.09412260261088,0.3158377806345622
exemplar,exemplar,exemplar/archive_2/6452b03d-2f7b-488d-90ed-e4c45432f442.pt,10.843704675128324,49.43920598568842,38.595501310560095,0.5538627127003385,38.735449891618835,0.4143389311796089,-38.32111096043923,-0.3203633312196736,0.0,0.0,0.0,0.0,31.535624886649313,19.082646746960386,-12.452978139688927,-0.05706051417759487,71.49863976248086,25.666164716086964,-45.832475046393895,-0.2990443405595798,60.23525991300074,19.609937371281536,-40.6253225417192,-0.244665632576778
exemplar,exemplar,exemplar/archive_2/64bda8fc-695e-49c2-8e02-09ed011f9f98.pt,126.34168187582583,140.25931867679688,13.917636800971053,1.2650380393575957,115.48637374236785,120.50255371786822,5.016179975500378,0.2986114843078246,15.272238322071578,117.5717611033205,102.29952278124892,0.5974969762795385,185.8167879591702,176.91671870668586,-8.900069252484343,-5.436898708343506,173.23247321504977,171.95544225838046,-1.2770309566693072,-0.6642615908668155,92.57415419035188,168.70081219758998,76.1266580072381,7.546988010406494
exemplar,exemplar,exemplar/archive_2/653010fa-d67d-4455-a52a-5586456f6387.pt,20.643937939459644,26.118074227813146,5.4741362883535025,0.11328459831498691,58.99323681051466,142.98014624584044,83.98690943532579,4.177244012636521,37.443155874557824,143.15630445722329,105.71314858266547,4.004142165184021,13.130326172878824,138.20974155796904,125.07941538509021,3.249737322330475,167.81388519633202,137.46604899362453,-30.347836202707498,-5.961063828579215,85.40280426437644,77.25806799661088,-8.144736267765566,-0.2219661076863607
exemplar,exemplar,exemplar/archive_2/65f2dd57-ee52-4db0-87b2-6b1d5c5edfc4.pt,150.34525687282047,183.37932153871125,33.03406466589078,15.945696574885671,159.99389165891753,52.37059973153017,-107.62329192738736,-0.17738949457804362,96.61193724636757,136.0976632392876,39.48572599292004,1.9921944936116536,0.0,125.62744853966231,125.62744853966231,1.689164161682129,170.96266222218924,177.02053700802773,6.057874785838493,3.535914370888158,72.84829329304151,48.49625187243832,-24.352041420603186,0.07966113090515137
exemplar,exemplar,exemplar/archive_2/6feffc6b-567e-4b36-bad3-e4c57ab9cec2.pt,45.73289712858121,154.1777044657179,108.4448073371367,6.129076266001506,67.6815484595956,143.8498045773172,76.1682561177216,4.094692534050055,0.0,0.0,0.0,0.0,144.414860379958,168.3072460071082,23.89238562715022,2.7125067710876465,187.5453713749897,183.6857105180297,-3.859660856960005,-7.3982383326480265,192.61769574466527,191.66288999501637,-0.954805749648898,-4.654026031494141
exemplar,exemplar,exemplar/archive_2/71fc7a21-01aa-4f22-8f37-e9b5e3e23654.pt,67.13025339366119,128.96584013802956,61.83558674436837,2.6193393190155327,183.9091474212808,190.89820397298857,6.989056551707762,18.70675537109375,20.58292828006043,116.14650394395836,95.56357566389794,2.329050381978353,106.11939029030597,153.50974334782512,47.39035305751915,2.1716113090515137,164.8945139789175,116.9562290431102,-47.9382849358073,-6.460038321358817,144.8439396509666,136.04329100968644,-8.800648641280162,-0.7484393119812012
exemplar,exemplar,exemplar/archive_2/71ff4609-1463-4d28-9ef0-cef1641b5731.pt,14.947432847224611,42.348639987007914,27.401207139783303,0.18793584362411933,0.26915093130383566,33.85785552922822,33.588704597924384,0.28686099031496926,142.60541205146598,80.14937828985664,-62.45603376160933,-3.4667280370538887,109.41298860526501,82.31192878844507,-27.10105981681994,-0.847357432047526,38.24789803046454,16.932012126139487,-21.315885904325054,-0.3167441467946187,59.31957545344702,151.28769544472416,91.96811999127715,0.40371118265006645
exemplar,exemplar,exemplar/archive_2/720c1054-ed10-46fc-86fc-9d4dc4b5fc1d.pt,113.58861798900995,137.97275436159782,24.384136372587875,1.819615043765843,114.97311722902403,138.24967806776266,23.276560838738632,1.7731395903087797,136.3525394922533,138.36044072294288,2.0079012306895834,0.17060057322184244,162.7289296647064,179.12562308783615,16.396693423129733,4.21503210067749,131.46659450790955,72.25551071065523,-59.21108379725432,-2.7007952533836748,25.868200745311462,92.93637946997428,67.06817872466283,0.33681533386657286
exemplar,exemplar,exemplar/archive_2/753db279-3897-4e89-a08d-a46c207dc829.pt,57.9396252413173,28.941567898266783,-28.99805734305052,-0.1964186004499844,0.7454692389518379,33.39658012054946,32.65111088159762,0.39345628599314586,0.0,0.0,0.0,0.0,152.89035052250406,0.0,-152.89035052250406,-3.2454147338867188,97.64413070567836,59.80675776976736,-37.837372935911006,-1.0491193406125332,163.97916061210034,163.51875156821467,-0.46040904388567583,-0.11678822835286458
exemplar,exemplar,exemplar/archive_2/7b0a48f6-26f7-4734-8ff2-b2389721cf8b.pt,3.7317947946173,44.513786617392945,40.781991822775645,0.3260703863540954,18.340309724609078,69.120877675461,50.780567950851925,0.345678001044381,144.39722971136482,109.60198444536913,-34.79524526599569,-2.6431461681019175,103.57916962624671,87.47128968569633,-16.107879940550376,-0.4948606491088867,79.28945102189734,21.55227790559229,-57.737173116305044,-1.1189054136931311,12.603315338555777,164.8677662023554,152.26445086379962,0.7849221190695713
exemplar,exemplar,exemplar/archive_2/7eb90940-c8fc-46eb-b334-63c1540139b5.pt,177.96170319842912,192.34547088056135,14.38376768213223,33.7653564453125,12.826912771569663,146.6715761539287,133.84466338235904,4.022723317146301,0.0,0.0,0.0,0.0,160.88423935618297,165.1357081892397,4.25146883305672,0.623499870300293,177.55312648223702,162.5982682903862,-14.954858191850832,-6.870691571916852,17.444387599794116,2.4966581903555123,-14.947729409438603,-0.10184282064437866
exemplar,exemplar,exemplar/archive_2/88525790-1f2d-4b08-abd1-87d93fbfa721.pt,61.08940905202763,110.14366478630251,49.05425573427488,1.5718944154936692,31.38332086330514,66.446443041763,35.06312217845786,0.6227739928087517,166.66666666666666,100.20191780819547,-66.46474885847118,1.0074186325073242,2.1133207686623816,74.71063018485991,72.59730941619753,1.0248440504074097,41.95559341228376,56.265705669061646,14.310112256777884,0.09229925999128485,62.958784660201786,85.4479542692372,22.489169609035415,0.11978622808689024
exemplar,exemplar,exemplar/archive_2/88562b99-cdec-44f1-a048-2808b2e91b5d.pt,7.5725651550857105,13.834472094202175,6.261906939116464,0.06990935346764529,74.98161746315225,1.398666602308193,-73.58295086084405,-0.531207650284884,166.66666666666666,40.0557888681434,-126.61087779852326,-0.37420066197713214,52.00988053539608,30.674488394655352,-21.335392140740726,-0.28380775451660156,26.291553718790087,89.20853136752748,62.9169776487374,0.38447928146987925,67.01949713942332,134.55067321703686,67.53117607761354,0.30223692358993903
exemplar,exemplar,exemplar/archive_2/8858c4d4-cdcf-46ad-8093-195db8550140.pt,15.20616812272816,11.664199099265032,-3.5419690234631283,-0.01745090192845915,6.606644955159484,80.16203857147816,73.55539361631868,0.5038357338794863,30.796420789884404,102.30680174372281,71.5103809538384,1.586231787999471,23.021356655330482,9.036116602455124,-13.985240052875358,-0.09317739804585774,101.14139710836945,69.08939511265655,-32.0520019957129,-1.5313215137582965,31.594953061033173,86.11083820776696,54.51588514673379,0.3250804296353968
exemplar,exemplar,exemplar/archive_2/8fb92d64-ae75-49a3-83d4-b20cc8facacb.pt,25.810542720385527,23.601971211431184,-2.2085715089543427,-0.02875017666596,2.4506453946583764,7.571972619854335,5.121327225195959,0.054487864549697645,74.72695517799222,118.84186531516518,44.114910137172956,1.648843002319336,41.50572361039966,79.02903257598805,37.52330896558839,0.6849745512008667,9.735158308011453,26.262273749142413,16.52711544113096,0.13928200550072437,38.722721552073835,48.63046234958297,9.907740797509135,0.0667382217035061
exemplar,exemplar,exemplar/archive_2/8fc296f2-d676-4db0-8fca-4aad1c0f9562.pt,62.813089574043275,104.1489248198943,41.33583524585103,1.2573259885974628,33.84982314889874,58.9275263597756,25.077703210876855,0.42793756194857047,150.0,119.63336330827927,-30.36663669172073,1.8550410270690918,29.877692676434634,66.54475140431946,36.66705872788482,0.5652586221694946,21.075399913935833,57.800724708984966,36.72532479504913,0.2577024464913531,57.644236493854926,89.46738756406504,31.82315107021011,0.170596923828125
exemplar,exemplar,exemplar/archive_2/92338979-551d-417d-b540-907ba3e43cdf.pt,20.31002177447435,37.21240167460597,16.90237990013162,0.08768975788889272,27.270262009394845,53.20767247805892,25.937410468664073,0.1802856985155323,45.79098050644019,22.98226235480394,-22.808718151636253,-0.38168811798095703,33.2802478261586,8.960766150247817,-24.319481675910783,-0.2873481909434001,0.3548828209912427,64.03063217941705,63.67574935842581,0.9378527473000919,36.88628793971267,102.20818236003377,65.3218944203211,1.632957695433812
exemplar,exemplar,exemplar/archive_2/9313be69-b1d3-4511-8970-154a74b6e9a1.pt,79.15091052708028,85.85018036505306,6.699269837972778,0.1942075760933806,10.340073374818685,12.600695543264104,2.260622168445419,0.02015168699499679,0.0,0.0,0.0,0.0,0.0,0.0,0.0,0.0,1.083792209579022,66.94998387530723,65.86619166572821,0.48770605159711233,6.1869757226165225,48.49625187243832,42.3092761498218,0.43513908982276917
exemplar,exemplar,exemplar/archive_2/9484c0eb-623f-4785-b182-7fa5cc18e87e.pt,29.260616673719085,26.621836683374426,-2.638779990344659,-0.03565489587908066,2.3684277297544263,7.513035464127912,5.144607734373485,0.05465410442005993,74.72695517799222,118.23953376499654,43.51257858700431,1.6143489837646485,41.50572361039966,79.02903257598805,37.52330896558839,0.6849745512008667,9.735158308011453,26.139549423216557,16.404391115205105,0.13832277424393336,38.722721552073835,48.469233214237036,9.7465116621632,0.06569478849085365
exemplar,exemplar,exemplar/archive_2/9847d2cf-f15c-4505-8b8d-f64ac3998050.pt,48.330980674096004,75.24808776023353,26.917107086137527,0.5690304178656831,76.0556133179848,109.72973066015594,33.674117342171144,1.2037719862751022,65.66460955058236,150.68714874404276,85.0225391934604,4.492122173309326,121.1995092955232,154.17843318933592,32.97892389381272,2.7400524616241455,147.68227455555896,144.41177752496802,-3.2704970305909455,-0.44300796046401514,99.6838980289219,168.08394910968738,68.40005108076548,6.409112334251404
exemplar,exemplar,exemplar/archive_2/991f13af-b7f2-4986-8d9a-67446552fda3.pt,113.71477751328847,124.82810910755566,11.113331594267194,0.6852804677999594,23.504083027410175,82.76051293618177,59.256429908771594,0.3749457311846012,24.797531336370458,133.50068679267156,108.7031554563011,3.1100223859151206,9.018979734856599,76.14163991072449,67.12266017586789,0.8512848019599915,169.29041217158746,62.4786859999188,-106.81172617166865,-10.054159847306616,36.487587950647644,140.41139426605113,103.92380631540348,0.5124599861376213
exemplar,exemplar,exemplar/archive_2/9bf554fc-02eb-4516-9e17-0417c78bcfc4.pt,121.50286495849835,140.82549640765706,19.322631449158706,1.662933423501816,156.15363959551263,155.26333495755708,-0.8903046379555519,-0.18086965460526316,12.006033103837645,104.37977449902604,92.3737413951884,1.8841969172159831,130.57376319581195,154.36323179126728,23.789468595455332,1.5016759634017944,175.60824779103203,112.48043512417382,-63.127812666858205,-11.649358344800545,183.47044000596082,152.5407885035583,-30.92965150240252,-11.828085899353027
exemplar,exemplar,exemplar/archive_2/9e988320-f57a-4fd9-9af6-e0dd6526b45f.pt,37.62702462901474,20.06918183592968,-17.55784279308506,-0.24035147180665817,14.39417171968914,11.554178111236077,-2.8399936084530637,-0.011650231776523428,166.66666666666666,8.058684043708547,-158.6079826229581,-0.7623233000437418,60.080692294841256,9.348457623083947,-50.73223467175731,-0.6339350541432699,43.41426892608858,75.52891207774077,32.11464315165219,0.1915024895896673,82.76774630866294,110.0171188640185,27.249372555355563,0.12427651009908537
exemplar,exemplar,exemplar/archive_2/a191dd12-d602-4bc6-aaf3-c8cb908fd702.pt,7.160339815624217,15.152174375241845,7.991834559617629,0.08967834571571251,23.22821317309554,41.90892098770563,18.680707814610088,0.1383697894094478,120.51434908830625,141.4391075623779,20.924758474071652,0.07618564043858254,48.44133055679607,63.21708534148246,14.775754784686391,0.480941915512085,94.40742381166268,10.047482061011012,-84.35994175065167,-1.6796422158518145,60.772871717316214,122.33541263311642,61.562540915800206,2.1634817123413086
exemplar,exemplar,exemplar/archive_2/a1fe7c8f-9a29-4f21-ae4d-1839cca18741.pt,37.67607110814457,54.23351997944169,16.55744887129712,0.10960581757665888,26.768200682566857,33.39249069427362,6.624290011706762,0.050064261709514946,79.61563927602224,57.82276354400018,-21.792875732022054,-0.48971234835111177,176.73267952870503,174.3725095737157,-2.3601699549893453,-0.7916274070739746,73.81494931917118,86.39040499438961,12.575455675218436,0.06413528682049656,147.52325689034123,157.98261826789496,10.459361377553734,0.03362376937379283
exemplar,exemplar,exemplar/archive_2/aa61c13f-4b69-4075-914c-dd0ce3023d0a.pt,84.10152415143855,89.20217368036856,5.100649528930006,0.15884315949776232,7.995092206949664,60.15954352463674,52.164451317687075,0.37904967771869985,138.9098720319881,45.59653151167465,-93.31334052031346,-0.44648299839185634,144.70835043770043,170.33663289031517,25.62828245261474,3.1251401901245117,96.90395985372805,1.777926758474788,-95.12603309525326,-1.858528556404533,171.9776318338823,152.5407885035583,-19.436843330323995,-4.384515762329102
exemplar,exemplar,exemplar/archive_2/aacf0ac9-db95-4fcc-8c4d-aecbc270036b.pt,92.65061683075794,43.27293392003199,-49.37768291072595,-1.1738941299790357,52.50397954340593,23.991445549394314,-28.51253399401162,-0.43930656488333764,45.49479284533201,55.04015636963527,9.545363524303262,0.1673184147587529,15.726686402576949,29.31304245966239,13.586356057085442,0.16044105802263534,93.92078559636609,87.57445305317171,-6.346332543194379,-0.21267486311431624,79.63390770794092,87.82959998191373,8.19569227397281,0.24205405667701863
exemplar,exemplar,exemplar/archive_2/ab159ae2-584e-4dcd-a535-87f562c45533.pt,29.088448061112384,160.556544607525,131.46809654641262,7.799973269543016,22.46666749347071,139.14033736078608,116.67366986731537,4.368936466825181,97.41476609131806,74.99196156217629,-22.42280452914177,-0.10947311508072007,101.53806860050288,175.79026445516314,74.25219585466026,6.229897499084473,168.6572302740732,143.92499530704157,-24.732234967031644,-5.494791666666667,11.92874526240742,114.6963901060408,102.76764484363338,1.9217098951339722
exemplar,exemplar,exemplar/archive_2/aec95022-1104-4ae4-a2f5-570b3651b52c.pt,4.368100463504392,44.23086831981638,39.86276785631199,0.5251165238026785,59.19928505234194,12.394016077286327,-46.80526897505561,-0.32464068033512594,105.35758801119776,63.10122778605758,-42.256360225140185,-0.2095723115196524,161.1422354213344,179.07029754550408,17.928062124169685,4.408821105957031,14.890123906308254,26.400086615013603,11.509962708705348,0.1654790480188863,11.180877461127878,86.4032930647997,75.22241560367182,1.4098539130632268
exemplar,exemplar,exemplar/archive_2/af819660-64bf-4cba-9691-9f108cad6317.pt,101.35974604971484,59.172034064378416,-42.18771198533643,-1.2146820158915987,66.70129541063567,32.350366319293485,-34.35092909134218,-0.61480834231197,86.0243049422552,134.81161705206983,48.787312109814636,2.4389322825840543,122.01129099456226,120.60877087725366,-1.4025201173085975,-0.06795573234558105,128.18210152868812,104.35652045862454,-23.825581070063578,-1.386112381537908,99.60779520362007,67.47688914695274,-32.13090605666733,-0.9635289641859618
exemplar,exemplar,exemplar/archive_2/af92a7a9-9199-47a1-b0a9-5342e82f3648.pt,32.988186686813044,10.934904425685835,-22.053282261127208,-0.16749892246014222,78.13684020671106,27.65790434902572,-50.478935857685336,-0.31887814328470243,115.1163863884207,95.03557100790768,-20.080815380513016,-0.0860740889364214,23.352642111222597,35.5062251734804,12.153583062257805,0.21146326065063475,1.0291430082671555,11.788535584186972,10.759392575919817,0.10096149292626429,9.58644565240326,39.62872369755907,30.042278045155808,0.22994801591082317
exemplar,exemplar,exemplar/archive_2/b09aaa61-8f84-4cf9-a06d-599c34d35835.pt,38.24034596025056,29.25081153195263,-8.98953442829793,-0.2176165439869292,141.6890686908736,105.4670913050366,-36.22197738583699,-2.6282691780533063,35.30724239292916,72.5484121821037,37.24116978917454,0.23222531568842755,105.01301526308016,61.41044337051014,-43.602571892570026,-1.1040690739949544,8.386488687865869,0.6069708577341336,-7.779517830131735,-0.07433190506495786,117.71239943061265,139.37298108880546,21.66058165819281,1.447265625
exemplar,exemplar,exemplar/archive_2/b2a102d6-2db3-4141-a7c7-ed4324a7263b.pt,78.0208799873354,32.855724616343885,-45.16515537099152,-0.27905773556427366,122.02918598527044,65.97647043472037,-56.052715550550076,-0.2617658280299005,28.55138781909873,31.110334642007302,2.558946822908574,-0.06325531005859375,93.96936523103452,69.19019503406672,-24.779170196967797,-0.11898961067199706,26.409802830472426,14.389709106855722,-12.020093723616704,-0.0781915298053528,79.58005357439338,19.609937371281536,-59.97011620311184,-0.3506523921571929
exemplar,exemplar,exemplar/archive_2/b880a011-7afd-4691-9c3b-f599fcac6507.pt,2.585805177444175,29.61598366372949,27.030178486285315,0.32143388691244984,68.55963463235888,52.012592344825926,-16.547042287532953,-0.0977938300931745,136.6037232451321,121.10540203378407,-15.498321211348028,-0.05713359330051629,34.60057309090421,47.79875765759162,13.19818456668741,0.30933046340942383,30.722236602203065,55.68893462165084,24.966698019447772,0.07260642212502151,11.29422427650632,89.74134718683914,78.44712291033281,0.49951261194740854
exemplar,exemplar,exemplar/archive_2/b9edb958-f6ba-439a-ba1f-5dc57457d87b.pt,91.40512111880781,122.13196035000996,30.72683923120215,1.4533447357029203,57.25960203704538,59.328320061095404,2.068718024050021,0.012398985521459512,5.054268744121318,132.43712646189564,127.38285771777433,3.2237985134124756,1.4653129558889069,82.0188116755593,80.5534987196704,1.0318683385849,166.6113517004148,112.66316149901266,-53.94819020140213,-7.32142574229139,45.73360835730456,28.537742130556666,-17.195866226747896,-0.32997622856727016
exemplar,exemplar,exemplar/archive_2/ba32d4dc-3186-4b4c-b1d4-340affbac563.pt,35.8769849883259,18.27462435545874,-17.60236063286716,-0.23603801497223448,15.617949965261545,10.32715434845672,-5.290795616804825,-0.035968178582134296,166.66666666666666,8.058684043708547,-158.6079826229581,-0.7623233000437418,60.080692294841256,9.348457623083947,-50.73223467175731,-0.6339350541432699,43.41426892608858,75.52891207774077,32.11464315165219,0.1915024895896673,82.76774630866294,110.0171188640185,27.249372555355563,0.12427651009908537
exemplar,exemplar,exemplar/archive_2/ba3d991d-2cd4-44eb-8a4a-4686a9a792e5.pt,14.627989875948053,53.67832250222279,39.05033262627474,0.2868745278204856,6.296846648503854,35.68175516195243,29.38490851344858,0.23776568497514472,0.0,0.0,0.0,0.0,13.925534286796033,59.57110570664499,45.64557141984896,0.27065449953079224,2.7995955997417896,44.90318499228694,42.103589392545146,0.3381025794065158,17.56782581357071,48.76139445259279,31.19356863902208,0.1987500420932112
exemplar,exemplar,exemplar/archive_2/bd8316b7-d3b7-49ff-9167-f583a6f7f78a.pt,86.05177236130618,35.346542368009246,-50.70522999329693,-1.0809797297297297,52.059427556889204,23.52101940259796,-28.538408154291243,-0.43721543624565806,45.49479284533201,55.04015636963527,9.545363524303262,0.1673184147587529,15.726686402576949,29.31304245966239,13.586356057085442,0.16044105802263534,93.92078559636609,87.57445305317171,-6.346332543194379,-0.21267486311431624,79.63390770794092,87.82959998191373,8.19569227397281,0.24205405667701863
exemplar,exemplar,exemplar/archive_2/c3443d82-ae16-48f6-a622-6ce65bee8aca.pt,114.30625087274825,100.26873760598775,-14.037513266760499,-0.656662944969273,184.46104244736662,150.8155509837654,-33.64549146360122,-17.40899727561257,15.082104825063773,32.13605810071281,17.053953275649036,0.2014466921488444,132.38738142403793,107.59863527304122,-24.7887461509967,-0.7935575246810913,5.259499167924023,86.2604409137855,81.00094174586148,0.5509015574599757,182.56682620194283,148.82341845036242,-33.743407751580406,-11.346514225006104
exemplar,exemplar,exemplar/archive_2/c3a185b3-0e34-4a6a-9e0f-ff2533cfe862.pt,95.00896834285089,118.63288212189379,23.623913779042894,1.1059655757834872,58.84079452548517,60.38492448350793,1.5441299580227579,0.03133624058831036,133.33333333333334,80.25785917140904,-53.075474161924305,0.45042626063028973,85.98151860123545,64.58025747581021,-21.401261125425236,-0.41581809520721436,91.89460976534153,52.12967600036949,-39.764933764972035,-0.9940670788059747,48.66191171988836,0.7698547938480048,-47.892056926040354,-0.6337735665276878
exemplar,exemplar,exemplar/archive_2/c4f9c274-e5de-425d-b846-794493bdb601.pt,17.19999032733897,8.767788933837613,-8.432201393501357,-0.06668019962473874,99.18005159875108,16.074457684502338,-83.10559391424874,-1.7917410459707377,30.88584228848746,105.74399805577123,74.85815576728376,1.721954107284546,21.714019054500007,9.348457623083947,-12.36556143141606,-0.08150466283162434,103.53344342663684,67.10921076222215,-36.42423266441469,-1.642526797446298,23.84682892407753,53.350663398845604,29.503834474768073,0.14727604389190674
exemplar,exemplar,exemplar/archive_2/c7058331-3595-4e04-a0e6-5f31ca0ee832.pt,71.08021594506565,111.3912123557156,40.31099641064995,1.4114145301248875,31.776813147216753,57.365086149017046,25.588273001800292,0.42654492253580695,150.0,125.11561374475492,-24.884386255245076,2.1738715171813965,29.23332436657094,69.05272143697063,39.81939707039969,0.62325119972229,22.234432877119506,66.53091326971403,44.29648039259453,0.2990802055350181,58.78108361655696,100.60630199480609,41.825218378249126,0.21495903201219513
exemplar,exemplar,exemplar/archive_2/c91f1953-c631-4fc6-ac39-e58cdf044715.pt,160.72291000690603,188.97737223104295,28.254462224136915,25.95137508616728,142.11413554817742,172.8794387679269,30.765303219749484,5.879105567932129,0.0,0.0,0.0,0.0,124.83580079776875,155.9069289436049,31.07112814583614,1.875018835067749,185.90524234827748,158.9353081346325,-26.96993421364499,-17.921747647798977,108.50560607952251,85.19586545295626,-23.309740626566253,-0.6657431125640869
exemplar,exemplar,exemplar/archive_2/cb4208e9-f4ec-4508-a127-e61713fa4427.pt,22.181932609579412,134.0538741351846,111.8719415256052,3.814306843324781,159.5863436734707,67.8285496169279,-91.7577940565428,0.13838440438975458,61.78487755634058,155.28131166862457,93.49643411228399,5.546536286671956,7.131133782735314,155.8485369308799,148.7174031481446,3.492887210100889,141.46000162118116,106.13558207713764,-35.32441954404352,-2.5336534836713005,81.01540864429504,77.37420303759954,-3.641205606695493,0.5140243992209435
exemplar,exemplar,exemplar/archive_2/cbe41495-f713-4951-a5ab-bfc09d0b62ef.pt,15.614045867107947,39.509387404872385,23.895341537764438,0.3229885095210935,102.44926262890577,123.17016148081026,20.720898851904494,0.08479573393775784,50.382901344740844,102.65110676016411,52.26820541542327,0.274829953215843,0.8657854282576112,92.9812454338317,92.11546000557409,1.5560704231262208,20.63296900947928,15.279380169315099,-5.35358884016418,-0.08797187309760551,24.392576721741722,15.736706702724312,-8.65587001901741,-0.06794567108154297
exemplar,exemplar,exemplar/archive_2/cdbce098-85d7-472c-ab93-3fd7760cf305.pt,128.71952133934298,77.11184056465716,-51.60768077468582,-2.356524825072341,123.05177745482678,76.28472112400351,-46.767056330823266,-1.9649325906311326,129.6463029817749,113.27094568078334,-16.375357300991567,-1.0138545566134982,114.04315073574467,107.21335488120306,-6.829795854541615,-0.256899356842041,120.8875481665721,90.88053145119125,-30.007016715380857,-1.3878591086647727,91.68218544461337,46.68058107013961,-45.00160437447376,-1.0773747455642884
exemplar,exemplar,exemplar/archive_2/cdfa8f37-89f2-4dd4-a946-19c2e5ded11b.pt,81.48767428942836,103.96238408320359,22.474709793775233,0.789671407285258,55.7654893421258,21.029064128843956,-34.73642521328184,-0.24567083543346774,71.7492464715157,46.51323639727138,-25.236010074244327,-0.1500248156095806,132.38738142403793,160.7026280578452,28.315246633807277,2.1313711404800415,15.46926981027965,3.4892854539642126,-11.979984356315438,-0.10909060094629267,40.69995915216801,69.16334923996351,28.463390087795496,0.5393004715442657
exemplar,exemplar,exemplar/archive_2/cf9ebcf6-3e99-4143-965c-4e208570a8ed.pt,177.54934197461105,186.8128155856235,9.263473611012444,12.455458420973558,146.89088958694705,123.71992479854676,-23.170964788400298,-2.235834988680753,20.604212886390474,105.46979212479354,84.86557923840307,1.6681207021077473,126.41075202400724,119.05326590319653,-7.357486120810705,-0.24702775478363037,189.18669396141425,164.62113039757733,-24.565563563836918,-24.971798366970486,174.09252371262022,114.6963901060408,-59.396133606579426,-8.062819004058838
exemplar,exemplar,exemplar/archive_2/d421446f-6e66-43e0-9f09-f49746ab729a.pt,17.732863533440106,44.97579520485617,27.242931671416063,0.38565162858667595,40.851939111932964,21.30114118113768,-19.550797930795284,-0.14671804211285008,149.18387136210964,142.83070343703756,-6.353167925072086,-0.02114607936652132,65.6216514718958,3.9503918938832574,-61.671259578012545,-0.43259191513061523,10.011867123568333,31.12270635016903,21.110839226600696,0.16389455289877036,25.886866245154046,58.369927795172195,32.48306155001815,0.154400009527439
exemplar,exemplar,exemplar/archive_2/d8b32d50-b3cf-432b-bb5b-b8f535ce714c.pt,50.011100286597525,47.982117758657715,-2.02898252793981,-0.27986900662681913,45.77111293550079,48.18510737142416,2.413994435923371,-0.20523584777948733,0.0,0.0,0.0,0.0,11.913496428169642,23.810260410623464,11.896763982453821,0.0903010368347168,58.98298701810241,145.02815066941952,86.0451636513171,0.38514804521327106,4.198262171750223,134.10402935501753,129.9057671832673,0.7595923783325101
exemplar,exemplar,exemplar/archive_2/dcb74e34-ca5a-486e-86d9-d9a6040d1c0e.pt,96.79624690069932,152.71757519125134,55.921328290552026,4.583187352341065,37.900543216525385,4.452652879758933,-33.44789033676645,-0.2749375608030834,0.0,0.0,0.0,0.0,98.36030634852484,172.4009359839587,74.04062963543386,5.278887391090393,190.4815161292242,112.21955117537223,-78.26196495385196,-37.02064405168806,7.764146067421172,86.31722290903448,78.55307684161332,0.512501045509621
exemplar,exemplar,exemplar/archive_2/dd00795c-3e46-41f8-b2ef-d07178c68303.pt,7.816968945903331,55.65661600131494,47.839647055411604,0.6897554381415991,23.32254651113252,38.776077329295795,15.453530818163276,0.2721330189828856,24.644608676747346,4.523052062435518,-20.121556614311828,-0.17450051714283552,158.62096657040377,181.37134617933305,22.75037960892928,5.902783155441284,61.296368943756924,22.74735199355684,-38.549016950200084,-0.6264251341302711,61.20838908270059,36.008816655199375,-25.199572427501217,-0.43945641150841347
exemplar,exemplar,exemplar/archive_2/dd6967a6-6467-4056-a70b-bf30ac5ce5a8.pt,27.150847196494407,23.75864957965293,-3.3921976168414787,0.03055865763173834,118.27820560219736,90.47031096909933,-27.80789463309803,-0.12029521836001432,41.713408613564305,100.90709378525851,59.193685171694206,1.3837579091389973,79.68588097434325,11.218259713340807,-68.46762126100245,-0.3758126099904378,47.8660423671101,56.58455874217769,8.718516375067594,-0.1880306389813866,59.23953731830759,11.64175478634862,-47.59778253195897,-0.3182574618946422
exemplar,exemplar,exemplar/archive_2/df404ea2-7749-44ca-9f48-4e40bcbbcccc.pt,40.35627727761789,0.008456547375398514,-40.347820730242496,-0.33571443132778,85.85893876979942,35.36845778594235,-50.490480983857076,-0.3001686147292902,102.73140988038116,37.353647210203675,-65.37776267017749,-0.36258774373068736,26.55193787139909,61.67711433335444,35.12517646195535,0.6245150089263916,34.27865365450865,45.255005372231174,10.976351717722522,-0.044638030868440426,47.69853444819349,89.74134718683914,42.042812738645644,-0.0069082864900914635
exemplar,exemplar,exemplar/archive_2/e1d7bcd5-74f3-4ba8-98fa-8fd7e8e53d4c.pt,129.4334869766929,132.255393075615,2.821906098922085,0.23609419182993335,100.19868246423603,124.43835625750619,24.239673793270157,1.2853459920900179,0.0,0.0,0.0,0.0,166.77165239551576,179.12562308783615,12.353970692320388,3.562167167663574,168.36572770656156,149.91451246236835,-18.451215244193207,-4.541714477539062,51.092824539884795,103.67337489883452,52.58055035894973,1.2219175497690837
exemplar,exemplar,exemplar/archive_2/e206f89f-6722-4b7b-aa5e-1da854f3c74f.pt,32.98349225409269,22.48958468406126,-10.493907570031428,-0.029750711673764117,50.76391738053942,53.1515108705828,2.387593490043379,0.3185412855033415,43.62327892664757,125.08004587820399,81.45676695155642,2.549347241719564,52.694637997864874,28.295083110782663,-24.39955488708221,-0.07290313641230266,102.57943015945003,31.0083101939611,-71.57111996548892,-0.409184658166134,40.69995915216801,95.02401770997169,54.324058557803674,1.1041615307331085
exemplar,exemplar,exemplar/archive_2/e3ca47f3-9ba7-4a01-a793-27142befd25c.pt,96.0858280180841,33.08308244601086,-63.00274557207324,-1.452913459204778,91.88609375273785,39.754268934203836,-52.131824818534014,-1.2036070952737132,125.84668771826288,146.37815837135116,20.531470653088277,0.07274662909310299,111.93748846284149,79.58088457248944,-32.35660389035205,-1.0170801480611165,153.67705411896227,155.29088715050716,1.6138330315448854,0.30815055153586646,107.8615994365774,173.5346849949688,65.67308555839142,8.97735563913981
exemplar,exemplar,exemplar/archive_2/e52443e5-a588-4cfc-9d56-0d24ba75bb95.pt,66.41335926980528,133.58073036824987,67.16737109844459,3.0278119768415177,77.1132387472409,131.35917256277122,54.24593381553032,2.5721755562533644,80.04068139428729,96.00964489809816,15.968963503810869,0.4608421325683594,151.04706062640048,176.97773742800575,25.930676801605273,4.601686954498291,142.88275099875074,120.07216217741527,-22.81058882133547,-1.9908170700073242,59.51605477716659,3.9590373938669785,-55.55701738329961,-0.8038321308705999
exemplar,exemplar,exemplar/archive_2/e871b1d9-adf7-4508-b8d5-8ba960b2e566.pt,77.55578754134851,84.67470983115578,7.118922289807273,0.20165154630976187,1.1020799073382148,89.58833417586222,88.48625426852401,1.6116037148641102,76.20797013279619,148.62474305325117,72.41677292045497,4.175071398417155,30.970790049100355,140.9915680614476,110.02077801234724,3.6768644650777182,124.75040121631895,134.05341809708582,9.303016880766876,0.7413510409268466,1.6007884259349605,146.29838307111754,144.6975946451826,4.527237097422282
exemplar,exemplar,exemplar/archive_2/e8e67ed2-6a32-4e3a-9a24-1a5b7a5d7691.pt,26.940295913864258,72.9315130511207,45.99121713725644,0.8364308907987247,2.831775239526504,61.235028958436516,58.40325371891001,0.8544984010471898,150.0,96.57545055708108,-53.42454944291892,0.8841094970703125,45.44773390991325,77.2364455473046,31.78871163739135,0.5584789911905924,19.901442080907785,107.02158491912299,87.1201428382152,0.5160586256710852,64.72832728489415,139.29035362453246,74.56202633963831,0.3318897675304878
exemplar,exemplar,exemplar/archive_2/eaa44c08-a035-4803-ab47-513783efb3a7.pt,61.018661329040526,31.611887920967874,-29.406773408072652,-0.19456803279180265,92.0008961216549,117.31518054041821,25.314284418763307,1.1336947140829485,0.0,0.0,0.0,0.0,152.6402929630315,0.0,-152.6402929630315,-3.222999095916748,106.16593904045322,72.72497649221333,-33.440962548239895,-1.1132966926298946,177.5799057533397,177.2824877321326,-0.29741802120707916,-0.17518234252929688
exemplar,exemplar,exemplar/archive_2/ee25387d-83ea-4d27-a105-d01ae8728a92.pt,87.6068379031722,141.9836762615175,54.376838358345296,3.3332692155934343,192.09151268001534,196.21106857933495,4.119555899319607,51.555084228515625,8.55344401952029,125.11561374475492,116.56216972523464,2.845685064792633,101.01542108791011,151.56264119682186,50.547220108911745,2.1085275411605835,170.169998137678,121.9016522919517,-48.26834584572629,-8.114913622538248,151.32993252903708,129.5086489341463,-21.821283594890787,-1.908111572265625
exemplar,exemplar,exemplar/archive_2/f1752ca3-1640-4967-938c-5272dc274596.pt,57.568918017487974,0.9609293863431201,-56.607988631144856,-0.7987921760914207,2.05634801284431,26.246041425758758,24.189693412914448,0.21123234064195298,49.282293899797025,10.009086048320508,-39.27320785147651,-0.5499188303947449,33.82809358660533,3.4471684445947823,-30.380925142010543,-0.34215331077575684,1.500276508360958,56.61537297703498,55.115096468674025,0.7742249156235546,37.548680438865276,84.76126384845519,47.21258340958991,1.0056461310534743
exemplar,exemplar,exemplar/archive_2/f1d40b09-efc4-448c-b6d0-d6a3f43e3b8e.pt,175.2273747186166,181.75363388433126,6.526259165714663,5.754392762115036,180.1003279002348,153.24292030276536,-26.857407597469432,-11.376185697667738,39.600702768756236,80.15354549780592,40.55284272904969,0.7031895319620768,132.38738142403793,106.11939029030597,-26.267991133731954,-0.8276623487472534,185.54126339968406,163.30748965455683,-22.233773745127223,-16.29787360297309,179.82804906709484,144.8439396509666,-34.984109416128234,-9.433023929595947
exemplar,exemplar,exemplar/archive_2/f5b0a3bb-2a24-4ea7-9add-17c93d3d1e7f.pt,113.34924490219373,54.83659306468705,-58.51265183750668,0.03204417013450943,61.654585248283254,101.14521805323803,39.49063280495477,1.574884725594316,187.6465031684273,184.75590971033853,-2.890593458088773,-0.0077383722577776225,166.3818279457852,177.7564857497767,11.374657803991482,3.0422215461730957,185.42588630874812,194.72130853309767,9.29542222434955,47.179707845052086,190.05766572086853,197.380956948201,7.323291227332476,93.74628194173177
exemplar,exemplar,exemplar/archive_2/f724084e-64df-4b4c-88a0-1dc091f01bcd.pt,96.64248566407373,152.63386553972308,55.99137987564934,4.5739913173228,16.827688050245385,12.505486902175006,-4.322201148070379,-0.021808817639328917,0.0,0.0,0.0,0.0,99.96179969726566,172.51030133578192,72.54850163851626,5.2762163281440735,190.92983653207185,112.85516377957912,-78.07467275249273,-39.016696548461915,5.455664411452894,98.27900304479323,92.82333863334034,0.5921212264469692
exemplar,exemplar,exemplar/archive_2/fe04f4ae-8adb-4468-832b-52fe73541363.pt,127.34796723238308,79.1686788617791,-48.179288370603985,-2.1951507301865574,120.59130988868841,100.66274895849459,-19.928560930193825,-1.0103225539885412,59.33954609069413,81.09018505494177,21.750638964247642,0.4334719975789388,100.04300810131545,73.25524419789666,-26.787763903418792,-0.6343289613723755,161.04433362961143,162.76904357292727,1.724709943315844,0.4661517333984375,101.95111859337871,150.0909736496902,48.13985505631149,2.9512383937835693
exemplar,exemplar,exemplar/archive_3/06583efc-f9a7-4a60-af97-acc52a47cf4d.pt,8.762879318240968,138.90557858445547,130.1426992662145,4.462850426108252,165.06701397338665,42.91130796358322,-122.15570600980342,-0.3578509482331388,20.544129379704103,28.738033324166857,8.193903944462754,0.14904441442912755,132.0284850338188,181.46970711093735,49.44122207711854,7.850728511810303,153.73918792353038,142.95097779595918,-10.788210127571205,-1.5961823236374628,17.444387599794116,82.63180089483268,65.18741329503857,0.935721755027771
exemplar,exemplar,exemplar/archive_3/08d11c63-55b7-499f-975d-fd09bd12dc53.pt,73.46076897999802,75.7775945657166,2.3168255857185756,0.058943103353792194,105.6022397859726,43.310203370852165,-62.292036415120435,-1.6825781365706458,135.063872692165,33.333498932712004,-101.730373759453,-0.5180726227936922,144.85451271436025,170.80402694243563,25.949514228075373,3.223489761352539,98.59850979612577,1.0023291896715805,-97.59618060645418,-1.9310185007388225,172.34118037756235,144.8439396509666,-27.49724072659575,-5.407337665557861
exemplar,exemplar,exemplar/archive_3/0bd10243-a38d-4bdd-bbe8-5e29012bae94.pt,63.65779237115929,126.66547034942968,63.007677978270394,2.5195132232081816,110.85503102098231,145.03033241185892,34.17530139087661,2.7820865796959917,22.40528968619587,109.09235211839624,86.68706243220036,1.9687712987263997,102.57508668510614,152.00931551353491,49.43422882842877,2.1146124601364136,157.2810097099847,107.56954986089633,-49.71145984908836,-4.96188107658835,147.52671577329681,144.8439396509666,-2.6827761223302105,-0.27808284759521484
exemplar,exemplar,exemplar/archive_3/0d2973d0-80d2-4ac3-8942-1bfab430d8fb.pt,80.54470567481496,89.00478614832056,8.460080473505599,0.2552220445083874,23.602109995603616,10.710646430233139,-12.891463565370477,-0.15443139158839017,30.06607513558055,118.72175611971979,88.65568098413924,0.48174330245616825,77.46971981670679,21.16396831280994,-56.30575150389684,-0.357838773727417,39.22194174344585,19.67194693840006,-19.549994805045795,-0.26928848315665194,136.02084436023907,109.44328348677293,-26.57756087346614,-1.7431692123413085
exemplar,exemplar,exemplar/archive_3/0eb34ec2-1755-44cf-9fd1-ae1eda09f0b7.pt,75.52087476003162,29.996074870433777,-45.524799889597844,-0.2873610161957521,121.71255483174458,65.52726630462115,-56.18528852712343,-0.2630874925660258,28.55138781909873,31.110334642007302,2.558946822908574,-0.06325531005859375,93.96936523103452,69.19019503406672,-24.779170196967797,-0.11898961067199706,26.409802830472426,14.389709106855722,-12.020093723616704,-0.0781915298053528,79.58005357439338,19.609937371281536,-59.97011620311184,-0.3506523921571929
exemplar,exemplar,exemplar/archive_3/0f110dec-cdf6-4850-b898-f98be71240f5.pt,52.096454004536085,149.82820837836718,97.7317543738311,5.26438461934959,12.146526481392648,190.76558802539952,178.61906154400688,38.62662065029144,76.80390956221143,169.82367482725775,93.01976526504632,8.757497191429138,0.0,155.61417972319288,155.61417972319288,3.505943536758423,162.1435167808067,123.15588105271877,-38.98763572808792,-5.249193827311198,76.92751581208192,60.56329365921466,-16.364222152867264,0.23482978343963623
exemplar,exemplar,exemplar/archive_3/12ecbf82-8a28-44e1-b2ab-06f8e50cea97.pt,128.55608862194111,80.88644321626687,-47.669645405674245,-2.2405063090817015,120.59130988868841,100.66274895849459,-19.928560930193825,-1.0103225539885412,59.33954609069413,81.09018505494177,21.750638964247642,0.4334719975789388,100.04300810131545,73.25524419789666,-26.787763903418792,-0.6343289613723755,161.04433362961143,162.76904357292727,1.724709943315844,0.4661517333984375,101.95111859337871,150.0909736496902,48.13985505631149,2.9512383937835693
exemplar,exemplar,exemplar/archive_3/1388fecd-67a1-45ac-8157-fc0f8d2f0a05.pt,43.07235746915337,57.867649574208734,14.795292105055367,0.09441618086776948,77.96835334931555,91.95865339059596,13.990300041280406,0.06895499809571339,79.76183445946914,51.15880909908935,-28.60302536037979,-0.5936381476266044,5.768739302271103,26.357164249792884,20.58842494752178,0.21657031774520874,90.82986722361514,96.57945038142856,5.749583157813419,0.026661423454336773,41.92208295391576,53.54735045579331,11.625267501877545,0.07578109941210485
exemplar,exemplar,exemplar/archive_3/13fb640f-1e24-47fd-bb39-25b8d08a824d.pt,77.43812423400492,23.501572878291405,-53.93655135571351,-0.9973099662162163,43.33786007554106,13.723671367790558,-29.6141887077505,-0.40590475443844076,60.13360342940469,104.2463334175295,44.11272998812481,1.2931152626320168,20.75412984807645,56.30810756509518,35.553977717018725,0.5127221516200474,106.98032593827847,63.20126072939915,-43.77906520887932,-1.3749858106303419,99.33178341283917,47.37341792815244,-51.95836548468673,-1.3484724530522127
exemplar,exemplar,exemplar/archive_3/1850c071-2916-4efd-ae6e-47fc45672aeb.pt,38.09230296280322,54.425715287283985,16.33341232448077,0.10785183940884657,33.476465519845526,59.864443038838246,26.38797751899272,0.17396839696062552,50.68726745683876,77.15578428379925,26.46851682696049,0.5684698856238163,70.67168517072506,73.52965511618387,2.8579699454588194,0.05824438730875651,77.5911430699816,53.56292074740636,-24.02822232257524,-0.5358868848096143,88.40041646159031,7.717510244732841,-80.68290621685748,-1.5033124957168311
exemplar,exemplar,exemplar/archive_3/1b2d4669-b746-4295-9d6f-a209f5d3b340.pt,16.829577420650267,9.140154430725413,-7.689422989924854,-0.05945338723442804,72.65203225908745,16.496849323277758,-56.15518293580969,-0.988230272555728,30.88584228848746,105.74399805577123,74.85815576728376,1.721954107284546,21.714019054500007,9.348457623083947,-12.36556143141606,-0.08150466283162434,102.73188343505545,68.07640220107803,-34.655481233977426,-1.6030057110363924,1.2218117557282566,73.76459358574427,72.54278183001601,0.5178208351135254
exemplar,exemplar,exemplar/archive_3/1d4d5e23-1d85-41d4-a3f9-b1a83d23c34b.pt,116.80505645390143,42.8129506479036,-73.99210580599782,-0.19264193493252169,53.07625905462213,108.73803523891591,55.661776184293785,1.9632439960574617,186.04863150244282,169.2765589606303,-16.77207254181252,-0.04697784010346953,152.51476333993332,184.88651946420433,32.371756124271,9.02138376235962,191.11477705552258,192.5139292291103,1.3991521735877086,8.151065826416016,194.63081676537078,196.0181529193893,1.3873361540185272,19.467498779296875
exemplar,exemplar,exemplar/archive_3/1e583b76-4ef7-4e53-a161-03b8f8430ed8.pt,7.778971473564054,23.153629537734865,15.374658064170811,0.18090830338809036,123.20729558698015,140.24397787797702,17.036682290996865,1.4846968810768109,50.171391239830925,140.82965649830626,90.65826525847534,3.5791229009628296,68.42648562102548,137.76820678449494,69.34172116346946,2.540592908859253,174.79274075980072,116.61833834699264,-58.17440241280808,-10.984732866287231,85.36422296509367,24.774759217979152,-60.58946374711452,-1.2533972670392293
exemplar,exemplar,exemplar/archive_3/21ae4549-1aff-4723-9c89-74015a97c167.pt,62.220908505357606,70.20745823705897,7.986549731701366,0.17860856811052123,134.3768722390627,134.3768722390627,0.0,0.0,0.0,0.0,0.0,0.0,0.0,0.0,0.0,0.0,7.255418233381711,72.3750596352525,65.11964140187078,0.4586759294782366,6.1869757226165225,57.6104724648379,51.423496742221374,0.5618865787982941
exemplar,exemplar,exemplar/archive_3/2259df4b-da56-4694-8ebf-a250b93cf8f5.pt,34.52614590921571,34.197785215312045,-0.3283606939036616,-0.12525737869851408,73.97820301954985,20.256840038598398,-53.721362980951454,-0.948632586295886,35.13787652674477,78.682404556041,43.54452802929624,0.2657458426705291,104.40051684710502,62.204510218204405,-42.19600662890062,-1.0677253405253093,10.314989448683468,3.6727861968108897,-6.642203251872578,-0.0606196302651032,117.71239943061265,148.86804943577044,31.155650005157796,2.4682480494181314
exemplar,exemplar,exemplar/archive_3/232fe499-7681-4c8a-b15d-0864a56edfd4.pt,6.229578803109623,77.35069034482994,71.12111154172032,1.1968226975990186,4.004448532530436,101.87240811362946,97.86795958109903,2.0364951166391774,74.79338226206944,152.47603012126007,77.68264785919062,4.56932520866394,127.57026828228176,170.23832027433824,42.668051992056476,3.958753824234009,145.38006016065833,122.98197410740867,-22.398086053249656,-2.099318586077009,51.092824539884795,140.81699253811962,89.72416799823483,3.393716255823771
exemplar,exemplar,exemplar/archive_3/2366c0f3-3d8a-4ba5-a1e5-4448a419d2fd.pt,10.607433989166797,64.72656756775211,54.11913357858532,0.8448220580739261,29.61979661894454,60.82404135601226,31.204244737067718,0.6159556338364264,40.376254895115906,128.7095701740013,88.3333152788854,2.8462119102478027,79.23463804761268,137.76820678449494,58.53356873688226,2.3365310430526733,31.514576298078854,16.168158570211833,-15.34641772786702,-0.22431331822341893,16.2079142348437,43.717449891836694,27.509535656992995,0.20817769684406542
exemplar,exemplar,exemplar/archive_3/28eb748c-eb75-4d49-9730-91b175a03814.pt,79.34262094395241,94.85383785205053,15.51121690809812,1.2360400879961682,23.258525181337987,141.51207230751365,118.25354712617566,4.574462890625,0.0,0.0,0.0,0.0,144.56179599889157,175.79026445516314,31.22846845627157,4.653518915176392,189.38329706050155,191.60021998713634,2.216922926634794,9.651349235983457,195.3758250514833,196.12502990858516,0.7492048571018586,12.543514251708984
exemplar,exemplar,exemplar/archive_3/2911e90a-d77a-49df-ad2e-6d3041ef039d.pt,37.19034892997647,53.76685958279037,16.576510652813894,0.11015891345969067,25.891130670456583,32.524189939011755,6.633059268555172,0.05051310296846011,79.61563927602224,57.82276354400018,-21.792875732022054,-0.48971234835111177,176.73267952870503,174.3725095737157,-2.3601699549893453,-0.7916274070739746,73.89970176583323,86.47021314764336,12.570511381810135,0.0640723885333238,147.56916886715146,158.02048473049314,10.451315863341677,0.03358991994153733
exemplar,exemplar,exemplar/archive_3/2b4a4eaf-94fc-43b7-bd1e-9ae39557e259.pt,8.730930770535233,22.4345259418298,13.703595171294568,0.11805968016832537,0.29215963422672986,5.515644944264633,5.223485310037903,0.05379398410054752,62.64445193350823,21.170223994901747,-41.47422793860648,-0.6633258547101702,56.85772931860993,94.4101342812404,37.552404962630476,0.828183094660441,106.86391454278467,53.44445236316866,-53.41946217961601,-1.5634884941846805,77.0018593946577,40.13040389665548,-36.87145549800222,-0.7464364858774039
exemplar,exemplar,exemplar/archive_3/2cba8c1f-4f72-400a-b18f-1905a649a686.pt,69.19894345313864,30.66440512153627,-38.53453833160237,-0.24821931063641337,55.149732856415866,43.4816086192233,-11.668124237192565,-0.07512198949556124,0.0,0.0,0.0,0.0,0.0,0.0,0.0,0.0,159.05424526388595,46.67595255536792,-112.37829270851802,-7.122876326243083,104.17692674224175,171.9776318338823,67.80070509164055,7.574963331222534
exemplar,exemplar,exemplar/archive_3/2eed692f-7176-4ea9-bbef-c95f4bd43b45.pt,5.376074590022649,29.165448679348547,23.789374089325896,0.2861941906313453,58.397621292913904,44.392222357036665,-14.005398935877238,-0.08871006981729766,137.1010437004034,116.8999902207923,-20.201053479611105,-0.07534685060959453,60.620195873874785,22.648832183255063,-37.971363690619725,-0.19813240898980033,30.773689647653466,61.12401228521862,30.350322637565153,0.10444407743566177,14.023103785327272,98.54351522798372,84.52041144265644,0.5091085592130336
exemplar,exemplar,exemplar/archive_3/305dc971-6cb9-4479-8da4-3ed6a2167a44.pt,61.18199607617738,50.5103847139442,-10.671611362233179,-0.47818595902092,58.918837192482684,40.66785081425654,-18.250986378226145,-0.4972593697717495,0.0,0.0,0.0,0.0,3.4777369305377053,47.557304713045575,44.07956778250787,0.31502656936645507,49.26456164430617,137.52699295313272,88.26243130882655,0.4195984127817817,10.012393282736111,124.32671442993414,114.31432114719803,0.6610203421658153
exemplar,exemplar,exemplar/archive_3/37871b96-f93e-4673-a7c8-d7a71505804b.pt,46.70087494014713,103.70369398161212,57.00281904146499,1.5444482066017988,65.6564041386874,139.92501189088068,74.26860775219328,3.672937698694535,18.491069923216124,96.02371855794507,77.53264863472896,1.3694024085998535,27.77800247227823,94.40803427638367,66.63003180410544,1.0991874933242798,126.71879009024337,166.0326471989666,39.31385710872323,6.151335866827714,80.02458259432755,118.62656354593292,38.60198095160537,1.1861945390701294
exemplar,exemplar,exemplar/archive_3/37996d69-2677-4717-ae97-cde6bd8748be.pt,94.79199634927664,135.5244998618852,40.73250351260856,2.4005892250448397,78.54196097275022,86.05760350616566,7.515642533415445,0.21651278044048108,20.89620268388537,130.60448984414802,109.70828716026264,3.276961326599121,136.88411927525226,165.23362034930798,28.349501074055723,2.583909511566162,179.0186334133454,101.74107628125597,-77.27755713208944,-14.773163066190833,178.44987346940454,131.19462667998272,-47.25524678942182,-9.560907363891602
exemplar,exemplar,exemplar/archive_3/3864614f-2506-48de-b994-99ae08ca30de.pt,61.18199607617738,50.5103847139442,-10.671611362233179,-0.47818595902092,58.918837192482684,40.66785081425654,-18.250986378226145,-0.4972593697717495,0.0,0.0,0.0,0.0,3.4777369305377053,47.557304713045575,44.07956778250787,0.31502656936645507,49.26456164430617,137.52699295313272,88.26243130882655,0.4195984127817817,10.012393282736111,124.32671442993414,114.31432114719803,0.6610203421658153
exemplar,exemplar,exemplar/archive_3/3a7ddf40-4818-4f21-9614-7429c3608ef7.pt,2.195190148077765,10.261092727695221,8.065902579617456,0.08595185268519893,68.32668273885777,9.027960216159988,-59.29872252269778,-0.4146810137676449,43.21902977915718,54.85544355508487,11.636413775927686,0.1874979337056478,63.74578378341503,77.43746568945828,13.69168190604325,0.24596333503723145,61.38414389270583,30.20905988967594,-31.175084003029887,-0.20714095591620627,65.9682001518848,23.013933536787818,-42.954266615096984,-0.28877111399395866
exemplar,exemplar,exemplar/archive_3/3c34c8dd-6143-4349-ba49-9db7514afb35.pt,18.600400663375407,54.78458046790544,36.18417980453003,0.25986730978969175,0.25726839030576976,24.890273488819,24.63300509851323,0.21877575742164482,65.8938641501828,14.73635226204918,-51.15751188813361,-0.8111477476177793,64.30823828049783,68.85524744852206,4.547009168024232,0.08517265319824219,38.03712835921397,67.70028897353728,29.66316061432331,0.5534195889051774,69.78458012433188,47.22027378558806,-22.56430633874382,-0.45146044562844667
exemplar,exemplar,exemplar/archive_3/3c3922e9-8e61-4c70-96f8-df25f0a19bf7.pt,123.34574149716634,140.27206585832076,16.926324361154414,1.4786569180664249,148.59764124837977,145.35074934223783,-3.24689190614194,-0.4622055652785797,0.0,0.0,0.0,0.0,177.6384145260226,174.30458475536693,-3.3338297706556546,-1.1604199409484863,173.72749329902567,152.49083053459862,-21.236662764427052,-6.6354736328125,83.04611067832076,131.69116507990154,48.64505440158078,2.029672145843506
exemplar,exemplar,exemplar/archive_3/41564015-3c26-45b3-975a-6e027e49d63d.pt,51.31008774598115,93.15829961746381,41.84821187148266,1.053164200044014,136.50062852057445,164.3544343703986,27.85380584982414,4.831163194444445,65.98334182193094,80.64100350527934,14.657661683348408,0.33598677317301434,0.0,0.0,0.0,0.0,131.04061051229635,39.178903546355414,-91.86170696594094,-0.4636353556315104,21.255558023150495,66.33979544523882,45.08423742208832,0.600395679473877
exemplar,exemplar,exemplar/archive_3/41c44d85-1b9b-468f-a8cd-379651170f92.pt,39.73749850995298,78.83079618475617,39.09329767480319,0.8049693860505757,14.408872491723665,80.74733613941922,66.33846364769555,1.1984992832702728,133.33333333333334,66.1802199092427,-67.15311342409065,0.1575789451599121,154.9632602432366,138.695379042355,-16.26788120088159,-1.178421974182129,75.59217692376762,42.40545224705423,-33.186724676713396,-0.676423232065739,20.433795897179657,32.08277080670171,11.648974909522053,0.04875965810192681
exemplar,exemplar,exemplar/archive_3/467481bc-1cd4-4fe9-89ba-205dac892ea5.pt,92.25389467945226,121.54099998103463,29.287105301582372,1.3852650035511365,4.802252154199023,1.9793815793162706,-2.822870574882752,-0.0295843440581133,131.41714701112713,48.04111073455413,-83.37603627657299,-0.4039786872217211,139.3410462289251,169.46022271160314,30.11917648267803,3.251713752746582,54.143625862329344,3.5148776551625303,-50.628748207166815,-0.7053425356030905,97.37492721361843,136.04329100968644,38.66836379606801,1.7674106359481812
exemplar,exemplar,exemplar/archive_3/49f1f8f6-4127-4a44-9242-241f59f88c5e.pt,59.4205489527644,66.29158358401688,6.871034631252478,0.14621551908354394,22.700440357961213,103.81491382841027,81.11447347044906,1.9024050995389532,75.59575644399308,152.6382758633716,77.04251941937852,4.794454574584961,31.858143136477036,142.08478129296725,110.22663815649021,3.7730865478515625,133.78912066997418,141.1764915630054,7.387370893031232,0.7484464903135557,45.373737074590856,161.2760723599332,115.90233528534236,5.806986033916473
exemplar,exemplar,exemplar/archive_3/4df0be4b-66c4-43cd-95f6-183ce806d41e.pt,35.25433052904412,54.82107384937006,19.56674332032594,0.13055821356809322,25.823661895921795,48.694488279699975,22.87082638377818,0.16289353032133633,0.5429852449363225,12.52067156937447,11.977686324438148,0.12716777289091652,0.0,0.0,0.0,0.0,45.6420677921738,25.32363004118308,-20.318437750990718,-0.1467217014927233,4.480378468355235,37.0575158278512,32.577137359495964,0.4068244195753528
exemplar,exemplar,exemplar/archive_3/513a25e1-b5eb-493a-81eb-2c6783edec5c.pt,97.51254929835974,126.94452205945247,29.431972761092723,1.5722170407717282,86.58616241321005,86.58616241321005,0.0,0.0,5.054268744121318,129.57690574688033,124.52263700275901,3.0234181880950928,3.596147478634481,81.2643215946682,77.66817411603373,1.0001257956027985,165.28678726927953,109.72818126758582,-55.558606001693704,-7.021008911132813,44.40091646188729,14.335571909697208,-30.065344552190084,-0.420136231642503
exemplar,exemplar,exemplar/archive_3/526a1c2b-6fb4-4058-81df-1804a76c3555.pt,157.0475661498434,168.7380034491606,11.69043729931721,3.47810791015625,160.01424753977483,163.52794615609716,3.51369861632233,0.9622322082519531,0.0,0.0,0.0,0.0,165.37711690707494,155.20105407676107,-10.176062830313867,-1.3121356964111328,185.6639987781817,169.70566127808164,-15.958337500100072,-14.26570219152114,129.5086489341463,150.0909736496902,20.582324715543905,1.7550954818725586
exemplar,exemplar,exemplar/archive_3/5339e381-b42d-4d17-af6e-9f012b8a4e95.pt,79.09848985056001,44.12146707818191,-34.977022772378106,-0.7423394052688282,16.298166265578867,26.301165802957776,10.002999537378908,0.055000472618880136,26.940622491562895,0.45995460483758066,-26.480667886725314,-0.21341307957967123,38.979455815112466,40.75837025297887,1.7789144378664048,0.011130523681640626,50.831390536342326,4.497431772820535,-46.33395876352179,-0.35912814921080016,37.12012919896058,22.124470938604823,-14.99565826035576,-0.06412804645040761
exemplar,exemplar,exemplar/archive_3/58a5481a-b506-4e99-b4fb-49575de3138b.pt,5.8016469455339506,32.645943384498246,26.844296438964296,0.3303847045869493,95.09855863568613,115.4544098133795,20.355851177693367,0.9179455818965517,47.24029703175512,113.6309253082771,66.39062827652198,1.8450627326965332,11.839928567160381,103.99052299031409,92.1505944231537,1.7003382047017415,174.5642303984744,120.86239539221758,-53.701835006256815,-10.596247713330765,49.514086746677776,1.9567899421852573,-47.557296804492516,-0.6312513129655705
exemplar,exemplar,exemplar/archive_3/59f7052a-5874-4452-a75a-0ac2831b9d84.pt,5.75715696467075,58.01498755575123,52.257830591080484,0.761220428138894,75.87075080394935,84.06613701558645,8.1953862116371,0.9000706929003659,54.40952785769306,113.6309253082771,59.22139745058404,1.726866881052653,48.72424650510389,110.0005218475601,61.2762753424562,1.710564096768697,72.22540931364776,126.94690082554253,54.72149151189477,2.315644454956055,63.47309599352635,159.24391838439598,95.77082239086963,5.1634955406188965
exemplar,exemplar,exemplar/archive_3/5b52039c-4c2d-4e64-a978-c21785ee7c6b.pt,1.0858422774542713,65.02899013371953,63.94314785626526,0.952525905412034,59.71479210187478,47.109974441427916,-12.604817660446862,0.15638298716971544,150.0,124.53784256483034,-25.462157435169658,2.1380863189697266,38.87249345606205,96.27197742028854,57.399483964226484,1.1447771390279133,7.386028084762912,125.79457151440808,118.40854342964516,0.7008694830343144,53.588917353475324,156.57276105504363,102.9838437015683,0.4553430920112424
exemplar,exemplar,exemplar/archive_3/62825ea7-7137-4533-92d7-d441af4c40ba.pt,43.64732651338057,26.706661972903998,-16.940664540476572,-0.25008396919324466,2.6019098014885667,23.67317745259859,21.071267651110023,0.18598501808540524,19.384522990696066,1.9575821431861289,-17.426940847509936,-0.14386900266011557,36.01078771097257,35.71368626338274,-0.2971014475898315,-0.001922607421875,50.15509926620778,7.2680210047261244,-42.887078261481655,-0.3307077893471806,35.1242138680222,10.7361978400624,-24.3880160279598,-0.19626783288043478
exemplar,exemplar,exemplar/archive_3/64224705-c771-420a-9f84-1c001366ba33.pt,70.02278913332547,17.894841619722616,-52.12794751360286,-0.8808982183127353,33.220595999205834,6.274652091737612,-26.945943907468223,-0.33358914159208464,59.29059373619954,100.16049191267066,40.869898176471125,1.1421419779459636,20.19746244270038,55.289386449388765,35.09192400668839,0.5009406634739467,105.94818663107803,67.4931807664491,-38.45500586462893,-1.2332198684279982,99.07337447372521,57.90384377286209,-41.16953070086312,-1.1447139763684007
exemplar,exemplar,exemplar/archive_3/645258ad-eb6e-4363-bf0c-9fda5164f36b.pt,63.050659487749584,47.7237753494401,-15.326884138309481,-0.5354616055229806,59.579524609205166,40.51502054133685,-19.064504067868313,-0.5116547655134194,0.0,0.0,0.0,0.0,3.182717598214817,52.55670204898252,49.37398445076771,0.34638175964355467,47.63325481456704,135.12801326495352,87.49475845038648,0.4216861553907793,11.37832745200069,120.90295773330271,109.52463028130202,0.6326261945384782
exemplar,exemplar,exemplar/archive_3/69d67690-ef91-4389-b6a9-704f1e89952c.pt,41.937461539431176,19.182939909961014,-22.75452162947016,-0.3184159883693958,6.780974539867444,22.496223069834528,15.715248529967084,0.18786385296712482,49.45965172211562,15.81830959219491,-33.641342129920716,-0.4448825518290202,82.76966089655144,56.36220675219927,-26.407454144352172,-0.4704777002334595,62.288281509585445,16.90917843973138,-45.37910306985407,-0.31890335223512317,69.62699754084736,16.003080105662598,-53.62391743518476,-0.3414558742357337
exemplar,exemplar,exemplar/archive_3/6ee6e354-d81a-46f4-a113-c16e881419db.pt,83.00613663496064,89.21685329962071,6.210716664660069,0.19166189463350786,82.14476050389634,125.15635674918506,43.01159624528873,1.9501908075241816,39.23981656379745,20.735925117809696,-18.50389144598775,-0.29976780759993377,171.43468920415756,184.64457138907426,13.209882184916694,6.023210525512695,171.93753069481068,176.73307106899392,4.795540374183247,2.8460617065429688,114.6963901060408,165.95051758118882,51.254127475148024,5.293856620788574
exemplar,exemplar,exemplar/archive_3/6f0ca42f-3067-45a1-a683-4042133a9202.pt,184.95999848447437,189.18782958295589,4.227831098481516,10.333785044996045,196.27144988493617,190.90791396132303,-5.363535923613142,-58.012168884277344,36.591755221750034,84.27772128502124,47.68596606327121,0.8405787150065104,134.84711929879828,109.05456233186803,-25.79255696693025,-0.8705823421478271,187.38715124888012,166.54752458406614,-20.839626664813977,-19.139041900634766,179.01170055420306,132.8453920718689,-46.16630848233416,-9.826375007629395
exemplar,exemplar,exemplar/archive_3/714d7039-2846-4e1e-a836-7bbcc8b6289a.pt,164.50973146969778,184.72949482320755,20.219763353509762,14.86192435272469,6.291939470497116,73.25375778058816,66.96181831009105,1.079816857162787,25.318523827779213,106.17011391563243,80.85159008785321,1.644293228785197,116.4407952530496,119.48066682606829,3.0398715730186865,0.0903630256652832,182.5543358572663,166.64998362641433,-15.90435223085197,-10.646590383429276,146.20039963253714,106.36166884423386,-39.83873078830328,-2.3724334239959717
exemplar,exemplar,exemplar/archive_3/765100ca-9941-475f-92bd-c0304625006e.pt,3.5169247385380547,3.8832223778374595,0.36629763929940484,0.005039555095650682,54.57644770172624,22.990156041898057,-31.58629165982818,-0.2225616201462521,65.91687125841038,25.048392791956157,-40.86847846645422,-0.2722554524739583,4.935796909379222,78.56547268052306,73.62967577114384,1.1742742326524522,101.79635327378824,41.86013861848122,-59.93621465530702,-1.5428452299213182,150.0749109676391,62.529726966126056,-87.54518400151306,-5.0825074661609735
exemplar,exemplar,exemplar/archive_3/7a8292e7-d54f-47e7-939d-07247297c66a.pt,111.41850830181343,136.41060913492217,24.992100833108736,1.7746049886555915,114.04365479252796,137.56138803372338,23.517733241195415,1.752606437603268,136.3525394922533,138.36044072294288,2.0079012306895834,0.17060057322184244,162.7289296647064,179.12562308783615,16.396693423129733,4.21503210067749,133.518726156647,75.19983757019587,-58.31888858645114,-2.806743476630082,29.700920625144136,90.11777157479277,60.416850949648634,0.2719470867212268
exemplar,exemplar,exemplar/archive_3/7ca5352c-c08e-405a-81fc-ad9b893bbb74.pt,7.5725651550857105,11.153387002007179,3.5808218469214683,0.03940954831205063,74.98161746315225,1.990832785306665,-72.99078467784558,-0.5255813913514354,166.66666666666666,47.810837046360135,-118.85582962030652,-0.2573843002319336,52.56086450299072,30.0811463740774,-22.47971812891332,-0.2990992069244385,25.274917315441066,93.91967954614886,68.64476223070778,0.4146201538467805,66.1053515362831,141.0370948063888,74.93174327010571,0.33011001214748475
exemplar,exemplar,exemplar/archive_3/7efb5b4e-0e1d-4b1e-a030-e65c830dba5d.pt,53.37901923157906,13.891348317444375,-39.48767091413468,-0.5788306281618887,48.93763987353475,73.95320240605209,25.015562532517336,0.5254435893917871,103.69233209897675,64.91364809074578,-38.77868400823097,-1.092929522196452,49.79410678342102,20.75916538456509,-29.03494139885593,-0.3594808578491211,88.64305300321325,36.78141547274904,-51.861637530464215,-0.3032423810261052,29.143353571584722,148.82341845036242,119.6800648787777,4.106198310852051
exemplar,exemplar,exemplar/archive_3/7fde29f5-7a7e-4430-bd5a-d53d331c76fd.pt,57.82254589928075,93.04352023357399,35.22097433429324,0.9262262082567402,25.111221635118724,31.756078682162613,6.644857047043889,0.050921630859375,128.9107428860367,43.922642531686634,-84.98810035435007,-0.4218538503731247,139.3410462289251,169.46022271160314,30.11917648267803,3.251713752746582,54.143625862329344,3.5148776551625303,-50.628748207166815,-0.7053425356030905,97.37492721361843,136.04329100968644,38.66836379606801,1.7674106359481812
exemplar,exemplar,exemplar/archive_3/84f243ce-de91-4e4e-82df-037ca151348d.pt,18.321385093710237,45.751466768685425,27.430081674975188,0.39151776026165674,67.34701450582867,44.72749210986035,-22.619522395968318,-0.13828629620276575,99.89383685543069,113.16891614682582,13.27507929139513,0.056320220000984134,29.107858440917255,66.77893282613866,37.6710743852214,0.6949713570731026,57.535468175037444,12.723574317115935,-44.81189385792151,-0.6714442641481914,115.14490519345212,42.42498634074052,-72.7199188527116,-2.1670130056928296
exemplar,exemplar,exemplar/archive_3/85ddd60e-a64f-419e-8b38-b5166d5ad1b1.pt,20.852021319680322,40.21939139708168,19.367370077401358,0.31459665599919295,90.78355402411552,4.951659474137686,-85.83189454997783,-0.5736170323696734,87.54863436961075,64.05142692999556,-23.497207439615195,-0.12375653800317797,46.07286856497119,87.70053934105289,41.6276707760817,1.1026225430624825,16.20649630598596,28.58340911982272,12.376912813836757,0.18325975796902222,4.205798249841741,89.63054964949582,85.42475139965408,1.4699281283787318
exemplar,exemplar,exemplar/archive_3/86d4e5a5-73ae-4efb-a82b-74835eb253df.pt,106.30581363510248,115.61431464783266,9.308501012730176,0.47077597863478116,53.62541910242067,63.945563005027076,10.320143902606404,0.20718780603221468,113.68400949473148,75.04693600558541,-38.637073489146076,-0.1782915881861036,108.08651316101242,159.05677712531076,50.97026396429834,2.708854079246521,20.71270538634106,1.777926758474788,-18.934778627866272,-0.21272697029532966,134.46146720878485,162.25641675398475,27.7949495451999,3.370911121368408
exemplar,exemplar,exemplar/archive_3/8a1b09f4-8b12-4e3a-95b9-58b27dae1b27.pt,77.6528814532645,103.5816249958121,25.928743542547608,0.8791451019363979,48.31750610042276,60.088662043094985,11.771155942672223,0.22185252412600145,43.730654515495765,138.74936256639387,95.01870805089811,3.824058492978414,30.360589554899757,85.91952605727582,55.558936502376056,1.1184344291687012,45.16168880176138,19.406517166044505,-25.755171635716874,-0.3681057400173611,16.003080105662598,3.876284823240497,-12.126795282422101,-0.1355014587781444
exemplar,exemplar,exemplar/archive_3/8be9ce88-19c5-490e-8054-80f1eb75f145.pt,165.40389684137782,182.6422304588381,17.238333617460285,11.438613542163646,160.58084068106896,145.71782352139172,-14.863017159677241,-2.747576904296875,35.07643932169033,78.05408191496922,42.97764259327889,0.7123138109842936,110.48755245056711,106.61508158426028,-3.872470866306827,-0.09265267848968506,176.80286512595768,164.11781418694952,-12.685050939008164,-5.935497083162007,157.11326016281055,137.59142377262108,-19.521836390189463,-2.1881375312805176
exemplar,exemplar,exemplar/archive_3/8db4404b-d427-4fdb-bb09-ea2dbd1df722.pt,19.6570901451222,19.6570901451222,0.0,0.0,12.801602709912496,1.310031949345238,-11.491570760567258,-0.10729701252371666,71.88348779102088,110.1000079869213,38.216520195900415,1.260869026184082,16.19140612731735,50.300234419837075,34.108828292519725,0.44625425338745117,9.224657349421962,16.328676963751995,7.104019614330033,0.06277095375722544,38.06283259377512,33.91940554002034,-4.1434270537547775,-0.029747463319359756
exemplar,exemplar,exemplar/archive_3/908de307-aeee-4cfe-95b0-46ab568997c4.pt,5.628531281134629,32.368070012836895,26.739538731702268,0.32825729329035,91.55448796933997,112.39389361400228,20.839405644662307,0.8772878287305563,47.41156554626001,113.94847563277436,66.53691008651435,1.8580349286397297,11.839928567160381,104.19568720884475,92.35575864168436,1.707773208618164,174.78460004205195,121.76536490371505,-53.019235138336896,-10.673707362583706,51.742540043332596,0.42421184909329396,-51.3183281942393,-0.6854991004580543
exemplar,exemplar,exemplar/archive_3/933b3c35-b647-4b59-9bcd-f042466674b6.pt,81.143750403458,86.32248534759658,5.178734944138583,0.15327907569577734,33.7610832039079,35.607737485306785,1.8466542813988838,-0.10385843912760416,134.55110594511038,37.76694917057472,-96.78415677453566,-0.48439193221758,144.56179599889157,170.33663289031517,25.774836891423604,3.134702444076538,97.46666876428036,2.514492677741533,-94.95217608653883,-1.8722446343115775,171.9776318338823,152.5407885035583,-19.436843330323995,-4.384515762329102
exemplar,exemplar,exemplar/archive_3/93d9e5bf-7351-4866-8514-29bc581b2375.pt,26.925496432447027,2.850282536151077,-24.07521389629595,-0.2830378402093242,13.283430295529175,14.126706557738448,0.8432762622092724,0.009719038906009244,146.7448324646652,144.12775637737522,-2.6170760872899734,-0.32982969284057617,137.91570262148747,146.7317275381834,8.816024916695937,0.7997305393218994,74.27908418966285,99.41887212884076,25.139787939177907,-0.5174454062538073,47.838329345367896,174.95344028822558,127.11511094285768,0.5470214061633656
exemplar,exemplar,exemplar/archive_3/93e43f7b-8376-46b6-99c5-66025727bea6.pt,69.20202693808234,84.48293107459963,15.280904136517293,0.40438771373820753,57.84762993467928,90.81424847856934,32.96661854389006,0.8492677688598633,2.073244555703542,44.058608149581644,41.985363593878105,0.45378875732421875,154.72419925176206,131.3049817680274,-23.419217483734656,-1.5059515237808228,86.49059048621726,87.7054648649252,1.2148743787079468,0.03806627267762158,36.28680350497953,60.80819177724465,24.52138827226512,0.4282163639658505
exemplar,exemplar,exemplar/archive_3/95c22d49-3c60-4de8-aaf1-50d771902c6f.pt,104.47963592783672,133.2461373522699,28.766501424433173,1.8035746729651163,50.882161944193804,138.56280134389175,87.68063939969795,3.8257755841549868,51.334971200276414,88.59940881754905,37.264437617272634,0.7500271797180176,133.45272050597652,119.90581499593806,-13.546905510038457,-0.5083218812942505,146.9402089604451,162.14243833895998,15.202229378514886,2.9711953622323497,48.49625187243832,153.7240434678546,105.22779159541629,4.502699136734009
exemplar,exemplar,exemplar/archive_3/9842c884-7992-4951-a284-bf50d8e97b05.pt,29.670120928590343,21.27544761284597,-8.394673315744374,-0.020290363046044865,98.23730835983741,66.47098330288841,-31.766325056949,-0.15985293261846184,41.48121007855481,100.90709378525851,59.4258837067037,1.3871510823567708,80.33809103797547,11.218259713340807,-69.11983132463467,-0.37858537832895917,48.21026488234856,56.248328485075525,8.038063602726965,-0.1960307510069127,39.415840559223696,32.49528000658525,-6.920560552638449,0.05546310212877062
exemplar,exemplar,exemplar/archive_3/9f921d58-91bf-4b62-8e1d-b95c556b3e67.pt,39.14283357580763,55.2274851278121,16.084651552004473,0.10541049876300215,35.54595410254364,61.54448407033935,25.99852996779571,0.16880368606403992,50.68726745683876,77.93952750937355,27.252260052534787,0.5890606966885653,70.67168517072506,73.86541230089381,3.193727130168753,0.06526025136311848,78.16663704310578,54.19204424930689,-23.97459279379889,-0.5395323738219246,91.98916862193552,3.215800557091441,-88.77336806484408,-1.6640149037772363
exemplar,exemplar,exemplar/archive_3/a045e629-9ce5-4a46-98d1-f46171bbc5d7.pt,57.110025067297165,57.52178918867386,0.4117641213766916,0.008090105982233217,10.984934826247384,39.321788115915695,28.336853289668312,0.38531451982199344,35.57262541910367,110.68886798861584,75.11624256951217,0.4089966959028102,72.11651710291358,116.35484036512435,44.23832326221077,1.488832664489746,48.004783718767655,15.944475832460355,-32.0603078863073,-0.48387711452150256,52.17272771005261,116.37360966643266,64.20088195638004,0.3218010130864556
exemplar,exemplar,exemplar/archive_3/aa38623f-8522-4555-a87c-1e5aee2b9c6c.pt,42.536069053304274,65.77821894140958,23.242149888105303,0.43978303622005827,33.41864723034621,117.96908884292695,84.55044161258074,2.4707289233650127,0.0,0.0,0.0,0.0,85.19942144045125,65.43906086865158,-19.760360571799666,-0.2558360695838928,126.26734705742922,11.630834997214288,-114.63651206021493,-3.2946250821337286,185.34023430251182,156.00977825249186,-29.33045605001996,-13.644476890563965
exemplar,exemplar,exemplar/archive_3/acdcfe80-36b1-402d-9fda-579b9cd12e61.pt,124.90245139914096,107.4365165566151,-17.465934842525854,-1.0049802481898498,149.02077420612838,110.43719980147655,-38.58357440465183,-3.3794485456148085,65.95561605261062,83.35849351699322,17.4028774643826,0.3710206349690755,109.57602551406852,48.409348701686504,-61.166676812382015,-1.3386903405189514,160.69091152130437,166.01359429134592,5.322682770041553,1.56177490234375,129.5086489341463,164.14800177634316,34.63935284219687,4.111893177032471
exemplar,exemplar,exemplar/archive_3/b379766c-1fc4-4ddd-8c8f-01671d294e2d.pt,74.00519175861251,161.81287551456202,87.80768375594951,7.2896019047142095,104.70292758531504,160.57645567046654,55.873528085151506,5.93751090742336,0.0,0.0,0.0,0.0,144.56179599889157,160.02064211307524,15.458846114183672,1.3949611186981201,187.5453713749897,186.80083248154247,-0.7445388934472419,-1.7639577765213816,193.46435776631077,194.66712524991746,1.2027674836066922,10.352691650390625
exemplar,exemplar,exemplar/archive_3/bb6cc7af-5692-4f06-a0d7-5ed5799c9d61.pt,54.41085566932174,65.83177583251499,11.420920163193252,0.23382191329314012,56.99277985932294,108.77121760007192,51.778437740748984,1.5847918847991838,0.0,0.0,0.0,0.0,0.0,0.0,0.0,0.0,6.447798549930931,13.634633877744527,7.186835327813596,0.06064181857638889,150.0909736496902,151.32993252903708,1.2389588793468818,0.1530160903930664
exemplar,exemplar,exemplar/archive_3/be33a535-98f4-49a5-99b7-fe08cd80c49a.pt,97.18008796360088,134.28215852791828,37.1020705643174,2.194962554969645,14.785921128355973,60.42355554433703,45.637634415981054,0.7037804110738255,16.137239481593852,137.43604482969127,121.29880534809742,3.713616967201233,124.43682582005053,163.85834601445217,39.42152019440164,2.886989116668701,185.23001798223018,108.749859813995,-76.48015816823518,-22.293072291782924,182.3335351917373,122.40295846417095,-59.93057672756635,-13.115199327468872
exemplar,exemplar,exemplar/archive_3/c17d9415-d1da-404b-9550-d974901b0f77.pt,88.51880529569313,81.9121740898831,-6.606631205810032,-0.2007381964475482,39.04556061699218,30.281108099740564,-8.764452517251613,-0.12833571076526454,80.88464080342003,131.29032197716407,50.40568117374404,0.21661551884526445,97.23935093166332,97.65853873839416,0.41918780673083234,0.014349365234375,89.45387333676003,41.177812241821634,-48.27606109493839,-1.0981078907183022,151.90007200402977,124.90534458491118,-26.99472741911859,-2.839939498901367
exemplar,exemplar,exemplar/archive_3/c3a84bad-a891-4ed4-9590-49b2e3825c7a.pt,6.164259247984379,59.07781533514356,52.91355608715918,0.7786278110955728,89.77875972506465,98.91438399009076,9.13562426502611,1.3371579323590572,38.17028270359837,135.6783581402889,97.50807543669055,3.2786362171173096,23.851528044084883,139.5177575721336,115.66622952804872,3.257024824619293,94.11112453538546,130.7239242567444,36.61279972135894,1.9670944213867188,80.02458259432755,156.00977825249186,75.9851956581643,4.319185137748718
exemplar,exemplar,exemplar/archive_3/c47a57ee-6f6c-4509-83a4-d911de7a608c.pt,12.548871024505992,54.794810984682826,42.245939960176834,0.6366274589944254,182.74871544392434,23.575592114464868,-159.1731233294595,-0.6875471140579363,4.922846192500579,161.7229000356695,156.80005384316894,7.349686503410339,21.86878547510495,148.99956080058482,127.13077532547987,4.1981505155563354,139.42968129248698,119.77452370764235,-19.65515758484463,-1.5941539091222428,4.7850265980903925,132.8453920718689,128.06036547377852,2.930535912513733
exemplar,exemplar,exemplar/archive_3/c5953b88-a18f-45ef-b053-a10de5b77f79.pt,81.42410032581753,86.83454123704888,5.410440911231348,0.9558948537310004,2.1926265801666873,133.01567521633456,130.82304863616787,3.9481974138011497,0.0,0.0,0.0,0.0,150.78721259568312,180.35857013261733,29.571357536934215,6.1185736656188965,189.2794928602424,187.23322866573127,-2.0462641945111386,-5.804439769071691,194.66712524991746,192.71687686753248,-1.9502483823849843,-15.063716888427734
exemplar,exemplar,exemplar/archive_3/c87c3130-88ad-4825-9f55-68c8d961414d.pt,54.14391056074548,55.80250076883825,1.6585902080927681,0.010205005492590449,31.70920411781322,52.20669672752499,20.497492609711774,0.14030016777299584,7.762971639330893,9.7623231626689,1.9993515233380075,0.027695556185138758,0.0,0.0,0.0,0.0,4.178880253521422,0.8189153062549244,-3.359964947266498,-0.03268427687045638,37.0575158278512,38.38306281115916,1.3255469833079587,0.02002593009702621
exemplar,exemplar,exemplar/archive_3/c9149d5a-b5b0-47f3-a3f7-0bfb26bcc26a.pt,76.58733377037109,104.63112778559668,28.043794015225586,0.9530229710820896,47.36702305811911,61.608577942156806,14.241554884037697,0.26967074221090476,43.23250034761739,134.78187167522478,91.54937132760739,3.462966005007426,30.658202316869662,83.65065968740402,52.99245737053435,1.0548810482025146,44.2005257843792,24.33209293667407,-19.868432847705133,-0.29013206845238093,15.320776256409262,5.050609373920545,-10.270166882488716,-0.11374877550587151
exemplar,exemplar,exemplar/archive_3/ca8f38ac-e952-45d7-a4f5-d6e24a85588a.pt,47.3496481128442,100.90877371965966,53.55912560681546,1.4155563206985096,10.218257665215422,133.43374207835686,123.21548441314144,3.803831958770752,65.1279650900444,117.38311957238164,52.25515448233725,1.719530423482259,9.162466008043983,125.23266393430934,116.07019792626537,1.6269530393183231,83.99757839515246,42.82893645356933,-41.16864194158313,-0.23855957730125835,81.01540864429504,15.446778526041888,-65.56863011825315,-0.30689553171396255
exemplar,exemplar,exemplar/archive_3/cbef8382-effa-4dc5-a6bc-9614f1772d1c.pt,103.52180174635785,106.12477008505729,2.6029683386994407,0.11489421136101499,164.3410911115157,106.78499435874858,-57.55609675276713,-6.821295535925663,21.148136463253312,84.77836014034774,63.630223677094435,1.1736197471618652,138.36997157127917,122.81962497270291,-15.550346598576255,-0.6538389921188354,21.222407863593745,86.61088072816986,65.38847286457612,0.36661321730840774,176.05447810842946,104.17692674224175,-71.87755136618772,-9.397668600082397
exemplar,exemplar,exemplar/archive_3/ce72004b-1e4c-4a21-aed6-379cab5486bf.pt,35.38266969433141,47.8229988555122,12.440329161180792,0.1986307073128188,21.423192091366424,43.399534009316895,21.97634191795047,0.16310140991002528,96.43592223133494,13.484225492522567,-82.95169673881237,-0.4638747175534566,3.319102947430594,19.5522872784287,16.233184330998107,0.1263144612312317,39.523267667304694,58.40686607369502,18.883598406390327,0.12201619579331102,65.11152043447224,104.89599571030753,39.78447527583529,0.19678020198170731
exemplar,exemplar,exemplar/archive_3/cf4557ce-c04b-4f6e-95d5-2ef67749feec.pt,52.920193901329995,54.584744271529594,1.6645503701995992,0.010340451423647857,40.51814850132444,46.97137234086728,6.453223839542844,0.04345500204080468,79.61563927602224,57.82276354400018,-21.792875732022054,-0.48971234835111177,181.27246226321918,172.655446172229,-8.617016090990177,-3.365389823913574,26.2008987305938,80.81982499629507,54.61892626570127,0.3438820114160897,111.19582992397848,161.30710014404923,50.11127022007075,0.17824264660669326
exemplar,exemplar,exemplar/archive_3/cfabdefd-a93f-4e93-b729-2f4c44a0e6df.pt,28.82306091173874,6.4640645795869185,-22.358996332151822,-0.18512222327990946,32.00653346301122,143.12618001847773,111.1196465554665,4.650636568509616,121.85012965756873,104.4393433874891,-17.410786270079626,-0.07105938135986904,4.643447967428402,105.01301526308016,100.36956729565176,1.8029708862304688,121.7005370515579,143.44628702299764,21.745749971439736,1.9345675381747158,48.49625187243832,154.88021425288886,106.38396238045054,4.668818712234497
exemplar,exemplar,exemplar/archive_3/d6b83ff5-29c7-47f9-819c-d07f83d82b93.pt,97.956818603124,56.668463718512434,-41.28835488461157,-1.1290878219221105,69.99523411150183,29.374446346061852,-40.62078776543998,-0.7324505480267199,77.76192253857275,81.74148621885648,3.979563680283732,0.10225200653076172,120.33485048292309,92.20219233814635,-28.13265814477674,-0.9827741384506226,129.4087011903899,129.59908942685243,0.19038823646252467,0.015309380941064639,93.7334233286491,126.76101243973929,33.027589111090194,1.6930557804404145
exemplar,exemplar,exemplar/archive_3/dab5f456-ccc2-4a72-9b87-e9bc7c20e029.pt,50.69103666214881,80.99120780565354,30.300171143504734,0.6819660878495725,28.16755862513569,77.71374941866132,49.54619079352563,0.9429808476577717,25.86162975603712,122.48730193889143,96.62567218285432,2.5054932832717896,76.6611832150017,118.09123579206941,41.43005257706771,1.2302874326705933,36.954309383343784,12.377219554987057,-24.577089828356726,-0.32104395306299605,14.605110207328943,0.4948553791461995,-14.110254828182743,-0.1306423216827156
exemplar,exemplar,exemplar/archive_3/dd896667-6c8d-4e6b-b951-01ef21962849.pt,100.639996455476,12.022454591602221,-88.61754186387377,-1.8978421124274798,181.4794218509063,145.92877579641646,-35.550646054489846,-14.198579750722544,127.47572436912965,166.34959143505057,38.87386706592092,0.1296001598469772,0.0,0.0,0.0,0.0,49.32119918086804,99.41492487225007,50.093725691382026,0.2668004323201007,71.94358191459881,71.94358191459881,0.0,0.0
exemplar,exemplar,exemplar/archive_3/dda9c4c0-57d6-4052-b555-2e8fb599475b.pt,82.00557807131555,72.85657136864836,-9.149006702667194,-0.243889803435301,40.290417292877834,54.94000027025162,14.64958297737379,-0.07348642145092699,0.0,0.0,0.0,0.0,0.0,0.0,0.0,0.0,72.3750596352525,90.92080607130549,18.545746436052994,0.09306135631742932,25.776862464146188,69.16334923996351,43.38648677581732,0.5710057616233826
exemplar,exemplar,exemplar/archive_3/de766c24-bdab-4176-a0dd-d9b2706491c9.pt,110.87428915072378,61.43225948351293,-49.44202966721085,-1.601217105650556,81.19422060549546,38.63843367427354,-42.55578693122192,-0.8878690452592565,81.76118850959519,122.95259675167884,41.191408242083654,1.708145989312066,91.62788135513517,83.91214829162011,-7.71573306351506,-0.20443328221638998,145.86142162171785,130.27561253347187,-15.58580908824598,-1.6490630639722645,132.4819030631835,114.35234095986715,-18.129562103316346,-1.247576526759826
exemplar,exemplar,exemplar/archive_3/e11131f2-d974-4ada-b80f-a2f1298bdd41.pt,51.56529911818363,149.57783084682129,98.01253172863765,5.234515770445479,157.9281182431542,139.55147121903454,-18.37664702411965,3.7019818456549394,76.90771560959742,169.82367482725775,92.91595921766033,8.755101323127747,0.0,155.61417972319288,155.61417972319288,3.505943536758423,160.69091152130437,120.53553311299903,-40.15537840830534,-5.03922607421875,72.84829329304151,60.56329365921466,-12.28499963382685,0.251025915145874
exemplar,exemplar,exemplar/archive_3/e11b3965-6e57-43b8-a3a0-e83e94e5b616.pt,88.84916882078316,109.82386597523708,20.97469715445392,0.8369978719682836,65.7956523521423,78.91934172560565,13.12368937346335,0.32303423644397844,46.217616336982985,110.07953760992697,63.86192127294399,1.900208592414856,30.360589554899757,60.938460684936565,30.577871130036808,0.551549243927002,36.53206692783676,50.33300579684388,13.800938869007119,0.22544497535342262,6.422883943526279,45.10072806955538,38.6778441260291,0.5143609846600835
exemplar,exemplar,exemplar/archive_3/e2c16677-3f06-4890-b4e7-0efbd1d94f95.pt,3.822417407498546,20.5505207287157,16.728103321217155,0.14738400727158732,41.88895745882432,46.856387798983384,4.967430340159062,0.03327542964875301,98.06455901633562,117.76474650552113,19.70018748918551,0.8973125110973011,58.981268990135455,57.87176875101779,-1.109500239117665,-0.019374847412109375,15.274608572929031,25.752287932712704,10.477679359783673,0.08622327964562304,42.00904581439958,89.05564170783819,47.046595893438614,0.2688829375476372
exemplar,exemplar,exemplar/archive_3/e57ceb3b-5dc0-4127-bc68-868a6b1dee73.pt,118.42269356496398,157.98123124273278,39.5585376777688,4.613796314609704,100.08744234041461,141.0381028963042,40.950660555889584,2.7787636369085678,48.44791963595738,64.37681654475153,15.928896908794151,0.25832629203796387,126.79930378862065,99.43079654675086,-27.368507241869793,-0.7435340881347656,153.82595433345858,167.23852981067597,13.412575477217388,3.4783853384164662,85.19586545295626,168.49522970926375,83.2993642563075,6.909221172332764
exemplar,exemplar,exemplar/archive_3/eb42dbfe-9069-4c08-bb95-26221e0d0945.pt,22.12830973071279,59.70437312501913,37.576063394306345,0.6023017045291981,145.02813301007595,163.69082828289885,18.6626952728229,3.7389002403846154,159.20484223210715,164.28098948824916,5.076147256142008,0.015513643001225848,34.18681465783719,79.36902551099793,45.18221085316074,0.8532800277074178,127.8211530766669,149.4765406972262,21.655387620559296,2.339334661310369,69.16334923996351,168.49522970926375,99.33188046930024,7.229431986808777
exemplar,exemplar,exemplar/archive_3/ecc6822e-1712-420f-bf26-a16ab0ce3dba.pt,20.30081076920673,58.01616780009409,37.71535703088736,0.5912717151644524,145.02813301007595,163.69082828289885,18.6626952728229,3.7389002403846154,158.85866829053023,163.97356986734374,5.114901576813509,0.015660344117076685,34.18681465783719,79.36902551099793,45.18221085316074,0.8532800277074178,127.8211530766669,149.4765406972262,21.655387620559296,2.339334661310369,69.16334923996351,168.49522970926375,99.33188046930024,7.229431986808777
exemplar,exemplar,exemplar/archive_3/ecf51998-8937-4724-9018-6a86368049b0.pt,148.5101145813165,79.97330713085941,-68.53680745045708,-4.435699141131893,147.21307816475715,89.48525150592435,-57.7278266588328,-3.9578686146548026,97.11115768643783,137.01436166717616,39.903203980738326,0.15921421096546837,142.61203843027252,65.96298963317724,-76.64904879709528,-2.989389419555664,167.9639849353948,182.10360276965233,14.139617834257535,9.700504557291667,139.37298108880546,188.47861495849745,49.105633869691985,23.433608055114746
exemplar,exemplar,exemplar/archive_3/ee50ed59-19d1-41c1-8e61-3f822cfb42ff.pt,42.66378215127641,152.36172905582998,109.69794690455358,5.853423937747943,68.44006847356287,85.63267413020256,17.192605656639685,0.9865705912651236,0.0,0.0,0.0,0.0,136.0432324951243,175.98175203569102,39.938519540566716,5.199889659881592,167.5568111233393,154.65098099061836,-12.905830132720922,-3.416430824681332,63.47309599352635,95.02401770997169,31.550921716445337,0.660427451133728
exemplar,exemplar,exemplar/archive_3/f3a17e75-5fe1-4109-91ee-c0ad8c94ad33.pt,16.789992177802937,71.01653844721085,54.22654626940791,0.9177224349839687,30.167805950579442,63.38094595102142,33.213140000441975,0.6655821255965134,16.005808074715354,144.51415589655096,128.5083478218356,4.405681252479553,66.78778620830532,134.4443025615353,67.65651635322997,2.324215531349182,44.61667936202258,3.603381528749217,-41.01329783327336,-0.5383481827993242,14.605110207328943,23.465407362685266,8.860297155356323,0.07361585040425145
exemplar,exemplar,exemplar/archive_3/f6040824-accb-468b-8f6b-ef5ae8b186f4.pt,36.39733007801645,0.310064844893213,-36.08726523312324,-0.3048240956315339,123.28582264119622,3.596850074545761,-119.68897256665046,-0.7260391792123876,123.11427352874028,109.80351953765519,-13.310753991085093,-0.053176268956260306,3.697428398046552,103.16647606882356,99.469047670777,1.7442750930786133,106.9121925300609,134.67818699906152,27.765994469000617,1.804236063143102,48.49625187243832,160.2720701828167,111.77581831037837,5.571213483810425
exemplar,exemplar,exemplar/archive_3/fb0ac19f-be36-46bf-8b05-dc7c4c7a44a9.pt,57.376945812955356,98.20926758109307,40.83232176813772,1.1244309504229324,126.71469558531074,158.32950146404994,31.614805878739205,4.0762939453125,65.76977638645634,80.64100350527934,14.871227118823,0.34033981959025067,0.0,0.0,0.0,0.0,131.04061051229635,39.178903546355414,-91.86170696594094,-0.4636353556315104,21.255558023150495,66.33979544523882,45.08423742208832,0.600395679473877
exemplar,exemplar,exemplar/archive_3/fc0f1430-b62b-426d-b513-62314b7bd0ab.pt,103.37146326802242,51.7521030104468,-51.61936025757562,-1.441258341195302,81.50258652525741,38.99401057078613,-42.50857595447128,-0.8911555016009032,81.76118850959519,122.95259675167884,41.191408242083654,1.708145989312066,91.62788135513517,83.91214829162011,-7.71573306351506,-0.20443328221638998,145.86142162171785,130.27561253347187,-15.58580908824598,-1.6490630639722645,132.4819030631835,114.35234095986715,-18.129562103316346,-1.247576526759826
exemplar,exemplar,exemplar/archive_3/ff750069-8a1a-43e7-805d-ee4732963670.pt,136.45507234059073,16.815404740054536,-119.6396676005362,-4.110951968357022,151.35122481158146,96.26184753823784,-55.089377273343615,-4.365824180074258,25.846099088141457,62.39051267932767,36.54441359118621,0.2463854057844295,132.8825771862428,104.90644029661418,-27.97613688962862,-1.314990520477295,174.2588174939079,181.85877833012344,7.59996083621553,6.3797314453125,147.52671577329681,187.1762142150382,39.64949844174137,17.676832675933838
exemplar,exemplar,exemplar/archive_4/0a377130-21b9-41f1-b1d8-8f948b575b71.pt,80.76271261050513,103.33018652950942,22.567473919004286,0.7826985677083333,183.47612830819955,174.0784555805844,-9.397672727615145,-8.576762806285512,13.730296625942282,43.450078432157625,29.719781806215344,0.37369902928670246,100.49001084293194,108.57181720179194,8.081806358860007,0.17766082286834717,56.89500928478774,79.83196752366122,22.93695823887348,0.1275052951492426,137.59142377262108,120.53378329348627,-17.057640479134818,-1.0318424701690674
exemplar,exemplar,exemplar/archive_4/189bf1a2-3b24-4280-9e2d-16a482d64e05.pt,35.09471221783325,2.2166161670319795,-32.87809605080127,-0.2761382570912915,122.88211705438815,91.73856107348736,-31.143555980900786,-1.491398204456676,49.912980951839394,68.10834582621786,18.195364874378463,0.3370324770609538,45.41597904414128,1.693103867713917,-43.722875176427365,-0.29443780581156415,8.558207087289386,61.3968897637031,52.83868267641371,0.38000303495914567,25.16394653335467,30.71043432326267,5.546487789907999,0.07183456420898438
exemplar,exemplar,exemplar/archive_4/1ddc2346-a367-4cb9-b052-104862f3d153.pt,20.03067599485405,61.95630729706156,41.925631302207506,0.6749035174134396,159.9613557257929,33.44977538490688,-126.51158034088604,-0.6017398542584994,0.0,0.0,0.0,0.0,0.0,0.0,0.0,0.0,85.22451719918345,1.2280144684705125,-83.99650273071293,-1.4640926179431735,148.82341845036242,151.32993252903708,2.5065140786746554,0.3018965721130371
exemplar,exemplar,exemplar/archive_4/2012f675-4b3a-4d44-a52c-533e1a5686ad.pt,27.68228086350062,85.47019763208462,57.787916768584,1.1712341886771425,12.427111407583663,59.32415654943138,46.89704514184771,0.710892593200854,133.50864870162866,147.4042038822695,13.895555180640855,0.04796041371871014,78.86794530437668,65.80005741516004,-13.067887889216635,0.38535516602652414,21.16730317129756,36.37218786353926,15.204884692241698,0.2527167556177864,16.318278803132273,125.16752163825164,108.84924283511937,2.94133608681815
exemplar,exemplar,exemplar/archive_4/218f0836-58b7-4a31-b3e5-feb2e0b8baf5.pt,19.225194791042338,65.25462309103047,46.029428299988126,0.7557919034090909,17.14928166450242,48.74587307809229,31.596591413589866,0.4865719517747465,39.00196090778235,64.75879702665033,25.75683611886798,0.16218626037124514,0.0,175.23938105300567,175.23938105300567,7.077342510223389,14.820219381211889,30.602188585037574,15.781969203825685,0.20100009412650602,6.0881748199783345,66.76132219877898,60.67314737880065,0.9321123563326322
exemplar,exemplar,exemplar/archive_4/24828ab5-d6f4-402b-8d0d-1f4316d3f0bc.pt,39.01111975758273,55.10095767370586,16.089837916123123,0.10555527166641891,26.070753247565165,32.701945057232926,6.631191809667762,0.05042021287363502,80.39838673965292,58.679600047914725,-21.718786691738195,-0.4942200000469501,177.6384145260226,172.90761189898774,-4.730802627034848,-1.5617623329162598,69.64824799069115,83.2882765044315,13.640028513740347,0.07141284923470455,145.41909031430595,158.65581471260734,13.23672439830139,0.04273086185920849
exemplar,exemplar,exemplar/archive_4/2b3a7651-e925-4edc-8c91-4cce0c803daf.pt,28.15206873619206,1.203156143562412,-26.948912592629647,-0.31553125145742,9.76852081751949,15.113639179311496,5.3451183617920055,0.06078880146181384,146.31608070363484,141.86407791966437,-4.452002783970471,-0.5349311828613281,137.62041357117226,146.86006365856682,9.239650087394551,0.8362059593200684,72.6743700655543,96.65199842351105,23.977628357956746,-0.4898148169884315,49.40464145165679,173.10613994159115,123.70149848993435,0.5316090862110895
exemplar,exemplar,exemplar/archive_4/2d92e029-54c9-42a8-8400-ff86e21af205.pt,89.618279598383,147.02972226078037,57.41144266239738,3.9270221874054747,149.2069736761222,136.52546882354105,-12.681504852581156,-1.5718582589285715,0.0,0.0,0.0,0.0,116.88199272571981,169.46022271160314,52.578229985883326,4.142618775367737,188.63927882409698,135.9341177006035,-52.70516112349347,-28.498274772397934,108.34623898247827,22.153089142497517,-86.19314983998075,-2.1078422445999947
exemplar,exemplar,exemplar/archive_4/2f6c8850-6475-4336-b996-f3d0d54f1cb0.pt,53.497963719450055,55.15980740923338,1.6618436897833249,0.010276894228796593,38.11590307653658,46.21077319296993,8.094870116433349,0.055229601432920127,80.39838673965292,61.23497820362649,-19.16340853602643,-0.44410162705641526,181.5675451287748,172.8717334766616,-8.695811652113207,-3.4780426025390625,25.33272574289458,83.42169345974031,58.08896771684573,0.3637682450300461,110.9574473783705,163.4674389464722,52.50999156810171,0.18580700151418342
exemplar,exemplar,exemplar/archive_4/34caebe1-94b9-4f7c-bf8f-d1f1a14c9ae4.pt,45.68469647334141,74.19078304657187,28.506086573230455,0.5872269662467701,29.821756864421168,74.81270143289332,44.99094456847215,0.8445792284686228,49.005670958721915,104.72215430365108,55.716483344929166,1.4200464884440105,90.79058690380513,124.84020292988473,34.04961602607959,1.2444796562194824,27.11374507178324,2.206470093493909,-24.90727497828933,-0.2915882570431876,23.69199426538916,20.976887089220508,-2.715107176168651,-0.02190275962308327
exemplar,exemplar,exemplar/archive_4/3824541e-ee56-4d65-9c02-4382bf7c0189.pt,13.117070150970383,42.82059404627374,29.703523895303356,0.42175663854763573,75.31728950629362,18.15928827847413,-57.15800122781949,-0.3806449541258647,0.0,0.0,0.0,0.0,14.066824508666818,27.678280777348768,13.61145626868195,0.10373108727591378,53.24411699288021,4.074235382459444,-49.16988161042077,-0.38033593542094357,76.0667230706588,22.326146214409057,-53.74057685624974,-0.2987252070985991
exemplar,exemplar,exemplar/archive_4/3aab06a7-4eae-47b9-848f-f281514dd686.pt,25.423021206745005,44.53958300868079,19.116561801935788,0.13870724409054488,9.646398564761276,37.996084307397,28.34968574263572,0.2272603003151858,0.0,0.0,0.0,0.0,14.635316011110692,41.76743079169842,27.13211478058773,0.18300068378448486,6.571193971437999,49.50869733306874,42.93750336163074,0.33302518747148724,2.9932546735843344,58.979538871877224,55.98628419829289,0.42451634900323276
exemplar,exemplar,exemplar/archive_4/40416ef5-e7a5-4c4d-918e-702961928757.pt,62.57761099817795,94.01566048754951,31.438049489371558,0.8633880767902234,60.26257288714327,98.82427194336613,38.56169905622286,1.0909224327797737,65.5550154171458,145.84385493860202,80.28883952145623,3.8594985008239746,121.51605373745997,151.65222370971858,30.136169972258614,2.3826045989990234,139.99726875060085,138.96886648701792,-1.028402263582933,-0.11089109763120994,62.28816355697091,156.48050638160788,94.19234282463697,5.2388895352681475
exemplar,exemplar,exemplar/archive_4/42238099-ebd6-4d1a-b7e3-eb0e58c08eaf.pt,57.21100343193094,57.21100343193094,0.0,0.0,7.676255069290639,42.49893435974188,34.82267929045124,0.4657362645554944,35.57262541910367,110.68886798861584,75.11624256951217,0.4089966959028102,72.35867958933758,116.35484036512435,43.99616077578676,1.4834918975830078,47.27901678607618,16.95681300538887,-30.322203780687307,-0.4627337337089574,52.93441195865301,117.13871016795451,64.2042982093015,0.32007594476148726
exemplar,exemplar,exemplar/archive_4/436700eb-9a0b-4657-a1ab-0c897ff2a318.pt,45.659015248270315,41.391289293084114,-4.267725955186201,-0.24872210484393564,44.1847105300315,3.0165773895802603,-41.16813314045124,-0.5374140640345708,59.70022996539858,85.12385766770201,25.423627702303435,0.1373061061240628,95.94519323963688,111.55273710731018,15.6075438676733,0.5652840932210287,165.5781903053669,148.97562538425123,-16.602564921115658,-3.738181374289773,121.40905708271927,161.6224156574173,40.21335857469802,4.4442548751831055
exemplar,exemplar,exemplar/archive_4/45ce74b6-c127-486c-baa4-e41f747036c4.pt,64.3716001202757,100.54490368092611,36.17330356065041,1.0726563565631535,66.52535838549628,109.46164051343152,42.93628212793524,1.4210868380898163,58.83696009219022,127.05234407876954,68.21538398657933,2.4289658864339194,59.81381254594826,131.27558217848414,71.46176963253589,2.4724995295206704,124.75040121631895,141.91223372472263,17.161832508403677,1.552642128684304,45.30287788819875,163.05291784684982,117.75003995865107,6.867164134979248
exemplar,exemplar,exemplar/archive_4/48a0e69b-505b-4541-a94e-46f99b98f807.pt,38.688518098961424,79.42418207657134,40.73566397760992,0.8374372083728759,14.408872491723665,83.56487152769088,69.15599903596721,1.279635533445441,133.33333333333334,58.87600224759174,-74.4573310857416,0.0286556879679362,154.72419925176206,139.3410462289251,-15.38315302283695,-1.1202483177185059,74.99860467569334,46.970636848327175,-28.02796782736617,-0.5855254542325191,19.75457654395494,19.2497509351067,-0.5048256088482397,-0.0434869163394592
exemplar,exemplar,exemplar/archive_4/4db9bc2c-66bc-4c7a-9a03-cd0862dc81bf.pt,80.51925947431498,34.15619809035656,-46.36306138395842,-0.2823311243729434,126.56307802415041,72.01857413502078,-54.54450388912963,-0.24560683463330174,28.55138781909873,32.91833665323341,4.366948834134682,-0.04994250210848722,93.49614659085803,71.57094205925043,-21.925204531607605,-0.10453014373779297,26.261291431711307,11.554473076550915,-14.706818355160392,-0.10943706590677775,78.41514462584293,25.03379132864368,-53.38135329719925,-0.27618516066978716
exemplar,exemplar,exemplar/archive_4/4fdb2a6b-0614-43ed-97b8-dccd2ff200f7.pt,43.66197515096489,98.48158896169573,54.81961381073084,1.381520642452007,3.957422396113867,45.512388568597764,41.554966172483894,0.5488006407750726,150.0,143.3845785509323,-6.615421449067696,3.682061195373535,19.376187376456095,81.8536438615952,62.47745648513911,1.0246983766555786,15.968368418288621,88.42164728733496,72.45327886904634,0.46517620717378133,53.23595740987024,124.18927732125155,70.95331991138131,0.34553877667682925
exemplar,exemplar,exemplar/archive_4/548bf9ee-eff8-4e75-b69a-c9db9b3d72e6.pt,16.853400091889487,13.028884383564673,-3.824515708324814,-0.01606768912334511,57.93663651225571,45.28503619350518,-12.651600318750532,-0.07997310798846223,61.02381641894207,67.47286714111085,6.449050722168785,0.1283872922261556,61.28983943224226,19.539876387321105,-41.74996304492116,-0.21048067013422647,143.67130048427603,18.524628100524346,-125.14667238375168,-0.6659315162729994,69.16334923996351,144.8439396509666,75.6805904110031,3.1461766958236694
exemplar,exemplar,exemplar/archive_4/585d28bf-c9f5-4ff2-a8ad-c9fc4f31888c.pt,120.55930888190848,146.13864803155437,25.57933914964589,2.3910880655541855,176.1977734637481,185.65194400254092,9.454170538792823,11.061022278502747,104.69896526866783,113.73031495242128,9.031349683753447,0.03774688083445113,14.409956134514008,85.61438314422561,71.20442700971161,1.0218961238861084,145.94188550712448,182.38671402801847,36.44482852089399,14.907772264982524,11.92874526240742,173.75093811377926,161.82219285137182,9.833839774131775
exemplar,exemplar,exemplar/archive_4/596a91cf-3df6-463f-b1c6-65707df4f7a9.pt,44.83486695461188,102.91746425606452,58.08259730145264,1.5422029166386044,4.530061219622081,52.422046371901615,47.89198515227953,0.6640446043078077,110.23789350733522,125.93045628566507,15.692562778329858,2.4655248125394187,3.33580772633225,87.59673682804888,84.26092910171663,1.3350791335105896,29.385168759109177,84.62614321496606,55.240974455856886,0.3383783314893834,54.829011953558485,119.66390875564541,64.83489680208692,0.31821044921875
exemplar,exemplar,exemplar/archive_4/5c9ecfa4-a74b-40cf-af7a-b727ed7ca083.pt,139.76781594458424,142.91083236488987,3.143016420305628,0.36545546738417833,91.98641407246986,109.64928346003353,17.662869387563674,0.7234439392520275,70.23577669910128,72.65703381968437,2.4212571205830926,0.013083563910590278,99.43079654675086,145.00029373012077,45.56949718336992,1.647702693939209,62.4255860493561,1.4881204899207852,-60.93746555943531,-0.4601365543379555,2.4966581903555123,114.6963901060408,112.19973191568528,1.9983559250831604
exemplar,exemplar,exemplar/archive_4/64424fcf-ad58-4dc1-82e0-e3868ab87fd6.pt,4.861595903895397,66.92384807131849,62.06225216742309,0.9581824771438837,58.85233775882359,50.124980472294325,-8.727357286529262,0.21413600325543292,166.66666666666666,99.8480181074093,-66.81864855925735,0.9944357872009277,50.349818516815155,99.81665435763578,49.46683584082063,1.0998161633809407,10.253334149089762,125.17042417775076,114.917090028661,0.672221101343524,52.568761998511405,153.2752486612672,100.7064866627558,0.4512452958269817
exemplar,exemplar,exemplar/archive_4/6d55b2ed-ab05-4aba-a4a8-3f15f3dfd306.pt,50.7782768681361,25.216217909550917,-25.562058958585187,-0.18103495352482482,69.3401125319003,49.803297780535495,-19.53681475136481,-0.3981861210066651,0.0,0.0,0.0,0.0,154.84388815036735,0.0,-154.84388815036735,-3.429079294204712,49.01405941816142,17.893482780094114,-31.12057663806731,-0.45022142198350695,160.64070855853336,154.82036309989556,-5.820345458637803,-1.0910320281982422
exemplar,exemplar,exemplar/archive_4/77643d2e-ad72-4bcc-b6e9-1a147858d106.pt,5.853319523772574,3.8864388609388634,-1.9668806628337103,-0.017234021445752805,69.43954128597585,36.1799386023239,-33.25960268365195,-0.20905902756586864,66.73768685934728,28.662662352533093,-38.07502450681419,-0.24886881510416667,16.57624714738574,88.4469644985988,71.87071735121306,1.317183494567871,99.6068446261898,45.22314069138965,-54.383703934800145,-1.399158605971176,149.77480783206056,73.44605463787629,-76.32875319418427,-4.784805416136749
exemplar,exemplar,exemplar/archive_4/78a6191a-884a-46bd-88ca-cc672b209ed2.pt,45.709408176021526,16.441532167672527,-29.267876008349,-0.413365159824444,48.65088651493769,43.301316492055676,-5.349570022882013,-0.09022508175313844,4.5200177066598295,45.964943878004284,41.444926171344456,0.3274240046062595,30.040180657083873,84.47067938436425,54.43049872728037,1.0395253896713257,121.94495808701323,33.42303838803603,-88.5219196989772,-2.7186010952653556,175.81468220319437,115.31363694866903,-60.50104525452534,-10.831011772155762
exemplar,exemplar,exemplar/archive_4/793ea687-01ef-44be-b851-29489b1d2453.pt,67.33617216395089,50.55795859414077,-16.77821356981012,-0.3384993120250859,2.1653643246391425,24.634518420346105,22.469154095706962,0.19790105382533957,19.636479273053755,2.95485646865038,-16.681622804403375,-0.13641579945882162,35.71368626338274,36.90183030520818,1.1881440418254385,0.007659816741943359,48.95663020485585,11.478427074342747,-37.4782031305131,-0.2846086274463749,35.1242138680222,24.36942860819386,-10.754785259828342,-0.08129238341906056
exemplar,exemplar,exemplar/archive_4/7e1e21b3-d775-40d7-b923-9c251c8ff98f.pt,97.46636817429511,32.21805912798289,-65.24830904631222,-1.5170945187469425,139.1573041297656,101.65777039196134,-37.49953373780427,-2.506777568692911,131.80443620184118,136.8379029620636,5.03346676022241,0.01801017395795149,151.88703334435826,124.6660012705629,-27.221032073795357,-2.2530596256256104,159.1633306679855,163.36008233797602,4.196751669990533,1.104937929095644,110.60914789597199,181.1209643472252,70.51181645125321,12.534594058990479
exemplar,exemplar,exemplar/archive_4/81049602-6fd0-431d-9dbd-aef3d91e01e8.pt,44.22407672304978,97.05360132290015,52.82952459985037,1.3176368883104992,4.30118065184906,43.15389552069392,38.85271486884486,0.5062848670122845,150.0,146.06275637072125,-3.937243629278754,3.989022731781006,20.108288701164838,82.08706274209999,61.97877404093515,1.0226768255233765,15.489414507953505,93.51260370640448,78.02318919845098,0.4933423390176279,53.14641773912263,129.91657352671066,76.77015578758804,0.36750613328887194
exemplar,exemplar,exemplar/archive_4/88b89300-6a68-4bc1-b5ca-e93bef2c30ab.pt,174.64277980600534,191.29599944205125,16.653219636045918,29.925506074549787,109.5041697924653,55.747501699300955,-53.75666809316435,0.05986316998799642,0.0,0.0,0.0,0.0,160.04709034066008,164.95354215965455,4.906451818994469,0.7008175849914551,172.90284701481738,156.0085741751994,-16.89427283961797,-5.502281637752757,17.444387599794116,15.446778526041888,-1.997609073752228,0.005210459232330322
exemplar,exemplar,exemplar/archive_4/898dad40-db7b-47cd-af97-3522c21a66a7.pt,93.9298603832242,115.65753773017208,21.727677346947885,0.9713861335298666,65.74662120016369,2.7469831407770267,-62.99963805938666,-0.9513444636418269,49.89541396087629,99.84902511023688,49.95361114936059,1.1076345443725586,34.83890478645005,67.88187214890908,33.04296736245903,0.4542868137359619,151.62400231081094,108.31998524768939,-43.30401706312155,-3.8665066528320313,110.62675145233574,28.07779757732036,-82.54895387501537,-2.066325407761794
exemplar,exemplar,exemplar/archive_4/89d891b2-fb1f-42c9-a51c-82cb5df44342.pt,117.26052065987177,140.722701742703,23.462181082831236,1.9133370627466293,114.04562239302139,137.89700259659645,23.85138020357506,1.7871216016812734,135.32778633775308,129.57690574688033,-5.750880590872754,-0.4209012985229492,163.1214733178491,178.39481282321728,15.27333950536817,3.8338260650634766,128.9075565780674,77.03611576085449,-51.87144081721293,-2.369673456026427,21.794923583963737,84.38140427812709,62.586480694163356,0.3482420581882283
exemplar,exemplar,exemplar/archive_4/8b0e6e47-4421-4097-acfc-430e933fda9e.pt,181.45425544392998,191.05281226715798,9.598556823227995,22.957725524902344,197.30262826640003,189.6700297250401,-7.6325985413599255,-82.17766571044922,0.0,0.0,0.0,0.0,132.0284850338188,143.37531050869424,11.34682547487543,0.5896191596984863,186.17477067789022,156.6628231284937,-29.511947549396524,-18.944867060734676,171.60954752571968,126.02909805072406,-45.58044947499562,-6.511283874511719
exemplar,exemplar,exemplar/archive_4/8b353157-f769-4d64-a2b9-0ec8c60ed8a1.pt,107.91450820482687,156.698649070499,48.784140865672114,4.892879338649156,133.8211867925662,117.46065959855063,-16.360527194015575,-1.1972915045298531,0.0,0.0,0.0,0.0,117.32085771717335,168.6617840672487,51.34092635007535,3.9629944562911987,184.76365547207695,125.74302598075586,-59.02062949132109,-20.605487823486328,92.52587441889341,34.45358430191795,-58.07229011697546,-1.3993622589111328
exemplar,exemplar,exemplar/archive_4/8c5381e4-a0a9-4d25-8d9f-a7dc0defa1fa.pt,20.489205439391295,64.79165419255067,44.30244875315937,0.7300469605720841,23.036317921674584,83.27964182249144,60.24332390081686,1.166516646791422,37.22601896329027,52.9648410040072,15.738822040716926,0.10450165031492248,148.7938992731556,176.79418978365499,28.000290510499383,4.712746620178223,17.019646172195017,25.912946976766634,8.893300804571616,0.11153780309165397,6.0881748199783345,54.912596153198464,48.82442133322013,0.6888258713942308
exemplar,exemplar,exemplar/archive_4/8c92183a-750e-4a40-bed6-f6bf66068a7a.pt,45.43038005106718,124.84334870278258,79.4129686517154,2.7341789471190294,11.75141676977981,121.00244959487469,109.25103282509488,2.9383178082069263,94.5373019106737,139.47851208414895,44.94121017347524,2.5347713470458983,150.65677089384005,181.42059016402737,30.763819270187327,6.7113635540008545,147.92982210552108,97.04631095418198,-50.88351115133911,-3.781982421875,58.05517040358909,62.10689780607609,4.051727402487003,-0.3421580711107575
exemplar,exemplar,exemplar/archive_4/90a548ee-6183-405f-a8d9-33388f78d5ca.pt,18.85351875420133,8.139873994811845,-10.713644759389483,-0.12330142920616113,15.537598091949997,8.643994773952427,-6.89360331799757,-0.06131485235361268,90.4250371388834,158.64111509618863,68.21607795730523,5.644660949707031,57.34795257792407,101.61838393218078,44.27043135425671,1.1040527820587158,0.6489968104589079,46.03067344575947,45.38167663530056,0.3676055699654755,40.697243603170946,82.4835192501486,41.78627564697766,0.24570699552210365
exemplar,exemplar,exemplar/archive_4/914614f2-637f-4b82-88d3-a9493d2e4e55.pt,12.206993130673343,17.615100689829163,5.40810755915582,0.06315834275116636,39.52188023355992,10.947729632918442,-28.574150600641477,-0.22620839281590494,80.29598685780702,85.64764729528795,5.3516604374809305,0.02664716084798177,4.787748101419097,44.96770832401163,40.179960222592534,0.506682014465332,68.66533066132264,67.56123191334572,-1.10409874797692,-0.02537549351907032,123.36547150289243,104.50206559919613,-18.863405903696304,-1.0270108954851018
exemplar,exemplar,exemplar/archive_4/93e7c6b7-e200-4cf5-a00f-14a34b93201c.pt,144.17123905756534,71.00223245477812,-73.16900660278722,-4.0637135067229435,135.0914323348517,59.99883952308612,-75.09259281176558,-3.305164018732493,150.25645962305447,152.23823699778015,1.9817773747256808,0.3098226274762835,142.61203843027252,121.33529995416872,-21.2767384761038,-1.4139225482940674,161.27456574069996,43.02651599051851,-118.24804975018145,-7.772065668822964,92.41507672217692,124.78239082270348,32.367314100526556,-0.9484671466755417
exemplar,exemplar,exemplar/archive_4/9534d794-7535-4fdc-b445-c2419b20ffaf.pt,54.76801926125564,15.381865272820871,-39.38615398843477,-0.5875698628847273,48.96192553545714,73.97550237679586,25.01357684133872,0.5255793278545595,103.69233209897675,64.91364809074578,-38.77868400823097,-1.092929522196452,49.79410678342102,20.75916538456509,-29.03494139885593,-0.3594808578491211,88.64305300321325,36.78141547274904,-51.861637530464215,-0.3032423810261052,29.143353571584722,148.82341845036242,119.6800648787777,4.106198310852051
exemplar,exemplar,exemplar/archive_4/964aaac0-3bed-4318-bea6-21d50ad72c0e.pt,12.761149999874798,40.20180874447571,27.440658744600917,0.36683979818907303,47.63531354439257,28.254602125705677,-19.38071141868689,-0.13714845667530834,149.18387136210964,142.83070343703756,-6.353167925072086,-0.02114607936652132,55.52261980683205,7.168585528940113,-48.354034277891934,-0.34021727244059247,9.908246625079684,31.22406080669029,21.315814181610605,0.16580054471237024,25.886866245154046,58.35037253841541,32.46350629326136,0.15428288157393294
exemplar,exemplar,exemplar/archive_4/97dbcdf5-c848-49aa-9352-d36fb012c09e.pt,26.316260832531285,77.01358570018411,50.697324867652824,0.9491363567600276,122.81773155111225,59.06385755877846,-63.75387399233379,0.07712138067815721,0.0,0.0,0.0,0.0,112.82586868004778,84.59004196240217,-28.235826717645608,-0.5613058805465698,150.9263501967821,0.4209749003929805,-150.5053752963891,-6.108852056809414,184.32847955770808,154.88021425288886,-29.448265304819216,-12.494037628173828
exemplar,exemplar,exemplar/archive_4/98139b78-5b5f-48a0-80de-d9b6e3d24d09.pt,103.67611092297851,133.1321537176857,29.456042794707187,1.8282902561952354,54.767323773322886,138.97091616791488,84.203592394592,3.7974971648185485,51.334971200276414,92.3217300307613,40.98675883048489,0.8534644444783529,134.15361661029678,117.7574026085818,-16.39621400171498,-0.605542778968811,149.57227899956234,163.10565133938397,13.533372339821625,2.8514312744140624,48.49625187243832,147.52671577329681,99.03046390085849,3.737046003341675
exemplar,exemplar,exemplar/archive_4/9a1f36d7-2816-4b0f-b8b5-b2e65627cf2e.pt,15.661407112073013,36.80258126965263,21.141174157579613,0.2810478419359255,21.5926025387854,62.076088832083435,40.483486293298036,0.7051303084365509,78.83958935023242,63.623770533282446,-15.21581881694997,-0.33765045801798504,140.1062424332468,135.65371070174427,-4.452531731502518,-0.015081262588500977,84.52138170033665,48.17682091224511,-36.344560788091535,-0.20569298613027126,58.859286109920255,146.33675760353287,87.47747149361263,4.042360544204712
exemplar,exemplar,exemplar/archive_4/9a6997d9-2bd1-4ff6-9a73-f05621c1f081.pt,26.795692181867945,23.816451683300624,-2.9792404985673215,-0.03905095303333485,13.719865074974347,34.02483517197328,20.304970096998932,0.16238524374922766,0.0,0.0,0.0,0.0,51.60625814706682,27.365321904553895,-24.240936242512923,-0.15537285804748535,91.74909679116215,100.40013595197968,8.651039160817533,0.03948077251670717,44.53441388760435,58.98856245986424,14.45414857225989,0.09125664092617579
exemplar,exemplar,exemplar/archive_4/9ada9795-eb64-47d0-aa19-a9162b706a25.pt,10.813150057455777,59.73814385188178,48.924993794426,0.7492169185600938,15.510039829166102,24.720531627524377,9.210491798358275,0.05186893075786363,165.2913640603635,162.89136470919934,-2.399999351164155,-0.00724038717263343,40.78737160049909,30.0811463740774,-10.706225226421694,0.012734611829121908,106.45031742316421,58.16462414608841,-48.2856932770758,0.12532234548408294,71.94358191459881,165.06016729585463,93.11658538125582,6.243471384048462
exemplar,exemplar,exemplar/archive_4/9b0c91ce-b9b1-429d-9742-7450ed142395.pt,116.50729880197326,111.97509455997218,-4.532204242001086,-0.2466318132822039,98.73536686978825,64.55278953378205,-34.182577336006204,-0.9967293077227111,133.33333333333334,78.47596142479593,-54.85737190853742,0.4096082051595052,46.716738006070365,8.723596625935437,-37.99314138013493,-0.4319443702697754,108.51805509013629,96.36734118195257,-12.150713908183718,-0.5118812630604104,80.02326790795375,84.58255802913266,4.559290121178904,0.13102203054526418
exemplar,exemplar,exemplar/archive_4/9c54421a-7338-494a-8474-d9074a9ecf97.pt,69.97683736996267,90.98840623812089,21.01156886815822,0.5928368716383947,44.12499330010184,74.94080143160431,30.81580813150247,0.6315179615069533,70.19531139143432,37.7642894811487,-32.431021910285615,-0.20102637154715403,132.74438155031805,161.5769283337981,28.83254678348004,2.231476664543152,13.613420448057251,3.6250932779981886,-9.988327170059062,-0.09168025425502233,40.69995915216801,51.57677629179858,10.876817139630568,0.2676120102405548
exemplar,exemplar,exemplar/archive_4/9d448692-78f8-4d5c-8088-898eb5995a9b.pt,50.011100286597525,47.982117758657715,-2.02898252793981,-0.27986900662681913,45.77111293550079,48.18510737142416,2.413994435923371,-0.20523584777948733,0.0,0.0,0.0,0.0,11.913496428169642,23.810260410623464,11.896763982453821,0.0903010368347168,58.98298701810241,145.02815066941952,86.0451636513171,0.38514804521327106,4.198262171750223,134.10402935501753,129.9057671832673,0.7595923783325101
exemplar,exemplar,exemplar/archive_4/9e38eb64-1cfe-4f12-9432-22bdf4a349e1.pt,143.34164176121365,69.89169255625315,-73.4499492049605,-3.985280505063532,136.3246108837626,62.32652678743077,-73.99808409633184,-3.3761939350122145,149.85161303091797,152.23823699778015,2.3866239668621745,0.3701024736676897,142.61203843027252,121.33529995416872,-21.2767384761038,-1.4139225482940674,161.42703960397913,43.68075916758713,-117.746280436392,-7.802134802582067,92.97327342484276,124.34725482298283,31.373981398140074,-0.9694776014024458
exemplar,exemplar,exemplar/archive_4/a391283d-e967-49dc-b6bc-4b02d35e002e.pt,63.050659487749584,47.7237753494401,-15.326884138309481,-0.5354616055229806,59.70820812234725,40.51502054133685,-19.1931875810104,-0.514267494439568,0.0,0.0,0.0,0.0,3.182717598214817,52.55670204898252,49.37398445076771,0.34638175964355467,47.63325481456704,135.12801326495352,87.49475845038648,0.4216861553907793,11.37832745200069,120.90295773330271,109.52463028130202,0.6326261945384782
exemplar,exemplar,exemplar/archive_4/a3ea0c4f-3403-453c-81e8-4c9371ba8d41.pt,41.356490600757944,62.21188680068893,20.855396199930986,0.5603032538391564,46.42671752869915,61.635687666047644,15.208970137348494,0.5141073603795484,0.0,0.0,0.0,0.0,0.0,0.0,0.0,0.0,86.4484067254172,37.01859287706824,-49.429813848348964,-1.063123067220052,14.634192907536125,176.14978803622694,161.51559512869082,12.177870114644369
exemplar,exemplar,exemplar/archive_4/aab521f7-157c-46ec-bffc-c37761dff1db.pt,5.735928768004141,13.677861154981695,7.941932386977554,0.07226240098188028,3.4598516036565172,7.550841547133417,4.0909899434769,0.04446016739782059,60.53414051267948,23.39076969528063,-37.143370817398846,-0.5911341857910156,105.2765394100305,128.91840257976654,23.64186316973604,1.0533876419067383,89.06387596659852,61.70934774549111,-27.354528221107408,-0.7123124217259065,52.30787907710317,55.491729979307706,3.183850902204533,0.05937255859375
exemplar,exemplar,exemplar/archive_4/ab77bd50-b36b-4b19-913c-cd01ff0e8a94.pt,103.57902905423113,52.434673609102305,-51.144355445128824,-1.437703888048835,83.14413738384448,35.44923827798105,-47.69489910586343,-0.9920950624106099,69.68368133494127,61.6898054707961,-7.993875864145167,-0.16754860348171657,87.5289898893906,49.23720597769613,-38.29178391169447,-0.7527479330698649,143.68614006816122,148.18030009552012,4.494160027358902,0.6151028022080839,123.22005434744669,154.9597565007278,31.7397021532811,3.652328963132249
exemplar,exemplar,exemplar/archive_4/acd0fc9a-5e08-4344-88ef-ada264891cb6.pt,30.52720674187546,33.58627909148346,3.0590723496080017,0.043386735353908704,8.858679255560837,63.63086284313786,54.772183587577025,0.39787627938876713,0.0,0.0,0.0,0.0,0.0,0.0,0.0,0.0,0.12989483363515314,51.281420067035654,51.1515252334005,0.40460082160101996,54.614914005212086,112.67260952349226,58.05769551828017,1.3718628883361816
exemplar,exemplar,exemplar/archive_4/ad9bbfab-8ff4-49f3-8d9c-ab37947d788a.pt,54.523475072432035,11.882040457528019,-42.641434614904014,-0.6232485203839371,32.04760878412985,61.353779549609904,29.306170765480054,0.5033577311738648,104.03649003095137,64.2695616943005,-39.766928336650864,-1.1194639205932617,48.399671621488714,22.278145982709432,-26.121525638779282,-0.32317392031351727,88.73881835294615,33.019273652320884,-55.71954470062527,-0.3309538775781975,18.271258725013553,130.05983269470173,111.78857396968817,2.959796905517578
exemplar,exemplar,exemplar/archive_4/b1e95b21-3d49-4f0f-9eb6-fc4835b0816b.pt,4.234614091940659,9.611130465750577,5.376516373809918,0.057692279237689395,69.3881346297881,6.697706981290956,-62.69042764849714,-0.44580069062616,43.39234824052002,62.54370164247984,19.151353401959817,0.3262070020039876,141.08179414706768,148.6581832728391,7.5763891257714135,0.5009236335754395,60.39344533769656,35.468051353879,-24.925393983817564,-0.16253234582013248,64.73753715842003,34.4573023623235,-30.280234796096522,-0.19453112679238646
exemplar,exemplar,exemplar/archive_4/b3e352b0-02aa-42e9-b905-77d4b7f1dfd1.pt,1.0858422774542713,67.42530584176724,66.33946356431296,1.0060848338374755,58.683709156281886,50.29831703553471,-8.385392120747177,0.21823194550304878,150.0,119.32816702469674,-30.67183297530326,1.8385651111602783,38.148984599336636,95.8360796277192,57.687095028382565,1.1405771573384602,8.185777956588883,122.124734632966,113.93895667637712,0.6794767292799558,54.212028881479874,152.9909127816091,98.77888390012922,0.44010122903963417
exemplar,exemplar,exemplar/archive_4/b3ee34d7-b26c-4327-9077-79e2513947cc.pt,162.30629332929894,172.67499011878886,10.368696789489917,4.0209340001806355,162.5095115700611,165.82475652214396,3.3152449520828497,1.0332694853712248,0.0,0.0,0.0,0.0,165.37711690707494,155.20105407676107,-10.176062830313867,-1.3121356964111328,184.82810541614597,168.0164468996551,-16.811658516490866,-13.473163180881077,129.5086489341463,150.0909736496902,20.582324715543905,1.7550954818725586
exemplar,exemplar,exemplar/archive_4/b3ff10dc-d76f-4720-bd29-4bf354efbe46.pt,16.663810378471904,49.10728668910873,32.443476310636825,0.4970574214310691,9.499704295961191,162.36047542419118,152.86077112823,8.52205622628872,34.519583022730124,141.76993401229507,107.25035098956494,3.8955867290496826,28.42731632668401,141.78246021835315,113.35514389166914,3.404556095600128,109.06267145224137,136.34726119820203,27.28458974596066,1.8529555222083782,74.68056666730739,147.52671577329681,72.84614910598943,3.323312520980835
exemplar,exemplar,exemplar/archive_4/b4dfdcc1-4667-49f1-ac5b-183e7ecc2ebc.pt,166.91731116231136,190.98987366381635,24.07256250150499,31.99882766435731,164.92671714786962,179.98842587217706,15.061708724307437,6.43780517578125,0.0,0.0,0.0,0.0,154.06022734267646,157.73537693603086,3.675149593354405,0.37856388092041016,170.54613277670552,165.23023714453888,-5.315895632166644,-2.0021569388253346,35.75738103307542,48.49625187243832,12.738870839362903,0.15358293056488037
exemplar,exemplar,exemplar/archive_4/b5c285f0-db91-4f79-9db6-e8a7c94edf84.pt,6.952929866146595,57.0713141191985,50.1183842530519,0.7313883776370584,75.41118868610292,84.97064065064015,9.559451964537232,0.9296153769630731,53.7393834484317,113.6309253082771,59.8915418598454,1.7384061813354492,48.72424650510389,110.0005218475601,61.2762753424562,1.710564096768697,70.47148798281941,126.94690082554253,56.47541284272312,2.3575042724609374,63.47309599352635,159.24391838439598,95.77082239086963,5.1634955406188965
exemplar,exemplar,exemplar/archive_4/b624fe6a-af6a-49d1-9462-76d216decf06.pt,78.40593141797962,24.35003267785157,-54.05589874012804,-1.0123401195263628,39.00171391296424,8.99916457315327,-30.002549339810972,-0.39025532189157336,53.72747902658197,106.5850388064929,52.857559779910936,1.5164007568359374,47.805154048259695,71.7834267954605,23.978272747200805,0.4505523045857747,112.48782547578787,81.53317799209445,-30.95464748369342,-1.1931443101777806,96.69543183822155,79.01457815706529,-17.680853681156265,-0.5636688942132995
exemplar,exemplar,exemplar/archive_4/b8f39c72-91d2-4d02-b05c-57c42cb15022.pt,93.10658493086818,82.24173725218535,-10.864847678682835,-0.345179997246696,37.66180769766519,9.859825654684224,-27.801982042980967,-0.36017467923633617,126.47922914793266,82.86143680827631,-43.61779233965635,-0.18806838989257812,127.1858092060135,161.5514946666878,34.3656854606743,2.4550453424453735,64.4124417158053,11.769983344621721,-52.64245837118358,-0.8235525054372711,178.16355895071618,175.09197406839215,-3.071584882324032,-1.6941919326782227
exemplar,exemplar,exemplar/archive_4/bba17e96-bfc6-4f7b-a3b3-e191e54db17e.pt,69.76425344639662,14.427340475877674,-55.33691297051895,-0.9158325894360978,38.22760002680037,8.196562363866612,-30.031037662933755,-0.3871299943005787,53.72747902658197,106.5850388064929,52.857559779910936,1.5164007568359374,47.805154048259695,71.7834267954605,23.978272747200805,0.4505523045857747,112.7574815083545,81.86215645435497,-30.895325053999528,-1.197860295593503,96.69543183822155,79.01457815706529,-17.680853681156265,-0.5636688942132995
exemplar,exemplar,exemplar/archive_4/c0318fb8-5cf4-4868-a6e3-376c95dee192.pt,43.13168031180485,111.54540535187816,68.4137250400733,1.9720320663215944,118.23605596895122,59.53600443130604,-58.70005153764518,0.10440695956671908,0.9710934289491581,136.2252047457416,135.25411131679243,3.5520052512486777,23.19204593301274,106.2751892311428,83.08314329813007,1.5041037797927856,157.77601943586944,162.7875570157144,5.011537579844969,1.2422292608963816,15.446778526041888,80.02458259432755,64.57780406828567,0.8749648928642273
exemplar,exemplar,exemplar/archive_4/c21d74eb-cbc9-46a8-8b36-055d46bcd75f.pt,71.28512517452998,20.018929869300813,-51.26619530522917,-0.8851594032531482,41.35179400372215,13.762510671385696,-27.58928333233645,-0.3734957805340779,41.96320252183087,41.96320252183087,0.0,0.0,15.165781958142738,22.698414406841195,7.5326324486984575,0.08537428719656807,92.79433383249845,94.54927165373823,1.7549378212397784,0.062042236328125,79.0562028129577,99.26722451895404,20.211021705996345,0.6615200635068905
exemplar,exemplar,exemplar/archive_4/c3db69c9-fbf2-4375-ae82-034c48a2402e.pt,88.84916882078316,109.6670971474099,20.817928326626742,0.8293002759639303,65.7956523521423,78.68070307754735,12.885050725405051,0.31653638031755543,46.217616336982985,109.75137203807452,63.533755701091536,1.8853811820348103,30.360589554899757,60.938460684936565,30.577871130036808,0.551549243927002,36.53206692783676,49.86471314230062,13.332646214463864,0.21711585635230654,6.422883943526279,45.10072806955538,38.6778441260291,0.5143609846600835
exemplar,exemplar,exemplar/archive_4/c450d8f6-023f-4ab0-85f6-0934c9d8e967.pt,76.00219638360109,156.75988707381222,80.75769069021113,6.017331106786989,93.99880952044187,149.54200913071432,55.54319961027245,4.147993576694542,0.0,0.0,0.0,0.0,147.42037205100155,160.52016977543875,13.099797724437195,1.2621233463287354,185.14274918873517,185.8415707539237,0.6988215651885241,1.2956192016601562,191.9939733279039,194.4831061822754,2.489132854371519,16.906654357910156
exemplar,exemplar,exemplar/archive_4/c5aa81c6-cac5-44db-bb2d-0450c909ea9f.pt,2.335594076972315,46.68809911652082,44.352505039548504,0.3548846073517126,14.284574394774905,66.82092303968227,52.53634864490736,0.36753980553208543,144.39722971136482,113.44059629341828,-30.956633417946534,-2.45583759654652,103.16647606882356,87.35583854626192,-15.810637522561635,-0.4831630388895671,80.72691869689974,22.452523081851577,-58.274395615048164,-1.151525079800367,11.083268160517978,169.18098436989106,158.0977162093731,0.8112675371463135
exemplar,exemplar,exemplar/archive_4/ca4b5a45-6965-4ecb-9d2e-38ddff7463e5.pt,57.98994612889233,44.587061769941144,-13.402884358951184,-0.24290122664750566,4.198307284236953,36.072720898016584,31.87441361377963,0.26271454914680764,166.66666666666666,2.2905661313827905,-164.37610053528385,-0.8125742276509603,11.253874389486732,17.399334772783142,6.14546038329641,0.03571677207946777,54.17092744064276,47.159256963115205,-7.011670477527552,-0.04463783739503568,78.17220363251586,77.15355440380885,-1.0186492287070052,-0.005282488567073171
exemplar,exemplar,exemplar/archive_4/cc1c90d0-9335-4c05-bf3a-b750ec5adc20.pt,103.37937639144968,115.91310734628284,12.53373095483316,0.6169868813911783,76.41990422962058,66.569549923736,-9.85035430588458,-0.23891788175350565,133.33333333333334,84.27772128502124,-49.0556120483121,0.5471261342366537,41.892526148511564,14.318388035639785,-27.57413811287178,-0.3130829334259033,114.70861457977765,81.96897327596416,-32.739641303813485,-1.2988889746390577,88.20970085001544,44.84922707648179,-43.36047377353365,-0.9948360797056218
exemplar,exemplar,exemplar/archive_4/cc2d357e-c3ae-491b-b7d7-703727137e95.pt,18.321385093710237,45.751466768685425,27.430081674975188,0.39151776026165674,67.34701450582867,44.72749210986035,-22.619522395968318,-0.13828629620276575,99.19665323995328,113.16891614682582,13.972262906872544,0.059416186901950094,28.89349965564776,66.77893282613866,37.8854331704909,0.6964896065848214,57.30625504644445,12.723574317115935,-44.582680729328516,-0.6669367786883752,114.7432688305852,42.42498634074052,-72.31828248984468,-2.1448922563892925
exemplar,exemplar,exemplar/archive_4/cd22e983-c9c3-4d45-929b-a53cb807295c.pt,32.15117997605203,161.65767642626943,129.5064964502174,8.048457266474845,22.323401379709814,139.2151634586846,116.89176207897478,4.378180206254536,92.36925367113045,69.3281548517673,-23.041098819363157,-0.11682578698912663,101.53806860050288,175.79026445516314,74.25219585466026,6.229897499084473,168.6572302740732,143.92499530704157,-24.732234967031644,-5.494791666666667,11.92874526240742,114.6963901060408,102.76764484363338,1.9217098951339722
exemplar,exemplar,exemplar/archive_4/d2dd5e51-59c3-41f2-aa1b-e0f82ffe6545.pt,90.02988112611442,110.30557980398079,20.275698677866373,0.8221827278809823,66.8187333838205,77.20027933908385,10.381545955263348,0.25389558107246907,46.71421937231466,116.14650394395836,69.4322845716437,2.1922390858332315,30.062965618848658,65.47453513391808,35.411569515069424,0.6408622741699219,37.99095855559862,42.306933728414805,4.315975172816188,0.06751740284455128,7.1087794658732815,32.226615724687456,25.117836258814172,0.3094965774820458
exemplar,exemplar,exemplar/archive_4/d89b0478-e5aa-475d-af6f-3e044a842d22.pt,11.517704569471071,22.464229657386326,10.946525087915255,0.14415863913757568,21.052783851314803,64.09056498065375,43.03778112933895,0.7525530349825901,27.024510845595156,150.66715447762297,123.64264363202781,5.312745094299316,26.296065466580547,118.27799709017496,91.98193162359442,2.218532125155131,180.78932197886257,102.68566735978649,-78.10365461907608,-16.609463389326887,51.55118545773877,66.79245966771416,15.241274209975387,0.08999976405390987
exemplar,exemplar,exemplar/archive_4/d8f74d4e-05f1-4955-86f0-830ca762b176.pt,52.028821905783225,38.415701566004564,-13.61312033977866,-0.22773012703300932,3.630555649323608,36.348930215493795,32.71837456617018,0.2706009804172642,166.66666666666666,7.054121606017499,-159.61254506064915,-0.7708735466003418,11.253874389486732,16.78469604182479,5.530821652338059,0.031152188777923584,54.036158809050214,42.51406873911575,-11.522090069934464,-0.07479684376086579,77.88162009241388,63.72948658490518,-14.152133507508701,-0.07720607850609756
exemplar,exemplar,exemplar/archive_4/d9f93158-6ccc-4d2b-a170-237f34ce5331.pt,29.23427618200032,161.35985590761726,132.12557972561694,8.008711928361517,55.32426418053888,173.5338453886446,118.20958120810573,12.337254622640126,87.62818968090255,59.06300918634346,-28.565180494559094,-0.1530697599370429,103.60118513223854,177.22021002052367,73.61902488828513,6.704997897148132,177.09518054828686,158.64017798783522,-18.455002560451646,-7.532607014973959,4.7850265980903925,101.95111859337871,97.16609199528831,1.5229309797286987
exemplar,exemplar,exemplar/archive_4/da3f016e-20ab-4fd7-952a-595b8f71f7af.pt,23.728769770978385,21.824017609662715,-1.9047521613156704,0.03284989934921685,73.96050216712804,118.26239431301214,44.301892145884096,2.353000052258597,1.7955917938602133,165.9948784989334,164.19928670507318,8.526713490486145,23.240599114150164,147.75068510488387,124.5100859907337,4.085543662309647,177.70487642707346,136.60490579697816,-41.0999706300953,-11.493036179315476,17.314563164064786,54.17409920780193,36.859536043737144,0.5282845063643022
exemplar,exemplar,exemplar/archive_4/db688f60-06c1-4a90-9135-f24939f749c1.pt,163.6101310695797,187.03948130709543,23.429350237515735,19.756691417474855,152.79386375758085,189.61905208992437,36.825188332343515,27.55376434326172,73.88897899029617,109.22964974100512,35.34067075070895,1.0290973981221516,0.0,0.0,0.0,0.0,154.50830489518336,180.75004860773427,26.241743712550914,11.61188268661499,6.1869757226165225,77.37420303759954,71.18722731498302,0.9014573395252228
exemplar,exemplar,exemplar/archive_4/de2b487d-3146-4596-8935-9b3df1e70a4f.pt,77.74277786201503,99.33008046929257,21.587302607277536,0.7015457538693175,50.017983108248906,50.282621986548335,0.26463887829942934,0.0047138435708052855,31.070168565976207,155.8818229455114,124.8116543795352,5.9479294419288635,12.061900553963556,79.02565312471337,66.96375257074982,1.0734550476074218,77.65633215110343,19.92225874567151,-57.734073405431914,-1.0471695768619012,33.82644972722244,3.930778385200729,-29.89567134202171,-0.36560354306716325
exemplar,exemplar,exemplar/archive_4/deae57f3-6e32-43b3-82ae-eb94666b0ec5.pt,170.62651563223628,189.4846070393011,18.85809140706482,24.24477928272192,12.826912771569663,146.6715761539287,133.84466338235904,4.022723317146301,0.0,0.0,0.0,0.0,160.75460229815022,165.1357081892397,4.381105891089476,0.6403894424438477,178.9301766320947,165.1272295271732,-13.802947104921515,-7.225220900315505,17.444387599794116,2.4966581903555123,-14.947729409438603,-0.10184282064437866
exemplar,exemplar,exemplar/archive_4/dff07353-88f8-4592-9a88-cda83160792d.pt,82.45601191048186,36.406203154729226,-46.049808755752636,-0.27585016574205223,126.39362110085564,71.77267561022201,-54.62094549063363,-0.24630137695688076,28.55138781909873,32.91833665323341,4.366948834134682,-0.04994250210848722,93.49614659085803,71.57094205925043,-21.925204531607605,-0.10453014373779297,26.261291431711307,11.554473076550915,-14.706818355160392,-0.10943706590677775,78.41514462584293,25.03379132864368,-53.38135329719925,-0.27618516066978716
exemplar,exemplar,exemplar/archive_4/e276239b-fb1a-42fe-a821-26f171cd3740.pt,15.950262726811909,34.79508645930921,18.844823732497304,0.273496111491857,46.878600384040965,2.010956458080951,-44.86764392596001,-0.35984329425795925,140.02046047680886,92.05354440059973,-47.96691607620913,-0.19246318728424783,89.59207201128659,106.02717378859904,16.435101777312454,0.5280178387959799,25.14704227666584,16.842549611977205,-8.304492664688635,-0.06802839458444039,106.13321203810185,38.969989636699346,-67.16322240140249,-0.3670504835175305
exemplar,exemplar,exemplar/archive_4/e950ae24-8149-4902-abb3-92bbe2aecd63.pt,67.44388641918937,81.34861505596615,13.904728636776781,0.3535044722519629,56.95873505657479,85.48244821540405,28.52371315882926,0.6962580199373598,133.33333333333334,32.02459648075786,-101.30873685257549,-0.34891581535339355,157.51103630101724,132.38738142403793,-25.123654876979316,-1.7490769624710083,81.7636477146604,61.769628207599006,-19.994019507061388,-0.4888655271566691,26.18591579722976,19.75457654395494,-6.431339253274821,-0.08190032484617876
exemplar,exemplar,exemplar/archive_4/eaba7bd5-f8e5-45c7-8194-e722f3af20ff.pt,46.67194970190062,61.627693490819524,14.955743788918902,0.28190608230323577,68.3944826767295,125.91612445679853,57.52164178006903,2.354511417754709,0.0,0.0,0.0,0.0,0.0,0.0,0.0,0.0,17.6974688047623,10.384609424674565,-7.312859380087733,-0.09483823776245118,148.82341845036242,150.0909736496902,1.2675551993277736,0.1488804817199707
exemplar,exemplar,exemplar/archive_4/ead2ec1e-40d8-4acc-91c8-0d319af0c066.pt,8.773953602255602,22.477087914463002,13.7031343122074,0.11800880151283893,1.4796666982602589,6.419984144449946,4.940317446189686,0.05142121995500256,62.64445193350823,21.170223994901747,-41.47422793860648,-0.6633258547101702,56.85772931860993,94.29985889020678,37.44212957159685,0.8248895804087321,106.14839476718552,52.515780131197026,-53.632614635988496,-1.5479699979644852,75.36565343528018,38.29004959787968,-37.0756038374005,-0.7323527785966981
exemplar,exemplar,exemplar/archive_4/eb5a1ea8-c51d-4bb9-b7b4-75eed4853c86.pt,24.658400408247505,52.930193525506986,28.27179311725948,0.4385248844856249,52.521314399242485,21.15182275943183,-31.369491639810654,-0.2246842237315673,119.92005964565502,139.78137738183048,19.861317736175465,0.07280151603757873,35.383498965884776,44.647653068039176,9.2641541021544,0.2545646939958845,41.73113777824641,32.81084540821205,-8.92029237003436,-0.13476662091164043,100.84205719819082,80.16901376785316,-20.673043430337657,-0.6932361218356347
exemplar,exemplar,exemplar/archive_4/ebce0d5b-5f05-4508-8ee8-3f25e158eb65.pt,124.6099844450767,45.63759721300389,-78.9723872320728,-0.176435018854724,66.02616171957042,107.67393885791499,41.647777138344566,1.8358093970373437,189.92434133164207,172.41834520001981,-17.505996131622254,-0.04814262978442303,149.19891748486737,184.3987454137905,35.19982792892313,8.88255786895752,191.8636408854993,193.18044391214403,1.3168030266447204,9.196155548095703,194.98316071745026,196.45308114311135,1.469920425661087,24.781845092773438
exemplar,exemplar,exemplar/archive_4/ecd4a3ae-951b-4cf2-9c32-79bbf5637673.pt,9.14989139569874,75.7035000863781,66.55360869067935,1.1304296810794707,7.60594189574807,101.29304611315068,93.6871042174026,1.9786084240019635,70.00426131064661,135.28917697288625,65.28491566223964,2.8456287384033203,128.71151796196344,170.99659245033925,42.28507448837581,4.09023916721344,134.12911159010324,116.5574372062576,-17.571674383845632,-1.263173917444741,58.859286109920255,128.6493799643569,69.79009385443666,2.425558567047119
exemplar,exemplar,exemplar/archive_4/ed65d0b7-0b0c-4b25-b9b3-bba6415e835f.pt,24.527328092609785,31.999378330969055,7.4720502383592695,0.05737726859039563,28.258007858102715,12.123228429888366,-16.13477942821435,-0.13329148746339678,54.18267357318856,90.9001701506718,36.71749657748324,0.9067227499825614,59.212208082029896,103.16647606882356,43.95426798679366,1.0747044881184895,134.30204175603586,39.26308958397137,-95.03895217206448,-3.595419518033365,103.82851040039117,12.3786204439741,-91.44988995641707,-2.017345952052696
exemplar,exemplar,exemplar/archive_4/ef021cd3-8378-4d1e-9f1f-070602c5f684.pt,14.050537021075986,41.817180945316444,27.76664392424046,0.1947342039666197,5.033636004118415,36.80724778664146,31.773611782523048,0.2617591677060966,141.22982226022071,72.96397240503363,-68.26584985518708,-3.4912118044766514,109.01965479864845,81.23666876294898,-27.782986035699466,-0.857092539469401,35.874169914039214,17.884457888067043,-17.98971202597217,-0.2729286272571781,62.29222549914332,143.3055537914003,81.013328292257,0.3597682561343017
exemplar,exemplar,exemplar/archive_4/ef2865d0-3f5b-4b1f-8655-ff7d550736c2.pt,145.15341344763075,180.48346680257373,35.330053354942976,13.15274024906015,5.801421760220939,134.23388047920147,128.43245871898054,3.9756395206894983,78.47596142479593,111.29550608315607,32.819544658360144,1.014853795369466,0.0,0.0,0.0,0.0,144.99704069247738,177.66205048210477,32.66500978962739,10.354557639674136,1.1610267197961124,97.37492721361843,96.21390049382232,1.4145036935806274
exemplar,exemplar,exemplar/archive_4/efa78183-092f-4770-86fd-d318cda4daa2.pt,148.5146629110321,79.98182471905946,-68.53283819197264,-4.436148872363885,146.561908801839,88.35095022895625,-58.210958572882745,-3.902312535673516,98.37376236862319,137.88965761545336,39.51589524683017,0.15659801501063675,142.61203843027252,65.96298963317724,-76.64904879709528,-2.989389419555664,167.9639849353948,182.10360276965233,14.139617834257535,9.700504557291667,139.37298108880546,188.47861495849745,49.105633869691985,23.433608055114746
exemplar,exemplar,exemplar/archive_4/f1369026-b6ce-4401-8f3a-9079a7bb9cfb.pt,42.63060039346749,12.77603535995858,-29.85456503350891,-0.40530845620556166,5.5424849514688965,2.719407944574409,-2.8230770068944877,-0.0294353691829468,4.671529396671489,52.707869002700676,48.03633960602919,0.3692187549371208,76.67002222562294,121.62816248738743,44.958140261764484,1.6744884490966796,116.81969904293935,29.557246158294006,-87.26245288464534,-2.4580814823223527,159.9849539951208,86.18860605528818,-73.79634793983263,-6.157570648193359
exemplar,exemplar,exemplar/archive_4/f2ac7800-495d-44fc-81ae-b3c9fdc3656d.pt,64.50815360191052,39.33847315333395,-25.16968044857657,0.0019469058089158324,99.76696329335707,48.47505652088473,-51.29190677247234,-0.02580014309934232,0.0,0.0,0.0,0.0,0.0,0.0,0.0,0.0,98.2490538723356,74.71722448315401,-23.53182938918158,-0.7347705317478553,4.904428221169847,176.14978803622694,171.2453598150571,12.26955751578013
exemplar,exemplar,exemplar/archive_4/f9012451-79a9-4be9-be03-9b56617d2e21.pt,13.418586610422958,59.16491751370067,45.746330903277716,0.6962957752727137,17.876677419585352,74.58844332471192,56.71176590512657,0.9930769035016287,22.829210597078756,2.8341241409423725,-19.995086456136384,-0.17547181595203487,158.89388864834203,181.80989289691806,22.91600424857603,6.129530906677246,62.393925949071736,18.011872869079586,-44.38205307999215,-0.708038330078125,61.83079414560864,25.2528664118745,-36.57792773373414,-0.6013178898737981
exemplar,exemplar,exemplar/archive_4/f91aaca3-3e17-40f5-8dbc-f91b66fb6ff6.pt,21.29535393395231,21.738680294839924,0.4433263608876139,0.005566419434318888,11.396968204297425,0.3115705754118122,-11.085397628885612,-0.10470190641392785,71.88348779102088,110.1000079869213,38.216520195900415,1.260869026184082,40.93487411290833,73.00512510324776,32.07025099033943,0.5556601285934448,9.380467248768555,16.31318629339821,6.932719044629655,0.061216144892521675,38.31038424148596,33.91940554002034,-4.39097870146562,-0.031491996951219514
exemplar,exemplar,exemplar/archive_4/fe7e730c-d073-4096-b2ee-40007ede4bd8.pt,51.66150589929568,77.99211635070014,26.33061045140446,0.5819303125470845,77.93201475160966,87.06912638905514,9.137111637445486,0.26510308417458434,82.22808897718065,12.991825561833025,-69.23626341534762,-1.152664025624593,71.53032194544741,2.9684918126610786,-68.56183013278633,-0.9036036729812622,95.83032241994323,32.04561913419853,-63.7847032857447,-0.3713277558448806,36.3905742524266,147.59712370290418,111.20654945047758,4.3236015637715655
exemplar,exemplar,exemplar/archive_5/0005d2ec-d7b6-451f-8b60-8380567be609.pt,19.500829650844405,10.693855435645736,-8.80697421519867,-0.10309518060301312,44.982224516396506,101.48804097729344,56.50581646089693,0.3060116158838955,114.42558520693859,104.01071769530022,-10.414867511638377,-0.043413058731907095,11.023363136885992,89.04646484027799,78.023101703392,1.350573682785034,168.50167965408446,6.088444121090192,-162.41323553299426,-10.619302865415335,11.649134344659124,44.226903772024826,32.5777694273657,0.24957813262939454
exemplar,exemplar,exemplar/archive_5/004fadab-4511-45a6-83aa-cee15591ed3f.pt,97.70381104948483,60.76242611288607,-36.94138493659876,0.2163899168413988,56.25903708813287,95.12407060451436,38.86503351638149,1.3748010528371262,184.0560856240915,184.45360571620753,0.3975200921160251,0.0010750099963939654,170.04071781351664,178.39481282321728,8.354095009700643,2.5813088417053223,183.80016740177504,194.0148326557211,10.214665253946066,41.136929466610866,189.36806535810507,196.95777897068427,7.589713612579203,78.21698506673177
exemplar,exemplar,exemplar/archive_5/020a127d-a6fc-4a0c-9f36-5c82d526c402.pt,18.69667015272826,13.467604203285052,-5.229065949443207,-0.026582654986620907,3.0161825361632144,146.75179135395797,143.73560881779474,5.480555340993801,118.55795077266865,100.6398395304063,-17.91811124226234,-0.07481821345896857,62.90769122320904,138.06287594837116,75.15518472516212,2.6553151607513428,113.22509133974424,150.40513086995,37.18003953020576,3.3961415784112337,32.84923205178308,156.00977825249186,123.16054620070878,5.108084708452225
exemplar,exemplar,exemplar/archive_5/0293b666-44a9-40aa-9a69-e539fe7ae890.pt,66.6588396915471,148.84976477163647,82.19092508008937,4.819549726303183,110.7043348831407,2.5517893091071815,-108.15254557403352,-0.6870415567214011,0.0,0.0,0.0,0.0,81.4943443538454,171.77293056031786,90.27858620647245,5.397714078426361,190.26930017798227,137.99116008323415,-52.278140094748125,-33.98985173152043,57.90746710129935,24.95399444318493,-32.95347265811442,-0.4920996257237026
exemplar,exemplar,exemplar/archive_5/06295731-ef11-49c3-bd2e-19189605f869.pt,25.283831772081676,44.405201363195815,19.12136959111414,0.1389042370241756,10.074189411714167,37.864897183818876,27.79070777210471,0.22244836484158695,0.0,0.0,0.0,0.0,14.021776766637824,41.76743079169842,27.7456540250606,0.1876753568649292,6.692714716186797,46.7977131198918,40.104998403705004,0.31428833749430435,2.306260331664316,53.90755519568006,51.60129486401574,0.4004381903286638
exemplar,exemplar,exemplar/archive_5/09ca9bf5-b8d0-442e-8a3d-9eab5d58d05b.pt,21.935925878117793,63.69267010569003,41.756744227572234,0.6880288289150622,159.9613557257929,33.44977538490688,-126.51158034088604,-0.6017398542584994,0.0,0.0,0.0,0.0,0.0,0.0,0.0,0.0,85.22451719918345,1.2280144684705125,-83.99650273071293,-1.4640926179431735,148.82341845036242,151.32993252903708,2.5065140786746554,0.3018965721130371
exemplar,exemplar,exemplar/archive_5/0b93dc15-d08a-4cb4-a9a1-97f2082e6ead.pt,125.86673198841453,112.47560884302494,-13.391123145389585,-0.8254778001655853,149.7077654121378,111.99795086285428,-37.70981454928352,-3.40741442919513,67.07618853606665,82.64003730623509,15.563848770168434,0.33256228764851886,108.88780580418351,45.39092192128588,-63.496883882897635,-1.3522661328315735,159.614840187145,165.70181682055173,6.086976633406721,1.723993154672476,132.8453920718689,168.90149413263998,36.05610206077108,5.179462432861328
exemplar,exemplar,exemplar/archive_5/0d02b95b-0f3d-4ec6-9d1d-fef436406efd.pt,118.56655332541656,118.27527845202309,-0.29127487339347624,-0.017504998328533222,121.89435809944834,19.5283101994289,-102.36604790001944,-2.903932679191468,64.82909435353996,108.24711579066003,43.418021437120075,1.166932741800944,50.49888904083727,64.8576242613998,14.358735220562536,0.21320700645446777,161.6301929080979,79.60180806312545,-82.02838484497246,-7.050329769358916,52.945595075961485,103.98250967915021,51.03691460318873,-0.03560778779803582
exemplar,exemplar,exemplar/archive_5/0d258a70-60a2-425a-9188-c5af9bfb9e2c.pt,27.69248864723209,79.71701628772601,52.02452764049392,1.0038962037169334,5.993400914988791,68.62448617931045,62.63108526432166,0.9827485153494268,166.66666666666666,54.74401740099356,-111.9226492656731,-0.14238739013671875,57.86967437910086,76.59173065640556,18.722056277304702,0.3557961781819661,26.37874217922071,97.43523543564831,71.0564932564276,0.4220434755668723,66.18165746900698,126.27478117366408,60.0931237046571,0.27663761790205793
exemplar,exemplar,exemplar/archive_5/0f0539aa-0f9d-4d57-ac73-5a76abfc625b.pt,36.51191573137535,1.4906829793361727,-35.02123275203918,-0.4316380433487183,15.56867033267976,16.130001088416222,0.5613307557364617,0.006621053137550916,140.68578064793948,94.2920574925908,-46.39372315534868,-2.811747932434082,100.24009142425703,103.16647606882356,2.926384644566525,0.10097837448120117,33.12085890943529,74.68241712011796,41.56155821068267,0.14679482403923483,85.30842990026449,160.34732906611995,75.03889916585547,0.2918834224537542
exemplar,exemplar,exemplar/archive_5/11917de7-e8b0-4cce-97a9-e9b2d6d22fbd.pt,115.84352021177816,137.23897267033905,21.395452458560897,1.6192366316511824,166.5080357449272,165.09401613171354,-1.414019613213668,-0.48030422044836957,7.518178668373821,120.0894515215354,112.57127285316157,2.561543822288513,135.53332089383628,154.12098809928466,18.587667205448383,1.2569139003753662,183.03296237875324,120.53553311299903,-62.49742926575421,-18.17059814453125,185.34023430251182,139.10631271070122,-46.2339215918106,-15.53755521774292
exemplar,exemplar,exemplar/archive_5/13fb14ae-4ff0-47bc-a0db-3c715258d666.pt,54.43545146297584,107.87822645916042,53.442774996184575,1.5940251176075269,35.631467555013096,57.287215527738354,21.65574797272526,0.5000717920049363,22.70646067219816,94.48281736722163,71.77635669502347,1.2789220015207927,23.19204593301274,93.25151968973074,70.059473756718,1.1135882139205933,104.06622978715268,157.75915132733684,53.69292154018416,5.193964233398438,87.71699380337674,132.8453920718689,45.12839826849216,1.795483112335205
exemplar,exemplar,exemplar/archive_5/14c60dd4-a95a-430f-a51f-41dc2be5f295.pt,2.3882016222727556,46.79740060203747,44.40919897976472,0.3550640004875859,15.78334630887743,68.12538750427092,52.34204119539349,0.36186797593578607,144.39722971136482,114.06848142419983,-30.328748287164984,-2.4236068725585938,103.16647606882356,87.35583854626192,-15.810637522561635,-0.4831630388895671,80.16106286213932,23.242071864712894,-56.91899099742642,-1.1293369994569786,11.963213904166562,169.4311785963944,157.46796469222784,0.804138648419193
exemplar,exemplar,exemplar/archive_5/14fc0e5f-63f1-4d61-b0ca-d81e0a7f69f2.pt,62.214306625486884,38.51608458417791,-23.698222041308973,-0.15156426526878458,77.27476535772084,65.00080998984747,-12.27395536787337,-0.06681624585718164,59.27755579258845,42.76389129492643,-16.51366449766202,-0.10398920232599432,82.84448036896664,54.76352579874769,-28.08095457021895,-0.14808480739593505,44.6438695566742,23.308539861175586,-21.33532969549861,-0.15611968368327805,50.05456273665114,12.788711121830291,-37.26585161482085,-0.2628164357152478
exemplar,exemplar,exemplar/archive_5/15e1762b-4903-47b0-9281-85d7946949e9.pt,35.702813227322345,16.09418111277122,-19.608632114551124,-0.25958111550758206,11.210041429212533,46.181627031857985,34.971585602645455,0.25642059671772943,118.1177457183182,143.288603129026,25.170857410707796,0.09183836352917575,6.28407131175843,63.46898761486621,57.18491630310778,0.7819298267364502,123.66350378459921,15.474993807835109,-108.18850997676411,-3.0673991269285574,0.5340942116025654,4.6800262861977835,4.145932074595218,0.04003614945845171
exemplar,exemplar,exemplar/archive_5/16313ee3-5a21-4c67-9263-31d84b60fca5.pt,54.2255571008118,11.868810718869677,-42.35674638194212,-0.6177788718347477,31.745852343341312,61.07315307763409,29.327300734292777,0.5018017567343784,104.03649003095137,64.48445291068847,-39.552037120262895,-1.1151801745096843,48.399671621488714,22.278145982709432,-26.121525638779282,-0.32317392031351727,88.73881835294615,33.019273652320884,-55.71954470062527,-0.3309538775781975,18.271258725013553,130.05983269470173,111.78857396968817,2.959796905517578
exemplar,exemplar,exemplar/archive_5/1cc0f786-4bc4-4bbc-a214-f7ce139a8dce.pt,127.01349014212431,149.75952740601898,22.746037263894664,2.4810519706336938,124.29815619016462,147.4937330318914,23.195576841726776,2.333640021678665,109.74630876620432,120.79542759432991,11.049118828125586,0.04442612706767439,18.070895286677366,81.76771793562342,63.69682264894605,0.9130774736404419,130.27481883210484,177.2184584731249,46.94363964102007,11.593933985783504,15.446778526041888,178.73257641080588,163.28579788476398,12.48053365945816
exemplar,exemplar,exemplar/archive_5/1e417f81-b53a-4e58-990e-e57dec57dcad.pt,43.0012766919051,12.716146375727893,-30.285130316177202,-0.41199280646926445,14.14754805390439,10.771585328391321,-3.3759627255130695,-0.03839710719814241,5.178193654163541,52.235793430550984,47.05759977638744,0.3609322648707444,77.14342753260136,121.62816248738743,44.48473495478606,1.663240623474121,117.45141445426832,30.497116091768948,-86.95429836249937,-2.481792879257938,160.47823473951308,86.18860605528818,-74.28962868422491,-6.2760978698730465
exemplar,exemplar,exemplar/archive_5/1f9f8204-f3d4-401d-9831-9f1620eef0ba.pt,94.91260197641658,124.90276097309312,29.99015899667654,1.5199231750440485,69.54649013836705,71.52606413860593,1.979574000238884,0.010815648073623535,5.054268744121318,132.43712646189564,127.38285771777433,3.2237985134124756,1.4653129558889069,82.0188116755593,80.5534987196704,1.0318683385849,165.2998604569005,109.75424148145761,-55.54561897544288,-7.022592038524394,31.4515313261594,42.89913309430859,11.447601768149188,-0.019312731424967446
exemplar,exemplar,exemplar/archive_5/261c61b2-d60e-4d97-8cf1-6f971956c528.pt,9.369768810001574,60.84985842440174,51.480089614400164,0.7850811640897392,16.9784033808299,23.26368816004025,6.28528477921035,0.02286087305838243,165.62851780940164,163.24948619439482,-2.3790316150068236,-0.007163459982103963,40.126583452481455,30.0811463740774,-10.045437078404056,0.016544103622436523,106.45031742316421,58.16462414608841,-48.2856932770758,0.12532234548408294,71.94358191459881,165.06016729585463,93.11658538125582,6.243471384048462
exemplar,exemplar,exemplar/archive_5/277d1ef9-1fbb-4a28-8545-182f6b4ee856.pt,8.404535413876584,2.129709840015909,-6.274825573860674,-0.05958212877163425,127.89184827483245,16.402710848656266,-111.48913742617619,-3.367811556031914,53.51564901065619,61.676301513853254,8.160652503197063,0.1476755142211914,21.063421422992178,2.3304813910452142,-18.732940031946963,-0.17699376742045084,63.636326106226264,70.84581296579103,7.2094868595647625,-0.4098245536331582,47.55953556971738,39.68980032306822,-7.869735246649164,-0.28922811368616613
exemplar,exemplar,exemplar/archive_5/296fc1bb-ccae-47a0-92bc-0cb924e81004.pt,18.296507374672125,28.663608496206276,10.367101121534152,0.1669549376450116,125.81416007657296,66.88050127292539,-58.933658803647575,0.2324740835960875,1.7955917938602133,163.9167694264089,162.1211776325487,7.933942914009094,26.217014881742667,146.7317275381834,120.51471265644074,3.9580304622650146,176.9114518491306,136.76401278531856,-40.147439063812044,-10.874104239723899,63.088273866680716,104.6482372691662,41.55996340248549,1.1824453898838587
exemplar,exemplar,exemplar/archive_5/2e7a57c3-cee6-49d3-a5f2-67536b0afd50.pt,181.92935569012155,192.69287057989408,10.763514889772523,32.30929509943182,181.66481977862057,174.02579859203692,-7.639021186583648,-4.812066078186035,0.0,0.0,0.0,0.0,135.36245182008392,155.55539307711507,20.19294125703115,1.4058067798614502,189.59529924704526,151.9254573334739,-37.66984191357136,-29.047901698521205,152.5407885035583,92.63083846831098,-59.90995003524732,-3.5271191596984863
exemplar,exemplar,exemplar/archive_5/3222c8ce-093d-473f-a983-3bd5e69e6b09.pt,28.321759333827465,26.171169800632526,-2.150589533194939,0.053026728492287636,106.73123823417728,69.46332028598896,-37.26791794818833,0.36828911474035636,31.273183673223095,151.8582773011002,120.58509362787711,5.443262974421184,79.68588097434325,119.89364541759926,40.20776444325601,2.0196146170298257,176.81831015294404,136.81198986508596,-40.006320287858074,-10.815435791015625,13.41417927557579,113.49733413036553,100.08315485478974,2.3031815120152066
exemplar,exemplar,exemplar/archive_5/34015289-6a43-40b9-bd13-3d9287b17225.pt,81.59715602568299,164.7937077677787,83.1965517420957,7.970873110762266,110.0494930213459,163.16721219514423,53.117719173798335,6.39985806824731,0.0,0.0,0.0,0.0,144.414860379958,160.02064211307524,15.605781733117254,1.4044976234436035,187.5453713749897,186.80083248154247,-0.7445388934472419,-1.7639577765213816,193.46435776631077,194.66712524991746,1.2027674836066922,10.352691650390625
exemplar,exemplar,exemplar/archive_5/386c2977-9938-4c19-b8d7-33d1383c6291.pt,6.856926495248712,14.069224494582855,7.212297999334143,0.08033318119715896,1.8318903946240699,16.208285743974642,14.376395349350572,0.13143933603507493,119.92005964565502,134.83872490828355,14.918665262628537,0.055491469627202944,77.02121104598538,35.298961977182636,-41.722249068802746,-0.11832264491489955,102.72371147417306,12.03183576337065,-90.6918757108024,-1.9805818322586686,87.36261370858064,135.5558268145295,48.19321310594886,2.466010774884905
exemplar,exemplar,exemplar/archive_5/3f382f07-1b5e-4050-9cc2-315f829fc95e.pt,160.01625415137747,170.96456472900115,10.948310577623687,3.7663108825683596,162.78761220020365,165.72826021033953,2.940648010135874,0.9204251648949795,0.0,0.0,0.0,0.0,160.75460229815022,164.0610687912456,3.306466493095371,0.4688568115234375,176.1381911928769,161.41303941346303,-14.725151779413864,-6.228650544819079,112.67260952349226,137.59142377262108,24.91881424912883,1.3716833591461182
exemplar,exemplar,exemplar/archive_5/4092a508-69b3-44f1-99fe-1627230ef037.pt,21.823945734459677,11.134365930737102,-10.689579803722575,-0.12705828902275296,6.543636957039708,2.59177639969725,-3.9518605573424583,-0.03777593494980332,89.8765760744236,151.03579383728078,61.15921776285718,4.310097503662109,49.49868311921846,101.82375622008664,52.325073100868174,1.2394561767578125,2.811830592063224,59.469965790411145,56.65813519834792,0.4305892994074837,29.913380167771734,94.33419138534485,64.42081121757312,0.3806004668445122
exemplar,exemplar,exemplar/archive_5/4176a28b-a9d7-4e61-a4ed-ec74d23f40de.pt,24.69529854037298,12.950001627371716,-11.745296913001265,-0.16011490827649613,11.653599324284095,7.427019541578322,-4.226579782705772,-0.046611160168708456,143.88057071335564,132.29241737514062,-11.588153338215022,-1.1589035034179687,94.1894970631767,117.00335191922467,22.813854856047968,0.8659405708312988,78.45374927527894,103.76038920959735,25.30663993431841,-0.6076146429517032,36.313315482386756,176.346317467202,140.03300198481526,0.629669160757706
exemplar,exemplar,exemplar/archive_5/41aa96a8-51de-4828-89f3-27baf9351893.pt,10.101087599081449,33.64403020387455,23.5429426047931,0.2980928954197821,74.93878674151229,99.56270495721868,24.623918215706396,0.11958540383385322,49.51833348987409,97.79284523280548,48.27451174293139,0.25886574087216874,34.60057309090421,64.32432878977275,29.723755698868537,0.6065734454563686,27.60300125477703,11.226047943852041,-16.37695331092499,-0.2135591407270797,13.41417927557579,4.639757882930292,-8.774421392645499,-0.0894085339137486
exemplar,exemplar,exemplar/archive_5/43c1d637-b219-4c55-8f7e-80d2446bc51c.pt,62.22539263580623,32.910501210156376,-29.314891425649854,-0.19199107445893254,92.0008961216549,117.31518054041821,25.314284418763307,1.1336947140829485,0.0,0.0,0.0,0.0,152.6402929630315,0.0,-152.6402929630315,-3.222999095916748,106.16593904045322,72.72497649221333,-33.440962548239895,-1.1132966926298946,177.5799057533397,177.2824877321326,-0.29741802120707916,-0.17518234252929688
exemplar,exemplar,exemplar/archive_5/45a634af-1456-4237-b04a-df3323c1f3e0.pt,13.639977247580156,46.794885067437555,33.1549078198574,0.48317806329057456,38.32682560232899,0.010036154380971728,-38.31678944794802,-0.32152500526047667,0.0,0.0,0.0,0.0,31.535624886649313,19.082646746960386,-12.452978139688927,-0.05706051417759487,71.49863976248086,25.666164716086964,-45.832475046393895,-0.2990443405595798,60.23525991300074,19.609937371281536,-40.6253225417192,-0.244665632576778
exemplar,exemplar,exemplar/archive_5/48481532-2377-4eb1-8a63-76a830cb0840.pt,91.74128772228848,133.38802019233677,41.64673247004829,2.30884696166733,100.20256376856153,106.82622661572358,6.623662847162052,0.28370640195649244,20.89620268388537,130.60448984414802,109.70828716026264,3.276961326599121,136.88411927525226,165.23362034930798,28.349501074055723,2.583909511566162,179.6130214704005,103.97001407421898,-75.64300739618152,-15.22083467425722,178.44987346940454,131.19462667998272,-47.25524678942182,-9.560907363891602
exemplar,exemplar,exemplar/archive_5/484ab287-0dd3-477b-84b3-9f0e5c898fbf.pt,96.48339830296547,117.8342234371395,21.35082513417403,1.0039921016483517,84.03546117897962,23.93196608467386,-60.10349509430576,-1.177107680267489,49.89541396087629,99.84902511023688,49.95361114936059,1.1076345443725586,34.83890478645005,67.88187214890908,33.04296736245903,0.4542868137359619,155.97262117428102,115.62723514008174,-40.34538603419928,-4.296118503146701,122.14314313195909,44.92072152256482,-77.22242160939427,-2.4420209364457564
exemplar,exemplar,exemplar/archive_5/4dc8d15d-64ec-4038-9f7c-8df28c33d840.pt,55.1813454107272,26.87968081689236,-28.301664593834836,-0.19552699913567,32.59532510191011,41.32359319904632,8.728268097136208,0.06219487932120825,0.0,0.0,0.0,0.0,0.0,0.0,0.0,0.0,172.5609531008721,31.255942077379572,-141.3050110234925,-12.14373222986857,129.5086489341463,171.60954752571968,42.10089859157338,6.311091423034668
exemplar,exemplar,exemplar/archive_5/4f9f0fd5-3cb6-4ef0-9923-8c614eb57f73.pt,31.660757457019606,77.07698854847288,45.41623109145328,0.8777644694792381,0.5432882576698113,63.30182450676942,62.758536249099606,0.9205699734403255,150.0,96.57545055708108,-53.42454944291892,0.8841094970703125,45.5890276167606,77.2364455473046,31.647417930543995,0.5565054416656494,19.901442080907785,107.02158491912299,87.1201428382152,0.5160586256710852,64.72832728489415,139.29035362453246,74.56202633963831,0.3318897675304878
exemplar,exemplar,exemplar/archive_5/53a1e619-e76a-4860-a38a-f3e7f58baed4.pt,41.634272849298206,102.42678372292019,60.792510873621985,1.5735845921939835,4.47844784111644,54.341323664340365,49.86287582322392,0.7002973526163428,109.39809921125432,122.48224852190306,13.08414931064874,2.248529394467672,3.6395697980252457,87.37070512536246,83.73113532733721,1.3262625932693481,29.735736984728295,79.31291781369391,49.57718082896562,0.3089894627351664,55.32872431948506,112.62053920098293,57.29181488149787,0.28696140196265246
exemplar,exemplar,exemplar/archive_5/56120ef6-a451-47d3-8f80-f0dc7b5f76c8.pt,41.87876260516368,77.68341990481743,35.80465729965375,0.7402263086797908,24.549415051832398,85.4787178862027,60.929302834370304,1.2124818136248043,11.515492966837945,70.40180685225035,58.8863138854124,0.8146476745605469,152.57756564729956,138.695379042355,-13.882186604944565,-0.9550163745880127,85.26787964960955,78.19251766297029,-7.075361986639265,-0.20220372162329028,38.276524561841825,28.25581305747968,-10.020711504362144,-0.143568451871577
exemplar,exemplar,exemplar/archive_5/580c9b4a-808b-41f3-9ad9-e583674b686c.pt,57.49562465964463,19.626835432996007,-37.86878922664863,-0.5892829641297379,16.84576273038908,26.175608546416576,9.329845816027497,0.04750937467077539,26.68890809080568,0.5395232300422892,-26.14938486076339,-0.2109126647313436,38.979455815112466,40.46200827854013,1.4825524634276661,0.009287643432617187,51.090653413261876,9.709344184035013,-41.381309229226865,-0.30476171064200874,36.455663023308645,40.84739138546149,4.391728362152847,0.20432352575456134
exemplar,exemplar,exemplar/archive_5/5af486e3-8e8e-4280-9253-78e9ba6a6b38.pt,15.789489593187817,71.70323733022279,55.913747737034974,0.9461818200546529,27.344291661253134,64.95303632104009,37.60874465978695,0.7212418718471723,39.88087061789205,123.35597236536354,83.47510174747148,2.4940597216288247,79.23463804761268,137.0261091487345,57.791471101121815,2.279723048210144,30.861333161364144,11.36188802131133,-19.499445140052813,-0.2571940793829449,16.2079142348437,35.79033825965741,19.58242402481371,0.1531715156128688
exemplar,exemplar,exemplar/archive_5/5b4dd40f-b895-46e1-a535-cfeab643d94f.pt,11.601949166094611,34.59119973209184,22.989250565997224,0.2950350884759464,25.4121275315027,60.614348276546416,35.20222074504372,0.6441456005467038,78.83958935023242,57.957151080779255,-20.88243826945316,-0.44491036732991535,140.58859684356062,135.4849368524879,-5.103659991072732,-0.017270914713541665,83.02374147106659,43.61489114875634,-39.40885032231024,-0.2284146735309891,58.859286109920255,151.9179763556697,93.05869024574946,4.799432992935181
exemplar,exemplar,exemplar/archive_5/5bb475d0-68f2-4ab7-ab19-38c504862691.pt,46.4166768496822,80.193228550396,33.7765517007138,0.7340993401258206,51.416111240926085,42.876788472585986,-8.5393227683401,-0.14615144400761046,129.39302804049055,39.4325759574834,-89.96045208300714,-0.4542779176131539,139.66132807386276,170.02088665128412,30.359558577421353,3.356687545776367,55.86821040143507,2.37883985558504,-53.48937054585003,-0.7497511555377702,97.37492721361843,126.02909805072406,28.654170837105625,1.132386565208435
exemplar,exemplar,exemplar/archive_5/5f536b5a-375a-4477-bf38-f292692bd173.pt,13.533169199654544,59.600591692539574,46.06742249288503,0.7222531746509389,157.1296818618905,143.70773614099372,-13.421945720896787,-2.2237477266089636,161.92781182560066,157.26459763970206,-4.663214185898596,-0.01442245516497763,36.824908425446175,35.67649091228354,-1.1484175131626344,0.10269510746002197,107.07597894455515,55.98867061415599,-51.08730833039915,0.08009269151885928,66.33979544523882,157.11326016281055,90.77346471757173,4.750671625137329
exemplar,exemplar,exemplar/archive_5/61a10dcb-95d8-47df-83e5-caa0b328e276.pt,12.751582390723787,60.31501929034288,47.56343689961909,0.7437061296560492,157.1296818618905,143.70773614099372,-13.421945720896787,-2.2237477266089636,162.01729109694256,157.36374555220036,-4.653545544742201,-0.014385010452303521,36.824908425446175,35.67649091228354,-1.1484175131626344,0.10269510746002197,107.07597894455515,55.98867061415599,-51.08730833039915,0.08009269151885928,66.33979544523882,157.11326016281055,90.77346471757173,4.750671625137329
exemplar,exemplar,exemplar/archive_5/63b2b8ca-a5ff-4efc-8e75-0ab62bda9f63.pt,42.6778341643489,64.70590745863817,22.028073294289264,0.41396182345360827,103.68493220135453,111.31337709614942,7.628444894794896,0.3571802617106625,80.4416956717195,13.976274360068157,-66.46542131165134,-1.0957692464192708,75.6976828751976,0.4203265572854294,-75.27735631791217,-1.0114720662434895,92.62127820567689,30.95295545413021,-61.66832275154668,-0.364657461084076,77.37420303759954,162.25641675398475,84.88221371638521,5.501903653144836
exemplar,exemplar,exemplar/archive_5/655a3b22-d5b0-4889-8e9e-3d1d61f5c3dc.pt,12.224206665191499,47.50216145224673,35.277954787055236,0.5077769143657241,38.25438577349249,3.2975679319158138,-34.95681784157667,-0.28758722044368296,0.0,0.0,0.0,0.0,30.25076055322897,14.042628017947633,-16.208132535281337,-0.10375206811087472,65.99319842130807,19.505409534796886,-46.48778888651118,-0.3182869792854699,61.4858879741285,20.28973351033714,-41.19615446379136,-0.2436327704067888
exemplar,exemplar,exemplar/archive_5/6630268b-1c53-4ea2-8524-3215670166f7.pt,26.905151324227386,28.193972822422413,1.288821498195027,0.0910561497509545,40.48889944713444,116.42346363602329,75.93456418888884,2.278038064893346,45.580169022803574,117.07527985019634,71.49511082739276,2.047201951344808,43.431722960186825,104.19568720884475,60.76396424865792,1.5152904987335205,164.07234396923698,133.12591199823228,-30.9464319710047,-5.104389897099248,59.34379503478096,105.28807654341696,45.944281508636,1.3168142492120916
exemplar,exemplar,exemplar/archive_5/6949a0a6-582d-49e7-9017-1ebdd83e659f.pt,32.23445722089713,23.055464240949505,-9.178992979947623,-0.017007011950518694,50.76391738053942,53.1515108705828,2.387593490043379,0.3185412855033415,43.62327892664757,125.08004587820399,81.45676695155642,2.549347241719564,52.694637997864874,27.697744922494458,-24.996893075370416,-0.07963329553604126,102.57943015945003,31.0083101939611,-71.57111996548892,-0.409184658166134,40.69995915216801,95.02401770997169,54.324058557803674,1.1041615307331085
exemplar,exemplar,exemplar/archive_5/69e8d980-18a2-4a57-8bd1-a3425e4ee7aa.pt,23.620459790055474,37.41396879202325,13.793509001967774,0.24897832595144356,121.33438193166525,37.1319757849544,-84.20240614671084,-0.44200724790127827,85.74665315580236,65.34796952411904,-20.398683631683326,-0.10758569311050586,11.171698129040017,112.31651587544636,101.14481774640635,2.2104501724243164,22.222749075166323,24.582311323762315,2.359562248595992,0.08013717849533279,41.54200080520288,70.79869046066496,29.256689655462075,0.7143720149993896
exemplar,exemplar,exemplar/archive_5/6be2d1fb-0714-4bc3-8b4e-8c8313a32942.pt,93.12662854037495,106.09796677032467,12.971338229949723,0.5169780974776583,72.74825737954873,67.79747301172108,-4.9507843678276515,-0.1177073107547993,150.0,138.42209573359267,-11.57790426640733,3.183856964111328,4.215627763089389,58.89550467890139,54.679876915812,0.7141432762145996,61.419360377444264,41.85166534975903,-19.567695027685232,-0.35677863023952094,28.466986283114707,35.82363008724685,7.3566438041321405,0.10408658759538518
exemplar,exemplar,exemplar/archive_5/6c8e3150-a33e-4687-bd27-59ca3911e8d9.pt,50.68782135198294,44.325322732839446,-6.362498619143494,-0.31609575899900083,45.654513504769895,45.36449048992337,-0.2900230148465255,-0.22180312351225898,0.0,0.0,0.0,0.0,12.35871800684178,24.70361790891252,12.34489990207074,0.09313435554504394,59.45256424277507,142.86831907424008,83.41575483146501,0.3750505118534483,3.51357152579517,131.02767534874133,127.51410382294615,0.7555864109106953
exemplar,exemplar,exemplar/archive_5/6cc2d054-9291-4b32-8ac7-deaa30c257c7.pt,15.96327095574647,40.65403598294454,24.690765027198072,0.3367739332620463,53.85979598936182,34.63972466194886,-19.22007132741296,-0.1290661545947592,99.89383685543069,108.01289712129976,8.119060265869066,0.03502214416977047,55.185357978729726,44.07756361396492,-11.107794364764807,0.12548467848036024,60.06232732212209,10.002085036698988,-50.0602422854231,-0.7526819224595457,116.05773028582308,31.82214003312083,-84.23559025270225,-2.377494398013566
exemplar,exemplar,exemplar/archive_5/6d82c668-eaca-43b7-960a-e8a29bfb4f71.pt,4.818903250809011,141.98646145502283,137.16755820421383,4.847383506277264,119.482031085715,122.56796098151159,3.085929895796596,2.415578759857235,18.14455627227473,41.74529628445188,23.600740012177152,0.3605859929865057,132.0284850338188,181.90593875315156,49.87745371933275,8.110941410064697,163.34517232603957,155.31081598527618,-8.034356340763395,-1.9005932807922363,17.444387599794116,71.94358191459881,54.4991943148047,0.722380518913269
exemplar,exemplar,exemplar/archive_5/726de60d-d82a-4bf0-9f59-5b1bcc1b2d30.pt,70.11494506572605,18.33264912316514,-51.78229594256091,-0.8777883356267756,33.323525100601394,6.556849339583138,-26.766675761018256,-0.3320581512974371,59.29059373619954,100.16049191267066,40.869898176471125,1.1421419779459636,20.19746244270038,55.289386449388765,35.09192400668839,0.5009406634739467,106.03798092988517,67.4931807664491,-38.544800163436065,-1.2372807683171452,99.13801758331748,57.90384377286209,-41.23417381045539,-1.1472461771520768
exemplar,exemplar,exemplar/archive_5/74a20ca7-adb1-47f1-88e2-909671a4e566.pt,17.254957960086127,53.527690320622376,36.27273236053625,0.2634159977263562,0.4278373790318666,25.564478965183234,25.136641586151367,0.22239880152017613,65.8938641501828,14.73635226204918,-51.15751188813361,-0.8111477476177793,64.30823828049783,68.85524744852206,4.547009168024232,0.08517265319824219,36.28466844275469,66.08822735537314,29.803558912618442,0.5434704727001405,57.40122709618815,34.011337315351206,-23.389889780836945,-0.3935809013171074
exemplar,exemplar,exemplar/archive_5/752323a6-8d6e-40a6-bd74-1e1fabb4c34f.pt,66.69386546261737,8.897123829314282,-57.796741633303085,-0.9074702446162514,7.674103755681762,36.15452394882142,28.480420193139658,0.23228433992185807,64.56056738500645,67.84958972337596,3.289022338369506,0.07235586643218994,37.91380030898626,17.11405216537298,-20.799748143613282,-0.2572782834370931,25.099601495221584,38.72606899512167,13.626467499900087,0.19314674003382284,60.09537191375349,36.223049024040044,-23.872322889713445,-0.4154501968289014
exemplar,exemplar,exemplar/archive_5/7a7e87f8-093b-4c70-af93-449b06a8990f.pt,91.73157703220436,104.65445788231251,12.922880850108157,0.5007140112704918,72.85672637055693,70.14710211601614,-2.7096242545407847,-0.06564433118906578,150.0,133.87936369524465,-16.12063630475535,2.7933549880981445,3.9204272068021706,55.021551431953036,51.10112422515086,0.6485221862792969,60.15035141790193,49.52466524421427,-10.625686173687662,-0.20177082039015903,28.466986283114707,46.98928150630246,18.522295223187754,0.28118920141412307
exemplar,exemplar,exemplar/archive_5/7e9c4957-6952-412d-85d3-e701996de09c.pt,25.450743075731427,3.901951590156129,-21.5487914855753,-0.25334104894509984,11.687725954826933,13.094518030608647,1.4067920757817145,0.015987576411909614,146.7448324646652,144.12775637737522,-2.6170760872899734,-0.32982969284057617,137.76820678449494,146.7317275381834,8.96352075368847,0.8111832141876221,73.85350506144259,99.22576831875745,25.372263257314856,-0.5075763411236783,48.392900617570184,174.84969581943056,126.45679520186039,0.543124068568707
exemplar,exemplar,exemplar/archive_5/802151fa-9603-45c4-8874-8e269a9e152c.pt,26.572497578102375,24.86315293428879,-1.7093446438135835,-0.013420231235224586,23.236030513980857,0.252920026177362,-22.983110487803497,-0.20564514251117735,52.00293481106232,103.24388070116659,51.24094589010427,1.40272216796875,107.16142846528867,136.72710025961027,29.565671794321602,1.509950876235962,121.81877436384407,37.3645849194303,-84.45418944441377,-2.6534314558024295,78.65762605505725,1.389094627466871,-77.26853142759037,-1.276182960061466
exemplar,exemplar,exemplar/archive_5/83682c43-11e2-4bf6-a7b2-066b804d2686.pt,128.7020814846502,41.26419204105683,-87.43788944359336,-0.26316465152317076,95.88128779883968,82.4226506292479,-13.458637169591782,0.7538300234720177,188.9991073805405,172.03811202889773,-16.960995351642765,-0.046794658920670924,148.7938992731556,184.1489878082277,35.3550885350721,8.711706161499023,189.20466561886303,191.58222342689083,2.3775578080278024,10.216264997209821,191.36619924178905,194.72656699479174,3.3603677530026914,24.60198211669922
exemplar,exemplar,exemplar/archive_5/87fd3ccd-a676-4ceb-9ae2-6af1db8e4ba2.pt,52.158369019193465,11.048353986215877,-41.110015032977586,-0.3089916719663604,102.30557156890326,53.58032393996564,-48.72524762893762,-0.2542429683350517,102.73140988038116,42.659993027972874,-60.07141685240829,-0.3258732183655696,3.777688727994674,80.8620576166973,77.08436888870263,1.2378525733947754,33.26505265717509,40.05248505326157,6.78743239608648,-0.06530820446735396,47.05207210474378,79.18609708653894,32.13402498179516,-0.047981850228658536
exemplar,exemplar,exemplar/archive_5/9208f943-6002-4082-9226-a6910c0e31d5.pt,90.44508650140403,41.27784263421441,-49.167243867189626,-1.1310006995388378,105.99111787995157,57.07716262848638,-48.9139552514652,-1.4561672594036348,110.09195222646653,149.52632494060938,39.43437271414285,0.14550230496846392,117.18640900409521,33.0376940044774,-84.14871499961781,-2.0286455949147544,38.826279370448745,7.6683626984333735,-31.15791667201537,-0.24517374976446543,103.67337489883452,168.70081219758998,65.02743729875546,7.189455032348633
exemplar,exemplar,exemplar/archive_5/9699ffb2-9618-481d-8917-4e4568bf922d.pt,39.8635333672275,149.658566460393,109.7950330931655,5.447121641184265,25.014396166288265,126.44984470065921,101.43544853437095,3.2099449157714846,0.0,0.0,0.0,0.0,131.3049817680274,176.91671870668586,45.61173693865845,5.752860188484192,175.9901997308893,161.52155299911342,-14.468646731775863,-6.055619303385416,51.57677629179858,77.37420303759954,25.797426745800962,0.425220251083374
exemplar,exemplar,exemplar/archive_5/99278aa8-633f-42ff-8b9a-ee7f66269240.pt,151.01117731483495,163.2924015685968,12.281224253761849,2.7284008424673507,152.55081965073327,156.20275409480547,3.6519344440721966,0.7018241882324219,0.0,0.0,0.0,0.0,160.62453189867063,164.40427263739875,3.7797407387281226,0.5393471717834473,178.375950588068,163.26519172883863,-15.110758859229378,-7.385271857766544,112.67260952349226,131.19462667998272,18.522017156490463,0.9247763156890869
exemplar,exemplar,exemplar/archive_5/9bca5403-f49e-4ccf-ad1a-c8a78309ede1.pt,65.17236800039348,132.76716026132937,67.59479226093589,2.982499789892425,79.87197531101047,133.07578280051865,53.20380748950818,2.6468763780630242,83.03904662259988,107.60354538168944,24.56449875908956,0.818303108215332,151.04706062640048,177.93242318104055,26.885362554640068,4.977513790130615,144.851321674518,115.88833398621848,-28.96298768829952,-2.4876265752883184,60.574045236632344,16.540840828176755,-44.03320440845559,-0.7119693312534067
exemplar,exemplar,exemplar/archive_5/9dd24b8e-8482-4a82-8318-223fde4f300e.pt,17.429545401539283,38.20389506180536,20.77434966026608,0.3119176018081605,76.99026285194977,21.07608067334137,-55.9141821786084,-0.36522970286612916,0.0,0.0,0.0,0.0,13.995144033583994,25.38896537213745,11.393821338553455,0.08774212428501674,54.397184066774194,4.8167882613328965,-49.5803958054413,-0.38038950059020404,74.88336990723002,26.384135206194177,-48.499234701035846,-0.24006979054418104
exemplar,exemplar,exemplar/archive_5/9f6a9e12-8cbd-4655-8bae-8bb80cc34df2.pt,116.45204995432839,155.07886313033418,38.6268131760058,4.114659835863565,99.38982207828376,141.70432715459927,42.31450507631551,2.8839407304636304,46.99256760256847,68.85660881642444,21.86404121385597,0.3632036844889323,129.46233390941646,101.01542108791011,-28.446912821506345,-0.8148478269577026,152.99930800061355,166.93566256267397,13.936354562060416,3.51537109375,80.02458259432755,163.2135712262219,83.18898863189433,5.654669165611267
exemplar,exemplar,exemplar/archive_5/a3a1ae3d-652a-43dc-b9f9-9f51b2c17670.pt,97.01055604498808,31.63635841674021,-65.37419762824787,-1.5080658671325027,139.20341008450455,101.72405891654113,-37.47935116796343,-2.5090195440599223,131.55462648891498,136.60300857583923,5.048382086924249,0.018089747627868802,151.88703334435826,124.6660012705629,-27.221032073795357,-2.2530596256256104,159.1633306679855,163.36008233797602,4.196751669990533,1.104937929095644,110.60914789597199,181.1209643472252,70.51181645125321,12.534594058990479
exemplar,exemplar,exemplar/archive_5/a3f683a0-b310-49dc-879e-c9b4c1e425ad.pt,54.660726749353984,143.21441512156449,88.5536883722105,4.289367746669933,116.32497528262684,185.11924068297546,68.79426540034862,21.793006049262154,61.458986316260436,147.36436588320925,85.90537956694881,4.319500923156738,0.0,146.01000506006883,146.01000506006883,2.704390048980713,111.85323313380341,117.24684724679574,5.393614112992324,0.2906670405946929,21.255558023150495,101.95111859337871,80.69556057022821,1.4155964851379395
exemplar,exemplar,exemplar/archive_5/a552fbf5-3b29-47f7-a729-e835a88dea51.pt,33.35408593121084,64.17536062354854,30.821274692337703,0.19998536193741548,67.08870333559653,90.95343344189138,23.864730106294843,0.12283806012292499,72.05618326124726,46.651015078027044,-25.405168183220212,-0.4809469495500837,2.425133535541555,8.818399551924324,6.3932660163827695,0.05293679237365723,81.73697581596753,88.40964231919583,6.6726665032282995,0.03284526945951586,49.871293414431676,41.102644028720604,-8.768649385711072,-0.05819784501192656
exemplar,exemplar,exemplar/archive_5/a6c6d050-7321-47ef-9111-e2db245d74e3.pt,180.7357350669222,190.69703904461096,9.961303977688772,22.072118786798008,191.49224531973533,167.3990336443817,-24.093211675353643,-31.850825627644856,0.0,0.0,0.0,0.0,129.08791974565136,140.61206204216268,11.524142296511314,0.5472933053970337,181.06841703881682,147.51870916711422,-33.549707871702594,-13.109686907599954,172.34118037756235,137.59142377262108,-34.74975660494127,-6.0394182205200195
exemplar,exemplar,exemplar/archive_5/a7884d4c-125c-4fd8-89ef-63833b6c1e55.pt,24.82151830595732,51.75585622628086,26.934337920323543,0.4148560047522479,34.23631738653952,6.472694080967686,-27.763623305571834,-0.22962097755783786,116.8999902207923,134.32742022577432,17.427430004982014,0.0655409199322841,70.0929327415801,11.610768390140322,-58.48216435143978,-0.3759764194488525,45.293556606515054,27.18709434032043,-18.106462266194622,-0.2707385675841776,102.6206435134004,68.04549649562914,-34.57514701777126,-1.0721272313317587
exemplar,exemplar,exemplar/archive_5/a9324924-68eb-4b59-ba7f-53c8adc89786.pt,59.321194851302906,98.459106521988,39.1379116706851,1.0954031808035714,58.66492948655024,91.67441748680018,33.00948800024994,0.852617783979936,14.346845612140887,80.84012804095988,66.493282428819,1.121054967244466,104.6164758433263,121.16782696370497,16.55135112037867,0.44023704528808594,18.209035735473908,74.5167755127654,56.3077397772915,0.37564274759003613,110.60914789597199,99.6838980289219,-10.925249867050084,-0.3655012845993042
exemplar,exemplar,exemplar/archive_5/a9b05fca-87c1-49be-a854-13edadb25de8.pt,157.2827644384028,185.6411347449145,28.358370306511688,18.40279852175245,10.621379337200182,172.45231456390852,161.83093522670833,11.384467045466105,96.30637135094847,137.73889519932501,41.43252384837655,2.1391992568969727,58.12345248670395,0.0,-58.12345248670395,-0.4096762537956238,175.1493431251033,180.1925468951116,5.0432037700083185,3.970193862915039,72.84829329304151,29.143353571584722,-43.70493972145678,-0.14462995529174805
exemplar,exemplar,exemplar/archive_5/aed66bd2-ba08-4633-a276-c20bf2da4a48.pt,78.9419174140708,25.526357840679292,-53.415559573391505,-1.0115550575186958,46.78799184498741,16.845908847646385,-29.942082997341025,-0.42679554604840125,36.11817250805977,49.3998737168635,13.281701208803732,0.21095199584960939,42.49279100167618,40.61417718671352,-1.8786138149626623,-0.02743840217590332,108.77517123286728,107.18239622853174,-1.592775004335536,-0.07516949921257411,80.16901376785316,115.94401308743488,35.774999319581724,1.415191650390625
exemplar,exemplar,exemplar/archive_5/aeebc7cf-738d-4df1-9fa7-9fe9401b7827.pt,104.2460126046179,40.576217449097555,-63.66979515552035,-1.6683163346375425,82.63442401911905,27.275706417751092,-55.35871760136796,-1.0923024294961656,135.59150164263036,145.7677783720205,10.176276729390139,0.03507088771737629,151.17947610086142,119.55441670630476,-31.625059394556658,-2.4157276153564453,151.4356212980564,158.9804730076249,7.544851709568519,1.496026611328125,75.52435349471061,173.5346849949688,98.0103315002582,9.91720167795817
exemplar,exemplar,exemplar/archive_5/b907161b-9281-408a-b11b-9bb67e9273af.pt,30.324178109137343,54.2859024115499,23.961724302412556,0.3875912114575409,46.47424256454257,53.108039279777,6.633796715234432,0.34571292422233374,0.0,0.0,0.0,0.0,85.19942144045125,65.43906086865158,-19.760360571799666,-0.2558360695838928,124.04134444972527,15.273124096032618,-108.76822035369266,-3.105531329200381,185.34023430251182,156.00977825249186,-29.33045605001996,-13.644476890563965
exemplar,exemplar,exemplar/archive_5/c0675195-2481-467f-80fc-dcbb5b4ffc0e.pt,51.75890158135491,154.34408461860562,102.58518303725072,6.061990962144533,170.55093101738711,28.97751704835486,-141.57341396903226,-0.5805339226355919,0.0,0.0,0.0,0.0,114.19943921716856,179.4000778752244,65.20063865805585,7.377787470817566,184.6524628451632,155.5685668622941,-29.08389598286911,-16.491505432128907,76.92751581208192,29.143353571584722,-47.784162240497196,-0.16082608699798584
exemplar,exemplar,exemplar/archive_5/c09fc925-6fb6-4d6f-b454-afa14724c946.pt,9.495027529505208,62.11081447817372,52.615786948668514,0.8010415400048638,161.5713831992869,20.12874833886168,-141.44263486042524,-0.7102927111704415,0.0,0.0,0.0,0.0,112.82586868004778,83.97744833338935,-28.84842034665843,-0.57045578956604,149.76994573168236,3.2376863482065263,-146.53225938347583,-5.896192278180804,184.32847955770808,154.88021425288886,-29.448265304819216,-12.494037628173828
exemplar,exemplar,exemplar/archive_5/c43c10be-0fbe-4cbc-a80a-95786ddbaa61.pt,33.13470709988999,63.972904448343144,30.838197348453157,0.2004370583537687,67.08870333559653,90.95343344189138,23.864730106294843,0.12283806012292499,72.05618326124726,46.651015078027044,-25.405168183220212,-0.4809469495500837,2.425133535541555,8.818399551924324,6.3932660163827695,0.05293679237365723,81.73697581596753,88.40964231919583,6.6726665032282995,0.03284526945951586,49.871293414431676,41.102644028720604,-8.768649385711072,-0.05819784501192656
exemplar,exemplar,exemplar/archive_5/c6e4b377-22fa-4c5a-9ac3-d6acd1eb6385.pt,86.7835970156079,46.54617320143664,-40.23742381417126,-0.22763240041264252,51.92543997421343,123.78598964687868,71.86054967266524,2.5465468479359123,0.0,0.0,0.0,0.0,136.38091268420175,143.97170041245408,7.590787728252337,0.42591404914855957,176.7928783969697,78.73001069550382,-98.06286770146589,-13.8537013042404,189.37376542947143,181.1209643472252,-8.252801082246236,-12.341371536254883
exemplar,exemplar,exemplar/archive_5/c9ca0690-5b1e-4d23-b083-ba119952cad5.pt,85.72795245004978,77.50588892824183,-8.222063521807954,-0.2349536398663662,72.91878076483515,64.95682170535099,-7.961959059484158,-0.18557512015822605,75.0780861524558,121.68574212235148,46.60765596989569,0.21062934083025714,64.32432878977275,72.09081292850883,7.766484138736075,0.16622488839285715,96.07086487468831,43.02589957030718,-53.04496530438113,-1.298365882639185,164.91751033031795,134.0388486675705,-30.878661662747447,-4.956272125244141
exemplar,exemplar,exemplar/archive_5/cb4129a1-e3cc-4683-9df5-be980e2787e0.pt,111.92937033468678,56.75422377221878,-55.175146562468,0.07473996061449438,60.105974933281644,102.40997895748907,42.30400402420743,1.636416074810606,187.51665183757765,184.5968817829148,-2.9197700546628482,-0.007822181343601929,166.36514302077984,177.7564857497767,11.391342728996847,3.045172691345215,185.42588630874812,194.72130853309767,9.29542222434955,47.179707845052086,190.19023410682385,197.380956948201,7.190722841377152,93.29320526123047
exemplar,exemplar,exemplar/archive_5/cf0f5f4b-0f59-455b-95c0-7257b74c2307.pt,3.705156510921582,2.1255083782276105,-1.5796481326939715,-0.014893943782963081,112.91309900904476,7.671255850400731,-105.24184315864403,-2.5188053973039426,53.179742144091215,61.676301513853254,8.49655936976204,0.15340232849121094,21.367452714996627,2.3304813910452142,-19.036971323951413,-0.18016433715820312,63.636326106226264,70.84581296579103,7.2094868595647625,-0.4098245536331582,47.55953556971738,39.68980032306822,-7.869735246649164,-0.28922811368616613
exemplar,exemplar,exemplar/archive_5/d2b22ea8-40c0-449c-a3d0-adccac5e6b22.pt,93.19847520107827,43.75255000738596,-49.445925193692304,-1.1852131193788527,79.82797126325782,25.08277172623253,-54.74519953702529,-1.041746835500344,111.58619730395628,150.46986569798875,38.88366839403247,0.14239858685906837,117.18640900409521,33.0376940044774,-84.14871499961781,-2.0286455949147544,39.182893587566696,7.298167749381809,-31.884725838184885,-0.25166109264888514,76.99169932209985,157.51100801626012,80.51930869416027,5.392091274261475
exemplar,exemplar,exemplar/archive_5/d40af453-f580-44a1-9f44-46ac5446dc76.pt,180.98193518014958,192.29838776924333,11.316452589093757,30.63812466325431,181.66481977862057,174.02579859203692,-7.639021186583648,-4.812066078186035,0.0,0.0,0.0,0.0,135.19113521017164,155.55539307711507,20.364257866943433,1.4139859676361084,190.34741926317886,155.0866851100738,-35.26073415310506,-31.28235567533053,152.5407885035583,92.63083846831098,-59.90995003524732,-3.5271191596984863
exemplar,exemplar,exemplar/archive_5/d7d31317-604d-4764-8685-3d04022fd943.pt,32.60975170305453,24.481807355092343,-8.127944347962185,-0.11065563903821132,2.6480598769423174,2.506029488420193,-0.14203038852212435,-0.0007562601653564652,77.24745166932146,124.93578304689619,47.68833137757473,1.940796136856079,52.38532410832779,74.34638041048068,21.96105630215289,0.41439712047576904,4.818070054440259,8.536073502391668,3.718003447951409,0.0324904307248198,46.1647662382487,30.917308231345043,-15.24745800690366,-0.10724156821646341
exemplar,exemplar,exemplar/archive_5/da495d83-9114-4231-afe4-57030aba1034.pt,7.899241488215117,15.608975981855984,7.709734493640867,0.06879796244341758,1.1565048168916467,11.311904342614952,10.155399525723304,0.10826646437227938,60.53414051267948,32.510152683053086,-28.023987829626392,-0.47028335571289065,108.37524426400114,129.98945077249724,21.614206508496096,1.0108442306518555,92.0569914067692,56.02000694792234,-36.03698445884686,-0.9263063088441507,52.947029517173604,44.551022536629844,-8.39600698054376,-0.14618209838867188
exemplar,exemplar,exemplar/archive_5/dcc5d758-1612-44e2-b4ab-577e9173ea8a.pt,49.72674113523993,35.78155132428467,-13.945189810955256,-0.3582991149107544,118.86752504004164,82.79503921381651,-36.07248582622513,-1.5173089203261616,59.74291194105265,79.06596387171774,19.323051930665095,0.10660643387734192,96.59801558510459,112.51215020954679,15.914134624442198,0.586388111114502,170.98202122283246,154.3029359196059,-16.67908530322657,-4.96327003272804,147.52671577329681,173.05484746320204,25.528131689905223,5.41653299331665
exemplar,exemplar,exemplar/archive_5/e1e24da9-944e-4c71-a6f9-13e650097533.pt,14.768672842173268,52.14117191462673,37.372499072453465,0.2760414058326656,5.032015044158765,32.52312548411667,27.491110439957904,0.22810769539149392,0.0,0.0,0.0,0.0,12.739685858798621,58.35073647787603,45.61105061907741,0.2761966288089752,2.421578490796562,47.62693641431593,45.205357923519365,0.3599351943264332,15.521850081717709,52.62776557278334,37.10591549106563,0.24750787143049569
exemplar,exemplar,exemplar/archive_5/e415bbfa-c22b-45be-a94d-e11d1dbd7a2b.pt,6.545845976542801,41.29508981160624,34.74924383506344,0.45698317973946784,36.19566322385078,34.784592771825935,-1.4110704520248447,0.11458505059177172,104.68574749382536,52.10622864828403,-52.57951884554133,-0.2727434320967327,161.01344678335448,180.14949931048884,19.136052527134353,4.945338726043701,12.38208910164084,21.002623686338353,8.620534584697513,0.11800599546173669,7.750613197427755,76.10110028374392,68.35048708631616,1.149351903634478
exemplar,exemplar,exemplar/archive_5/e57b0624-a960-4090-b115-bcf66f3d0f17.pt,39.73749850995298,78.83079618475617,39.09329767480319,0.8049693860505757,14.408872491723665,80.74733613941922,66.33846364769555,1.1984992832702728,133.33333333333334,66.1802199092427,-67.15311342409065,0.1575789451599121,154.9632602432366,138.695379042355,-16.26788120088159,-1.178421974182129,75.59217692376762,42.40545224705423,-33.186724676713396,-0.676423232065739,20.433795897179657,32.08277080670171,11.648974909522053,0.04875965810192681
exemplar,exemplar,exemplar/archive_5/e84d4fd6-0bbc-422e-926d-19129943bb4b.pt,91.68634318948352,111.82667596449153,20.140332775008005,0.8434867701903292,67.80375503490112,78.1435849118617,10.339829876960579,0.25673153269608445,46.71421937231466,116.14650394395836,69.4322845716437,2.1922390858332315,30.062965618848658,65.47453513391808,35.411569515069424,0.6408622741699219,37.99095855559862,42.306933728414805,4.315975172816188,0.06751740284455128,7.1087794658732815,32.894652182388285,25.785872716515,0.31899815908870344
exemplar,exemplar,exemplar/archive_5/e8cc4e11-b135-43fc-9516-a01c70eecbd4.pt,23.248656880076695,84.90692222887537,61.65826534879868,1.212176544654188,43.78705550146008,111.89902077319296,68.11196527173288,1.979124267957815,82.03044904444788,108.09718021774135,26.066731173293476,0.8815749486287435,110.96018415937482,163.10927079333243,52.14908663395761,3.1752301454544067,155.34782688057095,125.44218183912194,-29.905645041449006,-3.5493476681592986,76.99169932209985,145.02228797214994,68.03058865005009,3.5208797454833984
exemplar,exemplar,exemplar/archive_5/ebac66a5-bfdb-4be0-9eee-4fb28e6616a9.pt,35.20579272750668,1.3165782583059076,-33.88921446920077,-0.4141856768161023,20.61908202774216,18.66117196010708,-1.9579100676350798,-0.024075716031353382,141.61377711246595,101.38485299159193,-40.22892412087403,-2.6550212860107423,100.24009142425703,104.60502793773838,4.364936513481354,0.15288861592610678,36.52573889570112,80.71509540101559,44.18935650531447,0.1281694765970847,81.78273355888722,163.87979374792036,82.09706018903314,0.3201937061145993
exemplar,exemplar,exemplar/archive_5/f06a1888-878a-441d-b352-618d963d9fc0.pt,17.95794651642028,9.141149137121797,-8.816797379298482,-0.10150291617287255,45.205350553073515,102.080812603002,56.87546204992849,0.3071293778142957,114.42558520693859,104.01071769530022,-10.414867511638377,-0.043413058731907095,11.023363136885992,89.04646484027799,78.023101703392,1.350573682785034,168.3361131687263,5.769235859669688,-162.56687730905662,-10.556445468003583,13.641188942528506,46.12490568376634,32.483716741237835,0.24468444375430837
exemplar,exemplar,exemplar/archive_5/f265e75b-f627-4de0-a208-9c3ad85b494b.pt,43.53931365898454,12.81329937025869,-30.72601428872585,-0.4361238978215768,12.296901585040153,37.28983878661927,24.992937201579117,0.19844811730583028,63.731953380936595,62.06719490705696,-1.6647584738796368,-0.034874677658081055,37.09997249535616,15.981509982959562,-21.1184625123966,-0.2583158810933431,23.971460171636124,43.84691728989882,19.875457118262695,0.2890971688663258,59.470805483249265,51.87929796733622,-7.591507515913044,-0.14543028647855202
exemplar,exemplar,exemplar/archive_5/f7b45b31-ca77-413a-befe-276d58f306b3.pt,42.85021439408932,158.57960979906855,115.72939540497923,7.101968283181662,71.23592550984017,150.36936483722727,79.1334393273871,4.9441732502669735,0.0,0.0,0.0,0.0,141.7023257682271,167.31685107203322,25.61452530380612,2.688692808151245,190.48610310461729,185.69878309682122,-4.787320007796069,-13.634296417236328,193.89246579640434,190.9597266693075,-2.9327391270968235,-15.934822082519531
exemplar,exemplar,exemplar/archive_5/fd6482c2-8fca-4bb7-80d7-7e75bf30ba40.pt,119.11870331506867,134.1564902931166,15.037786978047933,1.1294151665545087,130.88166547704793,138.1450960510329,7.2634305739849765,0.6794683374587459,7.953882876551307,102.15459483340176,94.20071195685045,0.5986182546447106,184.88651946420433,178.90343220404625,-5.983087260158072,-3.7530040740966797,179.2291579593943,177.80566674240967,-1.4234912169846439,-1.1965484619140625,126.02909805072406,176.981276022243,50.95217797151895,8.977219581604004
exemplar,exemplar,exemplar/archive_6/0843449b-daab-4c0b-a27d-85b6de0b936e.pt,43.56419725744586,74.58712612813899,31.02292887069313,0.6324013242794021,25.749258451773773,75.6126073270674,49.863348875293624,0.9200425070077917,26.11157807556106,122.48730193889143,96.37572386333038,2.5026042461395264,76.92034412463421,118.09123579206941,41.1708916674352,1.225165843963623,36.954309383343784,12.377219554987057,-24.577089828356726,-0.32104395306299605,14.605110207328943,0.4948553791461995,-14.110254828182743,-0.1306423216827156
exemplar,exemplar,exemplar/archive_6/08b4d18e-8442-4b5a-bd33-1c3b41962f8c.pt,48.467999101802015,89.33683062853596,40.86883152673395,0.9744384123712752,12.801360549099247,25.64877653360927,12.847415984510022,0.17295133150540865,14.346845612140887,80.64100350527934,66.29415789313846,1.1159214973449707,104.6164758433263,121.16782696370497,16.55135112037867,0.44023704528808594,18.209035735473908,74.5167755127654,56.3077397772915,0.37564274759003613,110.60914789597199,99.6838980289219,-10.925249867050084,-0.3655012845993042
exemplar,exemplar,exemplar/archive_6/0b281778-278d-42f8-9298-52d4baf8e0b8.pt,112.84873169321952,134.8480642736621,21.99933258044257,1.5489065890082587,168.65835812187353,167.99912643814176,-0.6592316837317753,-0.26138589548510177,9.288443735529434,111.70711621903132,102.4186724835019,2.2302207946777344,132.92216620591316,155.73150964031134,22.809343434398187,1.5362752676010132,178.65153288775446,117.24684724679574,-61.40468564095872,-13.663347704657193,182.79712336032185,146.20039963253714,-36.596723727784706,-11.862694263458252
exemplar,exemplar,exemplar/archive_6/0ebc60a6-18a1-461f-95b2-c9cf0c9d8cf8.pt,42.06533443379577,158.27342358853912,116.20808915474335,7.0439140465344,64.18718828279503,146.8029043539323,82.61571607113726,4.566379280977471,0.0,0.0,0.0,0.0,141.7023257682271,167.31685107203322,25.61452530380612,2.688692808151245,189.88782043938733,184.81115924921045,-5.076661190176878,-12.832278980928308,193.89246579640434,190.9597266693075,-2.9327391270968235,-15.934822082519531
exemplar,exemplar,exemplar/archive_6/14e7079e-3ad1-42e3-b0da-b16890256b45.pt,2.361535097528351,29.61598366372949,27.25444856620114,0.32373305892222887,68.68424956253305,52.012592344825926,-16.67165721770713,-0.09848461237635936,137.1010437004034,121.10540203378407,-15.995641666619335,-0.058879941008811776,34.95650504239528,47.79875765759162,12.842252615196344,0.30693204062325613,30.234333954950557,55.68893462165084,25.45460066670028,0.07939640473105214,10.95277093309293,89.74134718683914,78.7885762537462,0.5033393078315549
exemplar,exemplar,exemplar/archive_6/16ca3fda-6392-4a6b-99eb-4a8e6dac33d3.pt,101.71548566306019,138.46472082862965,36.74923516556946,2.429049546081469,174.20296030233476,175.27371083908014,1.0707505367453791,0.65802978515625,20.392316129370954,134.27129913431997,113.87898300494902,3.575519641240438,138.20661303377645,165.53213936135865,27.325526327582196,2.5659146308898926,182.27757682365214,112.92340309162891,-69.35417373202323,-17.655609130859375,178.73257641080588,124.2345699187402,-54.49800649206567,-10.146491527557373
exemplar,exemplar,exemplar/archive_6/188d29ad-2c57-4369-bd38-1c7a55386a5f.pt,87.86648217298519,47.80968103750546,-40.05680113547972,-0.22460707178655662,51.92543997421343,123.78598964687868,71.86054967266524,2.5465468479359123,0.0,0.0,0.0,0.0,136.38091268420175,143.97170041245408,7.590787728252337,0.42591404914855957,176.7928783969697,78.73001069550382,-98.06286770146589,-13.8537013042404,189.37376542947143,181.1209643472252,-8.252801082246236,-12.341371536254883
exemplar,exemplar,exemplar/archive_6/1a6afbc5-5386-488b-905b-0ddfa71277a0.pt,55.50665044950452,26.344523258222893,-29.162127191281627,-0.20169092325900495,32.59532510191011,41.32359319904632,8.728268097136208,0.06219487932120825,0.0,0.0,0.0,0.0,0.0,0.0,0.0,0.0,172.36880909502213,31.255942077379572,-141.11286701764254,-12.042888164520264,129.5086489341463,171.60954752571968,42.10089859157338,6.311091423034668
exemplar,exemplar,exemplar/archive_6/1ad62933-161f-4cfd-a3dc-9ec252d6e005.pt,116.99979192899406,116.99979192899406,0.0,0.0,118.22410702339535,13.829847584513155,-104.39425943888219,-2.7420227636250374,64.82909435353996,108.29001257914442,43.46091822560446,1.1686320304870605,50.49888904083727,64.8576242613998,14.358735220562536,0.21320700645446777,162.6609507391815,82.11784349048727,-80.54310724869421,-7.263976126006155,56.538462788870525,101.11985887372217,44.58139608485164,-0.11543554418227252
exemplar,exemplar,exemplar/archive_6/1bf090a3-8feb-4f75-909a-369bbebf08c5.pt,67.72080832004666,134.35425092634304,66.63344260629638,3.069168372347786,79.61573664511833,132.9058240959986,53.29008745088028,2.6388250430727185,83.2372072720632,107.60354538168944,24.36633810962624,0.8130794525146484,151.04706062640048,177.93242318104055,26.885362554640068,4.977513790130615,142.9674371260935,113.26391666226772,-29.703520463825782,-2.392678996078841,56.39301127273112,21.072434452845705,-35.32057681988542,-0.5914373609754774
exemplar,exemplar,exemplar/archive_6/202cada0-fe89-4632-8e79-6fb4d00bfd16.pt,38.28358671371876,56.05915613632225,17.77556942260349,0.11653267472444889,16.980453816359194,39.64836943072636,22.667915614367168,0.17437082600313844,2.226306752391918,13.4390305999323,11.212723847540381,0.1211423731561917,0.0,0.0,0.0,0.0,39.98012315646015,16.489869449291394,-23.49025370716876,-0.1807097644340701,6.941662377362454,38.76795042806237,31.826288050699915,0.4067610035771909
exemplar,exemplar,exemplar/archive_6/2059f66e-00e7-47aa-999e-bbf1bf82d24e.pt,4.95732363257292,66.83877409613382,61.881450463560896,0.9553507772614869,58.85233775882359,50.124980472294325,-8.727357286529262,0.21413600325543292,166.66666666666666,99.8480181074093,-66.81864855925735,0.9944357872009277,50.62724176447368,99.81665435763578,49.1894125931621,1.0956792831420898,10.097631343930283,125.17042417775076,115.07279283382047,0.673630759599627,52.449144615252266,153.2752486612672,100.82610404601493,0.4519953434641768
exemplar,exemplar,exemplar/archive_6/22d47192-d253-400f-b2a3-4abdfe626d48.pt,68.44131760956368,134.8384273755499,66.39710976598623,3.0978831431752436,76.41225144704266,130.89045145849005,54.478200011447385,2.551118415198434,80.24209482529544,96.00964489809816,15.76755007280272,0.4557949066162109,151.04706062640048,176.97773742800575,25.930676801605273,4.601686954498291,142.88275099875074,120.07216217741527,-22.81058882133547,-1.9908170700073242,59.51605477716659,3.9590373938669785,-55.55701738329961,-0.8038321308705999
exemplar,exemplar,exemplar/archive_6/23362257-aeda-481b-a14b-c69afaff2e29.pt,81.50114775514163,44.2866066326347,-37.21454112250693,-0.21646582676026924,143.23912809202642,140.14486376877244,-3.094264323253981,-0.36423638676385683,0.0,0.0,0.0,0.0,140.61206204216268,151.4342558785736,10.822193836410918,0.7504417896270752,147.62641508995316,69.22279559639924,-78.40361949355392,-4.551217688135354,193.00659526641172,181.85784676467622,-11.148748501735497,-26.361485481262207
exemplar,exemplar,exemplar/archive_6/2571d8f8-02a4-4892-8465-5438f9f050ec.pt,9.402691436475738,16.548486480516754,7.145795044041016,0.08174598110648057,55.168084679587984,27.371988015948794,-27.79609666363919,-0.19163582707414253,83.37134253029303,95.91635458161953,12.545012051326495,0.05964253743489583,20.453619262551925,60.331447126841375,39.87782786428945,0.5963311195373535,65.04940247889786,73.18565098584399,8.136248506946131,0.19005937454736385,122.16423491210294,116.45480623583802,-5.7094286762649205,-0.3498367191285126
exemplar,exemplar,exemplar/archive_6/25a0e745-c598-4404-8c19-153389eb0bb9.pt,66.5754409510602,148.10293314437163,81.52749219331143,4.708912307196743,89.26320265881716,118.75605004227371,29.49284738345655,1.3102629861713928,0.0,0.0,0.0,0.0,111.89796911075544,169.3184283688433,57.420459258087874,4.248475670814514,188.1039220086919,152.49083053459862,-35.613091474093295,-24.574972534179686,134.0395935049592,67.8078063554239,-66.23178714953531,-2.785151163736979
exemplar,exemplar,exemplar/archive_6/2f34cafe-7932-465c-810b-1b56addf5eaa.pt,36.64111629559809,36.15323694606384,-0.4878793495342464,-0.007290939579668018,31.64395414466824,19.14996896118587,-12.49398518348237,-0.20114205427124865,72.89790289585629,131.72397093650093,58.82606804064464,0.2589203442714011,88.1137314183318,29.768646084821942,-58.34508533350986,-0.24554622173309326,10.822113859521481,0.8254009542447708,-9.996712905276711,-0.09427888149086242,98.24901931681774,70.32657212646647,-27.922447190351264,-0.7759528160095215
exemplar,exemplar,exemplar/archive_6/3143ae2f-dbdc-4519-abe5-3800699f96a1.pt,40.99296281077627,71.47717933610447,30.4842165253282,0.5965772565142881,22.408899294470935,72.68915675292202,50.28025745845108,0.8893820263504846,25.110934343142524,129.88295615415996,104.77202181101742,2.990385055541992,76.40161456001717,121.92144943793662,45.51983487791945,1.41506826877594,37.14629389806966,5.592093961365462,-31.554199936704194,-0.39826640741488567,15.289003827274398,9.123340261584955,-6.165663565689442,-0.05456684910973837
exemplar,exemplar,exemplar/archive_6/32a37697-3740-41c8-bb90-1326a933fca4.pt,82.27992400253325,3.146523400839067,-79.13340060169418,-1.3669067048910652,174.8863231224837,135.08391403326144,-39.802409089222266,-9.76483434188343,109.0215832164173,148.00345523809517,38.98187202167787,0.14498172278290317,0.0,0.0,0.0,0.0,14.074779694131797,58.67685998135715,44.60208028722535,0.3202343216861587,69.16334923996351,92.63083846831098,23.467489228347475,0.5011628866195679
exemplar,exemplar,exemplar/archive_6/3465bf84-3567-43ee-8fb8-fca46b0e49b8.pt,24.939420335545407,32.51621927489598,7.576798939350574,0.0579459478070799,26.781807314208052,10.76414377461237,-16.01766353959568,-0.13404411833011295,54.18267357318856,90.9001701506718,36.71749657748324,0.9067227499825614,59.212208082029896,102.95963686491004,43.74742878288014,1.0673672358194988,133.47736989946264,37.824176534097084,-95.65319336536555,-3.5421540436921295,100.97674860256305,8.524080962125197,-92.45266764043785,-1.941219689711085
exemplar,exemplar,exemplar/archive_6/350bb9fb-110a-47d4-978d-ec67459b03f7.pt,74.05108240427562,133.46773514719666,59.416652742921045,2.834775390625,147.58126439723574,169.07749665678165,21.496232259545906,5.277360109938789,22.5871959722591,109.09235211839624,86.50515614613714,1.966654380162557,102.57508668510614,152.00931551353491,49.43422882842877,2.1146124601364136,159.5736399838677,111.87200808372694,-47.70163190014077,-5.271998643875122,147.52671577329681,144.8439396509666,-2.6827761223302105,-0.27808284759521484
exemplar,exemplar,exemplar/archive_6/38d372e2-933f-4b85-b9f0-3b07332a9365.pt,46.217773153558355,16.974498649050126,-29.24327450450823,-0.41558968884137354,45.55139540000288,40.162694574071594,-5.388700825931288,-0.08731236991334636,2.5210872072255226,47.854490044003626,45.333402836778106,0.360527933263236,43.85538646699291,95.86434844095466,52.008961973961746,1.1880290167672294,121.29525046417838,32.42003777378487,-88.87521269039351,-2.6907655891704887,171.36409982002738,103.62592104791517,-67.7381787721122,-9.116701671055385
exemplar,exemplar,exemplar/archive_6/3aac3702-af47-4b58-b537-d4623fffc640.pt,16.40623490461716,5.3964236442405085,-11.009811260376653,-0.12326022369287191,17.423960574087523,80.43954900840176,63.01558843431423,0.41337794110522574,113.79887185939748,99.19665323995328,-14.602218619444201,-0.06197037807730741,47.47896187553871,58.83897739744057,11.360015521901865,0.41780366216387066,170.50499196757835,7.698546670065424,-162.80644529751294,-11.461956349656036,37.691091860104905,10.461918888215388,-27.22917297188952,-0.3591304902107485
exemplar,exemplar,exemplar/archive_6/3acfbea3-ab2d-4952-a6e8-a581a920bf80.pt,109.75574618836302,69.21088575794982,-40.544860430413195,-1.3739292760870574,79.77645150430018,39.456204627771164,-40.32024687652902,-0.8355451371993605,79.76183445946914,91.70134347972235,11.939509020253212,0.34056213923863005,120.51754977573512,98.04264493635542,-22.474904839379704,-0.8320114612579346,129.65446858383115,123.87242369274277,-5.7820448910883755,-0.43146536858205375,93.09714230126102,114.5806117174594,21.48346941619839,0.9386248810921308
exemplar,exemplar,exemplar/archive_6/47a47c3b-2a40-456d-beb3-ca9654a45d33.pt,42.186161142893724,94.71912317609177,52.53296203319805,1.264497111404592,56.35753815294831,117.85917325114966,61.50163509820135,2.0843962661174786,78.54820734047132,124.2476177708328,45.69941043036148,1.7385149002075195,112.36315047727697,159.1109289618019,46.74777848452493,2.609137535095215,163.4178698213873,131.98407221500202,-31.433797606385298,-4.983139885796441,78.06710660494065,158.60813735433865,80.541030749398,5.3193685213724775
exemplar,exemplar,exemplar/archive_6/50ba9336-c111-417c-ac0a-23f319f8b46f.pt,2.195190148077765,10.261092727695221,8.065902579617456,0.08595185268519893,68.32668273885777,9.027960216159988,-59.29872252269778,-0.4146810137676449,42.98781108256778,54.85544355508487,11.867632472517087,0.19094196955362955,63.74578378341503,77.43746568945828,13.69168190604325,0.24596333503723145,61.38414389270583,30.20905988967594,-31.175084003029887,-0.20714095591620627,65.9682001518848,23.013933536787818,-42.954266615096984,-0.28877111399395866
exemplar,exemplar,exemplar/archive_6/51547da9-5f79-4282-843f-7184af7c20ee.pt,69.20731584396619,30.673692597630907,-38.53362324633528,-0.24819570442522587,55.149732856415866,43.4816086192233,-11.668124237192565,-0.07512198949556124,0.0,0.0,0.0,0.0,0.0,0.0,0.0,0.0,159.05424526388595,46.67595255536792,-112.37829270851802,-7.122876326243083,104.17692674224175,171.9776318338823,67.80070509164055,7.574963331222534
exemplar,exemplar,exemplar/archive_6/51633c90-beb1-4852-a71f-f254a483a2d7.pt,82.37699337283736,25.86641452888033,-56.510578843957035,-1.1035651618834867,49.41321871826068,16.52775409014945,-32.88546462811123,-0.47609383676585876,53.72747902658197,110.48618576854331,56.75870674196134,1.6992831420898438,48.594727892261496,72.74327238192411,24.14854448966262,0.45955832799275714,113.77205260980385,77.23158924927228,-36.540463360531575,-1.3793221662144461,96.95786607934906,68.65138083019664,-28.306485249152416,-0.8333338064740795
exemplar,exemplar,exemplar/archive_6/5445667c-d318-41b8-808b-45c817e4ae7c.pt,79.29783137970911,154.38177539247525,75.08394401276614,5.453539616673876,55.3992196723134,89.59596386896824,34.19674419665484,0.856377033749355,0.0,0.0,0.0,0.0,112.36315047727697,169.3184283688433,56.95527789156634,4.236425876617432,185.75062991705624,144.10711602712016,-41.64351388993609,-20.479143778483074,124.31595168409163,52.62805337720062,-71.68789830689101,-2.387272426060268
exemplar,exemplar,exemplar/archive_6/569a2b81-0594-42df-801f-a846c304f894.pt,27.23602760528429,24.479468429712174,-2.7565591755721144,-0.03636104273727773,9.6827628241471,16.072079839930744,6.389317015783645,0.0564084415032747,0.0,0.0,0.0,0.0,55.02012862509817,40.70052999162221,-14.319598633475955,-0.08553636074066162,80.63055564993965,86.98658780695114,6.356032157011484,0.031565780917755165,49.38910438009167,47.13084949943942,-2.2582548806522524,-0.014650790435861604
exemplar,exemplar,exemplar/archive_6/58328533-92dc-4aca-ab47-11bd1076277c.pt,46.65179429304346,151.86175656335203,105.20996227030858,5.700174620339158,183.8603088627184,34.14627324279258,-149.71403561992582,-0.6656095889338165,0.0,0.0,0.0,0.0,113.28615551726466,178.90343220404625,65.6172766867816,7.173778295516968,180.6237475980772,146.8729002729224,-33.75084732515478,-12.769588671232524,76.92751581208192,45.373737074590856,-31.553778737491065,0.02347797155380249
exemplar,exemplar,exemplar/archive_6/5833fe14-4a30-4d91-bfdf-fa360ed88285.pt,104.41638452331816,154.78157704111857,50.36519251780041,4.660301442994997,119.88832751458479,101.10379330674824,-18.784534207836543,-0.9479062164275783,0.0,0.0,0.0,0.0,117.32085771717335,168.6617840672487,51.34092635007535,3.9629944562911987,185.1350510624419,127.28118486947993,-57.85386619296197,-21.13383366511418,99.08587292215266,26.134526453054338,-72.95134646909833,-1.6949589770773184
exemplar,exemplar,exemplar/archive_6/5d759e4b-cd40-4c1e-a2ab-5e12236ce2f4.pt,20.195355900704,34.82917980947663,14.633823908772627,0.2382984068195697,30.17007935712301,109.16140252393178,78.99132316680877,2.047848878231348,45.580169022803574,117.07527985019634,71.49511082739276,2.047201951344808,43.431722960186825,104.19568720884475,60.76396424865792,1.5152904987335205,167.7770261632586,139.4912868179987,-28.285739345259884,-5.742438634236653,99.45878145691262,135.5558268145295,36.09704535761688,2.069279534476144
exemplar,exemplar,exemplar/archive_6/6a9c9dd1-35a7-4c6c-b57c-7be7348eee2e.pt,101.82552996566596,59.335740980748305,-42.48978898491766,-1.2306262391525493,79.4728089833044,39.10928932251172,-40.36351966079268,-0.8325358320923951,79.76183445946914,91.70134347972235,11.939509020253212,0.34056213923863005,120.51754977573512,98.04264493635542,-22.474904839379704,-0.8320114612579346,129.65106801972703,123.87242369274277,-5.778644326984264,-0.43119076895393477,93.09714230126102,114.5806117174594,21.48346941619839,0.9386248810921308
exemplar,exemplar,exemplar/archive_6/6ac59c9c-4530-4fe7-92e2-b01f355760db.pt,6.858845736285282,79.17928693078566,72.32044119450038,1.2441670674087622,6.607198244896679,104.93013548105905,98.32293723616237,2.1429063140368854,70.42343139854138,130.60448984414802,60.18105844560664,2.453993479410807,128.71151796196344,170.6878723677255,41.976354405762066,4.017612099647522,133.88851545753604,118.89228642246871,-14.99622903506733,-1.1053550356910342,58.859286109920255,135.0220273481711,76.16274123825085,2.9066460132598877
exemplar,exemplar,exemplar/archive_6/76ce9d01-fa09-4505-a076-f4309ad3205b.pt,10.607433989166797,64.72656756775211,54.11913357858532,0.8448220580739261,29.61979661894454,60.82404135601226,31.204244737067718,0.6159556338364264,39.88087061789205,128.7095701740013,88.82869955610926,2.853318691253662,79.23463804761268,137.76820678449494,58.53356873688226,2.3365310430526733,31.514576298078854,16.168158570211833,-15.34641772786702,-0.22431331822341893,16.2079142348437,43.717449891836694,27.509535656992995,0.20817769684406542
exemplar,exemplar,exemplar/archive_6/76f5960d-06a0-40f7-8dab-9b3e30f953c5.pt,16.789992177802937,71.01653844721085,54.22654626940791,0.9177224349839687,30.167805950579442,63.38094595102142,33.213140000441975,0.6655821255965134,16.2610226087135,144.51415589655096,128.25313328783747,4.403039038181305,66.51326670937678,134.4443025615353,67.93103585215852,2.3288469314575195,44.61667936202258,3.603381528749217,-41.01329783327336,-0.5383481827993242,14.605110207328943,23.465407362685266,8.860297155356323,0.07361585040425145
exemplar,exemplar,exemplar/archive_6/79201e33-2c22-4d0d-83e8-72a0f528fd94.pt,81.30965835757412,143.93958902482956,62.62993066725544,3.762293586954039,87.80774016590793,78.39230047949049,-9.415439686417443,0.6765291601195371,7.659460339550029,141.76993401229507,134.11047367274503,4.196092367172241,105.62106329382804,161.32181998539482,55.70075669156678,3.0517572164535522,175.76956998730827,111.5478759746858,-64.22169401262248,-11.771912438528878,137.59142377262108,114.6963901060408,-22.89503366658029,-1.2901816368103027
exemplar,exemplar,exemplar/archive_6/7f38b408-eff8-4e0f-b969-4a96d96068bb.pt,44.67658646496043,112.65858485190851,67.98199838694808,2.004299425493628,118.23605596895122,61.590621617027985,-56.645434351923235,0.14658819751822072,0.9710934289491581,136.2252047457416,135.25411131679243,3.5520052512486777,23.19204593301274,106.30135431717127,83.10930838415854,1.5049976110458374,157.77601943586944,162.7875570157144,5.011537579844969,1.2422292608963816,15.446778526041888,80.02458259432755,64.57780406828567,0.8749648928642273
exemplar,exemplar,exemplar/archive_6/7f3a59e4-1fc5-4203-8e84-bbe450af3949.pt,45.56826764244199,149.14053148359605,103.57226384115407,5.270963518807058,13.064748294995972,169.59651296812146,156.53176467312548,10.952618711134967,59.44694336732251,160.4153394313219,100.96839606399939,6.3516459465026855,0.0,143.6742955785311,143.6742955785311,2.550776720046997,121.920520582614,120.65169902039318,-1.2688215622208219,-0.08040223298249422,1.1610267197961124,114.6963901060408,113.53536338624468,2.008091449737549
exemplar,exemplar,exemplar/archive_6/7fd26a0f-4d9e-44be-b21a-da7e2699fcbe.pt,101.09129504120064,103.73904129757125,2.64774625637061,0.111175537109375,179.97512779850462,143.75817112055057,-36.216956677954045,-12.505708482530382,21.148136463253312,84.77836014034774,63.630223677094435,1.1736197471618652,138.36997157127917,122.81962497270291,-15.550346598576255,-0.6538389921188354,21.411079644772077,86.45576627235344,65.04468662758137,0.36349606695975967,176.05447810842946,104.17692674224175,-71.87755136618772,-9.397668600082397
exemplar,exemplar,exemplar/archive_6/80cda5ec-11b5-45d6-a3e9-c2d6891dd88b.pt,168.392538086663,189.2201433512342,20.82760526457122,24.290143464740954,178.214188145358,163.06329397674472,-15.150894168613291,-6.903634389241536,0.0,0.0,0.0,0.0,110.96018415937482,144.26752889384312,33.3073447344683,1.3423861265182495,167.08353677617472,148.426971577266,-18.656565198908737,-4.266688178567326,147.52671577329681,131.19462667998272,-16.332089093314096,-1.3570704460144043
exemplar,exemplar,exemplar/archive_6/82f484c6-fb04-4e7c-a8fb-686965b77ecd.pt,36.9553843421645,30.55307226382692,-6.40231207833758,-0.18827309226463954,142.58550969783238,106.76844832109006,-35.817061376742316,-2.67630542934932,35.64493230999041,72.85100338174442,37.20607107175401,0.23141722411578403,105.01301526308016,61.41044337051014,-43.602571892570026,-1.1040690739949544,8.199193952628221,0.7945858563717566,-7.404608096256465,-0.07071901933337242,146.20039963253714,161.2760723599332,15.075672727396068,2.1708984375
exemplar,exemplar,exemplar/archive_6/8478e66e-7aab-4938-9fd4-f6290dd637e0.pt,57.20353195634928,36.939631804576706,-20.263900151772575,-0.48937779043708884,49.823656330598716,0.6223882262856384,-49.20126810431308,-0.6572786394630626,70.81451824748585,83.29625768871733,12.481739441231483,0.06506004864368477,141.08299971147653,143.43102515495997,2.3480254434834364,0.2113513946533203,166.40163120047296,153.11760351881665,-13.284027681656312,-3.3311859130859376,85.48202430171624,162.10480909146892,76.62278478975269,5.8854397137959795
exemplar,exemplar,exemplar/archive_6/84ba1f6b-6e53-4633-bdb2-01c7ba794a02.pt,98.98312129422736,119.09238769954544,20.10926640531808,0.9840961638246785,90.45189581575333,171.8140772456032,81.36218142984985,10.52853494162088,33.90154551796184,28.530114980227037,-5.371430537734806,-0.040147951511150234,33.56853422030387,107.98927482200996,74.42074060170609,1.457945704460144,139.0316154290369,180.25154675715262,41.219931328115734,13.333605716103001,17.444387599794116,158.19114412928852,140.7467565294944,5.555176377296448
exemplar,exemplar,exemplar/archive_6/87d2affd-2b75-4e73-a4ef-24387c859bb6.pt,108.23808623865564,142.12698998144845,33.888903742792806,2.5507307259632777,75.85597353179274,112.57095485054381,36.71498131875107,1.3444010416666667,16.137239481593852,137.43604482969127,121.29880534809742,3.713616967201233,124.03573213180601,163.85834601445217,39.82261388264615,2.9009642601013184,185.54046097240612,111.33250845407638,-74.20795251832975,-22.723419189453125,182.3335351917373,122.40295846417095,-59.93057672756635,-13.115199327468872
exemplar,exemplar,exemplar/archive_6/8c9552c6-890a-4ada-8bb2-b8a95cafed8c.pt,99.46575486852896,109.25248547494921,9.78673060642025,0.42896083128776435,84.18614736723566,93.2584335636994,9.072286196463736,0.29335597966680466,116.74908924584095,78.95458512289441,-37.794504122946535,-0.17033214228493826,108.08651316101242,159.05677712531076,50.97026396429834,2.708854079246521,21.441174912324563,2.514492677741533,-18.92668223458303,-0.2142969110355166,134.46146720878485,162.25641675398475,27.7949495451999,3.370911121368408
exemplar,exemplar,exemplar/archive_6/8ee719fb-6acf-4cd1-920e-02e60ae605bd.pt,55.85835249996931,47.44075528941037,-8.417597210558938,0.18529600112045574,30.90366281303694,80.87438404278522,49.97072122974828,1.090092209539377,0.0,0.0,0.0,0.0,0.0,0.0,0.0,0.0,94.5167065902532,51.43201283271573,-43.084693757537465,-1.0939117431640626,60.56329365921466,184.32847955770808,123.76518589849343,16.991491556167603
exemplar,exemplar,exemplar/archive_6/91e1de14-7792-4c48-a130-8efdff3dcf74.pt,25.316464373306776,152.1339930912848,126.81752871797802,6.059848610414278,53.311067197465604,142.19352643801705,88.88245924055144,4.186597435875276,0.0,0.0,0.0,0.0,141.23753962570999,167.4571330788077,26.2195934530977,2.742206573486328,188.69673825397862,183.99582767070888,-4.700910583269746,-10.12099256013569,193.89246579640434,191.77472447650982,-2.1177413198945203,-12.646717071533203
exemplar,exemplar,exemplar/archive_6/92d3ca3f-c8c3-4914-90a9-de5b768e84ce.pt,18.65639080773534,33.52978640315634,14.873395595421002,0.19706999098992367,92.49238571714264,112.82084207766347,20.328456360520832,0.8674585283590308,51.21790988020256,133.87936369524465,82.66145381504208,2.9409213066101074,71.39296153888806,135.36596459768333,63.97300305879527,2.308830142021179,173.69385558801258,119.51251347742576,-54.181342110586826,-10.157119046724759,91.45190411013947,10.995426472087528,-80.45647763805194,-1.5615003632336129
exemplar,exemplar,exemplar/archive_6/93662492-a63a-494d-bb55-06895131c4f8.pt,14.672828739567224,15.657993818648933,0.9851650790817086,0.03317971664417811,26.612148689402247,13.191286083705421,-13.420862605696826,-0.11109135693842821,61.02381641894207,67.47286714111085,6.449050722168785,0.1283872922261556,61.28983943224226,19.234471668500913,-42.055367763741344,-0.21360141038894653,143.67130048427603,18.524628100524346,-125.14667238375168,-0.6659315162729994,69.16334923996351,144.8439396509666,75.6805904110031,3.1461766958236694
exemplar,exemplar,exemplar/archive_6/93cd8ea2-788e-4129-966c-b2debf68dbd7.pt,23.775745022411492,46.08368548203393,22.307940459622436,0.3863102449364748,171.51992620761388,38.863719946099536,-132.65620626151434,-0.4408908795531562,29.691953182893283,146.93833838571382,117.24638520282053,4.757237990697225,47.400828007188615,123.21943320644407,75.81860519925544,2.355384190877279,116.88443787384067,116.88443787384067,0.0,0.0,32.84923205178308,136.04329100968644,103.19405895790337,2.9790602028369904
exemplar,exemplar,exemplar/archive_6/980f0f6d-1740-4efc-88f5-537ff2483d1b.pt,96.68520200233907,45.895925104796476,-50.78927689754259,-1.2759148115110146,71.19800600269744,30.44150656440112,-40.756499438296316,-0.7464248906579467,81.36983568272736,120.0207178639351,38.65088218120775,1.5389453040228949,91.17784003824534,83.26204874338505,-7.915791294860284,-0.20770343144734701,144.94319663472254,133.37636262733284,-11.566834007389701,-1.25946044921875,132.33752259147525,124.27771684329485,-8.059805748180395,-0.6259916639819587
exemplar,exemplar,exemplar/archive_6/99183e60-1861-4415-8da2-21b01433911c.pt,69.8502567991875,63.87485603091049,-5.975400768277012,-0.13490843788667953,37.891458542379056,21.606911562445752,-16.284546979933303,-0.2252378368263473,10.035421474645453,70.48287657627841,60.44745510163296,0.42395436486532523,28.953099190877115,88.00955696438218,59.05645777350507,1.1561188697814941,89.82811309046747,12.717670239797192,-77.11044285067028,-1.4923000993399784,171.77238880666613,102.47035215514457,-69.30203665152156,-9.23010508219401
exemplar,exemplar,exemplar/archive_6/9e513d21-2fd1-449f-ba7a-59c83a276934.pt,3.822417407498546,20.5505207287157,16.728103321217155,0.14738400727158732,41.88895745882432,46.72296732386427,4.8340098650399455,0.03239919417333853,98.06455901633562,117.76474650552113,19.70018748918551,0.8973125110973011,58.981268990135455,57.87176875101779,-1.109500239117665,-0.019374847412109375,15.274608572929031,25.690883118472485,10.416274545543454,0.08574128673751305,42.00904581439958,88.78059808001699,46.77155226561741,0.2675655904630335
exemplar,exemplar,exemplar/archive_6/9e57a04d-004f-484c-95f2-4af766f1894b.pt,10.201256174679365,30.162828748673437,19.961572573994072,0.24769938485478962,28.943197270285264,21.604278514246822,-7.338918756038442,-0.01063538342108473,10.45373353264682,55.032076570543516,44.578343037896694,0.33111770629882814,14.425231649925077,89.45331915657304,75.02808750664796,1.377844946725028,125.62384294211431,37.6727897246113,-87.95105321750302,-2.91175048828125,135.22645797833715,61.20783269001234,-74.01862528832481,-3.2772100112017464
exemplar,exemplar,exemplar/archive_6/9fe195bc-91b9-4886-8f84-a09479afa476.pt,34.301459506799624,64.1446724077764,29.843212900976773,0.5302787765460589,19.59275974600976,64.56849418665165,44.97573444064189,0.7362751715603555,162.147273536303,167.99135546784058,5.844081931537573,0.01753666447658165,23.851528044084883,115.33855663710527,91.48702859302038,1.840416967868805,112.51206240338166,149.93167066105653,37.41960825767487,3.368208748953683,4.7850265980903925,174.09252371262022,169.30749711452984,10.042901635169983
exemplar,exemplar,exemplar/archive_6/a374ad17-d0cb-41ee-97af-4c4a4de4c0a7.pt,169.0730024929028,184.56036557386574,15.48736308096295,12.917744603650323,160.58084068106896,145.71782352139172,-14.863017159677241,-2.747576904296875,35.07643932169033,78.05408191496922,42.97764259327889,0.7123138109842936,110.48755245056711,106.61508158426028,-3.872470866306827,-0.09265267848968506,176.80286512595768,164.11781418694952,-12.685050939008164,-5.935497083162007,157.11326016281055,137.59142377262108,-19.521836390189463,-2.1881375312805176
exemplar,exemplar,exemplar/archive_6/a37725cb-6d0e-4069-963d-c357320e4b88.pt,77.74277786201503,99.33008046929257,21.587302607277536,0.7015457538693175,50.017983108248906,50.282621986548335,0.26463887829942934,0.0047138435708052855,31.070168565976207,155.8818229455114,124.8116543795352,5.9479294419288635,12.061900553963556,79.02565312471337,66.96375257074982,1.0734550476074218,77.65633215110343,19.92225874567151,-57.734073405431914,-1.0471695768619012,33.82644972722244,3.930778385200729,-29.89567134202171,-0.36560354306716325
exemplar,exemplar,exemplar/archive_6/a4fef1d1-6384-4386-b220-b84e8c2657dd.pt,99.43324102897802,129.23334786374568,29.80010683476766,1.6747889641120677,74.55101439655427,126.09299165659935,51.54197726004509,2.2234614704867295,137.36338995706552,159.24902068717222,21.885630730106698,2.858061154683431,159.1109289618019,182.33189898184523,23.220970020043325,6.428553104400635,136.5716288570082,41.11326177025967,-95.45836708674852,-3.782658960912135,31.05519947465253,127.79616172131627,96.74096224666374,0.4113937636553231
exemplar,exemplar,exemplar/archive_6/a62c9432-1052-4434-a161-6a7fa7a55b79.pt,2.195190148077765,7.574945268159859,5.379755120082095,0.05652747074951752,69.32279081784613,6.771898570436168,-62.55089224740996,-0.44464601060433695,43.39234824052002,62.54370164247984,19.151353401959817,0.3262070020039876,63.46682962943512,77.43746568945828,13.97063606002316,0.2504618167877197,60.39344533769656,35.468051353879,-24.925393983817564,-0.16253234582013248,64.73753715842003,34.4573023623235,-30.280234796096522,-0.19453112679238646
exemplar,exemplar,exemplar/archive_6/a69f991e-639f-45fa-9924-3aaaf35f6a17.pt,153.7460695640904,168.92124717144483,15.175177607354442,4.217671092835188,157.4590931872528,161.95812638087392,4.4990331936211305,1.110374608222714,0.0,0.0,0.0,0.0,164.75002739784972,152.7029292232143,-12.047098174635408,-1.445171594619751,184.14875395344393,168.441040786371,-15.707713167072939,-12.229395816200658,132.8453920718689,156.00977825249186,23.164386180622955,2.3523941040039062
exemplar,exemplar,exemplar/archive_6/a91cbed0-cf1e-4d5d-920d-5029c6330e21.pt,45.695513536590866,79.07735387429348,33.38184033770261,0.7156092898914341,82.06028432700944,120.4867634890812,38.42647916207176,1.6388949968956954,56.18896523718249,133.24024050408573,77.05127526690325,2.942688465118408,63.98086504494143,134.95544414178673,70.9745790968453,2.6740566889444985,137.0427297878881,147.86623426439306,10.82350447650495,1.3012299408783783,85.19586545295626,173.05484746320204,87.85898201024578,8.520581722259521
exemplar,exemplar,exemplar/archive_6/aa52812d-0fa0-49d0-8449-d8093b646115.pt,12.001137587185143,20.077732084066454,8.076594496881311,0.09550795174370247,23.628670943273644,42.162010308853716,18.533339365580073,0.13688918287566743,120.51434908830625,141.4391075623779,20.924758474071652,0.07618564043858254,48.44133055679607,63.21708534148246,14.775754784686391,0.480941915512085,94.1565292581329,9.725689469805195,-84.43083978832772,-1.674241437022709,60.772871717316214,122.33541263311642,61.562540915800206,2.1634817123413086
exemplar,exemplar,exemplar/archive_6/acc4bcab-bf7e-40f3-b852-f320df45c3e7.pt,18.429157417753025,33.306982110051216,14.87782469229819,0.19661882791892699,90.72513081743521,111.28640100990074,20.56127019246553,0.8482757866348363,51.21790988020256,133.87936369524465,82.66145381504208,2.9409213066101074,71.39296153888806,135.36596459768333,63.97300305879527,2.308830142021179,175.99407756533483,125.60723627778883,-50.386841287546005,-11.190046407408634,103.65994439228906,5.026681731664111,-98.63326266062495,-2.0703909737723216
exemplar,exemplar,exemplar/archive_6/ae482ec6-2485-46f1-8ef7-33d7df37defe.pt,31.275276557675507,10.023253971806342,-21.252022585869163,-0.2651995771338331,60.67727804010784,3.673352648536981,-57.00392539157086,-0.8335772016059914,116.8999902207923,136.6037232451321,19.703733024339797,0.07360050290129906,56.93603503780129,21.832896523764596,-35.103138514036694,-0.18572711944580078,132.68375241641766,19.025147254580407,-113.65860516183726,-3.7253935394815096,67.44304319678527,48.45268536759596,-18.990357829189307,-0.37112864741572626
exemplar,exemplar,exemplar/archive_6/b0156831-89d8-4f68-9a77-6f15c1eebc1e.pt,94.71759292009281,146.71221647354628,51.994623553453465,3.704231960089632,155.97069525869875,176.87517852668526,20.904483267986507,8.133605370154747,13.190512079095912,118.09817196809458,104.90765988899867,2.399842381477356,98.8969745895217,149.73397128452632,50.836996695004615,2.00065016746521,166.372236430884,116.75158900583762,-49.62064742504637,-6.958739669234665,153.7240434678546,137.59142377262108,-16.13261969523353,-1.675816535949707
exemplar,exemplar,exemplar/archive_6/b01752b5-640c-46d0-9093-6934535db495.pt,113.52775807821854,134.41303840333032,20.88528032511178,1.4722218733252947,164.59925872833378,163.86304315225786,-0.7362155760759208,-0.2291015625,12.006033103837645,104.37977449902604,92.3737413951884,1.8841969172159831,130.57376319581195,154.36323179126728,23.789468595455332,1.5016759634017944,176.3143220753973,114.59839780777138,-61.71592426762594,-12.013400793075562,183.47044000596082,152.5407885035583,-30.92965150240252,-11.828085899353027
exemplar,exemplar,exemplar/archive_6/b10101c8-c316-4233-a6e8-68e512ef99d4.pt,53.00127689574183,54.665436924702234,1.6641600289604028,0.010331438785060083,39.80109283005336,46.264785660278896,6.463692830225533,0.04378090455910095,79.61563927602224,57.82276354400018,-21.792875732022054,-0.48971234835111177,181.27246226321918,172.655446172229,-8.617016090990177,-3.365389823913574,26.621211748239144,81.17743465505444,54.55622290681529,0.34241436002133946,111.49889010044454,161.46032560026407,49.96143549981953,0.17746167107386987
exemplar,exemplar,exemplar/archive_6/b6412086-b873-491f-9670-70e8bac7f624.pt,24.91854589288912,8.97887082214337,-15.93967507074575,-0.12756745930256508,142.30470562125026,13.438170811123706,-128.86653481012655,-0.6873512533180502,119.49908215122035,107.05976850744175,-12.439313643778604,-0.05070555727380767,61.784603589088896,136.72710025961027,74.94249667052136,2.5708411931991577,99.544589048,143.46371253309033,43.919123485090324,3.0490467616489956,32.84923205178308,161.2760723599332,128.42684030815013,6.035535365343094
exemplar,exemplar,exemplar/archive_6/b64592ac-c2d4-4b42-9540-4200b73db4cd.pt,32.771327182204686,65.3452309129356,32.57390373073092,0.5786165094833517,142.71765343024646,165.65019277953033,22.93253934928387,4.660480544766164,158.10685378119973,163.30583589308495,5.198982111885215,0.01598036107618627,26.47499441052645,119.27742687765495,92.8024324671285,1.987575113773346,123.63784605303564,155.7886477053438,32.15080165230816,3.7435763128872575,1.1610267197961124,169.30281005061767,168.14178333082154,8.26412296295166
exemplar,exemplar,exemplar/archive_6/bd2eebd2-2033-43b6-a272-a546cbe19247.pt,61.95963697871896,156.8404530474394,94.88081606872045,6.362025624697971,96.0979592020638,156.73161636227604,60.63365716021224,5.3852800950936395,0.0,0.0,0.0,0.0,144.26752889384312,161.29621521214256,17.028686318299435,1.578881025314331,189.7143626686351,188.0997209290556,-1.614641739579497,-5.111631393432617,193.3752395839274,193.80912394402586,0.4338843600984603,3.1737518310546875
exemplar,exemplar,exemplar/archive_6/be34ff8f-df7d-4ad3-a4d5-74f2344a116a.pt,34.383090411101776,31.765547408514514,-2.6175430025872615,-0.03757772976391231,52.85760529525865,5.872662716232619,-46.98494257902603,-0.6613760327657703,0.0,0.0,0.0,0.0,0.0,0.0,0.0,0.0,56.889771786695945,91.59641940706354,34.70664762036759,0.1842995113796658,69.16334923996351,108.50560607952251,39.342256839559,0.9859539270401001
exemplar,exemplar,exemplar/archive_6/c6bd3933-e2dd-4c05-b831-6e27f84ad677.pt,127.03642015417896,77.16984318891882,-49.86657696526014,-2.225512135723641,120.35977741829684,102.90493227147746,-17.45484514681938,-0.9027123052981242,60.26384298818872,79.42155057361744,19.157707585428717,0.37900400161743164,99.21336131157311,74.83570268163622,-24.37765862993689,-0.5797353982925415,160.33594286386645,162.77008606463565,2.434143200769199,0.6466715886042669,104.17692674224175,156.00977825249186,51.83285151025011,3.688927412033081
exemplar,exemplar,exemplar/archive_6/c77a3126-f728-49b4-afc1-0cff7c554078.pt,42.90658601918576,20.187889212876172,-22.718696806309588,-0.3216631820120351,6.508458090570981,22.7655475197425,16.257089429171522,0.19384013863452942,49.45965172211562,15.81830959219491,-33.641342129920716,-0.4448825518290202,82.76966089655144,56.36220675219927,-26.407454144352172,-0.4704777002334595,62.288281509585445,16.90917843973138,-45.37910306985407,-0.31890335223512317,69.62699754084736,16.003080105662598,-53.62391743518476,-0.3414558742357337
exemplar,exemplar,exemplar/archive_6/cd9dff84-d6c4-4d10-a34a-c0f5cb3bc155.pt,69.45163579587735,63.46719336984668,-5.984442426030668,-0.13429783508550802,37.7991227524217,21.51225958009103,-16.286863172330673,-0.22502224664991624,10.035421474645453,70.48287657627841,60.44745510163296,0.42395436486532523,28.953099190877115,88.00955696438218,59.05645777350507,1.1561188697814941,89.82811309046747,12.717670239797192,-77.11044285067028,-1.4923000993399784,171.77238880666613,102.47035215514457,-69.30203665152156,-9.23010508219401
exemplar,exemplar,exemplar/archive_6/cf76e97f-ad66-4ef0-acc1-7d83b4976477.pt,5.090783355928891,66.72005467823317,61.62927132230428,0.9514086035309076,57.88165588510199,53.22367281924145,-4.657983065860542,0.27628656470829027,166.66666666666666,93.32686691388328,-73.33979975278338,0.7706249554951986,49.93314208172584,99.17898605833454,49.245843976608704,1.0849568843841553,10.912044975749511,121.47614395803537,110.56409898228586,0.6521469634767038,53.41495909810623,149.15706152732167,95.74210242921544,0.43261141149009147
exemplar,exemplar,exemplar/archive_6/cffd7041-0b1b-44ba-a640-3e46071fe2a5.pt,110.21090861082756,114.80922754205818,4.598318931230622,0.24042179294637173,83.45416992088127,57.2889445998196,-26.16522532106167,-0.6291796775299898,133.33333333333334,71.06041098190556,-62.27292235142778,0.25185664494832355,90.31686296537752,58.37674278411909,-31.940120181258436,-0.6168553829193115,84.86042878367999,69.34973854292778,-15.510690240752211,-0.41204062275502873,39.858590634803015,44.77185584284646,4.913265208043448,0.07885505004250323
exemplar,exemplar,exemplar/archive_6/d0adca13-0c49-44d7-b26d-b4e9c2886472.pt,25.005865930043306,33.454508038627054,8.448642108583748,0.06433494383049698,22.205779577528535,8.101191416071265,-14.10458816145727,-0.12200670076255793,55.039338819676054,95.2349894115397,40.19565059186365,1.0397939682006836,59.0782950475625,103.57916962624671,44.50087457868421,1.0916879971822102,134.02746011333727,33.46455661399111,-100.56290349934616,-3.6566951174298232,100.72103824912988,3.8517061368622962,-96.86933211226759,-1.9818689598227448
exemplar,exemplar,exemplar/archive_6/d1b35da2-8c73-4ae5-ae14-eace77e749d8.pt,135.51114886994625,16.185731715365147,-119.3254171545811,-4.0263033638711105,131.0200174817023,65.12741117774159,-65.8926063039607,-2.83279888926577,28.330818975716966,69.55643422251526,41.2256152467983,0.26761540860006494,132.40774503182976,105.2765394100305,-27.131205621799268,-1.2712643146514893,169.68870954162395,179.16107602468276,9.472366483058806,5.898472086588542,119.57788081868615,181.8944445787418,62.316563760055644,14.265758832295736
exemplar,exemplar,exemplar/archive_6/d258b746-7850-47eb-8961-9a3462b7c2e0.pt,22.13337911185821,38.973876058743635,16.840496946885423,0.28478574925865274,85.55904933015128,11.425983724768065,-74.13306560538322,-0.4780419639730345,85.70502760668954,62.00745943322941,-23.697568173460134,-0.1265964381613335,59.3814845180452,75.78864839098829,16.407163872943087,0.7147947251796722,15.1603304070054,29.613765373211116,14.453434966205716,0.20632236104615978,12.482743375258629,102.47035215514457,89.98760877988593,1.804164965947469
exemplar,exemplar,exemplar/archive_6/d4be791c-1f0e-4a2a-b528-7a6d9e0f8c41.pt,181.61302572443884,192.8188145996082,11.205788875169361,33.643484933035715,137.7164740365072,118.81872081203126,-18.89775322447595,-1.3704163233439128,0.0,0.0,0.0,0.0,134.15361661029678,154.78408025556678,20.630463645269998,1.3858482837677002,187.3562294403123,143.74828577236252,-43.60794366794977,-23.80390750660616,152.5407885035583,104.17692674224175,-48.36386176131656,-3.1904475688934326
exemplar,exemplar,exemplar/archive_6/d71a04f4-8257-4c5a-9508-a0d4033be112.pt,51.54754880627986,128.73033886553458,77.18279005925471,2.9177848149271846,4.906050018793306,117.06456588195093,112.15851586315762,2.7724877307700875,93.60976593026564,134.26001430271347,40.650248372447834,2.0923500061035156,150.2633751170546,181.22282733998142,30.959452222926814,6.630049228668213,146.76678700361012,99.66666017521752,-47.100126828392604,-3.5139318568105917,58.46662094425722,50.88219913927683,-7.584421804980394,-0.4181726629083807
exemplar,exemplar,exemplar/archive_6/d7fdd0f3-0e84-47e4-a3ec-4cd29637c71d.pt,18.065971375704017,31.85097433409225,13.785002958388233,0.21313571288557295,26.626522119527067,18.913446709656082,-7.713075409870985,-0.02609139098579041,138.81741115234743,79.99854288228649,-58.818868270060946,-0.24704074120336725,87.75956662597866,110.0005218475601,22.24095522158143,0.733910083770752,22.952470419315585,25.720654708507848,2.768184289192263,0.021998808372837658,103.39661744943636,52.02011697743262,-51.37650047200374,-0.2686375166730183
exemplar,exemplar,exemplar/archive_6/db91f246-7995-4ea8-a26c-c63b5a520453.pt,19.46231724447006,27.070345196833685,7.608027952363624,0.13571253795142219,67.43350971253804,147.41392525370205,79.980415541164,4.587880053668081,37.443155874557824,143.15630445722329,105.71314858266547,4.004142165184021,13.130326172878824,138.06287594837116,124.93254977549233,3.2382248044013977,170.62067095254167,142.0110908440494,-28.60958010849228,-6.631026830428686,108.45597120432696,101.38354536542619,-7.07242583890077,-0.2959548102484809
exemplar,exemplar,exemplar/archive_6/e4181b11-725c-48e5-b029-54a2d5315b55.pt,18.89650755127051,47.30772846107495,28.41122090980444,0.41095578632779145,59.228258710629795,37.85912764159622,-21.36913106903358,-0.13862414610181273,150.83052298612455,148.13180821293793,-2.698714773186623,-0.008804188218227652,29.107858440917255,31.22615424282766,2.1182958019104063,0.10765675136021205,8.643971588769654,21.95095536618367,13.306983777414017,0.10743717055722891,24.87601554574913,43.31705050079549,18.44103495504636,0.07192323266006098
exemplar,exemplar,exemplar/archive_6/e5221a5b-93c6-4a3b-b7f2-26173176413a.pt,119.57757452338026,117.83439140568628,-1.743183117693988,-0.10550945673273396,118.42854927223308,7.384996361172386,-111.0435529110607,-2.8262183556189906,67.74564607591871,101.27446510479471,33.528819028876,0.8559679985046387,52.56909780749043,61.784603589088896,9.215505781598466,0.1356736421585083,152.61046262184036,62.46617849067982,-90.14428413116053,-5.500141587368278,28.739201851146145,110.92208927554985,82.1828874244037,0.37518574850899833
exemplar,exemplar,exemplar/archive_6/e5c68485-7671-421b-907a-5d24093ca1d0.pt,70.13144819069556,4.497867853932364,-65.6335803367632,-0.47524577511244714,131.67308303167772,101.34133208859197,-30.33175094308575,-0.12138519126659437,123.2616785794423,99.32602074146635,-23.935657837975953,-0.09892631430813319,1.166867737149515,60.080692294841256,58.91382455769174,0.7058778603871664,113.44002248099838,49.35848650248892,-64.08153597850946,-0.0684641900463639,35.75738103307542,142.0384994559421,106.28111842286667,3.3492833375930786
exemplar,exemplar,exemplar/archive_6/eae48601-1eef-419f-8569-35e1af1ba9ad.pt,22.921450868913592,7.027486310829849,-15.893964558083743,-0.1328094639420408,119.66419065602425,133.8281755993152,14.163984943290941,1.0641641272119728,59.82329183146885,68.53102344944303,8.707731617974176,0.17325162887573242,56.6636809901678,21.671241129648237,-34.99243986051956,-0.1654101014137268,142.04171564044393,21.17989087596098,-120.86182476448295,-0.638429526126746,63.47309599352635,132.8453920718689,69.37229607834254,2.2699341773986816
exemplar,exemplar,exemplar/archive_6/ec0fa257-5475-4f6d-8955-5514dde22245.pt,81.25943728106996,72.07881987072487,-9.180617410345093,-0.2417164344004262,40.290417292877834,54.94000027025162,14.64958297737379,-0.07348642145092699,0.0,0.0,0.0,0.0,0.0,0.0,0.0,0.0,72.3750596352525,90.92080607130549,18.545746436052994,0.09306135631742932,25.776862464146188,69.16334923996351,43.38648677581732,0.5710057616233826
exemplar,exemplar,exemplar/archive_6/eff0080a-fd7e-4f52-8b42-f37a7903dffd.pt,61.72608288906951,104.25245111252191,42.5263682234524,1.2847567230737926,31.710869751956892,57.302997854426344,25.592128102469452,0.42625648913839737,150.0,125.11561374475492,-24.884386255245076,2.1738715171813965,29.090000778289077,69.05272143697063,39.96272065868155,0.6249699592590332,22.29609148625417,66.53091326971403,44.234821783459864,0.29858105914499333,58.78108361655696,100.60630199480609,41.825218378249126,0.21495903201219513
exemplar,exemplar,exemplar/archive_6/f113c9ef-86c2-4e34-af4d-66cf8860c342.pt,6.708756097616187,20.543559549119863,13.834803451503674,0.12138801343847781,5.31655354799906,0.613174729110966,-4.703378818888094,-0.04563756239415278,62.64445193350823,11.004840979642141,-51.63961095386609,-0.7814851488385882,52.835905155861056,92.96994132962935,40.134036173768294,0.8493446509043375,102.52627806149329,57.614331016283735,-44.91194704520955,-1.2928162367244804,71.75453015537552,46.10883343618851,-25.645696719187008,-0.517394739553469
exemplar,exemplar,exemplar/archive_6/f3250f5a-4ca9-49ad-b799-0194105bc6ef.pt,48.88396329622327,40.79143548772714,-8.09252780849613,-0.13454364528371748,2.2079986154744486,31.420509441642327,29.21251082616788,0.35092579406671526,22.96240703057208,66.51751245161375,43.555105421041674,0.29209097107844567,31.771334693825164,97.53037576989473,65.75904107606956,1.4168883732386999,90.73992349150454,52.712293835813895,-38.027629655690646,-1.243529935136403,5.726112183924948,149.21068334146665,143.4845711575417,0.7986824328311793
exemplar,exemplar,exemplar/archive_6/f3475010-a2d2-4adc-8857-c12a018f8aa1.pt,15.233305765504062,50.457747343101886,35.22444157759782,0.5332659166999246,16.60516496835362,164.72441703726554,148.11925206891192,9.152046941941784,34.519583022730124,141.76993401229507,107.25035098956494,3.8955867290496826,28.42731632668401,141.78246021835315,113.35514389166914,3.404556095600128,111.5478759746858,138.2358258187504,26.68794984406462,1.9191325051443917,74.68056666730739,147.52671577329681,72.84614910598943,3.323312520980835
exemplar,exemplar,exemplar/archive_6/f4f88438-4c86-4b8d-9a82-ccfad9b243ba.pt,77.87275076896555,90.22823862811961,12.355487859154067,1.083319958306347,3.758097458345205,133.88434934258225,130.12625188423704,4.010486936106266,0.0,0.0,0.0,0.0,150.78721259568312,180.30650880461567,29.51929620893256,6.091655254364014,189.2794928602424,187.23322866573127,-2.0462641945111386,-5.804439769071691,194.66712524991746,192.71687686753248,-1.9502483823849843,-15.063716888427734
exemplar,exemplar,exemplar/archive_6/f55941ee-ae8d-467f-9c14-662151a42646.pt,18.85351875420133,8.139873994811845,-10.713644759389483,-0.12330142920616113,15.537598091949997,8.643994773952427,-6.89360331799757,-0.06131485235361268,90.4250371388834,158.64111509618863,68.21607795730523,5.644660949707031,57.34795257792407,101.61838393218078,44.27043135425671,1.1040527820587158,0.6489968104589079,46.03067344575947,45.38167663530056,0.3676055699654755,40.697243603170946,82.4835192501486,41.78627564697766,0.24570699552210365
exemplar,exemplar,exemplar/archive_6/f5780d04-5f50-4ab2-b4aa-4bbb1c20b5b3.pt,76.3661528820008,82.41214760346699,6.045994721466187,0.1662837794569672,126.70303717870394,35.77876425877255,-90.92427291993138,-3.0013700358072914,21.148136463253312,79.24135123044286,58.09321476718955,1.0277066230773926,137.21737141570702,122.81962497270291,-14.39774644300411,-0.5942622423171997,22.447131722924485,85.59845274825456,63.15132102533008,0.3462544893722678,175.73767396573857,116.68092849997673,-59.056745465761836,-8.764232873916626
exemplar,exemplar,exemplar/archive_6/f71ebe95-27b7-4494-91b9-0608db2a8db9.pt,70.92527604932447,94.65594872351417,23.730672674189705,0.6977626848730564,170.5010683624342,152.7474948853422,-17.753573477092004,-5.039276786472486,17.288258304803936,33.85294548618835,16.56468718138441,0.2000762621561686,98.36030634852484,106.11939029030597,7.759083941781128,0.16263020038604736,61.2427792698606,80.47089901373421,19.228119743873613,0.10487047831217448,139.10631271070122,134.46146720878485,-4.644845501916365,-0.34915924072265625
exemplar,exemplar,exemplar/archive_6/fd4ff770-2fb8-4f98-bb62-778faf711342.pt,95.1068443058084,119.00486265494985,23.898018349141452,1.1249830490597879,58.74624736465054,59.77684796413972,1.0306005994891763,0.020810123815433214,133.33333333333334,84.17583187150667,-49.15750146182667,0.5445922215779623,86.59140620384407,63.46682962943512,-23.124576574408955,-0.4480339288711548,92.43929470499003,47.15194799503559,-45.28734670995444,-1.1007946988213773,48.98433825158188,12.425801785248753,-36.55853646633313,-0.5303647530511253
exemplar,exemplar,exemplar/archive_6/fff8539a-800d-450f-a226-2dbf13517f0e.pt,59.609685100713804,100.05083567407945,40.44115057336565,1.1522119140625,95.10454439557742,131.562159521674,36.457615126096584,2.0141839496159957,66.62286418072526,77.22423732010479,10.601373139379533,0.2373774846394857,0.0,0.0,0.0,0.0,135.9129254841127,37.984301976795486,-97.92862350731721,-0.48953521093934604,13.661895769308234,87.71699380337674,74.05509803406851,1.075907677412033
exemplar,exemplar,exemplar/archive_7/06c2d5eb-3ab3-4eca-af04-524159694ed8.pt,11.130005786735577,31.509936864556384,20.379931077820807,0.256166100069735,43.95830662805501,8.685699141655308,-35.27260748639971,-0.2695729030322862,10.45373353264682,60.941209385953485,50.48747585330666,0.36651713053385415,21.357397967996587,114.90320055834387,93.54580259034728,2.2152795791625977,124.6014439668771,40.502693510978254,-84.09875045589885,-2.795232100133799,136.10617508718312,73.59532267353117,-62.510852413651946,-3.080309935290404
exemplar,exemplar,exemplar/archive_7/08bfd851-3e58-4dab-a59c-b8b4c6514b9d.pt,10.881511165317296,16.29474558367387,5.4132344183565735,0.062323961282205256,41.94791883903653,13.469336549072018,-28.478582289964514,-0.2205548035984771,80.29598685780702,85.64764729528795,5.3516604374809305,0.02664716084798177,6.331783839151596,55.38697901366863,49.05519517451703,0.6616916656494141,68.35009210485043,67.24465273100726,-1.1054393738431685,-0.025285082021971498,123.39199044030036,104.50206559919613,-18.889924841104232,-1.0288107228833576
exemplar,exemplar,exemplar/archive_7/0f1db9ca-e51e-4cec-9f22-8b5b8c1876e7.pt,55.85274383036468,55.438944476662094,-0.41379935370258636,-0.007943064593655255,8.22519811614853,53.75864149806074,45.53344338191221,0.649418311954861,31.99386064753092,104.08966086564638,72.09580021811546,0.4072567384634445,24.856317983310582,78.57181623555677,53.715498252246185,0.947145938873291,52.718895342130665,21.353715290394437,-31.36518005173623,-0.5228322322657372,46.34130951913011,122.51753431302978,76.17622479389968,0.38341578591633313
exemplar,exemplar,exemplar/archive_7/104418aa-91d9-4f4f-9729-79959fce980d.pt,56.979736349949825,153.59054129551112,96.61080494556128,5.817748656308741,154.31003813882407,144.15403876715442,-10.155999371669651,4.250249330814068,77.01148081929936,168.50465382474556,91.4931730054462,8.266958832740784,0.0,155.55539307711507,155.55539307711507,3.499983549118042,158.19662177393275,118.06724148495057,-40.129380288982176,-4.599764506022136,72.84829329304151,77.37420303759954,4.525909744558035,0.545979380607605
exemplar,exemplar,exemplar/archive_7/125ccb5f-af7d-4033-a258-d63400f72c10.pt,53.09851822428575,80.89892688176661,27.800408657480865,0.6354705509420722,35.38173650984415,79.67220788046957,44.29047137062542,0.8942192976743084,49.68640837999274,95.53222624629711,45.84581786630437,1.0705095926920574,91.49818105340456,121.33529995416872,29.837118900764153,1.0487240552902222,26.947066955925322,4.620662600599558,-22.326404355325764,-0.263908256918697,23.69199426538916,10.7361978400624,-12.955796425326758,-0.10959321963861123
exemplar,exemplar,exemplar/archive_7/14777c1e-bc02-45e0-85b1-6c41adc81500.pt,29.27749488908459,33.8785511068686,4.601056217784009,0.15247641700827275,87.47019706206227,1.711899720026833,-85.75829734203543,-0.5915466628820173,94.22889381461245,22.829210597078756,-71.39968321753369,-0.4339225828185562,152.89035052250406,183.550559499283,30.660208976778932,7.913053512573242,5.568435620605817,16.028253737188585,10.459818116582767,0.11690704250632789,12.846312480255678,61.599675913485996,48.75336343323032,0.7499675898588904
exemplar,exemplar,exemplar/archive_7/15182e03-dcd3-44e4-8a36-c2d3ba9a0bf8.pt,83.66846820516878,84.25783635649694,0.5893681513281592,0.865970573949067,2.371116683231073,133.74195793784267,131.3708412546116,4.011820090028661,0.0,0.0,0.0,0.0,150.65677089384005,179.9382061177436,29.281435223903543,5.91595721244812,187.3917492178003,185.8415707539237,-1.5501784638766196,-3.3866973876953126,191.07088175655767,189.07931088812,-1.9915708684376625,-6.807942708333333
exemplar,exemplar,exemplar/archive_7/175ceab3-2775-4ac3-90d7-85f2aaf328cb.pt,12.660367277939626,74.2193333397989,61.558966061859266,1.0609040594751666,7.710473051440251,104.12719979565432,96.41672674421407,2.0974036819266475,70.42343139854138,130.60448984414802,60.18105844560664,2.453993479410807,128.71151796196344,170.6878723677255,41.976354405762066,4.017612099647522,133.88851545753604,118.89228642246871,-14.99622903506733,-1.1053550356910342,58.859286109920255,135.0220273481711,76.16274123825085,2.9066460132598877
exemplar,exemplar,exemplar/archive_7/17e4f59e-7582-4590-b8b9-04c8e5d7c6c1.pt,119.28024033929492,66.18054878320774,-53.09969155608718,-1.9662179095354524,105.24561884904334,53.44759347516253,-51.79802537388081,-1.4919478407090772,128.01786773562955,153.0035574924055,24.98568975677594,2.790217505560981,107.44669137076873,115.41070096065289,7.9640095898841565,0.3051726818084717,141.82247946332052,78.44906522108263,-63.373414242237885,-3.578327871302269,117.38169413494496,6.841056265581965,-110.540637869363,-2.7545998151912245
exemplar,exemplar,exemplar/archive_7/18da7e9d-9fcc-4f87-a52b-dbde4532e078.pt,11.500410732790618,21.26261605709803,9.762205324307411,0.12916667230900897,18.728679204842155,94.29318880242467,75.56450959758251,1.5770909808707463,27.204803009251403,153.02409475253614,125.81929174328474,5.683447360992432,24.985132156847577,119.53686057350981,94.55172841666223,2.2909297148386636,181.14910010415895,100.81819895527259,-80.33090114888635,-17.07873477935791,48.47851020066414,74.91022884316583,26.431718642501686,0.15331656977815447
exemplar,exemplar,exemplar/archive_7/19c0ea10-28a4-4de4-b67a-b33d9621d826.pt,44.83915480943414,72.4466646211354,27.607509811701256,0.557962213390102,76.0556133179848,109.82842287184133,33.77280955385653,1.2086213871908702,65.66460955058236,150.68714874404276,85.0225391934604,4.492122173309326,121.1995092955232,154.40198746830438,33.202478172781184,2.772151231765747,147.68227455555896,144.41177752496802,-3.2704970305909455,-0.44300796046401514,99.6838980289219,168.08394910968738,68.40005108076548,6.409112334251404
exemplar,exemplar,exemplar/archive_7/1c98580a-7e93-4b49-b259-9089b61700e8.pt,27.821649611570564,76.0251285935158,48.20347898194524,0.9030764004710908,70.75378425420875,112.81504752639644,42.06126327218769,2.058231719552654,0.0,0.0,0.0,0.0,113.28615551726466,85.19942144045125,-28.086734076813414,-0.5642852783203125,152.41995674252294,2.9366204196704233,-149.48333632285252,-6.3367209132713604,184.32847955770808,153.7240434678546,-30.604436089853465,-12.660157203674316
exemplar,exemplar,exemplar/archive_7/211d40fd-4d3b-4914-a093-9b16a1bc9612.pt,95.86905184389602,116.4249461700658,20.555894326169778,0.9447261657094859,90.45189581575333,171.8140772456032,81.36218142984985,10.52853494162088,32.52056909974664,27.137484289589974,-5.383084810156664,-0.04072149367559524,33.56853422030387,107.98927482200996,74.42074060170609,1.457945704460144,139.0316154290369,180.25154675715262,41.219931328115734,13.333605716103001,17.444387599794116,158.19114412928852,140.7467565294944,5.555176377296448
exemplar,exemplar,exemplar/archive_7/34bd082e-57fc-4764-9303-f49650e7be9d.pt,44.428517875859924,42.6303430301642,-1.7981748456957263,-0.21976139883046547,61.76659029281854,15.875316995391563,-45.89127329742698,-0.7211984061995633,58.97064118219426,84.46766193233906,25.4970207501448,0.13840870593705715,95.94519323963688,111.55273710731018,15.6075438676733,0.5652840932210287,165.5781903053669,148.97562538425123,-16.602564921115658,-3.738181374289773,121.40905708271927,161.6224156574173,40.21335857469802,4.4442548751831055
exemplar,exemplar,exemplar/archive_7/3583839c-c85b-4a38-8247-47495592ed93.pt,79.09256431238553,76.23582642433074,-2.856737888054795,-0.0763610958280089,4.509714614692216,78.80450071734298,74.29478610265076,1.2542184791506163,77.2188107656553,161.7229000356695,84.5040892700142,6.293248891830444,99.98787097065458,158.46332985866079,58.4754588880062,4.222897529602051,148.61928125038818,130.78887107728735,-17.83041017310083,-1.9798912635216346,4.953052151885266,137.89870980224913,132.94565765036387,3.6585847536722818
exemplar,exemplar,exemplar/archive_7/38278339-1be4-4ea0-938a-c398f5b02a0c.pt,45.890892626989974,72.72778829342369,26.836895666433712,0.5472965118853621,92.73818281204606,101.16114312195745,8.422960309911389,0.3177637274830267,82.22808897718065,12.991825561833025,-69.23626341534762,-1.152664025624593,71.53032194544741,2.9684918126610786,-68.56183013278633,-0.9036036729812622,95.83032241994323,32.04561913419853,-63.7847032857447,-0.3713277558448806,36.3905742524266,147.59712370290418,111.20654945047758,4.3236015637715655
exemplar,exemplar,exemplar/archive_7/3979cbe8-6389-4b2f-9e56-c4b3b6ec6883.pt,53.606108774443854,55.2673317894714,1.661223015027545,0.010264354005208398,31.295743459696666,51.81138808455742,20.515644624860755,0.1408962713354333,7.762971639330893,9.7623231626689,1.9993515233380075,0.027695556185138758,0.0,0.0,0.0,0.0,3.36747749956905,1.630576521675549,-1.7369009778935012,-0.016663790525753258,38.106099594458286,39.42889428599736,1.3227946915390731,0.020243603250254757
exemplar,exemplar,exemplar/archive_7/3ac68c7e-0604-4a11-90d5-6ec96537a52a.pt,125.40872699612737,111.99572500879087,-13.4130019873365,-0.8172690331375839,148.94851617660555,110.91243891425327,-38.03607726235228,-3.3445373932348157,66.8525474397861,82.64003730623509,15.787489866448993,0.3367743492126465,108.83666056854067,45.39092192128588,-63.445738647254785,-1.3504188656806946,158.19662177393275,164.47624104800065,6.2796192740678975,1.6601415563512731,99.34176106992385,150.72321423955947,51.38145316963562,3.4529749552408853
exemplar,exemplar,exemplar/archive_7/41d5ecdf-6296-47ce-a059-594d1caf166c.pt,116.38307466314434,52.300072963379954,-64.0830016997644,-0.02751443650429929,43.10794945012149,115.78854117678297,72.68059172666148,2.3949506692111724,187.77619711913783,182.35154996202309,-5.424647157114748,-0.014608689716884069,163.73856797263488,179.45453540833037,15.71596743569549,4.219006538391113,189.40950147273287,195.46925774198647,6.059756269253597,48.93742370605469,194.1358797969892,198.0925598599922,3.956680063003006,106.12028503417969
exemplar,exemplar,exemplar/archive_7/4259362b-ead9-4f9d-acf2-6a2224c273ff.pt,160.9415688566873,189.0434187632017,28.10184990651439,26.113958314407704,139.70726939055186,172.8794387679269,33.17216937737504,6.085993766784668,0.0,0.0,0.0,0.0,123.63250597863704,155.55539307711507,31.92288709847803,1.881068229675293,182.66906570313938,152.02472044010997,-30.644345263029408,-14.281787395477295,108.50560607952251,97.37492721361843,-11.130678865904073,-0.355627179145813
exemplar,exemplar,exemplar/archive_7/4335a191-156d-46a5-97db-9d7fbe80c1ff.pt,130.85040319778327,133.37839419451956,2.5279909967362926,0.21947533065352698,106.40389315384118,127.5001816996628,21.096288545821622,1.2431756139106458,0.0,0.0,0.0,0.0,167.1976805732998,179.88502974392344,12.687349170623634,3.8457136154174805,174.4401594822852,158.39742473978117,-16.042734742504024,-5.846174240112305,92.63083846831098,129.5086489341463,36.87781046583531,1.461742877960205
exemplar,exemplar,exemplar/archive_7/43605e41-170f-4ae1-b064-70b1d9b0c043.pt,58.18347642435181,34.11264631739308,-24.07083010695873,-0.529118815187999,121.0479112138401,83.62611274623852,-37.421798467601576,-1.6290855889148366,67.71901967127054,77.2703100629728,9.551290391702253,0.051455484016361665,141.36366978852283,144.1054987105484,2.741828922025576,0.25097227096557617,171.6759931062363,159.1633306679855,-12.5126624382508,-4.261614250414299,122.40295846417095,173.40506414406065,51.002105679889695,7.4142162799835205
exemplar,exemplar,exemplar/archive_7/49a987f7-fe06-41c3-a9d8-eed3c9a7cc56.pt,92.35078443356008,113.8536465243424,21.502862090782315,0.9274185192162773,45.625688807134004,104.31653156599039,58.690842758856384,1.8084622395833334,29.207221806714372,29.207221806714372,0.0,0.0,33.56853422030387,106.45821240639066,72.8896781860868,1.4045790433883667,120.54489502051166,174.0169651694418,53.47207014893013,10.161133105938251,17.444387599794116,163.2135712262219,145.76918362642778,6.534844517707825
exemplar,exemplar,exemplar/archive_7/4cf4a48e-2003-497b-92ac-fc6a24254c5c.pt,7.2615993884259415,42.32556262998876,35.06396324156282,0.46676738244648264,59.24714044948314,12.341761781222987,-46.905378668260155,-0.32551921170359205,105.35758801119776,63.10122778605758,-42.256360225140185,-0.2095723115196524,161.1422354213344,179.07029754550408,17.928062124169685,4.408821105957031,14.890123906308254,25.908997222532253,11.018873316224,0.15898270176207166,11.180877461127878,86.4032930647997,75.22241560367182,1.4098539130632268
exemplar,exemplar,exemplar/archive_7/4fceabef-1b1c-40df-9d4c-56cb81e72dc6.pt,42.47791868200412,64.71916509965948,22.241246417655354,0.41747834222077435,103.62816249696122,111.25978984442095,7.631627347459727,0.3569031629816395,80.4416956717195,13.976274360068157,-66.46542131165134,-1.0957692464192708,75.6976828751976,0.7382794918090576,-74.95940338338855,-1.0088377396265666,92.62127820567689,30.95295545413021,-61.66832275154668,-0.364657461084076,77.37420303759954,162.25641675398475,84.88221371638521,5.501903653144836
exemplar,exemplar,exemplar/archive_7/50b5992e-1801-40f8-817a-22a1b35d9d1a.pt,56.15925113998249,36.24879435039643,-19.910456789586057,-0.4739780591577923,120.98494864945552,83.5441322918713,-37.44081635758421,-1.627468309465899,67.32229205507643,76.88905529965324,9.566763244576805,0.05168634112311503,141.36366978852283,144.1054987105484,2.741828922025576,0.25097227096557617,171.6759931062363,159.1633306679855,-12.5126624382508,-4.261614250414299,122.40295846417095,173.40506414406065,51.002105679889695,7.4142162799835205
exemplar,exemplar,exemplar/archive_7/51f79c7a-ec12-412b-9354-acba5a3d48eb.pt,132.83636320262931,135.3060845427919,2.469721340162579,0.22726915253616106,144.22589976494342,155.5730101721178,11.34711040717437,1.828523447815801,75.5423400884485,71.54469236829779,-3.9976477201507095,-0.021280935255147643,103.60118513223854,148.6581832728391,45.056998140600555,1.820745825767517,53.372621570235175,1.6238780926865926,-51.74874347754858,-0.40442783671214166,9.909103534389892,97.37492721361843,87.46582367922855,1.352452278137207
exemplar,exemplar,exemplar/archive_7/599a7712-c420-4490-8bd9-bef3e3a64f3a.pt,71.01939780874173,111.03328332872613,40.0138855199844,1.3947187338226594,33.91493457082379,58.988736246971634,25.073801676147845,0.42822451158778496,150.0,119.63336330827927,-30.36663669172073,1.8550410270690918,29.806156665880046,66.54475140431946,36.73859473843941,0.566123366355896,21.137130781661643,57.800724708984966,36.66359392732332,0.25719746234796653,57.62459322664082,89.46738756406504,31.842794337424216,0.17071524271150915
exemplar,exemplar,exemplar/archive_7/5ee09a7f-1705-4c59-88ce-e3c4d7c1601a.pt,7.077047964448488,58.24263492740586,51.16558696295737,0.7533531976916336,93.4602278624754,95.35417729300583,1.8939494305304265,1.185254836637703,38.17028270359837,135.6783581402889,97.50807543669055,3.2786362171173096,23.851528044084883,139.5177575721336,115.66622952804872,3.257024824619293,94.11112453538546,130.7239242567444,36.61279972135894,1.9670944213867188,80.02458259432755,156.00977825249186,75.9851956581643,4.319185137748718
exemplar,exemplar,exemplar/archive_7/610780da-4392-4c85-b83a-b0e9ac5bc219.pt,44.74065009709377,149.15982839835024,104.41917830125647,5.285794309170905,77.17163844250922,146.86817523823981,69.6965367957306,4.265867940495523,0.0,0.0,0.0,0.0,144.26752889384312,161.29621521214256,17.028686318299435,1.578881025314331,189.0689075589477,187.3562294403123,-1.7126781186354094,-4.810947193818934,193.3752395839274,193.80912394402586,0.4338843600984603,3.1737518310546875
exemplar,exemplar,exemplar/archive_7/62cc019a-3814-4d4e-81fc-bfdb1130190e.pt,122.58880316629512,160.37848616759348,37.78968300129836,4.92553930884009,105.65594988964244,144.74452354274962,39.088573653107176,2.9972319504310345,48.44791963595738,64.37681654475153,15.928896908794151,0.25832629203796387,126.79930378862065,99.43079654675086,-27.368507241869793,-0.7435340881347656,153.82595433345858,167.23852981067597,13.412575477217388,3.4783853384164662,85.19586545295626,168.49522970926375,83.2993642563075,6.909221172332764
exemplar,exemplar,exemplar/archive_7/635929b9-3171-4a5b-97ce-f37f178e243a.pt,44.983679575941785,0.7147040843118699,-44.26897549162992,-0.3600609445003417,93.98716373698291,45.8977136290421,-48.089450107940806,-0.26608693508451275,118.18166651263498,104.76402797304132,-13.417638539593653,-0.05514087961680854,1.4491113022242748,51.215179520670915,49.76606821844664,0.6317338347434998,1.1096313356364425,3.13597980182019,2.0263484661837476,0.019714061828823026,9.58644565240326,24.02804920489326,14.441603552490001,0.11376298113567074
exemplar,exemplar,exemplar/archive_7/66a136cc-4581-4593-adee-5603ca880a75.pt,38.26184539314811,96.41704418684809,58.15519879369998,1.38782799243927,112.35578786226446,28.24743528876501,-84.10835257349945,-0.3878389306970545,65.1279650900444,113.94847563277436,48.82051054272996,1.5423866907755535,7.131133782735314,125.23266393430934,118.10153015157402,1.637990903109312,83.79983753659839,40.68688510654237,-43.11295243005602,-0.25222708962180396,76.92751581208192,35.75738103307542,-41.1701347790065,-0.0901179313659668
exemplar,exemplar,exemplar/archive_7/674ff3d2-5c67-42df-bbd8-27bc6de570eb.pt,92.72769683970799,105.89334008006222,13.165643240354228,0.5216342079135994,71.65518654413648,66.80808720437847,-4.847099339758017,-0.11341198802699703,150.0,138.42209573359267,-11.57790426640733,3.183856964111328,4.068020013607333,58.89550467890139,54.82748466529406,0.7154183864593506,60.96643528575688,41.85166534975903,-19.11476993599785,-0.3473850638566617,28.466986283114707,35.82363008724685,7.3566438041321405,0.10408658759538518
exemplar,exemplar,exemplar/archive_7/67def1eb-4370-4c08-9066-d3f7a040442f.pt,144.49827103597846,184.7174260789261,40.21915504294765,18.862406636332416,170.44059907220935,180.84434422072732,10.40374514851797,5.512115478515625,0.0,0.0,0.0,0.0,152.32584751457955,156.3135472557543,3.987699741174737,0.3829329013824463,166.54752458406614,161.98841531426714,-4.559109269798995,-1.3893365859985352,42.209459222214974,71.94358191459881,29.734122692383835,0.44146275520324707
exemplar,exemplar,exemplar/archive_7/6ecfab90-e70d-4fa2-b193-b21afaf3dde8.pt,60.34656119078486,145.63510102509377,85.28853983430892,4.492823570455345,113.89759118249498,7.212856003413674,-106.6847351790813,-0.6557491781257907,0.0,0.0,0.0,0.0,81.4943443538454,171.77293056031786,90.27858620647245,5.397714078426361,189.1555484644,131.93732235259822,-57.21822611180178,-30.473660173087286,44.54295630735754,10.764212334175022,-33.77874397318252,-0.43058717250823975
exemplar,exemplar,exemplar/archive_7/7215c6b8-79d6-4199-99ea-7d7ec65d208f.pt,25.052196984017773,138.96400002507565,113.91180304105788,4.264688665216619,94.11496242006741,133.20176926206435,39.08680684199693,3.3380489233768347,59.33443920128948,160.4153394313219,101.08090023003243,6.3536375761032104,0.0,143.6742955785311,143.6742955785311,2.550776720046997,119.56659666686545,118.26923458469736,-1.2973620821680925,-0.07753072466169085,1.1610267197961124,114.6963901060408,113.53536338624468,2.008091449737549
exemplar,exemplar,exemplar/archive_7/729fba5f-7728-4bbf-b76e-c2b1c296f539.pt,62.781607450252864,150.6091255232297,87.82751807297683,5.177966573963994,89.76748864722455,147.64604843094475,57.87855978372019,4.006005654787884,0.0,0.0,0.0,0.0,147.28100831024375,161.7545004732925,14.473492163048746,1.4356741905212402,188.5529049845632,187.86664644058848,-0.6862585439747306,-1.9146232604980469,191.9939733279039,193.6390498563668,1.6450765284629085,9.690994262695312
exemplar,exemplar,exemplar/archive_7/7356e4ff-0d30-4cf5-995b-4bf2a65ae341.pt,43.239388827525104,77.07732117066126,33.83793234313616,0.7024039293652529,81.82529685519562,120.4867634890812,38.66146663388558,1.6456384160573032,56.18896523718249,133.24024050408573,77.05127526690325,2.942688465118408,63.32463462355867,134.95544414178673,71.63080951822806,2.685823122660319,136.50965879366802,147.86623426439306,11.356575470725033,1.3538537927576013,85.19586545295626,173.05484746320204,87.85898201024578,8.520581722259521
exemplar,exemplar,exemplar/archive_7/79be0371-2ca2-480d-921d-de788906953b.pt,94.53309264539979,121.11528547616632,26.58219283076653,1.2775453101199543,98.26769549829005,91.2563718520362,-7.011323646253857,-0.2530383209684002,126.20879551360923,34.23301036756037,-91.97578514604886,-0.4792840415184651,139.66132807386276,170.02088665128412,30.359558577421353,3.356687545776367,55.86821040143507,2.37883985558504,-53.48937054585003,-0.7497511555377702,97.37492721361843,126.02909805072406,28.654170837105625,1.132386565208435
exemplar,exemplar,exemplar/archive_7/7baa1b4d-2844-476a-accc-1a2112c06584.pt,8.953937556937232,15.934659375471709,6.980721818534477,0.07940389139503298,27.070987066749204,8.592219168661277,-18.478767898087927,-0.22329872075698273,119.92005964565502,134.83872490828355,14.918665262628537,0.055491469627202944,88.61315763168666,21.28153920692592,-67.33161842476073,-0.35241061449050903,103.84873353770395,13.062253964377577,-90.78647957332637,-2.0168664001676038,44.92072152256482,105.28807654341696,60.367355020852145,1.569279584017667
exemplar,exemplar,exemplar/archive_7/7ca8fb9f-6a62-4c42-bfce-985ae4400ae6.pt,85.16369146127084,73.06278856715579,-12.100902894115052,-0.3319866242955943,141.02875641115008,123.29040794205565,-17.738348469094433,-1.566587127908303,124.79753985613864,73.45890265567448,-51.33863720046416,-0.23013582936039678,129.83477823232423,163.72656656535807,33.891788333033844,2.663262128829956,68.50600084021059,10.374586252398133,-58.13141458781246,-0.9307891157336701,177.2824877321326,168.08394910968738,-9.198538622445227,-3.8060121536254883
exemplar,exemplar,exemplar/archive_7/8039f614-9b42-4f85-8747-57ef38285595.pt,14.907563698090978,34.94231749827649,20.03475380018551,0.2846415663593124,26.13909644411257,19.404952189611397,-6.7341442545011745,-0.016275958657401505,138.81741115234743,79.99854288228649,-58.818868270060946,-0.24704074120336725,87.75956662597866,110.0005218475601,22.24095522158143,0.733910083770752,22.985298455424303,25.753370615399746,2.7680721599754428,0.021991492507066845,103.39661744943636,52.02011697743262,-51.37650047200374,-0.2686375166730183
exemplar,exemplar,exemplar/archive_7/836f28af-4f9d-4dbb-84c8-39497943c2fd.pt,151.60748229015294,81.77572929387408,-69.83175299627887,-4.882074950348242,138.60235131926626,65.821024767941,-72.78132655132526,-3.533588810432367,150.25645962305447,119.59895168005693,-30.65750794299754,-2.847172328404018,146.21554488056287,106.71916564258179,-39.49637923798109,-2.361725091934204,142.3352364294775,51.23310729323191,-91.1021291362456,-4.243217066714638,42.85561133040781,92.26859267362309,49.41298134321528,0.08586845397949219
exemplar,exemplar,exemplar/archive_7/84d89d75-533f-41cc-aa62-e1b8e47e03dc.pt,39.5971020531895,80.2184649298809,40.62136287669139,0.8453836928318886,14.408872491723665,83.56487152769088,69.15599903596721,1.279635533445441,133.33333333333334,58.87600224759174,-74.4573310857416,0.0286556879679362,154.66424028762017,139.3410462289251,-15.323194058695066,-1.1144061088562012,74.99860467569334,46.970636848327175,-28.02796782736617,-0.5855254542325191,19.75457654395494,19.2497509351067,-0.5048256088482397,-0.0434869163394592
exemplar,exemplar,exemplar/archive_7/8840dbe2-31ab-4668-89b4-f36e6d9463c1.pt,184.5427573826052,192.57394457394457,8.03118719133937,27.722536482900942,197.30262826640003,189.6700297250401,-7.6325985413599255,-82.17766571044922,0.0,0.0,0.0,0.0,132.0284850338188,143.37531050869424,11.34682547487543,0.5896191596984863,184.96585593722995,153.5980350115512,-31.367820925678757,-17.34343011038644,171.60954752571968,126.02909805072406,-45.58044947499562,-6.511283874511719
exemplar,exemplar,exemplar/archive_7/888168e1-7982-49a8-8ca8-01ba22c5effd.pt,114.90295336342429,139.02089053518677,24.117937171762478,1.8589600230597965,114.71268176737993,138.47039567070047,23.757713903320536,1.810742893874322,135.32778633775308,129.57690574688033,-5.750880590872754,-0.4209012985229492,163.0848512495101,178.39481282321728,15.30996157370717,3.8392062187194824,130.61073957064784,79.52681890590392,-51.083920664743914,-2.4402928636563535,24.512015666006455,82.10450883946547,57.59249317345901,0.3022000249669942
exemplar,exemplar,exemplar/archive_7/89ecfb7a-5740-4639-8707-5b01e5fafecd.pt,48.20255867715441,34.468626779479614,-13.733931897674793,-0.21862008037694014,4.36369445904223,35.09202512127273,30.728330662230498,0.25391961928573886,166.66666666666666,6.803074308702778,-159.86359235796388,-0.7730232874552408,11.253874389486732,16.78469604182479,5.530821652338059,0.031152188777923584,54.036158809050214,42.39482144034993,-11.641337368700285,-0.07560812747196627,77.88162009241388,63.652550668437605,-14.229069423976277,-0.07764844940929878
exemplar,exemplar,exemplar/archive_7/8acee9d4-946b-497e-99b1-20e5e173d82a.pt,26.07332068804884,54.290848575919135,28.217527887870293,0.44536404079861114,54.60890088972107,23.372779035860706,-31.236121853860364,-0.2196883825297348,119.32252878566936,139.78137738183048,20.45884859616112,0.07513208906779918,35.241184768251465,44.647653068039176,9.406468299787711,0.25551932198660715,42.08154562946495,32.92438019015901,-9.157165439305935,-0.13874637065161902,100.96983142574615,80.16901376785316,-20.800817657892992,-0.6984207981316618
exemplar,exemplar,exemplar/archive_7/8bb82ecb-29e7-4dc0-a680-b43b1187f6ed.pt,33.81886288657697,16.112006448479224,-17.70685643809775,-0.11403468740486339,33.19485952760817,2.664153608024604,-30.530705919583568,-0.2575802726541611,41.597340055431076,104.37977449902604,62.782434443594966,1.5198381741841633,78.3802265870053,12.150458458051567,-66.22976812895374,-0.36146050691604614,48.08489622266676,57.74998057901513,9.665084356348373,-0.18477139254228783,56.51340106309896,2.6624782043299176,-53.850922858769046,-0.39551808617331763
exemplar,exemplar,exemplar/archive_7/8c398090-56b8-40a9-8cbe-fb4a41181ca7.pt,150.86445822885048,79.57164569610417,-71.29281253274631,-4.8190109062768585,143.2761991972473,72.87355135427127,-70.40264784297604,-3.9049680150261326,151.45395730636838,126.27102743332462,-25.18292987304376,-2.6133016858782088,146.3450136545497,109.48705061603258,-36.85796303851711,-2.2768361568450928,146.31324828001289,52.802291987433286,-93.5109562925796,-4.727728511114319,51.344799386804254,97.3401661500632,45.99536676325894,-0.036007931357935855
exemplar,exemplar,exemplar/archive_7/8cb1a8c9-d519-4b69-af6b-999a031b1912.pt,99.62772882912742,7.990530703129374,-91.63719812599804,-1.9019252181831297,114.83739310414413,9.581216903662462,-105.25617620048166,-2.596220084002536,127.76076811390696,167.05618048377016,39.2954123698632,0.13063968816576205,0.0,0.0,0.0,0.0,65.21729700965777,113.33072929134508,48.11343228168731,0.23031842577588427,74.68056666730739,71.94358191459881,-2.7369847527085795,-0.051165103912353516
exemplar,exemplar,exemplar/archive_7/8cf0a174-51f9-47d3-83b1-03b82806f4a3.pt,43.30601834885464,74.35417221806763,31.04815386921299,0.6306875554491969,24.96688478095606,75.4151015946986,50.44821681374253,0.9252056967618778,86.71568439205839,19.60861652644411,-67.10706786561428,-1.204076608022054,153.52451079008154,151.57779245622058,-1.9467183338609573,-0.00605618158976237,41.527533292692034,42.48366782430425,0.9561345316122143,0.006524181720492565,79.45648578758748,161.07072437360338,81.6142385860159,6.087147235870361
exemplar,exemplar,exemplar/archive_7/90354acf-e1be-4276-9f88-b22c77774770.pt,103.41289036837489,128.30253594844504,24.88964558007015,1.4368598090277778,134.45024849894043,130.64777693340884,-3.80247156553159,-0.3335619377367424,12.677104619540469,113.51573500111346,100.83863038157298,2.178547441959381,133.8040992715033,152.57756564729956,18.77346637579626,1.1960780620574951,181.05377247265278,116.9562290431102,-64.09754342954258,-16.004651750837052,185.72685795117238,146.20039963253714,-39.526458318635235,-15.442247867584229
exemplar,exemplar,exemplar/archive_7/903572ca-fd2f-4bc6-bbe7-1766ea844c7a.pt,44.50541603989893,80.01035089077378,35.50493485087485,0.7608967791863207,24.549415051832398,85.4787178862027,60.929302834370304,1.2124818136248043,10.956648231344227,70.40180685225035,59.44515862090612,0.818822463353475,152.6402929630315,138.695379042355,-13.944913920676498,-0.9606022834777832,85.26787964960955,78.19251766297029,-7.075361986639265,-0.20220372162329028,38.276524561841825,28.25581305747968,-10.020711504362144,-0.143568451871577
exemplar,exemplar,exemplar/archive_7/9195f9db-83c0-4e01-af54-d7abacaddc14.pt,77.6920818091531,154.06696665066255,76.37488484150946,5.43695568370852,48.50553507997934,67.61355552802885,19.108020448049515,0.630385983645261,0.0,0.0,0.0,0.0,83.36158472141943,171.92196988785935,88.56038516643991,5.408305883407593,193.27071134732518,153.6513578905807,-39.61935345674448,-49.39997694227431,72.81719244467477,29.913651324884512,-42.90354111979026,-0.7272214889526367
exemplar,exemplar,exemplar/archive_7/92b34423-597e-4cc9-81f4-e385bbce2300.pt,75.77305945494066,134.57158235314,58.79852289819934,2.8920687925789723,177.09831403685666,186.9450565482954,9.846742511438748,12.990802341037327,20.46122795790519,116.14650394395836,95.68527598605317,2.3304356733957925,106.11939029030597,153.50974334782512,47.39035305751915,2.1716113090515137,163.73369143164928,114.58131823052365,-49.15237320112563,-6.237278379242996,144.8439396509666,136.04329100968644,-8.800648641280162,-0.7484393119812012
exemplar,exemplar,exemplar/archive_7/92d24b08-bdb5-46c4-a709-7dd0df5be931.pt,27.23602760528429,24.479468429712174,-2.7565591755721144,-0.03636104273727773,9.6827628241471,16.072079839930744,6.389317015783645,0.0564084415032747,0.0,0.0,0.0,0.0,55.02012862509817,40.70052999162221,-14.319598633475955,-0.08553636074066162,80.63055564993965,86.98658780695114,6.356032157011484,0.031565780917755165,49.38910438009167,47.13084949943942,-2.2582548806522524,-0.014650790435861604
exemplar,exemplar,exemplar/archive_7/946cc93e-6342-4393-8742-fd7b20953869.pt,87.24791104062216,37.015858194061906,-50.23205284656025,-1.093370348876614,158.05092946406953,130.84185189441465,-27.20907756965488,-3.7512697189989015,105.66457761072031,141.41133441287445,35.74675680215414,0.13698663992163482,118.81945330471072,36.551338235372626,-82.2681150693381,-2.066697676976522,41.590371364531826,10.78147894636848,-30.808892418163346,-0.23013082364710366,134.46146720878485,176.981276022243,42.519808813458155,8.455408573150635
exemplar,exemplar,exemplar/archive_7/964f290d-cdbe-4c7c-84b5-688f0db538cf.pt,2.1872822521942,5.212447655609062,3.0251654034148623,0.03188264746153177,52.225858941183795,20.489023596901326,-31.73683534428247,-0.2282666510743602,65.91687125841038,25.048392791956157,-40.86847846645422,-0.2722554524739583,6.183792519511346,68.95931182759487,62.77551930808353,0.942878532409668,102.06073353730123,42.44010081872637,-59.62063271857486,-1.5445256920906585,150.0749109676391,62.529726966126056,-87.54518400151306,-5.0825074661609735
exemplar,exemplar,exemplar/archive_7/9794b51f-6b92-4961-b5eb-6f734c73af81.pt,30.531040086556704,30.882751835073496,0.35171174851679154,0.10033981199186992,65.70416417916286,22.05962158999638,-43.64454258916648,-0.24660544841052343,94.22889381461245,15.533849073344685,-78.69504474126776,-0.4944472793460816,152.7029292232143,183.80974673701647,31.106817513802156,8.12451958656311,7.586116260316715,12.07199701235339,4.4858807520366755,0.04959673473382046,17.62696081244525,52.78099681747739,35.15403600503214,0.5217039123062015
exemplar,exemplar,exemplar/archive_7/9cef62fb-a4a9-4639-b89c-0adbaaaa4b50.pt,36.50852268894535,26.22934523914408,-10.279177449801267,-0.14472089822771214,6.368954818393714,10.104727994786668,3.7357731763929536,0.04063856934844783,79.64075512864248,132.5497564676997,52.90900133905721,2.443981170654297,53.05236828399448,80.44680612551085,27.394437841516364,0.5457662343978882,4.584630741412195,18.712587698908024,14.12795695749583,0.12417025618700075,46.651049486828406,46.00258087587101,-0.6484686109573943,-0.004272818216463414
exemplar,exemplar,exemplar/archive_7/9ef5cf5b-5863-4455-b175-af27f29630ee.pt,118.58978305105758,133.70547988183918,15.115696830781602,1.1202182201975703,130.8645095851835,138.12940590705338,7.264896321869884,0.6792645377174565,7.953882876551307,102.15459483340176,94.20071195685045,0.5986182546447106,184.88651946420433,178.90343220404625,-5.983087260158072,-3.7530040740966797,177.96293080890462,176.4580481330923,-1.5048826758123255,-1.1261632582720589,126.02909805072406,176.981276022243,50.95217797151895,8.977219581604004
exemplar,exemplar,exemplar/archive_7/a467fae9-da30-4713-ac90-5ae79ca5ba0e.pt,42.521987620288186,145.20550062917587,102.68351300888769,4.75684234539042,11.240531214318798,171.35348740596243,160.11295619164363,11.75969370857614,54.44866350893692,162.36182903073825,107.91316552180133,6.894420504570007,0.0,145.43531662362236,145.43531662362236,2.665374517440796,131.41563858649877,123.06145203880274,-8.354186547696031,-0.6206134033203125,9.909103534389892,99.6838980289219,89.77479449453202,1.4197368621826172
exemplar,exemplar,exemplar/archive_7/a46b6540-b63b-4edd-b152-c34e29a1e6d3.pt,12.924939381639593,52.08678970701392,39.16185032537433,0.291825441902168,5.345684323876756,36.602635879003074,31.256951555126317,0.254460998854712,0.0,0.0,0.0,0.0,13.925534286796033,59.57110570664499,45.64557141984896,0.27065449953079224,2.6781116921771146,45.01855110307592,42.34043941089881,0.3401194452082069,17.56782581357071,48.76139445259279,31.19356863902208,0.1987500420932112
exemplar,exemplar,exemplar/archive_7/a6763da9-8e12-4951-a814-d33b9f94382e.pt,37.18619361696927,90.63192676610838,53.44573314913911,1.2003718671305141,53.38445742250543,115.74064891383232,62.35619149132689,2.018463642827414,78.85661942948153,124.2476177708328,45.39099834135128,1.7311782836914062,111.89796911075544,159.1109289618019,47.21295985104646,2.6211873292922974,163.0840570585242,131.98407221500202,-31.09998484352218,-4.8856396145290795,78.06710660494065,158.60813735433865,80.541030749398,5.3193685213724775
exemplar,exemplar,exemplar/archive_7/a748b02f-04e7-4d3a-8d70-c8e57161d8d9.pt,43.42042545541549,0.11556522081556257,-43.30486023459993,-0.35559162756027585,80.08041499388368,29.914237981577298,-50.16617701230638,-0.3116149644046119,115.1163863884207,95.03557100790768,-20.080815380513016,-0.0860740889364214,12.321458391250149,46.162047382141736,33.84058899089159,0.4571814007229275,0.925267364826468,11.892049634091022,10.966782269264554,0.1029328131758218,9.58644565240326,39.62872369755907,30.042278045155808,0.22994801591082317
exemplar,exemplar,exemplar/archive_7/a964aaca-0da8-476f-8ba1-810a99ce5b12.pt,10.445724252069594,30.840333336651277,20.39460908458168,0.2544141199896113,40.81007946184731,11.97318002587037,-28.83689943597694,-0.2115819657254428,10.45373353264682,60.941209385953485,50.48747585330666,0.36651713053385415,21.30391820018286,114.90320055834387,93.599282358161,2.215882682800293,125.1487780604197,41.481668565147864,-83.66710949527183,-2.8184988072191164,136.4692140519071,74.47590740728008,-61.993306644627026,-3.0936559560347576
exemplar,exemplar,exemplar/archive_7/ab09e950-1f9a-44e5-bcb8-5d026737f955.pt,165.2163699062298,190.82218998254368,25.605820076313876,31.78664822048611,109.45798200327681,137.7164740365072,28.258492033230397,1.837371826171875,0.0,0.0,0.0,0.0,152.32584751457955,156.3135472557543,3.987699741174737,0.3829329013824463,164.58040891208827,159.78262375438086,-4.797785157707409,-1.3076109044692095,42.209459222214974,71.94358191459881,29.734122692383835,0.44146275520324707
exemplar,exemplar,exemplar/archive_7/ab629e3b-2dbc-4480-9fa7-5685c3ffdfcb.pt,68.01141150597724,115.1135662048666,47.102154698889365,1.681492423052764,31.731949146123927,67.39099284252501,35.659043696401085,0.6391919044025243,166.66666666666666,93.32686691388328,-73.33979975278338,0.7706249554951986,2.716453577623413,72.26976508006337,69.55331150243995,0.9660537242889404,43.0133750739773,47.04426140316173,4.030886329184426,0.0268520239293144,62.92017011155901,73.180753073163,10.260582961603994,0.05711446622522866
exemplar,exemplar,exemplar/archive_7/abe13129-9046-43d5-ab70-59cee8c78363.pt,76.58733377037109,104.63112778559668,28.043794015225586,0.9530229710820896,47.36702305811911,61.864061331112104,14.497038272992995,0.2750161492660276,43.730654515495765,135.28917697288625,91.5585224573905,3.5039602518081665,30.658202316869662,84.10677687667652,53.44857455980686,1.067058515548706,44.2005257843792,24.33209293667407,-19.868432847705133,-0.29013206845238093,15.320776256409262,5.736820125120595,-9.583956131288668,-0.1065235019470594
exemplar,exemplar,exemplar/archive_7/afb1c110-dffd-4359-b9a6-1bb78185bcf5.pt,1.9814467296252118,45.643382304214406,43.661935574589194,0.3516077019291272,17.931859031953856,67.91604565937823,49.98418662742437,0.3424274919370039,144.39722971136482,109.60198444536913,-34.79524526599569,-2.6431461681019175,103.16647606882356,87.5289898893906,-15.637486179432955,-0.4786073366800944,80.45997164587284,20.05117396816015,-60.40879767771269,-1.163655267695613,11.47091036844068,164.27965961585986,152.80874924741917,0.7932204793173672
exemplar,exemplar,exemplar/archive_7/b75ede1b-8bfa-423d-967a-42d99f986170.pt,38.608152397679056,55.128565963089095,16.52041356541004,0.10855092848267292,27.11795095831326,52.833688815553785,25.715737857240526,0.17912920190143053,51.55137471508707,82.58112371053176,31.029748995444685,0.7012834259957978,70.62409387136402,74.3173656240179,3.693271752653871,0.07571140925089519,79.35027244016409,52.593250749006195,-26.757021691157895,-0.6014579082545819,98.41946364998505,11.062973908120101,-87.35648974186495,-1.823766555786133
exemplar,exemplar,exemplar/archive_7/b87f5f1c-ee21-4b60-9662-c0f99e1ddefa.pt,146.04471854402613,74.4354226521066,-71.60929589191953,-4.227714274997391,158.74565117008976,110.76643512882457,-47.97921604126519,-5.212714387606157,90.34823062078321,128.5528406840214,38.20461006323818,0.16000917519167032,141.36366978852283,73.78368621419929,-67.57998357432353,-2.739410161972046,172.77496214581112,184.13424673560925,11.359284589798136,10.3087939453125,159.24391838439598,191.66288999501637,32.41897161062039,28.622827529907227
exemplar,exemplar,exemplar/archive_7/bd566697-96d7-411a-bd96-43b382643b34.pt,94.1885459812809,115.4305064752826,21.241960494001702,0.949455620274649,49.47196394475297,101.31729900675533,51.84533506200236,1.6563577568964414,31.58708958188814,31.58708958188814,0.0,0.0,33.56853422030387,106.45821240639066,72.8896781860868,1.4045790433883667,120.54489502051166,174.0169651694418,53.47207014893013,10.161133105938251,17.444387599794116,163.2135712262219,145.76918362642778,6.534844517707825
exemplar,exemplar,exemplar/archive_7/c2f55a7b-7b78-4869-97cc-54a16e325f21.pt,8.366977670403429,139.11060348416592,130.7436258137625,4.488532327265051,164.536224207153,44.485884182217234,-120.05034002493576,-0.33048179737035777,18.49127379012586,30.76476292095274,12.273489130826881,0.193972172222071,132.0284850338188,181.46970711093735,49.44122207711854,7.850728511810303,153.73918792353038,142.95097779595918,-10.788210127571205,-1.5961823236374628,17.444387599794116,82.63180089483268,65.18741329503857,0.935721755027771
exemplar,exemplar,exemplar/archive_7/c8c03632-26b5-4a80-a1fe-cfee3b2dddf0.pt,58.22665879249178,159.34191015118014,101.11525135868837,7.007070662233127,81.59567304347469,152.17444144187118,70.57876839839649,4.976634356992465,0.0,0.0,0.0,0.0,144.414860379958,168.3072460071082,23.89238562715022,2.7125067710876465,187.5453713749897,183.6857105180297,-3.859660856960005,-7.3982383326480265,192.61769574466527,191.66288999501637,-0.954805749648898,-4.654026031494141
exemplar,exemplar,exemplar/archive_7/c94b2aa9-cf90-422f-ad77-2d30f6a560a6.pt,9.764092566876585,49.82364206079715,40.059549493920564,0.5704273991785876,38.6184696446187,2.919612613407062,-35.69885703121164,-0.29404857492588266,0.0,0.0,0.0,0.0,30.17935777428869,14.042628017947633,-16.136729756341055,-0.10325166157313756,65.99319842130807,19.505409534796886,-46.48778888651118,-0.3182869792854699,61.4858879741285,20.28973351033714,-41.19615446379136,-0.2436327704067888
exemplar,exemplar,exemplar/archive_7/ca0ac618-aea7-47cb-89c8-50d28df41942.pt,39.58696741485162,97.47073390448433,57.88376648963271,1.407065212136448,121.52678122431958,14.465624680148064,-107.06115654417151,-0.5964715396656709,65.1279650900444,113.94847563277436,48.82051054272996,1.5423866907755535,7.131133782735314,125.23266393430934,118.10153015157402,1.637990903109312,83.95591948539995,40.868405901355835,-43.08751358404411,-0.2517502898304584,76.92751581208192,35.75738103307542,-41.1701347790065,-0.0901179313659668
exemplar,exemplar,exemplar/archive_7/ced9b426-e203-44ac-85e4-556ca3fe5042.pt,35.56057525913255,0.5074449674361053,-35.05313029169644,-0.42741474224868575,14.295759855513888,15.138429656131398,0.8426698006175108,0.009818447890521447,140.21714772548458,94.2920574925908,-45.92509023289378,-2.761527442932129,100.02854962426663,103.16647606882356,3.137926444556925,0.1080487569173177,34.37937974172427,73.56494339593009,39.185563654205815,0.12263758710864758,84.23179420671022,159.8760371456412,75.64424293893097,0.29573848652389817
exemplar,exemplar,exemplar/archive_7/d42141fc-318e-47f6-a90c-84fb615a1e34.pt,21.588940111074166,45.446610416060516,23.85767030498635,0.3932380247651861,143.43192114860824,127.63183462477275,-15.800086523835489,2.6903175152978456,4.922846192500579,163.61056213206672,158.68771593956615,7.824013590812683,23.19204593301274,149.97910580476997,126.78705987175724,4.300737500190735,145.417516941448,127.2865652923198,-18.130951649128207,-1.7958063586004849,4.7850265980903925,124.2345699187402,119.44954332064981,2.422822117805481
exemplar,exemplar,exemplar/archive_7/d618ab46-7961-4e4c-8052-8db0c4a3e8bc.pt,97.85731440228489,128.73742709957543,30.880112697290542,1.6968216359289618,75.48530326407733,128.46226611565686,52.97696285157953,2.3787689455579994,136.98593322687722,155.50033687431898,18.514403647441753,2.2008692423502603,159.05677712531076,182.33189898184523,23.27512185653447,6.435022354125977,137.57208475501218,48.365700420616854,-89.20638433439532,-3.7631819661458334,33.92708819225907,120.36850008642055,86.44141189416149,0.3422535372451997
exemplar,exemplar,exemplar/archive_7/da62e439-5f03-4c09-aafa-0d2a6b455dba.pt,80.14044875321663,158.60744227475155,78.46699352153492,6.317943299796917,103.08467565527545,155.0554732698123,51.97079761453685,4.764618021309178,0.0,0.0,0.0,0.0,147.28100831024375,161.7545004732925,14.473492163048746,1.4356741905212402,187.83683963717397,187.1090768767493,-0.7277627604246675,-1.8019983628216911,191.9939733279039,193.6390498563668,1.6450765284629085,9.690994262695312
exemplar,exemplar,exemplar/archive_7/dac75499-d35b-44ce-b276-1e70b0a0c1bb.pt,74.43148675449474,27.854093057682004,-46.577393696812734,-0.21882952332968986,80.79788878529278,69.2177699238366,-11.580118861456185,0.4830174358124486,0.0,0.0,0.0,0.0,0.0,0.0,0.0,0.0,104.30498780046017,83.28013408979821,-21.024853710661958,-0.748974609375,42.209459222214974,184.32847955770808,142.1190203354931,17.241750717163086
exemplar,exemplar,exemplar/archive_7/de0ab864-05bc-46c7-a5e1-ed215ea42ebf.pt,115.21989818968002,130.79439957616898,15.574501386488961,1.0613975694444444,48.08611231877958,78.50854072974676,30.42242841096718,0.6584627278645834,72.51234502162133,40.318100250450385,-32.19424477117094,-0.19578220533288043,132.74438155031805,161.5769283337981,28.83254678348004,2.231476664543152,13.987570648430523,4.000896815365188,-9.986673833065336,-0.09133688251623946,40.69995915216801,51.57677629179858,10.876817139630568,0.2676120102405548
exemplar,exemplar,exemplar/archive_7/dffb143e-8b72-4ebf-b637-98cd8de29366.pt,10.704120616705127,67.21158619501087,56.50746557830574,0.8990715710121646,29.61979661894454,62.86760214048695,33.24780552154241,0.6587772305830016,39.88087061789205,123.35597236536354,83.47510174747148,2.4940597216288247,79.23463804761268,137.0261091487345,57.791471101121815,2.279723048210144,30.861333161364144,11.36188802131133,-19.499445140052813,-0.2571940793829449,16.2079142348437,35.79033825965741,19.58242402481371,0.1531715156128688
exemplar,exemplar,exemplar/archive_7/e1ad867d-8a66-465a-bcf4-5b7bca048ddf.pt,5.487259680612492,13.430139129523292,7.9428794489108006,0.07244245908148514,2.405407445154313,8.60379220921079,6.198384764056477,0.06613630940172288,60.53414051267948,23.39076969528063,-37.143370817398846,-0.5911341857910156,105.2765394100305,128.91840257976654,23.64186316973604,1.0533876419067383,88.45241495608954,61.01960434416687,-27.43281061192267,-0.7069161155007102,51.37506209048837,54.5674310079867,3.192368917498328,0.058784711478960396
exemplar,exemplar,exemplar/archive_7/e494a233-5c6e-496d-a316-a5cf1b6c10f7.pt,128.70198651301806,77.08635737915876,-51.6156291338593,-2.3558196306109727,123.35697864161858,76.70462041075398,-46.65235823086461,-1.9746202425077475,129.10679323607442,113.27094568078334,-15.835847555291082,-0.9729902479383681,114.0553449746136,107.21335488120306,-6.841990093410544,-0.25739455223083496,122.28079537427078,92.62540185195445,-29.65539352231633,-1.418815073913801,91.68218544461337,46.68058107013961,-45.00160437447376,-1.0773747455642884
exemplar,exemplar,exemplar/archive_7/e5202411-feb3-41a4-9ce2-8aae91934213.pt,5.763377400189224,12.03084446898441,6.267467068795186,0.06865472841276846,76.03689627411686,0.16797885029733287,-75.86891742381952,-0.549171297727443,166.66666666666666,40.0557888681434,-126.61087779852326,-0.37420066197713214,52.00988053539608,30.674488394655352,-21.335392140740726,-0.28380775451660156,26.291553718790087,89.20853136752748,62.9169776487374,0.38447928146987925,67.01949713942332,134.55067321703686,67.53117607761354,0.30223692358993903
exemplar,exemplar,exemplar/archive_7/e5971926-063f-47e9-8dea-8603b36fefb0.pt,37.611446493401864,61.97659077807548,24.36514428467362,0.43473891790400554,83.80648744577202,152.36404615220604,68.55755870643402,4.937518394156678,0.0,0.0,0.0,0.0,88.78864506713694,58.12345248670395,-30.665192580432993,-0.38870126008987427,132.3839893908373,9.121784303384906,-123.2622050874524,-3.8042885502682457,185.14311449915593,154.88021425288886,-30.262900246267066,-13.543689727783203
exemplar,exemplar,exemplar/archive_7/e6772d67-025c-4a44-a3cb-ad2edd876217.pt,62.93640711058976,100.11211510416109,37.17570799357133,1.0855693777319284,111.86122159141851,135.54249579835698,23.68127420693847,1.6310948910920515,14.346845612140887,86.1367315471286,71.78988593498772,1.264193058013916,106.11939029030597,121.16782696370497,15.048436673398996,0.40666985511779785,19.43683792324606,74.72317811579929,55.286340192553226,0.36648684785566255,110.60914789597199,87.71699380337674,-22.89215409259525,-0.6842279434204102
exemplar,exemplar,exemplar/archive_7/ee64c6c7-08da-4097-b1e2-cd3e1c2a24ca.pt,69.20202693808234,84.48293107459963,15.280904136517293,0.40438771373820753,57.84762993467928,90.81424847856934,32.96661854389006,0.8492677688598633,2.6250506073008957,44.058608149581644,41.43355754228075,0.449296514193217,154.66424028762017,131.3049817680274,-23.35925851959277,-1.500109314918518,86.49059048621726,87.7054648649252,1.2148743787079468,0.03806627267762158,36.28680350497953,60.18442665762304,23.89762315264351,0.4154617466877416
exemplar,exemplar,exemplar/archive_7/ef802978-0df4-4c53-bfd0-d8694fc82409.pt,25.119527417237794,42.53535240206562,17.415824984827825,0.25297402643364564,7.122009091700799,39.78491877081088,32.662909679110086,0.4278681959482321,53.32435581321307,98.74012490050389,45.41576908729082,0.2392467753092448,15.538984325514482,69.15037348818905,53.61138916267456,0.8557096123695374,94.66697834157934,59.773978063527096,-34.89300027805224,-0.9442346995462201,118.87505565646828,105.25539449191409,-13.619661164554188,-0.7051734145806761
exemplar,exemplar,exemplar/archive_7/f0191b40-1183-4e02-917a-c995a0961818.pt,127.745513259449,118.85485562165016,-8.890657637798839,-0.6063228767075225,158.2705750542715,144.88025944936788,-13.390315604903606,-2.3244307204704424,128.05799380379125,78.10987115052153,-49.94812265326972,-0.21802341728879696,129.83477823232423,163.72656656535807,33.891788333033844,2.663262128829956,68.50600084021059,10.374586252398133,-58.13141458781246,-0.9307891157336701,177.2824877321326,168.08394910968738,-9.198538622445227,-3.8060121536254883
exemplar,exemplar,exemplar/archive_7/f5d91fa2-4bd9-4ce1-95f7-1c8fbeb450bf.pt,100.41929157921442,57.478566239723094,-42.94072533949132,0.1380584654811273,60.24652245194747,91.71766902248034,31.471146570532866,1.2309223872616248,184.01948854433078,184.45360571620753,0.4341171718767498,0.0011740910290829285,170.1396812026187,178.39481282321728,8.255131620598576,2.5591840744018555,183.95487691304123,194.0148326557211,10.059955742679875,40.904517764136905,189.36806535810507,196.95777897068427,7.589713612579203,78.21698506673177
exemplar,exemplar,exemplar/archive_7/f8599b85-3c74-4dec-942f-c4366a19b875.pt,128.70722961583465,131.04170050564673,2.3344708898120814,0.1899210490225414,100.95403192413508,122.96988711379788,22.0158551896628,1.15390306240727,0.0,0.0,0.0,0.0,167.09985192868825,179.88502974392344,12.785177815235187,3.8638434410095215,174.4401594822852,158.39742473978117,-16.042734742504024,-5.846174240112305,92.63083846831098,129.5086489341463,36.87781046583531,1.461742877960205
exemplar,exemplar,exemplar/archive_7/fa3832de-c47d-4307-ab2c-808d6cfffe13.pt,87.22919258219228,35.31138788330596,-51.91780469888632,-1.1181495173331844,47.547356733551695,17.6440188890031,-29.903337844548595,-0.43024109642015324,36.11817250805977,49.3998737168635,13.281701208803732,0.21095199584960939,42.49279100167618,40.61417718671352,-1.8786138149626623,-0.02743840217590332,108.49680754895175,106.90063775383099,-1.5961697951207583,-0.07487355630228838,80.16901376785316,115.94401308743488,35.774999319581724,1.415191650390625
exemplar,exemplar,exemplar/archive_7/fa8033d6-2520-4702-a01a-334e1a833bce.pt,40.952613157933015,150.15610313116602,109.203489973233,5.509313784678711,25.014396166288265,126.44984470065921,101.43544853437095,3.2099449157714846,0.0,0.0,0.0,0.0,131.3049817680274,176.91671870668586,45.61173693865845,5.752860188484192,177.55312648223702,163.93598255366632,-13.617143928570698,-6.488163539341518,51.57677629179858,77.37420303759954,25.797426745800962,0.425220251083374
exemplar,exemplar,exemplar/archive_7/fd2e4a18-6f1e-4c1c-8e90-f773a8681953.pt,4.817031687298923,4.866918277422792,0.049886590123869645,0.0028456133134674047,66.56447382863145,33.1636270161491,-33.40084681248235,-0.21495645528663682,66.73768685934728,28.662662352533093,-38.07502450681419,-0.24886881510416667,16.85391276310823,88.4469644985988,71.59305173549058,1.3140839338302612,99.91548068123765,45.55362781578236,-54.36185286545529,-1.4059084870094476,149.8499854398158,73.44605463787629,-76.40393080193952,-4.796697808790577
exemplar,exemplar,exemplar/archive_7/ffa590cb-f91d-4ce6-96b6-8998bc414908.pt,58.42841816649132,35.142493482674936,-23.285924683816383,-0.15327699944794212,72.68467694929835,58.01625932940589,-14.668417619892459,-0.0833931164561395,54.13980844410599,42.76389129492643,-11.375917149179557,-0.07308418967507102,84.69178612303334,59.7931116229415,-24.898674500091836,-0.12792553901672363,40.01368097611411,13.05185291768181,-26.9618280584323,-0.21077726415184003,52.62776557278334,14.155952205849525,-38.471813366933816,-0.26338911385371766
exemplar,exemplar,exemplar/archive_8/003868ca-5c33-4008-ab9f-19082e656c4d.pt,26.478715257567128,24.051024498510337,-2.427690759056791,-0.01913704605288169,26.36941739407636,1.6348121617466262,-24.734605232329734,-0.21675782371089639,51.137400333765996,99.12693545667656,47.98953512291057,1.2527713012695312,107.26525058050827,136.27622774710352,29.010977166595254,1.4727859497070312,119.41734259279913,39.02537818916626,-80.39196440363287,-2.4759154366974783,77.58552981126846,11.804698198716547,-65.7808316125519,-1.1366449502798228
exemplar,exemplar,exemplar/archive_8/0525d3f5-0510-4d7f-beed-36b7f86e87ab.pt,114.45724367046078,125.36163310863385,10.90438943817307,0.6830798539959017,11.591775396632828,72.56732217320103,60.97554677656821,0.422770441794882,24.797531336370458,133.6326325801737,108.83510124380324,3.119987964630127,9.018979734856599,76.14163991072449,67.12266017586789,0.8512848019599915,175.3764416328198,83.02775189308804,-92.34868973973175,-12.724796056747437,6.849368111316793,123.51829772264296,116.66892961132616,0.6902522262261839
exemplar,exemplar,exemplar/archive_8/06a0021f-f643-4619-b35d-b55d0ed6533f.pt,46.914583316406535,61.85991412936071,14.945330812954175,0.2826304662406317,68.3944826767295,125.91612445679853,57.52164178006903,2.354511417754709,0.0,0.0,0.0,0.0,0.0,0.0,0.0,0.0,17.6974688047623,10.384609424674565,-7.312859380087733,-0.09483823776245118,148.82341845036242,150.0909736496902,1.2675551993277736,0.1488804817199707
exemplar,exemplar,exemplar/archive_8/07fa91f4-decd-4ae4-a910-ab5ce3eb16d8.pt,54.535293465082454,65.95159535321025,11.416301888127798,0.23413633092643432,56.99277985932294,108.77121760007192,51.778437740748984,1.5847918847991838,0.0,0.0,0.0,0.0,0.0,0.0,0.0,0.0,6.447798549930931,13.634633877744527,7.186835327813596,0.06064181857638889,150.0909736496902,151.32993252903708,1.2389588793468818,0.1530160903930664
exemplar,exemplar,exemplar/archive_8/08fb56d4-24b9-44a1-9d9f-fdd5672328bb.pt,50.22787768204815,54.051238591602065,3.8233609095539123,0.3392283886412997,34.855224559539145,72.59601175067702,37.740787191137876,0.84277359375,0.0,0.0,0.0,0.0,0.0,0.0,0.0,0.0,86.4484067254172,37.01859287706824,-49.429813848348964,-1.063123067220052,14.634192907536125,176.14978803622694,161.51559512869082,12.177870114644369
exemplar,exemplar,exemplar/archive_8/0d038597-90e3-432b-a320-3e453c569796.pt,67.82455006061636,104.15771619613133,36.33316613551497,1.146610213745521,85.90717182047703,113.11721346240195,27.210041641924917,1.081350615530303,14.346845612140887,86.1367315471286,71.78988593498772,1.264193058013916,107.1081632529896,121.16782696370497,14.05966371071537,0.3839935064315796,19.625857653139626,74.88732020279295,55.261462549653324,0.3657887776692708,110.60914789597199,87.71699380337674,-22.89215409259525,-0.6842279434204102
exemplar,exemplar,exemplar/archive_8/0d5f00fa-c983-4b6b-8e15-26c732b2f66d.pt,96.49305335640399,85.83834801114578,-10.654705345258208,-0.3605884002531063,77.02731875268442,51.76201133185974,-25.265307420824684,-0.5541400096682344,127.02318835368523,83.61306638063438,-43.41012197305085,-0.18637408007372608,127.1858092060135,161.5514946666878,34.3656854606743,2.4550453424453735,65.0718995438586,12.50392126460281,-52.5679782792558,-0.8296303837061808,178.16355895071618,175.09197406839215,-3.071584882324032,-1.6941919326782227
exemplar,exemplar,exemplar/archive_8/0e6b9d3a-0113-4a8f-bb5b-4497acac0040.pt,183.7032302315735,192.16167086339436,8.45844063182085,26.258210280845905,197.6432475015664,190.5486005281103,-7.0946469734560935,-95.55247688293457,0.0,0.0,0.0,0.0,129.08791974565136,140.61206204216268,11.524142296511314,0.5472933053970337,182.16462633097052,150.30422704889335,-31.860399282077168,-13.929042339324951,172.34118037756235,137.59142377262108,-34.74975660494127,-6.0394182205200195
exemplar,exemplar,exemplar/archive_8/1501345d-13a8-4ce2-a835-8245051df323.pt,64.60143049996273,148.72951123684447,84.12808073688174,4.844434432401002,63.3339218956936,168.68908976827692,105.35516787258331,9.789637247721354,61.89343210686604,144.76338211037003,82.86995000350399,3.983153978983561,0.0,144.414860379958,144.414860379958,2.598083972930908,96.45374796819308,111.10091307069658,14.647165102503493,0.6268322106563684,13.661895769308234,116.68092849997673,103.0190327306685,2.0047037303447723
exemplar,exemplar,exemplar/archive_8/192e8fa9-c294-435e-93a0-a17fa8460049.pt,29.27749488908459,33.8785511068686,4.601056217784009,0.15247641700827275,87.47019706206227,1.711899720026833,-85.75829734203543,-0.5915466628820173,94.22889381461245,22.829210597078756,-71.39968321753369,-0.4339225828185562,152.89035052250406,183.550559499283,30.660208976778932,7.913053512573242,5.568435620605817,16.028253737188585,10.459818116582767,0.11690704250632789,12.846312480255678,61.599675913485996,48.75336343323032,0.7499675898588904
exemplar,exemplar,exemplar/archive_8/1c73539a-f16c-4932-8c66-11f6353a305b.pt,6.521041121469221,29.631105220961114,23.110064099491893,0.2803914415129497,28.933628423391102,57.3386121876528,28.404983764261697,0.5509762700129933,78.83958935023242,57.957151080779255,-20.88243826945316,-0.44491036732991535,140.58859684356062,135.4849368524879,-5.103659991072732,-0.017270914713541665,83.02374147106659,43.61489114875634,-39.40885032231024,-0.2284146735309891,58.859286109920255,151.9179763556697,93.05869024574946,4.799432992935181
exemplar,exemplar,exemplar/archive_8/22b44d40-7eb6-48e9-bc4b-d6bdb2a9ab68.pt,89.97123496586407,114.39977540280199,24.428540436937922,1.037317160455834,58.81747961177432,60.36172702200201,1.5442474102276904,0.03132824460959428,133.33333333333334,80.25785917140904,-53.075474161924305,0.45042626063028973,85.98151860123545,64.58025747581021,-21.401261125425236,-0.41581809520721436,91.89460976534153,52.12967600036949,-39.764933764972035,-0.9940670788059747,48.66191171988836,0.7698547938480048,-47.892056926040354,-0.6337735665276878
exemplar,exemplar,exemplar/archive_8/27b4a211-bfe1-4ec6-8f3b-306ac0a7ddab.pt,66.69386546261737,8.897123829314282,-57.796741633303085,-0.9074702446162514,7.674103755681762,36.15452394882142,28.480420193139658,0.23228433992185807,64.56056738500645,67.84958972337596,3.289022338369506,0.07235586643218994,37.91380030898626,17.11405216537298,-20.799748143613282,-0.2572782834370931,25.099601495221584,38.72606899512167,13.626467499900087,0.19314674003382284,60.09537191375349,36.223049024040044,-23.872322889713445,-0.4154501968289014
exemplar,exemplar,exemplar/archive_8/2852d2c6-d29c-415b-b0df-84a3d97004b5.pt,25.72067361500234,43.11835200294377,17.397678387941433,0.25452446027484765,14.131536777625778,32.98827881118672,18.85674203356094,0.26304957916108174,53.32435581321307,98.74012490050389,45.41576908729082,0.2392467753092448,1.1176079089165045,81.42516611386351,80.307558204947,1.264977182660784,92.91663009076751,57.60927253534254,-35.30735755542497,-0.9255585252192983,118.21313199947244,104.51561981830548,-13.697512181166957,-0.6980504507970329
exemplar,exemplar,exemplar/archive_8/28936d19-4058-4ceb-8a3d-33ba8c56dc61.pt,2.1824949627595975,23.721249873276907,21.53875491051731,0.2475382884454368,4.141214613063236,105.35059258046611,101.20937796740287,2.183267023063735,15.750484821680852,164.52211007262204,148.77162525094118,7.9657012820243835,23.19204593301274,147.37064707913623,124.1786011461235,4.003484845161438,184.12107205427367,115.41811500292236,-68.7029570513513,-20.28807016146385,29.666835286416774,49.74515552627972,20.078320239862943,0.04933357238769531
exemplar,exemplar,exemplar/archive_8/2a08a6c6-975c-4d46-a13a-fa42a05a39a5.pt,40.53559680484703,21.611055620391024,-18.924541184456007,-0.09474690227176875,91.32527841237346,17.219985169750046,-74.10529324262342,-0.46839235836464305,134.58346087367687,52.9648410040072,-81.61861986966967,-0.3842359735060108,71.47108909723595,123.21943320644407,51.74834410920812,1.7479260762532551,16.12936414610553,49.108989228204805,32.979625082099275,0.24497987360148207,97.50163192117577,79.90735516866134,-17.594276752514432,-0.0844725967035061
exemplar,exemplar,exemplar/archive_8/2a637d25-3330-4563-909a-366c07a7a39d.pt,112.69120475222628,123.9043869812397,11.213182229013412,0.6750381041007123,31.162029161708226,88.21486579359997,57.05283663189174,0.34244391224371695,25.318523827779213,130.1294028279382,104.81087900015899,2.8624888261159263,6.945336979247974,75.62047362805447,68.6751366488065,0.8580085039138794,172.29225110216464,74.05162282313879,-98.24062827902586,-11.1844059712178,25.125330333510266,126.9319743123607,101.80664397885043,0.5485221928563612
exemplar,exemplar,exemplar/archive_8/2b6c3ab1-6583-488f-b31a-b7cf81eccb86.pt,28.362911929556912,26.60263015699136,-1.760281772565552,-0.01360653669832172,19.79973238649822,3.2587030387872282,-16.541029347710992,-0.1470322656544781,52.00293481106232,103.24388070116659,51.24094589010427,1.40272216796875,107.1094918994673,136.72710025961027,29.617608360142967,1.5117576122283936,122.30273126312765,38.108340016345224,-84.19439124678243,-2.6739476783988403,82.0292615345191,5.408440071180856,-76.62082146333825,-1.328272060472138
exemplar,exemplar,exemplar/archive_8/2d58b75c-bc27-4be2-bb90-c0030d4282b5.pt,103.61849948229948,88.4515752836813,-15.16692419861819,-0.5640339401533019,173.4551559009986,120.88328490887146,-52.57187099212713,-9.947998443207183,15.082104825063773,32.13605810071281,17.053953275649036,0.2014466921488444,132.38738142403793,107.59863527304122,-24.7887461509967,-0.7935575246810913,5.448757417284334,86.414540552188,80.96578313490366,0.5498601556500325,182.56682620194283,148.82341845036242,-33.743407751580406,-11.346514225006104
exemplar,exemplar,exemplar/archive_8/2d91c057-de88-473c-95fa-d090c5414454.pt,114.47551743287035,100.45687154789222,-14.018645884978127,-0.6583066193953805,187.47832802239688,159.67790714041163,-27.800420881985247,-21.690791274562027,11.389253711305846,43.21902977915718,31.829776067851334,0.39468010266621906,134.5012779835851,110.01241530551269,-24.488862678072422,-0.8309658765792847,3.6900747727876415,87.42259532112162,83.73252054833398,0.5715438697451637,182.0972215171532,137.59142377262108,-44.50579774453212,-11.950143814086914
exemplar,exemplar,exemplar/archive_8/2df01bfc-cf3f-4943-8909-72dec9ea3eec.pt,0.48081292127492925,21.859200683412418,21.37838776213749,0.1922304166170162,68.85237033886241,71.20650544899492,2.3541351101325034,0.012914322812956326,98.06455901633562,114.69300112975107,16.628442113415446,0.7301268144087358,58.32921656687831,56.56021862550601,-1.768997941372298,-0.030468106269836426,16.06725648510067,20.478844414634594,4.411587929533923,0.037035963270399305,42.74524971674986,75.8369273975743,33.09167768082444,0.19758943883384147
exemplar,exemplar,exemplar/archive_8/2e377332-e9e3-4c4a-a9a1-90fc693fc924.pt,14.720376543388836,6.22245884608813,-8.497917697300707,-0.09467320160224645,17.715155393192834,11.394538042198036,-6.320617350994798,-0.054932026638426265,89.50329364081709,149.0177906736201,59.51449703280302,4.014563941955567,24.856225344788445,80.65754802896258,55.80132268417414,0.9610751152038575,3.439564530846883,53.497187574373676,50.057623043526796,0.38818897401666363,30.58285422902166,84.88674372395629,54.30388949493462,0.33050632383765244
exemplar,exemplar,exemplar/archive_8/2f2e6cd5-4039-4a53-9aa3-257909a8c23e.pt,84.41686643498996,95.69219150376439,11.275325068774436,1.2410505690016187,1.1034955419797088,141.42776519061908,140.3242696486394,4.816531532689145,0.0,0.0,0.0,0.0,146.86070100275737,179.34547735179558,32.48477634903821,5.919416427612305,188.10358044251888,186.3773922922222,-1.7261881502966787,-4.159165155319941,192.6552845393605,190.19023410682385,-2.465050432536657,-11.40436045328776
exemplar,exemplar,exemplar/archive_8/3281ae49-c6df-4b1d-a065-814367f78760.pt,131.3701175845927,134.130064127211,2.7599465426183087,0.24418264962398162,106.51683851470008,129.58192464439833,23.065086129698244,1.4010604304970855,0.0,0.0,0.0,0.0,166.77165239551576,179.1808077836891,12.409155388173332,3.5875635147094727,168.36572770656156,149.91451246236835,-18.451215244193207,-4.541714477539062,51.092824539884795,103.67337489883452,52.58055035894973,1.2219175497690837
exemplar,exemplar,exemplar/archive_8/3334be03-f9b4-45f6-a7a6-5218720b7aee.pt,160.68929420741122,173.75551281789018,13.066218610478955,5.058835833260183,161.77840256535544,165.8642574746332,4.085854909277771,1.250554791320598,0.0,0.0,0.0,0.0,164.75002739784972,152.7029292232143,-12.047098174635408,-1.445171594619751,184.14875395344393,168.441040786371,-15.707713167072939,-12.229395816200658,132.8453920718689,156.00977825249186,23.164386180622955,2.3523941040039062
exemplar,exemplar,exemplar/archive_8/338d6b4c-68d9-4814-9795-d1e3329dc978.pt,22.839260221690633,88.21490983124943,65.37564960955879,1.3202396053148793,46.90403011762847,114.13539657550506,67.23136645787659,2.045227082389306,83.40956539336047,98.78096660220218,15.371401208841718,0.4775950113932292,107.59863527304122,160.59846906931574,52.999833796274515,2.9114747047424316,156.74174906389558,126.38827991109466,-30.353469152800926,-3.767482212611607,81.88881489539683,150.11711214134004,68.22829724594321,4.053124666213989
exemplar,exemplar,exemplar/archive_8/33ecb6e8-a184-4169-8078-7a143527b572.pt,96.68520200233907,45.895925104796476,-50.78927689754259,-1.2759148115110146,71.19800600269744,30.44150656440112,-40.756499438296316,-0.7464248906579467,81.36983568272736,120.0207178639351,38.65088218120775,1.5389453040228949,91.17784003824534,83.26204874338505,-7.915791294860284,-0.20770343144734701,144.8838676142953,133.37636262733284,-11.50750498696246,-1.2516516040185255,132.24112989163893,124.27771684329485,-7.96341304834408,-0.6176251283625966
exemplar,exemplar,exemplar/archive_8/38acced5-01d9-4586-8c84-adf32edc926e.pt,25.430331375171427,31.00505278999342,5.574721414821994,0.14131596513860553,175.04459693925847,134.12378203741,-40.92081490184847,-0.13059875972520157,43.62327892664757,123.35597236536354,79.73269343871597,2.4392563501993814,54.67946041681369,28.295083110782663,-26.384377306031027,-0.08318354686101277,102.07355793345559,29.36456395579154,-72.70899397766405,-0.4193754677460572,40.69995915216801,110.60914789597199,69.90918874380398,1.6024130880832672
exemplar,exemplar,exemplar/archive_8/3a96c8fa-fcf1-4ef6-804d-5614c5128de0.pt,2.075460636069523,23.826783752885163,21.75132311681564,0.24994543073341094,0.28414445760902496,102.11552133110044,101.83137687349141,2.083093990496735,15.750484821680852,164.52211007262204,148.77162525094118,7.9657012820243835,23.19204593301274,147.37064707913623,124.1786011461235,4.003484845161438,183.0812567255722,110.92265782562447,-72.15859889994772,-18.99993872264075,19.15168055373564,59.62092823358614,40.4692476798505,0.2444002151489258
exemplar,exemplar,exemplar/archive_8/3c5035df-6661-456d-accc-48b8b31fe37b.pt,28.03600152688816,26.127022687276426,-1.9089788396117342,0.054637795232700015,83.30515199157641,144.85432710431365,61.549175112737245,3.8248123804409184,45.637537277134314,125.36436870377267,79.72683142663836,2.5373946825663247,45.41597904414128,107.83163374058222,62.41565469644094,1.6414746046066284,172.85054936893548,144.21044242924444,-28.640106939691037,-7.473421369280134,71.91929657538553,110.4077495135093,38.48845293812377,1.2671053144666884
exemplar,exemplar,exemplar/archive_8/3d1417ac-8461-4799-b2ce-87d3b34f43c5.pt,81.8634517963151,159.36580937716968,77.50235758085458,6.449426691582862,106.36593436761291,156.3901578749003,50.02422350728739,4.892151892779277,0.0,0.0,0.0,0.0,147.42037205100155,160.52016977543875,13.099797724437195,1.2621233463287354,185.8777597861238,186.54321752262172,0.6654577364979275,1.3638096859580593,191.9939733279039,194.4831061822754,2.489132854371519,16.906654357910156
exemplar,exemplar,exemplar/archive_8/3e219a3b-1ca4-4412-897d-77f126ddea06.pt,82.27178573385713,45.166145959068324,-37.105639774788806,-0.21447095642070416,143.23912809202642,140.14486376877244,-3.094264323253981,-0.36423638676385683,0.0,0.0,0.0,0.0,140.61206204216268,151.4342558785736,10.822193836410918,0.7504417896270752,147.62641508995316,69.22279559639924,-78.40361949355392,-4.551217688135354,193.00659526641172,181.85784676467622,-11.148748501735497,-26.361485481262207
exemplar,exemplar,exemplar/archive_8/474ac294-b27a-463a-85ee-edf09e70bd9a.pt,24.890808241258227,10.40524150849289,-14.485566732765337,-0.18538033981360752,6.320160592935443,6.320160592935443,0.0,0.0,143.88057071335564,129.64751125296922,-14.233059460386414,-1.369900894165039,94.07905433037536,117.18640900409521,23.107354673719854,0.8781030972798666,76.15381694221746,101.70410562653596,25.550288684318502,-0.555489050703196,38.42310884025058,174.6367278848403,136.21361904458973,0.609848457624195
exemplar,exemplar,exemplar/archive_8/48f20022-6005-4e32-9dc4-7e3c74af0b20.pt,65.5167861466209,148.78601907723362,83.26923293061272,4.8329103759138015,63.3339218956936,168.03044256837205,104.69652067267845,9.528007144019718,61.89343210686604,144.76338211037003,82.86995000350399,3.983153978983561,0.0,144.26752889384312,144.26752889384312,2.5885722637176514,96.45374796819308,111.10091307069658,14.647165102503493,0.6268322106563684,13.661895769308234,116.68092849997673,103.0190327306685,2.0047037303447723
exemplar,exemplar,exemplar/archive_8/49308014-75a6-4beb-b4a9-e70ceb7429d9.pt,79.31812285583383,144.94873307317238,65.63061021733854,3.948922181740785,42.7586989739798,139.52753083435886,96.76883186037907,4.042837691633669,12.333142173414185,134.78187167522478,122.44872950181059,3.6823381582895913,115.10310788860954,163.09706019089597,47.99395230228643,3.0638235807418823,171.1785346829527,110.48536234733187,-60.693172335620815,-9.262970685958862,126.02909805072406,124.2345699187402,-1.7945281319838529,-0.09605932235717773
exemplar,exemplar,exemplar/archive_8/4b914d74-4121-402f-8d2d-281c14bfc12e.pt,116.50729880197326,111.97509455997218,-4.532204242001086,-0.2466318132822039,98.73536686978825,64.55278953378205,-34.182577336006204,-0.9967293077227111,133.33333333333334,78.47596142479593,-54.85737190853742,0.4096082051595052,46.716738006070365,8.723596625935437,-37.99314138013493,-0.4319443702697754,108.51805509013629,96.36734118195257,-12.150713908183718,-0.5118812630604104,79.44611990950011,84.58255802913266,5.136438119632544,0.14690108151779963
exemplar,exemplar,exemplar/archive_8/4bad1f48-7ce0-4082-b052-8a22cb27af92.pt,69.42016631058392,83.20811898652582,13.787952675941895,0.36150347855839415,56.889999795590725,85.4213076441759,28.531307848585172,0.6957376477251495,133.33333333333334,32.02459648075786,-101.30873685257549,-0.34891581535339355,157.51103630101724,132.38738142403793,-25.123654876979316,-1.7490769624710083,81.7636477146604,61.769628207599006,-19.994019507061388,-0.4888655271566691,26.523009609234062,19.75457654395494,-6.7684330652791225,-0.08636055585633906
exemplar,exemplar,exemplar/archive_8/4e92365b-94f4-4dbd-bc73-3a10982d4159.pt,8.865055678409341,140.0625205083382,131.19746482992886,4.588275074649661,119.482031085715,122.56796098151159,3.085929895796596,2.415578759857235,18.14455627227473,41.74529628445188,23.600740012177152,0.3605859929865057,132.0284850338188,181.90593875315156,49.87745371933275,8.110941410064697,163.34517232603957,155.31081598527618,-8.034356340763395,-1.9005932807922363,17.444387599794116,71.94358191459881,54.4991943148047,0.722380518913269
exemplar,exemplar,exemplar/archive_8/4fe45cd4-eb12-4821-990b-6fa05cbb52d4.pt,53.82582413799088,54.24160066315288,0.41577652516200203,0.002577129102782866,41.293815198351446,59.26852391580119,17.974708717449744,0.11492736494950395,7.762971639330893,7.921044847664946,0.15807320833405303,0.007690031137039412,0.0,0.0,0.0,0.0,4.662515526577078,0.335047657573333,-4.327467869003745,-0.04217293791448955,37.0575158278512,42.993668742380216,5.936152914529018,0.09231501753612231
exemplar,exemplar,exemplar/archive_8/52f4b10d-442b-4bfa-8006-c3ee298fd480.pt,71.03084766234618,132.02533013397894,60.994482471632764,2.7814081656086294,86.72168238287838,134.45024849894043,47.72856611606204,2.563318056048769,13.190512079095912,118.25271395073166,105.06220187163575,2.4079211950302124,98.8969745895217,149.73397128452632,50.836996695004615,2.00065016746521,165.21362158946596,114.28332603467283,-50.93029555479313,-6.710213252476284,153.7240434678546,137.59142377262108,-16.13261969523353,-1.675816535949707
exemplar,exemplar,exemplar/archive_8/53ef6ba7-4a51-4f68-bdeb-53ca70c759ec.pt,38.26639134737953,35.82992857404615,-2.436462773333382,-0.036704327925400855,19.392522710427862,69.77622563210107,50.38370292167321,0.34049712670364296,74.49478609294216,139.30091610128483,64.80613000834266,0.27724924013596175,48.146748448932286,71.87407763217811,23.72732918324583,0.6604903221130372,24.217798668196043,6.321312655068248,-17.896486013127795,-0.15449023637615267,56.91285988064619,38.258614429429336,-18.654245451216852,-0.30629472732543944
exemplar,exemplar,exemplar/archive_8/545dbf0e-4980-4d93-b562-e7acd205b038.pt,8.544404480422564,1.5970542531321552,-6.947350227290409,-0.06609796121573025,149.5563565831478,60.56260133125995,-88.99375525188785,-5.059211990748784,53.179742144091215,70.63272985196268,17.452987707871465,0.33692312240600586,19.539876387321105,0.4203265572854294,-19.119549830035677,-0.17696809768676758,67.14215178167397,70.47244186460004,3.3302900829260693,-0.48919091490055544,58.777001529772264,41.594387095844596,-17.182614433927668,-0.48088999355540557
exemplar,exemplar,exemplar/archive_8/58aa5604-113a-4a91-9d13-adb633c26b05.pt,43.219918647477,58.00942535071096,14.789506703233961,0.09427017332846496,77.96835334931555,91.95865339059596,13.990300041280406,0.06895499809571339,79.76183445946914,51.15880909908935,-28.60302536037979,-0.5936381476266044,5.768739302271103,26.357164249792884,20.58842494752178,0.21657031774520874,90.82986722361514,96.57945038142856,5.749583157813419,0.026661423454336773,41.92208295391576,53.54735045579331,11.625267501877545,0.07578109941210485
exemplar,exemplar,exemplar/archive_8/58f0c6aa-0c35-4424-8ffc-fe3186b4188b.pt,37.350553609364226,84.23990029437272,46.88934668500849,0.9959688690001771,46.64720794207172,109.28575085611304,62.638542914041324,1.8006102354893028,75.62237049002793,131.50487610368586,55.882505613657926,2.295841932296753,115.55136542075033,161.6531400318693,46.10177461111897,2.847247362136841,161.37355416137873,128.5232886387806,-32.850265522598136,-4.693268669976129,72.94644199183487,153.68212150810152,80.73567951626664,4.573079586029053
exemplar,exemplar,exemplar/archive_8/59802b19-14b5-43e9-8484-bc2bc8643867.pt,20.338315803973952,49.47058574982327,29.13226994584932,0.4726674247927648,176.4313042937991,19.06437603303999,-157.3669282607591,-0.7265503626353232,29.691953182893283,146.93833838571382,117.24638520282053,4.757237990697225,47.400828007188615,123.21943320644407,75.81860519925544,2.355384190877279,116.88443787384067,116.88443787384067,0.0,0.0,32.84923205178308,136.04329100968644,103.19405895790337,2.9790602028369904
exemplar,exemplar,exemplar/archive_8/5a5dd55d-b494-43b4-9c8a-7ab85eec7a30.pt,112.27513935621899,61.24316019178901,-51.03197916442998,-1.6768278745653833,93.2631177656756,46.00488801336694,-47.258229752308665,-1.149962927061741,72.97134089984316,72.56298165210089,-0.4083592477422684,-0.009529749552408854,88.2197007532604,56.31627312659883,-31.903427626661568,-0.6621299584706625,144.47283489699197,144.47283489699197,0.0,0.0,123.32633587670574,147.31373724815168,23.98740137144594,2.3629534219958117
exemplar,exemplar,exemplar/archive_8/5a6a8273-3d99-463f-9f6e-6a42b8949142.pt,4.6744674700438935,13.470556665509108,8.796089195465214,0.09875459453797517,80.57891380071628,99.8864936848652,19.30757988414892,0.09178353643914978,117.51050603781707,101.27879015188616,-16.23171588593091,-0.06761003834332606,29.765319583066976,89.48843170080276,59.72311211773579,1.224393606185913,151.32357574234493,10.047482061011012,-141.27609368133392,-6.101883426789315,21.578950573567568,92.8883653093886,71.30941473582104,1.4179069519042968
exemplar,exemplar,exemplar/archive_8/5a709840-e14a-448f-8a6f-2b3f709955d0.pt,27.899162611151795,41.69205118389518,13.792888572743387,0.28187719378667225,116.32213696280137,133.9679957273669,17.645858764565546,3.3201691383539242,29.856284081869873,149.4503776166797,119.59409353480983,5.098557631174724,45.41597904414128,124.41592921374621,78.99995016960493,2.4350050687789917,127.8211530766669,125.4190978225673,-2.402055254099608,-0.1757821747750947,28.959149757353554,127.78694388226371,98.82779412491016,2.464650809764862
exemplar,exemplar,exemplar/archive_8/5a9ac618-4211-4a51-bd33-21d5088353b3.pt,89.49906711128189,34.403582127458726,-55.09548498382316,-1.2043164694579287,49.86183367248702,17.002457117752193,-32.85937655473483,-0.47837523692890904,53.72747902658197,110.48618576854331,56.75870674196134,1.6992831420898438,48.594727892261496,72.74327238192411,24.14854448966262,0.45955832799275714,113.77205260980385,77.23158924927228,-36.540463360531575,-1.3793221662144461,96.95786607934906,68.65138083019664,-28.306485249152416,-0.8333338064740795
exemplar,exemplar,exemplar/archive_8/5b827123-080c-4024-89ce-9be684530b16.pt,62.22570198705011,98.17956774062415,35.95386575357404,1.4537402423193766,34.72581505110451,141.438383969602,106.71256891849748,4.408887902637123,0.0,0.0,0.0,0.0,148.38565500858516,176.54717721226314,28.161522203677976,4.652866363525391,188.07045042945956,190.6010543287889,2.53060389932935,8.762257295496324,194.44555370328555,195.56056433182778,1.1150106285422225,13.565372467041016
exemplar,exemplar,exemplar/archive_8/5e5fb9da-f6da-43da-9528-2e8ee36a0350.pt,95.10845274230299,117.25349967292927,22.14504693062628,1.0204771188705988,74.18661712650007,17.96682870148398,-56.21978842501609,-0.9816034698486328,47.963672838638004,105.40394369754911,57.440270858911106,1.3312966028849285,33.56853422030387,70.85724478681135,37.28871056650748,0.5204669237136841,155.09431376579644,112.77931885460495,-42.31499491119149,-4.274516893469769,107.70892937513695,11.280134182427787,-96.42879519270916,-2.1293943111713114
exemplar,exemplar,exemplar/archive_8/659b2bdc-86e1-4dca-958a-70248c425af1.pt,24.745334574449792,9.154432568874421,-15.590902005575371,-0.12427056036439418,142.02006946958386,14.010779507006035,-128.00928996257784,-0.6797779997035532,120.91715442103498,108.63430432848043,-12.282850092554554,-0.04959250845560213,61.784603589088896,136.72710025961027,74.94249667052136,2.5708411931991577,97.37984883613929,142.06234044533514,44.68249160919585,2.964351018269857,32.84923205178308,161.2760723599332,128.42684030815013,6.035535365343094
exemplar,exemplar,exemplar/archive_8/67607642-04f3-43e9-8904-9b6ec2b55aa5.pt,95.07162249392888,85.07590715600607,-9.995715337922817,0.8360789370057523,17.210494107280297,131.9325071494796,114.7220130421993,3.7169564224090306,0.0,0.0,0.0,0.0,146.71985656815636,179.7246601516354,33.00480358347903,6.1104559898376465,190.46245298232685,188.18562358260291,-2.276829399723937,-7.844730152803309,195.59063417938054,193.3752395839274,-2.215394595453148,-22.752338409423828
exemplar,exemplar,exemplar/archive_8/6c00e2d7-067e-45c7-8ea5-c0c0d2f72afa.pt,37.52041229779393,37.14165205224642,-0.378760245547511,-0.005725417567254622,6.074261426775541,44.02952011005231,37.95525868327677,0.2981983521869956,72.89790289585629,131.72397093650093,58.82606804064464,0.2589203442714011,76.22681318396289,43.590916596014885,-32.635896587948004,0.005090032305036273,13.22015533414659,3.231737294217202,-9.988418039929387,-0.09204064345941311,82.73697803166986,55.279753618115514,-27.45722441355435,-0.6009544645036969
exemplar,exemplar,exemplar/archive_8/6e5708db-cac5-49ff-96e7-8581813c1015.pt,80.96003854946434,4.729545892224293,-76.23049265724005,-1.314007090946746,174.8863231224837,135.08391403326144,-39.802409089222266,-9.76483434188343,109.34430413965454,148.21107260870343,38.86676846904889,0.14431678197856507,0.0,0.0,0.0,0.0,14.074779694131797,58.67685998135715,44.60208028722535,0.3202343216861587,69.16334923996351,92.63083846831098,23.467489228347475,0.5011628866195679
exemplar,exemplar,exemplar/archive_8/7404feb8-082e-4c7c-a0a7-f77188714a3c.pt,113.46293724957815,124.46356290694789,11.000625657369739,0.6730933091104663,40.388499604166086,95.72990197551324,55.34140237134716,0.3113126474942881,25.318523827779213,130.26695081905288,104.94842699127366,2.8718990484873452,6.945336979247974,75.62047362805447,68.6751366488065,0.8580085039138794,170.5461626616738,68.30459421256585,-102.24156844910796,-10.476532175571103,33.28443814530898,131.78048328746183,98.49604514215285,0.5049886854868086
exemplar,exemplar,exemplar/archive_8/75b604b7-40c4-4e7e-8f8e-bcab114aae41.pt,30.994567250032265,38.76367094140271,7.769103691370443,0.2124686256446177,116.32213696280137,133.9679957273669,17.645858764565546,3.3201691383539242,31.109366384992803,149.4503776166797,118.3410112316869,5.082568327585856,44.75448452075101,124.41592921374621,79.6614446929952,2.4386759599049888,127.8211530766669,125.4190978225673,-2.402055254099608,-0.1757821747750947,28.959149757353554,127.78694388226371,98.82779412491016,2.464650809764862
exemplar,exemplar,exemplar/archive_8/7754ba9d-b1c8-4e1f-bcbc-934c0c6c403b.pt,76.93505388263523,83.7059863691791,6.77093248654387,0.18919807620336251,63.939274498649816,65.96812523674133,2.0288507380915135,0.011537828632429534,0.0,0.0,0.0,0.0,0.0,0.0,0.0,0.0,2.3495344118862453,68.07158540867817,65.72205099679194,0.48160972595214846,6.1869757226165225,48.49625187243832,42.3092761498218,0.43513908982276917
exemplar,exemplar,exemplar/archive_8/79f0321a-6162-476a-b84e-618f7e180e93.pt,10.035543007182836,36.63577396340044,26.6002309562176,0.3529471971940568,137.20829607326903,48.45976759868575,-88.74852847458328,-0.17420281580831123,1.7955917938602133,163.9167694264089,162.1211776325487,7.933942914009094,26.217014881742667,146.86006365856682,120.64304877682414,3.9716317653656006,174.9214765470498,131.93861825202112,-42.98285829502868,-9.967928886413574,0.07732327889016861,49.70296521078645,49.62564193189628,0.635214952322153
exemplar,exemplar,exemplar/archive_8/809a380c-ee64-471d-8a71-c822d2c25046.pt,164.76102174346735,187.69080607412306,22.929784330655707,21.019105457124255,109.5041697924653,55.747501699300955,-53.75666809316435,0.05986316998799642,0.0,0.0,0.0,0.0,160.2580443675309,164.95354215965455,4.695497792123632,0.6742458343505859,172.90284701481738,156.0085741751994,-16.89427283961797,-5.502281637752757,17.444387599794116,15.446778526041888,-1.997609073752228,0.005210459232330322
exemplar,exemplar,exemplar/archive_8/80eb954e-2e62-43eb-a933-7b0eb4b54fcb.pt,0.5666471998897311,21.77438719214958,21.207739992259846,0.19067809086084342,68.73954350133354,71.21809676506888,2.4785532637353356,0.013601983508096629,98.06455901633562,114.69300112975107,16.628442113415446,0.7301268144087358,58.52500236834667,56.56021862550601,-1.964783742840659,-0.03388702869415283,16.090523479540103,20.478844414634594,4.388320935094491,0.036836666531032985,42.74524971674986,75.8369273975743,33.09167768082444,0.19758943883384147
exemplar,exemplar,exemplar/archive_8/81df1b5d-fdd2-4beb-9f2e-15b526ade34c.pt,19.937676447427958,8.728813898686777,-11.20886254874118,-0.13017892162833755,5.809193683261208,60.064252675702264,54.25505899244106,0.4020724207157998,113.79887185939748,99.89383685543069,-13.905035003966788,-0.05887441117634145,60.7348098324835,46.03227424952965,-14.70253558295385,0.1238183081150055,170.59841763685185,8.040482457484528,-162.55793517936732,-11.501209624826092,40.89597403393644,5.742151667848423,-35.153822366088015,-0.45062185923258463
exemplar,exemplar,exemplar/archive_8/83ad2e4b-931f-4e24-8e7e-c1a8d6f5efa1.pt,44.21870644266544,82.75335700192309,38.53465055925765,0.8435916484433785,25.584659735552766,88.16593620449432,62.58127646894155,1.2828497987319194,10.398226281890214,63.241968591232876,52.84374230934266,0.6883588631947836,152.38890158350483,139.01906613756384,-13.369835445940993,-0.920987606048584,85.01901484053167,82.96102623471846,-2.0579886058132075,-0.06107843572443182,38.276524561841825,40.91697400289554,2.6404494410537183,0.040841014114851804
exemplar,exemplar,exemplar/archive_8/84bdd7c0-fe9e-42b7-b90a-589f050e2299.pt,10.56336149691836,9.380502260588328,-1.1828592363300316,-0.0219209887392755,60.76546295946972,62.80919652513693,2.0437335656672104,0.011928556020177884,81.71258798192241,57.031506560615064,-24.681081421307347,-0.5572395324707031,52.78574683430566,29.877692676434634,-22.908054157871028,-0.32014381885528564,23.655394438695822,10.129518590756726,-13.525875847939096,-0.10481686062282985,54.84635461285362,13.334729687573576,-41.51162492528004,-0.30526557736280485
exemplar,exemplar,exemplar/archive_8/8ebcea55-5c0f-470d-a347-bec8b2537548.pt,78.64388696094312,6.585710585273078,-72.05817637567004,-1.2323211726376908,89.24250990843775,8.923334085754442,-80.3191758226833,-1.5260457951910948,106.32141662387839,149.5796713705596,43.2582547466812,0.16157283509176884,0.0,0.0,0.0,0.0,22.150873280463596,73.13150043006601,50.98062714960241,0.3342149522569444,69.16334923996351,92.63083846831098,23.467489228347475,0.5011628866195679
exemplar,exemplar,exemplar/archive_8/919d79d3-5e05-4ed8-8f0f-79aa6a02b228.pt,69.48226830351332,3.7589450902958883,-65.72332321321744,-0.47877196097656743,132.034584747801,101.81580611516888,-30.218778632632123,-0.12061155249663698,124.51400580380967,100.84915473837594,-23.664851065433723,-0.0969367820991121,1.166867737149515,60.080692294841256,58.91382455769174,0.7058778603871664,113.44002248099838,49.35848650248892,-64.08153597850946,-0.0684641900463639,35.75738103307542,142.0384994559421,106.28111842286667,3.3492833375930786
exemplar,exemplar,exemplar/archive_8/93d38284-483f-430b-a824-7787f5abc8a2.pt,132.79974505661437,136.23813176138898,3.438386704774615,0.3208603643035303,90.21662783853138,108.0777916196448,17.86116378111342,0.7074782799030173,68.58399501643021,71.0213625304494,2.4373675140191864,0.01333042360701651,99.43079654675086,145.00029373012077,45.56949718336992,1.647702693939209,62.4255860493561,1.4881204899207852,-60.93746555943531,-0.4601365543379555,2.4966581903555123,114.6963901060408,112.19973191568528,1.9983559250831604
exemplar,exemplar,exemplar/archive_8/93e021b2-e8de-488c-b1d3-c7fa3f73fc1a.pt,84.26857961018834,95.8312049272164,11.562625317028065,1.2469008407868203,6.232549377831086,138.81565152201654,132.58310214418546,4.475704956054687,0.0,0.0,0.0,0.0,146.86070100275737,179.34547735179558,32.48477634903821,5.919416427612305,188.10358044251888,186.3773922922222,-1.7261881502966787,-4.159165155319941,192.6552845393605,190.19023410682385,-2.465050432536657,-11.40436045328776
exemplar,exemplar,exemplar/archive_8/a0143020-34b4-4013-8aed-0ffadd30a635.pt,24.439039647311816,36.5035372336506,12.064497586338781,0.22875476675405715,120.65487380412245,36.642350812500716,-84.01252299162172,-0.4428594093493225,86.44967714287873,66.11770153140388,-20.331975611474846,-0.10666151080485725,11.023363136885992,112.68966290558917,101.66629976870318,2.2291953563690186,22.222749075166323,24.582311323762315,2.359562248595992,0.08013717849533279,41.54200080520288,70.79869046066496,29.256689655462075,0.7143720149993896
exemplar,exemplar,exemplar/archive_8/a09e7331-41b0-4a08-8b54-54c002ead872.pt,50.873759028533016,43.248240431448615,-7.625518597084401,-0.13048445448270646,15.86000321292545,21.305665449096608,5.445662236171158,0.0915114692358398,24.777191260105226,71.39787994059235,46.62068868048712,0.30454849129292505,65.47453513391808,122.31107891400629,56.836543780088206,1.957792091369629,90.55658880033815,48.015353539272205,-42.54123526106594,-1.26736813031034,8.671755847581103,144.57164200152255,135.89988615394145,0.7558262969538624
exemplar,exemplar,exemplar/archive_8/a833bb41-840f-4133-9ad4-6ae417c2824e.pt,85.78548828893706,78.3265710715865,-7.45891721735056,-0.21469171665658912,72.19711055235587,64.71860350996594,-7.478507042389921,-0.17301748974830317,74.9028302826879,121.55722711542758,46.65439683273968,0.2110591966278699,64.32432878977275,72.09081292850883,7.766484138736075,0.16622488839285715,95.68597130946286,43.02589957030718,-52.660071739155676,-1.2841890615001066,164.91751033031795,134.0388486675705,-30.878661662747447,-4.956272125244141
exemplar,exemplar,exemplar/archive_8/abe49cd3-893d-4a74-ac73-438aadd4ff69.pt,53.84676954869563,54.26252070381171,0.41575115511607663,0.002576547212117411,41.294881204453475,59.26953960414741,17.974658399693936,0.11492608527725198,7.762971639330893,7.921044847664946,0.15807320833405303,0.007690031137039412,0.0,0.0,0.0,0.0,5.339440714941153,0.6573665919074443,-4.682074123033709,-0.045374027375252014,37.44337566623939,44.029185692796716,6.585810026557326,0.10333666594132133
exemplar,exemplar,exemplar/archive_8/ae8dd6f6-5f59-4bec-a01a-537ee0558873.pt,96.34526217519043,118.30147872049926,21.956216545308834,1.0369796799196482,77.34990428256603,21.624049484054943,-55.72585479851109,-1.0185250011399563,47.72121918175657,105.40394369754911,57.68272451579254,1.334787368774414,34.20446541634201,70.85724478681135,36.65277937046934,0.5135530233383179,156.4687544282273,115.80622368313217,-40.662530745095125,-4.387426896528765,124.90534458491118,38.258614429429336,-86.64673015548183,-2.7108506202697753
exemplar,exemplar,exemplar/archive_8/afa868b1-9a4d-47fa-ae82-7fc0b93ee43c.pt,62.046558090511716,7.379457283521661,-54.66710080699006,-0.39692810904895076,50.97138008012507,91.1976179248984,40.22623784477332,0.9919203350679694,126.22203154606503,97.43948111809269,-28.78255042797234,-0.11862749002747616,1.4838127793886788,61.07871284613453,59.59490006674585,0.7203160921732584,112.67186157346885,47.5989261454146,-65.07293542805425,-0.09595935150896444,39.003887322660574,132.8453920718689,93.84150474920833,2.6039042472839355
exemplar,exemplar,exemplar/archive_8/b27e543a-6c27-40b6-a5e9-ca849edae9a1.pt,46.38056229465965,56.844404894575476,10.463842599915829,0.190315101636712,21.09317194181204,44.15738267227054,23.064210730458502,0.1708985720868936,97.3206429912926,16.06352974871253,-81.25711324258008,-0.43998827536900836,3.319102947430594,21.399553530442173,18.08045058301158,0.13961541652679443,38.82240250981768,63.52319739042656,24.700794880608882,0.15696449160285417,64.72832728489415,114.24888163886403,49.520554353969885,0.23799039515053352
exemplar,exemplar,exemplar/archive_8/b80691c8-dac8-49ca-b779-180ffcd6f3da.pt,1.564563406428093,32.24155360736989,30.676990200941795,0.3688477489029886,26.40805973531246,58.14204285665455,31.73398312134209,0.5863662739830369,27.234851829442597,150.26443938565652,123.02958755621393,5.2499823570251465,25.640433599557014,118.27799709017496,92.63756349061795,2.2228121360143027,183.08706388991496,111.99916127505911,-71.08790261485585,-18.97245004442003,31.777032729668548,47.82031346055518,16.04328073088663,0.11045425588434393
exemplar,exemplar,exemplar/archive_8/ba86c608-db1f-4eea-b839-154202c857ff.pt,24.82151830595732,51.75585622628086,26.934337920323543,0.4148560047522479,34.23631738653952,6.472694080967686,-27.763623305571834,-0.22962097755783786,116.8999902207923,134.32742022577432,17.427430004982014,0.0655409199322841,70.0929327415801,11.610768390140322,-58.48216435143978,-0.3759764194488525,45.293556606515054,27.18709434032043,-18.106462266194622,-0.2707385675841776,102.6206435134004,68.34864181681706,-34.27200169658333,-1.065174191497093
exemplar,exemplar,exemplar/archive_8/babcae03-ea88-4291-871d-8c7276ebdf2e.pt,20.044735497298586,9.484992199214625,-10.55974329808396,-0.08261412132296905,75.29815826881013,93.82881275602114,18.53065448721101,0.5593812872334866,59.82329183146885,68.31978705278951,8.496495221320657,0.1687776247660319,56.6636809901678,21.367452714996627,-35.296228275171174,-0.16858893632888794,142.13551690618826,21.36714204198001,-120.76837486420825,-0.6372226650187559,63.47309599352635,132.8453920718689,69.37229607834254,2.2699341773986816
exemplar,exemplar,exemplar/archive_8/bd3ba123-380a-4985-b638-cc0212505897.pt,0.839319386532083,71.25663876538484,70.41731937885275,1.0984188107242,56.80625681063641,55.35579856626712,-1.450458244369294,0.32294387951940035,166.66666666666666,92.95625533393446,-73.71041133273219,0.7587242126464844,50.07210244230357,99.39189036516179,49.31978792285822,1.0898946126302083,10.912044975749511,121.16027227629566,110.24822730054615,0.6509234138097094,53.41495909810623,149.15706152732167,95.74210242921544,0.43261141149009147
exemplar,exemplar,exemplar/archive_8/beea2b9c-6dd7-4a6b-af3a-e2d7782e9544.pt,35.209889893904375,139.2333914035805,104.02350150967612,4.153043113845166,122.23267574349576,122.39984663792141,0.16717089442565225,2.382657093471951,61.56767935908687,157.44180685297565,95.87412749388878,5.966946919759114,11.172403467124413,155.9069289436049,144.73452547648048,3.476692844182253,148.63852391193694,115.9219127898085,-32.71661112212844,-2.9782067660627694,85.11032030551151,60.56329365921466,-24.54702664629685,0.20373808965086937
exemplar,exemplar,exemplar/archive_8/c71abc85-7882-4a2a-baa5-018efa401b10.pt,30.71237475515222,9.447867809437392,-21.264506945714828,-0.2636744613332829,60.31461543478,3.2742873436474103,-57.040328091132594,-0.8302564469004065,116.8999902207923,136.85277466509038,19.952784444298075,0.07447569499644198,56.93603503780129,21.832896523764596,-35.103138514036694,-0.18572711944580078,131.52342764336746,16.983454942290624,-114.53997270107683,-3.6496228234242585,48.776765310252465,28.8238339215391,-19.952931388713363,-0.3036507115219579
exemplar,exemplar,exemplar/archive_8/c876fe3d-765e-4920-a2ba-fc488cbee764.pt,176.36636569455146,188.5189230850829,12.152557390531427,17.808269682384672,193.9039351589552,191.8611834665838,-2.0427516923713824,-15.09649658203125,33.04498462724043,83.0509565314569,50.00597190421647,0.8536984125773112,114.19943921716856,109.534758409905,-4.664680807263565,-0.1201932430267334,180.56588825607676,169.4927633728641,-11.073124883212671,-7.237262725830078,156.00977825249186,124.2345699187402,-31.77520833375165,-2.860107898712158
exemplar,exemplar,exemplar/archive_8/c8a31dfc-f24c-4335-9efe-a332667bb4b7.pt,29.984749916752413,28.338403102386415,-1.646346814365998,-0.022563687620525845,11.909053360976937,32.54863841092189,20.63958504994495,0.167528450615995,0.0,0.0,0.0,0.0,51.89137004281772,28.09235197022032,-23.7990180725974,-0.15188205242156982,91.252973166073,102.74074078025427,11.487767614181266,0.05211003969158311,44.20869557619652,62.17777068083586,17.969075104639344,0.1122176759318379
exemplar,exemplar,exemplar/archive_8/cb4dd941-0267-41ca-a638-d3424fd41141.pt,34.50965448947286,49.66539514697754,15.15574065750468,0.10354115604575163,71.99202021306533,86.4161428043322,14.424122591266865,0.0740612229903717,79.76183445946914,58.01793424166939,-21.743900217799755,-0.4730825424194336,27.99654115206407,59.74703194533085,31.750490793266785,0.4387124379475911,90.70206170875761,97.59592958351698,6.893867874759366,0.03187240651587663,42.085813289965316,56.87017495998242,14.784361670017105,0.0950631264456438
exemplar,exemplar,exemplar/archive_8/cc05fc8b-4506-4dda-a90c-b91d4791f92d.pt,56.98270937996611,56.570335351675446,-0.41237402829066383,-0.008041178507261566,8.018815645571133,53.56680057803787,45.54798493246674,0.6480772118780639,31.99386064753092,104.08966086564638,72.09580021811546,0.4072567384634445,24.856317983310582,78.57181623555677,53.715498252246185,0.947145938873291,48.64218066878857,25.65004046545341,-22.992140203335158,-0.41530546892902154,51.01315478769997,125.57306565137031,74.55991086367035,0.36484408378601074
exemplar,exemplar,exemplar/archive_8/cf1fa661-3283-4659-a3ab-bf4effcaa07d.pt,33.7530600544728,88.15029632247287,54.39723626800007,1.1701555268730353,19.719355500027493,20.286567143119544,0.5672116430920511,0.04626905597229201,138.51976066174097,154.56444233288724,16.044681671146265,0.05345659066509727,49.03028976023748,91.24438110766077,42.21409134742329,1.155781078338623,22.222749075166323,29.49109161789249,7.268342542726167,0.14567734359146714,18.62518903291414,112.33129017390426,93.70610114099013,2.2726343154907225
exemplar,exemplar,exemplar/archive_8/d847f50f-0f14-4172-8c18-9b58b42aaeb3.pt,24.03293251616926,32.49357835834464,8.460645842175381,0.06497357596789594,17.13475724572344,2.984563604685315,-14.150193641038124,-0.12841709963577033,55.039338819676054,95.2349894115397,40.19565059186365,1.0397939682006836,59.0782950475625,103.57916962624671,44.50087457868421,1.0916879971822102,134.43858613128484,34.191286110940645,-100.2473000203442,-3.684120330810547,102.14266907788291,1.9381877315790481,-100.20448134630387,-2.058443362896259
exemplar,exemplar,exemplar/archive_8/dbb70b63-2094-4cfd-831e-1cb5ff106439.pt,17.025766388297505,30.136006054201257,13.110239665903752,0.1979196555891764,26.041985632240998,118.52755457683566,92.48556894459466,2.6097955005305424,40.10178544421747,136.43667639741278,96.33489095319531,3.3174275159835815,15.16771539242634,135.51847114317383,120.35075575074748,3.0294020771980286,164.7850297451903,135.96550683181042,-28.81952291337987,-5.056605131729789,113.27790760783371,111.37212869020489,-1.9057789176288225,-0.09367179870605469
exemplar,exemplar,exemplar/archive_8/dc17aa7c-6535-4634-be1a-5eb63a6f1058.pt,32.94403894016299,4.430759057727974,-28.513279882435015,-0.23753337187621076,103.89798293817157,68.216908812863,-35.68107412530857,-1.1265497166711373,49.573041937302975,68.10834582621786,18.535303888914882,0.3425532976786296,44.75448452075101,1.693103867713917,-43.06138065303709,-0.2907669146855672,8.1922136011345,61.72878751290405,53.53657391176955,0.3859262414126771,25.16394653335467,30.71043432326267,5.546487789907999,0.07183456420898438
exemplar,exemplar,exemplar/archive_8/deec07f6-74fd-49e0-823c-10dc2298827f.pt,48.209658918419464,46.94015979520559,-1.2694991232138761,-0.008284769554026558,1.574418975831356,54.00378361802302,52.429364642191665,0.7239161815304436,100.71739244168094,185.64367210480478,84.92627966312384,0.292900494844125,0.0,0.0,0.0,0.0,107.18797480604253,66.95766412350012,-40.23031068254241,-1.2963655170641448,82.63180089483268,183.90501891656368,101.273218021731,16.083292245864868
exemplar,exemplar,exemplar/archive_8/dff0f28f-7054-44fa-9ab2-556e892a54f3.pt,102.3043168024516,55.557575908111076,-46.74674089434052,0.09243328135500672,28.872715744842363,116.370142188563,87.49742644372063,2.5303004673549108,184.07491012004607,181.86387707056238,-2.2110330494836887,-0.006019494212265556,167.94869472992926,180.04413570869252,12.095440978763264,3.782121181488037,188.3284489690211,194.89942639836863,6.570977429347522,42.771461486816406,193.6390498563668,197.80618169633277,4.167131839965975,89.58511352539062
exemplar,exemplar,exemplar/archive_8/e02a07ed-cdfd-4c8d-991f-85a24ac57b47.pt,16.509517431138317,62.79765993090186,46.28814249976354,0.7353841145833333,18.751598449994255,47.223528956577994,28.47193050658374,0.4467308832572031,39.00196090778235,64.75879702665033,25.75683611886798,0.16218626037124514,0.0,175.23938105300567,175.23938105300567,7.077342510223389,14.820219381211889,30.602188585037574,15.781969203825685,0.20100009412650602,6.0881748199783345,66.76132219877898,60.67314737880065,0.9321123563326322
exemplar,exemplar,exemplar/archive_8/e8d2a124-2ee1-4cbe-bb17-8445ea0bfdeb.pt,4.5717491679113245,22.91229300736793,18.340543839456604,0.21406727099236642,121.24080886392504,138.33679485788207,17.09598599395703,1.407780347413246,46.783171294054696,122.18928446651528,75.40611317246058,2.319167455037435,9.66057325136171,107.63247524822248,97.97190199686077,1.8575145403544109,173.1799822630139,110.78830705844807,-62.39167520456583,-10.362785438438515,28.23085883723393,32.17989470058554,3.949035863351611,-0.05099395751953125
exemplar,exemplar,exemplar/archive_8/e9cec847-421f-41e9-8177-46fe45be9b8a.pt,17.201558856621062,54.1018968002911,36.90033794367004,0.2674339316846498,5.227226780218034,29.995299499271855,24.76807271905382,0.20989038755300377,65.8938641501828,0.8248661727194979,-65.0689979774633,-0.9596652406634707,60.413855899233695,68.21402476931742,7.8001688700837235,0.1413420041402181,34.30194596052383,71.11467331611601,36.81272735559218,0.6891104910714285,70.32628019183893,70.92698427905192,0.6007040872129892,0.014284210205078125
exemplar,exemplar,exemplar/archive_8/ebd969d2-9e9b-4179-979b-6761fc93212e.pt,25.283831772081676,44.405201363195815,19.12136959111414,0.1389042370241756,10.074189411714167,37.864897183818876,27.79070777210471,0.22244836484158695,0.0,0.0,0.0,0.0,14.021776766637824,41.76743079169842,27.7456540250606,0.1876753568649292,6.692714716186797,46.7977131198918,40.104998403705004,0.31428833749430435,2.306260331664316,53.90755519568006,51.60129486401574,0.4004381903286638
exemplar,exemplar,exemplar/archive_8/f528a0ab-e9c2-433f-9329-f643ba62d645.pt,156.8890558595025,181.22691598033822,24.337860120835728,11.988618977864583,42.631965919514904,102.9419715751987,60.3100056556838,1.556206647087546,25.318523827779213,106.17011391563243,80.85159008785321,1.644293228785197,116.4407952530496,119.48066682606829,3.0398715730186865,0.0903630256652832,183.45834741696416,168.30986742495153,-15.148479992012625,-11.238067626953125,146.20039963253714,106.36166884423386,-39.83873078830328,-2.3724334239959717
exemplar,exemplar,exemplar/archive_8/f920d705-52e8-4d58-a242-b2a47fe4dfb3.pt,12.597118324367043,72.72213437664371,60.12501605227666,1.0240606827068117,9.572798538631591,99.82068855694601,90.24789001831442,1.9009969660388861,70.00426131064661,135.28917697288625,65.28491566223964,2.8456287384033203,128.71151796196344,170.99659245033925,42.28507448837581,4.09023916721344,134.12911159010324,116.5574372062576,-17.571674383845632,-1.263173917444741,58.859286109920255,128.6493799643569,69.79009385443666,2.425558567047119
exemplar,exemplar,exemplar/archive_8/f9dd241e-67c2-4cf1-8748-7e108b7e36dd.pt,75.6824465964479,98.86499272327178,23.18254612682388,0.7371640685157854,163.43236517872904,142.08952540264377,-21.34283977608527,-3.996667796167834,17.288258304803936,33.77892441135203,16.490666106548094,0.19909350077311197,98.36030634852484,106.11939029030597,7.759083941781128,0.16263020038604736,61.41436456165582,80.62957167415225,19.215207112496422,0.10467223544201915,139.10631271070122,134.46146720878485,-4.644845501916365,-0.34915924072265625
exemplar,exemplar,exemplar/archive_8/fc9c8141-00b3-43bb-8084-7dd004c2f1ea.pt,10.251003662712202,30.211570332801816,19.960566670089612,0.24782296182562621,25.528692741236156,25.036002685074013,-0.492690056162143,0.059794237397390024,10.45373353264682,55.032076570543516,44.578343037896694,0.33111770629882814,28.59908457989106,77.6482822177089,49.04919763781784,0.955361008644104,125.35476987913363,37.24456975617352,-88.11020012296011,-2.8988666365631914,134.16021459400355,59.43406832465146,-74.72614626935209,-3.214186741755559
exemplar,exemplar,exemplar/archive_8/fe8343f6-aacd-4388-9996-05d032f07c38.pt,25.778445753794905,1.438619559986354,-24.339826193808552,-0.2816405185433321,8.997547408522578,14.345155988848969,5.347608580326391,0.0603209184428656,146.31608070363484,141.86407791966437,-4.452002783970471,-0.5349311828613281,137.62041357117226,146.86006365856682,9.239650087394551,0.8362059593200684,73.67979788954908,95.75977225733699,22.079974367787912,-0.518878803178958,48.30024966844843,172.81001489992465,124.50976523147622,0.5378879336860236
