monotonic_seconds,system_cpu_percent,training_process_cpu_percent,training_tree_cpu_percent,training_tree_rss_mb,system_disk_read_mb_s,system_disk_write_mb_s
12406.46600461,73.7,76.3,76.3,3100.09765625,8.014893213947177,0.0
12407.474702689,63.8,107.6,107.6,3800.93359375,44.95662001750715,0.03098052891205592
12408.478375919,63.3,91.3,91.3,4073.796875,12.174031980513705,0.0
12409.491077834,73.5,109.0,109.0,4136.890625,2.1060614860188993,0.15814747422486242
12410.500044612,69.8,110.2,110.2,4122.50390625,0.21680594918471663,0.01548613922747976
12411.502371284,69.3,106.6,106.6,4183.73828125,0.10912111096650741,0.5222224596254282
12412.508052033,66.9,110.4,110.4,4189.02734375,0.0,0.0
12413.514785111,66.5,109.4,109.4,4180.546875,0.0,0.0
12414.516790082,69.0,108.7,108.7,4180.8359375,0.0,0.0545780725472995
12415.519430712,67.3,109.6,109.6,4178.5078125,0.0,0.0
12416.524043872,70.1,110.6,110.6,4184.7578125,0.03888312591886411,0.2410753806969575
12417.526403741,70.1,108.6,108.6,4185.03125,0.0,0.0
12418.5330026,75.5,109.4,109.4,4219.53515625,0.0,0.0
12419.535364235,68.0,105.8,105.8,4268.88671875,0.0,0.10911730475389453
12420.540089257,68.3,111.2,111.2,4294.33984375,0.0,0.09330911239119336
12421.545698783,67.0,110.7,110.7,4307.08984375,0.0,0.0
12422.548445182,68.6,108.6,108.6,4317.265625,0.0,0.13634429416696967
12423.553078908,64.7,110.1,110.1,4303.73046875,0.0,0.0
12424.562672813,65.7,105.5,105.5,4320.5625,0.0,0.0
12425.564625195,66.9,110.7,110.7,4325.0625,0.0,0.21832374864275111
12426.567246355,70.2,110.7,110.7,4333.1015625,0.5805096413486206,0.0
12427.570410957,68.0,105.6,105.6,4352.81640625,0.0,0.0
12428.574422356,67.1,109.7,109.7,4333.23046875,0.0,0.0
12429.576449406,70.3,109.7,109.7,4334.77734375,0.0,0.0
12430.579084044,59.4,106.7,106.7,4338.89453125,0.0,0.0
12431.581341365,69.3,108.7,108.7,4339.0,0.0,0.07794904398615973
12432.584039081,69.6,111.7,111.7,4339.06640625,0.0,0.0
12433.586696458,69.3,108.7,108.7,4339.12109375,0.0,0.0
12434.589379575,67.5,107.3,107.3,4340.3984375,0.0,0.0
12435.598160099,66.3,108.7,108.7,4340.44921875,0.0,0.12003973819779684
12436.611024094,69.0,109.2,109.2,4340.4765625,0.0,0.05784957337732991
12437.616210319,65.2,110.7,110.7,4340.64453125,0.0,0.7383582082015107
12438.618175211,73.2,111.8,111.8,4340.64453125,0.0,0.0
12439.620383959,68.0,108.8,108.8,4340.7265625,0.0,0.0
12440.622888717,70.7,110.5,110.5,4340.73046875,0.0,0.03506841211420216
12441.629038648,69.2,106.5,106.5,4340.73046875,0.0,0.0
12442.635824353,67.2,113.1,113.1,4342.73046875,0.0,0.84970291666996
12443.6420153,64.7,106.5,106.5,4342.734375,0.0,0.0
12444.64429518,67.9,109.8,109.8,4342.734375,0.0,0.0
12445.646278939,70.8,111.7,111.7,4342.734375,0.0,0.0
12446.649939664,68.2,111.4,111.4,4342.73828125,0.0,0.10897606858149961
12447.65563851,71.3,109.4,109.4,4342.73828125,0.0,0.06214584042586702
12448.665250314,64.9,108.2,108.2,4342.7421875,0.0,0.0
12449.667473484,71.0,109.8,109.8,4297.94140625,0.0,0.0
12450.670012815,72.0,110.7,110.7,4310.19921875,0.0,0.0
12451.67203139,70.4,110.7,110.7,4322.79296875,0.0,0.0
12452.676037898,64.1,104.7,104.7,4368.51171875,0.0,0.07781324062896913
12453.678418871,67.6,110.7,110.7,4326.59375,0.0,0.0
12454.680933166,68.9,111.7,111.7,4309.04296875,0.0,0.0
12455.68331827,66.9,106.1,106.1,4313.1796875,0.0,0.0
12456.694621353,72.9,112.0,112.0,4326.51953125,0.0,0.0
12457.704798012,73.4,109.9,109.9,4312.421875,0.0,0.069604162176449
12458.716090498,68.8,110.1,110.1,4326.515625,0.0,0.0
12459.723502957,65.0,108.3,108.3,4326.515625,0.0,0.0
12460.725481067,71.3,110.8,110.8,4340.0703125,0.0,0.0
12461.729077184,67.4,104.6,104.6,4369.6171875,0.0,0.0
12462.73218826,62.6,110.7,110.7,4340.92578125,0.0,0.09345924119763788
12463.734280488,66.4,112.6,112.6,4340.92578125,8.295144666065294,0.0
12464.738654263,67.0,110.7,110.7,4340.92578125,0.0,0.0
12465.740579839,64.3,103.8,103.8,4340.92578125,0.0,0.0
12466.742832666,67.5,110.7,110.7,4340.92578125,0.0,0.0
12467.746904316,67.2,102.7,102.7,4366.68359375,0.0,0.05446573459171172
12468.750325645,74.1,108.6,108.6,4359.140625,0.0,0.007785862004533518
12469.752757018,63.7,109.8,109.8,4340.93359375,0.0,0.0
12470.754630619,67.2,111.8,111.8,4340.93359375,0.0,0.0
12471.756905857,69.4,109.7,109.7,4340.93359375,0.0,0.0
12472.759655134,69.0,109.7,109.7,4340.93359375,0.0,0.1285528226814894
12473.762065016,69.9,110.8,110.8,4315.13671875,0.0,0.0
12474.764222487,69.8,110.8,110.8,4297.984375,0.0,0.0
12475.766229099,69.6,108.0,108.0,4336.0,0.0,0.0
12476.779035741,66.1,107.4,107.4,4336.0,0.0,0.0
12477.782042893,67.5,111.7,111.7,4340.54296875,0.0,0.054523539429283265
12478.786235953,70.5,106.5,106.5,4340.54296875,0.0,0.0
12479.789042929,71.0,110.7,110.7,4330.65625,0.0,0.0
12480.791625896,71.3,109.7,109.7,4334.2578125,0.0,0.0
12481.794176244,68.8,110.7,110.7,4334.2578125,0.0,0.0
12482.796819699,64.2,107.3,107.3,4335.28515625,0.0,0.0
12483.806298853,69.4,109.4,109.4,4335.28515625,0.0,0.07739139504809799
12484.810055395,67.1,111.6,111.6,4335.69921875,0.0,0.0
12485.812662641,71.4,109.7,109.7,4335.703125,0.0,0.0
12486.816047223,72.2,109.7,109.7,4368.0703125,0.0,0.0
12487.818049775,68.1,109.8,109.8,4345.89453125,0.0,0.0
12488.821025538,71.0,105.6,105.6,4390.55859375,0.0,0.05452524579100949
12489.823946669,63.7,110.7,110.7,4345.89453125,0.0,0.0
12490.826595801,71.0,109.7,109.7,4345.89453125,0.0,0.0
12491.828718721,71.0,110.7,110.7,4345.89453125,0.0,0.0
12492.833044773,63.5,105.6,105.6,4377.6875,0.0,0.0
12493.834991351,66.9,111.8,111.8,4346.09765625,0.0,0.0
12494.837461375,72.4,109.7,109.7,4363.0546875,0.0,0.07793250484257974
12495.840039483,67.6,110.7,110.7,4355.0234375,0.0,0.0
12496.842286918,68.9,111.6,111.6,4348.5234375,0.0,0.0
12497.846391725,76.1,109.6,109.6,4360.796875,0.0,0.0
12498.84886347,69.8,109.7,109.7,4352.2578125,0.0,0.0
12499.851698148,68.9,109.7,109.7,4353.76171875,0.0,0.13633229185159879
12500.853729269,56.6,104.8,104.8,4353.76171875,0.0,0.0
12501.856250158,51.6,99.8,99.8,4353.76171875,0.0,0.0
12502.858296673,65.8,90.5,90.5,7663.75390625,0.0,0.0
12503.866136564,83.2,81.2,81.2,7669.08984375,0.0,0.0
12505.109045884,76.5,124.7,124.7,7675.328125,0.0,0.0
12506.120603783,78.6,133.4,133.4,7679.42578125,0.0,0.06178588498181973
12507.132554218,84.9,129.0,129.0,7814.88671875,0.0,0.11194347675728523
12508.137346384,75.6,122.7,122.7,7748.2578125,0.0,0.04665143856232285
12509.153809552,79.1,120.5,120.5,7786.07421875,0.06148771737874699,0.31128156922990663
12510.160035409,80.7,125.5,125.5,7894.67578125,0.0,0.007764161441145134
12511.164537683,83.3,130.7,130.7,7845.50390625,0.0,0.08555232001399504
12512.177072543,85.5,131.3,131.3,7849.48046875,0.0,0.0
12513.189685067,75.4,127.3,127.3,7816.5078125,0.007715191956283981,0.10801268738797574
12514.203142637,69.4,116.1,116.1,7848.2734375,0.0,0.0
12515.208045686,70.6,117.5,117.5,7881.42578125,0.0,0.0
12516.211103585,62.5,116.7,116.7,7845.53515625,0.0,0.058415122455514966
12517.214450387,79.2,76.4,76.4,7832.31640625,0.0,0.06618474277045797
12518.225534623,78.4,115.2,115.2,7835.0546875,0.0,0.0
12519.227585266,74.9,108.7,108.7,7835.0546875,0.0,0.1715232670129938
12520.230608679,64.1,111.7,111.7,7835.0546875,0.0,0.0
12521.232936573,65.2,104.7,104.7,7835.0546875,0.0,0.14419557797909494
12522.235597419,71.5,110.7,110.7,7836.41796875,0.007791767307132996,0.09350120768559594
12523.238577571,70.0,109.7,109.7,7836.41796875,0.0,0.0
12524.241530818,68.7,109.3,109.3,7837.8359375,0.0,0.0
12525.253312045,62.2,107.2,107.2,7838.1171875,0.0,0.0
12526.255682244,71.5,110.6,110.6,7838.19921875,0.0,0.05455818624156035
12527.260767402,67.1,109.1,109.1,7838.2109375,0.0,0.007772973203132856
12528.272466628,66.2,106.2,106.2,7873.25390625,0.0,0.0
12529.274756721,69.1,106.7,106.7,7838.2109375,0.0,0.0
12530.277183441,66.0,110.6,110.6,7838.2109375,0.0,0.0038967935731050824
12531.28152293,66.9,106.7,106.7,7840.03125,0.0,0.08556618647502792
12532.284936881,69.3,110.6,110.6,7842.6796875,0.0,0.0
12533.287471042,68.5,110.6,110.6,7842.6796875,0.0,0.0
12534.29186036,64.8,106.5,106.5,7842.6796875,0.0,0.0
12535.295168075,68.6,111.7,111.7,7842.6796875,0.0,0.003893371835578416
12536.297917403,69.9,108.7,108.7,7842.703125,0.0,0.058433098246787364
12537.300501415,69.4,109.7,109.7,7842.703125,0.0,0.0
12538.303743081,69.4,105.6,105.6,7842.703125,0.0,0.0
12539.306981119,72.8,107.3,107.3,7878.69921875,0.0,0.0
12540.313720566,72.7,115.5,115.5,7842.703125,0.0,0.0
12541.318628601,65.9,107.6,107.6,7842.703125,0.0,0.04275888788171669
12542.321497665,66.2,107.7,107.7,7842.703125,0.0,0.07790149562341975
12543.324722961,69.4,111.6,111.6,7842.703125,0.0,0.0
12544.327778572,64.6,104.7,104.7,7855.734375,0.0,0.0
12545.331049279,65.7,110.6,110.6,7861.3046875,0.0,0.0
12546.333966459,74.9,110.3,110.3,7877.02734375,0.0,0.0
12547.342565578,71.1,112.8,112.8,7842.703125,0.0,0.05422124506144418
12548.354631856,73.6,109.7,109.7,7842.703125,0.0,0.0
12549.369037764,67.3,107.9,107.9,7842.703125,0.0,0.0
12550.389925566,65.0,107.9,107.9,7842.703125,0.0,3.378646255976154
12551.393171701,71.2,111.2,111.2,7842.703125,0.0,3.438058348462484
12552.40068346,68.7,112.6,112.6,7842.703125,0.0,0.0
12553.404533008,71.2,110.3,110.3,7842.703125,0.0,0.13230319250984185
12554.411607003,66.3,105.4,105.4,7861.46875,0.0,0.0
12555.416045001,64.9,110.7,110.7,7842.703125,0.0,0.054445869340710454
12556.418691954,68.2,110.7,110.7,7842.703125,0.0,0.0
12557.42108988,69.8,109.7,109.7,7842.703125,0.0,0.0
12558.424602494,72.2,109.7,109.7,7845.39453125,0.0,0.10899215263864122
12559.429850011,68.2,109.3,109.3,7845.39453125,0.0,0.0
12560.435132314,68.9,107.8,107.8,7845.39453125,0.0,0.0
12561.457513281,64.8,107.4,107.4,7845.39453125,0.0076414763695377246,0.0
12562.459772243,69.1,112.7,112.7,7847.48828125,0.0,0.0
12563.462905945,69.5,111.5,111.5,7847.48828125,0.0,0.0
12564.467254227,66.7,104.3,104.3,7847.48828125,0.0,0.08167609928762619
12565.477613869,64.3,109.9,109.9,7847.4921875,0.0,0.0
12566.483496621,68.9,111.7,111.7,7847.48828125,0.0,0.015533619568407143
12567.485668875,65.7,107.7,107.7,7847.48828125,0.0,0.10913792470645338
12568.488579567,71.0,109.7,109.7,7847.48828125,0.0,0.0
12569.491447397,69.9,110.7,110.7,7847.48828125,0.0,0.10906222807042171
12570.493808338,70.6,109.7,109.7,7847.48828125,0.0,0.0
12571.497038491,71.7,111.1,111.1,7847.953125,0.0,0.0
12572.506814125,70.5,111.2,111.2,7847.578125,0.0,0.04255276969774401
12573.512851276,64.3,105.6,105.6,7876.40625,0.0,0.0
12574.516060343,68.3,111.6,111.6,7847.578125,0.0,0.054512565524928884
12575.518262336,69.8,108.7,108.7,7847.578125,0.0,0.0
12576.521580031,68.3,108.2,108.2,7847.578125,0.0,0.0
12577.532991912,63.8,108.3,108.3,7847.578125,0.0,0.007724350629812386
12578.539044331,71.0,106.3,106.3,7847.578125,0.0,0.0
12579.541784087,70.0,110.7,110.7,7852.8359375,0.0,0.07791154138710536
12580.544804024,66.7,111.5,111.5,7852.8359375,0.0,0.0
12581.551035751,67.3,104.5,104.5,7852.8359375,0.0,0.0
12582.553681268,66.8,111.7,111.7,7852.8359375,0.0,0.0
12583.556263476,70.2,109.7,109.7,7852.8359375,0.0,0.0
12584.559280074,67.9,108.7,108.7,7852.8359375,0.0,0.08567904077705334
12585.561967865,70.1,110.7,110.7,7852.8359375,0.0,0.0
12586.564949168,71.2,111.7,111.7,7852.8359375,0.0,0.0
12587.568209997,71.0,109.7,109.7,7852.8359375,0.0,0.0
12588.571058736,68.5,103.7,103.7,7854.32421875,0.2609752994860797,0.0
12589.573848133,66.5,111.7,111.7,7852.8359375,0.0,0.0
12590.577849047,72.1,112.6,112.6,7852.8359375,0.0,0.07781367418162707
12591.58093142,70.9,109.3,109.3,7852.8359375,0.0,0.007788492959595207
12592.593054427,59.3,106.1,106.1,7852.8359375,0.0,0.0
12593.595358206,69.5,111.6,111.6,7852.8359375,0.0,0.0
12594.600330602,69.2,106.2,106.2,7878.14453125,0.0,0.0
12595.607827622,66.6,112.6,112.6,7852.8359375,0.0,0.08917520172910604
12596.611242455,70.0,111.7,111.7,7852.8359375,0.0,0.007785912409372292
12597.613336116,69.2,110.6,110.6,7852.8359375,0.0,0.0
12598.618044738,66.8,106.6,106.6,7852.8359375,0.0,0.0
12599.620355928,68.3,109.7,109.7,7852.8359375,0.0,0.0
12600.623315402,69.3,109.2,109.2,7852.83984375,0.0,0.011684170999726453
12601.638281844,71.1,109.3,109.3,7852.8359375,0.0,0.07697298823596027
12602.649785846,71.5,111.0,111.0,7852.8359375,0.0,0.007723647147757585
12603.656057621,64.5,106.6,106.6,7882.2109375,0.0,0.0
12604.658671237,67.9,110.7,110.7,7852.8359375,0.0,0.0
12605.661304145,67.4,108.7,108.7,7852.8359375,0.0,0.0
12606.664185091,67.2,106.2,106.2,7852.8359375,0.0,0.06232045812544503
12607.674593268,68.9,116.2,116.2,7852.8359375,0.0,0.011598035592693156
12608.6780954,71.9,106.1,106.1,7852.8359375,0.0,0.0
12609.690782813,67.8,114.2,114.2,7852.8359375,0.0,0.0
12610.693112043,64.7,104.7,104.7,7852.8359375,0.0,0.0
12611.69558893,57.9,104.7,104.7,7854.8359375,0.0,0.1091047598386369
12612.698838726,51.4,100.6,100.6,7854.8359375,0.0,0.0
12613.703895645,74.4,115.0,115.0,7791.69921875,0.0,0.015546383199434768
12614.713467827,79.9,129.7,129.7,7752.58203125,0.0,0.0
12615.725763891,79.4,129.9,129.9,7753.48046875,0.0,0.0
12616.732354204,84.4,132.6,132.6,7844.828125,0.0,0.09313620326884224
12617.745035163,75.6,126.0,126.0,7854.4453125,0.0,0.0
12618.74803758,77.6,122.9,122.9,7851.265625,0.0,0.011683670748311522
12619.761067041,79.5,124.1,124.1,7899.98046875,0.0,0.0
12620.763300852,83.6,131.6,131.6,7883.875,0.0,0.0
12621.767769417,84.7,129.6,129.6,7871.26171875,0.007777744642518387,0.15166602052910855
12622.789736937,76.7,126.0,126.0,7844.91015625,0.0,0.0
12623.79242603,70.4,116.6,116.6,7925.51953125,0.0,0.0
12624.79619866,72.1,120.6,120.6,7825.28515625,0.0,0.01556627420694286
12625.799777507,65.0,115.6,115.6,7832.33984375,0.0155692799292406,0.0
12626.802381973,72.2,73.4,73.4,7860.96484375,0.003896102732896642,7.192205644927201
12627.817938856,77.0,118.7,118.7,7832.33984375,0.0,0.0
12628.824807236,68.6,103.4,103.4,7867.12890625,0.0,0.0
12629.827819006,65.6,111.7,111.7,7832.33984375,0.0,0.0
12630.830858955,66.3,105.7,105.7,7841.765625,0.0,0.0
12631.834065257,64.7,110.6,110.6,7832.33984375,0.0,0.21026333225709704
12632.836907232,70.5,112.7,112.7,7832.33984375,0.015580719983330316,0.10516985988747964
12633.839442183,70.7,108.7,108.7,7832.33984375,0.0,0.0
12634.841811673,68.1,111.6,111.6,7834.33984375,0.0,0.0
12635.846535549,66.0,111.4,111.4,7850.33984375,0.0,0.0
12636.852295852,71.5,106.6,106.6,7850.33984375,0.0,0.054374287627855046
12637.855264407,70.6,108.7,108.7,7850.33984375,0.0,0.00778937680653544
12638.858037968,71.6,111.6,111.6,7850.33984375,0.0,0.03895445743607369
12639.863441061,69.7,105.6,105.6,7850.33984375,0.0,0.0
12640.880873567,62.9,110.1,110.1,7850.33984375,0.0,0.0
12641.883326715,71.1,109.7,109.7,7850.33984375,0.0,0.054553671769239157
12642.885737003,69.8,110.7,110.7,7850.33984375,0.0,0.0
12643.890047418,69.5,109.2,109.2,7850.6484375,0.0,0.0
12644.903124093,67.7,110.8,110.8,7850.33984375,0.0,0.0
12645.907643161,68.6,111.3,111.3,7850.33984375,0.0,0.0
12646.914183953,65.9,105.6,105.6,7850.33984375,0.0,0.05433212487223655
12647.916502596,65.1,108.7,108.7,7882.078125,0.0,0.09743034381542769
12648.919294237,70.4,109.7,109.7,7850.33984375,0.0,0.0
12649.922229825,71.5,110.3,110.3,7850.33984375,0.0,0.0
12650.929510674,69.4,110.0,110.0,7851.30859375,0.0,0.07756029520234782
12651.939993308,67.5,111.5,111.5,7850.33984375,0.0,0.0
12652.955966921,65.2,106.2,106.2,7850.33984375,0.0,0.2729832216619504
12653.959031051,74.0,108.7,108.7,7850.33984375,0.0,0.0
12654.962032301,66.3,109.8,109.8,7850.33984375,0.0,0.0
12655.964218229,69.3,108.5,108.5,7850.33984375,0.0,0.007795459686394959
12656.973049349,63.2,107.3,107.3,7856.07421875,0.0,0.0
12657.975675685,68.8,110.7,110.7,7850.33984375,0.0,0.06233628397331997
12658.978017953,73.0,109.7,109.7,7850.33984375,0.0,0.0
12659.981467256,68.3,108.4,108.4,7850.33984375,0.0,0.0
12660.992321322,65.0,109.1,109.1,7869.140625,0.0,0.0
12661.998498673,68.4,110.4,110.4,7850.33984375,0.0,0.0077645357374075494
12663.001260455,74.4,110.8,110.8,7850.33984375,0.0,0.08570081303719831
12664.020629629,67.2,108.4,108.4,7883.34375,0.0,0.0
12665.028872266,71.9,110.9,110.9,7850.33984375,0.0,0.0
12666.036769851,69.1,111.2,111.2,7850.33984375,0.0,0.0
12667.049021336,69.5,107.5,107.5,7850.33984375,0.0,0.007717943728176545
12668.065070973,74.9,108.9,108.9,7850.5859375,0.0,0.0
12669.071137557,81.0,112.2,112.2,7837.265625,0.0,0.06212312484472371
12670.07663288,65.0,105.5,105.5,7837.265625,0.0,0.0
12671.079089394,66.8,109.7,109.7,7837.265625,0.0,0.0
12672.081406123,70.5,111.7,111.7,7837.265625,0.0,0.0
12673.083731449,70.0,111.7,111.7,7837.265625,0.0,0.011691563303862182
12674.086561719,64.4,110.7,110.7,7837.265625,0.0,0.11296153834693941
12675.088814243,65.2,105.7,105.7,7837.265625,0.0,0.0
12676.091146835,69.8,111.6,111.6,7837.265625,0.0,0.0
12677.095647961,68.4,110.5,110.5,7837.265625,0.0,0.0
12678.100228799,69.3,106.6,106.6,7860.8828125,0.0,0.0
12679.102501052,67.4,111.7,111.7,7844.8515625,0.0,0.10912703576547661
12680.104785049,67.1,110.8,110.8,7844.8515625,0.0,0.0
12681.106649802,64.6,111.8,111.8,7819.08984375,0.0,0.0
12682.108923051,65.8,106.7,106.7,7819.08984375,0.023384341568919817,0.0
12683.111913657,70.5,110.2,110.2,7819.72265625,0.0,0.04673523333083602
12684.124054972,68.7,109.1,109.1,7826.5625,0.0,0.07332844623572422
12685.128308172,65.0,106.6,106.6,7832.734375,0.0,0.0
12686.130981492,69.4,107.7,107.7,7832.734375,0.0,0.0
12687.134033876,62.6,110.7,110.7,7832.734375,0.0,0.10904216145110461
12688.136944167,71.4,110.7,110.7,7832.734375,0.0,0.0
12689.139996866,71.6,102.0,102.0,7832.734375,0.0,0.12851393563703115
12690.157037348,66.4,105.9,105.9,7843.40625,0.0,0.023044805408245356
12691.163181931,62.9,111.4,111.4,7832.734375,0.0,0.0
12692.165518652,69.0,110.5,110.5,7834.375,0.0,0.0
12693.17104218,67.4,110.6,110.6,7834.375,0.0,0.0
12694.173292719,64.6,105.8,105.8,7834.375,0.0,0.07794957144936769
12695.175652148,69.1,109.6,109.6,7841.4453125,0.0,0.007794110350013897
12696.180350016,68.1,108.6,108.6,7841.4453125,0.0,0.0
12697.182835116,69.3,107.1,107.1,7841.4453125,0.0,0.0
12698.195890644,64.7,108.2,108.2,7857.0625,0.0,0.0
12699.200112354,74.6,109.8,109.8,7842.77734375,0.0,0.08557622200779512
12700.209533089,70.6,107.7,107.7,7841.4453125,0.0,0.0
12701.215676266,71.5,110.2,110.2,7841.4453125,0.0,0.007764799462539081
12702.220050144,64.4,106.5,106.5,7858.40625,0.0,0.0
12703.226527109,66.4,109.4,109.4,7841.48828125,0.0,0.0
12704.229192906,72.2,108.7,108.7,7841.515625,0.0,0.06233383066126949
12705.232207761,74.1,111.7,111.7,7841.52734375,0.0,0.0
12706.234926444,67.7,109.7,109.7,7841.52734375,0.0,0.0
12707.237065539,67.8,110.7,110.7,7841.52734375,0.0,0.007795823991873972
12708.239665905,71.0,111.7,111.7,7841.52734375,0.0,0.0
12709.24204125,73.5,108.7,108.7,7871.9453125,0.0,0.0
12710.244788779,67.3,111.7,111.7,7841.52734375,0.0,0.08570203118389723
12711.247021286,70.9,112.7,112.7,7841.52734375,0.0,0.0
12712.24922747,69.7,107.8,107.8,7841.52734375,0.0,0.0
12713.251525638,70.4,110.7,110.7,7849.95703125,0.0,0.007794586730207543
12714.253985758,69.3,109.7,109.7,7849.95703125,0.0,0.0
12715.256741262,67.5,107.0,107.0,7849.95703125,0.0,0.10128341314996692
12716.269828552,64.1,106.3,106.3,7870.4921875,0.0,0.0
12717.272025162,70.9,108.8,108.8,7827.9609375,0.0,0.0
12718.274197109,68.9,111.8,111.8,7834.41015625,0.0,0.007795568438512517
12719.276401052,74.1,109.6,109.6,7841.22265625,0.0,0.0
12720.279990147,57.0,104.6,104.6,7841.22265625,0.0,0.08563016520219968
12721.283911248,50.9,100.7,100.7,7841.22265625,0.0,0.0
12722.286044849,55.9,86.8,86.8,7814.2109375,0.0,0.0
12723.289192393,87.4,130.4,130.4,7761.2890625,0.0,0.0
12724.293888277,88.7,136.0,136.0,7761.7421875,0.0,0.007775984877036543
12725.305353464,88.1,129.1,129.1,7898.10546875,0.0,0.0
12726.307967608,82.2,132.6,132.6,7856.42578125,0.0,0.062337041995727725
12727.310899032,76.8,123.9,123.9,7858.4375,0.0,0.0
12728.323033765,79.7,124.8,124.8,7855.421875,0.0,0.0
12729.329351989,86.1,128.0,128.0,7860.36328125,0.0,0.0
12730.337047349,84.6,130.5,130.5,7889.07421875,0.0,0.007752839112010451
12731.358078692,78.9,128.4,128.4,7872.2421875,0.0,0.08416734764235223
12732.360950814,70.9,114.8,114.8,7877.7578125,0.0,0.0
12733.375534371,72.4,123.0,123.0,7895.59375,0.0,0.0
12734.386994948,59.5,110.8,110.8,7856.86328125,0.0,0.0
12735.391480842,83.7,80.4,80.4,7857.3515625,0.0,3.433815019805453
12736.402037977,63.8,108.3,108.3,7857.3515625,0.007730884013786574,3.652842696514156
12737.405032403,68.3,109.7,109.7,7857.3515625,0.0,0.0
12738.408127854,71.0,107.7,107.7,7857.3515625,0.0,0.0
12739.410344279,73.0,109.8,109.8,7861.39453125,0.0,0.0
12740.412555592,68.1,110.7,110.7,7857.3515625,0.0,0.0
12741.415258787,69.7,109.6,109.6,7857.3515625,0.0,0.07791438223156931
12742.419181469,71.9,110.6,110.6,7857.3515625,0.0,0.0
12743.422220049,69.8,111.4,111.4,7859.140625,0.0,0.0
12744.432040429,65.8,110.2,110.2,7859.140625,0.0,0.0
12745.434614441,66.1,104.7,104.7,7896.88671875,0.0,0.0
12746.436830485,68.0,111.6,111.6,7859.140625,0.0,0.06236180349950664
12747.442041448,67.5,106.1,106.1,7859.140625,0.0,0.062176003148130425
12748.45404765,66.4,108.2,108.2,7901.10546875,0.0,0.0
12749.456569292,67.2,110.7,110.7,7859.140625,0.0,0.0
12750.458877718,69.9,109.7,109.7,7859.140625,0.0,0.0
12751.461154537,70.9,109.7,109.7,7859.140625,0.0,0.0
12752.463651322,69.3,108.7,108.7,7859.140625,0.0,0.07793042448521202
12753.466507505,69.3,111.5,111.5,7859.140625,0.0,0.0
12754.472094979,64.7,105.3,105.3,7859.140625,0.0,0.0
12755.481039402,63.3,111.3,111.3,7859.140625,0.0,0.0
12756.483617068,69.9,109.7,109.7,7859.140625,0.0,0.0
12757.486065578,69.8,110.7,110.7,7887.3671875,0.0,0.05455392417111418
12758.488578109,78.7,103.6,103.6,7945.515625,0.0,0.0
12759.492814822,68.4,110.6,110.6,7909.1640625,0.0,0.0
12760.495044654,65.5,111.7,111.7,7899.265625,0.0,0.0
12761.497851875,69.3,108.7,108.7,7899.32421875,0.0,0.015581259959851775
12762.50005751,70.3,109.8,109.8,7899.328125,0.0,0.14031551518854604
12763.502317596,69.5,109.6,109.6,7899.328125,0.0,0.0
12764.506937738,68.3,106.0,106.0,7882.30078125,0.0,0.0
12765.520686678,68.0,111.5,111.5,7882.30078125,0.0,0.0
12766.536930754,63.4,105.8,105.8,7903.078125,0.0,0.0
12767.539540996,68.2,111.7,111.7,7882.30078125,0.0,0.05454512402638646
12768.542290362,72.0,107.7,107.7,7882.30078125,0.0,0.0
12769.545029442,69.4,109.6,109.6,7882.30078125,0.0,0.0
12770.549566157,71.3,111.5,111.5,7883.7578125,0.0,0.0
12771.553623726,69.7,110.3,110.3,7883.7578125,0.0,0.08169974763668184
12772.56061731,66.1,110.5,110.5,7883.7578125,0.0,0.279296714962939
12773.565061761,70.9,104.2,104.2,7886.3671875,0.0,0.0
12774.574444866,66.6,112.4,112.4,7887.88671875,0.0,0.0
12775.577083282,66.7,111.7,111.7,7893.44140625,0.0,0.0
12776.582132784,62.5,105.5,105.5,7893.44140625,0.0,0.0
12777.58761464,68.4,108.4,108.4,7893.4453125,0.0,0.10877869088070305
12778.589849823,74.9,110.8,110.8,7893.4453125,0.0,0.0
12779.592043847,70.6,109.7,109.7,7893.4453125,0.0,0.0
12780.595184211,66.0,110.5,110.5,7893.4453125,0.0,0.0
12781.600079967,65.1,105.4,105.4,7893.44921875,0.0,0.0
12782.608065252,68.4,111.4,111.4,7893.44921875,0.0,0.07750609176803873
12783.610353425,68.3,112.4,112.4,7893.44921875,0.0,0.0
12784.615564076,68.9,104.6,104.6,7946.51953125,0.0,0.0
12785.620919073,68.2,111.3,111.3,7898.23828125,0.0,0.0
12786.628661538,66.8,109.3,109.3,7929.875,0.0,0.0
12787.634455066,67.7,111.3,111.3,7898.23828125,0.0,0.05437249144835656
12788.637488188,72.7,108.6,108.6,7898.23828125,0.0,0.0
12789.642078191,69.2,106.1,106.1,7898.23828125,0.0,0.0
12790.656054055,65.0,108.1,108.1,7911.703125,0.0,0.0
12791.658819506,64.5,108.7,108.7,7898.23828125,0.0,0.0
12792.661237498,70.5,111.7,111.7,7898.23828125,0.0,0.0857302050500205
12793.664133862,68.4,108.7,108.7,7898.2421875,0.0,0.0
12794.667070946,70.5,110.7,110.7,7898.2421875,0.0,0.0
12795.669931093,64.8,106.7,106.7,7918.2734375,0.0,0.0
12796.673038988,68.0,115.6,115.6,7911.66796875,0.0,0.0
12797.679939258,64.6,105.3,105.3,7907.37109375,0.0,0.06207168858936582
12798.682698624,70.9,103.7,103.7,7942.96875,0.0,0.0
12799.688515453,63.3,111.4,111.4,7907.37109375,0.0,0.0
12800.690977504,69.9,109.7,109.7,7893.30078125,0.0,0.0
12801.693629605,69.4,111.7,111.7,7893.3203125,0.0,0.0
12802.69691054,69.1,111.0,111.0,7893.3203125,0.0,0.08176299094135132
12803.709584884,65.6,110.2,110.2,7893.3203125,0.0,0.0
12804.714209373,67.7,104.6,104.6,7894.56640625,0.0,0.0
12805.71712502,71.9,110.3,110.3,7893.3203125,0.0,0.0
12806.728573386,69.1,109.5,109.5,7893.3203125,0.0,0.0
12807.741622358,69.3,110.3,110.3,7893.3203125,0.0,0.06169494439803782
12808.759134116,69.9,107.0,107.0,7895.58203125,0.0,0.0
12809.761733409,65.2,112.7,112.7,7893.32421875,0.0,0.0
12810.764841472,68.5,108.7,108.7,7893.32421875,0.0,0.0
12811.767140197,70.3,111.6,111.6,7893.32421875,0.0,0.0
12812.771279122,67.2,107.1,107.1,7893.33203125,0.0,0.11281431999063203
12813.784044628,64.2,108.3,108.3,7897.296875,0.0,0.0
12814.787042223,68.5,109.7,109.7,7893.33203125,0.0,0.0
12815.789225146,69.4,110.7,110.7,7893.33203125,0.0,0.0
12816.79183139,71.3,110.7,110.7,7893.55078125,0.0,0.0
12817.7949815,68.3,111.6,111.6,7893.55078125,0.0,0.054515769329963916
12818.798277965,72.7,106.6,106.6,7893.55078125,0.0,0.0
12819.803078809,66.0,111.5,111.5,7893.55859375,0.0,0.0
12820.807058578,64.8,105.7,105.7,7893.55859375,0.0,0.0
12821.81070915,67.8,112.6,112.6,7893.55859375,0.0,0.0
12822.814063327,67.3,109.6,109.6,7893.55859375,0.0,0.07786383092924447
12823.816217508,66.5,105.8,105.8,7908.23046875,0.0,0.011693559955320124
12824.821190678,67.6,109.5,109.5,7893.5625,0.0,0.0
12825.823476659,69.7,110.7,110.7,7893.5625,0.0,0.0
12826.826764793,68.9,109.7,109.7,7893.640625,0.0,0.0
12827.829557248,66.2,111.7,111.7,7893.640625,0.0,0.1012796810483081
12828.832788108,54.1,99.7,99.7,7893.640625,0.0,0.0
12829.83506284,55.5,87.7,87.7,7848.203125,0.0,0.019486922473868486
12830.840462773,79.1,130.8,130.8,7816.43359375,0.0,0.0
12831.852375517,82.6,136.5,136.5,7798.44140625,0.0,0.0
12832.86511005,83.3,134.9,134.9,7822.046875,0.0,0.2391421365705428
12833.868040002,83.5,126.4,126.4,7927.89453125,0.0,0.0
12834.873777637,74.4,124.0,124.0,7897.95703125,0.0,0.0
12835.888589752,77.1,125.8,125.8,7911.6953125,0.0,0.01924617346532956
12836.905396994,88.0,137.4,137.4,7935.49609375,0.0,0.0
12837.912692609,88.7,137.0,137.0,7873.87109375,0.0,0.07368120032967537
12838.928734086,82.6,121.7,121.7,7885.8671875,0.0,0.0
12839.937038767,68.8,115.5,115.5,7907.296875,0.0,0.0
12840.941654811,73.0,121.0,121.0,7905.921875,0.0,0.007776602859034474
12841.952921576,65.2,117.0,117.0,7907.93359375,0.0,0.0
12842.96017733,73.6,73.6,73.6,7908.05859375,0.0,3.5756186903824485
12843.963346369,74.7,118.6,118.6,7908.05859375,0.0,0.0
12844.96559901,70.3,111.7,111.7,7908.05859375,0.0,0.0
12845.968458949,70.1,109.7,109.7,7908.05859375,0.0,0.0
12846.971365494,70.5,110.7,110.7,7908.05859375,0.0,0.0
12847.974046119,66.2,104.4,104.4,7932.6015625,0.0,3.54907999743577
12848.979836572,74.8,109.2,109.2,7947.2578125,0.007767522525884531,0.322352184824208
12849.990036751,67.6,109.4,109.4,7909.9765625,0.0,0.0
12850.992802534,66.7,110.7,110.7,7930.828125,0.0,0.0
12851.996045722,69.6,110.6,110.6,7932.12109375,0.0,0.0
12852.998228993,69.7,109.8,109.8,7908.05859375,0.0,0.0
12854.000574284,70.7,110.7,110.7,7908.05859375,0.0,0.08573642313836485
12855.002976532,68.9,111.6,111.6,7908.05859375,0.0,0.0
12856.007636184,61.6,106.4,106.4,7908.05859375,0.0,0.0
12857.013786847,69.0,109.6,109.6,7908.05859375,0.0,0.0
12858.015964812,70.4,110.8,110.8,7908.05859375,0.0,0.0
12859.01913954,75.0,111.3,111.3,7910.22265625,0.0,0.0
12860.027045702,62.7,104.5,104.5,7910.22265625,0.0,0.08138778498707698
12861.029232537,66.7,107.8,107.8,7910.22265625,0.0,0.0
12862.031465929,69.5,109.8,109.8,7910.22265625,0.0,0.0
12863.033674787,71.3,111.6,111.6,7910.2265625,0.0,0.0
12864.038673804,68.9,110.1,110.1,7911.01171875,0.0,0.0
12865.049273457,68.3,110.9,110.9,7910.2265625,0.0,0.06184447007720658
12866.058366955,69.8,108.8,108.8,7910.2265625,0.0,0.0
12867.067903575,69.8,106.6,106.6,7910.234375,0.0,0.0
12868.070456257,65.7,111.7,111.7,7910.234375,0.0,0.10909651129924583
12869.072715983,72.6,109.7,109.7,7910.234375,0.0,0.0
12870.075198225,70.5,109.6,109.6,7910.23828125,0.0,0.0779315550209983
12871.080262052,70.1,110.3,110.3,7911.2890625,0.0,0.0
12872.087034074,65.2,108.0,108.0,7910.24609375,0.0,0.007759949451598801
12873.102540808,64.5,108.7,108.7,7910.24609375,0.0,0.0
12874.106878515,69.3,109.6,109.6,7910.24609375,0.0,0.0
12875.109692814,66.0,110.7,110.7,7910.24609375,0.0,0.06232459994074189
12876.112675721,69.3,108.7,108.7,7910.24609375,0.0,0.0
12877.11561189,69.2,109.7,109.7,7910.24609375,0.0,0.07789628334766298
12878.117825729,69.3,110.7,110.7,7910.24609375,0.0,0.0
12879.120141144,72.5,107.8,107.8,7910.24609375,0.0,0.12860846802396667
12880.122445923,69.8,110.5,110.5,7911.58984375,0.0,0.07794535318682416
12881.128321624,69.3,110.5,110.5,7911.58984375,0.0,0.0
12882.132799803,68.0,112.6,112.6,7911.58984375,0.0,0.0
12883.137511442,63.8,105.4,105.4,7911.58984375,0.0,0.0
12884.142180167,66.3,110.1,110.1,7911.58984375,0.0,0.0
12885.155056242,65.7,106.2,106.2,7911.58984375,0.0,0.0
12886.157262649,70.0,111.7,111.7,7911.58984375,0.0,0.05456710276250038
12887.160260704,68.2,106.2,106.2,7911.58984375,0.0,0.0
12888.170315974,61.6,107.4,107.4,7911.58984375,0.0,0.0
12889.172549719,70.7,108.7,108.7,7911.58984375,0.0,0.0
12890.174973006,69.0,109.7,109.7,7911.59375,0.0,0.0
12891.178931914,69.3,111.6,111.6,7911.59375,0.0,0.07781692993350096
12892.181761953,70.0,107.7,107.7,7911.59375,0.0,0.0
12893.184776891,68.9,109.7,109.7,7911.59375,0.0,0.0
12894.187921264,67.5,110.7,110.7,7911.59375,0.0,0.0
12895.191042066,71.9,109.7,109.7,7911.59375,0.0,0.0
12896.193355196,69.0,108.7,108.7,7911.59375,0.0,0.0
12897.196072552,70.0,110.7,110.7,7911.59375,0.0,0.054539297313151144
12898.198914314,68.4,107.5,107.5,7911.59375,0.0,0.0
12899.204052608,71.0,104.6,104.6,7911.59375,0.0,0.0
12900.207044664,66.1,110.6,110.6,7943.3359375,0.0,0.0
12901.209698269,67.3,112.6,112.6,7911.59375,0.0,0.0
12902.215036204,64.7,110.5,110.5,7911.59375,0.0,0.07771018806731632
12903.217727143,65.7,105.7,105.7,7911.59375,0.0,0.007791533458747016
12904.219929273,68.9,112.2,112.2,7911.59375,0.0,0.0
12905.228747281,69.0,107.1,107.1,7911.59375,0.0,0.0
12906.241034411,67.2,110.1,110.1,7929.66796875,0.0,0.0
12907.247158793,63.3,108.4,108.4,7911.609375,0.0,0.0
12908.250062186,69.3,111.7,111.7,7916.640625,0.0,0.1051634192646036
12909.253150229,70.7,108.7,108.7,7916.640625,0.0,0.0
12910.255395137,70.3,109.6,109.6,7916.640625,0.0,0.023385002820116477
12911.259496085,64.5,106.7,106.7,7916.640625,0.0,0.0
12912.261763728,69.4,109.8,109.8,7916.640625,0.0,0.0
12913.264053567,67.0,111.7,111.7,7916.640625,0.0,0.12471442404797906
12914.267116529,69.8,109.3,109.3,7916.640625,0.0,0.0
12915.278295792,68.5,107.9,107.9,7916.640625,0.0,0.0
12916.291099437,63.8,108.9,108.9,7916.640625,0.0,0.0
12917.29431044,70.5,111.6,111.6,7916.640625,0.0,0.0
12918.297064145,70.5,112.7,112.7,7916.640625,0.0,0.05453732030842794
12919.299908623,74.7,110.7,110.7,7916.640625,0.0,0.0
12920.302903755,69.1,109.2,109.2,7916.640625,0.0,0.0
12921.320462832,67.8,110.4,110.4,7916.640625,0.0,0.0
12922.324684923,68.7,103.6,103.6,7936.25390625,0.0,0.05445757516202798
12923.329041664,62.8,109.6,109.6,7916.640625,0.0,0.06222888486596029
12924.331815192,72.9,117.7,117.7,7916.640625,0.0,0.0
12925.333589296,65.9,104.8,104.8,7916.640625,0.0,0.0
12926.336596415,68.9,110.7,110.7,7916.640625,0.0,0.0
12927.3388227,68.8,109.8,109.8,7916.640625,0.0,0.0
12928.341031105,71.5,109.7,109.7,7916.640625,0.0,0.05456699397768153
12929.343836064,71.8,109.7,109.7,7916.640625,0.0,0.0
12930.347393546,67.8,109.5,109.5,7916.640625,0.0,0.0
12931.352489162,65.5,104.6,104.6,7916.640625,0.0,0.0
12932.354729854,67.0,108.7,108.7,7916.640625,0.0,0.0
12933.357842036,70.9,111.4,111.4,7916.640625,0.0,0.003894130756350032
12934.365543235,67.6,104.0,104.0,7916.640625,0.0,0.0814043389860286
12935.375865729,59.1,109.4,109.4,7916.640625,0.0,0.0
12936.378217236,50.9,100.6,100.6,7916.640625,0.0,0.0
12937.383042951,63.5,95.2,95.2,7843.6015625,0.0,0.0
12938.393413158,84.9,123.2,123.2,7801.25390625,0.0,0.0038661571500556795
12939.409713594,84.7,123.7,123.7,7807.046875,0.0,0.08071555132161086
12940.416523744,86.1,129.2,129.2,7813.12109375,0.0,0.0
12941.424804206,88.2,132.4,132.4,7901.671875,0.0,0.0
12942.437993836,73.4,122.1,122.1,7907.37890625,0.0,0.0
12943.442902707,77.6,129.3,129.3,7923.92578125,0.0,0.0
12944.448105536,88.0,134.5,134.5,7904.9296875,0.0,0.12046698089833068
12945.46207529,89.0,136.1,136.1,7942.8203125,0.0,0.0
12946.478023451,81.2,129.1,129.1,7875.23828125,0.0,0.0
12947.489022604,69.1,119.8,119.8,7887.98046875,0.0,0.0
12948.496696361,77.1,120.1,120.1,7922.859375,0.4264152926631076,0.0
12949.50535755,63.9,114.4,114.4,7922.859375,0.0,0.1316720633730896
12950.508144823,73.6,81.6,81.6,7922.859375,0.0,0.07011706459908573
12951.514935296,71.9,116.6,116.6,7922.86328125,0.0,0.0
12952.517067195,71.0,108.7,108.7,7922.86328125,0.0,0.0
12953.520219354,69.2,109.6,109.6,7922.86328125,0.0,0.10903131595603796
12954.524763128,66.7,109.8,109.8,7922.86328125,0.0,0.2216491264622569
12955.541874617,69.7,107.4,107.4,7922.86328125,0.0,0.007681065531647364
12956.551967529,69.1,113.4,113.4,7922.86328125,0.01546887401582092,0.1044148996067912
12957.555066411,70.0,109.7,109.7,7922.86328125,0.0,0.0
12958.557389982,75.1,107.7,107.7,7922.86328125,0.0,0.0
12959.560071117,68.5,111.7,111.7,7922.86328125,0.0,3.5724530211695322
12960.562439323,69.6,107.1,107.1,7922.86328125,0.0,0.0
12961.576150537,69.3,111.1,111.1,7922.86328125,0.0,0.00770683000454553
12962.580218868,68.8,105.1,105.1,7922.86328125,0.0,0.0
12963.588589334,65.9,109.0,109.0,7922.86328125,0.0,0.0
12964.601393572,70.2,107.4,107.4,7922.86328125,0.0,3.567600839758125
12965.615044725,68.6,111.3,111.3,7973.29296875,0.0,0.0
12966.617649309,74.4,113.2,113.2,7922.86328125,0.0,0.0
12967.629284515,63.7,107.2,107.2,7922.86328125,0.0,0.0
12968.634035973,72.6,108.1,108.1,7934.83984375,0.0,0.0
12969.644274905,68.7,109.5,109.5,7934.71875,0.0,0.08119985025483117
12970.656902957,61.5,105.5,105.5,7933.55078125,0.0,0.0
12971.659181373,67.3,108.7,108.7,7905.0703125,0.0,0.0
12972.662275721,70.6,110.5,110.5,7905.0703125,0.0,0.0
12973.667234522,68.4,109.6,109.6,7905.0703125,0.0,0.0
12974.671069827,65.9,106.6,106.6,7943.32421875,0.0,0.07004386043183891
12975.679369616,68.7,109.1,109.1,7934.26171875,0.0,0.05423734150952961
12976.682419268,70.6,110.5,110.5,7918.3359375,0.0,0.0
12977.690779588,69.6,109.2,109.2,7949.2109375,0.0,0.0
12978.69602029,78.8,112.9,112.9,7917.5390625,0.0,0.0
12979.707632121,66.9,112.1,112.1,7916.0625,0.0,0.0
12980.712445366,64.6,105.6,105.6,7916.0625,0.0,0.07775076651189945
12981.714658623,69.4,110.8,110.8,7916.0625,0.0,0.0
12982.716840959,69.5,110.7,110.7,7916.0625,0.0,0.0
12983.721123672,69.7,108.3,108.3,7916.0625,0.0,0.0
12984.730047762,69.9,112.1,112.1,7916.0625,0.0,0.0
12985.736589986,69.2,106.3,106.3,7916.0625,0.0,0.0
12986.742651966,66.5,111.2,111.2,7928.11328125,0.0,0.062123409136247275
12987.751779086,67.8,108.4,108.4,7916.0625,0.0,0.108385750251178
12988.754787685,71.4,110.7,110.7,7916.0625,0.0,0.0
12989.757605123,70.6,111.6,111.6,7916.0625,0.0,0.0
12990.762058656,66.8,106.7,106.7,7916.0625,0.0,0.011666791558790758
12991.782204593,62.9,107.7,107.7,7916.0625,0.0,0.11104416132178764
12992.784511477,72.0,110.8,110.8,7916.0625,0.0,0.0
12993.786718513,70.5,111.7,111.7,7916.06640625,0.0,0.0
12994.789852231,70.8,110.6,110.6,7916.06640625,0.0,0.0
12995.794053542,67.7,104.3,104.3,7946.6171875,0.0,0.027229351028013132
12996.799560653,64.9,110.7,110.7,7916.06640625,0.0,0.08158196904088978
12997.802329713,66.2,109.7,109.7,7916.06640625,0.0,0.0
12998.804958646,73.9,109.7,109.7,7916.62890625,0.0,0.0
12999.807878013,68.6,109.6,109.6,7916.62890625,0.0,0.0
13000.812611618,66.6,105.6,105.6,7916.62890625,0.0,0.0
13001.815411753,66.8,113.7,113.7,7916.890625,0.0,0.0
13002.81804788,66.1,111.4,111.4,7916.890625,0.0,0.07791959405419924
13003.828043818,66.1,106.2,106.2,7925.44140625,0.0,0.0
13004.830701355,67.9,109.7,109.7,7916.890625,0.0,0.0
13005.833874521,68.1,111.7,111.7,7916.890625,0.0,0.035045046250764295
13006.837039399,65.9,105.7,105.7,7931.10546875,0.0,0.0
13007.840052408,66.0,110.6,110.6,7916.890625,0.0,0.054523221044289215
13008.846299131,72.5,104.4,104.4,7916.890625,0.0,0.0
13009.848545936,68.1,111.7,111.7,7916.8984375,0.0,0.0
13010.851170408,65.2,108.6,108.6,7916.8984375,0.0,0.0
13011.855509399,67.2,105.6,105.6,7916.8984375,0.0,0.0
13012.859041142,71.9,110.5,110.5,7942.14453125,0.0,0.07785005361814232
13013.863424111,67.3,110.7,110.7,7916.8984375,0.0,0.0
13014.866147525,67.8,109.7,109.7,7916.8984375,0.0,0.0
13015.869389053,69.7,110.4,110.4,7916.8984375,0.0,0.0
13016.877113176,72.5,110.2,110.2,7916.8984375,0.0,0.0
13017.883036658,67.4,104.6,104.6,7950.4765625,0.0,0.05436546713400626
13018.887796428,69.3,109.5,109.5,7922.1796875,0.0,0.0
13019.892680879,66.2,110.5,110.5,7916.8984375,0.0,0.0
13020.895495265,68.7,111.4,111.4,7917.0,0.0,0.0
13021.901969052,68.6,107.9,107.9,7917.0,0.0,0.00776224885427814
13022.916211239,66.7,108.7,108.7,7917.0,0.0,0.0
13023.928043959,69.3,109.2,109.2,7936.734375,0.0,0.11967763801908253
13024.930482645,71.9,115.1,115.1,7917.0,0.0,0.0
13025.943886433,72.0,109.6,109.6,7917.0,0.0,0.0
13026.954038812,64.3,105.4,105.4,7917.0,0.0,0.003866990843368902
13027.956614251,67.1,108.7,108.7,7917.0,0.0,0.0
13028.959737772,71.8,104.8,104.8,7917.0,0.0,0.08177582150417272
13029.974430344,67.3,111.5,111.5,7917.0,0.0,0.0
13030.991777133,67.1,107.0,107.0,7917.0078125,0.0,0.0
13031.99404584,63.7,109.7,109.7,7917.0078125,0.0,0.01169222377009272
13032.998454261,72.6,110.5,110.5,7917.0078125,0.0,0.0
13034.001443227,69.0,111.6,111.6,7917.0078125,0.0,0.06620835547656627
13035.005775492,68.5,108.0,108.0,7917.0078125,0.0,0.0
13036.018553038,60.8,108.3,108.3,7917.0078125,0.0,0.0
13037.021328172,70.3,110.7,110.7,7917.0078125,0.0,0.0
13038.023642463,69.9,109.8,109.8,7917.0078125,0.0,0.0
13039.025854111,75.7,110.8,110.8,7917.96484375,0.0,0.0974407453704315
13040.028525537,68.9,110.9,110.9,7921.5390625,0.0,0.0
13041.042948079,68.0,109.5,109.5,7921.5390625,0.0,0.0
13042.056565162,63.6,108.2,108.2,7921.546875,0.0,0.0
13043.058834391,56.0,103.7,103.7,7921.546875,0.0,0.0
13044.06186223,50.9,100.7,100.7,7921.546875,0.0,0.0
13045.064503232,68.7,99.1,99.1,7884.26171875,0.0,0.06233537215746025
13046.0760611,81.7,131.3,131.3,7811.48828125,0.0,0.0
13047.078802887,87.1,121.1,121.1,7805.84765625,0.0,0.0
13048.089036774,81.3,131.0,131.0,7930.375,0.0,0.10826700767758426
13049.097137066,81.9,124.9,124.9,7909.88671875,0.0,0.0
13050.103891988,75.1,122.7,122.7,7905.08984375,0.0,0.07760081256411418
13051.118020445,80.7,129.6,129.6,7889.8359375,0.0,0.0
13052.136831708,83.3,132.4,132.4,7889.96875,0.0,0.003834125261332911
13053.148088359,84.4,133.3,133.3,7916.8359375,0.0,0.0
13054.157035507,79.9,132.4,132.4,7897.97265625,0.0,0.0
13055.15939965,70.3,115.4,115.4,7920.26953125,0.0,0.058455552714251444
13056.168697731,72.5,122.7,122.7,7904.0,0.0,0.0
13057.178544461,60.2,112.3,112.3,7854.8515625,0.0,0.007736322520947328
13058.1819175,80.2,74.4,74.4,7839.8125,0.0,3.507699642304441
13059.200178271,71.4,109.5,109.5,7886.9140625,0.0,0.0
13060.202892898,67.0,111.6,111.6,7865.265625,0.01947837348142371,3.7632217566110606
13061.205833475,72.3,116.7,116.7,7841.01171875,0.0,0.0
13062.208037785,66.8,105.7,105.7,7841.01171875,0.0,0.0
13063.210839134,69.6,111.7,111.7,7841.01171875,0.0,0.0077906755986948935
13064.213660715,67.5,110.6,110.6,7841.01171875,0.007790518421243969,0.08569570263368366
13065.219065129,68.7,108.2,108.2,7842.9609375,0.0,0.0
13066.229508332,72.5,113.1,113.1,7842.9609375,0.0,0.05412228993932524
13067.232882505,68.6,107.8,107.8,7842.9609375,0.0,0.0
13068.250085374,63.7,106.1,106.1,7842.9609375,0.0,0.0
13069.252943526,71.7,109.7,109.7,7842.9609375,0.0,0.007790234326179815
13070.25512415,69.6,109.7,109.7,7842.9609375,0.0,0.06626175802016743
13071.257982866,67.9,109.7,109.7,7842.9609375,0.0,0.08179741442266918
13072.260282433,68.2,108.6,108.6,7842.9609375,0.0,0.0
13073.270037038,65.3,107.1,107.1,7852.52734375,0.0,0.06189622675698738
13074.27304152,68.7,110.3,110.3,7875.58203125,0.0,0.0
13075.279349676,63.5,110.7,110.7,7842.9609375,0.0,0.0
13076.282036787,72.2,108.7,108.7,7844.29296875,0.0,0.11687344807203781
13077.285034116,72.4,111.6,111.6,7842.9609375,0.0,0.0
13078.303643871,66.6,107.0,107.0,7873.5703125,0.0,0.01150465125870011
13079.306401321,74.9,108.7,108.7,7842.9609375,0.0,0.0
13080.308606691,68.6,109.6,109.6,7842.9609375,0.0,0.023385925381752506
13081.313232729,67.8,110.4,110.4,7842.9609375,0.0,0.07776525497537126
13082.319043685,65.7,104.6,104.6,7842.9609375,0.0,0.0
13083.321823179,66.5,111.7,111.7,7842.9609375,0.0,0.0
13084.325074149,71.1,109.9,109.9,7842.9609375,0.0,0.011680776147174672
13085.334530783,68.1,107.6,107.6,7842.9609375,0.0,0.0
13086.340098008,65.9,105.9,105.9,7842.9609375,0.0,0.0
13087.351428128,67.3,112.3,112.3,7842.9609375,0.0,0.10042467636582296
13088.354759991,68.9,108.4,108.4,7842.9609375,0.0,0.0
13089.362983893,73.8,110.8,110.8,7850.3515625,0.0,0.0
13090.374477524,68.1,108.3,108.3,7865.16015625,0.0,0.01930931584876945
13091.385412177,69.0,107.1,107.1,7850.3515625,0.0,0.0
13092.401576604,64.1,107.0,107.0,7875.23046875,0.0,0.09610280325240425
13093.404149098,67.3,108.7,108.7,7850.3515625,0.0,0.0
13094.40639818,70.6,110.7,110.7,7850.3515625,0.0,0.0
13095.408860234,72.3,109.7,109.7,7891.63671875,0.0,0.007793312443932759
13096.411601256,67.6,112.6,112.6,7859.19140625,0.0,0.0
13097.415438574,71.0,109.7,109.7,7835.52734375,0.0,0.06226108442008215
13098.417934785,69.3,103.4,103.4,7872.0078125,0.0,0.0
13099.425357746,62.9,111.5,111.5,7838.66796875,0.0,0.0
13100.427641869,69.8,110.7,110.7,7840.91015625,0.0,0.0
13101.430031694,68.9,108.6,108.6,7841.9921875,0.0,0.007793874005054805
13102.434198735,71.6,110.6,110.6,7841.9921875,0.0,0.0855808809602939
13103.436911112,67.8,109.6,109.6,7841.9921875,0.0,0.0
13104.441278537,70.1,105.1,105.1,7854.78125,0.0,0.0
13105.454205656,59.9,110.1,110.1,7854.78125,0.0,0.0
13106.457034126,72.5,109.7,109.7,7854.78125,0.0,0.0
13107.460043403,66.7,103.7,103.7,7874.9140625,0.0,0.0739960753125188
13108.462596997,70.5,113.7,113.7,7854.78125,0.0,0.0
13109.467048252,66.3,108.5,108.5,7854.78125,0.0,0.0
13110.469610078,70.3,110.7,110.7,7835.54296875,0.0,0.0
13111.472559343,70.0,109.6,109.6,7840.328125,0.0,0.019473816554435395
13112.476349269,68.7,108.5,108.5,7841.22265625,0.0,0.10896204192423982
13113.482047309,70.3,103.5,103.5,7841.22265625,0.0,0.01942059069737448
13114.485033609,66.9,111.7,111.7,7841.22265625,0.0,0.0
13115.486870773,66.8,109.7,109.7,7842.2734375,0.0,0.0
13116.489779238,69.0,108.7,108.7,7849.640625,0.0,0.0
13117.492590974,70.5,111.7,111.7,7849.640625,0.0,0.0
13118.495602274,72.2,104.6,104.6,7874.3359375,0.0,0.07399592606774617
13119.499722605,67.7,112.3,112.3,7849.640625,0.0,0.007780442003624326
13120.507861053,66.2,109.5,109.5,7849.640625,0.0,0.0
13121.510155656,68.2,109.6,109.6,7849.640625,0.0,0.0
13122.515070189,66.7,104.5,104.5,7874.6640625,0.0,0.0
13123.520454776,66.5,112.4,112.4,7852.28515625,0.0,0.08547724036269054
13124.522835177,74.1,109.7,109.7,7852.28515625,0.0,0.007793947280102408
13125.525592467,68.0,109.8,109.8,7852.28515625,0.0,0.0
13126.528067015,69.3,114.0,114.0,7852.28515625,0.0,0.0
13127.543050935,62.8,108.0,108.0,7861.57421875,0.0,0.0
13128.545201159,72.2,108.7,108.7,7852.28515625,0.0,0.0
13129.548063904,69.9,109.7,109.7,7852.2890625,0.0,0.08569218512555957
13130.551035595,69.3,110.7,110.7,7852.28515625,0.0,0.007789352451428917
13131.552718669,70.7,111.7,111.7,7852.28515625,0.0,0.0
13132.556083692,64.3,106.7,106.7,7852.28515625,0.0,0.0
13133.558968635,70.9,114.7,114.7,7852.28515625,0.0,0.10906036705747722
13134.562789458,63.8,105.4,105.4,7852.28515625,0.0,0.06226210750761628
13135.567793931,66.5,105.6,105.6,7852.28515625,0.0,0.0
13136.57040246,66.2,109.7,109.7,7868.25,0.0,0.007792173888445261
13137.57319794,68.7,109.7,109.7,7852.28515625,0.0,0.0
13138.576121876,75.3,107.7,107.7,7852.28515625,0.0,0.0
13139.579039309,69.6,109.7,109.7,7852.28515625,0.0,0.08568751242362643
13140.581809595,67.6,110.7,110.7,7852.28515625,0.0,0.0
13141.584078196,68.9,111.1,111.1,7852.28515625,0.0,0.0
13142.59749372,70.1,110.1,110.1,7852.28515625,0.0,0.007709078670074666
13143.599850303,69.4,110.6,110.6,7852.28515625,0.0,0.0428677286394521
13144.604212141,67.3,108.8,108.8,7852.28515625,0.0,0.054449997930002055
13145.622079098,61.9,108.0,108.0,7852.29296875,0.0,0.0
13146.625037033,71.5,110.7,110.7,7856.22265625,0.0,0.0
13147.627729146,70.4,111.7,111.7,7856.22265625,0.0,0.007791524336050678
13148.634185253,69.3,109.2,109.2,7856.22265625,0.0,0.0
13149.638361253,67.7,109.6,109.6,7856.22265625,0.0,0.08558011742958235
13150.642039474,57.3,104.6,104.6,7856.22265625,0.0,0.0
13151.644994452,51.0,99.7,99.7,7856.22265625,0.0,0.0
13152.647169598,70.1,105.4,105.4,7856.22265625,0.0,0.0
13153.653188879,79.3,138.3,138.3,7814.140625,0.0,0.011648633601092702
13154.662876041,79.3,129.1,129.1,7814.05859375,0.0,0.10058808690678611
13155.665535249,82.0,128.4,128.4,7946.0546875,0.0,0.0
13156.673156247,79.9,127.8,127.8,7902.140625,0.0,0.0
13157.683659956,76.0,122.2,122.2,7947.3359375,0.0,0.0
13158.687193862,82.2,123.5,123.5,7951.6484375,0.0,0.01946247145532208
13159.690815393,83.2,130.5,130.5,7963.83984375,0.0,0.09730386105085995
13160.694797284,84.1,130.6,130.6,7914.0625,0.0,0.0
13161.701472965,77.5,126.0,126.0,7938.1640625,0.0,0.0
13162.706075747,70.5,117.8,117.8,7928.265625,0.0,0.0
13163.719125201,73.6,122.6,122.6,7912.8203125,0.0,0.0
13164.729571905,59.3,113.3,113.3,7915.4765625,0.0,0.07345142470769601
13165.733640343,81.8,81.1,81.1,7915.4765625,0.0,3.4430235222667585
13166.746707646,69.0,115.3,115.3,7915.4765625,0.0,0.0
13167.76816862,68.1,106.7,106.7,7915.4765625,0.0,0.10707702279777827
13168.770763598,70.8,108.7,108.7,7915.4765625,0.0,0.0
13169.774546161,67.2,112.6,112.6,7915.4765625,0.0,0.0
13170.778081841,69.1,109.6,109.6,7915.4765625,0.007784974820228288,3.6667231403275236
13171.783002167,69.1,108.2,108.2,7915.4765625,0.0,0.0
13172.792040544,66.2,113.3,113.3,7915.4765625,0.0,0.0
13173.794205355,65.0,106.8,106.8,7915.4765625,0.0,0.0
13174.796535092,70.9,107.7,107.7,7894.8046875,0.0,0.06625190049604343
13175.801048202,69.5,109.3,109.3,7901.4921875,0.0,0.054441798176254164
13176.807038969,69.8,111.4,111.4,7901.4921875,0.0,0.0
13177.811762098,60.6,104.7,104.7,7901.4921875,0.0,0.0
13178.814464074,71.9,109.7,109.7,7901.4921875,0.0,0.0
13179.817377274,67.8,109.7,109.7,7901.4921875,0.0,0.0
13180.820187358,70.0,107.2,107.2,7901.4921875,0.0,0.07790607737838731
13181.831925673,69.4,113.2,113.2,7901.4921875,0.0,0.0
13182.835411568,67.5,110.4,110.4,7901.4921875,0.0,0.0
13183.840819199,68.5,109.5,109.5,7901.4921875,0.0,0.0
13184.845457223,66.5,111.5,111.5,7901.4921875,0.0,0.0
13185.850322179,64.7,106.6,106.6,7933.171875,0.0,0.05442273578503679
13186.852624575,71.3,110.7,110.7,7901.4921875,0.0,0.0
13187.855488777,71.4,114.7,114.7,7901.4921875,0.0,0.0
13188.857283883,67.8,105.8,105.8,7901.4921875,0.0,0.0
13189.859529787,67.2,109.4,109.4,7901.4921875,0.0,0.0
13190.867318039,66.8,107.6,107.6,7914.05859375,0.0,0.0
13191.88404848,70.2,109.8,109.8,7914.05859375,0.0,0.07683944224499963
13192.891873511,65.6,108.4,108.4,7894.8046875,0.0,0.0
13193.894593483,68.1,110.7,110.7,7897.83984375,0.0,0.0
13194.897493157,67.5,109.1,109.1,7897.84375,0.0,0.0
13195.90906536,66.0,112.3,112.3,7897.83984375,0.0,0.011584689620019706
13196.911337807,65.1,105.8,105.8,7897.83984375,0.0,0.10133222788274497
13197.913522679,69.3,110.8,110.8,7897.83984375,0.0,0.0
13198.915730478,73.0,106.7,106.7,7899.04296875,0.0,0.0
13199.920029606,68.9,111.5,111.5,7899.04296875,0.0,0.0
13200.924221682,67.2,106.0,106.0,7900.484375,0.0,0.05445920288264233
13201.940718889,70.1,114.8,114.8,7900.484375,0.0,0.13065702402863458
13202.943407636,64.4,104.2,104.2,7918.4609375,0.0,0.0
13203.950696169,71.8,113.8,113.8,7900.484375,0.0,0.0
13204.967660269,69.9,110.8,110.8,7906.94921875,0.0,0.0
13205.973552477,70.6,109.7,109.7,7906.94921875,0.0,0.0
13206.976071219,66.8,104.7,104.7,7945.49609375,0.0,0.09351446119900199
13207.981903219,72.8,110.3,110.3,7938.1171875,0.0,0.0
13208.986043127,70.2,108.7,108.7,7906.94921875,0.0,0.0
13209.988881128,67.2,111.7,111.7,7906.94921875,0.0,0.0
13210.991750349,69.8,108.7,108.7,7906.94921875,0.0,0.0
13211.994582583,64.4,105.7,105.7,7906.94921875,0.0,0.0779043566323681
13213.000177465,67.8,110.4,110.4,7906.94921875,0.0,0.0
13214.0080472,67.0,111.1,111.1,7906.94921875,0.0,0.0
13215.012657905,75.1,109.4,109.4,7938.4140625,0.0,0.0
13216.018345091,72.2,110.4,110.4,7906.94921875,0.0,0.0
13217.023042279,69.1,115.0,115.0,7906.94921875,0.0,0.05443182349196699
13218.0308334,66.5,103.7,103.7,7906.94921875,0.0,0.0
13219.033164992,68.7,109.7,109.7,7906.94921875,0.0,0.0
13220.035533312,70.2,111.6,111.6,7906.94921875,0.0,0.0
13221.039641072,68.9,106.2,106.2,7906.94921875,0.0,0.0
13222.052354148,68.8,111.9,111.9,7906.94921875,0.3895785088098176,0.09257311100431309
13223.056216605,67.6,105.7,105.7,7924.890625,0.0,0.015564881315199813
13224.058439405,65.0,109.7,109.7,7906.94921875,0.0,0.0
13225.060753141,68.8,109.7,109.7,7906.94921875,0.0,0.0
13226.063590878,67.8,109.7,109.7,7906.94921875,0.0,0.0
13227.065922244,72.2,111.8,111.8,7906.94921875,0.0,0.10132627137597057
13228.067640105,71.2,110.8,110.8,7906.94921875,0.0,0.0
13229.070328579,68.6,104.7,104.7,7914.74609375,0.0,0.0
13230.072682002,63.0,112.7,112.7,7906.94921875,0.0,0.0
13231.076923745,68.1,109.5,109.5,7906.94921875,0.0,0.0
13232.080815144,66.3,111.5,111.5,7906.94921875,0.0,0.08560437920443177
13233.084807176,72.6,109.6,109.6,7906.94921875,0.0,0.0
13234.087534877,61.9,104.8,104.8,7906.94921875,0.0,0.0
13235.089984749,67.3,110.7,110.7,7906.94921875,0.0,0.0
13236.092258064,72.2,108.8,108.8,7929.1796875,0.0,0.0
13237.094566481,67.8,110.7,110.7,7906.94921875,0.0,0.05456154919226132
13238.096859492,70.7,110.8,110.8,7906.94921875,0.0,0.035075820757205375
13239.099152056,72.1,100.2,100.2,7918.70703125,0.0,0.0
13240.10954579,63.3,109.5,109.5,7918.70703125,0.0,0.0
13241.115252088,70.2,111.4,111.4,7898.515625,0.0,0.0
13242.117811904,70.5,109.4,109.4,7907.40625,0.0,0.07792552499437952
13243.128939065,62.1,105.1,105.1,7898.515625,0.0,0.0
13244.13460362,66.3,110.4,110.4,7905.24609375,0.0,0.0
13245.136808856,68.8,107.8,107.8,7905.24609375,0.0,0.0
13246.138726271,68.5,105.3,105.3,7912.734375,0.0,0.0
13247.149510998,66.7,115.3,115.3,7912.734375,0.0,0.05410400309693774
13248.151760424,64.7,104.8,104.8,7912.734375,0.0,0.0
13249.154059273,72.4,106.2,106.2,7912.734375,0.0,0.0
13250.161616302,67.5,108.1,108.1,7912.734375,0.0,0.0
13251.175028583,67.3,114.2,114.2,7912.734375,0.0,0.0
13252.176704226,66.0,105.8,105.8,7912.734375,0.0,0.07799430938148066
13253.182384718,66.6,106.4,106.4,7915.0234375,0.0,0.10875720556380188
13254.184608189,65.2,109.7,109.7,7914.734375,0.0,0.0
13255.187624539,68.3,110.7,110.7,7914.734375,0.0,0.0
13256.189927204,68.3,108.8,108.8,7914.734375,0.0,0.0
13257.192217875,70.1,111.7,111.7,7914.734375,0.0,0.011691967549001597
13258.194482179,59.3,104.8,104.8,7914.734375,0.0,0.06625622576290902
13259.196911109,53.7,101.6,101.6,7914.734375,0.0,0.0
13260.201608327,73.2,107.8,107.8,7819.2578125,0.0,0.0
13261.216205436,82.9,136.2,136.2,7822.2109375,0.0,0.0
13262.228788637,82.3,134.3,134.3,7828.73046875,0.0,0.011573123066261003
13263.241036721,89.8,129.6,129.6,7941.36328125,0.0,0.12348751454885187
13264.248231226,78.3,135.6,135.6,7904.24609375,0.0,0.0
13265.250955577,77.0,120.5,120.5,7973.18359375,0.0,0.0
13266.254815183,80.2,126.6,126.6,7905.21875,0.0,0.0
13267.259061061,84.7,132.0,132.0,7918.80859375,0.0,0.0
13268.269196157,84.9,132.9,132.9,7941.3359375,0.0,0.0
13269.275044493,72.1,118.0,118.0,7912.828125,0.0,0.05436952872779572
13270.285386663,70.3,119.3,119.3,7927.421875,0.0,0.0
13271.288812394,70.9,119.0,119.0,7897.8671875,0.0,0.0
13272.300407106,58.9,98.4,98.4,7943.515625,0.0,3.417407395458986
13273.306262371,81.8,90.5,90.5,7937.44140625,0.0,3.5728301327765397
13274.309276173,67.1,110.7,110.7,7897.8671875,0.0,0.2297762498783165
13275.311618575,69.8,109.7,109.7,7897.8671875,0.0,0.0
13276.31607399,69.8,111.1,111.1,7920.82421875,0.0,0.0
13277.322706486,70.3,110.7,110.7,7897.87109375,0.0,0.0
13278.326081257,64.0,105.4,105.4,7918.69921875,0.0,0.007786223279473941
13279.336429155,67.4,109.1,109.1,7897.87109375,0.01546497006717241,0.18171339828927582
13280.338696862,70.9,108.7,108.7,7897.87109375,0.0,0.0
13281.341383389,70.2,111.5,111.5,7897.87109375,0.0,0.0
13282.34649564,69.3,111.4,111.4,7897.87890625,0.0,0.0
13283.350681093,61.5,105.7,105.7,7897.8828125,0.0,0.0
13284.353052469,69.3,110.7,110.7,7897.8828125,0.0,0.07404316581361406
13285.355354075,69.8,110.7,110.7,7897.8828125,0.0,0.0
13286.358077391,65.7,105.4,105.4,7956.99609375,0.0,0.0
13287.363550526,75.4,111.3,111.3,7914.80078125,0.0,0.0
13288.37355015,67.1,109.0,109.0,7914.80078125,0.0,0.06188121115585496
13289.378662561,69.0,110.5,110.5,7870.19921875,0.0,0.1399097239881359
13290.388798927,60.0,105.1,105.1,7869.56640625,0.0,0.0
13291.392548922,72.1,109.6,109.6,7883.54296875,0.0,0.0
13292.395299282,67.2,111.6,111.6,7883.54296875,0.0,0.0
13293.399633124,69.8,108.6,108.6,7883.54296875,0.0,0.015557575924041408
13294.402364693,70.8,110.7,110.7,7883.54296875,0.0,0.10518143964006293
13295.40457824,70.4,108.8,108.8,7883.54296875,0.0,0.0
13296.408038594,70.0,108.6,108.6,7884.13671875,0.0,0.0
13297.410746378,65.0,106.7,106.7,7917.55859375,0.0,0.0
13298.414657283,68.7,110.5,110.5,7884.13671875,0.0,0.019455162706904852
13299.418965847,69.1,109.6,109.6,7884.13671875,0.0,0.10112678875842943
13300.421158636,68.5,108.7,108.7,7884.13671875,0.0,0.0
13301.424130734,68.7,110.2,110.2,7884.13671875,0.0,0.0
13302.432186112,67.8,109.6,109.6,7884.13671875,0.0,0.0
13303.435018114,69.2,111.6,111.6,7884.13671875,0.0,0.007790437465523033
13304.439508551,67.9,108.4,108.4,7884.13671875,0.0,0.14388514283079015
13305.444823521,67.9,109.1,109.1,7884.13671875,0.0,0.0
13306.455049549,71.1,111.3,111.3,7884.13671875,0.0,0.0
13307.460201044,68.3,110.4,110.4,7884.140625,0.0,0.0
13308.463227539,71.9,108.7,108.7,7884.140625,0.0,0.0
13309.465769203,70.9,109.7,109.7,7884.140625,0.0,0.07792693591235415
13310.468618501,68.9,109.7,109.7,7884.953125,0.0,0.0
13311.471777846,65.3,110.7,110.7,7884.953125,0.0,0.0
13312.475069217,65.5,106.6,106.6,7884.953125,0.0,0.0
13313.477598693,69.8,109.8,109.8,7884.953125,0.0,0.10909903660530167
13314.479841606,69.6,109.7,109.7,7884.953125,0.0,0.0
13315.482926458,69.4,110.7,110.7,7884.953125,0.0,0.054519315979061775
13316.485835412,64.1,105.7,105.7,7891.51171875,0.0,0.0
13317.48801603,67.8,111.7,111.7,7891.51171875,0.0,0.0
13318.490511205,73.4,106.7,106.7,7870.9765625,0.0,0.0
13319.494047402,68.8,104.6,104.6,7924.8203125,0.0,0.0
13320.501044692,65.0,110.2,110.2,7921.93359375,0.0,0.07758213530047772
13321.503986977,67.5,111.7,111.7,7882.99609375,0.0,0.0
13322.506878778,69.5,110.5,110.5,7882.99609375,0.0,0.0
13323.511548983,66.6,105.1,105.1,7887.0703125,0.0,0.0
13324.526035127,71.5,114.0,114.0,7887.0703125,0.0,0.0
13325.530436586,65.4,106.5,106.5,7887.0703125,0.0,0.0
13326.536907262,66.0,109.3,109.3,7887.0703125,0.0,0.05433590993164594
13327.540049212,71.4,109.7,109.7,7887.0703125,0.0,0.0
13328.542200193,72.9,109.7,109.7,7887.0703125,0.0,0.0
13329.544846858,69.5,109.7,109.7,7887.0703125,0.0,0.0
13330.547054569,69.5,110.7,110.7,7887.0703125,0.0,0.0
13331.550760496,69.2,109.6,109.6,7887.0703125,0.0,0.07783654345204777
13332.556037928,65.2,106.6,106.6,7907.0078125,0.0,0.0
13333.560914999,70.4,108.3,108.3,7899.8359375,0.0,0.0
13334.576167338,66.0,109.5,109.5,7899.8359375,0.0,0.0038475656247638403
13335.578495469,69.4,109.7,109.7,7899.8359375,0.0,0.031177414893871134
13336.581224619,69.7,110.7,110.7,7881.58984375,0.0,0.0
13337.585037006,72.2,107.6,107.6,7881.58984375,0.0,0.05447980191143434
13338.587633631,68.4,108.7,108.7,7881.58984375,0.0,0.0
13339.590076125,73.0,112.5,112.5,7881.58984375,0.0,0.00779346450969425
13340.593942055,65.7,108.7,108.7,7886.39453125,0.0,0.0
13341.59679811,70.1,109.7,109.7,7886.39453125,0.0,0.0
13342.600058917,72.1,112.4,112.4,7886.39453125,0.0,0.12070017004067775
13343.607200088,68.9,111.5,111.5,7907.22265625,0.0,0.0
13344.609735527,67.3,108.6,108.6,7889.75,0.0,0.011689112967107966
13345.613527139,69.3,110.6,110.6,7889.75,0.0,0.0
13346.619129866,67.1,110.3,110.3,7891.67578125,0.0,0.0
13347.623636572,65.1,105.6,105.6,7916.4921875,0.0,0.1827700590781269
13348.625916468,71.5,109.7,109.7,7891.67578125,0.0,0.0
13349.628563825,69.8,107.6,107.6,7891.67578125,0.0,0.0
13350.633809985,71.5,114.4,114.4,7891.67578125,0.0,0.0
13351.638222362,65.8,109.6,109.6,7891.67578125,0.0,0.0
13352.642039258,68.7,106.6,106.6,7924.20703125,0.0,0.07782793885151025
13353.644691303,68.7,109.7,109.7,7891.67578125,0.0,0.0
13354.647060999,65.6,109.7,109.7,7891.67578125,0.0,0.0
13355.649258068,68.5,109.7,109.7,7891.67578125,0.0,0.0
13356.652225413,67.8,111.4,111.4,7891.6796875,0.0,0.0
13357.658233317,69.6,107.6,107.6,7891.6796875,0.0,0.05436090490192501
13358.660238774,73.3,110.5,110.5,7891.6796875,0.0,0.0
13359.665653995,68.7,108.7,108.7,7891.6796875,0.0,0.0
13360.667873116,69.9,109.2,109.2,7891.6796875,0.0,0.0
13361.678957716,63.3,106.3,106.3,7891.6796875,0.0,0.0
13362.683556315,69.4,111.5,111.5,7891.6796875,0.0,0.0
13363.685776898,66.5,111.8,111.8,7891.6796875,0.0,0.07795190133300722
13364.687616912,50.9,100.8,100.8,7891.6796875,0.0,0.0
13365.691031417,57.4,87.1,87.1,7891.78125,0.0,0.007785914954462656
13366.708053721,81.4,132.7,132.7,7850.43359375,0.0,0.0
13367.710566754,81.6,134.9,134.9,7849.09765625,0.0,0.03506812265054659
13368.722985904,82.6,123.8,123.8,7849.09765625,0.0,0.0887416540866573
13369.729834331,85.4,122.8,122.8,7894.83203125,0.0,0.0
13370.741966437,73.3,122.6,122.6,7898.57421875,0.0,0.0038594270222610865
13371.753125766,74.9,122.4,122.4,7906.9765625,0.0,0.0
13372.769569407,77.5,126.2,126.2,7899.80078125,0.0,0.0
13373.784417853,86.5,135.8,135.8,7924.7421875,0.0,0.0
13374.796981159,85.0,133.5,133.5,7911.50390625,0.0,0.08101345319738724
13375.808108289,71.5,119.2,119.2,7927.6875,0.0,0.0
13376.810600955,71.8,120.6,120.6,7900.6640625,0.0,0.0
13377.814215339,71.4,117.0,117.0,7909.4453125,0.0,0.0
13378.825584672,59.3,108.3,108.3,7909.4453125,0.0,0.0
13379.830298384,87.2,84.7,84.7,7909.50390625,0.0,7.1032361405653015
13380.832992418,67.7,109.6,109.6,7909.50390625,0.0,0.0
13381.838056905,70.8,110.4,110.4,7909.50390625,0.0,0.0
13382.844414986,70.2,110.4,110.4,7909.50390625,0.0,0.0
13383.847254693,70.7,109.7,109.7,7909.50390625,0.0,0.0
13384.849151281,68.2,106.4,106.4,7909.50390625,0.0,0.0545839766848818
13385.859022744,69.9,108.9,108.9,7909.50390625,0.0,0.0
13386.868959985,63.5,111.4,111.4,7909.50390625,0.0,0.0
13387.871896301,70.8,110.7,110.7,7909.50390625,0.0,0.0
13388.874681437,72.0,107.6,107.6,7909.50390625,0.0,0.0
13389.879335919,67.2,110.5,110.5,7909.50390625,0.0,0.07776305326831696
13390.884164158,66.8,105.2,105.2,7909.50390625,0.0,0.06608716537076832
13391.896082426,70.6,108.9,108.9,7945.41796875,0.0,0.0
13392.902998928,67.2,110.5,110.5,7943.23828125,0.0,0.0
13393.90521161,68.2,110.7,110.7,7909.50390625,0.0,0.0
13394.908062254,69.3,109.5,109.5,7909.50390625,0.0,0.0
13395.91419199,60.0,105.5,105.5,7909.50390625,0.0,0.13200335428724844
13396.917045386,71.1,108.7,108.7,7909.50390625,0.0,0.0
13397.919894315,71.8,109.9,109.9,7909.50390625,0.0,0.0
13398.934800219,71.4,106.6,106.6,7909.50390625,0.0,0.0384887897942684
13399.947183833,71.9,114.2,114.2,7909.94140625,0.0,0.0
13400.951644009,69.3,109.6,109.6,7909.94140625,0.0,0.09333371520345257
13401.953857796,71.9,108.7,108.7,7909.94140625,0.0,0.0
13402.95652788,70.6,110.7,110.7,7909.94140625,0.0,0.0
13403.958649608,67.8,109.7,109.7,7909.94140625,0.0,0.0
13404.961626095,70.4,108.2,108.2,7909.94140625,0.0,0.0
13405.972935562,66.9,108.7,108.7,7909.94140625,0.0,0.0
13406.986889571,71.1,113.4,113.4,7914.1328125,0.0,0.11942726092614676
13407.994988531,65.3,112.7,112.7,7912.5390625,0.0,0.0
13408.997499497,69.6,103.7,103.7,7912.5390625,0.0,0.0
13409.99986519,71.8,109.8,109.8,7912.5390625,0.0,0.0
13411.0020679,69.8,109.8,109.8,7912.5390625,0.0,0.0
13412.004294853,72.0,110.7,110.7,7912.5390625,0.0,0.09743925735351976
13413.008044375,67.4,103.6,103.6,7947.6640625,0.0,0.007783316284370136
13414.011074856,64.9,110.7,110.7,7912.5390625,0.0,0.0
13415.013990055,68.3,108.7,108.7,7912.5390625,0.0,0.0
13416.016407871,70.3,110.7,110.7,7913.57421875,0.0,0.0
13417.019566098,69.0,105.7,105.7,7913.57421875,0.0,0.07398508829652141
13418.038031693,66.2,108.1,108.1,7913.57421875,0.0,0.0
13419.040562014,69.1,110.7,110.7,7913.57421875,0.0,0.007792781760659085
13420.042872282,68.5,111.7,111.7,7913.57421875,0.0,0.0
13421.045473445,76.1,109.6,109.6,7915.046875,0.0,0.0
13422.049977798,70.9,109.6,109.6,7915.046875,0.0,0.08555214294818549
13423.053794082,68.8,111.0,111.0,7915.66015625,0.0,0.0
13424.064919077,64.7,109.3,109.3,7915.046875,0.0,0.01158981338404576
13425.067195328,68.1,106.8,106.8,7945.79296875,0.0,0.0
13426.06939756,69.2,109.7,109.7,7945.1875,0.0,0.0
13427.073821146,68.8,110.5,110.5,7915.046875,0.0,0.10111520818083908
13428.076177127,70.6,107.7,107.7,7915.046875,0.0,0.0
13429.078533194,73.8,106.6,106.6,7915.046875,0.0,0.0
13430.082980913,69.3,108.5,108.5,7915.046875,0.0,0.007777906059450346
13431.087308793,67.5,105.6,105.6,7950.30859375,0.0,0.027225919487558755
13432.094195532,64.2,109.4,109.4,7915.046875,0.0,0.08922925143420389
13433.096616513,72.5,110.7,110.7,7929.97265625,0.0,0.0
13434.09976973,70.3,109.6,109.6,7929.97265625,0.0,0.10903120096343312
13435.103712718,59.2,105.6,105.6,7904.98828125,0.0,0.007781816391351978
13436.106304566,71.8,110.7,110.7,7911.07421875,0.0,0.0
13437.108983191,68.2,113.5,113.5,7911.07421875,0.0,0.0740204769000603
13438.114276033,65.9,103.6,103.6,7911.07421875,0.0,0.0
13439.121229071,69.7,111.2,111.2,7911.07421875,0.0,0.0
13440.124192397,70.8,111.6,111.6,7887.41015625,0.0,0.0
13441.127689641,67.0,107.5,107.5,7887.41015625,0.0,0.007785273000704048
13442.138716014,62.9,106.0,106.0,7887.41015625,0.0,0.08500025547798093
13443.141566851,69.3,111.7,111.7,7894.15234375,0.0,0.0
13444.144542025,69.1,109.5,109.5,7894.15234375,0.0,0.0
13445.149040515,67.9,108.3,108.3,7894.15234375,0.0,0.0
13446.159876005,71.4,112.2,112.2,7894.15234375,0.0,0.007728755150848081
13447.162400819,68.4,110.7,110.7,7900.96875,0.0,0.06234259653951577
13448.165501751,68.9,110.7,110.7,7900.96875,0.4634067571572692,0.0
13449.16912151,71.0,109.4,109.4,7901.33203125,0.0,0.0
13450.17403311,65.9,104.0,104.0,7901.33203125,0.0,0.0
13451.187078455,69.7,111.3,111.3,7901.33203125,0.0,0.0
13452.203449776,72.1,113.1,113.1,7901.33203125,0.0,0.09223991081106325
13453.20509102,72.3,104.8,104.8,7921.19921875,0.0,0.0
13454.208106188,71.4,110.9,110.9,7901.33203125,0.0,0.0
13455.217908734,68.2,116.5,116.5,7901.3359375,0.0,0.0
13456.223242352,66.1,104.7,104.7,7901.3359375,0.0,0.0
13457.225490044,70.8,108.7,108.7,7901.3359375,0.0,0.06625732394301134
13458.228522644,71.1,111.7,111.7,7901.3359375,0.0,0.0
13459.231396793,70.6,109.7,109.7,7908.140625,0.0,0.0
13460.234971296,62.0,105.6,105.6,7908.140625,0.0,0.0
13461.237945506,69.3,108.7,108.7,7909.92578125,0.0,0.0
13462.240312863,69.3,112.7,112.7,7909.92578125,0.0,0.15977799843704082
13463.243047681,67.9,104.1,104.1,7909.92578125,0.0,0.007791192506483662
13464.255509747,60.7,111.3,111.3,7909.92578125,0.0,0.0
13465.258109865,69.8,109.7,109.7,7909.92578125,0.0,0.0
13466.260885671,70.8,109.7,109.7,7909.92578125,0.0,0.0
13467.263658428,71.4,110.7,110.7,7936.66015625,0.0,0.0818044262044987
13468.265865132,67.0,111.7,111.7,7911.92578125,0.0,0.1169294712681474
13469.269682192,69.4,104.5,104.5,7928.55859375,0.0,0.0
13470.27426393,65.2,111.6,111.6,7911.92578125,0.0,0.0
13471.276922896,55.4,105.7,105.7,7911.92578125,0.0,0.0
13472.279211871,50.6,99.8,99.8,7911.92578125,0.0,0.09743322777746478
13473.282644215,77.4,105.4,105.4,7866.14453125,0.0,0.0
13474.289289738,82.4,132.0,132.0,7852.89453125,0.0,0.00776092459708284
13475.299047649,82.2,134.1,134.1,7860.96875,0.0,0.0
13476.303547148,86.0,132.1,132.1,7899.12890625,0.0,0.0
13477.309750236,78.7,115.2,115.2,7918.66015625,0.0,0.062114697068000504
13478.326520358,82.1,130.2,130.2,7929.23828125,0.0,0.0
13479.338741358,86.7,131.6,131.6,7911.8984375,0.0,0.0077181761690316
13480.353935286,86.8,134.8,134.8,7907.953125,0.0,0.0
13481.360340406,83.6,134.9,134.9,7891.32421875,0.0,0.0
13482.371908394,69.2,116.8,116.8,7893.22265625,0.0,0.0
13483.37547015,72.9,123.2,123.2,7919.2578125,0.0,0.0856324979366248
13484.383981122,69.8,121.0,121.0,7919.2578125,0.0,0.0
13485.394079832,62.2,79.4,79.4,7956.3984375,0.0,6.910679798812316
13486.396592512,77.6,110.7,110.7,7919.2578125,0.0,0.0
13487.401038552,68.2,106.5,106.5,7941.5625,0.0,0.0
13488.404041631,70.9,106.6,106.6,7925.875,0.0,7.228292865487372
13489.411184232,69.0,109.4,109.4,7919.2578125,0.0,0.0
13490.413630371,68.3,110.7,110.7,7941.375,0.0,0.0
13491.416017869,70.5,111.7,111.7,7919.2578125,0.023381676294616165,0.17925951825872394
13492.418823068,64.1,105.7,105.7,7919.2578125,0.0,0.0
13493.420996349,67.4,110.7,110.7,7919.2578125,0.0,0.14811560317380867
13494.424034488,67.7,112.5,112.5,7919.2578125,0.0,0.0
13495.427963138,70.0,110.7,110.7,7919.2578125,0.0,0.0
13496.431025256,70.0,110.7,110.7,7919.2578125,0.0,0.03115460093565308
13497.433975305,65.8,106.0,106.0,7919.2578125,0.0,0.0
13498.446963649,66.9,108.3,108.3,7919.2578125,0.0,0.0655548016849567
13499.450494982,73.6,111.6,111.6,7919.2578125,0.0,0.18684020501813112
13500.453519583,70.5,110.6,110.6,7919.2578125,0.0,0.0
13501.457069782,70.1,108.7,108.7,7919.2578125,0.0,0.0
13502.458870473,63.3,105.8,105.8,7960.34375,0.0,0.0
13503.461103884,68.6,109.8,109.8,7933.53125,0.0,0.0
13504.463277843,66.9,109.7,109.7,7919.2578125,0.0,0.05456886951493903
13505.469076848,68.4,111.4,111.4,7919.2578125,0.0,0.0
13506.471914421,71.3,109.7,109.7,7919.2578125,0.0,0.0
13507.477053822,65.0,105.5,105.5,7949.98046875,0.0,0.0
13508.483210808,69.3,108.4,108.4,7919.2578125,0.0,0.0
13509.485572569,69.7,108.6,108.6,7919.2578125,0.0,0.0935291066037883
13510.491050786,65.1,110.5,110.5,7923.5234375,0.0,0.0
13511.493246896,64.4,106.8,106.8,7919.2578125,0.0,0.0
13512.495584781,70.3,108.7,108.7,7919.2578125,0.0,0.0
13513.498078302,69.8,109.7,109.7,7919.2578125,0.0,0.0
13514.500539432,69.6,109.7,109.7,7919.2578125,0.0,0.0
13515.503577755,68.3,110.5,110.5,7919.2578125,0.0,0.054521845024232636
13516.509173538,66.7,106.1,106.1,7919.2578125,0.0,0.01553805243037131
13517.520939344,69.0,109.7,109.7,7921.578125,0.0,0.0
13518.531848068,68.9,108.3,108.3,7921.58203125,0.0,0.0
13519.534034733,68.8,109.8,109.8,7921.58203125,0.0,0.0
13520.536297249,64.7,111.7,111.7,7921.58203125,0.0038974319977462908,0.14030755191886646
13521.539194265,69.0,108.7,108.7,7921.58203125,0.0,0.0
13522.541756037,68.4,108.7,108.7,7921.58203125,0.0,0.01558507459228747
13523.545045907,67.3,110.5,110.5,7921.58203125,0.0,0.015573764339923359
13524.549395212,67.5,106.0,106.0,7922.8046875,0.0,0.0
13525.563932818,68.7,111.2,111.2,7922.8046875,0.0,0.061604419225387924
13526.576555154,65.4,108.4,108.4,7922.8046875,0.0,0.011572675797659669
13527.582494512,74.4,111.5,111.5,7922.8671875,0.0,0.0
13528.592694345,70.8,107.7,107.7,7922.8046875,0.0,0.0
13529.595246634,69.0,110.7,110.7,7922.8046875,0.0,0.04675566602786454
13530.597456642,70.2,109.8,109.8,7922.8046875,0.0,0.08964563243511078
13531.599715632,69.3,109.1,109.1,7922.8046875,0.0,0.0
13532.612094197,70.5,110.1,110.1,7922.8046875,0.0,0.0
13533.616680815,66.1,104.6,104.6,7922.8046875,0.0,0.0
13534.622369926,65.0,110.4,110.4,7922.8125,0.0,0.0
13535.624640357,70.8,110.7,110.7,7924.52734375,0.0,0.05456361707235474
13536.627784815,67.5,110.6,110.6,7924.52734375,0.0,0.0
13537.632079361,64.5,103.6,103.6,7924.52734375,0.0,0.0
13538.635310522,71.0,106.7,106.7,7924.52734375,0.0,0.0
13539.638348017,66.9,109.6,109.6,7924.52734375,0.0,0.0
13540.641391301,65.8,107.1,107.1,7924.52734375,0.0,0.07788796480296682
13541.6512866,68.3,109.3,109.3,7924.52734375,0.0,0.0
13542.657526933,64.1,111.5,111.5,7924.52734375,0.0,0.0
13543.661026972,74.7,109.7,109.7,7924.52734375,0.0,0.0
13544.663305634,69.6,110.7,110.7,7924.52734375,0.0,0.0
13545.666229066,68.0,109.7,109.7,7924.52734375,0.0,0.0
13546.669482994,70.6,110.5,110.5,7924.52734375,0.0,0.054510127968317626
13547.675083513,65.1,105.4,105.4,7924.53515625,0.0,0.011653484438984117
13548.693039629,72.3,112.2,112.2,7924.53515625,0.0,0.0
13549.696046609,65.0,105.7,105.7,7924.53515625,0.0,0.011683617595567686
13550.698889754,68.3,107.5,107.5,7981.6171875,0.0,0.0
13551.70505349,65.1,110.5,110.5,7936.94140625,0.0,0.10870497125515147
13552.707357053,70.0,110.8,110.8,7936.94140625,0.0,0.0
13553.709622601,68.5,109.7,109.7,7936.94140625,0.0,0.10912776580835741
13554.714039661,64.8,111.6,111.6,7938.1015625,0.0,0.0
13555.718172938,67.8,105.5,105.5,7977.39453125,0.0,0.0
13556.724336379,72.4,110.0,110.0,7913.640625,0.0,0.05435250156344154
13557.736298514,75.9,115.8,115.8,7928.6953125,0.0,0.011580225775932823
13558.741080251,70.9,102.6,102.6,7928.6953125,0.0,0.0
13559.743342446,64.9,108.7,108.7,7928.69921875,0.0,0.0
13560.74632563,66.7,106.5,106.5,7935.6171875,0.0,0.0
13561.751166759,64.2,109.6,109.6,7940.515625,0.0,0.0
13562.756900785,67.3,108.4,108.4,7913.95703125,0.0,0.08933152073755014
13563.759914679,69.6,109.7,109.7,7913.95703125,0.0,0.0
13564.762751672,70.2,110.7,110.7,7921.9375,0.0,0.038951993467176996
13565.765088588,73.8,110.6,110.6,7921.9375,0.0,0.0
13566.770255376,63.8,104.6,104.6,7926.8046875,0.0,0.0
13567.772567153,70.1,109.7,109.7,7926.8046875,0.0,0.05456136628824315
13568.774763058,71.2,108.8,108.8,7926.8046875,0.0,0.0
13569.777035933,68.7,106.2,106.2,7926.8046875,0.0,0.0
13570.78754545,68.9,111.1,111.1,7926.8046875,0.0,0.0
13571.79573177,66.8,112.3,112.3,7926.8046875,0.0,0.0
13572.799505108,64.6,104.6,104.6,7926.8046875,0.0,0.07783131613726668
13573.802531294,70.7,112.7,112.7,7966.7421875,0.0,0.0
13574.805385985,73.0,113.1,113.1,7926.8046875,0.0,0.0
13575.819260268,67.8,110.9,110.9,7926.8046875,0.0,0.0
13576.823470597,71.7,112.2,112.2,7926.8046875,0.0,0.0
13577.830902167,67.6,107.0,107.0,7926.8046875,0.0,0.05428408402972774
13578.842068123,55.6,103.4,103.4,7926.8046875,0.0,0.01158934389598055
13579.845059843,50.9,99.7,99.7,7926.8046875,0.0,0.0
13580.847829996,77.8,102.1,102.1,7843.5078125,0.0,0.0
13581.863057605,88.0,134.1,134.1,7816.51953125,0.0,0.0
13582.880497223,85.9,132.9,132.9,7810.34765625,0.0,0.0
13583.890015883,87.0,133.0,133.0,7902.9453125,0.0,0.13929905961307723
13584.897320536,73.8,121.3,121.3,7908.30859375,0.0,0.0
13585.901031998,74.9,121.6,121.6,7955.453125,0.0,0.01556722284395566
13586.903525451,84.1,134.5,134.5,7959.73828125,0.0,0.0
13587.917044822,88.3,135.7,135.7,7914.31640625,0.0,0.0
13588.926143284,90.1,130.2,130.2,7957.796875,0.35226369218265735,0.1896804496368155
13589.930631595,70.0,122.8,122.8,7916.5,0.0,0.0
13590.943150338,72.2,120.2,120.2,7964.96484375,0.0,0.0
13591.946937888,70.6,121.6,121.6,7931.2265625,0.0,0.0
13592.949044451,60.6,89.8,89.8,8018.4375,0.0,0.007796077072502021
13593.952028387,85.0,89.8,89.8,7931.2265625,0.0,0.1285227463501761
13594.953709237,62.6,107.5,107.5,7931.2265625,0.0,0.0
13595.961273476,66.2,113.4,113.4,7931.2265625,0.0,0.0
13596.963470225,67.8,104.5,104.5,7946.9609375,0.0,0.0
13597.96836734,63.9,111.7,111.7,7931.2265625,0.0,0.0
13598.97103143,73.2,107.6,107.6,7931.2265625,0.0,0.0
13599.975804373,67.4,107.8,107.8,7931.2265625,0.0,0.1049677449365043
13600.989316287,70.4,113.3,113.3,7931.2265625,0.0,0.05010424574054214
13601.992049266,70.3,110.7,110.7,7931.2265625,0.0,0.0
13602.998299275,68.8,110.3,110.3,7939.38671875,0.0,0.0
13604.001449473,72.5,109.7,109.7,7939.38671875,0.0,0.0
13605.003950052,64.9,110.6,110.6,7939.38671875,0.0,0.08182663603234691
13606.008405516,70.1,109.6,109.6,7939.38671875,0.0,0.0
13607.011043501,71.4,108.7,108.7,7939.38671875,0.0,0.0
13608.013567102,66.2,111.7,111.7,7939.38671875,0.0,0.0
13609.019046442,73.6,105.4,105.4,7919.48046875,0.0,0.0
13610.021341617,71.1,111.7,111.7,7920.8515625,0.0,0.0896380150686247
13611.025133917,69.8,111.4,111.4,7936.4609375,0.0,0.0
13612.032034789,66.7,106.5,106.5,7953.55859375,0.0,0.0
13613.034232941,65.3,110.7,110.7,7936.4609375,0.0,0.0
13614.036938387,68.6,110.7,110.7,7936.4609375,0.0,0.0
13615.039987632,67.6,108.5,108.5,7936.4609375,0.0,0.10125375250140209
13616.044041442,64.3,106.5,106.5,7968.01171875,0.0,0.0
13617.049855906,69.3,108.6,108.6,7938.05859375,0.0,0.0
13618.052310178,71.6,111.0,111.0,7936.4609375,0.0,0.0
13619.06471032,67.3,109.4,109.4,7936.4609375,0.0,0.0
13620.066915443,70.3,108.8,108.8,7938.20703125,0.0,0.08964606939062304
13621.069092418,68.5,112.4,112.4,7936.4609375,0.0,0.011693293991311962
13622.075503344,72.1,110.9,110.9,7936.4609375,0.0,0.0
13623.087038331,69.3,110.0,110.0,7936.4609375,0.0,0.0
13624.095075714,65.6,104.8,104.8,7936.46484375,0.0,0.0
13625.110292302,70.6,111.5,111.5,7936.46484375,0.0,0.05386781564285745
13626.122036593,69.3,114.2,114.2,7936.46484375,0.0,0.0
13627.125719371,63.1,104.6,104.6,7936.46484375,0.0,0.0
13628.128782076,73.6,111.7,111.7,7936.46484375,0.0,0.0
13629.13185232,73.2,108.7,108.7,7936.46484375,0.0,0.0
13630.134757042,65.3,108.9,108.9,7936.46484375,0.0,0.0
13631.148056445,64.8,108.3,108.3,7936.46484375,0.0,0.0770996210683336
13632.151265998,70.0,108.9,108.9,7936.46484375,0.0,0.0
13633.166026204,69.7,109.8,109.8,7936.46484375,0.0,0.0
13634.176119126,65.7,111.9,111.9,7936.46484375,0.0,0.0
13635.18405605,65.2,104.5,104.5,7936.46484375,0.0,0.0
13636.187034597,70.8,109.7,109.7,7936.46484375,0.0,0.054525094443539195
13637.190043704,70.7,108.4,108.4,7953.65234375,0.0,0.038945309396866884
13638.195190981,66.3,109.7,109.7,7968.62890625,0.0,0.0
13639.19806515,69.4,108.7,108.7,7938.42578125,0.0,0.0
13640.200976846,66.6,108.6,108.6,7938.42578125,0.0,0.0
13641.206481873,67.6,108.5,108.5,7938.42578125,0.0,0.08935186556752771
13642.208865248,68.1,111.7,111.7,7938.42578125,0.0,0.0
13643.211518493,70.7,111.7,111.7,7918.17578125,0.0,0.0
13644.214517278,66.2,110.5,110.5,7918.17578125,0.0,0.0
13645.220903936,66.0,104.5,104.5,7919.62890625,0.0,0.0
13646.223066704,66.8,111.7,111.7,7926.12109375,0.0,0.10913895775463298
13647.225858936,71.1,111.7,111.7,7926.12109375,0.0,0.0
13648.228670062,68.6,110.7,110.7,7930.19140625,0.0,0.1129636948204489
13649.231254477,71.0,109.6,109.6,7930.27734375,0.0,0.0
13650.237246338,62.9,104.5,104.5,7930.27734375,0.0,0.0
13651.240092477,68.9,112.3,112.3,7933.5390625,0.0,0.01168549146698853
13652.245530096,70.6,110.7,110.7,7933.5390625,0.0,0.0932429801994135
13653.248209131,67.8,109.7,109.7,7933.5390625,0.0,0.0
13654.2504481,71.9,109.6,109.6,7933.5390625,0.0,0.0
13655.255097259,66.9,109.6,109.6,7933.5390625,0.0,0.0
13656.257427733,68.2,113.7,113.7,7926.125,0.0,0.0
13657.260256438,69.3,108.6,108.6,7926.125,0.0,0.054533241547021716
13658.263855112,65.9,104.7,104.7,7943.93359375,0.0,0.0
13659.266030538,69.0,110.8,110.8,7941.3203125,0.0,0.0
13660.268264494,67.2,111.6,111.6,7941.3203125,0.0,0.0
13661.274045646,66.8,105.4,105.4,7975.99609375,0.0,0.0
13662.279038074,67.1,113.6,113.6,7957.9375,0.0,0.07773690410323927
13663.281684526,67.8,110.7,110.7,7985.1484375,0.0,0.0
13664.284036934,68.6,110.7,110.7,7941.3203125,0.0,0.0
13665.286843012,71.7,109.7,109.7,7941.3203125,0.0,0.0
13666.289653003,69.6,109.6,109.6,7941.3203125,0.0,0.0
13667.29403389,60.6,106.6,106.6,7947.52734375,0.0,0.054448965235958706
13668.296271991,68.6,109.7,109.7,7941.3203125,0.0,0.0
13669.298882284,74.6,109.6,109.6,7941.3203125,0.0,0.0
13670.302972719,69.1,105.9,105.9,7941.3203125,0.0,0.0
13671.317135733,67.8,114.1,114.1,7941.3203125,0.0,0.0
13672.3200368,66.2,105.7,105.7,7941.3203125,0.0,0.13632326706850806
13673.322254569,66.7,108.7,108.7,7941.3203125,0.0,0.0
13674.3252279,62.8,106.2,106.2,7975.1015625,0.0,0.0
13675.33232319,69.4,110.7,110.7,7941.3203125,0.0,0.0
13676.335206055,69.6,112.7,112.7,7945.3203125,0.0,0.0
13677.338766554,64.0,104.6,104.6,7945.3203125,0.0,0.011677173435672046
13678.34096315,70.1,108.6,108.6,7945.3203125,0.0,0.08964683212709831
13679.348044733,67.8,104.4,104.4,7945.3203125,0.0,0.0
13680.350731428,65.8,110.7,110.7,7945.3203125,0.0,0.0
13681.353156893,69.9,113.5,113.5,7945.3203125,0.0,0.0
13682.360044622,62.8,106.0,106.0,7945.3203125,0.0,0.0
13683.367086472,69.4,108.6,108.6,7945.3203125,0.0,0.08921550777656799
13684.371192966,67.7,110.6,110.6,7945.3203125,0.0,0.0
13685.373367175,68.8,108.7,108.7,7945.3203125,0.0,0.0
13686.376265179,66.0,108.7,108.7,7945.3203125,0.0,0.0
13687.379023406,51.0,100.8,100.8,7945.3203125,0.0,0.0
13688.382040567,53.6,93.7,93.7,7954.68359375,0.0,0.06620649434733093
13689.384578205,83.0,119.6,119.6,7889.51953125,0.0,0.0
13690.3969884,86.4,128.6,128.6,7841.3359375,0.0,0.0
13691.414175649,79.4,134.3,134.3,7824.46484375,0.0,0.0
13692.425810435,83.6,129.6,129.6,7916.58984375,0.0,0.0
13693.437042382,78.0,128.5,128.5,7922.03515625,0.0,0.0
13694.446037864,78.2,124.2,124.2,7995.0078125,0.0,0.07742849338153099
13695.450205828,82.6,129.4,129.4,7949.38671875,0.0,0.0
13696.456051021,87.3,135.7,135.7,7929.60546875,0.0,0.0
13697.468820833,86.5,136.6,136.6,7931.34765625,0.0,0.0
13698.473757041,71.6,115.5,115.5,7892.71484375,0.0,0.0
13699.478063755,71.9,119.0,119.0,7941.515625,0.0,0.07778998080066184
13700.488628989,69.2,120.9,120.9,7934.05078125,0.0,0.0
13701.498115547,61.0,87.5,87.5,7936.6875,0.0,3.4322831963868348
13702.50546012,85.4,117.1,117.1,7943.640625,0.4769656410303318,0.06592208046760684
13703.509725541,70.3,103.7,103.7,7943.640625,0.0,0.011668976900887565
13704.513461384,62.9,109.4,109.4,7943.640625,0.0038917111780376675,3.7944183985867257
13705.519051858,66.3,106.6,106.6,7921.125,0.0,0.0
13706.523365971,65.9,109.5,109.5,7921.125,0.0,0.0
13707.525962165,67.9,111.7,111.7,7921.125,0.0077922697560057225,0.09350723707206866
13708.528180869,72.4,106.9,106.9,7921.78125,0.0,0.1636992997090267
13709.545030475,68.3,109.9,109.9,7921.125,0.0,0.15750239667208332
13710.55196475,71.3,108.2,108.2,7936.23828125,0.0,0.0
13711.556074112,67.8,107.5,107.5,7954.5078125,0.0,0.0
13712.561042201,66.8,109.6,109.6,7931.61328125,0.0,0.007773878678857609
13713.563900659,66.2,111.7,111.7,7931.61328125,0.0,0.0
13714.566158356,69.3,111.7,111.7,7931.61328125,0.0,0.14030822653806047
13715.568511514,67.9,109.8,109.8,7931.61328125,0.0,0.0
13716.570564062,69.2,110.6,110.6,7931.61328125,0.0,0.0
13717.575053623,65.5,106.8,106.8,7931.61328125,0.0,0.0
13718.593265349,75.1,106.7,106.7,7932.515625,0.0,0.0
13719.598504873,70.2,111.7,111.7,7932.515625,0.0,0.08160368553117182
13720.601106029,68.6,108.0,108.0,7932.515625,0.0,0.0
13721.612770658,63.9,108.5,108.5,7932.515625,0.0,0.0
13722.614579669,69.3,109.8,109.8,7932.515625,0.0,0.0
13723.617586592,69.5,109.7,109.7,7932.515625,0.0,0.0
13724.61976859,67.4,111.7,111.7,7932.515625,0.0,0.05456843179090875
13725.62232755,69.1,110.6,110.6,7932.515625,0.0,0.0
13726.626621843,73.3,109.9,109.9,7943.8515625,0.0,0.0
13727.635709393,70.3,109.7,109.7,7917.3203125,0.0,0.0
13728.638227038,72.8,105.0,105.0,7917.3203125,0.0,0.0
13729.647556662,58.9,103.7,103.7,7917.3203125,0.0,0.0
13730.649959208,68.8,109.7,109.7,7922.3984375,0.0,0.07793775096811059
13731.653035173,73.2,109.7,109.7,7922.3984375,0.0,0.0
13732.659117445,69.6,114.3,114.3,7922.3984375,0.0,0.0
13733.662706588,66.1,107.6,107.6,7922.3984375,0.0,0.0
13734.665792858,67.6,110.7,110.7,7922.3984375,0.0,0.011682694051822902
13735.670997309,67.5,108.2,108.2,7922.3984375,0.0,0.0660624313133304
13736.676029132,68.1,104.7,104.7,7922.3984375,0.0,0.0
13737.679047449,71.9,115.6,115.6,7922.3984375,0.0,0.0
13738.681603291,71.2,109.4,109.4,7926.375,0.0,0.0
13739.689348722,65.2,106.5,106.5,7926.375,0.0,0.011628680854803678
13740.692856346,69.0,110.6,110.6,7926.375,0.0,0.07785192472039507
13741.697065028,65.9,105.4,105.4,7927.4921875,0.0,0.0
13742.70480298,66.7,111.4,111.4,7933.5,0.0,0.0
13743.707783555,69.3,110.7,110.7,7933.5,0.0,0.0
13744.710741169,61.3,105.7,105.7,7933.5,0.0,0.0
13745.713204211,68.4,110.8,110.8,7933.5,0.0,0.0
13746.715077616,66.2,109.6,109.6,7933.5,0.0,0.05458523973899808
13747.72004621,66.1,105.6,105.6,7933.5,0.0,0.0
13748.724465601,71.9,109.5,109.5,7954.39453125,0.0,0.0
13749.729031018,72.9,107.5,107.5,7936.45703125,0.0,0.0
13750.731425387,69.4,110.7,110.7,7933.5,0.0,0.0
13751.733613762,68.2,110.8,110.8,7947.484375,0.0,0.07795440652565022
13752.735787105,67.3,105.5,105.5,7933.5,0.0,0.0
13753.742041824,66.2,109.6,109.6,7974.4296875,0.0,0.0
13754.744823127,68.7,109.7,109.7,7922.87109375,0.0,0.0
13755.747075703,71.7,110.6,110.6,7917.3203125,0.0,0.0
13756.75206891,63.2,105.6,105.6,7927.62109375,0.0,0.0
13757.75532343,68.0,110.7,110.7,7921.6484375,0.0,0.05451009580304819
13758.757734213,70.6,110.7,110.7,7922.8671875,0.0,0.0
13759.760972839,63.6,104.6,104.6,7922.8671875,0.0,0.0
13760.765051782,67.3,110.6,110.6,7922.8671875,0.0,0.0
13761.767519645,71.6,108.7,108.7,7922.8671875,0.0,0.0
13762.771061921,68.2,109.2,109.2,7955.6484375,0.0,0.07784923651792032
13763.777736978,73.3,109.3,109.3,7922.8671875,0.0,0.0
13764.786848872,70.4,111.8,111.8,7924.546875,0.0,0.015483912233028222
13765.798600086,69.3,109.9,109.9,7924.546875,0.0,0.0
13766.808091921,65.4,109.4,109.4,7924.546875,0.0,0.0
13767.810373691,67.3,107.7,107.7,7924.546875,0.0,0.0
13768.813820198,72.4,108.6,108.6,7924.546875,0.0,0.12457066632647842
13769.816191753,70.7,109.8,109.8,7934.69921875,0.0,0.0
13770.818643116,69.7,108.9,108.9,7934.69921875,0.0,0.0
13771.832584056,64.7,105.3,105.3,7934.69921875,0.0,0.023115251663477245
13772.838634533,67.0,110.4,110.4,7934.69921875,0.0,0.0
13773.840853506,69.3,109.8,109.8,7934.69921875,0.0,0.10913283718080508
13774.843191027,70.9,109.7,109.7,7935.5234375,0.0,0.0
13775.845489483,69.9,109.7,109.7,7935.5234375,0.0,0.0
13776.848233858,70.4,110.6,110.6,7935.5234375,0.0,0.0
13777.852841314,63.3,111.6,111.6,7935.5234375,0.0,0.0
13778.855160087,74.2,104.7,104.7,7935.5234375,0.0,0.07794426494292232
13779.860346222,72.5,109.5,109.5,7935.73046875,0.0,0.0
13780.863234078,67.6,108.4,108.4,7935.73046875,0.0,0.0
13781.872713081,67.1,106.3,106.3,7935.73046875,0.0,0.0
13782.874952817,66.2,111.7,111.7,7935.73046875,0.0,0.0
13783.87789897,69.8,109.6,109.6,7935.73046875,0.0,0.05452685554090349
13784.88128728,64.2,106.7,106.7,7935.73046875,0.0,0.0
13785.884061969,66.7,109.7,109.7,7954.265625,0.0,0.0
13786.886238032,67.2,110.8,110.8,7935.73046875,0.0,0.0
13787.888562953,68.6,111.7,111.7,7935.73046875,0.0,0.0
13788.890808213,70.5,111.7,111.7,7935.73046875,0.0,0.0
13789.893665937,68.8,108.7,108.7,7935.73046875,0.0,0.07790237650906207
13790.897054672,67.7,109.3,109.3,7942.9453125,0.0,0.0
13791.908669224,72.6,109.1,109.1,7935.73046875,0.0,0.0
13792.913529077,70.5,110.4,110.4,7964.015625,0.0,0.0
13793.916170028,64.8,109.7,109.7,7935.73046875,0.0,0.0
13794.918682494,50.9,100.6,100.6,7935.73046875,0.0,0.16365133159342626
13795.923051331,60.6,91.0,91.0,7873.09375,0.0,0.00777851692745183
13796.934348649,86.4,128.9,128.9,7833.90625,0.0,0.0
13797.947286841,88.6,120.4,120.4,7842.01171875,0.0,0.0
13798.958686224,87.0,131.7,131.7,7835.59375,0.0,0.0
13799.968616221,85.1,128.2,128.2,7923.90234375,0.0,0.0
13800.970976893,75.0,121.9,121.9,7924.95703125,0.0,0.08963215787455421
13801.985158752,75.9,123.4,123.4,7940.734375,0.0,0.0
13802.997417348,85.5,133.4,133.4,7947.2421875,0.0,0.0
13804.010064483,89.0,138.1,138.1,7924.62890625,0.0,0.030859713043098192
13805.022839954,84.2,132.4,132.4,7932.19140625,0.0,0.0
13806.032510861,69.1,122.4,122.4,7910.828125,0.0,0.054163688010456144
13807.036055007,73.1,119.1,119.1,7932.890625,0.0,0.0
13808.044071299,66.2,120.5,120.5,7935.6796875,0.0,0.0
13809.047067631,69.7,70.7,70.7,7935.6796875,0.0,3.4544929422554738
13810.05358326,74.9,115.4,115.4,7935.6796875,0.0,0.0
13811.058574278,69.7,108.6,108.6,7935.6796875,0.0,3.6730738721867136
13812.060270938,67.8,109.7,109.7,7935.6796875,0.0,0.0
13813.06446976,68.1,111.6,111.6,7935.6796875,0.0,0.0
13814.066763466,66.3,106.4,106.4,7938.44921875,0.0,0.0
13815.076018713,68.1,109.3,109.3,7935.6796875,0.0,0.0
13816.078443558,67.0,110.7,110.7,7935.6796875,0.0,0.05845201292865974
13817.081133326,70.2,110.7,110.7,7935.6796875,0.0,0.1129773670932703
13818.083347386,71.4,109.7,109.7,7935.6796875,0.0,0.0
13819.086449171,72.2,108.7,108.7,7935.6796875,0.0,0.0
13820.089549007,69.3,108.3,108.3,7935.6796875,0.0,0.0
13821.098865751,69.7,113.0,113.0,7935.6796875,0.0,0.0
13822.10759809,69.3,104.8,104.8,7935.6796875,0.0,0.07744869176838476
13823.118835319,71.8,110.7,110.7,7935.6796875,0.10043390125239875,0.030902738846891924
13824.131066977,67.7,114.2,114.2,7935.6796875,0.0,0.0
13825.133864564,64.0,105.7,105.7,7935.6796875,0.0,0.0
13826.13606638,68.8,110.8,110.8,7935.68359375,0.0,0.0
13827.138257622,68.8,110.1,110.1,7936.16796875,0.0,0.011693127527852497
13828.151459975,63.9,105.3,105.3,7971.4296875,0.0,0.12337120973893383
13829.153907101,72.7,109.7,109.7,7942.37109375,0.0,0.0
13830.156983388,68.3,109.7,109.7,7942.37109375,0.0,0.0
13831.159868544,63.0,104.7,104.7,7942.37109375,0.0,0.0
13832.162142248,70.7,110.8,110.8,7942.37109375,0.0,0.011692165476588504
13833.164562229,67.5,109.7,109.7,7918.3125,0.0,0.13638869195691108
13834.167598401,70.9,109.7,109.7,7920.95703125,0.0,0.0
13835.170094016,68.5,110.7,110.7,7920.95703125,0.0,0.0
13836.173265752,68.0,105.6,105.6,7957.23046875,0.0,0.0
13837.178028575,65.3,110.6,110.6,7926.8046875,0.0,0.06997920144991068
13838.180220336,67.7,110.8,110.8,7926.8046875,0.0,0.09354497177900709
13839.18269678,72.1,107.3,107.3,7931.03515625,0.0,0.0
13840.190361163,68.8,106.0,106.0,7931.03515625,0.0,0.0
13841.202596412,66.6,109.2,109.2,7931.03515625,0.0,0.0
13842.205634149,65.0,110.7,110.7,7932.1328125,0.0,0.0
13843.208016863,68.0,109.8,109.8,7932.1328125,0.0,0.08573322225112895
13844.210220151,68.2,110.6,110.6,7932.1328125,0.0,0.0
13845.214732828,69.3,107.6,107.6,7932.1328125,0.0,0.0
13846.218707987,73.0,112.4,112.4,7935.61328125,0.0,0.0
13847.223168474,66.9,107.1,107.1,7935.61328125,0.0,0.0
13848.233755579,67.9,113.2,113.2,7935.61328125,0.0,0.061845237971841306
13849.236995244,69.1,104.8,104.8,7935.61328125,0.0,0.007787271847945884
13850.239214202,71.2,110.7,110.7,7943.46875,0.0,0.0
13851.241808155,66.9,109.7,109.7,7943.46875,0.0,0.0
13852.244963982,62.5,104.7,104.7,7943.46875,0.0,0.0
13853.247950939,65.2,111.7,111.7,7943.46875,0.0,0.08568157282636621
13854.251077606,79.1,112.1,112.1,7943.46875,0.0,0.10903408671904986
13855.263184409,70.9,110.8,110.8,7943.765625,0.0,0.007719047018412234
13856.274084666,67.1,103.3,103.3,7961.890625,0.0,0.0
13857.277046976,65.7,108.7,108.7,7943.46875,0.0,0.0
13858.27917004,74.8,112.8,112.8,7919.4140625,0.0,0.0
13859.281386904,68.1,105.6,105.6,7922.0625,0.0,0.08964501918412601
13860.28577042,70.0,108.7,108.7,7923.703125,0.0,0.0
13861.305157102,62.7,106.9,106.9,7947.7265625,0.0,0.007663921981661714
13862.307514661,70.6,109.8,109.8,7930.04296875,0.0,0.0
13863.309721084,69.3,109.6,109.6,7930.04296875,0.0,0.0
13864.314944134,64.3,106.3,106.3,7956.62890625,0.0,0.08937692982678651
13865.325043765,64.7,107.1,107.1,7930.0546875,0.0,0.0
13866.327815173,75.3,109.7,109.7,7930.0546875,0.0,0.0
13867.329966575,67.3,109.8,109.8,7930.0546875,0.0,0.007795728254634578
13868.3321854,65.9,108.7,108.7,7930.0546875,0.0,0.03507841713109315
13869.334919338,71.0,108.6,108.6,7930.0546875,0.0,0.0
13870.339520521,65.8,107.2,107.2,7930.0546875,0.0,0.08165553792703614
13871.349729516,72.4,115.2,115.2,7930.921875,0.0,0.0
13872.355046514,69.4,103.9,103.9,7957.984375,0.0,0.007771180648035778
13873.365033691,67.7,111.6,111.6,7930.921875,0.0,0.0
13874.367765999,63.1,110.7,110.7,7930.921875,0.0,0.0
13875.370205747,69.5,110.6,110.6,7930.921875,0.0,0.06624462979699285
13876.373851034,67.7,110.3,110.3,7930.921875,0.0,0.0
13877.49891727,66.7,105.6,105.6,7930.921875,0.0,0.006944035604318962
13878.51039354,70.7,108.2,108.2,7950.1796875,0.0,0.0
13879.515347648,66.2,111.6,111.6,7968.46484375,0.0,0.0
13880.517538858,66.8,110.7,110.7,7939.75,0.0,0.08574960460903275
13881.520039845,71.7,111.7,111.7,7942.10546875,0.0,0.0
13882.522712018,67.8,107.6,107.6,7942.10546875,0.0,0.0
13883.529051464,69.1,106.5,106.5,7981.82421875,0.0,0.011644927610247893
13884.531451748,62.4,110.7,110.7,7952.03125,0.0,0.0
13885.533810094,69.3,111.7,111.7,7942.10546875,0.0,0.0
13886.535991036,67.8,107.2,107.2,7942.10546875,0.0,0.12472797551967146
13887.548254237,68.8,114.3,114.3,7942.10546875,0.0,0.0
13888.550180685,68.6,104.7,104.7,7953.84375,0.0,0.10916469988207338
13889.555393654,72.0,111.5,111.5,7942.10546875,0.0,0.007771984883737808
13890.557933166,68.5,107.2,107.2,7919.42578125,0.0,0.0
13891.569051347,67.7,110.1,110.1,7919.42578125,0.0,0.10044572623497171
13892.577328881,63.9,106.4,106.4,7947.234375,0.0,0.0
13893.580902604,73.7,113.3,113.3,7919.42578125,0.0,0.0
13894.590668266,67.7,107.2,107.2,7919.42578125,0.0,0.0
13895.592807372,64.0,110.8,110.8,7919.42578125,0.0,0.007795823906307397
13896.595042441,70.6,109.8,109.8,7939.703125,0.0,0.062360619712082385
13897.597258279,69.9,110.7,110.7,7924.97265625,0.0,0.0
13898.600297328,73.6,109.7,109.7,7924.97265625,0.0,0.0
13899.602739382,69.3,108.6,108.6,7927.17578125,0.0,0.0
13900.607534969,69.1,110.1,110.1,7929.64453125,0.0,0.019438033220590806
13901.616742665,58.1,103.4,103.4,7929.64453125,0.0,0.13160076020653283
13902.62153069,50.8,101.5,101.5,7929.64453125,0.0,0.0
13903.626291086,60.6,91.4,91.4,7850.578125,0.0,0.0
13904.634486264,85.2,125.6,125.6,7815.953125,0.0,0.0
13905.648048793,81.4,134.3,134.3,7820.109375,0.0,0.0
13906.662114503,81.8,132.3,132.3,7853.23046875,0.0,0.13097030960645645
13907.67003707,82.7,127.4,127.4,7913.48046875,0.0,0.0
13908.673723334,78.3,119.5,119.5,7967.0234375,0.0,0.0
13909.677453671,76.4,125.0,125.0,7933.58203125,0.0,0.0
13910.684289698,83.3,127.3,127.3,7938.81640625,0.0,0.0
13911.695504509,85.8,131.2,131.2,7959.57421875,0.0,0.08498441583841213
13912.70576986,80.4,129.5,129.5,7929.26953125,0.0,0.0
13913.708144598,70.7,118.1,118.1,7929.26953125,0.0,0.0
13914.718963199,72.8,121.8,121.8,7943.953125,0.0,0.0
13915.72992809,64.9,114.1,114.1,7943.953125,0.0,0.0
13916.734307883,71.9,71.6,71.6,7979.38671875,0.0,0.3344725793385498
13917.739780595,73.0,117.7,117.7,7948.359375,0.0,0.0
13918.743043987,68.3,102.6,102.6,7930.44140625,0.0,0.0
13919.745968845,66.1,109.7,109.7,7930.44140625,0.0,0.0
13920.748685429,68.2,111.7,111.7,7930.44140625,0.0,0.0
13921.751697785,69.9,109.7,109.7,7935.0234375,0.0,0.07789036648724086
13922.754293956,68.1,110.7,110.7,7935.0234375,0.01558453986951683,0.1597415336625475
13923.756652957,69.3,110.7,110.7,7935.0234375,0.0,0.0
13924.761078306,63.7,105.6,105.6,7989.70703125,0.0,0.0
13925.76404633,70.8,110.6,110.6,7975.79296875,0.0,0.0
13926.766720518,66.2,109.7,109.7,7953.25,0.0,0.0
13927.769234672,68.4,111.6,111.6,7934.16015625,0.0,0.10520425031335523
13928.77359851,69.6,106.3,106.3,7940.4453125,0.0,0.03889277821644859
13929.785070978,71.0,112.1,112.1,7940.4453125,0.0,0.0
13930.787865546,69.7,108.7,108.7,7940.4453125,0.0,0.0
13931.790784042,68.5,109.1,109.1,7940.4453125,0.0,0.0
13932.807481237,69.3,110.7,110.7,7940.4453125,0.0,0.05378936842644426
13933.811828088,66.9,108.0,108.0,7940.8203125,0.0,0.0
13934.825055939,68.4,105.1,105.1,7972.41796875,0.0,0.0
13935.827955933,66.2,112.7,112.7,7970.7265625,0.0,0.0
13936.831044252,70.3,109.7,109.7,7960.94921875,0.0,0.0
13937.836170583,65.1,110.4,110.4,7934.16015625,0.0,0.12047614938070507
13938.839017155,71.0,108.6,108.6,7934.16015625,0.0,0.0
13939.84404075,68.2,109.4,109.4,7934.16015625,0.0,0.0
13940.848920324,64.3,104.6,104.6,7966.6640625,0.0,0.0
13941.851665807,69.3,111.7,111.7,7938.9140625,0.0,0.0
13942.854415708,69.3,109.7,109.7,7938.9140625,0.0,0.08180629079917957
13943.857040806,61.8,103.7,103.7,7953.56640625,0.0,0.0
13944.859648433,66.6,108.7,108.7,7938.9140625,0.2571419696574162,0.0
13945.862402416,70.9,109.7,109.7,7938.9140625,0.0,0.0
13946.86507952,66.8,110.6,110.6,7944.703125,0.0,0.0
13947.870029111,68.7,103.6,103.6,7944.703125,0.0,0.07385320683209139
13948.872219792,66.7,110.7,110.7,7944.703125,0.0,0.0
13949.875313138,68.4,108.7,108.7,7944.703125,0.0,0.0
13950.878058388,69.9,112.8,112.8,7952.921875,0.0,0.0
13951.879722919,67.7,107.9,107.9,7952.921875,0.0,0.0
13952.895079095,69.5,111.5,111.5,7952.921875,0.0,0.08463778724286151
13953.90661649,65.8,107.4,107.4,7952.921875,0.0,0.0
13954.909031536,68.8,112.4,112.4,7952.921875,0.0,0.0
13955.917230492,65.6,110.3,110.3,7952.921875,0.0,0.0
13956.922047055,65.4,110.6,110.6,7957.08203125,0.0,0.0
13957.924853941,64.3,105.7,105.7,7934.16015625,0.0,0.0
13958.927306878,72.7,107.7,107.7,7934.16015625,0.0,0.05455368325185047
13959.930090793,65.6,111.6,111.6,7934.16015625,0.0,0.0
13960.934565857,68.7,105.3,105.3,7934.16015625,0.0,0.0
13961.943778764,63.4,109.4,109.4,7934.16015625,0.0,0.0
13962.94606369,69.9,109.7,109.7,7939.69140625,0.0,0.0
13963.948612336,68.8,109.7,109.7,7939.69140625,0.0,0.08182271287014067
13964.951293971,70.0,109.6,109.6,7939.69140625,0.0,0.0
13965.955443624,69.9,110.6,110.6,7949.40234375,0.0,0.0
13966.959042803,69.2,110.6,110.6,7949.40234375,0.0,0.0
13967.962041598,64.4,104.7,104.7,7976.67578125,0.0,0.0
13968.96468366,69.4,108.2,108.2,7949.40234375,0.0,0.0
13969.975261524,66.2,111.3,111.3,7949.40234375,0.0,0.08117261709591164
13970.977471284,68.7,109.8,109.8,7949.40234375,0.0,0.0
13971.979651425,69.9,111.7,111.7,7949.40234375,0.0,0.0
13972.982445245,71.0,110.7,110.7,7949.40234375,0.0,0.0
13973.985580425,69.0,107.7,107.7,7949.40234375,0.0,0.04283445626936112
13974.987421516,69.2,110.8,110.8,7949.41015625,0.0,0.20665078709579024
13975.990465246,68.3,105.9,105.9,7949.41015625,0.0,0.0
13977.002183766,69.0,110.2,110.2,7949.41015625,0.0,0.0
13978.012639094,65.8,113.2,113.2,7949.41015625,0.0,0.0
13979.015918286,69.6,104.6,104.6,7949.41015625,0.0,0.007786965046513141
13980.018913576,69.8,109.7,109.7,7949.41015625,0.0,0.003894584589729758
13981.021354824,70.1,111.7,111.7,7949.41015625,0.0,0.12079885004872781
13982.024280666,68.2,109.6,109.6,7949.41015625,0.0,0.0
13983.028818809,65.9,110.5,110.5,7951.41015625,0.0,0.0
13984.034049719,67.9,110.5,110.5,7951.41015625,0.0,0.0
13985.036372563,72.2,109.6,109.6,7951.41015625,0.0,0.0
13986.040739898,65.2,106.7,106.7,7951.41015625,0.0,0.0661174927596918
13987.042871985,68.4,109.8,109.8,7952.99609375,0.0,0.0
13988.045065921,68.5,107.6,107.6,7952.99609375,0.0,0.0
13989.049609905,69.3,111.7,111.7,7952.99609375,0.0,0.0
13990.051323,65.3,104.8,104.8,7952.99609375,0.0,0.0
13991.053519292,69.0,109.8,109.8,7952.99609375,0.0,0.08964685932004955
13992.055817171,66.4,110.7,110.7,7952.99609375,0.0,0.0
13993.0584634,69.8,109.7,109.7,7952.99609375,0.0,0.0
13994.061063582,69.7,108.7,108.7,7952.99609375,0.0,0.0
13995.064040137,70.4,109.6,109.6,7952.99609375,0.0,0.0
13996.069047134,66.0,110.5,110.5,7952.99609375,0.0,0.054415044037735304
13997.072029372,64.5,105.7,105.7,7952.99609375,0.0,0.0
13998.07426872,70.2,109.6,109.6,7952.99609375,0.0,0.0
13999.07957171,68.9,105.5,105.5,7952.99609375,0.0,0.0
14000.08504368,67.2,105.5,105.5,7988.953125,0.0,0.0
14001.087968757,64.6,109.7,109.7,7952.99609375,0.0,0.07789714485319875
14002.090206133,69.3,108.8,108.8,7952.99609375,0.0,0.0
14003.092453372,68.2,107.7,107.7,7952.99609375,0.0,0.0
14004.097379378,71.0,109.9,109.9,7953.1484375,0.0,0.0
14005.109300212,68.8,109.2,109.2,7952.99609375,0.0,0.0
14006.113383055,68.4,109.1,109.1,7952.99609375,0.0,0.0
14007.123411554,66.9,106.6,106.6,7952.99609375,0.0,0.061879442077101526
14008.138845961,70.5,115.0,115.0,7952.99609375,0.0,0.0
14009.143380054,61.8,104.6,104.6,7952.99609375,0.0,0.031108949131531335
14010.147594943,50.9,100.7,100.7,7952.99609375,0.0,0.0
14011.150048447,72.0,98.3,98.3,7875.87890625,0.0,0.0
14012.160860205,80.2,134.4,134.4,7854.7578125,0.0,0.08501830268576754
14013.172952555,79.7,130.3,130.3,7854.7578125,0.0,0.0
14014.190984067,81.8,129.1,129.1,7962.7578125,0.0,0.0
14015.202276259,78.3,125.2,125.2,7923.8984375,0.0,0.0
14016.214681817,76.3,123.9,123.9,7928.46875,0.0,0.0
14017.22184356,82.5,130.3,130.3,7943.72265625,0.0,0.054298627186817584
14018.22560432,85.5,131.3,131.3,7932.4375,0.0,0.0
14019.234232685,86.2,130.4,130.4,7984.65234375,0.0,0.0
14020.247171384,74.3,123.7,123.7,7917.0234375,0.0,0.0
14021.256689594,70.1,118.4,118.4,7946.05078125,0.0,0.0
14022.258371726,71.9,120.7,120.7,7936.1875,0.0,0.0779938041262388
14023.261080692,59.2,109.7,109.7,7901.54296875,0.0,0.0
14024.265478543,81.0,76.3,76.3,7903.21875,0.0,6.961571545614813
14025.281906736,68.7,110.3,110.3,7901.54296875,0.0,0.0
14026.293754714,62.1,110.2,110.2,7901.54296875,0.0,0.0
14027.296584041,70.0,110.7,110.7,7901.54296875,0.0,0.0
14028.298953671,70.9,109.7,109.7,7901.54296875,0.0,7.221169749529881
14029.30175272,68.3,106.5,106.5,7901.54296875,0.007790693467228598,0.11686040200842897
14030.307187252,66.1,109.6,109.6,7901.54296875,0.0,0.0
14031.309566608,67.9,105.3,105.3,7901.54296875,0.0,0.0
14032.318383947,65.3,110.5,110.5,7901.54296875,0.0,0.0
14033.321676138,66.7,109.7,109.7,7901.54296875,0.0,0.21803219636528895
14034.32394116,68.7,108.7,108.7,7901.54296875,0.0,0.11692266758563775
14035.326646673,68.2,109.8,109.8,7901.54296875,0.0,0.0
14036.328438167,69.0,109.8,109.8,7901.54296875,0.0,0.0
14037.330646066,68.0,109.7,109.7,7901.54296875,0.0,0.0
14038.333599946,71.2,110.7,110.7,7901.54296875,0.0,0.0
14039.336782629,72.7,107.6,107.6,7901.54296875,0.0,0.08177099883212584
14040.343285394,66.6,109.4,109.4,7901.54296875,0.0,0.015524050746152446
14041.346308068,66.3,109.6,109.6,7912.625,0.0,0.0
14042.349060923,68.3,108.7,108.7,7901.54296875,0.0,0.0
14043.351224978,71.7,108.7,108.7,7901.54296875,0.0,0.0
14044.355709604,69.3,107.3,107.3,7901.54296875,0.0,0.1361083549325565
14045.378045386,65.2,111.8,111.8,7901.54296875,0.0,0.07641814106046095
14046.380184851,69.2,110.8,110.8,7901.54296875,0.0,0.0
14047.383242813,68.8,110.2,110.2,7901.54296875,0.0,0.0
14048.393068562,72.1,106.8,106.8,7906.11328125,0.0,0.0
14049.403930394,67.5,108.3,108.3,7940.390625,0.0,0.019321384368958486
14050.407897574,69.5,114.6,114.6,7906.11328125,0.0,0.09337954653071999
14051.411055824,62.3,104.7,104.7,7906.11328125,0.0,0.0
14052.413265541,69.3,108.7,108.7,7906.11328125,0.0,0.0
14053.416196541,66.3,107.0,107.0,7884.70703125,0.0,0.0
14054.429369235,69.5,114.9,114.9,7888.80078125,0.0,0.0
14055.436686234,66.6,108.6,108.6,7888.80078125,0.0,0.05429025823483168
14056.451226818,69.2,106.0,106.0,7888.80078125,0.0,0.0038502648997975277
14057.463315836,71.4,112.0,112.0,7888.80078125,0.0,0.0
14058.465037089,70.2,106.8,106.8,7888.80078125,0.0,0.0
14059.467565195,66.7,111.6,111.6,7888.80078125,0.0,0.0
14060.471781243,71.5,109.6,109.6,7904.96875,0.0,0.0
14061.474715212,65.8,110.7,110.7,7888.80078125,0.0,0.08179127692909656
14062.476928357,70.1,108.8,108.8,7888.80078125,0.0,0.0
14063.479517061,69.4,109.7,109.7,7891.703125,0.0,0.0
14064.481764379,69.5,108.8,108.8,7891.703125,0.0,0.0
14065.485050162,70.5,110.6,110.6,7891.703125,0.0,0.0
14066.487193477,69.7,110.8,110.8,7902.04296875,0.0,0.06236632931092057
14067.489409676,69.3,109.7,109.7,7902.04296875,0.0,0.0
14068.49171722,71.7,107.6,107.6,7902.04296875,0.0,0.10912319342970123
14069.497204109,69.6,107.1,107.1,7902.04296875,0.0,0.0
14070.508590905,70.1,112.4,112.4,7902.04296875,0.0,0.0
14071.525259169,62.9,107.0,107.0,7925.8515625,0.0,0.09221296987382181
14072.527930268,65.5,110.7,110.7,7902.04296875,0.0,0.0
14073.530147185,72.2,109.8,109.8,7902.04296875,0.0,0.0
14074.532470802,75.1,109.7,109.7,7902.04296875,0.0,0.0
14075.534692538,70.6,110.7,110.7,7902.04296875,0.0,0.0
14076.537517815,68.4,105.1,105.1,7902.04296875,0.0,0.054533427960212585
14077.54944012,71.7,116.2,116.2,7902.04296875,0.0,0.0
14078.554088832,71.4,105.6,105.6,7927.57421875,0.0,0.0
14079.556680391,64.0,110.7,110.7,7910.203125,0.0,0.0
14080.558920482,70.3,109.7,109.7,7910.203125,0.0,0.0
14081.561826348,66.3,104.7,104.7,7888.83984375,0.0,0.0895834325493349
14082.567333533,66.8,112.3,112.3,7888.83984375,0.0,0.0
14083.570547012,69.6,107.4,107.4,7888.83984375,0.0,0.0
14084.579145087,64.6,105.9,105.9,7893.90625,0.0,0.0
14085.587033639,66.0,109.6,109.6,7895.3125,0.0,0.0
14086.589207443,67.4,112.6,112.6,7895.3125,0.0,0.054568877954851346
14087.59380093,67.4,105.0,105.0,7895.3125,0.0,0.0
14088.607323728,70.4,107.8,107.8,7895.3125,0.0,0.0
14089.614922247,66.8,111.5,111.5,7903.09765625,0.0,0.0
14090.617163434,67.3,110.7,110.7,7903.09765625,0.0,0.0
14091.620415241,70.0,109.7,109.7,7903.09765625,0.0,0.07787177601378226
14092.623344224,70.7,107.2,107.2,7903.09765625,0.0,0.0
14093.635181439,68.7,114.0,114.0,7903.09765625,0.0,0.0
14094.640036946,66.9,105.6,105.6,7903.09765625,0.0,0.0
14095.642609124,64.0,111.7,111.7,7903.09765625,0.0,0.0
14096.648236631,68.2,110.4,110.4,7903.09765625,0.0,0.054381467908668296
14097.650466764,69.8,109.8,109.8,7903.09765625,0.0,0.0
14098.652743015,74.9,106.7,106.7,7923.9921875,0.0,0.0
14099.655506273,67.8,109.7,109.7,7903.09765625,0.0,0.0
14100.657800869,67.7,110.8,110.8,7903.09765625,0.0,0.0
14101.65966605,70.8,108.8,108.8,7903.09765625,0.0,0.0
14102.662583117,70.1,109.7,109.7,7903.09765625,0.0,0.08958243204366508
14103.665751269,67.3,111.7,111.7,7903.09765625,0.0,0.0
14104.667951338,63.9,106.8,106.8,7903.09765625,0.0,0.0
14105.670179518,69.9,110.7,110.7,7903.09765625,0.0,0.0
14106.673174781,68.8,109.2,109.2,7903.09765625,0.0,0.0
14107.683758254,64.0,107.3,107.3,7903.109375,0.0,0.1004988728923734
14108.689040184,66.4,108.3,108.3,7903.109375,0.0,0.0
14109.695520474,70.8,109.4,109.4,7944.01171875,0.0,0.0
14110.697486382,66.5,110.8,110.8,7903.109375,0.0,0.0
14111.699696655,68.7,108.7,108.7,7903.109375,0.0,0.015590540648949066
14112.703033722,69.5,111.1,111.1,7904.46875,0.0,0.011679773812234884
14113.713678635,72.2,109.7,109.7,7903.109375,0.0,0.0888974444380479
14114.724087054,69.3,107.0,107.0,7903.109375,0.0,0.0
14115.73507777,57.6,107.2,107.2,7903.109375,0.0,0.0
14116.73990889,50.7,100.7,100.7,7903.109375,0.0,0.0
14117.742169043,70.5,99.3,99.3,7903.109375,0.0,0.0
14118.753029444,87.8,124.5,124.5,7852.171875,0.0,0.07728564688328972
14119.763863949,83.5,127.9,127.9,7859.640625,0.0,0.0
14120.774506202,84.5,131.0,131.0,7922.5859375,0.0,0.0
14121.78962135,78.5,130.3,130.3,7925.40234375,0.0,0.0
14122.798076807,74.4,120.6,120.6,7970.77734375,0.0,0.0
14123.801551422,80.5,126.6,126.6,7944.6328125,0.30752521826333695,0.11288900417261737
14124.964039653,81.1,125.8,125.8,7920.58203125,0.0,0.0
14125.977104657,82.8,133.0,133.0,7978.0078125,0.0,0.0
14126.979709541,74.4,121.2,121.2,7936.9921875,0.0,0.02727270775994444
14127.990728803,70.4,119.1,119.1,7952.25,0.0,0.0
14128.995017033,74.3,117.2,117.2,7908.5546875,0.0,0.08168098315771083
14130.003920846,59.4,111.4,111.4,7911.58984375,0.0,0.0
14131.006033106,84.4,81.3,81.3,7911.58984375,0.0,0.08185834389459118
14132.016308484,65.9,115.5,115.5,7911.58984375,0.0,0.0
14133.01894536,67.2,106.6,106.6,7911.58984375,0.0,0.0
14134.02365146,67.5,110.6,110.6,7911.58984375,0.0,0.287708514957621
14135.028567467,70.5,110.6,110.6,7911.58984375,0.0,0.0
14136.044193289,62.7,105.2,105.2,7918.98828125,0.015384602933007963,0.11153837126430774
14137.053577611,69.5,111.0,111.0,7911.58984375,0.0,0.0
14138.056557109,69.3,109.6,109.6,7911.58984375,0.0,0.0
14139.061283594,67.6,105.4,105.4,7911.58984375,0.0,0.12441196869613823
14140.06722891,67.4,110.6,110.6,7911.58984375,0.0,0.0
14141.070098046,68.2,109.7,109.7,7911.58984375,0.0,0.007790149003047659
14142.072739934,71.3,110.7,110.7,7918.578125,0.0,0.0
14143.075407052,68.5,109.7,109.7,7918.578125,0.0,0.0
14144.07761815,69.0,111.8,111.8,7918.578125,0.0,0.10523606275203995
14145.079481469,66.0,109.5,109.5,7918.578125,0.0,0.0
14146.084578494,72.2,109.6,109.6,7918.578125,0.0,0.0
14147.089360768,69.3,109.2,109.2,7893.19921875,0.0,0.0
14148.098938705,70.1,111.2,111.2,7893.19921875,0.0,0.0
14149.103076153,69.7,104.7,104.7,7925.07421875,0.0,0.0778030937453413
14150.106487149,67.8,114.6,114.6,7904.4765625,0.0,0.0
14151.110328617,66.4,109.6,109.6,7904.4765625,0.0,0.0
14152.112568562,70.5,110.7,110.7,7906.37109375,0.0,0.0
14153.11503793,65.2,105.6,105.6,7932.27734375,0.0,0.0
14154.12218164,68.3,111.3,111.3,7906.37109375,0.0,0.1628987982261917
14155.12565533,71.7,111.0,111.0,7906.37109375,0.0,0.0
14156.137857933,69.8,110.6,110.6,7914.6015625,0.0,0.0
14157.15071868,71.0,111.3,111.3,7914.6015625,0.0,0.0
14158.154115608,68.0,104.7,104.7,7914.6015625,0.0,0.0
14159.156828245,67.7,109.7,109.7,7893.19921875,0.0,0.0
14160.159050955,67.4,111.7,111.7,7898.8046875,0.0,0.15980105858908875
14161.163325533,68.6,110.0,110.0,7898.8046875,0.0,0.0
14162.177732323,70.0,110.4,110.4,7898.8046875,0.0,0.0
14163.190065322,65.3,106.3,106.3,7914.765625,0.0,0.0
14164.194085882,66.1,108.5,108.5,7910.6328125,0.0,0.015562430315174444
14165.196628376,72.1,110.8,110.8,7912.69140625,0.0,0.10520127638604883
14166.198816707,67.9,115.7,115.7,7903.484375,0.0,0.0
14167.201088207,64.6,105.7,105.7,7903.484375,0.0,0.0
14168.203875196,71.0,110.7,110.7,7903.484375,0.0,0.0
14169.206247117,71.8,108.6,108.6,7903.484375,0.0,0.003897006608194789
14170.21181555,67.9,109.6,109.6,7903.484375,0.0,0.07769237521400933
14171.214189165,66.0,111.6,111.6,7903.484375,0.0,0.011691000066858902
14172.219398222,68.6,105.0,105.0,7903.484375,0.0,0.0
14173.232050955,70.9,115.1,115.1,7903.484375,0.0,0.0
14174.236047527,70.9,111.6,111.6,7903.484375,0.0,0.0
14175.238852411,67.3,108.7,108.7,7903.484375,0.0,0.06622050915343757
14176.241685599,67.8,109.7,109.7,7903.484375,0.0,0.0
14177.244725841,68.6,111.0,111.0,7903.484375,0.0,0.0
14178.254165686,70.0,106.0,106.0,7903.484375,0.0,0.0
14179.267556422,72.6,110.1,110.1,7938.12109375,0.0,0.0
14180.272020521,62.5,109.7,109.7,7905.91796875,0.0,0.07777779223546252
14181.27421307,68.2,108.7,108.7,7905.91796875,0.0,0.0
14182.277303508,66.7,107.6,107.6,7905.91796875,0.0,0.0
14183.283055381,73.1,111.6,111.6,7905.91796875,0.0,0.0
14184.300809759,67.9,104.0,104.0,7929.7578125,0.0,0.0
14185.303025533,64.3,111.8,111.8,7905.91796875,0.0,0.06236182029995967
14186.305201958,69.9,109.6,109.6,7905.91796875,0.0,0.0
14187.310043332,65.1,105.3,105.3,7905.91796875,0.0,0.0
14188.321860638,66.7,111.1,111.1,7942.40234375,0.0,0.0
14189.324068926,69.0,108.7,108.7,7905.91796875,0.0,0.10913400069581963
14190.3269919,68.7,111.5,111.5,7905.91796875,0.0,0.077897308193529
14191.333112961,70.3,108.4,108.4,7911.7421875,0.0,0.0
14192.343188571,69.4,110.0,110.0,7905.91796875,0.0,0.0
14193.345350857,70.4,110.8,110.8,7905.91796875,0.0,0.0
14194.347678415,69.2,108.7,108.7,7905.91796875,0.0,0.0
14195.350432794,68.5,110.7,110.7,7905.91796875,0.0,0.1519252901711563
14196.352135875,69.8,110.8,110.8,7905.91796875,0.0,0.0
14197.353856207,69.4,108.8,108.8,7905.91796875,0.0,0.0
14198.357045763,67.0,106.5,106.5,7933.60546875,0.0,0.0
14199.36344547,70.7,109.0,109.0,7905.91796875,0.0,0.0
14200.371729089,67.6,108.6,108.6,7905.91796875,0.0,0.08523147493487533
14201.374946311,66.7,110.7,110.7,7907.78125,0.0,0.011681169085832792
14202.377538522,67.7,108.7,108.7,7905.91796875,0.0,0.0
14203.380401144,68.5,110.7,110.7,7905.91796875,0.0,0.0
14204.383091183,69.7,108.7,108.7,7905.91796875,0.0,0.0
14205.386188762,67.5,109.7,109.7,7905.91796875,0.0,0.0
14206.39004209,63.7,105.6,105.6,7929.63671875,0.0,0.06615134716172205
14207.392922969,68.6,109.5,109.5,7905.91796875,0.0,0.0
14208.398486413,73.6,110.3,110.3,7905.91796875,0.0,0.0
14209.403015436,71.0,111.2,111.2,7905.91796875,0.0,0.0
14210.411992408,61.0,104.6,104.6,7935.55078125,0.0,0.0
14211.414369558,67.4,110.7,110.7,7905.91796875,0.0,0.07793972558133205
14212.417264,69.4,109.7,109.7,7905.91796875,0.0,0.0
14213.419689293,73.0,108.7,108.7,7905.91796875,0.0,0.0
14214.421878562,65.6,110.8,110.8,7905.91796875,0.0,0.0
14215.424125011,75.8,109.8,109.8,7905.91796875,0.37805696431013747,0.0
14216.426340239,69.7,110.7,110.7,7907.7578125,0.0,0.0545666224900034
14217.429371638,70.4,110.6,110.6,7907.7578125,0.0,0.0
14218.433844123,69.1,105.3,105.3,7907.7578125,0.0,0.0
14219.441521245,69.1,110.5,110.5,7907.7578125,0.0,0.0
14220.444087378,66.2,111.7,111.7,7907.7578125,0.0,0.0
14221.446323339,66.7,109.7,109.7,7907.7578125,0.0,0.0779507052631625
14222.449056337,51.0,99.7,99.7,7907.7578125,0.0,0.0
14223.451285793,51.6,96.8,96.8,7915.90625,0.0,0.0
14224.454096717,81.8,122.2,122.2,7849.078125,0.0,0.0
14225.46483899,82.6,135.1,135.1,7853.6875,0.0,0.0
14226.469452768,79.1,128.5,128.5,7848.30859375,0.0,0.06221296319901967
14227.482371037,84.3,131.1,131.1,7963.24609375,0.0,0.0
14228.485763279,77.4,120.2,120.2,7925.2109375,0.0,0.0
14229.495343988,74.8,121.6,121.6,7934.49609375,0.0,0.0
14230.507566614,81.1,126.2,126.2,7970.515625,0.0,0.0
14231.509290163,86.8,124.6,124.6,7979.7734375,0.0,0.13258398500529342
14232.527327886,87.5,136.7,136.7,7932.94921875,0.0,0.0
14233.542665011,70.5,120.0,120.0,7950.06640625,0.0,0.0
14234.54640439,71.5,121.6,121.6,7918.7265625,0.0,0.0
14235.550458407,69.9,115.5,115.5,7972.6875,0.0,0.0
14236.554811514,56.6,109.5,109.5,7935.42578125,0.0,0.054450471272324066
14237.558500483,87.4,87.7,87.7,7964.421875,0.0,0.019459464638193202
14238.561417955,71.0,109.7,109.7,7935.42578125,0.0,0.0
14239.564057837,69.9,111.6,111.6,7935.42578125,0.0,0.0
14240.567231965,64.3,112.7,112.7,7935.42578125,0.0,0.0
14241.56960935,66.1,104.7,104.7,7935.42578125,0.0,0.15977639998349966
14242.572489115,70.7,109.7,109.7,7935.42578125,0.0,0.0
14243.575135225,70.5,110.7,110.7,7935.42578125,0.0,0.0
14244.578047717,67.2,106.2,106.2,7935.42578125,0.0,0.0
14245.590194239,67.8,110.8,110.8,7935.42578125,0.0,0.0
14246.598724899,65.0,110.4,110.4,7935.42578125,0.0,0.0
14247.602286033,70.4,110.7,110.7,7935.42578125,0.0,0.09341732837582248
14248.605089111,72.3,108.7,108.7,7935.42578125,0.0,0.0
14249.60929697,67.4,109.5,109.5,7935.42578125,0.0,0.0
14250.612040286,68.7,110.6,110.6,7935.42578125,0.0,0.0
14251.61627899,71.9,109.5,109.5,7935.42578125,0.0,0.0
14252.62006529,68.7,106.7,106.7,7994.19921875,0.0,0.007783031109312567
14253.624138079,64.5,111.5,111.5,7943.6640625,0.0,0.10115053521293066
14254.627091004,67.3,108.7,108.7,7943.6640625,0.0,0.0
14255.629291206,68.8,109.6,109.6,7921.49609375,0.0,0.0
14256.63388051,69.3,108.3,108.3,7921.50390625,0.0,0.0
14257.643549916,70.2,107.4,107.4,7921.50390625,0.0,0.0
14258.656068571,68.9,109.6,109.6,7973.1640625,0.0,0.054011350536578774
14259.65827833,69.5,109.8,109.8,7938.55859375,0.0,0.0
14260.660504377,67.6,109.7,109.7,7924.765625,0.0,0.0
14261.663358936,66.9,107.1,107.1,7924.765625,0.0,0.007790262236810149
14262.67706242,65.9,109.4,109.4,7924.765625,0.0,0.0
14263.692207209,69.1,109.0,109.0,7924.765625,0.0,0.12698311747918253
14264.704929051,71.4,112.2,112.2,7924.765625,0.0,0.0
14265.713587366,68.5,108.8,108.8,7924.765625,0.0,0.0
14266.724770436,68.7,107.8,107.8,7924.765625,0.0,0.05408268949762049
14267.735174801,71.0,113.5,113.5,7924.765625,0.0,0.0
14268.738170834,70.0,105.7,105.7,7930.3828125,0.0,0.0701024706844924
14269.741042578,71.3,115.6,115.6,7930.3828125,0.0,0.0
14270.743830985,66.7,104.4,104.4,7962.015625,0.0,0.0
14271.752834795,68.6,109.4,109.4,7930.3828125,0.0,0.0
14272.755085082,71.0,111.7,111.7,7930.3828125,0.0,0.0
14273.757722164,68.1,109.7,109.7,7930.3828125,0.0,0.07791951983681794
14274.762038574,65.8,108.5,108.5,7948.2890625,0.0,0.10890492170701828
14275.772646137,63.7,106.9,106.9,7952.453125,0.0,0.0
14276.775063069,66.5,110.7,110.7,7930.3828125,0.0,0.0
14277.777548923,68.9,108.7,108.7,7930.3828125,0.0,0.0
14278.779750216,74.8,110.7,110.7,7930.3828125,0.0,0.054567381205804816
14279.782741774,68.6,108.7,108.7,7930.3828125,0.0,0.0
14280.785028424,70.6,109.7,109.7,7930.3828125,0.0,0.0
14281.789045183,68.6,113.6,113.6,7930.3828125,0.0,0.0
14282.791647508,67.9,104.7,104.7,7930.3828125,0.0,0.0
14283.794038338,67.1,110.7,110.7,7930.39453125,0.0,0.07793866190902148
14284.796271054,69.4,109.8,109.8,7930.3828125,0.0,0.0
14285.799040549,65.9,104.6,104.6,7957.5,0.0,0.0
14286.803197111,63.5,110.7,110.7,7930.3828125,0.0,0.0
14287.805433258,70.8,109.8,109.8,7930.3828125,0.0,0.0
14288.807847886,71.5,108.7,108.7,7930.3828125,0.0,0.054555768114686924
14289.81220534,66.2,109.5,109.5,7930.3828125,0.0,0.0
14290.814497181,69.6,109.7,109.7,7930.3828125,0.0,0.0
14291.817536588,69.5,109.7,109.7,7930.3828125,0.0,0.0
14292.820523828,69.1,109.7,109.7,7930.3828125,0.0,0.0038946158477512712
14293.822636092,69.8,109.8,109.8,7930.3828125,0.0,0.08185834356785143
14294.836035601,67.8,109.4,109.4,7930.3828125,0.0,0.0
14295.838705859,68.9,109.6,109.6,7930.3828125,0.0,0.0
14296.843689251,68.7,107.9,107.9,7930.4453125,0.0,0.0
14297.855068826,70.6,111.6,111.6,7930.3828125,0.0,0.0038622986824692076
14298.870676804,70.2,110.0,110.0,7930.3828125,0.0,0.05769327463874673
14299.876038351,64.5,105.6,105.6,7931.34375,0.0,0.0
14300.878405687,71.5,109.7,109.7,7930.3828125,0.0,0.0
14301.880935783,68.0,109.7,109.7,7930.3828125,0.0,0.0
14302.883263114,69.7,110.7,110.7,7930.3828125,0.0,0.007794359944477361
14303.886194775,68.9,108.6,108.6,7930.3828125,0.0,0.07789663347761637
14304.891066877,67.1,107.2,107.2,7930.3828125,0.0,0.0
14305.899648944,64.9,107.5,107.5,7930.3828125,0.0,0.0
14306.904661786,74.2,110.4,110.4,7930.3828125,0.0,0.0
14307.912458976,66.8,115.2,115.2,7930.3828125,0.0,0.0
14308.915053062,67.9,99.8,99.8,7930.3828125,0.0,0.0
14309.917555535,68.6,109.7,109.7,7930.3828125,0.0,0.08182648143963848
14310.92004263,68.4,109.7,109.7,7930.3828125,0.0,0.0
14311.922304754,69.4,108.8,108.8,7930.3828125,0.0,0.0
14312.924582581,70.4,108.7,108.7,7930.3828125,0.0,0.0
14313.927473117,67.2,110.7,110.7,7930.3828125,0.0,0.0
14314.929757577,73.4,111.7,111.7,7967.78125,0.0,0.05456285334410853
14315.932064392,65.4,112.8,112.8,7930.3828125,0.0,0.0
14316.93426773,65.3,104.8,104.8,7930.3828125,0.0,0.0
14317.936685988,70.2,110.7,110.7,7930.3828125,0.0,0.0
14318.939627699,67.9,102.7,102.7,7930.3828125,0.0,0.0
14319.941795081,68.3,110.7,110.7,7930.3828125,0.0,0.0
14320.945325026,65.6,110.7,110.7,7930.3828125,0.0,0.07785019310018139
14321.948532911,69.8,110.4,110.4,7930.3828125,0.0,0.0
14322.956928015,67.4,105.9,105.9,7930.3828125,0.0,0.0
14323.966933481,68.5,109.4,109.4,7930.3828125,0.0,0.0
14324.972844123,66.8,109.2,109.2,7958.71484375,0.0,0.0
14325.976843747,70.5,109.4,109.4,7966.80078125,0.0,0.05836033062103901
14326.982826577,71.6,114.7,114.7,7930.3828125,0.0,0.0
14327.984757852,56.6,105.7,105.7,7930.3828125,0.0,0.0077974409971307
14328.989491766,54.4,100.6,100.6,7930.3828125,0.0,0.0
14329.992154397,69.5,96.4,96.4,7820.1953125,0.0,0.0
14331.004058021,84.7,129.6,129.6,7819.8828125,0.0,0.0
14332.011612309,79.6,110.9,110.9,7828.3359375,0.0,0.12018583161463502
14333.023522713,90.1,125.0,125.0,7965.6796875,0.0,0.0
14334.029050614,81.4,133.7,133.7,7916.58203125,0.0,0.04661730415767414
14335.039672695,77.7,123.9,123.9,7921.01953125,0.0,0.10822542081392222
14336.04934388,78.1,128.2,128.2,7937.16015625,0.0,0.0
14337.053533721,87.7,134.1,134.1,7965.51953125,0.0,0.10502869646139262
14338.062042834,86.5,134.2,134.2,7927.859375,0.0,0.0
14339.070445917,77.1,120.9,120.9,7909.67578125,0.0,0.0
14340.074613446,72.1,115.6,115.6,7978.375,0.0,0.0
14341.078032281,69.2,120.5,120.5,7921.06640625,0.0,0.0
14342.082208105,58.9,108.7,108.7,7931.41015625,0.0,0.09336014446821743
14343.084363177,86.5,86.8,86.8,7932.4453125,0.0,3.5392476664487686
14344.087051319,67.2,105.6,105.6,7948.64453125,0.0,0.0
14345.091783686,64.6,109.6,109.6,7932.4453125,0.0,0.0
14346.095414444,65.9,110.6,110.6,7932.4453125,0.0,0.0
14347.098513698,68.3,109.7,109.7,7932.4453125,0.0,0.0
14348.101489046,66.3,109.6,109.6,7938.5078125,0.007789324050270494,3.847926080833624
14349.118846058,71.7,110.1,110.1,7932.4453125,0.0,0.0
14350.122967397,64.2,104.7,104.7,7934.14453125,0.0,0.0
14351.128046496,74.4,109.9,109.9,7932.4453125,0.0,0.0
14352.140476524,64.0,109.2,109.2,7932.44921875,0.0,0.0
14353.142676769,66.4,109.8,109.8,7932.44921875,0.0,0.15590696647646785
14354.145041627,70.9,110.7,110.7,7936.46484375,0.0,0.0
14355.147313939,67.8,110.7,110.7,7936.46484375,0.0,0.0
14356.153051724,69.3,104.4,104.4,7970.71875,0.0,0.0
14357.155638776,73.0,112.0,112.0,7915.0,0.0,0.0
14358.173453007,63.5,106.8,106.8,7919.5546875,0.0,0.0
14359.177205762,73.2,108.6,108.6,7924.85546875,0.0,0.13231595065468446
14360.180069554,66.5,105.2,105.2,7924.85546875,0.0,0.0
14361.190671537,62.8,109.4,109.4,7924.85546875,0.0,0.0
14362.1930973,67.1,108.7,108.7,7924.85546875,0.0,0.0
14363.199321379,67.5,106.3,106.3,7924.85546875,0.0,0.0
14364.202057086,64.7,112.7,112.7,7924.85546875,0.0,0.08570304158910115
14365.204572538,68.5,110.7,110.7,7924.97265625,0.0,0.0
14366.206923128,68.2,109.5,109.5,7924.97265625,0.0,0.0
14367.214041707,66.8,112.2,112.2,7924.97265625,0.0,0.0
14368.219786873,62.9,105.6,105.6,7924.97265625,0.0,0.0
14369.221993427,71.3,108.8,108.8,7926.8203125,0.0,0.2689378241684071
14370.224171777,69.4,111.8,111.8,7926.8203125,0.0,0.0
14371.22652151,66.7,106.9,106.9,7926.828125,0.0,0.0
14372.240814404,66.4,112.4,112.4,7926.828125,0.0,0.0
14373.25243826,68.0,109.1,109.1,7926.828125,0.0,0.0
14374.259913059,65.5,105.7,105.7,7942.76953125,0.0,0.058159022993079165
14375.262064629,71.3,111.7,111.7,7926.828125,0.0,0.0
14376.265147266,67.4,109.7,109.7,7926.828125,0.0,0.0
14377.26734358,68.3,109.6,109.6,7926.828125,0.0,0.0
14378.272441488,68.7,107.6,107.6,7930.390625,0.0,0.0
14379.289665409,74.6,110.9,110.9,7930.390625,0.0,0.003840108278379631
14380.294677957,68.7,105.6,105.6,7930.390625,0.0,0.08162211522960836
14381.313779104,65.5,113.9,113.9,7930.390625,0.0,0.0
14382.319623561,65.0,105.4,105.4,7930.390625,0.0,0.0
14383.322169159,70.9,109.7,109.7,7930.8515625,0.0,0.0
14384.32437572,69.8,110.7,110.7,7952.93359375,0.0,0.0
14385.327058378,66.5,110.7,110.7,7930.8515625,0.0,0.05843698355857912
14386.32977195,70.1,110.7,110.7,7918.5703125,0.0,0.0
14387.332039334,69.6,111.7,111.7,7928.3046875,0.0,0.0
14388.33480183,68.6,107.3,107.3,7928.3046875,0.0,0.0
14389.350228367,63.8,106.8,106.8,7928.7734375,0.0,0.0
14390.352984855,68.6,108.7,108.7,7928.7734375,0.0,0.007791024135461649
14391.355233226,70.4,109.7,109.7,7928.7734375,0.0,0.12082209710072551
14392.358073534,70.2,109.0,109.0,7928.7734375,0.0,0.0
14393.368752901,68.2,112.3,112.3,7928.7734375,0.0,0.0
14394.374181206,65.1,110.5,110.5,7928.7734375,0.0,0.0
14395.377454962,70.7,106.5,106.5,7928.7734375,0.0,0.0
14396.385576385,71.4,110.0,110.0,7928.7734375,0.0,0.07749562524662314
14397.395258825,67.0,112.2,112.2,7930.234375,0.0,0.0
14398.415633543,68.0,102.9,102.9,7952.28515625,0.0,0.0
14399.418011695,69.5,111.7,111.7,7928.7734375,0.0,0.0
14400.420801627,71.3,110.4,110.4,7928.7734375,0.0,0.00779076429737312
14401.426661921,69.9,110.6,110.6,7928.7734375,0.0,0.0
14402.431288913,71.6,107.6,107.6,7929.59375,0.0,0.11664777169351664
14403.44356985,68.7,109.6,109.6,7929.59375,0.0,0.0
14404.447463894,67.6,110.6,110.6,7929.59375,0.0,0.0
14405.450080995,65.3,103.2,103.2,7929.59375,0.0,0.04285658997546266
14406.457490767,67.8,111.7,111.7,7929.59375,0.41101695805312977,0.0
14407.459800268,69.8,109.7,109.7,7932.13671875,0.0,0.08573948457462453
14408.462312781,68.3,111.7,111.7,7929.59375,0.0,0.0
14409.464838658,66.7,104.8,104.8,7946.546875,0.0,0.0
14410.467046401,66.8,108.7,108.7,7929.59375,0.0,0.11303170504437332
14411.470042265,69.3,111.7,111.7,7954.9375,0.0,0.0
14412.47227294,69.8,109.7,109.7,7936.9140625,0.0,0.0
14413.474567985,76.1,110.1,110.1,7931.77734375,0.0,0.081843415678048
14414.486348681,68.7,113.3,113.3,7931.77734375,0.0,0.0
14415.490951114,66.8,106.5,106.5,7931.77734375,0.0,0.0
14416.493604557,67.8,108.7,108.7,7956.4453125,0.0,0.0
14417.496344103,68.3,110.7,110.7,7931.77734375,0.0,0.0
14418.498974335,72.5,108.6,108.6,7931.77734375,0.0,0.05454403652969794
14419.503048082,67.2,109.5,109.5,7931.77734375,0.0,0.0
14420.507457093,66.5,110.8,110.8,7931.77734375,0.0,0.0
14421.517767276,65.9,105.4,105.4,7931.77734375,0.0,0.0
14422.52503978,75.2,109.5,109.5,7959.10546875,0.0,0.0
14423.528045056,65.8,111.7,111.7,7958.50390625,0.0,0.03894545814926811
14424.534057176,67.5,109.3,109.3,7932.875,0.0,0.06989229911064451
14425.537216151,70.3,107.9,107.9,7936.6640625,0.0,0.0038939491121048413
14426.551039262,65.0,107.3,107.3,7939.75,0.0,0.0
14427.553196549,68.2,108.8,108.8,7959.02734375,0.0,0.0
14428.555715159,71.4,108.6,108.6,7939.75,0.0,0.0
14429.560232342,64.3,105.5,105.5,7963.984375,0.0,0.08555105025012291
14430.56472678,69.3,108.5,108.5,7968.77734375,0.0,0.0038887721546594194
14431.56972569,65.8,108.6,108.6,7939.75,0.0,0.0
14432.572209046,70.4,110.7,110.7,7939.75,0.0,0.0
14433.575183012,67.7,109.7,109.7,7939.75,0.0,0.0
14434.578220958,65.6,110.7,110.7,7939.75,0.0,0.058416284482304764
14435.580644625,51.0,99.8,99.8,7939.75,0.0,0.0
14436.583038468,63.4,95.4,95.4,7909.734375,0.0,0.0
14437.593081685,83.8,128.4,128.4,7825.5546875,0.0,0.03480667897004744
14438.605874003,87.5,123.7,123.7,7830.0859375,0.0,0.0
14439.616296915,81.1,130.8,130.8,7857.70703125,0.0,0.07731910972352381
14440.621854369,86.8,127.3,127.3,7925.03515625,0.0,0.0
14441.629815539,73.8,124.4,124.4,7929.171875,0.0,0.0
14442.635122995,80.0,127.2,127.2,7995.54296875,0.0,0.0
14443.641745797,83.0,129.9,129.9,7928.78515625,0.0,0.0
14444.649391334,85.0,131.0,131.0,7942.87890625,0.0,0.054272557156182316
14445.655820285,77.3,126.6,126.6,7927.0859375,0.0,0.0
14446.659334507,69.4,116.6,116.6,7978.05078125,0.0,0.0
14447.662277555,71.6,121.6,121.6,7927.23046875,0.0,0.0
14448.665937121,67.5,114.5,114.5,7919.375,0.0,0.0
14449.673103521,71.2,71.6,71.6,7946.53515625,0.0,0.015513821747844504
14450.675821016,70.4,116.6,116.6,7919.375,0.0,0.1753048599195213
14451.678874915,70.4,108.7,108.7,7919.375,0.0,0.0
14452.681049292,68.1,105.7,105.7,7947.94921875,0.0,0.0
14453.684968173,67.6,107.3,107.3,7941.34375,0.0,0.0
14454.693064959,64.1,111.4,111.4,7919.375,0.0,0.10849652684048988
14455.695961384,68.8,109.4,109.4,7919.375,0.0,0.08179433883203543
14456.702711959,69.9,111.5,111.5,7919.375,0.0,0.0077601147632865835
14457.708038845,63.6,105.6,105.6,7930.41015625,0.0,0.0
14458.711035679,72.0,107.7,107.7,7929.9375,0.0,0.0
14459.71403326,65.9,109.7,109.7,7919.375,0.0,0.0
14460.716254577,70.3,108.7,108.7,7919.375,0.0,0.11692776636464018
14461.719522853,68.8,110.6,110.6,7942.2578125,0.0,0.0
14462.725084496,66.6,109.4,109.4,7949.1484375,0.0,0.0
14463.731336633,66.3,109.4,109.4,7919.375,0.0,0.0
14464.733936104,69.0,109.7,109.7,7919.375,0.0,0.0
14465.736986521,71.7,109.7,109.7,7919.375,26.294789925776637,0.011683111637637723
14466.739659831,70.4,107.7,107.7,7919.375,0.0,0.08181253971941663
14467.742362558,65.9,107.5,107.5,7919.375,0.0,0.0
14468.75031219,71.5,109.2,109.2,7948.25,0.0,0.0
14469.758036534,66.9,109.3,109.3,7920.22265625,0.0,0.0
14470.760743505,75.2,110.2,110.2,7919.375,0.0,0.26880360643282597
14471.772131289,68.1,111.5,111.5,7919.375,0.0,0.11200575268156249
14472.785489232,61.0,108.2,108.2,7919.375,0.0,0.0
14473.788027947,72.3,109.7,109.7,7919.375,0.0,0.0
14474.790166599,68.8,108.7,108.7,7921.98046875,0.0,0.0
14475.792923612,68.4,109.7,109.7,7919.375,0.0,0.0
14476.795904124,69.5,109.7,109.7,7919.375,0.0,0.05452498762013434
14477.798719397,69.2,111.6,111.6,7919.375,0.0,0.011685851138794856
14478.805056776,70.7,104.4,104.4,7919.375,0.0,0.0
14479.812046224,70.9,108.2,108.2,7961.484375,0.0,0.0
14480.816549901,66.9,111.6,111.6,7919.375,0.0,0.0
14481.81896171,67.2,110.8,110.8,7919.375,0.0,0.08962758538288249
14482.820750966,66.0,104.8,104.8,7950.671875,0.0,0.0
14483.826474166,64.3,110.4,110.4,7919.375,0.13205671302005415,0.0
14484.82875985,67.2,109.7,109.7,7919.375,0.0,0.0
14485.831431136,68.6,110.7,110.7,7919.375,0.0,0.0
14486.834233827,68.8,108.7,108.7,7919.375,0.0,0.06232532138277699
14487.837204138,71.1,110.7,110.7,7919.375,0.0,0.0
14488.840260356,71.4,106.3,106.3,7919.375,0.0,0.0
14489.8500578,67.8,106.3,106.3,7958.58203125,0.0,0.11218215165144486
14490.853044389,63.5,110.7,110.7,7919.375,0.0,0.0
14491.855267522,69.8,111.8,111.8,7919.375,0.0,0.0857468732962964
14492.857515264,74.9,108.7,108.7,7919.375,0.0,0.0
14493.863043427,67.1,110.1,110.1,7919.375,0.0,0.0
14494.86921322,67.6,103.5,103.5,7945.8359375,0.0,0.0
14495.876268764,67.6,112.4,112.4,7919.375,0.0,0.0
14496.878588328,66.0,110.7,110.7,7922.23046875,0.0,0.05845815257374996
14497.881049133,67.8,112.7,112.7,7919.375,0.0,0.0038966610769356983
14498.883576311,70.4,109.4,109.4,7919.375,0.0,0.0
14499.889557612,69.1,105.5,105.5,7951.40234375,0.0,0.0
14500.894565334,71.1,113.0,113.0,7919.375,0.0,0.0
14501.906666982,70.7,112.1,112.1,7919.375,0.0,0.0
14502.910721797,67.1,105.0,105.0,7919.375,0.0,0.13227614470442828
14503.928262375,67.2,113.6,113.6,7919.375,0.0,0.0
14504.933060421,63.2,105.7,105.7,7919.375,0.0,0.0
14505.934873048,68.0,109.8,109.8,7919.375,0.0,0.0
14506.937028022,70.8,110.7,110.7,7919.375,0.0,0.0
14507.939776712,66.1,109.7,109.7,7919.375,0.0,0.054537593063231346
14508.941942682,71.4,109.6,109.6,7919.375,0.0,0.0
14509.9472762,70.4,109.4,109.4,7919.375,0.0,0.0
14510.951214674,69.7,109.7,109.7,7919.375,0.0,0.0
14511.953423825,70.2,109.8,109.8,7919.375,0.0,0.0
14512.955591803,69.3,110.5,110.5,7919.375,0.0,0.07795599312192668
14513.960890083,71.6,109.6,109.6,7919.375,0.0,0.0
14514.96357468,61.5,104.7,104.7,7919.375,0.0,0.0
14515.966996742,71.2,112.4,112.4,7919.375,0.0,0.0
14516.973052558,65.6,109.5,109.5,7919.375,0.0,0.0
14517.975618982,68.5,106.7,106.7,7919.375,0.0,0.0
14518.981731818,71.6,108.4,108.4,7919.375,0.0,0.05435523536053365
14519.984035994,67.0,111.7,111.7,7919.375,0.0,0.0
14520.986232704,69.8,109.7,109.7,7919.375,0.0,0.0
14521.988702941,68.9,109.7,109.7,7919.375,0.0,0.0
14522.991366203,69.4,108.4,108.4,7924.70703125,0.0,0.0038958742661131672
14523.997383703,66.8,112.3,112.3,7919.375,0.0,0.08154057956249323
14525.002589798,69.7,106.0,106.0,7920.6484375,0.0,0.0
14526.016262617,68.1,107.9,107.9,7920.6484375,0.0,0.0
14527.021437646,70.3,109.7,109.7,7943.97265625,0.0,0.0
14528.025663019,67.3,109.6,109.6,7920.6484375,0.0,0.0
14529.028034708,71.3,108.7,108.7,7901.28125,0.0,0.077940150203032
14530.031039164,70.1,108.5,108.5,7905.640625,0.0,0.0
14531.034930899,65.5,109.7,109.7,7914.33984375,0.0,0.0
14532.037083364,65.2,106.7,106.7,7914.33984375,0.0,0.0
14533.039857958,71.3,109.6,109.6,7914.33984375,0.0,0.007790883461502635
14534.044294021,68.7,108.6,108.6,7914.33984375,0.0,0.09333595581982203
14535.049043513,72.7,109.8,109.8,7914.34375,0.0,0.0038877849962626336
14536.05978147,64.8,106.5,106.5,7940.8125,0.0,0.0
14537.063383837,63.0,110.6,110.6,7914.34375,0.0,0.0
14538.066042687,70.7,110.7,110.7,7914.34375,0.0,0.0
14539.068242209,69.8,109.8,109.8,7914.34375,0.0,0.015590707894997167
14540.069959141,68.3,109.8,109.8,7914.34375,0.0,0.08968975878308126
14541.072771764,57.0,103.7,103.7,7914.34375,0.0,0.0
14542.074937079,50.9,99.8,99.8,7914.34375,0.0,0.0
14543.078028307,74.4,105.1,105.1,7855.32421875,0.0,0.0
14544.089055058,88.9,123.7,123.7,7831.46484375,0.0,0.0
14545.10077241,81.0,132.1,132.1,7825.140625,0.0,0.06949816553116413
14546.105036294,85.1,127.5,127.5,7961.0625,0.0,0.0
14547.107514894,79.9,129.6,129.6,7966.84375,0.0,0.0
14548.112066591,76.8,125.5,125.5,7964.15234375,0.0,0.0
14549.118224884,88.0,131.2,131.2,7975.64453125,0.0,0.0659998038698719
14550.130035835,90.4,133.4,133.4,7988.4296875,0.0,0.12354086489814461
14551.135352104,88.0,137.1,137.1,7952.70703125,0.0,0.0
14552.141988174,74.1,123.9,123.9,7898.625,0.0,0.0
14553.151272475,72.2,120.3,120.3,7977.359375,0.0,0.0
14554.15591735,70.2,120.4,120.4,7941.8359375,0.0,0.007776379688381252
14555.159319367,59.2,108.7,108.7,7941.875,0.0,0.09732514819144836
14556.163082658,88.9,87.7,87.7,7942.72265625,0.0,3.5335771210201035
14557.164762059,67.8,110.6,110.6,7941.875,0.0,0.0
14558.170050259,67.2,105.6,105.6,7944.43359375,0.0,0.0
14559.172982441,74.1,114.5,114.5,7941.875,0.0,0.0
14560.178376165,61.1,105.6,105.6,7941.875,0.0,3.8619820348078266
14561.180816645,71.1,110.7,110.7,7941.875,0.015586960335060697,0.11690220251295523
14562.183529149,67.9,108.7,108.7,7941.875,0.0,0.0
14563.186191102,68.5,109.6,109.6,7941.875,0.0,0.0
14564.190529655,68.8,110.6,110.6,7941.875,0.0,0.0038893757372314318
14565.19356239,69.4,109.5,109.5,7941.875,0.0,0.0
14566.199092692,67.8,110.5,110.5,7941.875,0.0,0.15539064281726236
14567.201805674,67.2,109.1,109.1,7941.875,0.0,0.0
14568.210700226,66.2,107.6,107.6,7941.875,0.0,0.0
14569.212884014,71.2,105.8,105.8,7941.875,0.0,0.0
14570.215043655,71.8,111.7,111.7,7941.875,0.0,0.0428761529022436
14571.217899673,70.2,108.2,108.2,7941.875,0.0,0.0856927599351662
14572.230037593,66.6,111.2,111.2,7941.875,0.0,0.0
14573.232437504,64.3,105.7,105.7,7949.30859375,0.0,0.0
14574.235426096,70.3,110.7,110.7,7949.30859375,0.0,0.0
14575.23767149,68.1,109.5,109.5,7949.30859375,0.0,0.0
14576.244031219,60.4,104.5,104.5,7949.30859375,0.0,0.0
14577.247043676,68.9,109.7,109.7,7949.30859375,0.0,0.058417768982885865
14578.249682229,69.7,109.7,109.7,7928.82421875,0.0,0.0
14579.252419493,72.6,111.4,111.4,7935.234375,0.0,0.0
14580.259418967,71.4,108.2,108.2,7928.82421875,0.0,0.0
14581.267929782,62.3,107.0,107.0,7953.88671875,0.0,0.0
14582.273707893,65.7,109.7,109.7,7934.23046875,0.0,0.0776761784189744
14583.275990116,68.8,111.7,111.7,7934.23046875,0.0,0.0
14584.279229769,69.5,108.6,108.6,7937.9453125,0.0,0.0
14585.283694858,67.6,106.6,106.6,7972.328125,0.0,0.0
14586.289445133,69.1,117.1,117.1,7950.1328125,0.0,0.0
14587.295883409,63.2,103.6,103.6,7947.109375,0.0,0.0
14588.298167618,70.9,112.7,112.7,7947.109375,0.0,0.0545628670081029
14589.301080478,70.5,104.6,104.6,7984.89453125,0.0,0.011684714063793029
14590.306487128,69.8,110.5,110.5,7947.109375,0.0,0.0
14591.313161475,65.7,110.3,110.3,7947.109375,0.0,0.0
14592.315437567,69.0,110.7,110.7,7950.12890625,0.0,0.0
14593.318288765,70.6,109.7,109.7,7950.12890625,0.0,0.08958831597268278
14594.321193646,63.8,106.4,106.4,7950.12890625,0.0,0.0
14595.327576615,70.0,109.6,109.6,7950.12890625,0.0,0.0
14596.331048556,70.6,108.6,108.6,7950.12890625,0.0,0.0
14597.333832389,72.4,110.7,110.7,7950.12890625,0.0,0.0
14598.336742946,66.6,111.7,111.7,7950.12890625,0.0,0.0
14599.339061364,71.3,109.7,109.7,7950.12890625,0.0,0.06625264866672585
14600.342250054,68.6,108.6,108.6,7950.12890625,0.0,0.0
14601.34729398,69.7,110.6,110.6,7933.49609375,0.0,0.015546584179853124
14602.350151938,68.9,109.7,109.7,7933.49609375,0.0,0.0
14603.353103543,71.2,109.5,109.5,7942.62109375,0.0,0.0
14604.356534737,66.8,106.4,106.4,7942.62109375,0.0,0.10900099643505341
14605.365488816,67.7,110.3,110.3,7945.20703125,0.0,0.0
14606.369750971,63.5,110.6,110.6,7942.62109375,0.0,0.0
14607.37195125,69.3,109.8,109.8,7942.62109375,0.0,0.0
14608.373765055,69.5,105.4,105.4,7942.62109375,0.0,0.0
14609.388319728,70.5,112.4,112.4,7942.62109375,0.0,0.20021099444484633
14610.397702075,69.8,110.3,110.3,7942.62109375,0.0,0.0
14611.401605252,65.5,104.6,104.6,7962.40234375,0.0,0.0116731874831074
14612.404603752,69.9,112.0,112.0,7944.1328125,0.0,0.0
14613.419559036,71.2,111.4,111.4,7944.1328125,0.0,0.0
14614.431965874,68.9,116.2,116.2,7944.1328125,0.0,0.05401731591222973
14615.450148264,64.8,110.0,110.0,7944.1328125,0.0,0.0
14616.452349991,68.5,110.7,110.7,7924.3359375,0.0,0.0
14617.455053782,64.9,106.9,106.9,7924.3359375,0.0,0.0
14618.468867088,70.2,107.0,107.0,7931.21484375,0.0,0.0
14619.478043003,73.4,110.3,110.3,7966.3359375,0.0,0.07741464975410049
14620.480850082,68.3,110.7,110.7,7957.9453125,0.0,0.00779063108309405
14621.48387973,63.9,109.7,109.7,7933.140625,0.0,0.0
14622.486563755,71.1,108.7,108.7,7936.3671875,0.0,0.0
14623.491337502,68.5,110.0,110.0,7938.71484375,0.0,0.0
14624.502848219,66.4,110.9,110.9,7936.3671875,0.0,0.09654494842108047
14625.508955677,64.5,106.7,106.7,7936.3671875,0.0,0.0
14626.511045474,67.2,110.7,110.7,7949.67578125,0.0,0.0
14627.513322623,69.5,109.8,109.8,7936.3671875,0.0,0.0
14628.515552687,72.3,107.7,107.7,7936.3671875,0.0,0.0
14629.518150069,68.8,109.6,109.6,7941.17578125,0.0,0.09350712627341172
14630.522804617,69.3,109.5,109.5,7943.9296875,0.0,0.003888152407985861
14631.527021919,69.4,109.7,109.7,7943.9296875,0.0,0.0
14632.541591569,64.2,105.4,105.4,7943.9296875,0.0,0.0
14633.543976869,70.4,115.7,115.7,7943.9296875,0.0,0.0
14634.546492521,65.8,104.8,104.8,7924.3359375,0.0,0.05065382260981807
14635.548874094,69.4,109.7,109.7,7924.3359375,0.0,0.07404241258931551
14636.552054371,65.4,111.3,111.3,7924.3359375,0.0,0.0
14637.557688198,68.7,106.9,106.9,7924.3359375,0.0,0.0
14638.574040703,64.1,107.1,107.1,7924.3359375,0.0,0.0
14639.576182496,70.1,110.7,110.7,7924.3359375,0.0,0.0
14640.581071685,72.2,110.5,110.5,7939.09765625,0.0,0.07774489053637589
14641.583811496,69.6,110.7,110.7,7939.09765625,0.0,0.0
14642.586614461,67.7,109.7,109.7,7939.09765625,0.0,0.0
14643.589381817,67.2,110.3,110.3,7939.09765625,0.0,0.0
14644.596141161,68.2,107.8,107.8,7939.09765625,0.0,0.0
14645.615048596,69.2,112.8,112.8,7939.09765625,0.0,0.061340213892928826
14646.617747532,71.7,106.3,106.3,7939.09765625,0.0,0.0
14647.627801111,58.0,107.3,107.3,7939.09765625,0.0,0.0
14648.630850417,54.2,99.8,99.8,7939.09765625,0.0,0.0
14649.633084585,58.9,90.2,90.2,7878.875,0.0,0.0
14650.653047236,83.8,132.2,132.2,7838.7578125,0.0,0.007659594194309455
14651.658685485,81.7,131.2,131.2,7845.4765625,0.0,0.08545567959993552
14652.662978119,78.5,132.5,132.5,7857.05078125,0.0,0.0
14653.66639914,81.4,127.6,127.6,7923.6171875,0.0,0.0
14654.668556933,75.1,120.5,120.5,7921.6640625,0.0,0.0
14655.686193134,77.1,124.7,124.7,7984.69140625,0.0,0.0
14656.692039719,89.7,138.6,138.6,7955.50390625,0.0,0.054369623375530855
14657.699285544,88.9,136.3,136.3,7931.96484375,0.0,0.0
14658.707556075,82.6,128.5,128.5,7914.1953125,0.0,0.0
14659.713445733,69.5,114.3,114.3,7950.8671875,0.0,0.0
14660.717743322,71.3,121.5,121.5,7932.5546875,0.0,0.0
14661.721281822,64.1,115.6,115.6,7932.5546875,0.0,0.0
14662.725146501,74.1,71.8,71.8,7972.19921875,0.0,0.09338908117914799
14663.728132492,71.6,118.5,118.5,7932.5546875,0.0,0.0
14664.733158716,68.2,108.6,108.6,7932.5546875,0.0,0.0
14665.736084425,68.5,107.5,107.5,7932.5546875,0.0,0.02336912872977416
14666.742612511,68.9,107.1,107.1,7932.5546875,0.0,0.007761830105554411
14667.752737293,68.1,115.3,115.3,7932.5546875,0.0,0.16628514911532405
14668.758042106,68.2,102.4,102.4,7964.48046875,0.0,0.0
14669.760693248,67.7,111.6,111.6,7932.5546875,0.0,0.10908579805915049
14670.764813563,72.5,109.6,109.6,7932.5546875,0.0,0.0
14671.767304055,66.8,108.7,108.7,7932.5546875,0.0,0.0
14672.770258553,68.8,110.7,110.7,7932.5546875,0.0,0.03505268690661558
14673.773226825,69.1,111.7,111.7,7932.5546875,0.0,0.11294599556389685
14674.776049759,70.3,109.6,109.6,7932.5546875,0.0,0.0
14675.780546953,68.7,106.9,106.9,7932.5546875,0.0,0.0
14676.794767108,67.1,110.9,110.9,7935.0078125,0.0,0.0
14677.801310332,70.3,106.8,106.8,7935.0078125,0.0,0.0
14678.814029339,73.0,109.3,109.3,7946.0625,0.0,0.07328661700532063
14679.81629166,65.1,110.7,110.7,7957.19140625,0.0,0.0
14680.818949265,69.7,108.7,108.7,7935.0078125,0.0,0.0
14681.821594544,69.5,112.7,112.7,7935.0078125,0.0,0.007791888281552875
14682.8235649,67.9,109.6,109.6,7935.0078125,0.0,0.0
14683.828291177,65.7,110.6,110.6,7935.0078125,0.0,0.1205241196254242
14684.833107747,70.6,104.2,104.2,7935.0078125,0.09330061107579526,0.0
14685.842108897,68.0,112.0,112.0,7935.0078125,0.0,0.0
14686.847875533,69.7,108.1,108.1,7941.65625,0.0,0.0
14687.855486159,65.9,105.7,105.7,7941.65625,0.0,0.0
14688.858113807,71.6,110.7,110.7,7941.65625,0.0,0.0
14689.861133945,67.8,108.7,108.7,7917.79296875,0.0,0.09346771460339463
14690.863657043,71.6,111.4,111.4,7921.41796875,0.0,0.0
14691.86978297,63.7,112.6,112.6,7924.82421875,0.0,0.0
14692.871886275,63.0,105.7,105.7,7924.82421875,0.0,0.0
14693.875110269,67.7,106.9,106.9,7924.82421875,0.0,0.0
14694.891662649,68.4,107.3,107.3,7924.82421875,0.0,0.06916761141217354
14695.904983591,67.8,110.9,110.9,7947.44140625,0.0,0.0
14696.912213789,67.2,110.7,110.7,7925.265625,0.0,0.0038782097754314735
14697.928397003,68.1,110.1,110.1,7925.265625,0.0,0.0
14698.931225131,69.2,108.7,108.7,7925.27734375,0.0,0.0
14699.933456357,68.8,110.8,110.8,7925.27734375,0.0,0.0
14700.935870596,72.9,108.7,108.7,7925.27734375,0.0,0.12859578903073773
14701.938625236,66.8,110.7,110.7,7932.4296875,0.0,0.0
14702.941515957,71.2,109.7,109.7,7932.4296875,0.0,0.0
14703.944267026,64.5,105.7,105.7,7933.84765625,0.0,0.0
14704.946599377,69.7,112.4,112.4,7932.4296875,0.0,0.0
14705.958762994,66.8,110.0,110.0,7959.5859375,0.0,0.05403029617104342
14706.96096299,66.5,108.7,108.7,7932.4296875,0.0,0.0
14707.963879479,68.3,110.7,110.7,7932.4296875,0.0,0.0
14708.968035484,64.7,105.6,105.6,7934.96484375,0.0,0.0
14709.970506623,75.1,109.7,109.7,7932.4296875,0.0,0.0
14710.974039972,68.9,110.6,110.6,7943.484375,0.0,0.0
14711.978150665,69.8,110.5,110.5,7932.4296875,0.0,0.0816954251875286
14712.980891177,68.4,109.7,109.7,7932.4296875,0.0,0.0
14713.98403943,69.0,111.5,111.5,7932.4296875,0.0,0.0
14714.987297664,69.5,110.5,110.5,7938.80078125,0.0,0.0
14715.993096452,68.9,106.2,106.2,7917.8046875,0.0,0.0
14717.002928429,65.8,109.3,109.3,7917.8046875,0.0,0.058023266577624466
14718.00516265,63.8,107.7,107.7,7927.37890625,0.0,0.0
14719.00798009,71.9,107.7,107.7,7927.37890625,0.0,0.0
14720.011127896,68.3,110.5,110.5,7928.40234375,0.0,0.0
14721.014854998,64.2,111.7,111.7,7928.40234375,0.0,0.0
14722.017040114,69.1,103.7,103.7,7965.6171875,0.0,0.07795466002510737
14723.019904497,65.8,110.7,110.7,7933.859375,0.0,0.0
14724.022572926,68.9,109.7,109.7,7933.859375,0.0,0.015583416758793172
14725.026225636,70.6,111.5,111.5,7933.86328125,0.0,0.015568134120814056
14726.029876085,70.0,106.3,106.3,7933.86328125,0.0,0.0
14727.039993135,70.2,110.8,110.8,7933.86328125,0.0,0.061874017471527924
14728.051033827,62.6,109.3,109.3,7933.86328125,0.0,0.0
14729.053338361,69.0,107.7,107.7,7933.86328125,0.0,0.10912352113530478
14730.056084733,69.3,109.6,109.6,7933.86328125,0.0,0.0
14731.060987942,70.2,112.5,112.5,7934.21484375,0.0,0.0
14732.065024471,67.7,109.4,109.4,7934.21484375,0.0,0.0
14733.076076942,64.9,108.2,108.2,7934.21484375,0.0,0.08499806139142717
14734.092368908,67.2,107.2,107.2,7934.21484375,0.0,0.0
14735.094673932,69.3,108.6,108.6,7934.21484375,0.0,0.0
14736.10040248,66.4,110.5,110.5,7934.21484375,0.0,0.0
14737.103304036,68.4,111.7,111.7,7934.21484375,0.0,0.031159588708443712
14738.10601612,69.3,110.5,110.5,7934.21484375,0.0,0.09739211440475287
14739.112655599,73.1,104.7,104.7,7934.21484375,0.0,0.0
14740.123995029,67.1,108.6,108.6,7948.18359375,0.0,0.0
14741.126703996,65.5,112.7,112.7,7934.21484375,0.0,0.0
14742.128941845,70.9,107.7,107.7,7934.21484375,0.0,0.0
14743.132038871,72.9,109.7,109.7,7934.21484375,0.0,0.128508256588193
14744.134809996,64.8,109.1,109.1,7934.21484375,0.0,0.015581820826754668
14745.144283238,61.4,106.5,106.5,7934.21484375,0.0,0.0
14746.149030598,70.1,108.5,108.5,7934.21484375,0.0,0.0
14747.152071186,65.3,110.6,110.6,7934.21484375,0.0,0.0
14748.156266904,70.1,105.7,105.7,7934.21484375,0.0,0.07001872119115296
14749.174459804,68.4,111.6,111.6,7934.21484375,0.0,0.0
14750.180117895,71.8,107.6,107.6,7939.39453125,0.0,0.0
14751.186565833,64.9,110.3,110.3,7934.21484375,0.0,0.0
14752.189790123,72.0,111.6,111.6,7934.21484375,0.0,0.0
14753.195290787,60.8,105.5,105.5,7934.21484375,0.0,0.07769761154532122
14754.19764879,69.3,108.8,108.8,7934.21484375,0.0,0.0
14755.199865743,57.9,104.8,104.8,7934.21484375,0.0,0.0
14756.202069443,51.0,100.6,100.6,7934.21484375,0.0,0.0
14757.206575417,73.2,110.3,110.3,7838.609375,0.0,0.0
14758.214181281,79.9,128.9,128.9,7847.76171875,0.0,0.0
14759.223382993,80.9,129.8,129.8,7841.77734375,0.0,0.07741267089735357
14760.234048526,83.5,129.1,129.1,7933.05078125,0.0,0.0
14761.250391355,75.2,126.2,126.2,7918.2890625,0.0,0.0
14762.261166153,77.5,124.0,124.0,7922.21484375,0.0,0.0
14763.26931936,82.0,127.9,127.9,7967.88671875,0.0,0.003874659102285215
14764.280975043,83.3,128.9,128.9,7974.0234375,0.0,0.08108613570652241
14765.288275463,84.3,131.8,131.8,7933.328125,0.0,0.0
14766.295547513,73.6,126.0,126.0,7899.12890625,0.0,0.0
14767.303524352,70.4,117.3,117.3,7962.40625,0.0,0.0
14768.307379805,69.7,120.5,120.5,7934.171875,0.0,0.0
14769.312327746,61.6,108.5,108.5,7934.171875,0.0,0.07774034535792358
14770.31705306,87.4,88.7,88.7,7939.890625,0.0,0.08553332816693783
14771.319282271,68.3,109.8,109.8,7934.171875,0.0,0.0
14772.321695744,69.2,108.7,108.7,7934.171875,0.0,0.0
14773.32464787,68.0,110.7,110.7,7934.171875,0.0,0.03894752200763364
14774.327636747,64.2,111.7,111.7,7934.171875,0.0,0.24146578845847808
14775.33048744,67.7,104.7,104.7,7971.171875,0.007790292268367709,0.0934835072204125
14776.336042889,65.8,111.4,111.4,7934.171875,0.0,0.0
14777.339045868,68.2,108.6,108.6,7934.171875,0.0,0.0
14778.345196701,69.4,111.3,111.3,7934.171875,0.0,0.0
14779.348325117,71.4,108.9,108.9,7934.171875,0.0,0.0778813547238172
14780.362039172,68.3,111.3,111.3,7934.171875,0.0,0.04238744623109494
14781.364407073,62.1,106.7,106.7,7934.171875,0.0,0.0
14782.366584314,69.0,109.8,109.8,7934.171875,0.0,0.0
14783.36903631,70.9,111.7,111.7,7936.63671875,0.0,0.0
14784.371879506,71.9,108.7,108.7,7936.63671875,0.0,0.1207504328523211
14785.375042126,69.3,109.7,109.7,7936.63671875,0.0,0.0
14786.378902927,62.3,106.5,106.5,7936.63671875,0.0,0.0
14787.383431345,65.7,109.6,109.6,7936.63671875,0.0,0.0
14788.386127828,71.7,109.7,109.7,7936.63671875,0.0,0.0
14789.389079833,71.0,110.7,110.7,7936.63671875,0.0,0.08178980608354834
14790.391293818,71.1,108.8,108.8,7936.63671875,0.0,0.007795241452347606
14791.393566509,71.2,108.7,108.7,7944.265625,0.0,0.0
14792.395967927,66.8,110.6,110.6,7944.265625,0.0,0.0
14793.400925767,65.0,105.6,105.6,7925.046875,0.0,0.0
14794.403141472,65.5,111.7,111.7,7925.046875,0.0,0.0
14795.405882867,70.4,109.7,109.7,7925.046875,0.0,0.07401584333707599
14796.408625894,72.1,108.7,108.7,7941.84375,0.0,0.0
14797.411365897,67.2,109.1,109.1,7941.84375,0.0,0.0
14798.422756213,70.0,106.2,106.2,7963.8203125,0.0,0.0
14799.428243534,66.0,109.6,109.6,7941.84375,0.0,0.003884932130340573
14800.430463144,66.5,109.8,109.8,7925.046875,0.0,0.0
14801.432707277,69.0,109.7,109.7,7925.046875,0.0,0.13641262193372233
14802.435314047,67.8,104.2,104.2,7925.046875,0.0,0.0
14803.446061997,70.9,116.0,116.0,7925.046875,0.0,0.0
14804.452894124,70.9,108.4,108.4,7925.046875,0.0,0.0
14805.460892133,65.9,108.4,108.4,7925.046875,0.0,0.0
14806.463595343,70.1,112.7,112.7,7925.046875,0.0,0.11687157159886599
14807.468050588,66.7,104.5,104.5,7942.90234375,0.0,0.007777847782556646
14808.471780992,70.3,110.6,110.6,7925.5625,0.0,0.06615944852858933
14809.47402672,71.3,111.7,111.7,7925.5625,0.0,0.0
14810.477052862,68.3,108.7,108.7,7925.5625,0.0,0.0
14811.479798176,67.7,110.5,110.5,7925.5625,0.0,0.1012844424021894
14812.484799337,69.6,106.7,106.7,7925.5625,0.0,0.0
14813.500318231,68.3,107.2,107.2,7942.3125,0.0,0.015386222838722602
14814.504949343,71.0,113.2,113.2,7925.5625,0.0,0.0
14815.513790354,64.8,106.4,106.4,7953.52734375,0.0,0.10841648863140818
14816.519869163,65.6,111.3,111.3,7925.5625,0.0,0.054357073731016406
14817.522468446,68.1,108.8,108.8,7925.5625,0.0,0.0
14818.524356447,70.4,107.7,107.7,7925.5625,0.0,0.0
14819.527347371,71.1,110.7,110.7,7925.5625,0.0,0.0077892030855491
14820.529577941,70.2,108.7,108.7,7925.5625,0.0,0.0
14821.53219636,70.9,106.2,106.2,7925.5625,0.0,0.08571306727616516
14822.545377891,65.5,113.1,113.1,7925.5625,0.0,0.0
14823.547712204,64.3,106.7,106.7,7925.5625,0.0,0.0
14824.552637519,67.0,109.7,109.7,7925.5625,0.0,0.0
14825.570044928,71.1,107.3,107.3,7925.5625,0.0,0.0076788314404801555
14826.579561441,70.9,108.5,108.5,7970.77734375,0.0,0.061910824830623816
14827.582299653,67.9,109.7,109.7,7952.8125,0.0,0.0
14828.584535339,72.7,110.7,110.7,7926.68359375,0.0,0.0
14829.587857026,70.2,108.7,108.7,7926.68359375,0.0,0.0
14830.590114742,68.8,111.7,111.7,7926.68359375,0.0,0.007794901326543992
14831.593840802,68.1,109.1,109.1,7926.68359375,0.0,0.08561848040504146
14832.60503831,69.6,105.3,105.3,7987.1796875,0.0,0.0
14833.610387399,68.3,114.7,114.7,7932.5703125,0.0,0.0
14834.62457155,69.9,106.8,106.8,7937.7265625,0.0,0.0
14835.630600626,64.0,108.7,108.7,7937.7265625,0.0,0.0
14836.633106937,69.3,111.7,111.7,7938.19921875,0.0,0.0077929683975777
14837.636082177,66.7,106.7,106.7,7938.203125,0.0,0.06231459911221809
14838.654921227,74.2,111.9,111.9,7938.203125,0.0,0.0
14839.672058582,67.4,108.1,108.1,7915.91015625,0.0,0.0
14840.675456192,69.2,112.7,112.7,7931.9453125,0.0,0.0
14841.677869989,69.2,110.7,110.7,7931.9453125,0.0,0.0
14842.680849031,65.6,111.5,111.5,7931.9453125,0.0,0.08957689666266384
14843.685602428,65.5,104.6,104.6,7931.9453125,0.0,0.0
14844.687870394,70.0,110.7,110.7,7931.9453125,0.0,0.02728187563365658
14845.690730291,69.6,110.7,110.7,7931.9453125,0.0,0.0
14846.693618548,70.8,109.7,109.7,7937.21484375,0.0,0.0
14847.695541065,68.3,107.0,107.0,7948.41015625,0.0,0.0
14848.711034517,68.2,109.1,109.1,7948.41015625,0.0,0.08077969369321802
14849.713979562,71.2,109.7,109.7,7980.10546875,0.0,0.11684339095566423
14850.716627278,64.9,109.7,109.7,7927.10546875,0.0,0.0
14851.719555531,68.7,110.7,110.7,7937.6953125,0.0,0.0
14852.722086051,68.4,108.7,108.7,7937.6953125,0.0,0.0
14853.726051942,69.9,110.6,110.6,7937.6953125,0.0,0.07781638868453372
14854.728282981,67.9,109.8,109.8,7937.6953125,0.0,0.007795108808243265
14855.730473305,69.7,109.8,109.8,7937.6953125,0.0,0.0
14856.732691252,67.9,108.7,108.7,7937.6953125,0.0,0.0
14857.73606086,69.7,110.1,110.1,7937.6953125,0.0,0.0
14858.749286389,70.5,111.8,111.8,7919.234375,0.0,0.06168419390461614
14859.755833427,69.8,104.4,104.4,7942.71484375,0.0,0.00776168396017223
14860.761386359,66.7,112.6,112.6,7921.671875,0.0,0.0
14861.764448824,62.3,103.7,103.7,7919.234375,0.0,0.0
14862.767408838,50.7,101.6,101.6,7919.234375,0.0,0.0
14863.772519198,64.2,90.4,90.4,7843.4453125,0.0,0.0855005613513022
14864.782094853,84.8,130.8,130.8,7847.09765625,0.0,0.0
14865.787034829,79.4,130.7,130.7,7853.5703125,0.0,0.011661144227394045
14866.801222215,75.8,130.7,130.7,7847.08984375,0.0,0.0
14867.808274507,85.1,131.1,131.1,7903.86328125,0.0,0.0
14868.817781979,77.1,119.3,119.3,7910.546875,0.0,0.10060599135423641
14869.820246141,78.4,126.1,126.1,7923.453125,0.0,0.0
14870.827561002,87.5,134.5,134.5,7956.85546875,0.0,0.0
14871.83186079,86.3,132.3,132.3,7908.359375,0.0,0.011668577590090148
14872.850037743,81.1,128.5,128.5,7896.7421875,0.0,0.0
14873.855374869,69.8,117.0,117.0,7909.8359375,0.0,0.13987845108187916
14874.863937213,72.6,123.5,123.5,7962.29296875,0.0,0.0
14875.868861658,67.1,117.5,117.5,7918.78125,0.0,0.0
14876.87291386,68.3,80.2,80.2,7957.5078125,0.0,0.015561939876125613
14877.882739107,76.2,118.7,118.7,7918.78125,0.0,0.0077364871032857396
14878.886034885,75.9,106.6,106.6,7918.78125,0.0,0.1401630536914309
14879.888235582,67.2,110.8,110.8,7918.78125,0.0,0.023386034424173426
14880.890479984,64.4,111.8,111.8,7918.78125,0.0,0.0
14881.893030509,69.9,111.7,111.7,7920.66796875,0.0,0.0
14882.895235193,66.0,105.8,105.8,7925.171875,0.0,0.0
14883.897472803,68.3,109.8,109.8,7925.171875,0.0,0.11692586551400636
14884.899732941,68.0,105.9,105.9,7925.171875,0.0,0.0
14885.913572573,64.8,111.2,111.2,7925.171875,0.0,0.023117561456704783
14886.918339902,64.5,107.6,107.6,7925.171875,0.0,0.0
14887.920728352,67.5,109.7,109.7,7925.171875,0.0,0.0
14888.922989094,71.5,107.8,107.8,7927.171875,0.0,0.06235902233914174
14889.925337633,71.0,111.7,111.7,7933.15234375,0.0,0.0
14890.928069045,74.3,114.6,114.6,7933.15234375,0.0,0.0
14891.931047101,65.4,106.7,106.7,7933.15234375,0.0,0.0
14892.933396193,64.4,105.6,105.6,7957.2265625,0.0,0.0
14893.937831861,62.9,110.6,110.6,7933.15234375,0.0,0.08555799314772465
14894.941068425,67.7,109.7,109.7,7934.921875,0.0,0.0077872959183735374
14895.9428359,68.4,111.8,111.8,7933.15234375,0.0,0.0
14896.945078248,73.4,108.7,108.7,7955.25390625,0.0,0.0
14897.950153676,70.8,109.9,109.9,7933.15234375,0.0,0.0
14898.962441971,68.2,106.2,106.2,7933.15234375,0.0,0.0
14899.968576193,73.7,109.4,109.4,7949.45703125,0.0,0.08541355429616618
14900.970846051,64.2,110.7,110.7,7933.15234375,0.0,0.007794806895213283
14901.976664581,68.9,109.4,109.4,7933.15234375,0.0,0.0
14902.979434463,68.8,110.6,110.6,7933.15234375,0.0,0.0
14903.983911041,67.3,107.1,107.1,7934.3203125,0.0,0.0
14904.995761429,70.6,109.5,109.5,7934.3203125,0.0,0.06176802493846624
14906.00984195,62.4,108.1,108.1,7934.3203125,0.0,0.007704023337614739
14907.012690472,69.4,109.7,109.7,7934.3203125,0.0,0.0
14908.015313869,70.2,113.7,113.7,7944.1953125,0.0,0.0
14909.018057497,74.1,110.7,110.7,7944.1953125,0.0,0.0
14910.023954855,65.9,105.0,105.0,7922.5625,0.0,0.0893170155836246
14911.037047889,66.7,108.6,108.6,7922.5625,0.0,0.0
14912.046085595,63.5,108.4,108.4,7922.5625,0.0,0.007742525332344639
14913.048292476,75.3,110.8,110.8,7948.25,0.0,0.0
14914.050506331,68.4,109.7,109.7,7952.51953125,0.0,0.0
14915.053227963,66.8,110.7,110.7,7928.11328125,0.0,0.06233035969838986
14916.056226649,69.3,109.7,109.7,7928.2421875,0.0,0.03505114262934682
14917.05786874,67.8,109.6,109.6,7928.2421875,0.0,0.007799692195645359
14918.063244951,67.7,105.0,105.0,7928.2421875,0.0,0.0
14919.073250974,70.9,107.2,107.2,7931.61328125,0.0,0.0
14920.080184564,70.8,109.1,109.1,7931.61328125,0.0,0.0
14921.091574816,65.9,109.2,109.2,7931.61328125,0.0,0.08496967400071977
14922.094695531,68.1,110.7,110.7,7931.61328125,0.0,0.0
14923.097550754,68.5,109.7,109.7,7931.61328125,0.0,0.007790257078801311
14924.100603248,67.5,109.6,109.6,7931.61328125,0.0,0.0
14925.105054591,72.2,109.4,109.4,7931.61328125,0.0,0.0
14926.109454067,69.3,108.5,108.5,7931.61328125,0.0,0.06222623716303778
14927.11471028,62.6,107.5,107.5,7931.61328125,0.0,0.0
14928.120059054,70.9,108.3,108.3,7956.48828125,0.0,0.00777093502479321
14929.129196972,72.6,109.3,109.3,7931.61328125,0.0,0.0
14930.131981891,70.2,111.7,111.7,7931.61328125,0.0,0.0
14931.134394464,68.3,110.7,110.7,7931.828125,0.0,0.08573066850392343
14932.136681667,69.3,108.7,108.7,7931.828125,0.0,0.0
14933.139359695,67.8,110.4,110.4,7931.828125,0.0,0.0
14934.14472138,68.2,104.4,104.4,7941.4375,0.0,0.015541670458626644
14935.156832225,71.5,115.7,115.7,7955.3203125,0.0,0.0
14936.169104367,61.5,105.6,105.6,7941.44140625,0.0,0.10804900724025909
14937.177191652,67.4,111.5,111.5,7922.56640625,0.0,0.11237246187473265
14938.179920324,69.7,107.0,107.0,7927.94140625,0.0,0.0
14939.193092417,67.6,107.2,107.2,7927.94140625,0.0,0.0
14940.199445667,68.6,113.3,113.3,7929.58203125,0.0,0.007763178585644876
14941.203972669,72.0,107.3,107.3,7960.359375,0.0,0.0
14942.208560788,70.3,111.0,111.0,7929.58203125,0.0,0.11665228543282496
14943.219487,64.5,110.5,110.5,7929.58203125,0.0,0.0
14944.221810501,69.4,110.7,110.7,7939.05859375,0.0,0.0
14945.224538459,70.3,111.7,111.7,7939.05859375,0.0,0.007791245808659813
14946.227876913,70.5,110.1,110.1,7939.05859375,0.0,0.0
14947.238049336,63.6,104.5,104.5,7939.05859375,0.0,0.06187062582291959
14948.240273374,68.8,110.8,110.8,7939.05859375,0.0,0.0
14949.242492404,76.9,107.9,107.9,7939.05859375,0.0,0.0
14950.257363837,68.2,107.2,107.2,7960.796875,0.0,0.0
14951.261446444,64.3,109.6,109.6,7939.05859375,0.0,0.007780734319602639
14952.265103548,68.3,109.6,109.6,7939.05859375,0.0,0.1011924287639962
14953.268109105,70.1,113.5,113.5,7939.05859375,0.0,0.0
14954.272562983,69.6,108.6,108.6,7939.07421875,0.0,0.0
14955.279191388,64.6,106.0,106.0,7964.359375,0.0,0.0
14956.284642891,70.1,111.5,111.5,7939.07421875,0.0,0.007770141052736034
14957.288462919,66.1,110.6,110.6,7939.07421875,0.0,0.062262156817640565
14958.293703609,68.0,109.5,109.5,7939.07421875,0.0,0.0
14959.296672323,70.6,108.7,108.7,7939.07421875,0.0,0.0
14960.29968582,70.5,109.7,109.7,7939.07421875,0.0,0.0
14961.30137062,70.9,110.6,110.6,7939.07421875,0.0,0.0
14962.30604319,65.5,105.2,105.2,7950.69921875,0.0,0.0077761653231999996
14963.31303491,65.4,110.7,110.7,7939.07421875,0.0,0.08534082087587766
14964.316042529,66.9,105.2,105.2,7939.07421875,0.0,0.0
14965.327364906,68.0,108.3,108.3,7947.0625,0.0,0.0
14966.333343902,65.1,111.3,111.3,7940.9140625,0.0,0.0
14967.336345194,70.3,109.7,109.7,7940.9140625,0.0,0.0
14968.338693542,66.8,110.1,110.1,7940.9140625,0.0,0.07794196514204718
14969.347552202,53.7,100.7,100.7,7940.9140625,0.0,0.0
14970.350320305,50.7,99.7,99.7,7940.9140625,0.0,0.10907307449520924
14971.353430486,83.2,112.0,112.0,7867.02734375,0.0,0.0
14972.363061372,83.1,128.1,128.1,7842.140625,0.0,0.0
14973.371427481,80.3,133.2,133.2,7841.109375,0.0,0.08522450252232987
14974.388163636,83.1,129.5,129.5,7905.703125,0.0,0.0
14975.397842602,75.8,125.1,125.1,7925.7890625,0.0,0.0
14976.40152966,76.2,123.0,123.0,7913.38671875,0.0,0.0
14977.413220347,80.2,128.2,128.2,7904.9140625,0.0,0.0
14978.416068311,85.3,125.8,125.8,7918.0859375,0.0,0.06232250774153334
14979.429027035,85.0,129.4,129.4,7914.84765625,0.0,0.0077125551267852015
14980.438262423,75.7,124.4,124.4,7918.8671875,0.0,0.0
14981.442964192,70.9,117.7,117.7,7947.92578125,0.0,0.0
14982.459482959,72.8,124.8,124.8,7947.92578125,0.0,0.007685544284686254
14983.463585092,58.9,110.6,110.6,7947.92578125,0.0,0.0855864131502789
14984.467016204,84.3,79.7,79.7,7947.92578125,0.0,0.10121521924667866
14985.470138219,73.6,116.4,116.4,7947.92578125,0.0,0.0
14986.47585041,62.0,104.7,104.7,7947.92578125,0.0,0.0
14987.478104981,71.3,109.7,109.7,7947.92578125,0.0,0.1013340352227031
14988.480763976,71.2,110.6,110.6,7947.92578125,0.0,0.14414796129175655
14989.485286605,67.7,104.6,104.6,7947.92578125,0.0,0.007777326039707653
14990.487492496,64.9,111.7,111.7,7947.92578125,0.015590608816329048,0.14031547934696142
14991.490197704,66.0,109.7,109.7,7947.92578125,0.0,0.0
14992.492465637,72.5,110.6,110.6,7947.92578125,0.0,0.0
14993.497054908,69.9,109.7,109.7,7947.92578125,0.0,0.1010985314414685
14994.498672697,69.0,106.4,106.4,7947.92578125,0.0,0.0
14995.508031303,67.2,108.4,108.4,7947.92578125,0.0,0.015480127585112104
14996.510665601,64.9,110.7,110.7,7947.92578125,0.0,0.0
14997.51403652,69.2,110.6,110.6,7947.92578125,0.0,0.0
14998.516717992,65.5,101.7,101.7,7964.14453125,0.0,0.10518669482301704
14999.51910656,67.4,110.6,110.6,7947.92578125,0.0,0.0
15000.524297525,68.0,106.3,106.3,7947.92578125,0.0,0.0
15001.536651612,68.9,114.8,114.8,7947.92578125,0.0,0.011575742272882354
15002.541752108,63.5,106.6,106.6,7947.92578125,0.0,0.0
15003.543621959,66.7,111.5,111.5,7947.92578125,0.0,0.12476670485224572
15004.549291131,71.1,109.5,109.5,7947.92578125,0.0,0.0
15005.55423813,66.0,109.2,109.2,7947.92578125,0.0,0.0
15006.561144876,64.2,106.6,106.6,7947.92578125,0.0,0.011638366756966384
15007.563305938,68.0,108.8,108.8,7947.92578125,0.0,0.0
15008.565542654,73.0,108.7,108.7,7947.92578125,0.0,0.0038975323270836106
15009.568161234,70.2,109.7,109.7,7947.92578125,0.0,0.1324656281554562
15010.571094358,66.7,105.6,105.6,7987.5625,0.0,0.0
15011.575830105,63.6,112.6,112.6,7947.92578125,0.0,0.0
15012.57826481,71.9,110.7,110.7,7947.92578125,0.0,0.0077935250655531765
15013.581096673,68.6,109.3,109.3,7947.92578125,0.0,0.06232350836256806
15014.590145749,64.1,108.3,108.3,7966.5859375,0.0,0.08516681898239874
15015.597162965,69.7,111.3,111.3,7950.546875,0.0,0.0
15016.603286069,72.4,111.4,111.4,7952.70703125,0.0,0.0
15017.60545301,66.0,109.8,109.8,7952.70703125,0.0,0.007795607378752529
15018.607688815,71.1,106.6,106.6,7952.70703125,0.0,0.007795071739621678
15019.612037938,64.6,105.6,105.6,7965.37109375,0.0,0.0
15020.616996458,73.1,110.2,110.2,7979.32421875,0.0,0.0816265033506473
15021.624041001,65.3,108.4,108.4,7973.421875,0.0,0.0
15022.630327773,66.2,110.4,110.4,7952.70703125,0.0,0.0
15023.632656923,69.2,109.7,109.7,7952.70703125,0.0,0.007794345799479968
15024.635310867,68.7,110.2,110.2,7957.27734375,0.6895761535057799,0.035063194246056605
15025.645926246,69.7,110.3,110.3,7952.70703125,0.0,0.07343916542554736
15026.6490454,68.4,110.7,110.7,7952.70703125,0.0,0.0
15027.65155974,69.3,111.7,111.7,7952.70703125,0.0,0.0
15028.653899755,73.7,107.7,107.7,7952.70703125,0.0,0.007794261311614565
15029.656784618,69.8,110.6,110.6,7952.70703125,0.0,0.0
15030.661039903,64.0,104.5,104.5,7952.70703125,0.0,0.08557336096078189
15031.66487366,66.8,111.7,111.7,7952.70703125,0.0,0.0
15032.667644445,72.3,110.7,110.7,7952.70703125,0.0,0.0
15033.67079397,69.1,109.7,109.7,7952.70703125,0.0,0.0
15034.673491285,67.2,104.3,104.3,7952.70703125,0.0,0.007791483913569616
15035.684040549,72.5,116.3,116.3,7952.70703125,0.0,0.0
15036.686842464,68.2,104.6,104.6,7982.25,0.0,0.06232536961203411
15037.690963413,64.7,110.7,110.7,7952.70703125,0.0,0.0
15038.693070666,69.7,107.8,107.8,7952.70703125,0.0,0.0
15039.695536716,69.3,108.7,108.7,7952.70703125,0.0,0.007793281378454373
15040.698733077,68.2,110.6,110.6,7952.70703125,0.0,0.0
15041.702568981,66.1,104.3,104.3,7952.70703125,0.0,0.08560911166620355
15042.708501464,68.5,110.8,110.8,7952.70703125,0.0,0.0
15043.710260523,68.2,109.7,109.7,7952.70703125,0.0,0.0
15044.715233201,65.5,106.4,106.4,7952.70703125,0.0,0.0
15045.719055828,65.6,109.7,109.7,7952.70703125,0.0,0.007782749451805281
15046.721809683,68.8,109.7,109.7,7952.70703125,0.0,0.0
15047.724371716,70.7,111.6,111.6,7952.70703125,0.0,0.06623654977368848
15048.729131194,68.9,105.5,105.5,7976.75,0.0,0.0
15049.733425259,68.5,110.6,110.6,7955.53515625,0.0,0.0077790960558942225
15050.736033405,66.9,108.7,108.7,7955.53515625,0.0,0.0
15051.738671113,67.4,111.7,111.7,7936.21484375,0.0,0.007791947118754089
15052.741045266,69.1,110.7,110.7,7939.22265625,0.0,0.08963095240542278
15053.744038818,70.0,110.7,110.7,7939.22265625,0.0,0.0
15054.746229613,70.0,109.7,109.7,7942.98828125,0.0,0.0
15055.7490705,67.2,108.7,108.7,7942.98828125,0.0,0.10906515820985868
15056.751879798,69.6,109.2,109.2,7942.98828125,0.0,0.007790613844115246
15057.759168583,69.8,107.7,107.7,7950.28125,0.0,0.06204774731011431
15058.7652303,73.0,107.9,107.9,7950.28125,0.0,0.0
15059.774701983,66.6,108.4,108.4,7950.28125,0.0,0.0
15060.776916765,64.4,110.7,110.7,7950.28125,0.0,0.0
15061.779585317,68.8,109.7,109.7,7950.28125,0.0,0.007791707423580777
15062.782603272,66.5,107.3,107.3,7950.28125,0.0,0.08567892486021476
15063.794474338,67.3,112.7,112.7,7950.28125,0.0,0.0
15064.803698453,70.1,104.1,104.1,7950.28125,0.0,0.0
15065.816701479,71.9,114.6,114.6,7960.0390625,0.0,0.0
15066.822627104,66.5,107.4,107.4,7950.28125,0.0,0.0
15067.832329119,67.6,108.2,108.2,7951.09375,0.0,0.01160614698782513
15068.834571666,67.4,108.8,108.8,7950.28125,0.0,0.10133525093704768
15069.837318978,73.9,116.5,116.5,7955.89453125,0.0,0.0
15070.841066916,70.6,103.7,103.7,7950.28125,0.0,0.0
15071.84383614,70.6,108.7,108.7,7950.28125,0.0,0.0
15072.846278189,68.6,109.6,109.6,7950.28125,0.0,0.0
15073.850242664,67.1,111.7,111.7,7950.28125,0.0,0.1167247476558806
15074.852459279,64.6,106.7,106.7,7950.28125,0.0,0.0
15075.854902126,69.8,110.7,110.7,7950.28125,0.0,0.0
15076.858236288,66.8,110.5,110.5,7950.28125,0.0,0.0
15077.862842987,50.8,100.7,100.7,7950.28125,0.0,0.0
15078.865324473,54.3,99.8,99.8,7950.28125,0.0,0.0
15079.867830593,83.6,110.1,110.1,7835.15625,0.0,0.09351563858770368
15080.879888836,85.2,127.8,127.8,7844.40234375,0.0,0.0
15081.890608865,82.1,133.0,133.0,7838.07421875,0.0,0.0
15082.900067477,86.4,125.3,125.3,7908.390625,0.0,0.0
15083.911035439,79.6,133.4,133.4,7934.52734375,0.0,0.0
15084.919734501,78.2,126.4,126.4,7960.91796875,0.0,0.14715736892393955
15085.939034079,82.5,127.6,127.6,7922.7109375,0.0,0.007664576900277284
15086.959835786,84.7,132.7,132.7,7990.60546875,0.0,0.0
15087.970476487,83.4,130.3,130.3,7986.98828125,0.0,0.0
15088.972921755,71.6,118.9,118.9,7922.7265625,0.0,0.0
15089.985904036,75.8,117.2,117.2,7949.98828125,0.0,0.019280939426397203
15090.988912777,70.4,117.7,117.7,7994.80859375,0.0,0.10125784138110812
15091.99665443,55.9,108.8,108.8,7949.98828125,0.0,0.019381207417447928
15093.005449188,86.2,88.5,88.5,7949.98828125,0.0,3.504336458894959
15094.007704479,71.1,111.8,111.8,7952.6484375,0.0,0.0
15095.009948204,68.9,109.6,109.6,7952.6484375,0.0,0.0
15096.014304606,63.3,105.6,105.6,7975.55078125,0.0,3.788184644837778
15097.020418164,67.1,110.4,110.4,7952.6484375,0.0,0.0
15098.022638629,68.4,109.7,109.7,7952.6484375,0.007795191051106743,0.09354229261328091
15099.025395639,73.1,105.1,105.1,7952.6484375,0.0,0.0
15100.038752632,67.2,109.1,109.1,7952.6484375,0.0,0.0
15101.047346178,67.3,109.1,109.1,7952.6484375,0.0,0.07745934951671546
15102.050745601,69.6,109.7,109.7,7952.6484375,0.0,0.07786031983797168
15103.052936077,65.9,110.8,110.8,7952.6484375,0.0,0.0
15104.05511732,69.9,110.7,110.7,7952.6484375,0.0,0.00779549612863438
15105.057622683,71.7,108.7,108.7,7952.6484375,0.0,0.0
15106.059927222,71.5,111.7,111.7,7952.6484375,0.0,0.0
15107.062366323,68.8,107.7,107.7,7952.6484375,0.0,0.1363860905502545
15108.064646008,69.0,111.6,111.6,7952.6484375,0.0,0.0
15109.070534454,71.2,111.0,111.0,7952.6484375,0.0,0.0
15110.07887787,67.5,110.6,110.6,7952.6484375,0.0,0.0
15111.081044508,65.4,104.8,104.8,7952.6484375,0.0,0.0
15112.082816455,69.4,108.7,108.7,7952.6484375,0.0,0.07798681150333857
15113.085896219,65.8,110.6,110.6,7952.6484375,0.0,0.0
15114.090033187,64.1,106.7,106.7,7962.75,0.0,0.0
15115.092209561,68.7,108.7,108.7,7952.6484375,0.0,0.0
15116.095271333,69.3,110.7,110.7,7952.6484375,0.0,0.18692767009361397
15117.097827779,68.8,110.7,110.7,7952.6484375,0.0,0.05454805085362622
15118.10103964,68.0,109.6,109.6,7952.6484375,0.0,0.0
15119.103763059,71.2,102.6,102.6,8001.65234375,0.0,0.0
15120.108065842,65.8,112.5,112.5,7952.6484375,0.0,0.0
15121.112523298,67.7,109.6,109.6,7952.6484375,0.0,0.0
15122.115056821,68.9,109.7,109.7,7952.6484375,0.0,0.007792756871231469
15123.117313653,69.8,110.6,110.6,7952.66015625,0.0,0.08574399021906103
15124.122693386,66.1,109.3,109.3,7952.66015625,0.0,0.0
15125.129060197,65.4,105.6,105.6,7953.48046875,0.0,0.0
15126.131419137,71.5,108.8,108.8,7952.66015625,0.0,0.0
15127.133672268,65.3,111.7,111.7,7952.66015625,0.0,0.003897468492914972
15128.136495273,68.6,106.9,106.9,7952.66015625,0.0,0.05842880519084313
15129.150718702,68.7,107.3,107.3,7952.66015625,0.0,0.003851468905478433
15130.155955321,70.2,110.4,110.4,7933.66796875,0.0,0.0
15131.15814457,68.2,110.7,110.7,7933.66796875,0.0,0.0
15132.160867749,70.3,110.7,110.7,7935.3046875,0.0,0.0
15133.164074948,68.0,109.4,109.4,7943.0078125,0.0,0.0
15134.174659039,67.8,107.0,107.0,7958.02734375,0.0,0.07730677802644702
15135.178633312,65.6,110.7,110.7,7941.9140625,0.0,0.0
15136.181024453,69.9,109.8,109.8,7941.9140625,0.0,0.0
15137.183179068,70.4,109.7,109.7,7941.91796875,0.0,0.0
15138.187986259,65.8,105.0,105.0,7941.91796875,0.0,0.0
15139.201887783,69.3,107.1,107.1,7941.91796875,0.0,0.05393768399147858
15140.204081436,64.6,109.7,109.7,7941.91796875,0.0,0.0
15141.20683412,70.4,108.7,108.7,7941.91796875,0.0,0.0
15142.208977612,67.6,112.7,112.7,7941.91796875,0.0,0.0
15143.21194962,67.0,110.6,110.6,7941.91796875,0.0,0.0
15144.216044248,68.2,105.4,105.4,7984.40625,0.0,0.08169673227248528
15145.222066252,71.5,117.1,117.1,7941.91796875,0.0,0.0
15146.228794833,68.7,105.7,105.7,7985.5,0.0,0.0
15147.23109734,65.6,111.7,111.7,7941.91796875,0.0,0.0
15148.234234928,71.0,110.7,110.7,7941.91796875,0.0,0.0
15149.237169815,74.2,107.7,107.7,7941.91796875,0.0,0.0038948191459237873
15150.239957702,70.5,106.3,106.3,7941.91796875,0.0,0.19476950462994397
15151.251039824,65.8,106.3,106.3,7974.07421875,0.0,0.0
15152.253708181,66.3,110.7,110.7,7941.91796875,0.0,0.0
15153.256084695,69.2,109.8,109.8,7951.609375,0.0,0.015587955006703316
15154.274610283,67.0,110.5,110.5,7933.671875,0.0,0.015340802611226547
15155.2880453,66.4,106.9,106.9,7933.671875,0.0,0.0963616298646962
15156.290249139,65.8,109.6,109.6,7933.671875,0.0,0.0
15157.294992306,70.0,110.6,110.6,7933.671875,0.0,0.0
15158.299164366,71.2,108.6,108.6,7942.5078125,0.0,0.0
15159.301479176,70.4,107.5,107.5,7933.671875,0.0,0.0
15160.309175838,65.5,113.4,113.4,7933.671875,0.0,0.09303394913895748
15161.313810267,69.3,108.5,108.5,7933.671875,0.0,0.0
15162.316021924,67.1,105.8,105.8,7933.671875,0.0,0.0
15163.318247845,78.4,110.7,110.7,7933.671875,0.0,0.0
15164.321205548,66.0,110.7,110.7,7937.609375,0.0,0.0
15165.323331904,70.5,110.2,110.2,7937.609375,0.0,0.07016330782946746
15166.336034982,64.0,108.2,108.2,7937.609375,0.0,0.0
15167.338187291,64.7,109.8,109.8,7937.609375,0.0,0.0
15168.340653787,68.8,111.4,111.4,7937.609375,0.0,0.0
15169.347622654,71.4,106.2,106.2,7937.609375,0.0,0.0
15170.357238551,67.5,108.5,108.5,7937.609375,0.0,0.07738091310983995
15171.374326439,66.5,110.8,110.8,7937.609375,0.0,0.0
15172.378037446,68.6,109.7,109.7,7937.609375,0.0,0.0
15173.380213856,67.3,109.7,109.7,7937.609375,0.0,0.0
15174.386182342,70.3,109.8,109.8,7940.0,0.0,0.0
15175.397378738,69.5,108.8,108.8,7937.609375,0.0,0.05408197677156268
15176.407341222,69.1,110.3,110.3,7937.609375,0.0,0.0
15177.411940986,70.0,110.5,110.5,7937.609375,0.0,0.0
15178.416659432,72.4,104.1,104.1,7937.609375,0.0,0.0
15179.427565739,72.7,114.2,114.2,7939.0,0.0,0.023184641185516285
15180.43218394,61.6,104.6,104.6,7939.0,0.0,0.0
15181.434649635,65.7,109.7,109.7,7939.0,0.0,0.07793284138259973
15182.437573116,67.0,109.6,109.6,7939.0,0.0,0.0
15183.442668263,68.0,108.9,108.9,7939.0,0.0,0.003886447976252181
15184.455046331,71.4,108.1,108.1,7973.29296875,0.0,0.0
15185.463427674,59.0,110.2,110.2,7939.0,0.0,0.003873782500161843
15186.466488763,50.9,99.8,99.8,7939.0,0.0,0.05452060756785892
15187.469109122,62.3,89.1,89.1,7939.0,0.0,0.0
15188.482167706,84.3,132.6,132.6,7855.76953125,0.0,0.0038558974393863897
15189.493179941,80.4,134.2,134.2,7852.9296875,0.0,0.0
15190.506984864,84.8,133.1,133.1,7920.046875,0.0,0.0
15191.522140917,82.6,131.1,131.1,7917.69140625,0.0,0.08080654177008949
15192.535804375,74.3,120.3,120.3,7921.984375,0.0,0.0
15193.548736824,79.1,127.5,127.5,7936.609375,0.0,0.0
15194.558113012,87.6,135.9,135.9,7950.87890625,0.0,0.0
15195.573855266,85.0,130.3,130.3,7928.796875,0.0,0.0
15196.58945913,75.6,127.2,127.2,7955.97265625,0.0,0.05384727445268121
15197.592952747,70.4,115.0,115.0,7939.28125,0.0,0.0
15198.604119389,74.6,119.3,119.3,7950.1328125,0.0,0.0
15199.606494625,62.0,114.7,114.7,7931.63671875,0.0,0.0
15200.609846782,79.6,88.2,88.2,7931.63671875,0.0,0.08954358584204729
15201.622925406,68.0,114.3,114.3,7932.78125,0.0,0.25448419687497065
15202.624575268,68.3,110.8,110.8,7931.63671875,0.0,0.0
15203.626813606,71.8,109.8,109.8,7929.0234375,0.0,0.0
15204.629052719,67.8,109.8,109.8,7922.703125,0.0,0.0
15205.631211897,68.6,110.7,110.7,7922.703125,0.0,0.007795667765661092
15206.633715241,68.9,109.7,109.7,7922.703125,0.015585982923169763,0.2104107694627918
15207.636918414,68.3,107.0,107.0,7922.703125,0.0,0.0
15208.650983261,72.5,108.1,108.1,7922.703125,0.0,0.0
15209.65380168,69.6,110.7,110.7,7922.703125,0.0,0.0
15210.662350811,72.4,110.6,110.6,7937.50390625,0.0,0.10844786499547159
15211.671838048,71.2,112.3,112.3,7914.91015625,0.0,0.1199557018273679
15212.675210895,66.1,104.6,104.6,7928.5625,0.0,0.0
15213.694324518,63.6,109.0,109.0,7928.5625,0.0,0.0
15214.697038194,66.6,109.5,109.5,7928.5625,0.0,0.003895678391046557
15215.702136948,70.1,109.0,109.0,7928.5625,0.0,0.06218294446308355
15216.714089725,66.2,108.2,108.2,7954.96875,0.0,0.06176177527313239
15217.718430479,67.1,110.6,110.6,7928.57421875,0.0,0.0
15218.720825566,69.4,105.7,105.7,7928.5625,0.0,0.0038969165458410957
15219.723603871,70.9,110.7,110.7,7928.5625,0.0,0.007790854629635355
15220.726070298,69.2,107.4,107.4,7932.53515625,0.0,0.00779327844761517
15221.737075767,68.2,112.3,112.3,7932.53515625,0.0,0.0
15222.753696917,67.0,107.8,107.8,7932.53515625,0.0,0.11142916906657009
15223.756739821,67.9,110.7,110.7,7932.53515625,0.0,0.0
15224.759450681,69.2,109.7,109.7,7932.53515625,0.0,0.0
15225.762586762,68.0,109.4,109.4,7932.53515625,0.0,0.0
15226.769774052,69.8,106.5,106.5,7972.23046875,0.0,0.0
15227.772822934,73.9,114.6,114.6,7932.53515625,0.0,0.07009877710032253
15228.777122581,64.8,104.6,104.6,7932.53515625,0.0,0.0
15229.780182641,67.1,109.7,109.7,7932.53515625,0.0,0.0
15230.783119617,66.5,110.7,110.7,7932.53515625,0.0,0.0
15231.79038294,70.5,109.3,109.3,7932.53515625,0.0,0.0
15232.803677149,67.3,108.9,108.9,7932.53515625,0.0,0.0
15233.816042711,64.2,108.2,108.2,7980.12109375,0.0,0.09260488850971302
15234.818571716,72.8,106.7,106.7,7962.4765625,0.0,0.0038963959950472672
15235.822034861,68.1,111.5,111.5,7935.6015625,0.0,0.0
15236.845050063,63.3,108.6,108.6,7935.6015625,0.0,0.0
15237.84761068,70.4,109.5,109.5,7924.171875,0.0,0.0
15238.856797907,74.3,106.1,106.1,7920.20703125,0.0,0.06193102560946848
15239.861635059,65.8,110.6,110.6,7920.20703125,0.0,0.0
15240.8669463,65.6,104.3,104.3,7920.20703125,0.0,0.0
15241.870717923,71.0,107.7,107.7,7934.4375,0.0,0.0
15242.872928168,69.1,109.8,109.8,7920.37109375,0.0,0.0
15243.875260792,68.8,110.7,110.7,7920.37109375,0.0,0.0
15244.878287368,69.2,109.7,109.7,7921.21875,0.0,0.08957265156255274
15245.894703506,64.6,111.2,111.2,7921.63671875,0.0,0.0
15246.897045238,66.4,104.7,104.7,7939.54296875,0.0,0.04286836378071334
15247.899652566,73.0,109.7,109.7,7921.63671875,0.0,0.0
15248.902569056,72.3,102.7,102.7,7926.53125,0.0,0.0
15249.906025384,65.2,111.6,111.6,7924.26953125,0.0,0.12067665190899568
15250.908431661,71.2,110.7,110.7,7926.0546875,0.0,0.0
15251.911855073,67.1,111.2,111.2,7926.0546875,0.0,0.0
15252.921899348,65.7,106.2,106.2,7958.44921875,0.0,0.0
15253.927739776,64.7,111.5,111.5,7926.0546875,0.0,0.0
15254.930761339,72.4,109.7,109.7,7926.0546875,0.0,0.015577930302190224
15255.933601786,68.9,109.7,109.7,7926.0546875,0.0,0.07011334675446088
15256.937943302,69.0,106.4,106.4,7926.0546875,0.0,0.0
15257.941861185,62.2,108.7,108.7,7926.0546875,0.0,0.0
15258.944777137,73.3,109.7,109.7,7926.0546875,0.0,0.0
15259.949049614,68.0,109.6,109.6,7926.0546875,0.0,0.0
15260.953290293,63.3,106.5,106.5,7926.0546875,0.0,0.07779509597022778
15261.958959942,68.0,109.4,109.4,7926.0546875,0.0,0.0
15262.961398404,71.5,110.7,110.7,7926.0546875,0.0,0.0
15263.965127173,68.8,111.5,111.5,7926.0546875,0.0,0.0
15264.970194954,68.2,103.6,103.6,7962.24609375,0.0,0.0
15265.974125336,67.0,115.6,115.6,7930.32421875,0.0,0.0622553128389343
15266.976538531,66.8,105.8,105.8,7930.3359375,0.0,0.0
15267.978892396,68.0,109.7,109.7,7930.3359375,0.0,0.0
15268.981623674,67.8,104.4,104.4,7963.89453125,0.0,0.0
15269.991043972,69.5,109.2,109.2,7930.3359375,0.0,0.0
15270.993868307,72.8,111.6,111.6,7930.3359375,0.0,0.18697192863813977
15271.99731369,66.8,109.7,109.7,7930.3359375,0.0,0.0
15273.000247254,66.3,109.4,109.4,7930.3359375,0.0,0.0
15274.006746763,69.9,112.6,112.6,7930.3359375,0.0,0.0
15275.008673325,69.2,107.2,107.2,7930.3359375,0.0,0.0
15276.019846836,70.5,110.4,110.4,7930.3359375,0.0,0.06180937229869401
15277.02203822,71.6,109.8,109.8,7930.3359375,0.0,0.0
15278.026469908,70.1,109.1,109.1,7931.63671875,0.0,0.0
15279.035431396,68.5,107.5,107.5,7930.3359375,0.0,0.0
15280.037640425,63.6,104.7,104.7,7930.3359375,0.0,0.0
15281.040497999,69.0,108.6,108.6,7930.3359375,0.0,0.07790238816106934
15282.043959083,69.9,110.6,110.6,7930.3359375,0.0,0.046713321271191564
15283.04904719,65.7,105.5,105.5,7972.54296875,0.0,0.0
15284.054083524,73.6,112.8,112.8,7930.93359375,0.0,0.0
15285.063861091,68.2,108.9,108.9,7930.3359375,0.0,0.0
15286.077992488,66.2,109.2,109.2,7930.3359375,0.0,0.10399909746589922
15287.082205918,65.2,108.6,108.6,7930.3359375,0.0,0.0
15288.084429385,69.4,110.8,110.8,7930.9765625,0.0,0.0
15289.086803604,72.9,108.7,108.7,7933.09375,0.0,0.0
15290.0891369,66.8,106.8,106.8,7935.44140625,0.0,0.0
15291.091338807,67.2,111.7,111.7,7933.09375,0.0,0.011693003094632582
15292.09456681,68.3,110.6,110.6,7933.09375,0.0,0.08955466726548413
15293.098650428,66.6,110.6,110.6,7933.09375,0.0,0.0
15294.10135577,50.8,99.7,99.7,7933.09375,0.0,0.0
15295.104393192,57.2,84.6,84.6,7933.09375,0.0,0.0
15296.1100331,84.2,118.9,118.9,7863.58984375,0.0,0.0
15297.121733405,81.5,124.8,124.8,7828.28515625,0.0,0.05405503955047366
15298.12804711,80.1,132.0,132.0,7831.52734375,0.0,0.0
15299.135562364,89.7,126.1,126.1,7959.17578125,0.0,0.0
15300.149284077,74.6,121.3,121.3,7922.0546875,0.0,0.0
15301.155704887,75.8,121.2,121.2,7936.59765625,0.0,0.0
15302.162389287,82.9,131.3,131.3,7938.91015625,0.0,0.0
15303.169040524,83.4,128.4,128.4,7919.88671875,0.0,0.07760880544162164
15304.174078084,84.5,128.8,128.8,7937.5546875,0.0,0.0
15305.183312123,69.4,118.0,118.0,7898.80078125,0.0,0.0
15306.191475858,70.9,120.0,120.0,7923.02734375,0.0,0.007749237280380856
15307.201907402,69.0,120.2,120.2,7931.5859375,0.0,0.0
15308.204609831,58.6,109.7,109.7,7934.38671875,0.0,0.09739305219142484
15309.208325347,85.4,87.7,87.7,7934.38671875,0.0,0.019458949960101068
15310.211201298,63.5,104.7,104.7,7934.38671875,0.0,0.0
15311.213620764,73.8,110.7,110.7,7934.38671875,0.0,0.0
15312.215940921,63.5,108.7,108.7,7934.38671875,0.0,0.0
15313.218729846,68.8,109.7,109.7,7934.38671875,0.0,0.19087391696122488
15314.221407653,69.5,109.0,109.0,7934.38671875,0.0,0.0
15315.234441454,70.4,112.2,112.2,7934.38671875,0.0,0.0
15316.236660432,71.4,111.7,111.7,7938.60546875,0.0,0.003897601308446548
15317.239269342,69.8,110.4,110.4,7938.60546875,0.0,0.0
15318.246261915,62.7,105.5,105.5,7938.60546875,0.0,0.04654949922859716
15319.251320026,72.0,108.5,108.5,7938.60546875,0.0,0.10493796213929799
15320.254649702,65.2,110.6,110.6,7938.60546875,0.0,0.0
15321.259041862,70.1,104.1,104.1,7938.60546875,0.0,0.0
15322.273095914,69.7,112.7,112.7,7918.33203125,0.0,0.0
15323.280824563,68.6,107.4,107.4,7922.17578125,0.0,0.09690728758872867
15324.283050299,67.0,110.7,110.7,7922.17578125,0.0,0.07795150053902178
15325.285301422,71.7,112.6,112.6,7922.17578125,0.0,0.03117981041164823
15326.28986617,66.6,103.3,103.3,7945.0234375,0.0,0.0
15327.298033892,69.0,111.5,111.5,7923.39453125,0.0,0.0
15328.300182096,66.2,110.7,110.7,7924.92578125,0.0,0.0
15329.303751557,72.6,111.1,111.1,7931.34375,0.0,0.08173948409937637
15330.314284689,67.2,107.3,107.3,7970.58984375,0.0,0.10823494701595955
15331.319048095,69.3,110.5,110.5,7952.42578125,0.0,0.0
15332.321319722,64.0,110.7,110.7,7939.0,0.0,0.0
15333.325062457,65.2,105.6,105.6,7939.0,0.0,0.0
15334.328009877,66.5,111.7,111.7,7939.0,0.0,0.05452678665846411
15335.330314603,71.7,109.8,109.8,7939.0,0.0,0.0
15336.332062001,63.7,109.8,109.8,7939.0,0.0,0.0
15337.334290664,76.6,110.7,110.7,7939.0,0.0,0.0
15338.336560865,71.5,111.8,111.8,7939.0,0.0,0.0
15339.338791381,74.1,108.8,108.8,7944.1953125,0.0,0.07795112876007836
15340.341069323,70.5,110.7,110.7,7944.1953125,0.0,0.0
15341.346052403,61.3,105.5,105.5,7944.1953125,0.0,0.0
15342.348197452,69.7,108.8,108.8,7944.1953125,0.0,0.003897888837445882
15343.350422927,70.3,111.7,111.7,7944.1953125,0.0,0.0
15344.353192741,70.6,109.8,109.8,7923.82421875,0.0,0.0584319044928771
15345.355038899,69.4,110.6,110.6,7923.82421875,0.0,0.0
15346.359521956,66.2,104.6,104.6,7986.140625,0.0,0.0
15347.365605415,64.8,110.4,110.4,7938.44140625,0.0,0.007765260356991084
15348.367766616,71.1,110.7,110.7,7938.44140625,0.0,0.011693478043553064
15349.371236616,73.0,110.3,110.3,7938.4453125,0.0,0.12067500772324236
15350.377703729,68.4,107.0,107.0,7938.4453125,0.0,0.0
15351.392511419,70.6,113.3,113.3,7940.171875,0.0,0.0
15352.405991889,63.8,106.2,106.2,7938.44921875,0.0,0.0
15353.408252305,68.1,112.8,112.8,7938.44921875,0.0,0.0
15354.409886935,68.9,107.7,107.7,7938.44921875,0.0,0.05459825205924194
15355.416056445,68.0,104.4,104.4,7982.1640625,0.0,0.011646894368730381
15356.419041063,68.4,109.5,109.5,7961.21484375,0.0,0.0
15357.423277828,69.4,110.6,110.6,7972.6953125,0.0,0.0
15358.428718939,67.5,109.2,109.2,7938.44921875,0.0,0.0
15359.434939226,68.9,109.6,109.6,7938.44921875,0.0,0.08928835083211659
15360.438067935,70.5,110.7,110.7,7938.44921875,0.0,0.0
15361.441316914,71.1,111.1,111.1,7940.10546875,0.0,0.0
15362.449567989,70.2,109.6,109.6,7938.44921875,0.0,0.0
15363.453734271,65.6,105.5,105.5,7956.91015625,0.0,0.0
15364.457750143,63.2,111.7,111.7,7938.44921875,0.0,0.0
15365.460740333,70.3,108.7,108.7,7969.671875,0.0,0.05452446150047875
15366.46358673,66.6,112.7,112.7,7938.44921875,0.0,0.0
15367.466062677,69.4,110.6,110.6,7938.44921875,0.0,0.0
15368.470774811,70.9,102.9,102.9,7938.44921875,0.0,0.0
15369.484975441,68.1,117.1,117.1,7938.44921875,0.0,0.0
15370.489083347,68.7,108.3,108.3,7938.44921875,0.0,0.07780538280121596
15371.49760833,67.9,107.1,107.1,7938.44921875,0.0,0.0
15372.5071262,69.4,109.3,109.3,7960.8828125,0.0,0.00773884270122395
15373.509590397,68.6,111.7,111.7,7938.44921875,0.0,0.0
15374.512085336,65.7,109.7,109.7,7938.44921875,0.0,0.0
15375.514402052,69.3,105.7,105.7,7998.73828125,0.0,0.0
15376.517403747,72.4,117.6,117.6,7942.78515625,0.0,0.09736399298902382
15377.520472742,68.1,110.6,110.6,7942.78515625,0.0,0.0
15378.524607905,63.6,104.7,104.7,7942.78515625,0.0,0.003890163539671222
15379.527042806,69.5,109.7,109.7,7925.5078125,0.0,0.01558704708346918
15380.530581474,68.9,110.5,110.5,7925.5078125,0.0,0.0
15381.534922881,68.3,109.7,109.7,7925.5078125,0.0,0.10501284649327865
15382.536958536,70.7,109.4,109.4,7925.5078125,0.0,0.0
15383.547280911,67.4,106.8,106.8,7925.5078125,0.0,0.0
15384.558045377,68.5,110.3,110.3,7966.80859375,0.0,0.0
15385.560550212,71.4,116.6,116.6,7925.5078125,0.0,0.0
15386.564349899,69.9,110.3,110.3,7926.21484375,0.0,0.06226341849818008
15387.584475008,63.6,105.2,105.2,7925.875,0.0,0.0
15388.587683833,71.2,109.7,109.7,7925.875,0.0,0.0
15389.589952322,69.8,109.8,109.8,7925.875,0.0,0.0
15390.592432155,71.0,111.6,111.6,7925.875,0.0,0.1091044392112414
15391.597122944,65.7,104.5,104.5,7949.02734375,0.0,0.0
15392.603349168,65.7,110.5,110.5,7925.875,0.0,0.07764158609334788
15393.605579447,71.6,110.7,110.7,7957.765625,0.0,0.0
15394.608217973,73.1,110.7,110.7,7939.7421875,0.0,0.0
15395.610642541,66.8,110.7,110.7,7942.5625,0.0,0.0
15396.61429323,69.2,105.3,105.3,7993.83984375,0.0,0.0
15397.619960092,63.3,112.7,112.7,7942.5625,0.0,0.05437933978578296
15398.622581826,71.7,106.7,106.7,7942.5625,0.0,0.0
15399.625455729,68.2,104.7,104.7,7980.5625,0.0,0.011685167960759078
15400.627966289,67.8,116.7,116.7,7942.5625,0.0,0.0
15401.630147207,63.5,104.6,104.6,7918.94140625,0.0,0.0
15402.633619977,51.0,99.8,99.8,7918.94140625,0.0,0.0
15403.635831129,50.6,100.7,100.7,7918.94140625,0.0,0.07795263487540349
15404.638962019,80.1,104.3,104.3,7846.54296875,0.0,0.0
15405.647494887,83.2,128.7,128.7,7808.44140625,0.0,0.0
15406.657168717,81.2,132.6,132.6,7809.23828125,0.0,0.0
15407.671082851,84.1,129.1,129.1,7891.1328125,0.0,0.0
15408.684963025,78.1,125.5,125.5,7902.75390625,0.0,0.0886137753789874
15409.695907787,73.4,121.8,121.8,7907.44140625,0.0,0.0
15410.707058868,79.9,125.2,125.2,7923.546875,0.0,0.0
15411.721692813,84.6,131.1,131.1,7905.51171875,0.0,0.0
15412.736685032,84.4,130.9,130.9,7913.50390625,0.0,0.0
15413.745470081,78.9,128.8,128.8,7900.890625,0.0,0.13165589649813478
15414.751070174,68.9,115.4,115.4,7929.0625,0.0,0.0
15415.755555231,72.0,121.4,121.4,7906.93359375,0.0,0.0
15416.760192705,65.0,117.5,117.5,7918.34375,0.0,0.0
15417.765156239,71.3,70.4,70.4,7929.1953125,0.0,0.08940001001070029
15418.7736064,76.2,115.5,115.5,7929.1953125,0.0,0.10458498999635495
15419.776067542,68.7,109.2,109.2,7929.1953125,0.0,0.20262630788347508
15420.787692029,66.8,110.9,110.9,7929.1953125,0.0,0.0
15421.795972966,71.2,110.5,110.5,7929.31640625,0.0,0.0
15422.799061043,67.0,109.1,109.1,7929.31640625,0.0,0.00778844867078675
15423.812068343,65.2,107.2,107.2,7954.21875,0.007712185292247938,0.08869013086085129
15424.815025101,71.5,110.6,110.6,7929.31640625,0.0,0.10126308955000826
15425.818636669,71.0,112.1,112.1,7929.31640625,0.0,0.0
15426.83019668,67.1,109.9,109.9,7929.31640625,0.0,0.0
15427.839407177,73.2,116.3,116.3,7935.15234375,0.0,0.0
15428.843750264,65.9,105.6,105.6,7935.15234375,0.0,0.04667229814860579
15429.846356001,71.8,109.6,109.6,7935.15234375,0.0,0.054545369113543324
15430.850466601,65.1,105.7,105.7,7935.15234375,0.0,0.0
15431.852683583,64.4,110.8,110.8,7935.15234375,0.0,0.0
15432.855073056,68.6,110.5,110.5,7935.15234375,0.0,0.0
15433.860967959,69.7,111.5,111.5,7935.15234375,0.0,0.0
15434.864940818,64.8,105.6,105.6,7936.6875,0.0,0.05447109402386815
15435.867077606,67.4,109.8,109.8,7935.15234375,0.0,0.0
15436.869302368,70.8,109.8,109.8,7935.15234375,0.0,0.0
15437.871633035,69.2,110.7,110.7,7935.15234375,0.0,0.0
15438.874811737,72.0,110.6,110.6,7935.15234375,0.0,0.0
15439.879225427,70.4,110.1,110.1,7936.75390625,0.0,0.007778169570750096
15440.890725404,65.8,106.1,106.1,7935.15234375,0.0,0.13516436293486425
15441.900409198,68.9,109.1,109.1,7935.15234375,0.0,0.0
15442.90277392,65.3,111.7,111.7,7935.19140625,0.0,0.0
15443.905629973,68.7,110.7,110.7,7935.19140625,0.0,0.0
15444.909237541,69.0,111.4,111.4,7935.19140625,0.0,0.0038922085928311512
15445.915047502,65.8,104.3,104.3,7962.5625,0.0,0.08155740465969746
15446.920798892,70.9,110.7,110.7,7935.19140625,0.0,0.0
15447.922593367,71.6,109.8,109.8,7935.19140625,0.0,0.0
15448.924890507,69.4,111.7,111.7,7935.19140625,0.0,0.0
15449.929314145,69.0,107.0,107.0,7935.19140625,0.0,0.05055760147293875
15450.942083692,60.8,111.2,111.2,7935.19140625,0.0,0.18513589844342798
15451.944994387,71.4,110.6,110.6,7935.19140625,0.0,0.0
15452.94938069,68.3,110.2,110.2,7935.73828125,0.0,0.0
15453.959043047,67.9,105.9,105.9,7935.19140625,0.0,0.0
15454.969199717,63.5,109.4,109.4,7935.19140625,0.0,0.0
15455.971724904,67.8,110.7,110.7,7935.19140625,0.0,0.05454975167615505
15456.977391267,69.3,110.4,110.4,7935.19140625,0.0,0.0
15457.979929126,69.8,109.7,109.7,7935.19140625,0.0,0.0
15458.982621541,73.1,109.8,109.8,7935.19140625,0.0,0.0
15459.999351747,67.2,106.1,106.1,7935.19140625,0.0,0.0
15461.0018156,62.4,111.7,111.7,7935.19140625,0.0,0.07793298458204154
15462.004563727,65.2,107.4,107.4,7935.19140625,0.0,0.0
15463.013037551,70.0,110.1,110.1,7935.19140625,0.0,0.0
15464.022043955,71.0,109.2,109.2,7974.16796875,0.0,0.0
15465.025408762,66.3,111.7,111.7,7937.84375,0.0,0.0
15466.027803551,68.2,109.7,109.7,7937.84375,0.0,0.08573218949561646
15467.030046779,70.2,109.7,109.7,7937.84375,0.0,0.0
15468.032854195,69.2,111.0,111.0,7940.30078125,0.0,0.0
15469.042993502,70.8,104.8,104.8,7937.84375,0.0,0.0
15470.054668027,67.9,110.8,110.8,7937.84375,0.0,0.0
15471.068040169,65.4,107.1,107.1,7970.5,0.0,0.07709408692226409
15472.072683349,69.6,109.1,109.1,7951.51171875,0.0,0.03110557123375481
15473.084751312,70.4,110.6,110.6,7937.84375,0.0,0.0
15474.09907844,67.4,106.8,106.8,7952.44921875,0.0,0.0
15475.104770082,66.7,109.6,109.6,7974.0546875,0.0,0.003884142849424703
15476.107471761,68.0,109.7,109.7,7937.84375,0.0,0.03895725001570005
15477.115898362,70.1,110.1,110.1,7937.84375,0.0,0.01936804322757276
15478.118320966,69.5,109.7,109.7,7937.84375,0.0,0.0
15479.121419311,73.0,108.7,108.7,7937.84375,0.0,0.0
15480.124557859,68.6,105.0,105.0,7937.84375,0.0,0.015576113619755663
15481.140029283,69.1,108.0,108.0,7973.125,0.0,0.0
15482.145052467,63.1,111.6,111.6,7937.84375,0.0,0.12048851402421999
15483.147225342,71.3,110.7,110.7,7939.921875,0.0,0.0
15484.150124736,69.8,109.7,109.7,7939.921875,0.0,0.0
15485.15242627,69.7,108.1,108.1,7942.2578125,0.0,0.04287008304623643
15486.165749389,63.1,107.2,107.2,7942.2578125,0.0,0.0
15487.168936524,66.7,109.7,109.7,7942.2578125,0.0,0.0661952767167289
15488.171740006,69.7,110.7,110.7,7942.2578125,0.0,0.0
15489.174060409,71.4,106.8,106.8,7942.2578125,0.0,0.0
15490.1758828,68.9,109.8,109.8,7942.2578125,0.0,0.0
15491.17829612,68.3,109.7,109.7,7942.2578125,0.0,0.0
15492.181220708,74.6,109.0,109.0,7942.2578125,0.0,0.08958176025896476
15493.194086338,69.3,110.2,110.2,7942.2578125,0.0,0.0
15494.1981737,70.3,110.5,110.5,7923.234375,0.0,0.0
15495.2023215,70.5,108.1,108.1,7928.9140625,0.0,0.0
15496.211883697,68.3,109.0,109.0,7928.9140625,0.0,0.0
15497.222050146,63.0,104.4,104.4,7928.9140625,0.0,0.054137117753387254
15498.224217811,69.4,109.8,109.8,7928.9140625,0.0,0.0
15499.22649073,72.7,105.9,105.9,7928.9140625,0.0,0.0
15500.243535283,70.4,110.4,110.4,7928.9140625,0.0,0.0
15501.255960383,61.7,108.3,108.3,7928.9140625,0.0,0.0
15502.258259618,70.4,108.8,108.8,7931.71875,0.0,0.07794578432454237
15503.260581307,71.5,108.2,108.2,7931.71875,0.0,0.0
15504.272485455,73.4,113.2,113.2,7931.71875,0.0,0.0
15505.27669865,61.3,103.6,103.6,7931.71875,0.0,0.0
15506.279063641,67.6,109.8,109.8,7931.71875,0.0,0.007794067101438132
15507.281261842,65.9,106.4,106.4,7931.71875,0.0,0.10523741700486414
15508.288152868,72.2,112.4,112.4,7931.71875,0.0,0.0
15509.292517703,68.7,105.6,105.6,7931.71875,0.0,0.0
15510.29760196,64.6,109.5,109.5,7931.71875,0.0,0.10882172239616529
15511.299982792,50.6,100.8,100.8,7931.71875,0.0,0.0038969719644431754
15512.303036364,55.4,88.3,88.3,7874.01171875,0.0,0.09346459911716595
15513.310749975,83.4,116.9,116.9,7824.328125,0.0,0.0
15514.325096018,87.0,124.1,124.1,7830.3046875,0.0,0.0
15515.339366577,81.4,134.4,134.4,7822.48046875,0.0,0.0
15516.350035226,84.7,128.5,128.5,7913.9453125,0.0,0.0
15517.362028344,75.3,124.2,124.2,7978.99609375,0.0,0.11193875529895599
15518.36505546,76.2,126.2,126.2,7930.46875,0.0,0.0
15519.381163914,83.3,127.3,127.3,7985.8984375,0.0,0.0
15520.385225518,84.2,130.9,130.9,7920.96484375,0.0,0.0
15521.395838445,84.4,131.4,131.4,7932.58984375,0.0,0.0
15522.40752127,70.7,120.3,120.3,7944.09765625,0.0,0.0
15523.411215843,70.9,120.5,120.5,7938.78125,0.0,0.0778374239551484
15524.418059481,70.7,118.8,118.8,7916.328125,0.0,0.0
15525.430063265,56.1,107.2,107.2,7916.328125,0.0,3.446905342800686
15526.432822275,86.4,83.8,83.8,7922.421875,0.0,0.0
15527.43533114,69.1,110.7,110.7,7926.5625,0.0,0.0
15528.439076358,69.4,104.2,104.2,7907.84375,0.0,3.6659576892734145
15529.452487562,67.2,110.9,110.9,7936.8203125,0.0,0.0
15530.458087578,68.9,113.4,113.4,7911.65234375,0.0,0.0
15531.462049458,68.4,108.5,108.5,7925.6875,0.0,0.0
15532.465019027,69.8,110.7,110.7,7925.6875,0.0,0.0
15533.467843685,69.9,109.8,109.8,7925.6875,0.0,0.05842870888000535
15534.487059686,64.8,107.8,107.8,7938.33984375,0.0,0.13414109459227802
15535.490097116,69.9,110.7,110.7,7925.6875,0.0,0.0
15536.492396979,67.4,109.6,109.6,7925.6875,0.0,0.0
15537.49805095,65.8,105.2,105.2,7925.6875,0.0,0.0
15538.506961273,74.9,110.0,110.0,7925.6875,0.0,0.0
15539.513289271,63.3,107.7,107.7,7925.6875,0.0,0.07763373388719703
15540.515537135,69.9,110.7,110.7,7925.6875,0.0,0.0
15541.517975312,67.9,109.6,109.6,7925.6875,0.0,0.007793498072251231
15542.521816688,71.3,111.7,111.7,7925.6875,0.0,0.0
15543.524383008,68.1,111.6,111.6,7925.6875,0.0,0.0
15544.530071786,67.2,103.5,103.5,7945.91796875,0.0,0.06603061648168279
15545.535312545,64.5,111.4,111.4,7925.6875,0.0,0.0
15546.537819215,71.3,111.7,111.7,7925.6875,0.0,0.0
15547.541087696,65.8,110.6,110.6,7925.6875,0.0,0.0
15548.543283718,73.2,108.4,108.4,7925.7265625,0.0,0.0
15549.552972089,68.5,109.7,109.7,7925.6875,0.0,0.0
15550.565641378,64.4,106.6,106.6,7925.6875,0.0,0.08100497456685986
15551.581943621,68.8,110.9,110.9,7925.6875,0.0,0.0
15552.584520929,71.2,110.7,110.7,7959.23046875,0.0,0.0
15553.58684279,66.5,111.8,111.8,7925.6875,0.0,0.03897201240429206
15554.590048976,68.6,106.2,106.2,7925.6875,0.0,0.0
15555.600390774,66.5,106.4,106.4,7934.6484375,0.0,0.054127722032593445
15556.603586203,66.9,115.6,115.6,7925.6875,0.0,0.0
15557.608189255,67.1,105.6,105.6,7969.6875,0.0,0.0
15558.61112526,71.7,110.7,110.7,7925.6875,0.0,0.0
15559.613408,68.9,110.8,110.8,7926.6015625,0.0,0.0
15560.615651058,68.6,109.6,109.6,7926.6015625,0.0,0.07795015328498611
15561.619743881,67.5,105.6,105.6,7932.50390625,0.0,0.0
15562.622907551,69.9,110.2,110.2,7912.69140625,0.0,0.0
15563.633358466,65.1,110.3,110.3,7931.58203125,0.0,0.0
15564.639427488,68.4,109.3,109.3,7914.15234375,0.0,0.0
15565.64256319,68.3,110.7,110.7,7914.15234375,0.0,0.054516552337813134
15566.645231074,69.2,109.6,109.6,7914.15234375,0.0,0.0
15567.649788527,70.8,112.5,112.5,7914.15234375,0.0,0.0
15568.653655127,64.7,104.7,104.7,7914.15234375,0.0,0.0
15569.655896119,66.6,109.7,109.7,7914.15234375,0.0,0.0
15570.659729345,66.8,106.2,106.2,7914.15234375,0.0,0.19067534829750188
15571.669135989,74.6,115.3,115.3,7914.15234375,0.0,0.0
15572.672075258,68.0,109.7,109.7,7914.15234375,0.0,0.015579208515347338
15573.674682551,69.0,111.4,111.4,7919.01953125,0.0,0.0
15574.681383159,65.2,111.6,111.6,7917.18359375,0.0,0.0
15575.686049478,68.0,104.9,104.9,7917.18359375,0.0,0.0
15576.701032173,66.4,109.0,109.0,7917.1875,0.0,0.11160904570889459
15577.704271663,73.3,115.0,115.0,7928.24609375,0.0,0.0
15578.717628052,67.3,102.3,102.3,7945.734375,0.0,0.0
15579.720248804,69.5,111.7,111.7,7918.65625,0.0,0.0
15580.722794762,70.0,111.7,111.7,7918.65625,0.0,0.0
15581.725478446,71.9,110.7,110.7,7918.65625,0.0,0.09739487293775083
15582.729038885,65.0,105.6,105.6,7944.1640625,0.0,0.0
15583.734997078,66.1,109.4,109.4,7918.65625,0.0,0.0
15584.737902807,70.7,111.6,111.6,7921.4609375,0.0,0.0
15585.743868147,66.2,109.9,109.9,7921.4609375,0.0,0.06212937714145551
15586.752027684,63.8,106.6,106.6,7921.4609375,0.0,0.054244886838717914
15587.754454948,68.4,109.8,109.8,7921.4609375,0.0,0.0
15588.756657746,73.2,109.6,109.6,7921.4609375,0.0,0.0
15589.760625362,67.5,107.0,107.0,7921.4609375,0.0,0.0
15590.772157307,70.9,112.0,112.0,7921.4609375,0.0,0.0
15591.78299463,71.1,110.2,110.2,7921.4609375,0.0,0.0
15592.786032808,69.4,112.7,112.7,7921.4609375,0.0,0.07788836129427762
15593.788823884,66.8,107.6,107.6,7921.4609375,0.0,0.0
15594.793465618,65.8,105.9,105.9,7921.4609375,0.0,0.0
15595.806422701,71.6,112.4,112.4,7921.4609375,0.0,0.0
15596.808708545,68.4,110.7,110.7,7921.4609375,0.0,0.031178730286426794
15597.811572831,69.6,109.7,109.7,7921.4609375,0.0,0.054531306741552155
15598.814473882,74.4,110.7,110.7,7921.4609375,0.0,0.0
15599.816700595,70.4,107.7,107.7,7921.4609375,0.0,0.0
15600.819668803,71.1,108.7,108.7,7921.4609375,0.0,0.0
15601.82156615,67.8,110.6,110.6,7921.4609375,0.0,0.0
15602.826294648,63.2,104.6,104.6,7921.4609375,0.0,0.07775732464585006
15603.8285251,70.3,109.8,109.8,7925.89453125,0.0,0.007795113373793676
15604.830725154,69.7,109.7,109.7,7921.4609375,0.0,0.0
15605.833317389,69.8,112.7,112.7,7921.4609375,0.0,0.0
15606.836445617,68.9,108.6,108.6,7921.4609375,0.0,0.0
15607.840409654,64.1,105.6,105.6,7921.4609375,0.0,0.0
15608.843454183,67.8,109.7,109.7,7921.4609375,0.0,0.06231029450142594
15609.845619577,69.0,109.8,109.8,7921.4609375,0.0,0.0
15610.847770699,72.7,110.8,110.8,7921.4609375,0.0,0.0
15611.849967554,70.5,111.8,111.8,7921.4609375,0.0,0.0
15612.852172067,70.7,107.8,107.8,7921.4609375,0.0,0.0
15613.8543571,68.6,107.1,107.1,7921.4609375,0.0,0.07795466648127514
15614.866145013,70.2,110.6,110.6,7921.4609375,0.0,0.0
15615.880054505,65.2,108.3,108.3,7959.7265625,0.0,0.0
15616.88403656,69.0,110.5,110.5,7921.4609375,0.0,0.0
15617.886846917,55.3,104.8,104.8,7921.4609375,0.0,0.0
15618.889105797,54.2,99.6,99.6,7921.4609375,0.0,0.0545642459161725
15619.894156317,73.0,102.9,102.9,7898.50390625,0.0,0.0
15620.910648404,85.4,125.1,125.1,7861.71484375,0.0,0.0
15621.920771078,88.0,131.7,131.7,7835.34765625,0.0,0.0
15622.93247791,91.0,124.2,124.2,7922.43359375,0.0,0.0
15623.938715942,81.2,137.2,137.2,7924.62890625,0.0,0.07764067498497312
15624.941058173,75.4,121.4,121.4,7974.94140625,0.0,0.0
15625.948721974,81.8,128.9,128.9,7912.1875,0.0,0.03101232769203447
15626.959247983,77.4,125.5,125.5,7924.40625,0.0,0.0
15627.971872295,85.0,129.7,129.7,7935.76953125,0.0,0.027002857502019473
15628.979971188,80.5,124.9,124.9,7908.02734375,0.0,0.08137222505607038
15629.989047041,67.8,118.1,118.1,7928.5390625,0.0,0.0
15630.99383755,73.4,119.0,119.0,7890.64453125,0.0,0.0
15632.002139844,65.8,116.5,116.5,7907.0859375,0.0,0.0
15633.005870894,69.6,74.4,74.4,7907.16015625,0.0,3.549257542648129
15634.016741898,74.3,115.2,115.2,7907.16015625,0.0,3.736721832015906
15635.020043593,70.8,109.7,109.7,7917.76953125,0.0,0.011680185589638237
15636.022243104,69.4,111.7,111.7,7907.16015625,0.0,0.0
15637.02520925,71.1,110.6,110.6,7907.16015625,0.0,0.0
15638.030464819,69.3,108.5,108.5,7907.16015625,0.0,0.0
15639.033883728,64.6,102.8,102.8,7907.16015625,0.015571761564239449,0.3153281716758488
15640.036031539,69.3,109.8,109.8,7907.16015625,0.0,0.0
15641.038235439,68.0,109.7,109.7,7907.16015625,0.0,0.0
15642.041223586,66.2,108.6,108.6,7907.16015625,0.0,0.0
15643.045065681,71.7,105.8,105.8,7907.16015625,0.0,0.0
15644.063937006,68.2,109.7,109.7,7907.16015625,0.0,0.007667798482803755
15645.073164827,66.4,116.2,116.2,7907.16015625,0.0,0.1315981359575145
15646.075316131,63.3,105.8,105.8,7907.16015625,0.0,0.0
15647.078389957,67.8,107.8,107.8,7907.16015625,0.0,0.0
15648.093558189,69.5,111.6,111.6,7907.16015625,0.0,0.0
15649.105359953,66.2,108.3,108.3,7907.16015625,0.0,0.0
15650.107695976,70.2,109.7,109.7,7907.16015625,0.0,0.07794292353801671
15651.110712482,69.8,110.7,110.7,7907.16015625,0.0,0.0
15652.113320101,68.0,109.7,109.7,7907.16015625,0.0,0.0
15653.115947087,67.6,111.6,111.6,7907.16015625,0.0,0.0
15654.120881184,71.0,110.6,110.6,7907.16015625,0.0,0.07774141631100938
15655.123614914,71.1,111.6,111.6,7907.16015625,0.0,0.058434007201503664
15656.127340987,69.9,111.5,111.5,7907.16015625,0.0,0.10896897364958949
15657.132322698,69.0,109.6,109.6,7907.16015625,0.0,0.0
15658.135214148,66.1,103.7,103.7,7907.16015625,0.0,0.0
15659.138627613,72.9,109.7,109.7,7907.16015625,0.0,0.0
15660.141210097,67.3,113.7,113.7,7907.16015625,0.0,0.007792376312853942
15661.143385171,68.2,106.7,106.7,7907.16015625,0.0,0.0779554411466809
15662.146109749,70.8,110.6,110.6,7907.16015625,0.0,0.0
15663.150247654,61.3,104.7,104.7,7907.16015625,0.0,0.0
15664.154919491,70.0,110.5,110.5,7907.16015625,0.0,0.0
15665.158043924,66.6,104.5,104.5,7928.91015625,0.0,0.0
15666.162060337,67.8,105.7,105.7,7907.16015625,0.0,0.09726559121511924
15667.165032006,69.4,111.6,111.6,7907.16015625,0.0,0.0
15668.169767374,70.0,108.4,108.4,7907.16015625,0.0,0.0
15669.174729099,72.2,109.9,109.9,7907.51953125,0.0,0.0
15670.18854347,66.4,109.7,109.7,7907.16015625,0.0,0.0
15671.200524022,71.1,110.7,110.7,7913.703125,0.0,0.007720010018526727
15672.214708614,70.1,110.8,110.8,7893.546875,0.0,0.11940010818083564
15673.219057727,65.3,105.6,105.6,7893.55078125,0.0,0.0
15674.223282762,63.2,109.6,109.6,7893.55078125,0.0,0.0
15675.226065225,70.9,110.7,110.7,7909.9765625,0.0,0.0
15676.229037448,72.4,110.4,110.4,7917.125,0.0,0.0
15677.236046933,70.3,111.5,111.5,7932.05078125,0.0,0.07758119577196994
15678.238839528,65.7,109.7,109.7,7900.8671875,0.0,0.0
15679.241251269,70.2,108.7,108.7,7900.8671875,0.0,0.0
15680.243459477,68.9,108.7,108.7,7900.8671875,0.0,0.0
15681.246469554,69.4,110.7,110.7,7900.8671875,0.0,0.019472635866648446
15682.248951716,69.3,109.6,109.6,7900.8671875,0.0,0.07793156124016155
15683.25328359,68.6,109.3,109.3,7902.11328125,0.0,0.0
15684.260140597,71.9,114.4,114.4,7902.11328125,0.0,0.0
15685.265851781,69.8,107.4,107.4,7902.11328125,0.0,0.0
15686.274139218,65.8,108.3,108.3,7939.33203125,0.0,0.0
15687.279715472,66.8,110.4,110.4,7906.51171875,0.0,0.06215341676119616
15688.282028743,73.2,109.7,109.7,7906.51171875,0.0,0.0
15689.284657833,68.5,105.1,105.1,7906.51171875,0.0,0.0
15690.303065635,67.2,113.4,113.4,7906.51171875,0.0,0.0
15691.312046541,69.9,106.0,106.0,7924.05078125,0.0,0.0
15692.317522817,68.7,108.7,108.7,7906.51171875,0.0,0.07769949611414105
15693.319224552,70.6,114.6,114.6,7906.51171875,0.0,0.0
15694.323956616,74.2,109.5,109.5,7911.515625,0.0,0.0
15695.328125379,68.3,109.3,109.3,7911.515625,0.0,0.0
15696.335251267,63.3,106.6,106.6,7911.515625,0.0,0.0
15697.337414463,71.8,109.7,109.7,7911.515625,0.0,0.05456945557204188
15698.340234843,70.7,108.7,108.7,7911.515625,0.0,0.0
15699.344070926,66.3,104.6,104.6,7925.60546875,0.0,0.0
15700.34681692,66.2,110.7,110.7,7911.515625,0.0,0.0
15701.348983809,69.0,108.8,108.8,7911.515625,0.0,0.011693411674865008
15702.350824525,68.8,108.3,108.3,7911.515625,0.0,0.12477033325142142
15703.360823969,69.4,113.3,113.3,7911.515625,0.0,0.0
15704.364041718,68.8,110.4,110.4,7924.90234375,0.0,0.0
15705.370186392,67.1,109.6,109.6,7913.06640625,0.0,0.0
15706.375118555,71.6,107.8,107.8,7913.06640625,0.0,0.0
15707.387791576,63.5,109.3,109.3,7913.06640625,0.0,0.06943257946242323
15708.390392653,69.1,109.4,109.4,7895.109375,0.0,0.0
15709.400342016,71.8,110.2,110.2,7899.46875,0.0,0.0
15710.402836279,68.7,104.7,104.7,7900.66796875,0.0,0.0
15711.405034155,69.1,110.4,110.4,7922.1484375,0.0,0.0
15712.410977429,64.7,109.6,109.6,7906.20703125,0.0,0.0
15713.413853386,66.2,111.7,111.7,7906.20703125,0.0,0.14022172833863902
15714.416876258,63.8,104.7,104.7,7909.0390625,0.0,0.0
15715.420034685,69.2,109.6,109.6,7906.20703125,0.0,0.0
15716.424049797,73.6,108.6,108.6,7909.18359375,0.0,0.10893760332153585
15717.426847358,68.9,111.5,111.5,7908.22265625,0.0,0.0
15718.431968317,71.5,108.6,108.6,7907.57421875,0.0,0.054408874385031385
15719.434248946,70.6,110.6,110.6,7907.57421875,0.0,0.0
15720.439026208,68.7,111.4,111.4,7907.57421875,0.0,0.0
15721.444202294,63.6,104.7,104.7,7918.63671875,0.0,0.0
15722.446657272,67.3,109.7,109.7,7907.57421875,0.0,0.0
15723.448950461,69.1,112.6,112.6,7907.57421875,0.0,0.07794625450658763
15724.454225326,68.9,108.7,108.7,7916.0546875,0.0,0.0
15725.470065311,61.4,107.1,107.1,7907.57421875,0.0,0.0
15726.473669558,54.7,104.7,104.7,7907.57421875,0.0,0.0
15727.475850833,51.2,99.8,99.8,7907.57421875,0.0,0.0
15728.480647413,83.3,103.3,103.3,7821.5703125,0.0,0.0
15729.489392187,85.8,128.9,128.9,7827.5234375,0.0,0.07744773704269897
15730.50824852,85.3,129.2,129.2,7835.28515625,0.0,0.0
15731.516181945,84.6,134.4,134.4,7959.08984375,0.0,0.0
15732.521036237,75.0,123.4,123.4,7925.35546875,0.0,0.011662138574023801
15733.540843706,75.1,122.7,122.7,7966.59765625,0.0,0.0
15734.544420744,82.1,129.8,129.8,7916.16015625,0.0,0.10120050195887373
15735.556034828,84.6,133.2,133.2,7951.28515625,0.0,0.0
15736.562199638,84.8,129.3,129.3,7934.1796875,0.0,0.0
15737.575302336,70.0,119.0,119.0,7936.2734375,0.0,0.0
15738.580716181,74.9,120.4,120.4,7944.640625,0.0,0.0
15739.586040362,69.7,117.5,117.5,7960.15234375,0.0,0.09325350147923098
15740.591350593,57.1,107.4,107.4,7937.296875,0.0,0.0
15741.595743365,89.3,95.7,95.7,7937.296875,0.0,0.023334994688714847
15742.598890373,63.1,102.4,102.4,7953.94921875,0.0,0.0
15743.607389969,62.2,109.3,109.3,7937.296875,0.0,0.0
15744.609848043,73.3,110.7,110.7,7937.296875,0.0,0.0
15745.613051592,66.8,112.6,112.6,7937.296875,0.0,0.15185726780154332
15746.617328497,67.8,105.9,105.9,7937.296875,0.0,0.0
15747.631070288,63.9,110.2,110.2,7937.296875,0.0,0.0
15748.634040731,74.1,109.7,109.7,7937.296875,0.0,0.0
15749.636942208,68.1,109.7,109.7,7937.296875,0.0,0.02726464226752831
15750.639070171,70.1,109.7,109.7,7937.296875,0.0,0.12863252474673967
15751.641709082,68.9,107.7,107.7,7937.296875,0.0,0.1090871287760302
15752.644636488,69.5,111.7,111.7,7937.296875,0.0,0.0
15753.647740917,65.6,104.7,104.7,7952.08203125,0.0,0.0
15754.651041333,65.1,110.7,110.7,7937.296875,0.0,0.0
15755.654061552,69.3,110.7,110.7,7937.296875,0.0,0.0584173169094841
15756.657058977,67.4,111.7,111.7,7937.296875,0.0,0.0
15757.659445212,71.0,108.7,108.7,7945.0,0.0,0.0
15758.662215537,73.0,106.7,106.7,7945.0,0.0,0.0
15759.665590173,67.0,110.7,110.7,7945.0,0.0,0.0
15760.669298363,65.8,104.5,104.5,7980.77734375,0.0,0.07783636795862889
15761.673676713,65.7,109.7,109.7,7945.0078125,0.0,0.0
15762.676023345,68.6,109.7,109.7,7924.83984375,0.0,0.0
15763.678968789,68.7,108.1,108.1,7924.83984375,0.0,0.01168433444721868
15764.690906134,69.0,115.1,115.1,7929.8203125,0.0,0.0
15765.696025027,64.6,107.6,107.6,7941.265625,0.0,0.10104526012515566
15766.698263062,68.8,110.8,110.8,7947.92578125,0.0,0.0
15767.700478496,71.1,111.7,111.7,7947.92578125,0.0,0.0
15768.703187252,72.0,108.2,108.2,7947.92578125,0.0,0.0
15769.715965661,60.8,108.1,108.1,7947.92578125,0.0,0.0
15770.718505105,69.6,110.7,110.7,7947.92578125,0.0,0.07792710847195963
15771.721524046,70.9,110.5,110.5,7924.83984375,0.0,0.011683478268444151
15772.727068653,67.1,106.5,106.5,7954.515625,0.0,0.0
15773.729803886,64.0,108.7,108.7,7935.62890625,0.0,0.0
15774.73204663,70.7,111.7,111.7,7935.62890625,0.0,0.0
15775.735039926,64.5,110.7,110.7,7935.62890625,0.0,0.06620806965003166
15776.737278776,64.5,105.8,105.8,7935.62890625,0.0,0.0
15777.739789545,69.0,108.7,108.7,7935.62890625,0.0,0.0
15778.742795701,73.2,105.7,105.7,7935.62890625,0.46734508775989614,0.0
15779.745442176,69.8,108.2,108.2,7935.62890625,0.0,0.0
15780.755050796,64.3,108.5,108.5,7935.62890625,0.0,0.10446498564948235
15781.757309265,67.3,110.7,110.7,7935.62890625,0.0,0.0
15782.75964495,70.0,108.7,108.7,7935.62890625,0.0,0.0
15783.761884303,72.2,110.8,110.8,7935.62890625,0.0,0.0
15784.764045535,70.2,109.6,109.6,7935.62890625,0.0,0.0
15785.769669752,66.9,108.8,108.8,7935.62890625,0.0,0.0
15786.786843503,65.2,105.8,105.8,7935.62890625,0.0,0.05760446525723799
15787.79267886,67.1,110.4,110.4,7935.62890625,0.0,0.0
15788.795359492,71.7,105.7,105.7,7935.62890625,0.0,0.0
15789.797558508,67.8,110.7,110.7,7935.62890625,0.0,0.0
15790.800041628,70.1,110.7,110.7,7962.48828125,0.0,0.0
15791.802271902,69.0,111.7,111.7,7935.62890625,0.0,0.08184870496140033
15792.805053509,70.2,109.7,109.7,7935.62890625,0.0,0.0
15793.807237091,70.2,110.7,110.7,7935.62890625,0.0,0.0
15794.81573173,70.1,109.4,109.4,7935.66796875,0.0,0.0038733473128565775
15795.83203241,65.0,105.9,105.9,7935.62890625,0.0,0.0
15796.834682119,65.1,111.7,111.7,7935.62890625,0.0,0.0
15797.837063074,71.5,108.7,108.7,7935.62890625,0.0,0.06235154378017592
15798.839727718,69.4,104.6,104.6,7971.87890625,0.0,0.0
15799.84449581,65.3,111.2,111.2,7964.3125,0.0,0.007775426053227035
15800.85406387,65.2,109.3,109.3,7943.68359375,0.0,0.0
15801.857226111,69.0,108.6,108.6,7943.68359375,0.0,0.0
15802.860929036,63.6,105.7,105.7,7924.83984375,0.0,0.12453884200848771
15803.863092679,66.6,111.7,111.7,7924.83984375,0.0,0.0
15804.865566028,69.3,111.7,111.7,7924.83984375,0.0,0.0
15805.868087841,67.9,109.7,109.7,7926.6640625,0.0,0.0
15806.872006911,69.9,109.4,109.4,7934.43359375,0.0,0.0
15807.882037625,68.0,105.2,105.2,7948.12890625,0.0,0.06187930637522585
15808.884198606,70.1,115.7,115.7,7926.6640625,0.0,0.011693480610586258
15809.886418861,65.0,104.8,104.8,7926.6640625,0.0,0.0
15810.888619855,73.9,108.8,108.8,7926.6640625,0.0,0.10913479497104427
15811.890805395,69.6,109.8,109.8,7926.6640625,0.0,0.031181850817791183
15812.893279649,67.7,109.7,109.7,7927.3203125,0.0,0.0
15813.895784381,67.5,108.8,108.8,7927.3203125,0.0,0.07792980671938893
15814.897541781,66.8,108.1,108.1,7932.1171875,0.0,0.0
15815.912462753,71.6,112.0,112.0,7932.1171875,0.0,0.0
15816.915717055,67.8,109.7,109.7,7932.1171875,0.0,0.0
15817.91843633,68.3,110.7,110.7,7932.1171875,0.0,0.0
15818.92077135,72.5,107.8,107.8,7932.1171875,0.0,0.07794300153249704
15819.922910976,69.9,109.8,109.8,7932.1171875,0.0,0.0
15820.925171984,70.8,110.6,110.6,7932.1171875,0.0,0.0
15821.929623399,65.9,105.6,105.6,7932.3671875,0.0,0.0
15822.932572532,65.8,108.7,108.7,7932.1171875,0.0,0.0
15823.936895236,70.4,112.5,112.5,7935.84375,0.0,0.0
15824.939074535,65.7,110.6,110.6,7935.84375,0.0,0.05456857875094135
15825.943056266,66.4,105.7,105.7,7935.84375,0.0,0.00778151609612722
15826.946045487,67.4,107.7,107.7,7935.84375,0.0,0.0
15827.950505123,68.5,110.3,110.3,7935.84375,0.0,0.0
15828.955550375,72.7,110.6,110.6,7935.84375,0.0,0.0
15829.958784614,71.0,109.7,109.7,7955.03515625,0.0,0.12070336646469443
15830.961142409,68.7,111.7,111.7,7935.84375,0.0,0.0038970615278164826
15831.96333296,70.9,109.2,109.2,7944.94921875,0.0,0.0
15832.975638131,63.4,106.3,106.3,7944.94921875,0.0,0.0
15833.977802953,60.1,109.8,109.8,7944.94921875,0.0,0.0
15834.980212078,50.9,100.7,100.7,7944.94921875,0.0,0.07014351550323024
15835.983072278,63.4,97.4,97.4,7928.37109375,0.0,0.0
15836.99249522,85.3,123.1,123.1,7874.84375,0.0,0.0
15837.99905478,83.7,132.2,132.2,7882.3046875,0.0,0.0
15839.00303948,85.3,128.1,128.1,7891.0078125,0.0,0.0
15840.012623227,82.0,130.8,130.8,7929.10546875,0.0,0.08899088388356674
15841.020236591,76.4,120.9,120.9,7933.82421875,0.0,0.0
15842.031290773,78.7,128.1,128.1,7949.13671875,0.0,0.0
15843.03564332,88.0,136.6,136.6,7949.13671875,0.0,0.0
15844.049908291,84.7,133.9,133.9,7934.046875,0.0,0.04236442273822245
15845.065078891,79.2,128.6,128.6,7943.04296875,0.0,0.05387025589582539
15846.075891922,68.2,117.2,117.2,7941.50390625,0.0,0.0
15847.078704264,71.9,117.3,117.3,7942.375,0.0,0.0
15848.088492227,66.7,119.3,119.3,7945.11328125,0.0,0.0
15849.091796798,72.8,73.3,73.3,7929.29296875,0.0,0.09344121686448638
15850.101277643,77.0,115.6,115.6,7927.53125,0.0,0.0
15851.104399384,70.5,112.5,112.5,7928.4765625,0.0,0.2609042744295342
15852.110032777,64.3,105.6,105.6,7928.4765625,0.0,0.0
15853.116048443,64.6,111.3,111.3,7928.4765625,0.0,0.0
15854.118282247,68.9,110.7,110.7,7928.4765625,0.0,0.0
15855.12103421,70.8,109.7,109.7,7928.4765625,0.0,0.007791059293092544
15856.124039278,66.0,105.7,105.7,7966.12890625,0.007789093245141833,0.22198915748654224
15857.127401549,66.1,110.5,110.5,7934.47265625,0.0,0.0
15858.131978117,66.9,111.6,111.6,7934.47265625,0.0,0.0
15859.1347891,70.5,107.7,107.7,7934.47265625,0.0,0.0
15860.137012849,70.6,110.6,110.6,7934.47265625,0.0,0.0
15861.141400909,70.3,108.6,108.6,7934.47265625,0.0,0.011667552081407068
15862.14503747,66.3,107.0,107.0,7934.47265625,0.0,0.08562611540817316
15863.158598327,65.2,110.2,110.2,7934.47265625,0.0,0.0
15864.160812803,70.8,110.8,110.8,7934.47265625,0.0,0.0
15865.167803886,69.2,109.4,109.4,7935.61328125,0.0,0.0
15866.183061435,63.2,104.2,104.2,7934.47265625,0.0,0.007695091760398264
15867.189396289,67.3,109.3,109.3,7938.98046875,0.0,0.11644980747126342
15868.191560546,70.2,110.8,110.8,7934.47265625,0.0,0.0
15869.193983362,74.9,107.8,107.8,7934.47265625,0.0,0.0
15870.209891707,65.6,111.2,111.2,7934.47265625,0.0,0.0
15871.212853232,65.6,105.7,105.7,7934.47265625,0.0,0.10905203965819664
15872.215795027,68.5,110.7,110.7,7934.47265625,0.0,0.08958022334694327
15873.218646755,68.5,109.6,109.6,7934.47265625,0.0,0.0
15874.222843611,65.9,105.7,105.7,7934.47265625,0.0,0.0
15875.225028098,66.7,109.8,109.8,7962.5625,0.0,0.07015923805648629
15876.228079577,66.4,110.6,110.6,7934.47265625,0.0,0.0
15877.231056369,70.6,111.3,111.3,7953.19921875,0.0,0.05452518985102673
15878.23703565,69.7,108.3,108.3,7936.84375,0.0,0.0
15879.244655753,72.5,107.6,107.6,7934.47265625,0.0,0.0038767090775259283
15880.246872681,66.6,110.7,110.7,7972.76953125,0.0,0.0
15881.249715942,68.3,111.2,111.2,7940.84375,0.0,0.0
15882.259699244,66.8,112.4,112.4,7918.08984375,0.0,0.08508804039618309
15883.261813781,65.8,104.8,104.8,7918.08984375,0.0,0.0
15884.264070643,70.2,110.5,110.5,7918.08984375,0.0,0.0
15885.268703458,64.0,106.6,106.6,7918.08984375,0.0,0.0
15886.2733371,66.6,107.6,107.6,7925.93359375,0.0,0.0
15887.275620421,70.3,110.7,110.7,7925.93359375,0.0,0.05456291534953365
15888.278202341,69.5,110.7,110.7,7925.93359375,0.0,0.0
15889.280964268,72.0,109.6,109.6,7925.93359375,0.0,0.0
15890.285685632,69.2,109.7,109.7,7925.93359375,0.0,0.0
15891.303481562,69.8,108.7,108.7,7927.38671875,0.0,0.0
15892.311017172,68.4,109.6,109.6,7927.38671875,0.0,0.08529475201373012
15893.32704341,67.0,108.0,108.0,7927.38671875,0.0,0.0
15894.334128223,63.9,109.4,109.4,7927.38671875,0.0,0.0
15895.33642066,69.0,109.7,109.7,7927.38671875,0.0,0.0
15896.338800989,69.5,106.7,106.7,7927.38671875,0.0,0.0
15897.341407661,68.8,110.7,110.7,7927.38671875,0.0,0.11688282481325692
15898.345041864,68.4,111.5,111.5,7927.38671875,0.0,0.0
15899.349320992,70.4,106.1,106.1,7927.38671875,0.0,0.0
15900.360190242,65.2,109.3,109.3,7949.8671875,0.0,0.0
15901.362898222,69.2,108.7,108.7,7927.38671875,0.0,0.0
15902.368784003,70.2,109.9,109.9,7952.4609375,0.0,0.0
15903.375456385,69.0,111.6,111.6,7927.38671875,0.0,0.0970089691007305
15904.379399528,64.8,110.7,110.7,7927.38671875,0.0,0.0
15905.382264721,70.4,108.7,108.7,7927.38671875,0.0,0.0
15906.385041907,67.8,108.2,108.2,7927.38671875,0.0,0.0
15907.399042376,68.3,108.4,108.4,7927.38671875,0.0,0.0
15908.411044165,68.2,107.3,107.3,7949.58203125,0.0,0.05403893609132674
15909.417674319,67.9,108.3,108.3,7927.38671875,0.0,0.0
15910.420622175,67.8,109.7,109.7,7927.38671875,0.0,0.0
15911.422836014,67.9,110.7,110.7,7927.38671875,0.0,0.019488106469834766
15912.42604753,70.4,110.6,110.6,7927.38671875,0.0,0.0
15913.429041071,72.0,109.1,109.1,7947.23828125,0.0,0.07789182762043376
15914.437539918,70.9,116.5,116.5,7927.38671875,0.0,0.0
15915.442942383,68.9,108.4,108.4,7927.38671875,0.0,0.0
15916.451039245,63.5,108.4,108.4,7934.84765625,0.0,0.0
15917.455294406,73.6,115.4,115.4,7929.078125,0.0,0.0
15918.458308887,68.8,105.7,105.7,7929.078125,0.0,0.0
15919.461331952,68.6,108.7,108.7,7918.08984375,0.0,0.0778895348733306
15920.463667143,68.0,109.8,109.8,7922.5234375,0.0,0.0
15921.465918025,68.2,105.4,105.4,7922.74609375,0.0,0.0
15922.475957219,68.6,111.2,111.2,7922.84375,0.0,0.0
15923.493261836,70.2,108.8,108.8,7944.23828125,0.0,0.0
15924.498602628,65.3,109.7,109.7,7930.6328125,0.0,0.05828247542150388
15925.500815709,68.8,110.6,110.6,7930.6328125,0.0,0.019488121209238724
15926.505700755,70.7,109.4,109.4,7930.6328125,0.0,0.01554904221351999
15927.510733414,64.9,105.6,105.6,7930.6328125,0.0,0.0038866896165251877
15928.516689934,71.2,109.4,109.4,7930.6328125,0.0,0.0
15929.518873101,68.3,110.8,110.8,7930.6328125,0.0,0.0
15930.521077108,68.7,112.6,112.6,7930.6328125,0.0,0.1987806360866367
15931.525039508,70.2,104.7,104.7,7931.9921875,0.0,0.0
15932.543036194,66.8,109.0,109.0,7931.9921875,0.0,0.0
15933.548763273,70.3,114.1,114.1,7931.9921875,0.0,0.007768011981705647
15934.556082026,66.7,108.5,108.5,7931.9921875,0.0,0.03877868835825327
15935.55780401,68.1,109.8,109.8,7931.9921875,0.0,0.08968930644922905
15936.5619824,70.9,109.5,109.5,7931.9921875,0.0,0.0
15937.564744685,68.4,109.8,109.8,7931.9921875,0.0,0.0
15938.576151822,68.2,106.7,106.7,7931.9921875,0.0,0.0
15939.579380922,64.4,106.7,106.7,7931.9921875,0.0,0.0
15940.581561533,69.7,111.6,111.6,7931.9921875,0.0,0.093546012536071
15941.585829624,58.7,104.6,104.6,7931.9921875,0.0,0.0
15942.59013976,50.9,99.7,99.7,7931.9921875,0.0,0.0
15943.59261077,63.8,90.3,90.3,7866.16015625,0.0,0.0
15944.604694297,84.6,123.8,123.8,7861.52734375,0.0,0.0
15945.612157128,85.3,128.1,128.1,7871.41796875,0.0,0.0
15946.62048815,85.2,130.5,130.5,7864.48046875,0.0,0.06973156479957664
15947.633528085,83.1,131.0,131.0,7927.22265625,0.0,0.0
15948.637036504,76.6,121.7,121.7,7920.94140625,0.0,0.0
15949.641036852,78.6,126.3,126.3,7938.19140625,0.0,0.0
15950.6670434,85.3,131.8,131.8,7961.125,0.0,0.0
15951.689751363,85.0,131.6,131.6,7927.71484375,0.0,0.07639033118598262
15952.697419808,80.5,128.3,128.3,7928.1953125,0.0,0.0
15953.701710973,70.2,114.5,114.5,7959.7890625,0.0,0.0
15954.707037313,72.2,117.4,117.4,7990.07421875,0.0,0.0
15955.711379553,69.9,121.1,121.1,7915.25,0.0,0.0
15956.719658151,62.7,84.6,84.6,7931.6875,0.0,0.07748354488036861
15957.725410381,78.8,102.1,102.1,7915.25,0.0,0.0
15958.73551608,73.0,107.8,107.8,7915.25,0.0,0.007734339097115723
15959.746027312,73.0,113.3,113.3,7921.20703125,0.0,0.0
15960.74897662,67.3,110.7,110.7,7921.20703125,0.0,0.0
15961.752073199,70.4,110.6,110.6,7921.20703125,0.0,0.19860375777414363
15962.755306678,66.6,105.8,105.8,7921.20703125,0.0,0.0
15963.770224829,71.4,114.1,114.1,7921.20703125,0.0,0.0038488325350661337
15964.775546493,66.6,104.7,104.7,7945.19921875,0.0,0.0
15965.778042013,65.8,111.7,111.7,7921.20703125,0.0,0.0
15966.780272713,73.6,109.7,109.7,7942.57421875,0.0,0.13641445028575747
15967.782836831,63.5,110.7,110.7,7921.20703125,0.0,0.0
15968.785092259,73.2,106.7,106.7,7921.984375,0.0,0.0
15969.790037793,71.2,113.3,113.3,7903.29296875,0.0,0.0
15970.795839869,72.1,115.3,115.3,7919.5,0.0,0.0
15971.800526681,69.1,107.1,107.1,7922.03515625,0.0,0.13608096410461146
15972.808522578,63.9,106.6,106.6,7922.90234375,0.0,0.0
15973.811440401,67.8,111.7,111.7,7904.4921875,0.0,0.0
15974.814063174,67.8,110.7,110.7,7903.30859375,0.0,0.0
15975.81673817,68.8,109.0,109.0,7908.6328125,0.0,0.0
15976.829672217,66.2,109.3,109.3,7908.6328125,0.0,0.0539892011350611
15977.848039517,67.1,108.0,108.0,7908.6328125,0.0,0.0
15978.85089736,71.2,107.7,107.7,7910.484375,0.0,0.0
15979.853284893,69.2,110.7,110.7,7910.484375,0.0,0.0
15980.856086625,68.9,109.6,109.6,7910.484375,0.0,0.0
15981.861836643,72.1,105.5,105.5,7944.7578125,0.0,0.07767834810027822
15982.868569443,64.8,111.3,111.3,7910.484375,0.0,0.0
15983.870976379,73.4,111.5,111.5,7945.875,0.0,0.0
15984.878522317,66.6,109.4,109.4,7910.484375,0.0,0.0
15985.881275608,66.7,109.7,109.7,7910.484375,0.0,0.0
15986.884085834,71.3,112.7,112.7,7917.171875,0.0,0.06232485307741743
15987.886341699,69.4,109.7,109.7,7917.171875,0.0,0.0
15988.895474662,73.3,109.4,109.4,7919.21875,0.0,0.003870897238743681
15989.907670642,63.0,108.1,108.1,7917.171875,0.0,0.0
15990.912781748,67.4,108.6,108.6,7917.171875,0.0,0.0
15991.915851902,69.0,110.5,110.5,7917.171875,0.0,0.1908204019795917
15992.92119652,66.0,110.6,110.6,7917.171875,0.0,0.0
15993.923601353,70.0,104.7,104.7,7917.171875,0.0,0.0
15994.925873031,67.3,112.7,112.7,7917.18359375,0.0,0.0
15995.928117517,70.9,109.6,109.6,7917.18359375,0.0,0.0
15996.933041067,67.2,105.6,105.6,7945.1171875,0.0,0.0
15997.936046701,71.3,107.6,107.6,7917.18359375,0.0,0.08957452177197821
15998.938966139,69.3,109.7,109.7,7917.18359375,0.0,0.0
15999.941320849,68.1,110.7,110.7,7917.18359375,0.0,0.007794147044007204
16000.944086035,71.2,110.7,110.7,7917.18359375,0.0,0.0
16001.947200199,66.3,109.7,109.7,7917.18359375,0.0,0.0
16002.951324437,69.5,106.5,106.5,7954.859375,0.0,0.12059638181951593
16003.955393143,63.9,110.6,110.6,7917.18359375,0.0,0.0
16004.958286779,71.1,111.6,111.6,7917.18359375,0.0,0.0
16005.962683904,66.7,105.3,105.3,7917.18359375,0.0,0.0
16006.974491859,62.3,111.0,111.0,7917.18359375,0.0,0.0
16007.977415367,69.1,107.7,107.7,7917.18359375,0.0,0.06621267670993085
16008.97979567,82.0,106.1,106.1,7917.18359375,0.0,0.0
16009.99167405,65.7,108.0,108.0,7942.84765625,0.0,0.0
16010.999032742,67.8,110.6,110.6,7918.359375,0.0,0.0
16012.001187982,69.8,109.7,109.7,7918.359375,0.0,0.0
16013.003761237,67.5,110.6,110.6,7918.359375,0.0,0.08961315250722324
16014.007919774,64.0,105.4,105.4,7923.234375,0.0,0.0
16015.015041763,71.2,110.5,110.5,7947.2578125,0.0,0.0
16016.017836936,66.3,111.6,111.6,7918.36328125,0.0,0.0
16017.022152346,65.1,110.7,110.7,7918.36328125,0.0,0.0
16018.023935741,69.5,105.8,105.8,7918.36328125,0.0,0.05459014420983728
16019.040702966,69.8,108.2,108.2,7920.40625,0.0,0.0
16020.042953096,67.6,110.8,110.8,7918.36328125,0.0,0.0038974801629644805
16021.045272846,70.2,112.7,112.7,7918.36328125,0.0,0.0
16022.048310631,68.9,110.4,110.4,7918.36328125,0.0,0.0
16023.059176445,68.3,106.1,106.1,7933.4453125,0.0,0.0
16024.062036096,68.2,111.6,111.6,7924.61328125,0.0,0.08179733816012423
16025.069346944,66.2,109.3,109.3,7924.61328125,0.0,0.0
16026.071548217,70.9,110.7,110.7,7921.5625,0.0,0.0
16027.075939607,66.7,106.8,106.8,7921.5625,0.0,0.0
16028.086177684,68.5,109.6,109.6,7921.5625,0.0,0.0
16029.089032631,66.1,108.7,108.7,7921.5625,0.0,0.07790259222796873
16030.092153386,68.8,109.5,109.5,7921.5625,0.0,0.003894097475831599
16031.098059124,68.3,111.5,111.5,7899.40625,0.0,0.0
16032.101148689,69.8,106.5,106.5,7899.59375,0.0,0.0
16033.105192009,66.2,108.7,108.7,7899.59375,0.0,0.0
16034.10757702,70.9,108.7,108.7,7899.59375,0.0,0.0
16035.110721868,70.1,110.7,110.7,7903.1484375,0.0,0.10124410268611785
16036.113094861,68.8,110.8,110.8,7903.1484375,0.0,0.0
16037.115017133,68.3,108.8,108.8,7903.1484375,0.0,0.0
16038.131069237,71.4,113.1,113.1,7903.1484375,0.0,0.0
16039.13549064,72.1,106.7,106.7,7904.078125,0.0,0.0
16040.149382243,71.0,110.8,110.8,7904.078125,0.0,0.0770545882506202
16041.160098203,66.8,106.7,106.7,7904.078125,0.0,0.0
16042.174702419,65.8,108.2,108.2,7921.98828125,0.0,0.0
16043.178031364,65.6,111.6,111.6,7904.078125,0.0,0.0
16044.181093679,66.2,108.8,108.8,7904.078125,0.0,0.0
16045.18372683,70.8,110.7,110.7,7904.078125,0.0,0.05454387773381077
16046.186368212,73.0,110.7,110.7,7922.04296875,0.0,0.0
16047.189122562,68.7,109.3,109.3,7922.04296875,0.0,0.0
16048.199305451,69.0,104.3,104.3,7961.87109375,0.0,0.0
16049.202043134,62.1,109.7,109.7,7922.046875,0.0,0.0
16050.204206081,51.0,100.8,100.8,7922.046875,0.0,0.08185420369573573
16051.20716577,56.9,88.1,88.1,7896.60546875,0.0,0.11684168495032177
16052.222619202,81.3,122.3,122.3,7860.8984375,0.0,0.0
16053.234684836,81.5,130.2,130.2,7833.03515625,0.0,0.0
16054.257620245,78.4,128.4,128.4,7829.0,0.0,0.0
16055.264563546,86.4,130.4,130.4,7903.0625,0.0,0.09698286875047915
16056.273537241,77.2,126.2,126.2,7926.765625,0.10840223143762284,0.0
16057.286638587,77.3,125.1,125.1,7984.453125,0.0,0.0
16058.292068513,81.7,128.4,128.4,7930.52734375,0.0,0.0
16059.298808413,86.4,127.3,127.3,7909.08984375,0.0,0.0
16060.30203539,87.0,133.6,133.6,7917.9921875,0.0,0.10123581435550456
16061.314967625,70.4,120.7,120.7,7920.26171875,0.0,0.0
16062.326163329,72.0,116.1,116.1,7975.91015625,0.0,0.0
16063.333436897,70.6,121.9,121.9,7911.1640625,0.0,0.0
16064.342045358,59.1,94.5,94.5,7952.41796875,0.0,0.023237461221352954
16065.345045786,82.6,94.3,94.3,7907.953125,0.0,0.07010216350577611
16066.353330634,66.9,109.5,109.5,7890.37890625,0.0,0.23632334699140164
16067.35630303,70.9,108.3,108.3,7890.37890625,0.0,0.0
16068.368084204,68.0,109.6,109.6,7895.40234375,0.0,0.0
16069.382164858,68.6,105.1,105.1,7918.04296875,0.0,0.0
16070.38497708,67.9,111.7,111.7,7895.40234375,0.015581182256456617,0.14023064030810956
16071.387481293,69.5,109.6,109.6,7895.40234375,0.0,0.23768603354486292
16072.392178314,62.7,106.5,106.5,7895.40234375,0.0,0.0
16073.398056535,68.6,108.5,108.5,7899.3359375,0.0,0.0
16074.406145534,70.0,108.1,108.1,7898.8125,0.0,0.0
16075.41130442,70.0,109.4,109.4,7919.04296875,0.0,0.007772403058669823
16076.417093231,71.4,110.8,110.8,7895.40234375,0.0,0.07379158446411299
16077.432139636,71.0,108.9,108.9,7923.203125,0.0,0.0
16078.438333626,69.3,110.3,110.3,7895.40234375,0.0,0.0
16079.443501688,69.3,110.5,110.5,7895.40234375,0.0,0.0
16080.446348184,71.4,110.7,110.7,7895.40234375,0.0,0.0
16081.449770258,69.3,108.6,108.6,7895.40234375,0.0,0.011678784335774108
16082.452467555,67.6,110.7,110.7,7895.40234375,0.0,0.1051850347213119
16083.455559958,68.2,108.3,108.3,7899.7578125,0.0,0.0
16084.465624839,72.4,111.1,111.1,7899.7578125,0.0,0.0
16085.472362975,69.9,112.3,112.3,7905.59765625,0.0,0.0
16086.477140992,66.1,103.2,103.2,7905.59765625,0.0,0.0
16087.488984981,69.5,111.1,111.1,7912.98046875,0.0,0.0694894675111037
16088.491663333,69.5,108.8,108.8,7890.44921875,0.0,0.0
16089.493304429,70.2,109.8,109.8,7895.9921875,0.0,0.003899849971811712
16090.495884538,68.7,111.6,111.6,7901.265625,0.0,0.0
16091.500082241,67.4,108.1,108.1,7909.21875,0.0,0.0
16092.508483496,69.6,109.3,109.3,7908.3125,0.0,0.09296894419279038
16093.518040721,64.9,107.0,107.0,7928.95703125,0.0,0.0
16094.524037819,68.6,110.0,110.0,7901.265625,0.0,0.0
16095.533051596,71.0,108.4,108.4,7901.2734375,0.0,0.0
16096.538154862,66.1,111.6,111.6,7901.265625,0.0,0.0
16097.541695373,70.4,110.6,110.6,7901.265625,0.0,0.0661719674214988
16098.545764058,69.7,109.6,109.6,7901.265625,0.0,0.0
16099.548810844,70.7,108.7,108.7,7901.265625,0.0,0.0
16100.551842876,68.4,108.7,108.7,7901.265625,0.0,0.0
16101.555015534,68.7,111.6,111.6,7901.265625,0.0,0.019469479998526065
16102.559231034,68.2,105.5,105.5,7901.265625,0.0,0.12447527448052806
16103.566722636,71.5,110.5,110.5,7901.265625,0.0,0.007754407068494525
16104.582631846,63.1,108.1,108.1,7901.265625,0.0,0.0
16105.590037808,69.2,110.2,110.2,7901.265625,0.0,0.0
16106.592878296,69.8,109.7,109.7,7901.265625,0.0,0.0
16107.595104681,70.1,109.2,109.2,7901.265625,0.0,0.07015630505473282
16108.606553447,71.0,109.3,109.3,7901.265625,0.0,0.01158610341317796
16109.609413648,68.0,109.6,109.6,7901.265625,0.0,0.007790218409509776
16110.614042463,69.1,106.4,106.4,7901.265625,0.0,0.0
16111.62264139,69.0,112.0,112.0,7901.265625,0.0,0.10844251076611666
16112.630039873,64.6,104.5,104.5,7913.20703125,0.0,0.0
16113.636284406,70.9,111.3,111.3,7926.85546875,0.0,0.09705021671899966
16114.642142425,74.6,109.4,109.4,7907.515625,0.0,0.0
16115.643878101,67.3,111.7,111.7,7907.515625,0.0,0.007798963526183095
16116.646629943,69.3,110.6,110.6,7907.515625,0.0,0.0
16117.651712615,66.5,105.3,105.3,7927.8671875,0.0,0.0
16118.657825719,68.1,107.7,107.7,7907.515625,0.0,0.08541534709996658
16119.660112063,68.4,110.7,110.7,7907.515625,0.0,0.0
16120.662408268,69.2,111.5,111.5,7907.515625,0.0,0.0
16121.667621837,66.8,110.7,110.7,7907.515625,0.0,0.007771980244725455
16122.6709627,68.4,111.6,111.6,7907.515625,0.0,0.0
16123.674055329,65.8,105.7,105.7,7907.515625,0.0,0.0
16124.676503703,68.4,109.7,109.7,7907.515625,0.0,0.06624405976642214
16125.679384573,69.1,110.6,110.6,7907.515625,0.0,0.0
16126.683182699,63.0,104.7,104.7,7907.515625,0.0,0.0077829394154551035
16127.685552859,71.3,109.7,109.7,7907.515625,0.0,0.0
16128.689045637,71.4,109.6,109.6,7907.515625,0.0,0.0
16129.691780714,68.9,110.4,110.4,7907.515625,0.0,0.08959869068191534
16130.698650511,69.3,107.6,107.6,7907.515625,0.0,0.0
16131.701038454,69.5,110.7,110.7,7907.515625,0.0,0.0
16132.703824302,69.4,109.7,109.7,7907.515625,0.0,0.02337238807943953
16133.707068218,69.2,109.6,109.6,7925.4140625,0.0,0.0
16134.711486499,70.0,109.5,109.5,7908.37890625,0.0,0.0
16135.727996202,68.3,107.2,107.2,7908.55859375,0.0,0.10375577300314755
16136.733767833,67.3,111.4,111.4,7910.95703125,0.0,0.0
16137.736682973,69.8,108.6,108.6,7910.95703125,0.0,0.042843854166986835
16138.741119924,66.6,103.6,103.6,7891.4921875,0.0,0.007777989441970095
16139.744407168,66.0,109.7,109.7,7891.4921875,0.0,0.0
16140.746711093,68.0,111.6,111.6,7896.359375,0.0,0.10132904547898917
16141.750945661,71.6,109.5,109.5,7901.01171875,0.0,0.0
16142.77703183,67.1,106.7,106.7,7896.359375,0.0,0.0
16143.789831012,68.7,106.4,106.4,7896.93359375,0.0,0.0
16144.792497093,64.8,110.7,110.7,7898.48828125,0.0,0.007791726625686719
16145.795039484,70.6,109.7,109.7,7896.359375,0.0,0.0
16146.802166222,67.1,111.2,111.2,7896.359375,0.0,0.06205773081169336
16147.807236605,73.8,115.2,115.2,7897.7109375,0.0,0.0
16148.812807361,71.6,104.6,104.6,7897.06640625,0.0,0.0
16149.815159304,69.4,109.7,109.7,7897.06640625,0.0,0.0
16150.818189168,69.8,112.6,112.6,7897.06640625,0.0,0.007788900690203286
16151.823062524,68.1,110.6,110.6,7897.2109375,0.0,0.08552072705172084
16152.826411752,63.3,107.6,107.6,7920.7890625,0.0,0.0
16153.829423719,69.3,111.6,111.6,7903.95703125,0.0,0.0
16154.833727824,67.2,104.6,104.6,7928.41015625,0.0,0.0
16155.838048767,64.5,111.5,111.5,7903.95703125,0.0,0.0
16156.840941432,58.0,104.6,104.6,7903.95703125,0.0,0.06231972989855611
16157.844974214,50.7,100.7,100.7,7903.95703125,0.0,0.0
16158.847452917,69.6,92.4,92.4,7876.5390625,0.0,0.0
16159.858747065,82.0,135.0,135.0,7819.16796875,0.0,0.0
16160.878051652,81.6,134.5,134.5,7831.08984375,0.0,0.0
16161.881654098,83.5,130.8,130.8,7930.1015625,0.0,0.08562902605755109
16162.896080061,81.3,125.9,125.9,7953.68359375,0.0,0.0077013998901392135
16163.899217464,75.1,125.7,125.7,7922.94140625,0.0,0.0
16164.913756622,76.7,125.0,125.0,7991.95703125,0.0,0.0
16165.91832971,83.1,129.9,129.9,7961.0625,0.0,0.0
16166.928286426,86.1,133.3,133.3,7968.53515625,0.0,0.06575158018952934
16167.931522783,83.6,129.0,129.0,7929.4140625,0.0,0.01168094628772714
16168.943768863,72.2,118.5,118.5,7924.51953125,0.0,0.011576977408483567
16169.956051455,71.3,120.0,120.0,7940.1484375,0.0,0.0
16170.960798809,69.4,117.6,117.6,7935.30078125,0.0,0.0
16171.963039119,57.7,94.8,94.8,7981.1875,0.0,3.7182325065293167
16172.965906026,91.4,105.8,105.8,7933.0625,0.0,0.07011149685889086
16173.978265765,67.1,108.8,108.8,7933.0625,0.0,0.04244415136705666
16174.991382549,67.7,108.4,108.4,7933.0625,0.0,0.0
16176.006522261,63.7,108.4,108.4,7933.0625,0.0,0.0
16177.009014814,68.6,111.7,111.7,7933.0625,0.0,3.849779221246959
16178.011906849,70.4,110.5,110.5,7933.0625,0.0,0.007789971130843693
16179.017102179,70.5,106.6,106.6,7933.0625,0.0077721212652350985,0.08937939455020363
16180.019872647,70.4,109.7,109.7,7933.0625,0.0,0.0
16181.022303799,66.6,111.7,111.7,7933.0625,0.0,0.0
16182.025533477,72.2,112.5,112.5,7933.0625,0.0,0.1557469873811433
16183.030523134,69.0,108.0,108.0,7933.0625,0.0,0.0
16184.042032728,62.8,107.3,107.3,7933.0625,0.0,0.007723604448580115
16185.045487047,67.9,110.6,110.6,7933.0625,0.0,0.0
16186.049083444,68.4,105.5,105.5,7943.9375,0.0,0.0
16187.055043927,70.7,111.3,111.3,7972.69921875,0.0,0.05824657229610877
16188.061031656,68.6,109.5,109.5,7933.0625,0.0,0.0
16189.064502886,71.3,109.6,109.6,7933.0625,0.0,0.0
16190.067685708,69.0,111.4,111.4,7933.0625,0.0,0.0
16191.074071155,72.2,110.5,110.5,7933.0625,0.0,0.0
16192.079065432,65.8,105.1,105.1,7947.2109375,0.0,0.07773676108206165
16193.088015843,65.3,109.5,109.5,7939.8125,0.0,0.0
16194.090332419,69.0,110.7,110.7,7933.0625,0.0,0.0
16195.093050095,74.2,109.7,109.7,7948.37890625,0.0,0.0
16196.095949189,66.7,108.7,108.7,7933.0625,0.0,0.0
16197.098335909,69.3,109.7,109.7,7933.0625,0.0,0.05455728703190739
16198.100803359,69.9,111.7,111.7,7939.67578125,0.0,0.0
16199.104737706,73.2,110.5,110.5,7939.67578125,0.0,0.011672825055762519
16200.109192272,65.2,106.6,106.6,7939.67578125,0.0,0.0
16201.112031869,68.9,110.7,110.7,7920.52734375,0.0,0.0
16202.114432853,70.6,109.7,109.7,7920.52734375,0.0,0.12470059586432428
16203.118110792,68.5,109.3,109.3,7921.015625,0.0,0.0
16204.13805308,66.7,108.3,108.3,7924.84375,0.0,0.003829873558494512
16205.156041717,68.1,109.0,109.0,7924.84375,0.0,0.0
16206.172354406,62.9,108.1,108.1,7924.84375,0.0,0.0
16207.175132222,67.5,111.6,111.6,7924.84375,0.0,0.07011772585921333
16208.181584925,75.5,112.3,112.3,7924.84375,0.0,0.0
16209.186043231,71.7,105.5,105.5,7924.84375,0.0,0.05444476856161272
16210.189220099,69.1,110.7,110.7,7928.30859375,0.0,0.0
16211.191683615,70.1,109.7,109.7,7928.30859375,0.0,0.0
16212.194883459,69.8,108.1,108.1,7928.30859375,0.0,0.08955718099167108
16213.204525277,67.3,107.3,107.3,7928.30859375,0.0,0.0
16214.223543334,63.5,108.2,108.2,7928.30859375,0.0,0.0
16215.22584587,74.9,107.4,107.4,7948.765625,0.0,0.0
16216.233707997,65.2,109.5,109.5,7947.15234375,0.0,0.0
16217.236491335,70.2,111.6,111.6,7934.671875,0.0,0.05453570868969816
16218.239615241,71.9,112.7,112.7,7939.09375,0.0,0.0
16219.241970286,73.7,107.7,107.7,7939.09375,0.0,0.0
16220.244820167,66.7,106.7,106.7,7941.80078125,0.0,0.0
16221.247817784,66.5,110.7,110.7,7939.09375,0.0,0.0
16222.250829688,69.7,110.2,110.2,7939.09375,0.0,0.0778904015878778
16223.261471451,60.6,106.3,106.3,7939.09375,0.0,0.0
16224.264311501,68.0,109.7,109.7,7939.09375,0.0,0.0
16225.267386597,67.9,106.9,106.9,7939.09375,0.0,0.0
16226.283497924,70.1,112.3,112.3,7939.09375,0.0,0.030754504127266026
16227.296395254,68.6,114.2,114.2,7939.09375,0.0,0.06170418081763018
16228.299670939,64.9,105.7,105.7,7939.09375,0.0,0.0
16229.302769535,72.6,110.7,110.7,7939.09375,0.0,0.0
16230.306099721,70.1,111.4,111.4,7939.09375,0.0,0.007786569276006582
16231.31141838,67.9,104.7,104.7,7966.13671875,0.0,0.0
16232.318070723,69.1,111.3,111.3,7973.6171875,0.0,0.08536959219101055
16233.320830465,68.0,110.7,110.7,7939.09375,0.0,0.0
16234.324092729,68.7,104.7,104.7,7971.9921875,0.0,0.0
16235.326754573,64.7,109.7,109.7,7939.09375,0.0,0.0
16236.329078697,70.5,110.6,110.6,7942.06640625,0.0,0.0
16237.334139893,66.0,108.8,108.8,7942.06640625,0.0,0.0
16238.345051407,68.7,107.3,107.3,7942.06640625,0.0,0.05409721745446528
16239.353434888,72.2,108.4,108.4,7942.06640625,0.0,0.0
16240.35617653,71.9,111.7,111.7,7942.06640625,0.0,0.0
16241.358741555,69.7,110.5,110.5,7942.06640625,0.0,0.0
16242.365446257,65.2,105.5,105.5,7942.06640625,0.0,0.0
16243.367681009,69.0,111.7,111.7,7942.06640625,0.0,0.08184833926008198
16244.370401486,71.4,110.7,110.7,7942.06640625,0.0,0.0
16245.373730839,68.4,109.0,109.0,7942.06640625,0.0,0.031146302962805215
16246.38668252,65.1,107.3,107.3,7952.58203125,0.0,0.0
16247.38894919,70.4,111.6,111.6,7952.58203125,0.0,0.0
16248.396054621,67.1,105.3,105.3,7952.58203125,0.0,0.0
16249.399056582,68.0,108.1,108.1,7952.58203125,0.0,0.08178573242088855
16250.414154267,65.3,106.7,106.7,7962.17578125,0.0,0.0
16251.421712267,65.6,110.5,110.5,7952.58203125,0.0,0.0
16252.425237995,70.2,108.1,108.1,7929.62890625,0.0,0.0
16253.441969596,72.7,115.6,115.6,7930.67578125,0.0,0.0
16254.445983774,72.5,109.4,109.4,7930.67578125,0.0,0.07781264618762
16255.45136129,64.8,105.3,105.3,7930.67578125,0.0,0.0
16256.458373443,65.7,110.5,110.5,7932.39453125,0.0,0.0
16257.461667668,67.2,104.2,104.2,7970.55078125,0.0,0.10901587717202402
16258.473220197,71.0,109.0,109.0,7953.32421875,0.0,0.0
16259.480320553,67.2,110.4,110.4,7932.39453125,0.0,0.07757419559481724
16260.483182867,73.7,110.7,110.7,7933.4375,0.0,0.0038951009978871022
16261.486063847,70.5,108.6,108.6,7936.640625,0.0,0.0
16262.491070822,64.9,106.6,106.6,7936.640625,0.0,0.0
16263.495358707,67.7,109.5,109.5,7936.640625,0.0,0.0
16264.498035523,69.0,111.4,111.4,7936.640625,0.0,0.0
16265.504497976,68.3,105.4,105.4,7965.50390625,0.0,0.06597985826697039
16266.508791032,63.4,110.7,110.7,7944.79296875,0.0,0.0
16267.5120307,67.4,110.7,110.7,7944.79296875,0.0,0.0
16268.514509121,54.6,98.8,98.8,7944.79296875,0.0,0.0
16269.517057845,60.6,85.2,85.2,7908.8359375,0.0,0.0
16270.530133974,82.8,123.0,123.0,7833.8125,0.0,0.15037739577414572
16271.540379529,80.8,132.9,132.9,7835.40234375,0.0,0.0
16272.558060034,79.0,129.8,129.8,7835.62109375,0.0,0.0
16273.560601029,85.0,128.7,128.7,7971.7734375,0.0,0.0
16274.570342109,76.8,129.2,129.2,7933.95703125,0.0,0.0
16275.581074383,77.6,122.9,122.9,7988.81640625,0.0,0.0
16276.585958686,80.5,129.5,129.5,7949.34375,0.0,0.05442168798610841
16277.600249843,83.2,127.5,127.5,7930.984375,0.0,0.0
16278.614373945,88.0,126.7,126.7,7979.0625,0.0,0.0
16279.625543206,71.0,122.9,122.9,7942.17578125,0.0,0.0
16280.629329493,70.3,115.6,115.6,7997.55078125,0.0,0.0
16281.633366478,70.7,121.5,121.5,7944.0,0.0,0.09726359831262406
16282.637017361,59.2,110.6,110.6,7945.2265625,0.0,0.0
16283.640853118,87.2,77.4,77.4,7947.9765625,0.0,0.09728309568464184
16284.654041246,66.8,112.0,112.0,7925.3828125,0.0,0.0
16285.656220353,66.5,109.7,109.7,7930.11328125,0.0,0.0
16286.662077411,67.2,112.3,112.3,7930.22265625,0.0,0.0
16287.665075543,67.6,106.7,106.7,7930.22265625,0.0,0.24146356037272637
16288.680686065,71.2,107.3,107.3,7930.22265625,0.0,0.007692417349733374
16289.686398307,69.3,111.4,111.4,7939.625,0.015536253162159822,0.12817408858781854
16290.688984388,77.2,103.5,103.5,7939.625,0.0,0.0
16291.696449507,69.6,115.2,115.2,7939.625,0.0,0.1163191636016519
16292.715154876,62.3,106.2,106.2,7939.625,0.0,0.1648845241338873
16293.717645551,71.2,110.7,110.7,7939.625,0.0,0.0
16294.720961531,68.8,107.1,107.1,7939.625,0.0,0.007786679526420246
16295.733060388,71.3,111.6,111.6,7954.12109375,0.0,0.0
16296.748216732,67.4,107.0,107.0,7939.625,0.0,0.003847929457457053
16297.751067286,63.4,111.7,111.7,7939.625,0.0,0.07400778680719161
16298.756479628,75.0,108.8,108.8,7940.01171875,0.0,0.003885221850600446
16299.768049239,65.1,106.0,106.0,7958.0,0.0,0.0
16300.778043361,66.0,109.3,109.3,7939.625,0.0,0.0
16301.780386272,68.4,108.7,108.7,7939.625,0.0,0.0
16302.783550571,70.3,112.7,112.7,7939.625,0.0,0.08956035426043234
16303.786957571,70.5,109.6,109.6,7939.625,0.0,0.0
16304.790379585,67.6,111.7,111.7,7939.625,0.0,0.0
16305.794093779,69.6,110.4,110.4,7939.625,0.0,0.0
16306.79985716,66.3,108.8,108.8,7939.625,0.0,0.0
16307.816632446,68.8,107.9,107.9,7950.46484375,0.0,0.053785237262359176
16308.819200484,75.8,110.6,110.6,7939.625,0.0,0.0
16309.839071992,67.3,108.9,108.9,7960.3046875,0.0,0.0
16310.844315878,63.7,110.5,110.5,7939.625,0.0,0.0
16311.847432261,71.0,110.6,110.6,7939.625,0.0,0.050623487823106085
16312.851874364,68.5,109.6,109.6,7939.625,0.0,0.07777949546985459
16313.85514394,72.1,112.5,112.5,7939.625,0.0,0.0
16314.859685017,69.9,110.6,110.6,7939.625,0.0,0.0
16315.862734762,68.6,108.7,108.7,7939.625,0.0,0.0
16316.865832856,70.4,110.6,110.6,7939.625,0.0,0.003894185447433758
16317.869335424,66.8,108.6,108.6,7939.625,0.0,0.05838923772435323
16318.872233003,71.6,107.2,107.2,7951.56640625,0.0,0.0
16319.879645529,68.1,110.5,110.5,7951.56640625,0.0,0.0
16320.88555609,73.6,106.5,106.5,7951.56640625,0.0,0.0
16321.88797609,63.9,111.3,111.3,7925.3828125,0.0,0.0038968196963321045
16322.896666185,69.7,108.3,108.3,7930.2578125,0.0,0.08132453209022977
16323.901723044,65.6,110.6,110.6,7930.2578125,0.0,0.0
16324.905073489,68.6,105.7,105.7,7972.52734375,0.0,0.0
16325.907435008,68.8,109.7,109.7,7956.80078125,0.0,0.0
16326.910228169,66.6,111.7,111.7,7937.7109375,0.0,0.007790739211086825
16327.913417881,69.0,110.6,110.6,7937.7109375,0.0,0.09734574510861231
16328.916736372,73.2,108.6,108.6,7937.7109375,0.0,0.0
16329.919769353,69.5,106.6,106.6,7968.57421875,0.0,0.0
16330.92424131,72.5,116.4,116.4,7937.7109375,0.0,0.0
16331.930444783,61.7,104.3,104.3,7937.7109375,0.0,0.0
16332.937128242,70.0,109.5,109.5,7937.7109375,0.0,0.01164094819998706
16333.940227074,64.6,108.7,108.7,7937.7109375,0.0,0.08956619939523837
16334.943048346,68.8,104.7,104.7,7937.7109375,0.0,0.0
16335.946044751,68.3,110.7,110.7,7937.7109375,0.0,0.0
16336.950081392,67.4,112.4,112.4,7937.7109375,0.0,0.0
16337.955057023,65.2,104.5,104.5,7937.7109375,0.0,0.0
16338.958146304,70.4,110.7,110.7,7937.7109375,0.0,0.07788439322388545
16339.960607072,67.9,109.7,109.7,7937.7109375,0.0,0.0
16340.963591334,69.7,112.2,112.2,7937.7109375,0.0,0.0
16341.971317383,72.0,110.5,110.5,7937.7109375,0.0,0.0
16342.978175479,69.2,112.2,112.2,7942.51171875,0.0,0.0
16343.98283209,61.6,105.6,105.6,7942.51171875,0.0,0.0
16344.985273904,69.5,108.7,108.7,7942.51171875,0.0,0.05455428857439237
16345.989203378,70.9,108.1,108.1,7922.8671875,0.0,0.0
16346.999714816,72.6,112.8,112.8,7922.8671875,0.0,0.0
16348.012693017,69.0,109.6,109.6,7936.87890625,0.0,0.03856203416954767
16349.023433381,76.3,105.3,105.3,7936.87890625,0.0,0.0
16350.027082907,67.1,111.6,111.6,7936.87890625,0.0,0.08173296342498819
16351.02945824,72.2,110.6,110.6,7936.87890625,0.0,0.0
16352.033770449,69.9,111.6,111.6,7936.87890625,0.0,0.10890537725215405
16353.036636049,67.9,109.6,109.6,7936.87890625,0.0,0.00779017647029648
16354.041183506,64.2,106.7,106.7,7965.08984375,0.0,0.0
16355.04391232,66.0,113.7,113.7,7936.87890625,0.0,0.0
16356.04585891,69.9,111.5,111.5,7936.87890625,0.0,0.09746652264164778
16357.051724026,66.9,105.3,105.3,7963.35546875,0.0,0.0
16358.057059295,66.6,110.5,110.5,7936.87890625,0.0,0.0038855197071533403
16359.063069069,72.5,111.5,111.5,7939.0078125,0.0,0.0
16360.06598063,68.0,108.7,108.7,7936.87890625,0.0,0.011684729198176121
16361.068636988,69.5,110.7,110.7,7936.87890625,0.0,0.09350162620708728
16362.070624638,68.9,106.7,106.7,7980.0546875,0.0,0.0
16363.074382223,71.3,117.5,117.5,7958.7890625,0.0,0.0
16364.079052425,64.1,105.6,105.6,7958.7890625,0.0,0.0
16365.082088008,68.8,110.5,110.5,7958.7890625,0.0,0.0
16366.08716773,66.8,105.6,105.6,7958.7890625,0.0,0.05441110670417452
16367.090362823,64.9,110.7,110.7,7928.9609375,0.0,0.0
16368.093337506,68.8,109.7,109.7,7928.9609375,0.0,0.0
16369.095696916,71.5,108.7,108.7,7928.9609375,0.0,0.0
16370.100059685,71.2,111.5,111.5,7931.6328125,0.0,0.0
16371.104563799,71.5,108.6,108.6,7931.6328125,0.0,0.0
16372.107066186,70.5,113.1,113.1,7932.34765625,0.0,0.07792998900857322
16373.117057605,67.4,108.6,108.6,7932.34765625,0.0,0.0
16374.134903323,63.2,108.0,108.0,7932.34765625,0.0,0.0
16375.13737896,71.1,110.7,110.7,7932.34765625,0.0,0.0
16376.140209871,70.1,109.7,109.7,7932.34765625,0.0,0.0
16377.142995419,57.3,105.7,105.7,7932.34765625,0.0,0.0545355885005101
16378.146206987,52.9,100.7,100.7,7932.34765625,0.0,0.0
16379.150043337,66.7,91.2,91.2,7863.9140625,0.0,0.0
16380.162122466,89.4,121.6,121.6,7816.86328125,0.0,0.0
16381.172043393,76.9,128.2,128.2,7822.53515625,0.0,0.0
16382.175151006,78.4,131.9,131.9,7822.578125,0.0,0.07788296987036131
16383.187465629,84.0,129.3,129.3,7914.6875,0.0,0.050163505343346314
16384.202447779,74.8,126.9,126.9,7920.44921875,0.0,0.0
16385.216885264,74.2,120.2,120.2,7967.57421875,0.0,0.0
16386.220894195,81.9,130.5,130.5,7919.4140625,0.0,0.0
16387.242567514,83.8,130.2,130.2,7964.5625,0.0,0.05735076849946796
16388.262131169,84.7,134.1,134.1,7970.9140625,0.0,0.015325183399143703
16389.280077136,75.7,119.4,119.4,7928.109375,0.0,0.0
16390.292052607,70.2,117.5,117.5,7943.609375,0.0,0.0
16391.30406054,71.0,121.2,121.2,7958.18359375,0.0,0.0
16392.306480196,63.1,116.6,116.6,7943.609375,0.0,0.12080145204167274
16393.310668657,76.0,79.3,79.3,7956.828125,0.0,0.027229699465745664
16394.318453441,72.0,115.7,115.7,7956.828125,0.0,0.06589328500913692
16395.32140147,68.8,111.7,111.7,7959.95703125,0.0,0.0
16396.32399665,69.6,108.7,108.7,7940.22265625,0.0,0.0
16397.326915039,69.1,111.7,111.7,7940.22265625,0.0,0.10126696360733331
16398.329682449,67.5,107.7,107.7,7940.46484375,0.0,0.03505922674537074
16399.336047281,66.5,107.0,107.0,7951.12109375,0.0,0.0
16400.34529243,73.5,110.3,110.3,7941.34375,0.0,0.0
16401.347521349,67.6,111.7,111.7,7940.46484375,0.0,0.0
16402.350298618,68.0,109.7,109.7,7946.671875,0.0,0.11296750883958592
16403.354037782,68.2,111.6,111.6,7946.671875,0.0,0.0
16404.357390173,67.3,106.1,106.1,7974.70703125,0.0,0.0
16405.366571042,64.5,111.6,111.6,7946.671875,0.0,0.0
16406.369915122,72.0,108.9,108.9,7948.203125,0.0,0.0
16407.38241793,66.2,109.3,109.3,7969.33984375,0.0,0.06172822386877926
16408.388948239,66.2,109.3,109.3,7948.203125,0.0,0.0
16409.392279011,73.7,111.7,111.7,7948.203125,0.0,0.0
16410.396066173,65.7,105.6,105.6,7956.24609375,0.0,0.0
16411.39943408,68.4,111.6,111.6,7948.203125,0.0,0.1129010098984322
16412.402190129,69.9,108.7,108.7,7948.203125,0.0,0.0
16413.405296797,69.7,109.7,109.7,7948.203125,0.0,0.0817771954040305
16414.408560589,69.6,110.5,110.5,7953.78515625,0.0,0.0
16415.418528918,66.8,105.6,105.6,7978.2734375,0.0,0.0
16416.428313189,65.2,110.4,110.4,7948.203125,0.0,0.0
16417.430979578,73.3,110.1,110.1,7948.72265625,0.0,0.0
16418.441937064,67.8,106.4,106.4,7948.203125,0.0,0.054094757452549776
16419.453858291,66.8,107.8,107.8,7948.203125,0.0,0.0115806939189729
16420.456227268,71.1,109.7,109.7,7948.203125,0.0,0.0
16421.458958847,70.4,110.6,110.6,7948.203125,0.0,0.0
16422.463401494,60.9,106.6,106.6,7948.203125,0.0,0.0
16423.468056636,65.7,108.5,108.5,7948.203125,0.0,0.0
16424.471333588,69.5,109.7,109.7,7948.203125,0.0,0.14016568378215585
16425.474085363,70.3,110.7,110.7,7948.203125,0.0,0.0
16426.476688519,69.2,108.7,108.7,7948.203125,0.0,0.0
16427.479778324,69.8,110.7,110.7,7948.265625,0.0,0.0
16428.494485632,70.6,112.2,112.2,7948.203125,0.0,0.061594116359670326
16429.499047655,69.2,111.2,111.2,7948.203125,0.0,0.07777021051084144
16430.505667859,64.0,105.7,105.7,7965.640625,0.0,0.0
16431.507999625,70.6,110.7,110.7,7957.3125,0.0,0.0
16432.51023589,76.4,109.9,109.9,7948.203125,0.0,0.0
16433.525990135,70.0,115.0,115.0,7948.203125,0.0,0.0
16434.529033521,64.3,106.7,106.7,7948.203125,0.0,0.05452156981765994
16435.531215531,70.4,110.7,110.7,7948.203125,0.0,0.0
16436.533635772,69.9,108.6,108.6,7948.203125,0.0,0.0
16437.537771594,63.2,104.7,104.7,7948.203125,0.0,0.0
16438.540058931,70.6,106.7,106.7,7948.203125,0.0,0.0
16439.543071526,70.7,112.7,112.7,7948.765625,0.0,0.07789034792730576
16440.547319192,70.6,111.5,111.5,7948.765625,0.0,0.0
16441.550332805,67.3,106.7,106.7,7931.76953125,0.0,0.0
16442.552629287,66.5,110.7,110.7,7939.50390625,0.0,0.0
16443.55489261,69.6,109.7,109.7,7939.50390625,0.0,0.0
16444.558038635,67.2,109.3,109.3,7939.50390625,0.0,0.05451599132822168
16445.570394402,64.1,106.1,106.1,7957.21875,0.0,0.0
16446.572704762,67.8,111.5,111.5,7957.21875,0.0,0.0
16447.579063215,66.2,105.5,105.5,7960.0,0.0,0.0
16448.584954087,69.4,112.0,112.0,7958.29296875,0.0,0.0
16449.595562393,68.8,106.1,106.1,7941.484375,0.0,0.07730492569308156
16450.603729298,63.7,110.3,110.3,7941.484375,0.0,0.01162381937143982
16451.606047029,72.3,109.7,109.7,7941.484375,0.0,0.0
16452.608924836,69.7,109.7,109.7,7941.484375,0.0,0.0
16453.61153146,69.3,107.3,107.3,7941.484375,0.0,0.0
16454.620070513,65.0,115.3,115.3,7947.8203125,0.0,0.10070259520230211
16455.626463077,65.2,105.5,105.5,7943.83203125,0.0,0.0
16456.629085635,71.5,110.7,110.7,7943.83203125,0.0,0.0
16457.632032953,73.0,111.6,111.6,7943.83203125,0.0,0.0
16458.63606043,71.2,107.8,107.8,7943.83203125,0.0,0.0
16459.65074361,63.1,107.3,107.3,7943.83203125,0.0,0.07699447624618251
16460.653265729,69.1,110.6,110.6,7943.83203125,0.0,0.06234276413002608
16461.656300935,62.7,106.7,106.7,7944.13671875,0.0,0.0
16462.659424895,70.5,109.6,109.6,7944.53515625,0.0,0.0
16463.663755101,64.8,111.6,111.6,7944.53515625,0.0,0.0
16464.666155724,65.9,104.7,104.7,7944.53515625,0.0,0.0545565303383904
16465.668761678,69.6,109.0,109.0,7944.53515625,0.0,0.0
16466.68415814,70.5,110.6,110.6,7944.53515625,0.0,0.0
16467.69281974,63.9,106.4,106.4,7952.01171875,0.0,0.0
16468.695274869,71.1,108.7,108.7,7944.53515625,0.0,0.0
16469.697697512,66.8,107.1,107.1,7944.53515625,0.0,0.007793618843838145
16470.707050841,68.2,110.6,110.6,7944.53515625,0.0,0.08127109471309972
16471.711203183,69.9,109.5,109.5,7944.53515625,0.0,0.10892271563307346
16472.714168807,69.6,112.6,112.6,7944.53515625,0.0,0.0
16473.71866515,63.6,107.6,107.6,7944.53515625,0.0,0.0
16474.720948719,64.5,107.7,107.7,7944.53515625,0.0,0.0
16475.723278325,71.5,110.7,110.7,7944.53515625,0.0,0.08963493591557413
16476.726049908,73.2,108.7,108.7,7944.53515625,0.0,0.0
16477.729137332,66.0,111.7,111.7,7944.53515625,0.0,0.0
16478.731445222,72.0,108.6,108.6,7944.53515625,0.0,0.0
16479.736086016,66.7,106.6,106.6,7968.453125,0.0,0.0
16480.739547641,68.2,111.2,111.2,7944.53515625,0.0,0.07785549347756775
16481.752574707,69.9,113.9,113.9,7945.6640625,0.0,0.011568052220223137
16482.76026122,65.7,107.3,107.3,7973.296875,0.0,0.0
16483.762534937,67.2,109.7,109.7,7935.515625,0.0,0.0
16484.764897927,71.2,110.7,110.7,7935.515625,0.0,0.0
16485.77006694,61.8,105.4,105.4,7944.58984375,0.0,0.1010402217802444
16486.77757223,71.5,111.1,111.1,7976.125,0.0,0.011631452575309844
16487.781861344,69.9,110.7,110.7,7973.82421875,0.0,0.0
16488.784126555,68.6,110.7,110.7,7950.9765625,0.0,0.0
16489.787061551,51.0,99.7,99.7,7950.9765625,0.0,0.0
16490.789396793,54.6,90.7,90.7,7926.79296875,0.0,0.0
16491.793615726,84.6,122.0,122.0,7828.29296875,0.0,0.08946629768417473
16492.802968563,85.7,126.7,126.7,7830.0234375,0.0,0.0
16493.818437086,89.1,133.2,133.2,7830.1171875,0.0,0.0
16494.837683726,91.9,126.4,126.4,7973.33984375,0.0,0.0
16495.84907529,77.7,132.1,132.1,7928.4296875,0.0,0.05407154058487606
16496.86763521,77.5,125.5,125.5,7975.3984375,0.0,0.0
16497.872654202,81.3,126.8,126.8,7906.51171875,0.0,0.0
16498.885787491,86.7,128.0,128.0,7943.41796875,0.0,0.0
16499.893041379,84.1,128.1,128.1,7946.0390625,0.0,0.0
16500.895902135,72.8,124.5,124.5,7903.2890625,0.0,0.07790214098292823
16501.900746492,73.4,117.9,117.9,7921.34765625,0.0,0.0
16502.913459141,70.0,120.1,120.1,7907.6875,0.0,0.0
16503.9171806,58.8,110.5,110.5,7910.578125,0.0,0.0
16504.920940473,84.0,81.4,81.4,7921.76953125,0.0,0.09729045026311563
16505.929045009,64.2,107.2,107.2,7910.578125,0.0,0.0
16506.938730514,72.7,112.7,112.7,7910.578125,0.0,0.3327149873267872
16507.950749265,66.2,106.3,106.3,7910.578125,0.0,0.0
16508.952994994,70.9,108.7,108.7,7910.578125,0.0,0.0
16509.956059006,70.7,110.7,110.7,7910.578125,0.0,0.007788635527292404
16510.958545974,70.1,108.7,108.7,7910.578125,0.00779311876300138,0.11300022206352
16511.961057146,69.8,110.7,110.7,7910.578125,0.0,0.054550514276031185
16512.963902229,71.5,109.6,109.6,7910.578125,0.0,0.01168550377187738
16513.97006979,66.7,105.1,105.1,7913.24609375,0.0,0.0
16514.979613022,63.5,111.3,111.3,7910.578125,0.0,0.0
16515.981965976,68.7,108.2,108.2,7910.578125,0.0,0.007794160698398293
16516.994045165,62.5,107.2,107.2,7931.05078125,0.0,0.1157888644225035
16517.99632844,72.3,108.5,108.5,7930.7265625,0.0,0.0
16519.003219137,66.4,110.5,110.5,7910.578125,0.0,0.0
16520.005537533,70.6,109.7,109.7,7910.578125,0.0,0.0
16521.007841669,70.8,108.7,108.7,7910.578125,0.0,0.0
16522.010177271,70.3,110.7,110.7,7910.578125,0.0,0.08963439971682244
16523.013334909,70.8,108.6,108.6,7932.4140625,0.0,0.0
16524.026055853,62.4,104.7,104.7,7932.9921875,0.0,0.0
16525.030046759,69.7,110.6,110.6,7910.578125,0.0,0.0
16526.032894376,68.7,108.4,108.4,7910.578125,0.0,0.015580632326501464
16527.039044169,71.3,109.6,109.6,7910.578125,0.0,0.06988273564152553
16528.041747716,71.9,108.7,108.7,7910.578125,0.0,0.0
16529.043997246,69.7,110.7,110.7,7910.578125,0.0,0.0
16530.046493854,70.8,111.6,111.6,7910.578125,0.0,0.0
16531.051189541,64.8,104.5,104.5,7924.3203125,0.0,0.0
16532.055797467,70.2,111.1,111.1,7910.578125,0.0,0.0
16533.066467807,65.4,109.3,109.3,7910.578125,0.0,0.08116518982853649
16534.069317396,70.4,110.7,110.7,7910.578125,0.0,0.0
16535.071752237,70.5,111.6,111.6,7910.578125,0.0,0.0
16536.077060799,66.2,105.3,105.3,7910.578125,0.0,0.0
16537.082856632,67.3,110.6,110.6,7910.578125,0.0,0.0
16538.085224808,69.8,111.5,111.5,7910.578125,0.0,0.05455829635200905
16539.092091939,68.8,104.4,104.4,7934.765625,0.0,0.007759216444219913
16540.094881774,67.8,110.4,110.4,7910.578125,0.0,0.0
16541.101930208,69.3,111.5,111.5,7910.578125,0.0,0.034910187845065874
16542.104722976,71.9,109.5,109.5,7911.8359375,0.0,0.0
16543.109345886,67.4,105.4,105.4,7911.8359375,0.0,0.08165377196100153
16544.115763932,65.2,110.6,110.6,7933.40625,0.0,0.007762678770571493
16545.118186009,69.9,110.7,110.7,7911.8359375,0.0,0.0
16546.121747498,76.4,113.5,113.5,7911.8359375,0.0,0.007784774610853815
16547.128802845,68.7,112.1,112.1,7911.8359375,0.0,0.0
16548.135057882,66.0,105.1,105.1,7932.46484375,0.0,0.0
16549.144366045,71.4,109.5,109.5,7911.8359375,0.0,0.054183154367282084
16550.147157978,70.9,109.5,109.5,7911.8359375,0.0,0.0
16551.152779356,69.2,110.5,110.5,7911.8359375,0.0,0.0
16552.156974452,61.8,105.7,105.7,7911.8359375,0.0,0.0
16553.159225263,69.9,112.7,112.7,7911.8359375,0.0,0.0
16554.162321851,68.2,109.2,109.2,7911.8359375,0.0,0.07788382587941828
16555.175048607,65.4,107.1,107.1,7911.8359375,0.0,0.0
16556.177471183,68.6,112.7,112.7,7911.8359375,0.0,0.0
16557.180601628,66.2,109.5,109.5,7911.8359375,0.0,0.10903367607406231
16558.184385643,68.7,105.7,105.7,7911.8359375,0.0,0.0
16559.186982634,68.6,110.7,110.7,7911.8359375,0.0,0.07792263561644691
16560.19010178,70.9,109.1,109.1,7911.8359375,0.0,0.0
16561.202499614,66.8,107.2,107.2,7945.12890625,0.0,0.0
16562.207279653,66.8,110.5,110.5,7920.30859375,0.0,0.0
16563.210403405,68.2,112.4,112.4,7911.8359375,0.0,0.0
16564.216111772,61.2,104.6,104.6,7911.8359375,0.0,0.07768156511718469
16565.218529275,68.9,110.7,110.7,7911.8359375,0.0,0.0
16566.22197026,70.4,111.5,111.5,7911.8359375,0.0,0.0
16567.227137845,68.4,107.4,107.4,7911.8359375,0.0,0.0
16568.232052498,67.8,108.3,108.3,7911.8359375,0.0,0.0
16569.240420608,73.4,107.2,107.2,7911.8359375,0.20143933349886478,0.0
16570.248058781,69.5,115.9,115.9,7911.8359375,0.0,0.07753279112822253
16571.254594682,65.3,104.7,104.7,7947.68359375,0.0,0.0
16572.258349316,68.9,111.6,111.6,7911.8359375,0.0,0.0
16573.261259341,69.2,107.9,107.9,7912.4765625,0.0,0.0
16574.275815198,70.1,108.6,108.6,7896.86328125,0.0,0.0
16575.287643955,65.7,108.9,108.9,7896.86328125,0.0,0.06949051360103797
16576.293527611,66.5,110.7,110.7,7896.86328125,0.0,0.027183809814230096
16577.295931495,69.8,110.6,110.6,7896.86328125,0.0,0.0
16578.300353647,65.5,108.8,108.8,7896.86328125,0.0,0.0
16579.314143719,67.8,107.3,107.3,7896.86328125,0.0,0.0
16580.317568385,69.9,107.7,107.7,7896.86328125,0.0,0.0
16581.321045091,70.0,111.6,111.6,7896.86328125,0.0,0.12845963362072443
16582.323692783,67.9,110.6,110.6,7901.953125,0.0,0.0
16583.328051123,64.2,106.6,106.6,7901.953125,0.0,0.0
16584.330813939,68.8,109.7,109.7,7901.953125,0.0,0.0
16585.333305841,68.2,110.7,110.7,7902.0078125,0.0,0.0
16586.336394667,70.3,111.6,111.6,7902.0078125,0.0,0.07788442855203502
16587.339518361,72.0,108.5,108.5,7907.65625,0.0,0.0
16588.346469617,72.2,111.4,111.4,7905.796875,0.0,0.0
16589.349500401,72.9,107.7,107.7,7905.796875,0.0,0.0
16590.352268412,64.9,105.7,105.7,7905.796875,0.0,0.0
16591.355040198,66.8,111.7,111.7,7920.515625,0.0,0.0
16592.361018874,68.3,109.3,109.3,7905.796875,0.0,0.08154372647959816
16593.364077742,78.6,110.6,110.6,7905.796875,0.0,0.0
16594.369023547,69.5,111.3,111.3,7905.796875,0.0,0.0
16595.37580534,68.7,105.1,105.1,7905.796875,0.0,0.0
16596.384252695,64.8,110.2,110.2,7905.796875,0.0,0.0
16597.392965583,66.3,111.4,111.4,7905.796875,0.0,0.05421512964745211
16598.396042313,73.0,108.7,108.7,7905.796875,0.0,0.0
16599.39904992,58.8,103.7,103.7,7905.796875,0.0,0.0
16600.402037948,50.9,100.7,100.7,7905.796875,0.0,0.0
16601.404644098,71.2,105.2,105.2,7860.3046875,0.0,0.0
16602.417314087,81.1,134.3,134.3,7867.359375,0.0,0.07714754149765776
16603.429550048,82.4,131.7,131.7,7863.1875,0.0,0.0
16604.437879989,79.0,125.1,125.1,7935.61328125,0.0,0.0
16605.441743909,79.5,126.0,126.0,7919.83984375,0.0,0.0
16606.452859713,75.8,125.8,125.8,7929.1875,0.0,0.01158991873494616
16607.462570118,80.1,125.1,125.1,7943.19140625,0.0,0.10058577142224473
16608.469357491,85.9,128.9,128.9,7922.63671875,0.0,0.0
16609.481084118,84.7,130.1,130.1,7978.17578125,0.0,0.0
16610.4933154,83.6,134.2,134.2,7932.265625,0.0,0.0
16611.496154945,70.5,116.5,116.5,7967.85546875,0.0,0.0
16612.500871649,71.6,120.0,120.0,7921.85546875,0.0,0.13607691546859785
16613.51103626,69.0,120.3,120.3,7937.5078125,0.0,0.0
16614.513708121,58.7,93.7,93.7,7989.46484375,0.0,3.498465087564089
16615.519545046,82.2,88.5,88.5,7935.125,0.0,0.0
16616.5226421,69.8,110.5,110.5,7935.125,0.0,0.0
16617.527549353,70.4,109.6,109.6,7935.125,0.0,3.8288670307833383
16618.531049175,74.2,108.6,108.6,7935.125,0.0,0.0
16619.536051898,67.1,103.5,103.5,7938.12890625,0.0,0.0
16620.539201395,64.2,109.6,109.6,7938.12890625,0.0,0.0
16621.543631959,70.2,111.5,111.5,7938.12890625,0.0,0.0
16622.54809944,65.7,105.5,105.5,7945.12109375,0.0,0.06999977732494735
16623.553044196,66.3,110.6,110.6,7946.49609375,0.0,0.14770712431062283
16624.555270365,69.2,110.7,110.7,7939.671875,0.0,0.0
16625.557814201,67.7,109.7,109.7,7938.12890625,0.0,0.0
16626.560395046,69.0,111.5,111.5,7938.12890625,0.0,0.0
16627.566594937,69.9,110.5,110.5,7938.12890625,0.0,0.0
16628.570956711,73.1,109.4,109.4,7938.12890625,0.0,0.05445000139972994
16629.57706608,66.5,105.5,105.5,7972.08984375,0.0,0.0
16630.579171376,71.4,111.2,111.2,7938.12890625,0.0,0.0
16631.591025038,71.5,113.9,113.9,7938.12890625,0.0,0.0
16632.599046486,64.5,104.4,104.4,7947.96875,0.0,0.0
16633.608544102,69.7,110.7,110.7,7938.12890625,0.0,0.0
16634.6196542,66.5,111.0,111.0,7950.5234375,0.0,0.0772665609359302
16635.627346007,69.4,110.2,110.2,7939.01171875,0.0,0.0
16636.630091917,67.2,110.7,110.7,7938.12890625,0.0,0.0
16637.632436382,68.8,107.8,107.8,7938.12890625,0.0,0.06235381366626639
16638.634647114,75.1,106.8,106.8,7938.12890625,0.0,0.0
16639.63706253,72.4,108.6,108.6,7938.12890625,0.0,0.1246988005218025
16640.643065538,62.7,105.5,105.5,7961.61328125,0.0,0.0
16641.649308208,65.3,110.4,110.4,7938.12890625,0.0,0.0
16642.651700223,69.9,111.6,111.6,7938.12890625,0.0,0.0
16643.656387007,71.2,108.9,108.9,7945.0234375,0.0,0.0
16644.667069995,69.8,106.5,106.5,7945.02734375,0.0,0.011594882014549642
16645.670121758,65.7,109.7,109.7,7945.02734375,0.0,0.06620421044011757
16646.672805903,65.2,114.7,114.7,7926.1953125,0.48307834766943364,0.0
16647.674744377,70.6,107.9,107.9,7929.17578125,0.0,0.0
16648.688900297,72.2,109.6,109.6,7929.17578125,0.0,0.0
16649.702326636,64.2,111.2,111.2,7929.17578125,0.0,0.0
16650.704817624,67.1,108.7,108.7,7951.5625,0.0,0.08182741888169198
16651.707319694,70.0,111.7,111.7,7929.17578125,0.0,0.0
16652.710074854,71.0,108.3,108.3,7940.52734375,0.0,0.0
16653.718787894,68.8,111.3,111.3,7940.52734375,0.0,0.0
16654.723141182,64.6,105.6,105.6,7940.52734375,0.0,0.0
16655.726592589,67.1,110.7,110.7,7940.52734375,0.0,0.05449940038803899
16656.729182307,72.8,111.7,111.7,7957.34375,0.0,0.0
16657.732318856,69.0,110.7,110.7,7940.52734375,0.0,0.0
16658.735043487,71.4,108.7,108.7,7940.52734375,0.0,0.0
16659.737986084,62.5,105.7,105.7,7940.52734375,0.0,0.0
16660.74043038,70.9,108.7,108.7,7940.52734375,0.0,0.07793450500128575
16661.743332318,63.2,105.7,105.7,7986.703125,0.0,0.0
16662.745678797,67.7,110.7,110.7,7940.52734375,0.0,0.0
16663.748094216,71.4,110.7,110.7,7940.52734375,0.0,0.0
16664.750129904,67.5,104.0,104.0,7940.52734375,0.0,0.0
16665.768342092,64.4,110.8,110.8,7940.52734375,0.0,0.05370933548485544
16666.771695893,70.8,109.7,109.7,7940.52734375,0.0,0.0
16667.773842181,66.2,104.7,104.7,7954.77734375,0.0,0.0
16668.777573479,65.2,109.7,109.7,7940.52734375,0.0,0.011675186400310443
16669.782991756,72.0,109.4,109.4,7941.90234375,0.0,0.0
16670.79704074,66.3,109.6,109.6,7940.52734375,0.0,0.12326820693335801
16671.814060152,68.7,107.9,107.9,7940.52734375,0.0,0.04609056567348613
16672.817053536,65.7,111.7,111.7,7940.52734375,0.0,0.0
16673.819664824,69.7,109.7,109.7,7940.52734375,0.0,0.0
16674.823919472,69.7,111.5,111.5,7940.52734375,0.0,0.0
16675.829227755,65.4,111.1,111.1,7940.52734375,0.0,0.011656872024421066
16676.838385199,64.1,105.4,105.4,7940.52734375,0.0,0.065803656698709
16677.841065295,70.9,110.7,110.7,7940.52734375,0.0,0.10908264803129786
16678.843795569,75.4,105.7,105.7,7964.64453125,0.0,0.0
16679.846621569,68.8,110.7,110.7,7940.52734375,0.0,0.0
16680.848848578,70.6,111.5,111.5,7940.52734375,0.0,0.0
16681.854486663,67.2,107.0,107.0,7940.52734375,0.0,0.0776869941237281
16682.863317404,67.2,107.6,107.6,7940.52734375,0.0,0.0
16683.865678545,68.8,110.6,110.6,7940.52734375,0.0,0.0
16684.870219631,68.3,106.6,106.6,7940.52734375,0.0,0.0
16685.87242903,64.8,109.7,109.7,7940.52734375,0.0,0.0
16686.875032818,70.8,110.6,110.6,7940.52734375,0.0,0.054545475146471616
16687.880040639,63.8,107.6,107.6,7940.52734375,0.0,0.0
16688.882441664,67.5,109.7,109.7,7940.52734375,0.0,0.0
16689.886479289,68.3,104.2,104.2,7940.52734375,0.0,0.0
16690.896040548,66.4,110.8,110.8,7980.625,0.0,0.0
16691.907819038,73.0,114.7,114.7,7926.1953125,0.0,0.0
16692.915031688,67.8,105.7,105.7,7933.05078125,0.0,0.07756554685831682
16693.917365455,68.7,109.7,109.7,7933.05078125,0.0,0.0
16694.91963408,68.8,108.6,108.6,7933.05078125,0.0,0.0
16695.924159855,63.1,105.2,105.2,7933.32421875,0.0,0.0
16696.930854921,67.8,110.7,110.7,7933.05078125,0.0,0.0
16697.934060057,70.0,110.6,110.6,7933.05078125,0.0,0.054512779129182926
16698.937078775,70.3,110.7,110.7,7933.05078125,0.0,0.0
16699.93941561,62.8,105.8,105.8,7933.05078125,0.0,0.011691429059402616
16700.941709464,72.3,112.6,112.6,7935.09375,0.0,0.0
16701.947518745,69.7,113.3,113.3,7935.09375,0.0,0.0
16702.952685767,72.7,108.0,108.0,7935.09375,0.0,0.0
16703.966035941,61.1,106.2,106.2,7935.09375,0.0,0.1387723647834756
16704.969213394,69.4,109.6,109.6,7935.09375,0.0,0.0
16705.973060445,68.5,112.4,112.4,7956.984375,0.0,0.0
16706.978274174,77.1,106.3,106.3,7956.984375,0.0,0.05440385305379846
16707.991363378,62.1,108.1,108.1,7956.984375,0.0,0.0
16708.994541925,75.6,109.6,109.6,7956.984375,0.0,0.08177133596552451
16709.998129589,67.3,107.6,107.6,7956.984375,0.0,0.0
16711.001065366,50.9,99.7,99.7,7956.984375,0.0,0.0
16712.003339647,55.0,88.8,88.8,7920.375,0.0,0.10912681495818284
16713.006972366,84.4,124.8,124.8,7841.0234375,0.0,0.0
16714.018633027,78.7,131.9,131.9,7847.0703125,0.0,0.08880818782780082
16715.02819312,79.0,128.4,128.4,7847.234375,0.0,0.0
16716.039707645,83.5,127.9,127.9,7979.8828125,0.0,0.0
16717.046116684,75.3,122.8,122.8,7941.96484375,0.0,0.0
16718.058759828,74.8,122.4,122.4,7946.23828125,0.0,0.0
16719.071732286,77.7,116.7,116.7,7962.546875,0.0,0.07712450559044566
16720.081453664,84.1,129.2,129.2,8002.9765625,0.0,0.0
16721.086060133,82.2,127.0,127.0,7946.68359375,0.0,0.0
16722.098064708,84.7,136.0,136.0,7967.21875,0.0,0.0
16723.099882237,68.4,116.8,116.8,7925.046875,0.0,0.0
16724.102098994,72.7,117.2,117.2,7950.87890625,0.0,0.08574741880892482
16725.110100688,69.8,123.5,123.5,7956.41796875,0.0,0.0
16726.114050273,57.4,97.5,97.5,7992.015625,0.0,3.494012600245498
16727.118930598,84.2,89.8,89.8,7988.89453125,0.0,0.06997101868827271
16728.122046948,69.5,111.6,111.6,7925.62890625,0.0,0.0
16729.127372293,74.6,108.6,108.6,7936.11328125,0.0,3.803961343484192
16730.14174846,68.1,112.2,112.2,7936.08203125,0.0,0.0
16731.145929927,67.1,109.6,109.6,7936.08203125,0.0,0.011669952478814676
16732.148967104,66.9,106.7,106.7,7936.27734375,0.0,0.007788843902436652
16733.151422316,71.7,108.8,108.8,7936.27734375,0.015586731270325258,0.10910711889227681
16734.153275385,68.9,111.5,111.5,7936.27734375,0.0,0.10137464578655961
16735.159064796,62.9,105.6,105.6,7964.48046875,0.0,0.13981555031509504
16736.16185534,68.0,112.5,112.5,7936.27734375,0.0,0.0
16737.167063914,71.2,107.2,107.2,7936.27734375,0.0,0.0
16738.176681286,67.0,105.3,105.3,7936.27734375,0.0,0.007738080006006949
16739.182323648,69.5,109.4,109.4,7936.27734375,0.0,0.0
16740.185665297,69.7,111.7,111.7,7936.27734375,0.0,0.15962284647519928
16741.188417449,71.4,108.7,108.7,7936.27734375,0.0,0.0
16742.191350142,69.8,109.7,109.7,7936.27734375,0.0,0.0
16743.194563844,70.6,111.7,111.7,7936.27734375,0.0,0.0
16744.197515297,68.4,107.6,107.6,7936.27734375,0.0,0.0
16745.220913587,66.9,107.3,107.3,7936.27734375,0.0,0.05343716179167374
16746.229072789,66.7,108.4,108.4,7936.27734375,0.0,0.0
16747.23505667,71.1,115.8,115.8,7936.27734375,0.0,0.0
16748.244621129,65.9,105.4,105.4,7948.16015625,0.0,0.0
16749.25074971,72.0,106.4,106.4,7955.51953125,0.0,0.0038824560535940206
16750.253055927,69.2,112.6,112.6,7936.27734375,0.0,0.0
16751.261314334,69.4,107.2,107.2,7936.27734375,0.0,0.0774850965366065
16752.278071198,70.6,108.1,108.1,7956.78125,0.0,0.0
16753.281354273,63.6,111.6,111.6,7936.27734375,0.0,0.0
16754.284741344,72.6,109.6,109.6,7936.27734375,0.0,0.0
16755.289162241,67.8,111.6,111.6,7936.27734375,0.0,0.0
16756.291542545,66.6,105.7,105.7,7936.27734375,0.0,0.054557636240110105
16757.294751074,70.8,111.7,111.7,7936.27734375,0.0,0.0
16758.298044422,63.0,105.7,105.7,7944.0625,0.0,0.0
16759.300421093,70.7,103.8,103.8,7936.27734375,0.0,0.0
16760.302741308,68.3,106.9,106.9,7944.93359375,0.0,0.0
16761.319280749,65.6,109.0,109.0,7985.05859375,0.0,0.011528081968444107
16762.321852428,69.1,112.7,112.7,7925.62890625,0.0,0.14026428528352103
16763.324723807,66.9,108.0,108.0,7925.62890625,0.0,0.0
16764.338272064,67.8,111.1,111.1,7970.5078125,0.0,0.0
16765.343731658,73.0,108.4,108.4,7996.88671875,0.0,0.0
16766.348245858,67.2,112.6,112.6,7925.62890625,0.0,0.003888695650089668
16767.350579397,64.9,109.7,109.7,7925.62890625,0.0,0.0818402725323027
16768.353888971,68.2,106.3,106.3,7925.62890625,0.0,0.0
16769.365250275,72.9,111.4,111.4,7925.62890625,0.0,0.0
16770.378619365,70.8,109.5,109.5,7937.91015625,0.0,0.026983011688263253
16771.39573747,66.8,113.8,113.8,7937.91015625,0.0,0.0
16772.398180037,63.5,106.7,106.7,7937.91015625,0.0,0.07793463942174196
16773.401133204,68.8,110.2,110.2,7938.3984375,0.0,0.0
16774.409973492,66.5,105.5,105.5,7967.53125,0.0,0.0
16775.414431043,71.0,110.4,110.4,7963.58203125,0.0,0.0
16776.419172156,62.9,110.6,110.6,7937.91015625,0.0,0.0
16777.421537086,68.7,110.7,110.7,7937.91015625,0.0,0.05455847303027114
16778.426087728,69.6,102.8,102.8,7937.91015625,0.0,0.0
16779.442050107,67.6,110.1,110.1,7937.91015625,0.0,0.0
16780.447756219,71.5,112.4,112.4,7937.91015625,0.0,0.0
16781.449964949,65.7,105.7,105.7,7937.91015625,0.0,0.0
16782.452944373,68.9,111.5,111.5,7937.91015625,0.0,0.07789292395294971
16783.458052703,66.4,105.1,105.1,7937.91015625,0.0,0.0
16784.470640738,65.1,110.2,110.2,7937.91015625,0.0,0.0
16785.473510512,70.6,109.7,109.7,7937.91015625,0.0,0.0
16786.475989032,71.7,108.7,108.7,7970.5234375,0.0,0.0
16787.478751328,69.4,110.7,110.7,7937.91015625,0.0,0.05453685306888345
16788.482633863,70.1,101.5,101.5,7982.6015625,0.0,0.0
16789.489362137,73.1,111.8,111.8,7941.171875,0.0,0.0
16790.500391539,67.4,112.4,112.4,7941.171875,0.0,0.0
16791.503037228,65.8,110.7,110.7,7941.171875,0.0,0.0
16792.505949398,71.0,107.6,107.6,7941.171875,0.0,0.0856879620875302
16793.510574917,66.7,106.6,106.6,7986.76953125,0.0,0.0
16794.51658037,65.4,110.4,110.4,7941.171875,0.0,0.0
16795.518905611,69.6,109.7,109.7,7941.171875,0.0,0.0
16796.52186504,63.9,106.7,106.7,7941.171875,0.0,0.0
16797.524568071,64.8,110.7,110.7,7941.171875,0.0,0.21426458618110455
16798.526881549,72.9,104.4,104.4,7941.171875,0.0,0.0
16799.53550052,66.8,108.4,108.4,7941.171875,0.0,0.0
16800.545346692,70.7,109.4,109.4,7941.171875,0.0,0.0
16801.558032636,63.3,110.2,110.2,7941.171875,0.0,0.0
16802.56030404,70.4,112.7,112.7,7941.171875,0.0,0.07794794871758869
16803.563495395,70.2,111.5,111.5,7941.171875,0.0,0.054513527979857375
16804.569110095,68.8,109.5,109.5,7941.2578125,0.0,0.0
16805.586036131,69.8,111.2,111.2,7941.171875,0.0,0.0
16806.589185915,67.2,105.7,105.7,7967.66796875,0.0,0.0
16807.591466807,68.4,109.7,109.7,7941.171875,0.0,0.06625512920581748
16808.594346713,71.8,106.0,106.0,7941.171875,0.0,0.0
16809.607795067,66.0,110.2,110.2,7941.171875,0.0,0.0
16810.627792579,66.0,108.8,108.8,7941.171875,0.0,0.0
16811.630347604,71.6,110.7,110.7,7941.171875,0.0,0.0
16812.633381233,72.1,111.6,111.6,7941.171875,0.0,0.07788871453679842
16813.638148942,66.9,108.0,108.0,7941.99609375,0.0,0.0
16814.646670687,64.3,107.7,107.7,7941.171875,0.0,0.0
16815.648961792,67.2,108.6,108.6,7941.171875,0.0,0.0
16816.65362457,68.8,108.1,108.1,7941.171875,0.0,0.0
16817.670038455,68.8,110.4,110.4,7942.08984375,0.0,0.05380436139960963
16818.676640496,74.7,108.3,108.3,7941.171875,0.0,0.0
16819.686067921,64.3,110.3,110.3,7941.171875,0.0,0.0
16820.68846499,68.2,109.7,109.7,7941.171875,0.0,0.0
16821.692076995,66.2,110.6,110.6,7941.171875,0.0,0.0
16822.696044933,50.9,100.6,100.6,7941.171875,0.0,0.06225298401917022
16823.699039643,63.8,90.1,90.1,7851.6328125,0.0,0.015578347367338796
16824.710923798,87.8,126.5,126.5,7828.49609375,0.0,0.0
16825.724783112,85.3,127.8,127.8,7831.69921875,0.0,0.0
16826.732706887,80.9,134.2,134.2,7831.69921875,0.0,0.019377705422224722
16827.743176134,88.7,119.2,119.2,7925.58984375,0.0,0.08118134247374438
16828.750772468,77.8,121.4,121.4,7932.0546875,0.0,0.0
16829.754971516,76.1,119.5,119.5,7935.65625,0.0,0.0
16830.762378049,80.4,124.9,124.9,7977.44140625,0.0,0.0
16831.766955491,85.8,134.5,134.5,7934.265625,0.0,0.0
16832.785060885,83.7,127.8,127.8,7992.46875,0.0,0.011510350567895013
16833.791549674,73.6,119.8,119.8,7920.14453125,0.0,0.07374026497972137
16834.800858065,70.1,115.0,115.0,8018.59765625,0.0,0.0
16835.806985707,71.6,121.0,121.0,7950.02734375,0.0,0.0
16836.818518422,65.1,117.2,117.2,7948.63671875,0.0,0.0
16837.820981373,68.5,72.4,72.4,7955.30078125,0.0,0.02727656914672224
16838.831378816,79.7,116.4,116.4,7948.63671875,0.0,0.18170448794337427
16839.835891807,66.8,105.9,105.9,7948.63671875,0.0,0.0
16840.849668761,70.6,112.3,112.3,7948.63671875,0.0,0.0
16841.876857493,71.6,111.8,111.8,7950.375,0.0,0.0
16842.889705696,68.3,104.7,104.7,7948.63671875,0.0,0.1234143474111832
16843.89199677,67.4,111.7,111.7,7948.63671875,0.0,0.0
16844.895036008,67.0,112.6,112.6,7948.63671875,0.0,0.0
16845.897808118,61.5,105.7,105.7,7948.63671875,0.0,0.0
16846.900071654,70.2,109.7,109.7,7948.63671875,0.0,0.0
16847.902756404,70.4,109.7,109.7,7951.80078125,0.0,0.0
16848.906049341,72.8,109.7,109.7,7948.63671875,0.0,0.05450800856186158
16849.908969402,70.2,107.4,107.4,7948.63671875,0.0,0.0
16850.918632337,70.2,112.1,112.1,7948.63671875,0.0,0.0
16851.922863617,62.8,106.6,106.6,7948.63671875,0.0,0.0
16852.925329332,70.9,110.7,110.7,7948.63671875,0.0,0.0
16853.928039698,69.0,111.5,111.5,7948.63671875,0.0,0.07791382501777933
16854.932735211,63.5,105.6,105.6,7948.63671875,0.0,0.0
16855.935425646,69.8,109.7,109.7,7948.63671875,0.0,0.0
16856.937748112,69.9,109.0,109.0,7948.63671875,0.0,0.0
16857.95094987,69.1,107.2,107.2,7948.63671875,0.0,0.10794987191485739
16858.966055484,71.1,108.5,108.5,7948.63671875,0.0,0.06156994812942782
16859.968413976,67.8,110.7,110.7,7948.63671875,0.0,0.0
16860.971682199,67.9,107.1,107.1,7948.63671875,0.0,0.0
16861.983045645,67.3,109.2,109.2,7949.4921875,0.0,0.0
16862.987670358,65.4,110.6,110.6,7948.63671875,0.0,0.0
16863.990237749,72.2,112.6,112.6,7948.63671875,0.0,0.1558498724403648
16864.995069214,66.4,105.5,105.5,7964.4375,0.0,0.0
16865.999485146,68.8,109.7,109.7,7948.63671875,0.0,0.0
16867.002047818,66.7,112.7,112.7,7948.63671875,0.0,0.0
16868.004884,72.3,111.7,111.7,7948.63671875,0.0,0.0
16869.007900914,71.5,106.9,106.9,7948.63671875,0.0,0.019472503132736935
16870.022629178,63.4,110.1,110.1,7948.63671875,0.0,0.09623881926258579
16871.025757588,68.4,111.6,111.6,7948.63671875,0.0,0.0
16872.028973518,69.6,111.7,111.7,7948.63671875,0.0,0.0
16873.031925632,69.4,110.6,110.6,7948.63671875,0.0,0.0
16874.038081055,63.3,105.5,105.5,7964.20703125,0.0,0.04658822973906622
16875.040807256,67.9,109.7,109.7,7948.63671875,0.0,0.05453881622482554
16876.043871784,71.0,108.7,108.7,7948.63671875,0.0,0.0
16877.04680128,69.5,109.4,109.4,7948.63671875,0.0,0.0
16878.05359036,61.6,105.6,105.6,7948.63671875,0.0,0.0
16879.056043221,71.5,106.7,106.7,7948.63671875,0.0,0.0
16880.059370176,70.5,110.6,110.6,7948.63671875,0.0,0.07786594350988087
16881.062501831,68.3,108.7,108.7,7948.63671875,0.0,0.0
16882.065087306,67.5,108.7,108.7,7948.63671875,0.0,0.0
16883.068018575,70.3,111.7,111.7,7948.63671875,0.0,0.0
16884.070073763,69.2,111.8,111.8,7948.63671875,0.0,0.0
16885.072529019,70.1,111.5,111.5,7948.63671875,0.0,0.054553557051785155
16886.078549921,70.9,107.9,107.9,7948.63671875,0.0,0.0
16887.091416196,71.9,115.2,115.2,7948.63671875,0.0,0.0
16888.094434098,63.1,105.7,105.7,7955.32421875,0.0,0.0
16889.097472401,72.6,109.7,109.7,7948.63671875,0.0,0.0
16890.101065117,63.5,106.1,106.1,7948.63671875,0.0,0.0817375900525133
16891.113458485,67.2,109.1,109.1,7977.703125,0.0,0.0
16892.116864806,68.7,110.7,110.7,7948.63671875,0.0,0.10900369841296251
16893.119633198,70.9,109.7,109.7,7948.63671875,0.0,0.0
16894.121375064,71.2,110.7,110.7,7948.63671875,0.0,0.007798915334520836
16895.125445524,67.2,108.7,108.7,7948.63671875,0.0,0.062246627592273236
16896.145792719,63.1,107.7,107.7,7948.63671875,0.0,0.0
16897.148473091,69.4,108.7,108.7,7948.63671875,0.0,0.0
16898.152032457,70.0,107.0,107.0,7948.63671875,0.0,0.0
16899.1640784,66.1,108.3,108.3,7948.63671875,0.0,0.0
16900.171212714,68.6,110.2,110.2,7948.63671875,0.0,0.0
16901.174125805,70.9,112.5,112.5,7948.63671875,0.0,0.07789807581665284
16902.179651953,67.5,111.4,111.4,7948.63671875,0.0,0.0
16903.184035309,67.8,108.0,108.0,7948.63671875,0.0,0.0
16904.196361367,65.7,107.2,107.2,7988.24609375,0.0,0.0
16905.200311266,70.5,111.5,111.5,7983.12109375,0.0,0.035017932702732256
16906.205194474,73.7,116.6,116.6,7948.63671875,0.0,0.054421747288112735
16907.207657766,69.9,110.6,110.6,7948.63671875,0.0,0.0
16908.212040861,68.9,105.5,105.5,7972.13671875,0.0,0.0
16909.218048708,71.7,110.2,110.2,7977.10546875,0.0,0.0
16910.222924023,66.6,108.7,108.7,7948.63671875,0.0,0.0
16911.225198892,70.8,109.7,109.7,7948.63671875,0.0,0.0
16912.228140945,63.8,105.7,105.7,7953.44921875,0.0,0.07789582635033004
16913.231158854,68.1,108.7,108.7,7961.6328125,0.0,0.0
16914.233457853,67.5,109.7,109.7,7948.63671875,0.0,0.0
16915.235848991,69.7,109.7,109.7,7948.63671875,0.0,0.0
16916.238219397,67.1,109.6,109.6,7948.63671875,0.0,0.0
16917.246028811,67.8,106.2,106.2,7974.78125,0.0,0.05813971291198248
16918.249865529,68.3,110.5,110.5,7948.63671875,0.0,0.0
16919.255198129,69.4,110.6,110.6,7948.63671875,0.0,0.0
16920.258241728,69.8,109.7,109.7,7948.63671875,0.0,0.0
16921.261059817,69.3,109.7,109.7,7948.63671875,0.0,0.0
16922.264247667,68.3,110.6,110.6,7948.63671875,0.0,0.0
16923.267953283,67.5,109.6,109.6,7948.63671875,0.0,0.08172839594832496
16924.270493367,67.4,109.7,109.7,7948.63671875,0.0,0.0
16925.273478789,67.0,109.6,109.6,7948.63671875,0.0,0.015578491628349168
16926.279071535,66.0,105.4,105.4,7967.07421875,0.0,0.0
16927.282039682,69.6,109.7,109.7,7960.8671875,0.0,0.0
16928.28509429,66.2,109.7,109.7,7948.63671875,0.0,0.11683062822818825
16929.287159496,71.1,108.7,108.7,7948.63671875,0.0,0.0
16930.290139684,71.4,110.7,110.7,7948.63671875,0.0,0.0
16931.29252948,72.1,110.7,110.7,7948.63671875,0.0,0.0
16932.294957785,56.8,105.7,105.7,7948.63671875,0.0,0.0
16933.298231657,51.1,99.7,99.7,7948.63671875,0.0,0.09733757922481484
16934.300956925,63.2,89.3,89.3,7902.09765625,0.0,0.0
16935.311555119,88.5,131.4,131.4,7827.25390625,0.0,0.0
16936.325334,82.4,131.5,131.5,7836.30078125,0.0,0.042384735769509164
16937.335187775,79.9,134.5,134.5,7831.87890625,0.0,0.0
16938.34808449,86.0,129.5,129.5,7926.48828125,0.0,0.0
16939.358525086,75.8,123.3,123.3,7930.625,0.0,0.0927813078483123
16940.36204104,77.9,122.5,122.5,8007.01171875,0.0,0.0
16941.367445722,84.0,130.7,130.7,7954.23828125,0.0,0.0
16942.37904422,84.4,131.7,131.7,7942.82421875,0.0,0.0
16943.385087585,83.5,127.6,127.6,7922.98828125,0.0,0.0
16944.40114446,70.2,120.9,120.9,7935.52734375,0.0,0.10764653307426719
16945.407238995,71.3,121.0,121.0,7948.15625,0.0,0.0
16946.417952527,69.5,119.0,119.0,7939.3984375,0.0,0.0
16947.422663031,58.3,110.5,110.5,7941.2265625,0.0,0.0
16948.427050716,88.6,80.7,80.7,7941.2265625,0.0,0.10111882245952435
16949.434153037,68.6,110.6,110.6,7941.2265625,0.0,0.26375175040424464
16950.445582697,67.3,109.4,109.4,7941.2265625,0.0,0.0
16951.448840731,71.6,112.7,112.7,7941.2265625,0.0,0.0
16952.450723849,64.4,106.8,106.8,7941.2265625,0.0,0.0
16953.452613199,69.1,110.7,110.7,7941.2265625,0.0077977672883874334,0.0935732074606492
16954.456514228,61.0,106.6,106.6,7941.2265625,0.0,0.15175176197542792
16955.459409883,69.3,110.6,110.6,7941.2265625,0.0,0.0
16956.462731461,68.6,109.7,109.7,7941.2265625,0.0,0.0077866360808824895
16957.465986306,70.1,111.6,111.6,7941.2265625,0.0,0.0
16958.469440865,73.9,106.1,106.1,7941.2265625,0.0,0.007785604171049938
16959.479782444,65.9,108.5,108.5,7941.2265625,0.0,0.1391856011104618
16960.4815736,66.0,110.8,110.8,7941.2265625,0.0,0.0
16961.484176751,69.0,110.7,110.7,7941.2265625,0.0,0.0
16962.486659771,70.2,109.6,109.6,7941.2265625,0.0,0.0
16963.491034234,66.0,105.5,105.5,7961.59375,0.0,0.0
16964.495379057,64.7,110.6,110.6,7941.2265625,0.0,0.08945508349585213
16965.497836801,77.1,110.7,110.7,7941.2265625,0.0,0.0
16966.500325424,71.5,109.7,109.7,7941.2265625,0.0,0.0
16967.502737274,71.7,111.6,111.6,7941.2265625,0.0,0.0
16968.50744369,70.3,104.4,104.4,7956.77734375,0.0,0.0
16969.512075811,64.1,109.8,109.8,7941.2265625,0.0,0.10887069775472148
16970.514484879,69.2,112.6,112.6,7941.2265625,0.0,0.0
16971.519041746,63.6,103.6,103.6,7970.14453125,0.0,0.0
16972.522069803,74.4,109.7,109.7,7941.2265625,0.0,0.0
16973.525052029,67.1,110.5,110.5,7941.2265625,0.0,0.0
16974.531192423,70.5,111.5,111.5,7941.2265625,0.0,0.054353746580526774
16975.534144624,69.8,109.7,109.7,7941.23046875,0.0,0.0
16976.536670261,63.6,105.5,105.5,7941.23046875,0.0,0.0
16977.542037983,70.2,107.7,107.7,7969.046875,0.0,0.10879103994166738
16978.545653583,72.9,106.6,106.6,7941.23046875,0.0,0.0
16979.547981029,67.1,109.8,109.8,7941.23046875,0.0,0.007794359050206181
16980.550322519,70.0,109.8,109.8,7941.23046875,0.0,0.07794249841946946
16981.552208001,71.7,108.8,108.8,7941.23046875,0.0,0.0
16982.562777647,77.3,111.2,111.2,7941.23046875,0.0,0.0038653941521698
16983.581948147,66.2,109.2,109.2,7941.23046875,0.0,0.0
16984.588488467,63.5,106.6,106.6,7941.23046875,0.0,0.0
16985.591751468,69.3,109.6,109.6,7941.23046875,0.0,0.05840318036411888
16986.596420843,68.2,104.9,104.9,7941.23046875,0.0,0.0
16987.609458344,65.9,109.4,109.4,7969.8203125,0.0,0.003855977687058263
16988.614699886,74.2,108.4,108.4,7947.20703125,0.0,0.0
16989.617014982,69.2,112.7,112.7,7930.44140625,0.0,0.0
16990.625020215,64.8,110.0,110.0,7931.0703125,0.0,0.0
16991.631039681,70.0,109.3,109.3,7931.0703125,0.0,0.08154042021290289
16992.63556184,66.6,106.7,106.7,7931.0703125,0.0,0.007777329678591989
16993.638666815,72.0,112.6,112.6,7942.73828125,0.0,0.0
16994.642441417,70.8,110.6,110.6,7942.73828125,0.0,0.0
16995.645326815,68.6,103.7,103.7,7973.421875,0.0,0.0
16996.648433407,61.5,111.5,111.5,7942.73828125,0.0,0.09735381142813768
16997.652917136,69.0,108.7,108.7,7955.30859375,0.0,0.0
16998.655267842,70.6,108.7,108.7,7942.73828125,0.0,0.0
16999.657979432,72.3,110.7,110.7,7942.73828125,0.0,0.0
17000.661174276,69.2,109.7,109.7,7942.73828125,0.0,0.0
17001.662988642,69.6,108.1,108.1,7942.73828125,0.0,0.09358021124627525
17002.675880927,67.9,114.2,114.2,7942.73828125,0.0,0.0
17003.679038728,66.7,105.7,105.7,7972.03125,0.0,0.0
17004.681296458,69.8,110.7,110.7,7942.73828125,0.0,0.0
17005.683668141,65.5,106.7,106.7,7942.73828125,0.0,0.0
17006.689871635,66.5,108.4,108.4,7942.73828125,0.0,0.0
17007.692479187,72.9,109.7,109.7,7942.73828125,0.0,0.07012963333434172
17008.698183517,72.8,109.4,109.4,7942.73828125,0.0,0.0
17009.700462853,70.4,108.4,108.4,7942.73828125,0.0,0.0
17010.707626245,69.6,109.7,109.7,7942.73828125,0.0,0.019392335101910532
17011.725090392,65.4,108.9,108.9,7942.73828125,0.0,0.0
17012.730172768,69.6,106.5,106.5,7942.73828125,0.0,0.19043837059593052
17013.750713398,64.5,108.8,108.8,7942.73828125,0.0,0.0
17014.753525877,68.6,112.7,112.7,7942.73828125,0.0,0.0
17015.757132252,66.5,108.6,108.6,7942.73828125,0.0,0.0
17016.75981132,67.3,110.5,110.5,7942.73828125,0.0,0.0
17017.76492099,71.4,106.9,106.9,7943.76953125,0.0,0.034977526382739224
17018.782230491,67.5,109.8,109.8,7943.76953125,0.0,0.05375699327123896
17019.78558274,73.6,110.5,110.5,7943.76953125,0.0,0.0
17020.790477878,64.8,105.4,105.4,7943.76953125,0.0,0.0
17021.799080562,66.2,110.3,110.3,7943.76953125,0.0,0.0
17022.801699775,72.2,107.7,107.7,7943.76953125,0.0,0.011688136281517606
17023.807347301,74.8,115.3,115.3,7943.76953125,0.0,0.12818233691917794
17024.810807152,69.1,113.4,113.4,7943.76953125,0.0,0.0
17025.816610086,65.1,105.5,105.5,7943.76953125,0.0,0.0
17026.821564727,70.6,110.4,110.4,7943.76953125,0.0,0.0
17027.826772771,62.2,105.6,105.6,7943.76953125,0.0,0.0
17028.829365027,74.1,110.6,110.6,7943.76953125,0.0,0.10129990471440478
17030.035925172,72.0,111.0,111.0,7943.76953125,0.0,0.0
17031.042688582,65.2,106.4,106.4,7965.2578125,0.0,0.0
17032.047399138,72.0,111.5,111.5,7976.2421875,0.0,0.0
17033.051800362,66.8,110.6,110.6,7956.046875,0.0,0.0
17034.057090425,73.5,111.3,111.3,7956.1015625,0.0,0.08937097192814251
17035.072969132,66.5,106.4,106.4,7956.046875,0.0,0.0
17036.075441105,66.2,112.6,112.6,7932.26171875,0.0,0.0
17037.080711798,65.1,110.6,110.6,7932.26171875,0.0,0.0
17038.082545638,67.5,106.7,106.7,7932.78515625,0.0,0.0
17039.085626012,75.4,104.3,104.3,7932.78515625,0.0,0.10903911873356102
17040.097166127,67.3,113.2,113.2,7937.41015625,0.0,0.0
17041.099551171,65.6,105.7,105.7,7937.41015625,0.0,0.0
17042.102823877,69.6,108.6,108.6,7937.41015625,0.0,0.0
17043.106108624,70.8,107.8,107.8,7937.41015625,0.0,0.0
17044.122544471,69.0,109.1,109.1,7937.41015625,0.0,0.05380319885554121
17045.138379164,61.1,109.1,109.1,7937.41015625,0.0,0.0
17046.144064326,50.6,99.6,99.6,7937.41015625,0.0,0.0
17047.146617244,62.7,92.3,92.3,7898.41796875,0.0,0.0
17048.158459396,88.2,122.1,122.1,7822.046875,0.0,0.0
17049.173546561,85.1,128.3,128.3,7827.9921875,0.0,0.0
17050.188359104,80.0,131.4,131.4,7827.9921875,0.0,0.07698466139287782
17051.198865273,84.1,130.7,130.7,7919.98828125,0.0,0.0
17052.205843247,74.2,122.6,122.6,7928.9765625,0.0,0.0
17053.20905981,75.3,121.6,121.6,7965.8515625,0.0,0.0
17054.215921313,80.5,127.0,127.0,7974.76953125,0.0,0.011638889723252735
17055.221966125,85.9,133.4,133.4,7941.24609375,0.0,0.1009522625520561
17056.238046812,87.8,134.7,134.7,7936.890625,0.0,0.0
17057.244048951,73.9,125.3,125.3,7936.890625,0.0,0.0
17058.247377324,73.1,120.1,120.1,7929.70703125,0.0,0.0
17059.258540918,71.7,120.1,120.1,7934.953125,0.0,0.0
17060.262476471,59.2,110.6,110.6,7937.16796875,0.0,0.10116436229024058
17061.265893855,84.1,76.6,76.6,7937.16796875,0.0,0.031143570460621304
17062.270070026,66.2,112.1,112.1,7937.16796875,0.0,0.0
17063.277528152,67.1,107.7,107.7,7937.16796875,0.0,0.0
17064.280294146,71.8,110.7,110.7,7937.16796875,0.0,0.0
17065.282624279,69.4,113.6,113.6,7937.953125,0.0,0.14419525587580945
17066.28719376,63.3,106.6,106.6,7937.953125,0.0,0.0
17067.291432399,71.0,109.5,109.5,7937.953125,0.0,0.0
17068.29446684,66.9,105.7,105.7,7968.5546875,0.0,0.0
17069.296945798,68.8,105.7,105.7,7929.51171875,0.0,0.0
17070.29929302,70.7,113.6,113.6,7921.70703125,0.0,0.1286043869534092
17071.304073246,72.1,107.9,107.9,7921.70703125,0.0,0.0
17072.319459788,65.7,108.1,108.1,7926.08203125,0.0,0.0
17073.325374447,66.3,111.3,111.3,7926.08203125,0.0,0.0
17074.328257629,69.8,111.6,111.6,7926.08203125,0.0,0.054530279280224817
17075.333045626,66.4,105.6,105.6,7926.08203125,0.0,0.0
17076.34004237,68.9,111.3,111.3,7926.08203125,0.0,0.05430752415623327
17077.342745316,71.4,110.6,110.6,7926.08203125,0.0,0.0
17078.347218832,66.9,110.2,110.2,7926.08203125,0.0,0.0
17079.354209746,68.9,103.4,103.4,7929.39453125,0.0,0.0
17080.36241052,69.1,110.4,110.4,7926.08203125,0.0,0.0
17081.365053774,68.4,110.7,110.7,7941.2265625,0.0,0.07791904018536559
17082.369452098,69.7,112.3,112.3,7926.08203125,0.0,0.0
17083.375816278,70.4,109.5,109.5,7926.08203125,0.0,0.0
17084.380026914,66.8,106.5,106.5,7954.1875,0.0,0.0
17085.385401766,66.0,110.6,110.6,7951.3515625,0.0,0.011656100186595374
17086.387836657,68.4,111.7,111.7,7926.08203125,0.0,0.10131580705351187
17087.390699051,70.9,108.4,108.4,7926.08203125,0.0,0.0
17088.397070762,67.7,111.5,111.5,7926.08203125,0.0,0.0
17089.401306841,67.8,104.6,104.6,7927.5078125,0.0,0.0
17090.403687529,68.9,108.6,108.6,7927.5078125,0.0,0.0
17091.409300471,69.7,111.1,111.1,7927.5078125,0.0,0.011653340475792865
17092.417073633,67.1,109.5,109.5,7927.5078125,0.0,0.0891507666483844
17093.420343295,67.7,106.6,106.6,7929.30859375,0.0,0.0
17094.429781005,70.5,111.1,111.1,7930.703125,0.0,0.0
17095.432900972,67.5,112.4,112.4,7930.703125,0.0,0.0
17096.439174031,62.2,105.6,105.6,7930.70703125,0.0,0.0
17097.44158783,69.6,108.5,108.5,7930.70703125,0.0,0.05455581323255592
17098.447039364,72.3,101.6,101.6,7952.13671875,0.0,0.10878197138423533
17099.450045452,68.6,110.7,110.7,7930.70703125,0.0,0.0
17100.452568786,67.9,110.7,110.7,7930.70703125,0.0,0.0
17101.454903586,70.4,110.6,110.6,7930.70703125,0.0,0.0
17102.459037248,61.8,104.7,104.7,7931.3515625,0.0,0.0
17103.461332196,72.5,110.7,110.7,7930.70703125,0.0,0.0818434235989323
17104.463700756,68.5,110.7,110.7,7930.70703125,0.0,0.0
17105.466101592,72.5,110.7,110.7,7930.70703125,0.0,0.0
17106.469376207,69.2,110.4,110.4,7930.70703125,0.0,0.04282850314122475
17107.477065082,62.9,106.4,106.4,7934.67578125,0.0,0.0
17108.479710802,72.7,108.7,108.7,7915.7890625,0.0,0.05454319398081312
17109.482043136,72.0,110.7,110.7,7915.7890625,0.0,0.0
17110.484720045,67.4,109.6,109.6,7915.7890625,0.0,0.0
17111.49103414,64.5,105.5,105.5,7923.5703125,0.0,0.0
17112.493385146,70.8,108.6,108.6,7923.5703125,0.0,0.0
17113.502168046,70.5,111.1,111.1,7923.5703125,0.0,0.077444809978412
17114.50541321,66.0,105.6,105.6,7943.2265625,0.0,0.0
17115.508430131,64.1,110.7,110.7,7923.5703125,0.0,0.0
17116.51145832,68.8,109.7,109.7,7923.5703125,0.0,0.003894456848612195
17117.51355572,68.0,107.4,107.4,7923.5703125,0.0,0.0
17118.525050237,72.5,106.5,106.5,7923.5703125,0.0,0.0
17119.537673869,74.5,110.8,110.8,7923.5703125,0.0,0.08100862690518008
17120.546757177,65.3,109.0,109.0,7940.921875,0.0,0.0
17121.552811127,68.1,109.7,109.7,7923.5703125,0.0,0.0077654881231694955
17122.555618722,67.5,110.7,110.7,7927.8359375,0.0,0.0
17123.558630191,71.5,108.7,108.7,7927.8359375,0.0,0.0
17124.561232889,68.6,110.7,110.7,7927.8359375,0.0,0.09740274008341974
17125.563693178,69.4,107.9,107.9,7928.921875,0.0,0.0
17126.580271227,70.5,108.9,108.9,7928.921875,0.0,0.0
17127.588065963,70.0,113.2,113.2,7928.921875,0.0,0.031008298499484454
17128.593769565,72.8,109.2,109.2,7928.921875,0.0,0.0
17129.598309196,65.2,108.7,108.7,7928.921875,0.0,0.08166054127522487
17130.601038904,70.3,107.7,107.7,7935.04296875,0.0,0.011686848316681032
17131.60404607,70.6,112.6,112.6,7940.79296875,0.0,0.0
17132.607018028,71.8,110.5,110.5,7942.38671875,0.0,0.0
17133.612050637,65.8,110.6,110.6,7942.38671875,0.0,0.0
17134.61623354,65.4,105.6,105.6,7942.38671875,0.0,0.06612963614647531
17135.618584433,68.3,111.6,111.6,7918.46875,0.0,0.0
17136.622666084,66.8,107.7,107.7,7920.82421875,0.0,0.0
17137.62495201,67.8,112.7,112.7,7940.66015625,0.0,0.0
17138.628043548,73.5,107.6,107.6,7940.66015625,0.0,0.0
17139.632069153,71.0,110.5,110.5,7940.66015625,0.0,0.10115528876362337
17140.636101274,62.9,105.7,105.7,7940.66015625,0.0,0.0
17141.639068503,67.0,109.7,109.7,7937.34375,0.0,0.0
17142.642040642,66.5,108.7,108.7,7918.46875,0.0,0.0
17143.646972773,75.8,110.4,110.4,7962.82421875,0.0,0.0
17144.651161818,74.1,112.2,112.2,7934.9921875,0.0,0.08557900569399739
17145.659902784,67.2,114.4,114.4,7934.9921875,0.0,0.0
17146.662243393,65.7,104.7,104.7,7934.9921875,0.0,0.0
17147.665333705,68.8,108.6,108.6,7934.9921875,0.0,0.0
17148.669034112,73.4,105.1,105.1,7934.9921875,0.0,0.0
17149.679819122,69.9,110.4,110.4,7934.9921875,0.0,0.0
17150.682793555,66.4,112.7,112.7,7934.9921875,0.0,0.07789331156371475
17151.686058619,70.0,108.1,108.1,7934.9921875,0.0,0.011680612054057059
17152.700989185,69.4,107.9,107.9,7934.9921875,0.0,0.0
17153.797844995,63.6,109.7,109.7,7934.9921875,0.0,0.0
17154.809980163,70.1,109.4,109.4,7934.9921875,0.0,0.0
17155.825317842,69.4,112.2,112.2,7934.9921875,0.0,0.10002829807355856
17156.827684256,50.9,99.7,99.7,7934.9921875,0.0,0.0
17157.83104335,50.9,100.7,100.7,7934.9921875,0.0,0.10900882909621532
17158.834041922,80.9,99.2,99.2,7839.28125,0.0,0.0
17159.844472651,83.3,135.8,135.8,7832.24609375,0.0,0.0
17160.850316533,80.8,134.7,134.7,7825.87890625,0.0,0.08932176415014077
17161.863656735,85.4,132.3,132.3,7917.83203125,0.0,0.0
17162.878303727,76.3,127.0,127.0,7920.5,0.0,0.0
17163.881938129,76.2,124.1,124.1,7924.72265625,0.0,0.0
17164.891630187,80.4,127.1,127.1,7962.90625,0.0,0.0
17165.898059934,85.1,131.3,131.3,7980.41015625,0.0,0.06598200241802818
17166.901052783,85.8,133.7,133.7,7964.1484375,0.0,0.0
17167.91920268,78.9,129.4,129.4,7915.18359375,0.0,0.0
17168.923551185,77.6,116.5,116.5,7926.87890625,0.0,0.0
17169.928052531,73.4,122.0,122.0,7932.53125,0.0,0.0
17170.939565118,65.0,115.0,115.0,7934.7265625,0.0,0.07723581594938657
17171.944410746,68.4,72.4,72.4,7944.42578125,0.0,0.10107273910516018
17172.957761062,77.4,123.8,123.8,7934.7265625,0.0,0.0
17173.961408755,69.7,109.5,109.5,7934.7265625,0.0,0.0
17174.966677413,67.2,105.5,105.5,7966.671875,0.0,0.0
17175.970699629,66.1,111.5,111.5,7934.7265625,0.0,0.24510787319015492
17176.975038425,66.2,109.7,109.7,7934.7265625,0.0,0.0
17177.978056668,73.0,110.6,110.6,7949.37109375,0.015577981865308583,0.11294036852348723
17178.981057119,75.9,108.7,108.7,7934.7265625,0.0,0.0
17179.983825591,69.4,110.7,110.7,7934.73046875,0.0,0.0
17180.986947185,69.0,108.1,108.1,7934.73046875,0.0,0.08177597859588552
17181.998154088,70.9,112.5,112.5,7934.73046875,0.0,0.11588874606405353
17183.01404275,63.7,107.1,107.1,7934.73046875,0.0,0.011535466865942283
17184.016657129,68.2,110.7,110.7,7934.73046875,0.0,0.0
17185.018960644,70.5,108.6,108.6,7934.73046875,0.0,0.0
17186.024037938,68.1,111.5,111.5,7934.73046875,0.0,0.0
17187.027034612,66.8,106.7,106.7,7934.73046875,0.0,0.06231326745155327
17188.029346765,68.5,110.7,110.7,7934.73046875,0.0,0.007794477974373062
17189.031795518,78.7,104.7,104.7,7934.73046875,0.0,0.0
17190.034388667,68.4,109.7,109.7,7934.73046875,0.0,0.0
17191.036755074,71.6,114.7,114.7,7934.73046875,0.0,0.0
17192.040166784,66.8,105.3,105.3,7962.953125,0.0,0.0
17193.04939308,66.2,110.4,110.4,7934.73046875,0.0,0.1393394133283316
17194.051732583,68.3,109.5,109.5,7942.17578125,0.0,0.0
17195.058208088,66.7,110.0,110.0,7934.73046875,0.0,0.0
17196.071345765,66.9,110.1,110.1,7934.73046875,0.0,0.0
17197.074154777,70.5,109.7,109.7,7934.73046875,0.0,0.0
17198.077361042,68.0,105.7,105.7,7942.1328125,0.0,0.07008778000412356
17199.093705318,74.1,114.8,114.8,7942.1328125,0.0,0.003843431888433761
17200.100279338,62.0,104.6,104.6,7942.1328125,0.0,0.0
17201.102716531,72.5,110.7,110.7,7918.20703125,0.0,0.0
17202.105832374,68.9,111.5,111.5,7925.53515625,0.0,0.0
17203.110995618,68.7,108.2,108.2,7925.53515625,0.0,0.08549606296579396
17204.120559311,71.0,108.9,108.9,7929.6484375,0.0,0.0
17205.13385422,62.3,109.0,109.0,7929.6484375,0.0,0.0
17206.136314154,73.5,111.7,111.7,7930.91015625,0.0,0.0
17207.139497216,69.0,106.6,106.6,7956.13671875,0.0,0.0
17208.145037912,67.4,110.5,110.5,7930.91015625,0.0,0.05438616280538639
17209.147949437,70.2,110.6,110.6,7930.91015625,0.0,0.0
17210.152642937,69.7,110.4,110.4,7930.91015625,0.0,0.0
17211.158599988,69.8,107.0,107.0,7930.91015625,0.0,0.0
17212.171886232,63.6,108.2,108.2,7947.375,0.0,0.026985217811746953
17213.175221164,69.7,109.7,109.7,7930.91015625,0.0,0.0856518568816138
17214.177614659,66.8,110.6,110.6,7930.91015625,0.0,0.0
17215.182263977,68.4,108.1,108.1,7930.91015625,0.0,0.0
17216.193040886,70.6,114.3,114.3,7930.91015625,0.0,0.0
17217.196046472,71.9,109.3,109.3,7933.40625,0.0,0.0
17218.215078994,65.7,106.4,106.4,7930.91015625,0.0,0.2069978096343523
17219.222800263,69.1,108.2,108.2,7930.91015625,0.0,0.0
17220.224701264,68.8,107.8,107.8,7930.91015625,0.0,0.0
17221.227054035,69.4,110.7,110.7,7930.91015625,0.0,0.0
17222.229749719,70.0,108.2,108.2,7930.91015625,0.0,0.0
17223.240701599,69.9,112.2,112.2,7930.91015625,0.0,0.0
17224.245360428,65.4,108.6,108.6,7930.91015625,0.0,0.09720339599958173
17225.248060937,65.8,108.7,108.7,7930.91015625,0.0,0.0
17226.250519883,71.0,109.7,109.7,7930.91015625,0.0,0.0
17227.253093998,71.6,112.6,112.6,7941.65625,0.0,0.0
17228.258446378,66.7,104.9,104.9,7941.65625,0.0,0.0
17229.274500122,72.8,111.0,111.0,7941.65625,0.0,0.09226874124890029
17230.292321725,64.5,109.0,109.0,7941.65625,0.0,0.0
17231.294636135,68.7,111.7,111.7,7941.65625,0.0,0.0
17232.297679701,71.3,109.2,109.2,7941.65625,0.0,0.0
17233.305467468,67.7,107.3,107.3,7941.65625,0.0,0.0
17234.314336315,68.0,116.3,116.3,7941.65625,0.0,0.054206748639821056
17235.317348737,64.0,105.7,105.7,7941.65625,0.0,0.0
17236.319718328,71.3,111.7,111.7,7941.65625,0.0,0.0
17237.322749327,71.0,111.6,111.6,7941.65625,0.0,0.0
17238.327381343,69.9,107.5,107.5,7941.65625,0.0,0.0
17239.333628074,65.2,105.4,105.4,7941.65625,0.0,0.0
17240.33684927,68.1,110.2,110.2,7941.65625,0.0,0.07787415209287035
17241.347253861,65.2,110.3,110.3,7941.65625,0.0,0.0
17242.34958462,66.7,109.7,109.7,7941.65625,0.0,0.0
17243.352788911,67.9,108.0,108.0,7946.2890625,0.0,0.0
17244.365782909,68.6,110.6,110.6,7946.2890625,0.0,0.0462737193828986
17245.377897886,66.8,108.3,108.3,7946.2890625,0.0,0.05789238508629593
17246.380302496,67.8,111.8,111.8,7946.2890625,0.0,0.0
17247.382066294,66.5,110.7,110.7,7946.2890625,0.0,0.0
17248.385230085,70.8,104.7,104.7,7946.2890625,0.0,0.0
17249.40354101,67.7,114.9,114.9,7946.2890625,0.0,0.0
17250.409160862,71.4,106.5,106.5,7946.2890625,0.0,0.08157282280862153
17251.425829541,70.6,111.7,111.7,7946.2890625,0.0,0.0
17252.442782497,63.6,108.7,108.7,7946.2890625,0.0,0.0
17253.445539241,69.4,108.7,108.7,7946.2890625,0.0,0.1090743100504921
17254.447921751,69.9,110.7,110.7,7946.2890625,0.0,0.00779393088170874
17255.450873244,71.0,110.7,110.7,7946.2890625,0.0,0.09736886647226
17256.453485688,71.5,111.7,111.7,7946.2890625,0.0,0.0
17257.45655037,69.1,110.5,110.5,7946.2890625,0.0,0.0
17258.462866484,67.2,104.5,104.5,7953.41015625,0.0,0.0
17259.470038105,73.1,108.1,108.1,7965.4453125,0.0,0.0
17260.476877554,70.4,112.4,112.4,7946.2890625,0.0,0.07759429775773033
17261.47986075,69.1,111.9,111.9,7946.3515625,0.0,0.011683894652187228
17262.492848532,66.3,106.3,106.3,7948.76953125,0.0,0.0
17263.499177402,67.1,111.3,111.3,7946.2890625,0.0,0.0
17264.50174812,70.4,107.3,107.3,7946.2890625,0.0,0.0
17265.516051855,62.6,106.9,106.9,7946.2890625,0.0,0.0
17266.518812784,67.3,110.7,110.7,7946.2890625,0.0,0.06622341186164983
17267.521742283,50.7,100.7,100.7,7946.2890625,0.0,0.0
17268.524641538,54.3,100.6,100.6,7946.2890625,0.0,0.0
17269.530064528,72.9,94.3,94.3,7921.76953125,0.0,0.0
17270.53911242,80.4,134.5,134.5,7877.6484375,0.0,0.0
17271.552124747,79.9,132.5,132.5,7885.79296875,0.0,0.07712147021095903
17272.56204768,79.9,126.9,126.9,7959.8359375,0.0,0.0
17273.567670641,81.1,126.3,126.3,7931.75390625,0.0,0.0
17274.577092848,76.1,128.1,128.1,7948.03125,0.0,0.007739576111781222
17275.580238903,78.5,125.6,125.6,7953.87890625,0.0,0.0
17276.583496945,83.2,131.5,131.5,7940.96875,0.0,0.1401683257076197
17277.597708412,84.5,131.7,131.7,7943.62109375,0.0,0.0
17278.60560256,85.4,126.4,126.4,7943.62109375,0.0,0.0
17279.609891716,69.4,117.4,117.4,7892.22265625,0.0,0.0
17280.614615782,71.4,116.5,116.5,7967.8671875,0.0,0.0
17281.619364618,70.1,118.4,118.4,8000.4609375,0.0,0.0777557506919355
17282.623340111,55.7,110.6,110.6,7954.296875,0.0,0.011672346667525878
17283.62698859,84.8,83.8,83.8,7954.296875,0.0,3.5729018426586374
17284.628919037,69.0,110.6,110.6,7954.296875,0.0,0.0
17285.633925383,69.4,107.8,107.8,7954.296875,0.0,0.0038867913775330856
17286.647488818,66.4,106.3,106.3,7979.88671875,0.0,3.742211507472639
17287.651033986,70.2,115.6,115.6,7954.296875,0.0,0.0
17288.653474712,70.0,103.6,103.6,7954.296875,0.0,0.007793478255001198
17289.658616904,68.4,110.5,110.5,7954.296875,0.007772532147373846,0.12047424828429462
17290.661937483,60.0,105.7,105.7,7954.296875,0.0,0.0
17291.667858228,69.4,110.3,110.3,7954.296875,0.0,0.05436561505651173
17292.671031917,70.4,109.6,109.6,7954.296875,0.0,0.06230227196470249
17293.674340182,69.6,111.7,111.7,7954.296875,0.0,0.0
17294.677063662,69.8,108.1,108.1,7955.47265625,0.0,0.007791280603103169
17295.687777045,62.1,109.4,109.4,7955.47265625,0.0,0.0
17296.690734872,66.5,111.7,111.7,7955.47265625,0.0,0.0
17297.693200082,69.5,109.7,109.7,7955.47265625,0.0,0.12079596258506575
17298.696406672,74.5,108.7,108.7,7955.47265625,0.0,0.0
17299.698612642,66.8,112.7,112.7,7955.47265625,0.0,0.0
17300.702046599,63.1,104.7,104.7,7955.47265625,0.0,0.0
17301.704615962,69.4,109.7,109.7,7955.47265625,0.0,0.0
17302.708046415,71.1,111.3,111.3,7955.47265625,0.0,0.07785791209203453
17303.715874004,76.6,105.5,105.5,7955.47265625,0.0,0.0
17304.719041399,68.7,110.8,110.8,7956.5234375,0.0,0.0
17305.732580033,68.5,107.9,107.9,7955.47265625,0.0,0.00385407114140378
17306.745716982,68.3,107.5,107.5,7955.47265625,0.0,0.0
17307.759566161,68.2,109.9,109.9,7955.47265625,0.0,0.12714539072501527
17308.780046955,67.8,105.1,105.1,7955.47265625,0.0,0.0
17309.782311869,69.8,111.7,111.7,7955.47265625,0.0,0.0
17310.785219718,67.2,110.7,110.7,7955.47265625,0.0,0.0
17311.788566239,67.0,105.6,105.6,7955.47265625,0.0,0.0
17312.794055936,66.8,111.4,111.4,7955.47265625,0.0,0.16705168685589322
17313.79640966,71.4,111.7,111.7,7955.47265625,0.0,0.023382464132960815
17314.799638227,68.5,105.7,105.7,7955.47265625,0.0,0.0
17315.806545552,68.4,116.1,116.1,7955.47265625,0.0,0.003879453354849812
17316.810197179,64.2,103.7,103.7,7955.47265625,0.0,0.0
17317.812678649,68.8,112.2,112.2,7955.47265625,0.0,0.0
17318.82169527,71.6,103.1,103.1,7955.47265625,0.0,0.0580701534351034
17319.830048258,69.4,118.4,118.4,7955.47265625,0.0,0.0
17320.835051025,68.3,104.3,104.3,7955.47265625,0.0,0.0038868052191268878
17321.84004826,65.4,110.7,110.7,7955.47265625,0.0,0.0
17322.842722337,68.3,108.8,108.8,7955.47265625,0.0,0.0
17323.844602543,69.3,111.5,111.5,7955.47265625,0.0,0.08187730380239605
17324.85221464,68.0,105.0,105.0,7976.95703125,0.0,0.0
17325.858976768,71.1,110.4,110.4,7955.47265625,0.0,0.0
17326.864593617,67.3,112.7,112.7,7955.47265625,0.0,0.0
17327.867672086,70.7,111.1,111.1,7958.94921875,0.0,0.0
17328.877045742,65.7,104.6,104.6,7955.47265625,0.0,0.054179638704519056
17329.879372897,66.2,110.7,110.7,7955.47265625,0.0,0.0
17330.882970924,69.7,110.5,110.5,7955.47265625,0.0,0.0
17331.887307112,71.8,109.6,109.6,7955.47265625,0.0,0.0
17332.890122926,69.0,111.6,111.6,7955.47265625,0.0,0.0
17333.894676321,67.5,104.7,104.7,7955.47265625,0.0,0.081659422394393
17334.910843817,62.1,110.2,110.2,7955.47265625,0.0,0.0
17335.913364028,69.8,108.7,108.7,7955.47265625,0.0,0.0
17336.916206572,69.3,108.0,108.0,7956.08203125,0.0,0.007790355571515616
17337.927699853,69.9,112.2,112.2,7955.47265625,0.0,0.0
17338.933138279,66.9,101.7,101.7,7955.47265625,0.0,0.007770242113263514
17339.93560588,70.0,108.7,108.7,7955.47265625,0.0,0.12469230913331433
17340.938067845,69.6,111.0,111.0,7955.47265625,0.0,0.0
17341.946669503,70.0,104.6,104.6,7997.16015625,0.0,0.0
17342.95087954,68.7,111.6,111.6,7955.47265625,0.0,0.0
17343.956042183,74.9,109.5,109.5,7973.71875,0.0,0.0
17344.959039442,65.2,110.7,110.7,7942.05078125,0.0,0.0701023849955204
17345.961364455,69.6,108.7,108.7,7942.05078125,0.0,0.0
17346.964201166,70.2,110.1,110.1,7942.05078125,0.0,0.0
17347.976418754,69.3,106.8,106.8,7942.05078125,0.0,0.0
17348.987701996,71.5,105.8,105.8,7972.84375,0.0,0.0
17349.999295708,69.2,112.8,112.8,7942.05078125,0.0,0.0
17351.013047329,64.1,106.0,106.0,7944.0859375,0.0,0.09247827382744513
17352.015827367,69.9,109.7,109.7,7942.05078125,0.0,0.007790841165526714
17353.018267177,69.7,110.7,110.7,7942.05078125,0.0,0.0
17354.020589899,70.5,109.7,109.7,7942.05078125,0.0,0.0
17355.023122429,67.7,110.6,110.6,7942.05078125,0.0,0.0
17356.029043607,64.8,105.5,105.5,7942.05078125,0.0,0.11261443985635611
17357.031446871,69.3,111.7,111.7,7953.5390625,0.0,0.007793769514306333
17358.033799152,70.8,108.7,108.7,7953.5390625,0.0,0.0
17359.036618605,66.8,105.7,105.7,7953.5390625,0.0,0.0
17360.03887619,70.1,110.7,110.7,7955.04296875,0.0,0.0
17361.041256947,69.6,109.7,109.7,7953.5390625,0.0,0.0
17362.044087781,65.5,111.7,111.7,7953.5390625,0.0,0.10127580500774257
17363.046470375,66.1,104.7,104.7,7953.5390625,0.0,0.00779393022859575
17364.049070918,68.9,111.7,111.7,7953.5390625,0.0,0.0
17365.052044025,71.4,108.9,108.9,7953.5390625,0.0,0.00778934145440447
17366.069080034,68.5,109.5,109.5,7988.05859375,0.0,0.0
17367.077679453,69.1,112.5,112.5,7955.6875,0.0,0.054221228933832154
17368.080516741,67.6,104.6,104.6,8007.76171875,0.0,0.007790396401769406
17369.085501374,66.6,110.6,110.6,7935.02734375,0.0,0.0
17370.089063328,70.5,110.6,110.6,7940.51953125,0.0,0.01946192750947061
17371.093056332,63.7,106.6,106.6,7923.2265625,0.0,0.0
17372.096100567,70.2,110.7,110.7,7923.2265625,0.0,0.08957107459973077
17373.098507518,71.0,109.7,109.7,7927.6484375,0.0,0.10911237186742005
17374.100779916,67.7,110.8,110.8,7923.2265625,0.0,0.007794787141289247
17375.10281625,71.5,108.8,108.8,7929.32421875,0.0,0.0
17376.10499841,69.6,107.1,107.1,7929.32421875,0.0,0.0
17377.117424622,65.9,110.8,110.8,7929.32421875,0.0,0.09645764683138278
17378.126836968,62.6,108.4,108.4,7929.32421875,0.0,0.0
17379.129349571,54.0,99.8,99.8,7929.32421875,0.0,0.0
17380.131654744,56.5,85.6,85.6,7856.7734375,0.0,0.007794532254709698
17381.137763611,87.4,124.9,124.9,7856.7734375,0.0,0.0
17382.149441572,85.2,127.8,127.8,7856.7734375,0.0,0.08494550965118493
17383.159911439,81.0,131.5,131.5,7856.7734375,0.0,0.0
17384.172067695,88.2,129.2,129.2,7904.3515625,0.0,0.0
17385.188662544,78.2,128.0,128.0,7886.37109375,0.0,0.0
17386.203060432,74.5,125.0,125.0,7914.4765625,0.0,0.007701613038054662
17387.20540065,81.3,128.2,128.2,7912.24609375,0.0,0.06235407786452471
17388.217039795,88.2,135.7,135.7,7913.984375,0.0,0.0
17389.228041563,88.4,130.2,130.2,7935.53125,0.0,0.0
17390.240041579,71.6,122.1,122.1,7898.31640625,0.0,0.0
17391.242735647,74.1,121.5,121.5,7957.37109375,0.0,0.007791509144542118
17392.256424659,69.8,117.5,117.5,7924.515625,0.0,0.08477698681013698
17393.260418563,57.8,109.4,109.4,7922.14453125,0.0,0.0
17394.265328894,85.2,81.7,81.7,7922.14453125,0.0,0.10106623135139292
17395.26784352,69.5,105.9,105.9,7930.390625,0.0,0.0
17396.281334606,69.3,110.3,110.3,7960.62109375,0.0,0.0
17397.284795597,65.2,113.6,113.6,7930.421875,0.0,0.13235442253481225
17398.287200542,68.3,105.1,105.1,7930.421875,0.0,0.16756576355471636
17399.299822258,72.7,108.6,108.6,7930.421875,0.01543024384439216,0.13501463363843139
17400.314629907,66.3,110.8,110.8,7930.421875,0.0,0.0
17401.322081,67.2,109.5,109.5,7930.421875,0.0,0.0
17402.324339104,72.2,110.7,110.7,7930.421875,0.0,0.011692347463388732
17403.326954783,66.2,110.6,110.6,7930.421875,0.0,0.17921872135463962
17404.331974531,67.6,109.5,109.5,7930.421875,0.0,0.007773479093855012
17405.351663912,64.2,106.9,106.9,7963.72265625,0.0,0.0
17406.357572758,70.9,110.1,110.1,7947.30078125,0.0,0.0
17407.363052917,70.9,110.6,110.6,7930.421875,0.0,0.0
17408.366050088,68.8,109.6,109.6,7931.67578125,0.0,0.07789154571809465
17409.370052464,65.8,105.6,105.6,7935.734375,0.0,0.0038906780435701994
17410.37632392,70.9,109.3,109.3,7931.67578125,0.0,0.0
17411.378919513,68.3,110.3,110.3,7931.67578125,0.0,0.0
17412.390036507,61.1,107.2,107.2,7931.67578125,0.0,0.04249631868024503
17413.392329543,69.9,110.6,110.6,7931.67578125,0.0,0.09743283300641485
17414.396977408,69.8,109.4,109.4,7931.67578125,0.0,0.007776356544587709
17415.401885483,65.7,110.5,110.5,7931.67578125,0.0,0.0
17416.406209165,68.3,104.7,104.7,7931.67578125,0.0,0.0
17417.408632212,64.9,111.7,111.7,7931.67578125,0.0,0.0
17418.411548907,76.2,109.6,109.6,7931.67578125,0.0,0.06231823671053088
17419.415321599,71.6,110.6,110.6,7931.67578125,0.0,0.0
17420.418599006,70.9,108.9,108.9,7931.67578125,0.0,0.007786978900851797
17421.433887271,68.6,107.6,107.6,7931.67578125,0.0,0.0
17422.447980439,68.6,110.3,110.3,7931.67578125,0.0,0.0
17423.461064628,66.7,114.3,114.3,7931.67578125,0.0,0.08482759965352552
17424.464649978,64.9,107.6,107.6,7931.67578125,0.0,0.0
17425.467905036,71.4,109.7,109.7,7931.67578125,0.0,0.0
17426.470386275,70.3,108.8,108.8,7931.67578125,0.0,0.007793163299286961
17427.472201585,68.9,113.8,113.8,7931.67578125,0.0,0.019495858972267105
17428.47460704,67.6,104.7,104.7,7931.67578125,0.0,0.08573127727032392
17429.476939067,68.7,110.7,110.7,7931.67578125,0.0,0.0
17430.480191349,71.0,107.6,107.6,7931.67578125,0.0,0.0
17431.488482858,70.2,110.8,110.8,7932.8671875,0.0,0.007748255271689714
17432.496082104,70.1,114.4,114.4,7931.67578125,0.0,0.0
17433.499936471,71.2,107.7,107.7,7941.36328125,0.0,0.08560753713409162
17434.515857806,71.8,108.6,108.6,7941.36328125,0.0,0.0
17435.52904672,64.4,110.2,110.2,7941.36328125,0.0,0.0
17436.531885902,71.1,110.7,110.7,7957.84765625,0.0,0.0
17437.542037464,62.3,106.9,106.9,7941.36328125,0.0,0.0077339879418942
17438.544799643,73.4,111.6,111.6,7941.36328125,0.0,0.0
17439.549573922,65.8,105.3,105.3,7941.36328125,0.0,0.08552915992808138
17440.55848835,71.2,111.2,111.2,7941.36328125,0.0,0.0
17441.579538155,65.7,108.8,108.8,7941.36328125,0.0,0.0
17442.582367377,68.8,110.6,110.6,7941.36328125,0.0,0.00779045906185025
17443.587099023,68.3,112.5,112.5,7941.36328125,0.0,0.031102832407437095
17444.591038273,67.5,106.2,106.2,7921.39453125,0.0,0.06614568560795182
17445.600764992,72.3,109.4,109.4,7921.39453125,0.0,0.0
17446.603290095,64.5,109.7,109.7,7924.34765625,0.0,0.0
17447.605574927,70.2,110.5,110.5,7928.44921875,0.0,0.0
17448.612817642,73.4,109.9,109.9,7928.44921875,0.0,0.007756323161912713
17449.62082117,67.2,105.4,105.4,7928.44921875,0.0,0.0
17450.626602557,66.1,111.6,111.6,7928.44921875,0.0,0.08932731422671755
17451.628907136,70.0,106.0,106.0,7928.44921875,0.0,0.0
17452.644841818,66.0,112.0,112.0,7928.44921875,0.0,0.0
17453.647090134,66.2,108.8,108.8,7928.44921875,0.0,0.0
17454.649377776,69.7,110.7,110.7,7928.44921875,0.0,0.007794668588754533
17455.652359201,66.8,104.6,104.6,7928.44921875,0.0,0.06231421484194922
17456.657081127,70.7,114.5,114.5,7928.44921875,0.0,0.0
17457.662065317,68.7,110.1,110.1,7928.44921875,0.0,0.0
17458.671903238,67.9,104.3,104.3,7928.44921875,0.0,0.10830946008816321
17459.676607587,69.4,109.4,109.4,7928.44921875,0.0,0.0077759193615177784
17460.680122395,71.7,110.7,110.7,7928.44921875,0.0,0.08563650413029984
17461.682722376,74.7,108.5,108.5,7928.44921875,0.0,0.0
17462.687712157,69.2,111.5,111.5,7928.44921875,0.0,0.0
17463.69307611,70.4,108.1,108.1,7928.44921875,0.0,0.0
17464.70461123,66.8,106.2,106.2,7937.23828125,0.0,0.0
17465.708051589,63.5,110.7,110.7,7928.44921875,0.0,0.13235714390876613
17466.710758349,70.1,111.7,111.7,7928.44921875,0.0,0.0
17467.713364387,69.3,109.7,109.7,7928.44921875,0.0,0.0
17468.716135244,71.6,106.2,106.2,7928.44921875,0.0,0.0
17469.729037573,63.2,108.2,108.2,7928.44921875,0.0,0.0
17470.731282683,70.1,111.7,111.7,7928.44921875,0.0,0.10133499179681002
17471.734282893,66.4,108.7,108.7,7928.44921875,0.0,0.0
17472.737176501,68.9,105.7,105.7,7961.7265625,0.0,0.0
17473.741078201,71.4,113.1,113.1,7928.44921875,0.0,0.0
17474.747677582,72.1,114.5,114.5,7928.44921875,0.0,0.04268704194649515
17475.753229424,66.5,105.5,105.5,7963.59375,0.0,0.0776936570913261
17476.757040872,62.6,110.6,110.6,7928.44921875,0.0,0.007782836124836518
17477.759216691,71.5,110.5,110.5,7928.44921875,0.0,0.0
17478.764471215,72.1,106.7,106.7,7928.44921875,0.0,0.0
17479.76679167,69.8,110.7,110.7,7928.44921875,0.0,0.0
17480.769517424,69.8,109.7,109.7,7928.44921875,0.0,0.08570389227293504
17481.772213399,71.8,110.7,110.7,7928.44921875,0.0,0.0
17482.774689013,67.2,109.7,109.7,7928.44921875,0.0,0.007793207027569748
17483.777916858,68.6,110.6,110.6,7928.44921875,0.0,0.0
17484.78259446,74.1,111.4,111.4,7936.88671875,0.0,0.0
17485.787998086,71.9,109.2,109.2,7936.88671875,0.0,0.0
17486.794776263,61.2,106.6,106.6,7917.640625,0.0,0.062079216085499385
17487.797846544,67.2,110.7,110.7,7923.25,0.0,0.007788586849778557
17488.800512611,54.8,99.7,99.7,7923.25,0.0,0.0
17489.803445766,51.9,96.7,96.7,7894.03125,0.0,0.0
17490.805764162,84.5,108.4,108.4,7858.6875,0.0,0.0
17491.814435546,84.7,128.8,128.8,7855.8984375,0.0,0.08907137787907521
17492.823204837,79.1,130.6,130.6,7856.0078125,0.0,0.0
17493.840145697,82.2,123.7,123.7,7904.88671875,0.0,0.007682354311161856
17494.842891155,80.1,131.9,131.9,7888.15625,0.0,0.0
17495.855037388,74.7,123.1,123.1,7910.91015625,0.0,0.007718746308872801
17496.857809518,78.6,124.5,124.5,7957.44140625,0.0,0.054536318236163034
17497.869568718,86.9,137.0,137.0,7969.8671875,0.0,0.0
17498.879049013,89.4,131.9,131.9,7977.40234375,0.0,0.007739130757371245
17499.88615959,76.6,127.4,127.4,7905.1796875,0.0,0.0
17500.891025096,69.3,114.6,114.6,7900.50390625,0.0,0.0
17501.895079407,73.8,121.9,121.9,7929.83203125,0.0,0.08559048953670745
17502.906724711,65.2,118.3,118.3,7929.83203125,0.0,0.0
17503.912037384,69.9,72.6,72.6,7929.83203125,0.0,0.03108485632304914
17504.914714075,82.1,123.7,123.7,7931.4921875,0.0,0.007791644176175884
17505.917365861,70.0,108.7,108.7,7931.4921875,0.0,0.0
17506.920024014,68.8,112.7,112.7,7950.1328125,0.0,0.031167152938911355
17507.923083323,62.7,106.7,106.7,7950.1328125,0.0,0.15966777693337494
17508.925555922,73.8,106.7,106.7,7924.22265625,0.0,0.0
17509.92955249,66.3,105.6,105.6,7940.015625,0.0,0.0077814011013574704
17510.932316489,65.7,111.7,111.7,7940.015625,0.0,0.0
17511.934737626,69.6,110.5,110.5,7940.015625,0.0,0.0
17512.941038033,63.6,105.5,105.5,7940.015625,0.0,0.1397445524436006
17513.943355013,71.0,110.7,110.7,7940.015625,0.0,0.0
17514.945770536,67.5,110.7,110.7,7940.015625,0.0,0.0
17515.948882748,64.8,105.7,105.7,7940.015625,0.0,0.007788261279772527
17516.952053492,66.8,109.6,109.6,7940.015625,0.0,0.0
17517.954453833,68.5,110.7,110.7,7940.015625,0.0,0.06235033792751596
17518.958516347,74.2,105.2,105.2,7940.15234375,0.0,0.10893246035485331
17519.968166257,60.8,107.3,107.3,7940.015625,0.0,0.0
17520.971547794,71.0,111.6,111.6,7940.015625,0.0,0.00778617077542929
17521.974594653,69.6,110.5,110.5,7940.015625,0.0,0.0
17522.97966413,67.4,107.2,107.2,7940.015625,0.0,0.08550403923937672
17523.991042663,67.2,109.2,109.2,7941.73046875,0.0,0.0
17524.993860609,66.6,109.6,109.6,7948.34765625,0.0,0.0
17525.996962818,71.9,111.7,111.7,7940.015625,0.0,0.0
17526.999445052,70.5,108.7,108.7,7940.015625,0.0,0.007793155564304185
17528.002532722,69.4,108.0,108.0,7940.015625,0.0,0.062307614647466446
17529.015945653,70.1,112.2,112.2,7940.015625,0.0,0.0
17530.019046902,70.2,105.3,105.3,7940.015625,0.0,0.0
17531.037488778,70.3,112.4,112.4,7940.015625,0.0,0.0
17532.040572961,66.3,105.9,105.9,7940.015625,0.0,0.011682718358672965
17533.055549551,67.5,113.1,113.1,7940.015625,0.0,0.0
17534.058592171,63.2,106.6,106.6,7940.015625,0.0,0.12462082618194473
17535.062046137,72.4,109.7,109.7,7940.015625,0.0,0.0
17536.065090674,70.3,110.5,110.5,7940.015625,0.0,0.0
17537.069842688,69.0,107.0,107.0,7940.015625,0.0,0.0
17538.08483152,68.4,112.7,112.7,7941.38671875,0.0,0.057728467696229795
17539.092045918,68.4,105.5,105.5,7940.015625,0.0,0.1318612008161233
17540.095432256,69.5,111.6,111.6,7940.015625,0.0,0.0
17541.098466903,66.0,110.7,110.7,7940.015625,0.0,0.0
17542.101759737,69.8,110.0,110.0,7940.015625,0.0,0.0
17543.113057985,69.9,106.0,106.0,7940.015625,0.0,0.007725218564811078
17544.126084383,66.2,112.1,112.1,7959.296875,0.0,0.07326437903947806
17545.12851373,69.0,111.6,111.6,7940.015625,0.0,0.0
17546.137479949,72.4,112.1,112.1,7940.015625,0.0,0.0
17547.140557116,69.4,108.1,108.1,7940.015625,0.0,0.0
17548.151683603,65.6,112.3,112.3,7940.015625,0.0,0.0
17549.154037169,68.2,105.7,105.7,7940.015625,0.0,0.10911818315412071
17550.156849615,69.8,110.6,110.6,7940.015625,0.0,0.0
17551.160504569,61.3,105.7,105.7,7940.015625,0.0,0.0
17552.163005567,72.0,109.7,109.7,7940.015625,0.0,0.0
17553.166077095,68.7,109.7,109.7,7940.015625,0.0,0.10904008034001814
17554.168994407,69.8,110.5,110.5,7940.015625,0.0,0.06231819837217535
17555.174067387,68.2,105.1,105.1,7940.015625,0.0,0.0
17556.188045101,69.7,111.6,111.6,7960.390625,0.0,0.0
17557.193961128,65.3,109.3,109.3,7940.015625,0.0,0.0
17558.203214735,69.1,110.3,110.3,7940.015625,0.0,0.0
17559.205971252,72.5,108.6,108.6,7940.015625,0.0,0.0857012630117163
17560.211233391,71.7,110.2,110.2,7940.38671875,0.0,0.007771604735610303
17561.220046019,62.2,104.9,104.9,7941.97265625,0.0,0.0
17562.228342738,67.4,109.7,109.7,7940.015625,0.0,0.0
17563.230743463,70.9,110.8,110.8,7940.015625,0.0,0.0
17564.232634367,71.7,111.7,111.7,7940.015625,0.0,0.062382041548052346
17565.236853325,69.4,109.6,109.6,7940.015625,0.0,0.0
17566.240679889,67.6,105.4,105.4,7975.40234375,0.0,0.007782718927931296
17567.248125629,66.8,112.3,112.3,7940.015625,0.0,0.0
17568.251469416,68.1,109.7,109.7,7940.015625,0.0,0.0
17569.253900371,73.0,108.7,108.7,7940.015625,0.0,0.0
17570.257271365,70.2,109.5,109.5,7940.015625,0.0,0.1323662940170858
17571.262045067,69.5,111.6,111.6,7941.6875,0.0,0.007775382640342832
17572.277043414,68.5,105.5,105.5,7960.6328125,0.0,0.0
17573.288128567,71.8,111.4,111.4,7960.6328125,0.0,0.0
17574.311034645,65.6,107.8,107.8,7993.79296875,0.0,0.0
17575.313320051,66.3,110.6,110.6,7960.6328125,0.0,0.0662548308123247
17576.317431881,64.8,105.3,105.3,7978.0546875,0.0,0.007780507874282086
17577.327466477,72.4,109.1,109.1,7973.796875,0.0,0.0
17578.332717361,63.9,111.6,111.6,7932.9609375,0.0,0.0
17579.335614321,72.0,104.7,104.7,7932.9609375,0.0,0.0
17580.338419216,69.7,109.6,109.6,7932.9609375,0.0,0.11685972075347119
17581.341817646,67.9,108.9,108.9,7932.9609375,0.0,0.0
17582.358748163,70.3,111.7,111.7,7932.9609375,0.0,0.007682432446869221
17583.369113076,66.4,110.0,110.0,7963.11328125,0.0,0.0
17584.385054428,69.3,107.2,107.2,7971.66796875,0.0,0.0
17585.388952896,66.3,108.7,108.7,7947.0703125,0.0,0.0622572919396357
17586.391414288,68.5,106.1,106.1,7947.0703125,0.0,0.0
17587.403147769,69.0,110.9,110.9,7947.0703125,0.0,0.007721895288334804
17588.413279681,71.5,107.3,107.3,7949.21484375,0.0,0.0
17589.416036978,69.7,109.7,109.7,7947.0703125,0.0,0.0
17590.418546477,70.3,110.8,110.8,7951.87890625,0.0,0.08572237977355529
17591.420501228,70.5,110.7,110.7,7931.27734375,0.0,0.0
17592.42293442,66.9,106.2,106.2,7931.27734375,0.0,0.0
17593.436330654,69.4,115.0,115.0,7931.27734375,0.0,0.007709225412412427
17594.440044448,68.2,105.6,105.6,7966.5,0.0,0.0
17595.446532947,71.4,113.3,113.3,7931.27734375,0.0,0.0
17596.448756891,65.8,107.7,107.7,7931.27734375,0.0,0.06625889393036816
17597.452310687,69.2,110.6,110.6,7931.27734375,0.0,0.0
17598.455576921,67.2,105.3,105.3,7943.90625,0.0,0.0
17599.462190086,55.1,103.5,103.5,7931.27734375,0.0,0.011641761112847931
17600.467074332,50.9,100.6,100.6,7931.27734375,0.0,0.0
17601.469368421,81.2,103.0,103.0,7920.77734375,0.0,0.12861120445043595
17602.4821416,85.2,126.9,126.9,7920.59375,0.0,0.0
17603.492330969,87.0,131.8,131.8,7916.12890625,0.0,0.0
17604.499949865,86.9,130.2,130.2,7927.32421875,0.0,0.01163014116399369
17605.518689829,75.2,124.2,124.2,7929.0546875,0.0,0.0
17606.535200469,74.9,122.3,122.3,7976.6640625,0.0,0.1152840859592106
17607.539997249,80.2,128.6,128.6,7939.80859375,0.0,0.0
17608.556119978,87.3,129.0,129.0,7989.296875,0.0,0.0
17609.558250483,84.4,130.6,130.6,7972.89453125,0.0,0.007795890815613313
17610.573895479,78.0,124.9,124.9,7950.91015625,0.0,0.0
17611.584624341,68.2,117.7,117.7,7930.73828125,0.0,0.10434920181372202
17612.589442006,73.3,119.9,119.9,7931.06640625,0.0,0.0
17613.599891373,65.2,118.3,118.3,7931.06640625,0.0,0.10824391955895087
17614.60317955,70.6,66.7,66.7,7936.734375,0.0,0.10512308668435665
17615.61109142,76.3,115.3,115.3,7936.53515625,0.0,0.0
17616.614676406,66.3,107.6,107.6,7936.53515625,0.0,0.2880299167808679
17617.632614375,66.7,108.1,108.1,7968.6796875,0.0,0.0
17618.634924408,70.6,104.7,104.7,7936.53515625,0.0,0.0
17619.637283849,68.4,111.6,111.6,7936.53515625,0.0,0.007794110256719861
17620.641528718,75.6,107.7,107.7,7936.53515625,0.007779477138657099,0.12447163421851358
17621.658035551,71.5,109.6,109.6,7936.53515625,0.0,0.09991324868915141
17622.670034436,67.4,116.2,116.2,7936.53515625,0.0,0.0
17623.673047428,68.6,104.6,104.6,7939.98828125,0.0,0.0
17624.679271749,71.1,113.3,113.3,7939.21875,0.0,0.0
17625.685050432,65.9,107.5,107.5,7939.24609375,0.0,0.0077676134243522274
17626.688171839,66.6,110.6,110.6,7939.24609375,0.0,0.1090346584538122
17627.690599005,69.5,108.7,108.7,7939.24609375,0.0,0.0
17628.693985324,65.7,107.7,107.7,7939.24609375,0.0,0.0
17629.697261573,69.4,109.6,109.6,7939.24609375,0.0,0.0
17630.699957155,72.0,110.6,110.6,7939.42578125,0.0,0.0
17631.70532954,68.2,107.8,107.8,7939.42578125,0.0,0.0
17632.719596526,66.5,107.2,107.2,7939.42578125,0.0,0.08857998065612438
17633.721659503,67.4,112.6,112.6,7939.42578125,0.0,0.0
17634.726764485,69.2,106.3,106.3,7978.8828125,0.0,0.0
17635.735075953,63.5,111.3,111.3,7939.42578125,0.0,0.0
17636.738254325,69.5,108.7,108.7,7939.42578125,0.0,0.0
17637.740498442,71.6,111.7,111.7,7947.5546875,0.0,0.06625756028256664
17638.743275036,75.7,106.7,106.7,7947.5546875,0.0,0.007790867922874897
17639.746179143,72.6,112.7,112.7,7947.5546875,0.0,0.0
17640.748849117,69.6,109.5,109.5,7947.5546875,0.0,0.0
17641.755055761,63.4,105.5,105.5,7947.5546875,0.0,0.0
17642.757992941,68.3,110.7,110.7,7947.5546875,0.0,0.08568582530784605
17643.760307217,73.2,108.8,108.8,7961.3203125,0.0,0.0077944614648980315
17644.762614228,67.3,109.7,109.7,7947.5546875,0.0,0.0
17645.766043561,66.3,111.6,111.6,7947.5546875,0.0,0.0
17646.769125639,66.0,107.5,107.5,7947.5546875,0.0,0.0
17647.7755645,68.5,106.5,106.5,7947.5546875,0.0,0.11255651425001095
17648.777750127,75.5,110.7,110.7,7947.5546875,0.0,0.011693193041577234
17649.780181683,67.5,109.7,109.7,7947.5546875,0.0,0.0
17650.783513092,71.9,110.6,110.6,7947.5546875,0.0,0.0
17651.786485882,68.7,108.2,108.2,7947.5546875,0.0,0.0
17652.797180959,63.1,107.4,107.4,7947.5546875,0.0,0.0
17653.799639046,69.3,110.7,110.7,7947.5546875,0.0,0.12079682090517566
17654.801816726,69.3,108.8,108.8,7947.5546875,0.0,0.007795523843619036
17655.804189058,66.3,110.6,110.6,7947.5546875,0.0,0.0
17656.807807721,70.1,108.3,108.3,7947.5546875,0.0,0.0
17657.821729631,67.5,114.5,114.5,7947.5546875,0.0,0.0
17658.828771822,66.8,101.5,101.5,7947.5546875,0.0,0.08921547756661839
17659.831641462,69.4,112.7,112.7,7947.5546875,0.0,0.0
17660.834846518,67.6,109.3,109.3,7947.5546875,0.0,0.007787540496603802
17661.85704218,69.4,111.9,111.9,7947.5546875,0.0,0.0
17662.859740789,62.7,105.7,105.7,7947.5546875,0.0,0.0
17663.86256136,67.8,110.7,110.7,7947.5546875,0.0,0.06232421014025034
17664.868114529,68.9,103.4,103.4,7972.32421875,0.0,0.031077421824594546
17665.872441329,65.0,110.5,110.5,7947.5546875,0.0,0.0
17666.875724089,69.3,111.6,111.6,7947.5546875,0.0,0.01168040603029148
17667.879586507,69.2,111.0,111.0,7948.00390625,0.0,0.0
17668.890354179,72.2,108.4,108.4,7947.5546875,0.0,0.1275330163111994
17669.893402611,71.5,110.7,110.7,7947.5546875,0.0,0.0
17670.896535375,69.8,109.1,109.1,7947.5546875,0.0,0.0
17671.911064632,67.5,109.0,109.0,7947.5546875,0.0,0.007700615774345397
17672.917419355,69.4,112.7,112.7,7947.5546875,0.0,0.0
17673.927482823,65.7,107.5,107.5,7947.5546875,0.0,0.08894861842465737
17674.930087384,74.1,111.7,111.7,7959.21875,0.0,0.0
17675.9324348,69.8,107.7,107.7,7959.21875,0.0,0.0
17676.935032037,68.8,106.7,106.7,7969.6328125,0.0,0.0
17677.93770278,63.8,110.6,110.6,7933.51953125,0.0,0.0
17678.942016695,69.8,108.5,108.5,7933.51953125,0.0,0.14002096147394966
17679.946020622,66.3,105.7,105.7,7933.51953125,0.0,0.01945336016601298
17680.949040048,68.3,110.7,110.7,7933.51953125,0.0,0.0
17681.951284367,70.7,110.7,110.7,7933.51953125,0.0,0.0
17682.954717648,69.0,109.5,109.5,7938.39453125,0.0,0.0
17683.959614453,72.2,109.6,109.6,7938.58984375,0.0,0.0
17684.961935855,68.9,109.7,109.7,7939.546875,0.0,0.07404685747694197
17685.965217893,69.9,110.2,110.2,7939.546875,0.0,0.007786942957308882
17686.978052129,65.8,106.1,106.1,7973.44140625,0.0,0.0
17687.980588065,65.7,109.7,109.7,7940.80859375,0.0,0.0
17688.98661208,74.2,108.3,108.3,7940.80859375,0.0,0.0
17689.991099991,73.2,110.5,110.5,7943.72265625,0.0,0.0855535433119532
17690.994600389,69.1,112.5,112.5,7943.72265625,0.0,0.0
17692.000069673,67.0,110.5,110.5,7943.72265625,0.0,0.007770003643404558
17693.002879252,63.6,104.7,104.7,7943.72265625,0.0,0.0
17694.005815016,70.4,110.7,110.7,7943.72265625,0.0,0.0
17695.00918016,71.0,109.6,109.6,7943.72265625,0.0,0.062290383888464654
17696.012753983,70.2,109.6,109.6,7943.72265625,0.0,0.0
17697.017938159,69.3,109.0,109.0,7943.72265625,0.0,0.0
17698.03009255,69.3,107.2,107.2,7989.484375,0.0,0.00771868409547728
17699.032642634,67.3,108.7,108.7,7943.72265625,0.0,0.1090967940113196
17700.035261526,71.1,109.7,109.7,7943.72265625,0.0,0.02337628004714989
17701.039074042,65.1,108.0,108.0,7943.72265625,0.0,0.08561110628758513
17702.047246387,71.1,107.5,107.5,7943.72265625,0.0,0.0
17703.053080765,69.0,110.6,110.6,7969.7265625,0.0,0.007767183316534915
17704.062837513,66.4,109.9,109.9,7943.72265625,0.0,0.0
17705.066176924,67.9,107.0,107.0,7944.83984375,0.0,0.0
17706.082585927,64.4,108.9,108.9,7944.83984375,0.0,0.06149099409337672
17707.085409669,70.4,112.7,112.7,7944.83984375,0.0,0.0
17708.08869942,68.5,110.5,110.5,7944.83984375,0.0,0.0
17709.093917603,70.5,108.9,108.9,7944.83984375,0.0,0.007771944570965412
17710.107610243,51.4,101.3,101.3,7944.83984375,0.0,0.0
17711.109921043,50.9,99.8,99.8,7944.83984375,0.0,0.08573937345593226
17712.112731919,70.6,92.1,92.1,7926.97265625,0.0,0.0
17713.127262581,80.9,109.7,109.7,7892.43359375,0.0,0.0
17714.14110207,82.7,127.4,127.4,7903.609375,0.0,0.0
17715.147121514,83.2,129.5,129.5,7929.94140625,0.0,0.007765754475806281
17716.153677615,81.6,127.9,127.9,7951.28515625,0.0,0.062092912593785035
17717.159855839,72.7,124.1,124.1,7945.04296875,0.0,0.0
17718.17161797,77.6,120.7,120.7,8007.265625,0.0,0.0
17719.196591979,82.5,126.2,126.2,8002.51953125,0.0,0.0
17720.198744532,83.8,129.2,129.2,7952.87890625,0.0,0.0
17721.208359102,84.7,132.3,132.3,7950.20703125,0.0,0.08511911629824971
17722.222823402,70.7,119.0,119.0,7945.07421875,0.0,0.0
17723.227338814,70.9,121.6,121.6,7945.27734375,0.0,0.0
17724.230033702,69.6,116.7,116.7,7950.35546875,0.0,0.0
17725.233794426,58.0,110.5,110.5,7945.27734375,0.0,0.0
17726.238909086,86.2,74.2,74.2,7945.27734375,0.0,0.13213666588026302
17727.250689337,63.4,109.4,109.4,7945.27734375,0.33974768697100366,0.007721538340250083
17728.254161439,70.1,111.7,111.7,7945.27734375,0.0,0.035034606273546536
17729.256270402,70.8,105.7,105.7,7977.50390625,0.0,0.0
17730.260408141,70.9,108.5,108.5,8011.0546875,0.0,0.0
17731.264587649,68.0,113.7,113.7,7960.5,0.0,0.1711596369282409
17732.267803829,69.1,111.2,111.2,7972.375,0.0,0.0
17733.274078535,67.6,110.6,110.6,7960.5,0.0,0.034937030405687304
17734.280246651,71.6,109.3,109.3,7942.97265625,0.0,0.0
17735.28490692,70.5,110.1,110.1,7938.265625,0.0,0.0
17736.296048463,67.6,108.3,108.3,7938.265625,0.0,0.12362265289695942
17737.298406839,70.3,108.7,108.7,7944.89453125,0.0,0.0
17738.300781634,69.2,107.5,107.5,7945.34375,0.0,0.0
17739.309045361,72.8,109.2,109.2,7945.34375,0.0,0.019371171923575816
17740.322539392,68.5,109.7,109.7,7946.4765625,0.0,0.0
17741.32481634,70.6,111.6,111.6,7947.890625,0.0,0.0
17742.329898517,68.2,108.9,108.9,7947.890625,0.0,0.09716245321482386
17743.341669789,62.6,105.4,105.4,7947.890625,0.0,0.0
17744.344106452,70.2,109.7,109.7,7947.890625,0.0,0.0
17745.346701351,72.2,109.7,109.7,7947.890625,0.0,0.011688419731321282
17746.3492745,71.0,110.7,110.7,7950.81640625,0.0,0.0
17747.352232367,69.1,107.8,107.8,7950.81640625,0.0,0.1012629775802857
17748.369301568,64.8,106.8,106.8,7950.81640625,0.0,0.0
17749.376985175,67.8,111.3,111.3,7951.8359375,0.0,0.0
17750.38022349,68.6,107.6,107.6,7951.8359375,0.0,0.0
17751.383445215,68.1,107.9,107.9,7951.8359375,0.0,0.019468527757393047
17752.399759034,69.0,113.8,113.8,7951.8359375,0.0,0.096088676720034
17753.404363829,72.8,110.5,110.5,7951.8359375,0.0,0.0
17754.409058744,67.9,106.7,106.7,7951.8359375,0.0,0.0
17755.426275123,63.2,110.0,110.0,7955.65625,0.0,0.0
17756.428579996,70.8,109.7,109.7,7955.65625,0.0,0.0
17757.43146198,68.7,104.7,104.7,7984.53125,0.0,0.015580098405719712
17758.435565347,71.2,113.2,113.2,7956.3046875,0.0,0.16339204248444003
17759.442640026,68.4,107.6,107.6,7955.65625,0.0,0.0
17760.445580856,70.9,108.7,108.7,7955.65625,0.0,0.0
17761.448697478,70.1,110.7,110.7,7955.65625,0.0,0.0
17762.4515565,69.7,109.7,109.7,7955.65625,0.0,0.0
17763.455056119,70.9,105.7,105.7,7993.0859375,0.0,0.08563780032680249
17764.457376277,77.4,116.0,116.0,7944.04296875,0.0,0.0
17765.467842464,68.2,106.6,106.6,7917.7265625,0.0,0.0
17766.470337092,67.3,110.7,110.7,7917.7265625,0.0,0.042861825689541784
17767.474055783,62.6,105.7,105.7,7930.07421875,0.0,0.0
17768.476441037,73.1,109.7,109.7,7940.96484375,0.0,0.06235127636864787
17769.479396458,66.8,110.7,110.7,7940.96484375,0.0,0.007789478810761144
17770.481726615,69.8,105.8,105.8,7940.96484375,0.0,0.0
17771.484189175,64.0,107.2,107.2,7940.96484375,0.0,0.0
17772.494840905,68.6,112.3,112.3,7940.96484375,0.0,0.0
17773.50008441,68.4,109.7,109.7,7940.96484375,0.0,0.08548923675974418
17774.514551589,74.0,109.0,109.0,7940.96484375,0.0,0.007701086995932587
17775.535203004,64.6,107.9,107.9,7940.96484375,0.0,0.0
17776.538023746,69.1,110.7,110.7,7940.96484375,0.0,0.0
17777.541549139,69.2,108.7,108.7,7940.96484375,0.0,0.0
17778.559055957,70.1,108.0,108.0,7940.96484375,0.0,0.09213697475197656
17779.564243047,63.4,110.5,110.5,7940.96484375,0.0,0.0
17780.567280382,71.2,110.6,110.6,7940.96484375,0.0,0.007788842675517642
17781.572299506,68.3,107.9,107.9,7940.96484375,0.0,0.0
17782.581740381,66.3,113.7,113.7,7940.96484375,0.0,0.0
17783.585047232,67.1,103.6,103.6,7940.96484375,0.0,0.0
17784.58802903,69.3,109.7,109.7,7940.96484375,0.0,0.08568201354343315
17785.590300725,69.3,111.5,111.5,7940.96484375,0.0,0.0
17786.596437689,68.7,111.5,111.5,7940.96484375,0.0,0.007764847410982086
17787.598389249,66.5,104.8,104.8,7940.96484375,0.0,0.0
17788.600841394,71.8,108.7,108.7,7940.96484375,0.0,0.007793389478959609
17789.604085086,71.2,111.7,111.7,7947.6015625,0.0,0.08176602619487985
17790.606685693,68.0,112.6,112.6,7947.6015625,0.0,0.0
17791.612056226,69.3,105.6,105.6,7948.5859375,0.0,0.0
17792.614439307,65.5,110.7,110.7,7947.6015625,0.0,0.0077939264419908455
17793.616888159,68.9,110.6,110.6,7947.6015625,0.0,0.10910781111859631
17794.621189637,67.7,106.2,106.2,7947.6015625,0.0,0.0622323090914195
17795.632728548,68.9,116.1,116.1,7947.6015625,0.0,0.0
17796.635091635,66.8,103.7,103.7,7947.6015625,0.0,0.0
17797.637771292,68.7,109.7,109.7,7947.6015625,0.0,0.0077916211278887875
17798.641503583,74.1,109.4,109.4,7947.6015625,0.0,0.0
17799.647511725,65.2,110.6,110.6,7947.6015625,0.0,0.08542425892202193
17800.649898015,63.6,107.7,107.7,7947.6015625,0.0,0.0
17801.65255413,69.8,108.5,108.5,7947.6015625,0.0,0.0
17802.658379496,71.3,106.4,106.4,7949.59375,0.0,0.0
17803.669066441,70.0,114.1,114.1,7950.125,0.0,0.011594836618738887
17804.68605319,65.7,104.9,104.9,7949.59375,0.0,0.0
17805.688868167,67.8,109.7,109.7,7949.59375,0.0,0.10127740643022602
17806.692088195,67.1,105.5,105.5,7979.51953125,0.0,0.0
17807.69706359,61.8,107.6,107.6,7949.59375,0.0,0.0
17808.701057835,73.4,107.6,107.6,7949.59375,0.0,0.01945354776414065
17809.703981282,63.9,105.3,105.3,7949.59375,0.0,0.0
17810.718047056,68.2,108.9,108.9,7949.59375,0.0,0.0963016921621136
17811.720375993,67.9,110.7,110.7,7949.59375,0.0,0.0
17812.72327339,73.9,106.7,106.7,7949.59375,0.0,0.0
17813.725703976,67.8,112.5,112.5,7949.59375,0.0,0.0
17814.731413328,64.9,104.6,104.6,7949.59375,0.0,0.054377042324603754
17815.73386416,65.1,111.7,111.7,7949.59375,0.0,0.0
17816.736401249,71.4,109.7,109.7,7949.59375,0.0,0.10130547898364951
17817.73838578,71.1,109.8,109.8,7949.59375,0.0,0.0
17818.740792886,75.8,108.7,108.7,7949.59375,0.0,0.0
17819.743748881,63.0,106.7,106.7,7950.6328125,0.0,0.0
17820.746039078,68.0,110.7,110.7,7949.59375,0.0,0.01948662179720922
17821.749103546,66.2,108.7,108.7,7949.59375,0.0,0.09735789983132649
17822.75098618,51.3,100.8,100.8,7949.59375,0.0,0.0
17823.754069483,52.0,95.7,95.7,7958.92578125,0.0,0.0
17824.756609387,84.8,120.9,120.9,7897.04296875,0.0,0.0
17825.769089669,86.4,128.8,128.8,7899.95703125,0.0,0.00771619965237652
17826.779342596,82.8,136.4,136.4,7899.95703125,0.0,0.06186569553978353
17827.794127411,83.8,132.5,132.5,7945.82421875,0.0,0.0
17828.802084549,75.9,120.9,120.9,7993.390625,0.0,0.0
17829.808626467,77.8,127.6,127.6,7922.67578125,0.0,0.0
17830.810772321,82.2,128.4,128.4,7957.2890625,0.0,0.0
17831.81852322,84.2,131.4,131.4,7942.12890625,0.0,0.09302894206598807
17832.831805639,84.1,131.2,131.2,8009.71484375,0.0,0.0
17833.834134861,74.9,125.2,125.2,7954.5234375,0.0,0.0
17834.845137541,69.1,120.1,120.1,7970.0390625,0.0,0.0
17835.851600378,71.1,118.9,118.9,7933.98828125,0.0,0.0
17836.861631463,60.8,115.1,115.1,7942.43359375,0.0,0.06961419410155249
17837.865956468,78.9,78.7,78.7,7942.46484375,0.0,3.582163375502156
17838.869691541,72.5,115.6,115.6,7942.46484375,0.0,0.0
17839.871951186,71.4,112.7,112.7,7969.76171875,0.0,0.0
17840.874608472,71.0,111.7,111.7,7942.46484375,0.0,0.0
17841.877539321,71.6,112.7,112.7,7942.46484375,0.0,3.78967428690162
17842.880022749,68.8,104.9,104.9,7942.46484375,0.0,0.007793146282333809
17843.894048398,65.3,111.4,111.4,7942.46484375,0.015408880451287724,0.10400994304619214
17844.897083094,70.5,111.6,111.6,7942.46484375,0.0,0.0
17845.901287897,67.1,104.6,104.6,7950.640625,0.0,0.0
17846.903609535,66.3,110.7,110.7,7942.46484375,0.0,0.1208132653323538
17847.905986256,71.0,109.7,109.7,7942.46484375,0.0,0.0
17848.909030025,69.4,105.7,105.7,7991.4453125,0.14798706156956173,0.007788792714187459
17849.91144583,68.1,109.7,109.7,7943.81640625,0.0,0.0
17850.914082008,69.8,111.6,111.6,7943.81640625,0.0,0.0
17851.919057097,62.9,104.6,104.6,7943.81640625,0.0,0.08551206984201778
17852.921477384,66.8,110.7,110.7,7943.81640625,0.0,0.0
17853.924503302,69.0,108.7,108.7,7943.81640625,0.0,0.10904503865449623
17854.927385112,68.5,110.1,110.1,7943.8203125,0.0,0.0
17855.938403449,70.2,112.4,112.4,7943.81640625,0.0,0.0
17856.941536156,69.6,109.7,109.7,7943.81640625,0.0,0.05451671510501888
17857.944641092,70.8,111.2,111.2,7943.9375,0.0,0.0
17858.95706928,68.7,104.1,104.1,7969.39453125,0.0,0.0038582983428288695
17859.960163028,64.8,109.7,109.7,7943.81640625,0.0,0.0
17860.962931717,70.1,111.7,111.7,7943.81640625,0.0,0.0
17861.966100907,69.8,111.6,111.6,7943.81640625,0.0,0.07787818922147509
17862.969226462,68.1,107.1,107.1,7943.81640625,0.0,0.0
17863.980022541,66.0,110.4,110.4,7943.81640625,0.0,0.0
17864.983352078,66.4,110.6,110.6,7943.81640625,0.0,0.0
17865.98629582,69.2,111.7,111.7,7943.81640625,0.0,0.0
17866.99106979,65.1,110.5,110.5,7943.81640625,0.0,0.06609073481457622
17867.994003616,71.8,110.4,110.4,7943.81640625,0.0,0.0
17869.001671061,71.6,112.2,112.2,7943.81640625,0.0,0.0
17870.006739181,64.5,105.6,105.6,7943.81640625,0.0,0.0
17871.010041579,70.1,108.7,108.7,7943.81640625,0.0,0.0
17872.012807105,70.5,109.7,109.7,7943.81640625,0.0,0.19866932481716204
17873.015214986,70.0,110.5,110.5,7943.81640625,0.0,0.0
17874.020199315,65.7,107.1,107.1,7943.81640625,0.0,0.0
17875.03155355,69.1,114.3,114.3,7943.81640625,0.0,0.0
17876.033896708,64.2,105.7,105.7,7943.81640625,0.0,0.0
17877.036842998,71.3,111.6,111.6,7947.81640625,0.0,0.0
17878.040453009,71.1,102.6,102.6,7987.5546875,0.0,0.12844257090603237
17879.045123632,68.4,108.6,108.6,7948.59765625,0.0,0.0
17880.047555415,69.4,110.7,110.7,7948.59765625,0.0,0.0
17881.051904516,69.2,106.2,106.2,7948.59765625,0.0,0.0
17882.060398372,63.6,110.4,110.4,7948.59765625,0.0,0.0
17883.062777824,70.6,109.7,109.7,7948.59765625,0.0,0.12080629721423213
17884.065186184,66.9,106.4,106.4,7971.5,0.0,0.0
17885.071669851,64.0,109.6,109.6,7948.59765625,0.0,0.0
17886.074712187,71.5,112.7,112.7,7948.59765625,0.0,0.0
17887.077540742,70.9,109.6,109.6,7948.59765625,0.0,0.0
17888.082994445,67.7,106.9,106.9,7948.59765625,0.0,0.0660460544347273
17889.098437133,69.2,107.0,107.0,7948.59765625,0.0,0.0
17890.100269621,72.1,111.8,111.8,7948.59765625,0.0,0.0
17891.10253756,69.8,110.8,110.8,7948.59765625,0.0,0.0
17892.104861501,69.7,109.7,109.7,7948.59765625,0.0,0.0
17893.107249008,69.6,110.7,110.7,7948.59765625,0.0,0.0
17894.110327838,73.6,110.6,110.6,7948.59765625,0.0,0.14798188892106043
17895.114697114,62.5,104.7,104.7,7948.59765625,0.0,0.0
17896.11699342,70.9,112.7,112.7,7948.59765625,0.0,0.0
17897.119802987,69.8,110.7,110.7,7948.59765625,0.0,0.0
17898.122204935,68.8,106.6,106.6,7948.59765625,0.0,0.0
17899.128976235,69.2,110.4,110.4,7980.22265625,0.0,0.10087941521585528
17900.13142469,67.8,109.7,109.7,7948.59765625,0.0,0.007793418166313578
17901.133840908,71.4,108.7,108.7,7948.59765625,0.0,0.0
17902.137199214,71.0,111.6,111.6,7948.59765625,0.0,0.0
17903.14022046,68.2,111.1,111.1,7948.59765625,0.0,0.0
17904.150105268,68.0,105.5,105.5,7948.59765625,0.0,0.06188824656537593
17905.156137474,65.0,109.4,109.4,7948.59765625,0.0,0.007765655963489965
17906.158694283,68.9,110.7,110.7,7948.59765625,0.0,0.0
17907.161027369,69.7,107.8,107.8,7948.59765625,0.0,0.0
17908.163453376,70.7,108.8,108.8,7948.59765625,0.0,0.0
17909.181121012,72.5,111.8,111.8,7948.59765625,0.0,0.08828398076334766
17910.185920988,66.8,104.6,104.6,7948.59765625,0.0,0.0
17911.189392192,67.4,110.7,110.7,7948.59765625,0.0,0.0077854750279438105
17912.192302862,71.0,111.7,111.7,7948.59765625,0.0,0.0
17913.195357328,64.8,106.7,106.7,7966.140625,0.0,0.0
17914.201622267,66.3,110.3,110.3,7948.59765625,0.0,0.15915912777346763
17915.204541248,69.8,111.6,111.6,7948.59765625,0.0,0.07010785649884989
17916.208043117,70.1,112.6,112.6,7948.59765625,0.0,0.007785237119476829
17917.211734524,68.5,107.0,107.0,7948.59765625,0.0,0.0
17918.226330763,68.3,108.0,108.0,7948.59765625,0.0,0.0
17919.244372961,71.1,110.6,110.6,7948.59765625,0.0,0.0
17920.253303911,68.0,110.4,110.4,7970.4609375,0.0,0.08517679034428141
17921.255610663,71.0,109.7,109.7,7953.375,0.0,0.0
17922.258062779,71.3,109.6,109.6,7953.375,0.0,0.007793389704402071
17923.263022981,69.7,112.0,112.0,7931.76953125,0.0,0.0
17924.272851641,60.6,105.6,105.6,7930.07421875,0.0,0.0
17925.275291118,70.4,112.7,112.7,7941.0234375,0.0,0.062347903722824144
17926.278053141,69.7,107.7,107.7,7941.0234375,0.0,0.0
17927.280486641,67.9,109.6,109.6,7941.0234375,0.0,0.0
17928.285463409,68.0,110.5,110.5,7941.0234375,0.0,0.007773811543477647
17929.289772261,72.2,104.8,104.8,7941.0234375,0.0,0.0
17930.30655807,70.4,109.3,109.3,7941.0234375,0.0,0.08451878383767514
17931.322071842,69.5,110.4,110.4,7941.0234375,0.0,0.0
17932.331498334,62.3,108.6,108.6,7941.0234375,0.0,0.0
17933.333820946,50.9,100.6,100.6,7941.0234375,0.0,0.0
17934.338471823,56.0,84.5,84.5,7941.0234375,0.0,0.011664499845959006
17935.347236983,82.6,124.6,124.6,7941.0234375,0.0,0.10068002348528518
17936.359276108,84.0,127.7,127.7,7898.59375,0.0,0.0
17937.36749796,80.2,128.9,128.9,7898.703125,0.0,0.0
17938.376438323,84.0,127.2,127.2,7944.796875,0.0,0.0
17939.38308687,78.3,124.7,124.7,7944.796875,0.0,0.01940225320768367
17940.394055523,76.9,125.2,125.2,7991.02734375,0.0,0.0965967141612963
17941.400420281,79.2,126.2,126.2,7982.140625,0.0,0.0
17942.409510438,84.8,131.1,131.1,7962.8203125,0.0,0.0
17943.423930556,88.4,136.7,136.7,8005.8046875,0.0,0.0
17944.429040579,78.0,128.5,128.5,7954.4140625,0.0,0.0
17945.433068159,69.6,118.1,118.1,7994.125,0.0,0.1206079916651266
17946.440870346,71.7,123.4,123.4,7948.41015625,0.0,0.0
17947.44530736,65.2,114.5,114.5,7948.41015625,0.0,0.0
17948.449672845,72.7,72.8,72.8,7978.83203125,0.0,0.03500344299473396
17949.476035798,77.0,122.4,122.4,7954.34375,0.0,0.0
17950.478652212,71.6,111.7,111.7,7954.34375,0.0,0.19869887149086082
17951.481497735,67.1,104.7,104.7,7952.40625,0.0,0.0
17952.485042424,66.2,111.6,111.6,7934.08984375,0.0,0.0
17953.488082279,73.9,109.3,109.3,7961.90234375,0.0,0.0
17954.497037493,66.7,108.4,108.4,7947.08203125,0.0,0.0
17955.499286138,66.5,108.7,108.7,7939.80078125,0.0,0.08574469063015669
17956.502178839,69.9,111.7,111.7,7939.80078125,0.0,0.011684948936538857
17957.504643534,74.8,108.7,108.7,7942.8125,0.0,0.0
17958.507180273,73.2,108.6,108.6,7945.953125,0.0,0.0
17959.513090209,68.3,105.5,105.5,7968.109375,0.0,0.0
17960.517060061,68.3,111.6,111.6,7942.8125,0.0,0.0
17961.519915871,67.7,110.5,110.5,7942.8125,0.0,0.12464404030345586
17962.524905453,65.5,105.0,105.0,7942.8125,0.0,0.01943428106101279
17963.53804005,66.6,111.2,111.2,7942.8125,0.0,0.0
17964.540675546,65.5,109.7,109.7,7942.81640625,0.0,0.0
17965.542940637,67.0,110.7,110.7,7942.8125,0.0,0.0
17966.546041441,65.5,104.7,104.7,7959.640625,0.0,0.07398932360922392
17967.551042976,68.4,109.5,109.5,7973.94921875,0.0,0.0
17968.55408729,78.4,113.5,113.5,7943.19140625,0.0,0.007788788482191967
17969.559839774,66.5,107.6,107.6,7943.19140625,0.0,0.0
17970.561795502,66.3,104.8,104.8,7944.0546875,0.0,0.0
17971.564380911,65.1,110.7,110.7,7943.19140625,0.0,0.0
17972.567412315,70.3,109.6,109.6,7948.90234375,0.0,0.08957222041295387
17973.570725393,68.7,111.6,111.6,7948.90234375,0.0,0.007786702048726643
17974.574041608,68.3,111.5,111.5,7948.90234375,0.0,0.0
17975.577875551,65.0,105.7,105.7,7948.90234375,0.0,0.0
17976.580312542,72.3,112.6,112.6,7948.90234375,0.0,0.0
17977.584756251,66.6,110.5,110.5,7948.90234375,0.0,0.06222349688686968
17978.589179325,64.3,102.7,102.7,7948.90234375,0.0,0.0
17979.591682855,68.7,107.6,107.6,7948.90234375,0.0,0.007792990015716486
17980.597175436,68.8,114.4,114.4,7948.90234375,0.0,0.0
17981.60195736,69.9,109.4,109.4,7948.90234375,0.0,0.02721361655390234
17982.607363832,72.0,107.4,107.4,7948.90234375,0.0,0.08936062428666773
17983.613941053,70.4,112.0,112.0,7948.90234375,0.0,0.0
17984.626839509,65.8,107.7,107.7,7951.0703125,0.0,0.0
17985.632936247,69.0,110.7,110.7,7948.90234375,0.0,0.007765157866974103
17986.635222733,71.0,110.7,110.7,7953.76171875,0.0,0.0
17987.637730548,70.9,111.2,111.2,7954.18359375,0.0,0.06234365365026705
17988.649057596,69.6,107.8,107.8,7934.94140625,0.0,0.0
17989.659619266,64.5,108.4,108.4,7934.94140625,0.0,0.0
17990.66197321,70.7,110.7,110.7,7944.74609375,0.0,0.0
17991.664843703,68.7,108.9,108.9,7947.484375,0.0,0.007790138462068161
17992.6764812,69.0,110.0,110.0,7947.484375,0.0,0.08494890734574263
17993.688905987,69.5,108.2,108.2,7947.484375,0.0,0.0
17994.708921795,75.2,108.2,108.2,7947.484375,0.0,0.0
17995.719381405,70.0,110.3,110.3,7947.484375,0.0,0.0
17996.723893312,72.6,115.6,115.6,7947.484375,0.0,0.0
17997.727874843,70.7,105.3,105.3,7985.1796875,0.0,0.07003365881630624
17998.734574266,73.7,109.0,109.0,7965.484375,0.0,0.0
17999.744529154,69.1,109.6,109.6,7947.484375,0.0,0.10829691632733497
18000.74688551,69.4,108.7,108.7,7947.484375,0.0,0.0
18001.74924896,66.1,110.7,110.7,7947.484375,0.0,0.0
18002.752635877,62.5,105.7,105.7,7947.484375,0.0,0.13625725797656252
18003.755505004,70.8,111.7,111.7,7947.484375,0.0,0.0
18004.757931243,71.5,111.7,111.7,7947.484375,0.0,0.0
18005.761047997,67.6,107.6,107.6,7947.484375,0.5490699340866145,0.0
18006.767060907,64.7,106.4,106.4,7947.484375,0.4775970022084822,0.0
18007.771222672,69.4,109.6,109.6,7947.484375,0.0,0.08558133061372068
18008.773792522,72.4,110.6,110.6,7947.484375,0.0,0.0
18009.778450587,68.0,109.1,109.1,7947.484375,0.0,0.02332883278050112
18010.791413074,66.2,107.9,107.9,7947.484375,0.0,0.11183163389953049
18011.796703673,69.8,110.7,110.7,7947.484375,0.0,0.0
18012.799740783,69.2,112.6,112.6,7947.484375,0.0,0.0
18013.80328237,70.0,108.0,108.0,7947.484375,0.0,0.14402118643829132
18014.8160339,64.2,108.2,108.2,7947.484375,0.0,0.0
18015.822658784,69.5,111.4,111.4,7947.484375,0.0,0.0
18016.825045153,69.3,109.7,109.7,7947.484375,0.0,0.0
18017.828303963,66.8,105.3,105.3,7947.484375,0.0,0.0
18018.838082186,75.0,108.3,108.3,7982.6875,0.0,0.07736847380988121
18019.843430134,72.4,114.1,114.1,7947.484375,0.0,0.007770941409450587
18020.852505182,63.5,106.4,106.4,7962.02734375,0.0,0.0
18021.86033337,66.8,110.1,110.1,7947.484375,0.0,0.0
18022.863598702,69.4,107.2,107.2,7947.484375,0.0,0.0
18023.879091928,66.9,108.7,108.7,7960.04296875,0.0,0.06154644698726003
18024.885564993,67.3,109.4,109.4,7934.94140625,0.0,0.0
18025.891587765,68.9,108.4,108.4,7939.3828125,0.0,0.01164859317917636
18026.894992483,65.5,106.7,106.7,7939.3828125,0.0,0.0
18027.904084282,67.2,109.6,109.6,7962.82421875,0.0,0.0
18028.913369852,75.5,109.0,109.0,7957.4609375,0.0,0.1625531017942073
18029.920726271,72.7,116.4,116.4,7940.47265625,0.0,0.0
18030.92805057,66.0,106.4,106.4,7970.8203125,0.0,0.0
18031.930895316,70.7,110.7,110.7,7950.15625,0.0,0.007790338465818294
18032.936731827,67.6,105.9,105.9,7962.1953125,0.0,0.0
18033.947805572,65.2,111.2,111.2,7950.15625,0.0,0.06181547123463485
18034.950737544,72.7,110.7,110.7,7950.15625,0.0,0.011684491398367823
18035.953283092,71.0,110.6,110.6,7950.15625,0.0,0.0
18036.95833423,67.4,103.6,103.6,7950.15625,0.0,0.007773236310691629
18037.965098594,64.6,110.3,110.3,7950.15625,0.0,0.0
18038.968086008,73.3,108.7,108.7,7950.15625,0.0,0.0
18039.970363005,64.9,106.6,106.6,7978.91015625,0.0,0.09743439218147532
18040.976083299,68.6,110.3,110.3,7950.15625,0.0,0.0
18041.989042658,69.2,110.8,110.8,7968.125,0.0,0.007712550291968012
18042.997174831,66.3,109.0,109.0,7950.15625,0.0,0.0
18044.001324822,50.7,101.7,101.7,7950.15625,0.0,0.0077802121894615835
18045.003648881,56.5,83.6,83.6,7921.93359375,0.0,0.054560697719326694
18046.010033245,80.8,127.1,127.1,7927.01171875,0.0,0.0
18047.025793021,83.2,127.5,127.5,7906.15234375,0.0,0.0
18048.037085758,79.8,134.8,134.8,7905.8828125,0.0,0.007725260663081809
18049.046950364,83.9,120.5,120.5,7948.7109375,0.0,0.0
18050.062081117,76.2,125.0,125.0,7986.6875,0.0,0.10389671447580297
18051.065264787,75.0,123.9,123.9,7951.21875,0.0,0.0
18052.078786307,77.3,123.2,123.2,7970.0390625,0.0,0.0
18053.092522129,82.9,127.0,127.0,7951.87890625,0.0,0.0
18054.110040326,85.1,129.9,129.9,8005.10546875,0.0,0.007677995364658958
18055.112385285,87.1,130.7,130.7,7926.9921875,0.0,0.06235378293547366
18056.114891507,68.8,116.7,116.7,7930.03515625,0.0,0.0
18057.118632954,70.6,119.5,119.5,7974.84375,0.0,0.0
18058.122345202,70.3,117.5,117.5,7949.984375,0.0,0.0
18059.129773788,61.3,108.1,108.1,7914.21484375,0.0,0.10856848963753472
18060.135050977,84.6,76.4,76.4,7914.21484375,0.0,0.4196603728962145
18061.143085504,72.0,112.4,112.4,7914.21484375,0.0,0.0
18062.14760251,67.9,108.2,108.2,7914.21484375,0.0,0.0
18063.157365575,60.1,106.4,106.4,7914.21484375,0.0,0.0
18064.15982919,72.2,110.7,110.7,7914.21484375,0.0,0.0
18065.162051593,71.7,112.6,112.6,7914.21484375,0.03118070391009106,0.23385527932568295
18066.165462349,67.6,109.7,109.7,7914.21484375,0.0,0.03892972022322367
18067.167942869,71.1,110.7,110.7,7914.21484375,0.0,0.0
18068.170767313,72.0,110.2,110.2,7914.27734375,0.0,0.0
18069.181905736,71.7,109.2,109.2,7914.21484375,0.0,0.0
18070.184946173,69.4,106.0,106.0,7914.21484375,0.0,0.15188196246156394
18071.197859107,64.6,112.9,112.9,7914.21484375,0.0,0.0
18072.205463668,69.1,108.5,108.5,7914.21484375,0.0,0.0
18073.208887026,69.1,110.6,110.6,7914.21484375,0.0,0.0
18074.213038868,64.0,106.5,106.5,7936.28125,0.0,0.0
18075.217982515,68.8,110.5,110.5,7915.890625,0.0,0.05441847427292203
18076.222045412,69.7,109.6,109.6,7914.21484375,0.0,0.0
18077.224757806,69.4,110.7,110.7,7914.21484375,0.0,0.0
18078.227783561,71.7,110.7,110.7,7914.21484375,0.0,0.0
18079.23025551,73.7,107.7,107.7,7914.21484375,0.0,0.0
18080.233415814,68.2,105.5,105.5,7954.4296875,0.0,0.0
18081.238961907,65.3,116.3,116.3,7918.609375,0.0,0.147618792448296
18082.24422872,66.1,106.7,106.7,7914.21484375,0.0,0.0
18083.247531648,71.5,111.7,111.7,7914.21484375,0.0,0.0
18084.249784725,69.3,107.7,107.7,7914.21484375,0.0,0.0
18085.252185159,71.0,111.7,111.7,7914.21484375,0.0,0.0
18086.255207668,70.7,109.5,109.5,7914.21484375,0.0,0.05452270463446646
18087.260046404,72.4,110.6,110.6,7914.21484375,0.0,0.0
18088.265656,69.8,109.1,109.1,7914.21484375,0.0,0.0
18089.275227595,67.0,106.4,106.4,7914.21484375,0.0,0.0
18090.277588438,67.8,110.7,110.7,7914.21484375,0.0,0.0038970496775546626
18091.280749627,72.5,112.6,112.6,7914.21484375,0.0,0.12071215605999777
18092.285072831,71.3,109.6,109.6,7914.21484375,0.0,0.0
18093.289692198,70.6,106.9,106.9,7914.21484375,0.0,0.0
18094.301909286,63.7,108.3,108.3,7914.21484375,0.0,0.11577308997152927
18095.304549923,71.0,111.7,111.7,7914.21484375,0.0,0.007791924356259502
18096.307086967,71.0,111.7,111.7,7914.21484375,0.0,0.11689094253539267
18097.31053658,69.9,109.6,109.6,7914.21484375,0.0,0.0
18098.315084962,62.3,106.6,106.6,7914.21484375,0.0,0.0
18099.317850354,69.9,105.7,105.7,7914.21484375,0.0,0.0
18100.320225206,69.4,110.7,110.7,7914.21484375,0.0,0.0
18101.323154392,71.3,110.7,110.7,7914.21484375,0.0,0.14021428627550392
18102.325990743,71.7,108.5,108.5,7928.22265625,0.0,0.0
18103.335561937,62.1,110.2,110.2,7928.22265625,0.0,0.0
18104.338194663,70.9,110.7,110.7,7928.22265625,0.0,0.0
18105.341382116,64.7,106.5,106.5,7899.0,0.0,0.0
18106.345024245,63.7,109.7,109.7,7899.0,0.0,0.0
18107.347745463,72.0,109.6,109.6,7899.0,0.0,0.0701216836124091
18108.354041601,70.0,110.4,110.4,7915.0234375,0.0,0.0
18109.356684968,67.9,110.7,110.7,7915.0234375,0.0,0.0
18110.359595684,70.7,106.5,106.5,7947.0078125,0.0,0.0
18111.365047492,66.8,110.5,110.5,7915.0234375,0.0,0.0
18112.368064502,69.2,110.7,110.7,7915.0234375,0.0,0.10904600710611234
18113.370641468,71.3,108.7,108.7,7915.0234375,0.0,0.0
18114.373866758,68.6,112.6,112.6,7915.0234375,0.0,0.0
18115.377189233,68.4,106.5,106.5,7915.0234375,0.0,0.0
18116.383413965,65.3,111.4,111.4,7915.0234375,0.0,0.0
18117.38651528,67.6,108.7,108.7,7915.0234375,0.0,0.0
18118.389896826,74.5,109.3,109.3,7915.0234375,0.0,0.058396280291903455
18119.397591766,67.3,103.6,103.6,7915.0234375,0.0,0.0
18120.399773357,65.7,109.8,109.8,7915.0234375,0.0,0.0
18121.40207261,69.6,110.7,110.7,7915.07421875,0.0,0.007794578292482229
18122.404998424,72.4,110.7,110.7,7918.2421875,0.0,0.0
18123.407934085,60.0,106.7,106.7,7918.2421875,0.0,0.1791615424472532
18124.41037483,73.0,110.7,110.7,7918.2421875,0.0,0.0
18125.412797142,74.1,111.7,111.7,7908.65234375,11.838510932927663,0.0
18126.416491823,72.4,108.2,108.2,7908.65234375,0.0,0.003891870778965839
18127.427046707,66.6,109.3,109.3,7912.67578125,0.0,0.0
18128.431052083,70.8,109.6,109.6,7908.65234375,0.0,0.0
18129.433871658,69.4,109.7,109.7,7908.65234375,0.0,0.10127694206624734
18130.436814038,66.1,112.7,112.7,7908.65234375,0.0,0.0
18131.440730169,70.7,107.7,107.7,7909.98828125,0.0,0.0
18132.459036762,64.8,108.0,108.0,7909.98828125,0.0,0.0
18133.461243158,68.3,111.7,111.7,7909.98828125,0.0,0.0
18134.464661753,68.5,110.3,110.3,7916.62890625,0.0,0.05450118252976872
18135.478052317,66.2,105.9,105.9,7940.125,0.0,0.0
18136.48253364,65.7,109.6,109.6,7909.98828125,0.0,0.0
18137.484641866,70.5,111.7,111.7,7909.98828125,0.0,0.0
18138.487515771,73.3,110.4,110.4,7909.98828125,0.0,0.0
18139.493525534,63.6,104.5,104.5,7909.98828125,0.0,0.0
18140.498690539,66.0,111.6,111.6,7909.98828125,0.0,0.07772355743715013
18141.501103933,69.4,110.7,110.7,7909.98828125,0.0,0.0
18142.503995901,76.7,110.7,110.7,7909.98828125,0.0,0.0
18143.506932321,72.2,110.7,110.7,7931.83984375,0.0,0.0
18144.509314406,68.3,111.7,111.7,7909.98828125,0.0,0.0
18145.512508851,70.4,108.0,108.0,7909.98828125,0.0,0.05451336006958132
18146.528048316,63.7,109.0,109.0,7909.98828125,0.0,0.0
18147.530746968,69.4,111.7,111.7,7910.9609375,0.0,0.0
18148.534045163,71.6,109.3,109.3,7910.9609375,0.0,0.0
18149.542925419,64.5,104.4,104.4,7930.37890625,0.0,0.0
18150.545256672,67.8,111.7,111.7,7910.9609375,0.0,0.08184045918376737
18151.548616233,70.2,109.6,109.6,7910.9609375,0.0,0.0
18152.551985128,71.0,110.6,110.6,7910.9609375,0.0,0.0
18153.555048355,68.0,109.7,109.7,7910.9609375,0.0,0.0
18154.557699551,50.6,99.7,99.7,7910.9609375,0.0,0.0
18155.561611018,50.9,100.5,100.5,7910.9609375,0.0,0.05447442508375079
18156.567060118,81.0,114.6,114.6,7828.47265625,0.0,0.2874959060590556
18157.581777911,77.4,126.8,126.8,7830.01953125,0.0,0.011548777483579957
18158.589715688,84.1,123.2,123.2,7835.296875,0.0,0.0
18159.594991354,84.4,127.6,127.6,7951.2734375,0.0,0.003885750080413658
18160.609931766,76.8,128.4,128.4,7925.32421875,0.0,0.0
18161.619762064,76.2,124.3,124.3,7958.9765625,0.0,0.12765139871050127
18162.625073191,79.8,126.4,126.4,7993.6484375,0.0,0.0
18163.628073498,83.9,133.7,133.7,7961.328125,0.0,0.0
18164.630394912,89.0,135.6,135.6,7942.14453125,0.0,0.0
18165.645321021,77.9,126.9,126.9,7982.12109375,0.0,0.0
18166.649925438,70.3,116.9,116.9,7945.48828125,0.0,0.0777669286316736
18167.662689036,70.6,120.2,120.2,7945.48828125,0.0,0.0
18168.665701517,68.3,114.6,114.6,7928.76953125,0.0,0.0
18169.66951972,74.6,81.1,81.1,7928.76953125,0.0,0.03502252688277933
18170.686626249,71.7,120.9,120.9,7928.76953125,0.0,0.03456496345030276
18171.68980396,71.1,103.7,103.7,7961.86328125,0.0,0.0
18172.693286337,75.4,116.5,116.5,7929.73828125,0.0,0.14013699016856224
18173.698228967,67.8,109.6,109.6,7929.73828125,0.0,0.0
18174.70056018,65.0,104.7,104.7,7929.73828125,0.0,0.0
18175.703712991,67.3,111.6,111.6,7929.73828125,0.0,0.0
18176.708207886,67.2,105.6,105.6,7936.52734375,0.0,0.0
18177.711424919,67.8,110.7,110.7,7929.73828125,0.0,0.08176819900533319
18178.713762171,74.9,108.7,108.7,7929.73828125,0.0,0.0
18179.718059331,68.1,110.2,110.2,7929.73828125,0.0,0.0
18180.726049845,65.8,106.2,106.2,7941.2265625,0.0,0.0
18181.731447697,67.6,108.7,108.7,7929.73828125,0.0,0.0
18182.733932453,64.7,104.7,104.7,7929.73828125,0.0,0.10520733544184331
18183.737276332,64.0,110.7,110.7,7929.73828125,0.0,0.0
18184.73958156,69.3,110.6,110.6,7929.73828125,0.0,0.0
18185.744493442,71.8,108.0,108.0,7931.8984375,0.0,0.0
18186.756062862,70.6,109.6,109.6,7931.8984375,0.0,0.0
18187.768634968,67.9,111.2,111.2,7931.8984375,0.0,0.0
18188.774066001,71.0,109.6,109.6,7931.8984375,0.0,0.06604754361121881
18189.776712379,63.7,109.7,109.7,7931.8984375,0.0,0.0
18190.779089996,67.9,104.8,104.8,7931.8984375,0.0,0.0
18191.781859882,69.1,111.1,111.1,7931.8984375,0.0,0.027268220138708898
18192.791379477,70.0,110.3,110.3,7931.8984375,0.0,0.0
18193.797497688,67.4,106.4,106.4,7939.6171875,0.0,0.12423987423478278
18194.804228048,65.6,109.5,109.5,7931.8984375,0.0,0.0
18195.806677647,69.6,110.7,110.7,7931.8984375,0.0,0.0
18196.809596282,70.5,106.3,106.3,8005.140625,0.0,0.0
18197.819381733,69.3,117.2,117.2,7940.94140625,0.0,0.0
18198.824585405,70.1,104.5,104.5,7940.94140625,0.0,0.12046687987019704
18199.827618809,65.6,104.7,104.7,7940.94140625,0.0,0.0
18200.829876093,65.4,109.7,109.7,7940.94140625,0.0,0.0
18201.832423065,69.7,111.7,111.7,7917.38671875,0.0,0.0
18202.835410912,69.3,108.7,108.7,7917.38671875,0.0,0.0
18203.837744119,68.8,109.7,109.7,7917.38671875,0.0,0.0
18204.84059646,70.9,112.7,112.7,7917.38671875,0.0,0.07790279466475479
18205.845719877,69.4,106.8,106.8,7917.38671875,0.0,0.0
18206.859977685,65.8,110.9,110.9,7919.0234375,0.0,0.0
18207.865715684,65.1,109.6,109.6,7917.38671875,0.0,0.0
18208.86805216,73.5,108.7,108.7,7917.38671875,0.0,0.0
18209.872300595,68.3,104.5,104.5,7942.9453125,0.0,0.08168421990110192
18210.877461386,67.6,116.5,116.5,7917.38671875,0.0,0.0
18211.879654105,66.2,103.8,103.8,7917.38671875,0.0,0.0
18212.88249133,70.6,110.7,110.7,7917.38671875,0.0,0.0
18213.885079615,70.5,110.7,110.7,7917.38671875,0.0,0.1168849683897506
18214.887984508,74.0,110.7,110.7,7917.38671875,0.0,0.0
18215.89076035,67.6,105.6,105.6,7949.9375,0.0,0.054536116357690935
18216.895110827,66.2,110.6,110.6,7917.38671875,0.0,0.0
18217.898400522,69.5,110.6,110.6,7920.98046875,0.0,0.0
18218.903050728,71.4,102.5,102.5,7954.57421875,0.0,0.0038881692122023593
18219.907618366,65.7,110.5,110.5,7920.98046875,0.0,0.0
18220.911073276,69.0,109.6,109.6,7920.98046875,0.0,0.08174881520101658
18221.914380797,66.9,110.5,110.5,7920.98046875,0.0,0.0
18222.918957641,63.1,106.6,106.6,7920.98046875,0.0,0.0
18223.92175802,69.3,107.7,107.7,7920.98046875,0.0,0.007790683134559143
18224.924301032,69.4,109.7,109.7,7920.98046875,0.0,0.0
18225.927055352,70.4,109.7,109.7,7920.98046875,0.0,0.09738801224997706
18226.930067398,72.1,112.3,112.3,7920.98046875,0.0,0.0
18227.938178824,71.7,110.4,110.4,7920.98046875,0.0,0.0
18228.942502319,64.7,103.6,103.6,7920.98046875,0.0,0.023336604307896944
18229.946040568,69.9,109.6,109.6,7920.98046875,0.0,0.0
18230.948709565,67.6,108.7,108.7,7920.98046875,0.0,0.08960459560314893
18231.951100431,70.1,109.7,109.7,7920.98046875,0.0,0.0
18232.953945312,70.4,109.7,109.7,7922.3125,0.0,0.0
18233.956170492,69.3,110.7,110.7,7920.98046875,0.0,0.0
18234.959319044,69.3,110.7,110.7,7920.98046875,0.0,0.011681968714069613
18235.962078414,69.3,110.7,110.7,7920.98046875,0.0,0.054537012204649536
18236.964386127,70.0,108.4,108.4,7920.98046875,0.0,0.0
18237.976989234,68.7,108.1,108.1,7920.98046875,0.0,0.0
18238.993053431,70.4,108.1,108.1,7922.65625,0.0,0.0
18239.996124013,67.5,109.7,109.7,7920.98046875,0.0,0.0
18240.998412135,69.8,109.7,109.7,7920.98046875,0.0,0.07794664855866125
18242.001215453,70.6,111.7,111.7,7923.5,0.0,0.0
18243.004318141,68.9,110.7,110.7,7923.5,0.0,0.0
18244.007054312,64.7,106.7,106.7,7923.5,0.0,0.0
18245.00975788,67.8,109.7,109.7,7925.98046875,0.0,0.0
18246.01678282,73.0,111.3,111.3,7925.98046875,0.0,0.06982200460710956
18247.019824152,68.7,109.7,109.7,7925.98046875,0.0,0.0
18248.037415979,62.9,108.1,108.1,7925.98046875,0.0,0.0
18249.039727732,76.1,109.7,109.7,7932.453125,0.0,0.0
18250.043613939,68.3,107.5,107.5,7932.453125,0.0,0.0
18251.048210906,70.2,109.6,109.6,7932.453125,0.0,0.0
18252.050771859,66.9,111.7,111.7,7912.11328125,0.0,0.085717980281065
18253.05472131,65.7,111.5,111.5,7917.77734375,0.0,0.0
18254.059444469,65.6,107.6,107.6,7917.83203125,0.0,0.0
18255.062522065,70.0,109.7,109.7,7917.83203125,0.0,0.011682795076599155
18256.065239384,70.6,111.6,111.6,7917.83203125,0.0,0.0
18257.070669808,70.6,110.9,110.9,7918.55078125,0.0,0.1010139514138846
18258.086334401,66.8,108.8,108.8,7917.83203125,0.0,0.0
18259.091056882,68.8,105.6,105.6,7917.83203125,0.0,0.0
18260.093514251,70.8,110.7,110.7,7920.4765625,0.0,0.0
18261.096351539,69.1,110.5,110.5,7920.4765625,0.0,0.0
18262.104069862,65.2,105.1,105.1,7938.01171875,0.0,0.09690828058881447
18263.110580972,71.4,110.3,110.3,7923.109375,0.0,0.011642941527022879
18264.11865756,68.2,110.4,110.4,7923.109375,0.0,0.0
18265.121015262,64.7,109.7,109.7,7923.109375,0.0,0.0
18266.123312049,50.9,100.8,100.8,7923.109375,0.0,0.0
18267.125595384,52.0,94.7,94.7,7920.09765625,0.0,0.011692053125861059
18268.129823043,81.1,112.9,112.9,7870.1328125,0.0,0.05445727321879931
18269.143729831,88.5,128.4,128.4,7873.71484375,0.0,0.0
18270.155053866,82.8,129.1,129.1,7873.84375,0.0,0.0
18271.16011285,84.1,131.8,131.8,7921.25390625,0.0,0.0
18272.167412793,79.9,131.8,131.8,7922.03125,0.0,0.0
18273.178942708,74.7,123.2,123.2,7925.046875,0.0,0.08109621750517922
18274.182686213,77.4,122.4,122.4,7981.96484375,0.0,0.11675044412866672
18275.187693437,84.3,132.5,132.5,7982.9140625,0.0,0.0
18276.190495197,82.8,132.2,132.2,7970.65234375,0.0,0.0
18277.199378417,79.7,126.3,126.3,7943.3046875,0.0,0.0
18278.20449887,69.5,115.9,115.9,7930.78125,0.0,0.05440890177572431
18279.214598105,74.0,117.8,117.8,7941.0859375,0.0,0.0
18280.227079227,69.2,120.9,120.9,7924.02734375,0.0,0.0
18281.23190327,58.5,94.6,94.6,7973.1640625,0.0,0.03887496549480801
18282.234818441,85.4,93.7,93.7,7924.87109375,0.0,0.07400301854638447
18283.238682862,66.2,109.6,109.6,7924.87109375,0.0,0.0
18284.241600548,67.5,105.3,105.3,7960.15234375,0.0,0.28043178809770813
18285.250038746,72.5,110.4,110.4,7950.4296875,0.0,0.0
18286.253053721,68.7,117.4,117.4,7924.87109375,0.0,0.011683524465801978
18287.257777338,64.7,104.7,104.7,7924.87109375,0.007775770239513212,0.09719712799391514
18288.260653044,69.3,110.7,110.7,7924.87109375,0.0,0.03505544085842474
18289.263064994,72.2,108.5,108.5,7924.87109375,0.0,0.15977089060021546
18290.268361779,68.2,105.7,105.7,7962.23828125,0.0,0.0
18291.271053005,70.7,116.5,116.5,7924.87109375,0.0,0.0
18292.27595114,64.6,104.6,104.6,7924.87109375,0.0,0.0
18293.278207343,67.1,110.7,110.7,7924.87109375,0.0,0.08574404403071335
18294.2805878,71.5,111.7,111.7,7924.87109375,0.0,0.0
18295.283714833,70.5,107.2,107.2,7924.87109375,0.0,0.07398738899303087
18296.298053011,63.5,109.9,109.9,7924.87109375,0.0,0.0
18297.301682747,66.9,108.7,108.7,7924.87109375,0.0,0.0
18298.305044894,73.7,109.6,109.6,7924.87109375,0.0,0.015572642486735715
18299.307760986,71.2,106.7,106.7,7924.87109375,0.0,0.0
18300.310335395,71.9,109.7,109.7,7935.609375,0.0,0.08571682982202242
18301.312786994,70.8,110.7,110.7,7935.609375,0.0,0.0
18302.315934149,68.2,110.6,110.6,7935.609375,0.0,0.0
18303.321054427,64.2,103.5,103.5,7936.9453125,0.0,0.0
18304.324138689,70.9,110.6,110.6,7929.5703125,0.0,0.0
18305.329109132,72.2,111.6,111.6,7953.27734375,0.0,0.0855124651662338
18306.331060894,65.1,110.7,110.7,7918.01953125,0.0,0.0
18307.333555735,73.0,108.7,108.7,7928.87890625,0.0,0.0
18308.336332799,71.0,111.7,111.7,7918.01953125,0.0,0.0
18309.340189977,70.9,111.3,111.3,7918.01953125,0.0,0.0038912407916307803
18310.345639204,61.8,104.7,104.7,7918.01953125,0.0,0.07770158641741436
18311.348262761,69.1,109.6,109.6,7918.01953125,0.0,0.0038960285470319347
18312.352987941,65.2,110.6,110.6,7918.01953125,0.0,0.0
18313.356098565,67.1,105.7,105.7,7939.10546875,0.0,0.0
18314.358892542,72.5,110.3,110.3,7963.6171875,0.0,0.0
18315.368145872,67.4,113.3,113.3,7922.5,0.0,0.0
18316.372499761,67.7,108.6,108.6,7922.5,0.0,0.06222906157319725
18317.375599342,69.3,112.6,112.6,7922.5,0.0,0.011682539023996007
18318.388224817,68.6,110.2,110.2,7925.8671875,0.0,0.0
18319.395220633,69.1,104.3,104.3,7946.58203125,0.0,0.0
18320.4058913,68.6,111.2,111.2,7924.8828125,0.0,0.0
18321.408434594,66.6,109.6,109.6,7935.7265625,0.0,0.12857923520280082
18322.412834165,70.3,110.4,110.4,7935.7265625,0.0,0.0
18323.418265524,65.0,106.5,106.5,7935.7265625,0.0,0.0
18324.424466302,70.0,109.5,109.5,7916.3125,0.0,0.0
18325.426746911,69.6,111.7,111.7,7916.31640625,0.0,0.0
18326.429177805,71.0,110.6,110.6,7916.31640625,0.0,0.05455488286252376
18327.434206211,66.3,104.5,104.5,7949.3046875,0.0,0.011660118191704807
18328.439264715,70.7,113.4,113.4,7916.31640625,0.0,0.01943294835300951
18329.44592762,74.7,112.3,112.3,7916.31640625,0.0,0.03880395294796325
18330.449684669,65.7,104.7,104.7,7923.38671875,0.0,0.0
18331.452305473,69.3,112.7,112.7,7916.31640625,0.0,0.07402474565050837
18332.454756514,70.0,108.7,108.7,7916.31640625,0.0,0.0
18333.457907544,67.7,106.1,106.1,7916.31640625,0.0,0.0
18334.468864397,73.4,109.9,109.9,7917.0859375,0.0,0.0
18335.48099997,69.7,109.1,109.1,7917.0859375,0.0,0.0
18336.484124425,66.7,108.7,108.7,7917.0859375,0.0,0.054517163575826595
18337.487483688,71.4,109.0,109.0,7917.0859375,0.0,0.0
18338.503077164,70.1,105.7,105.7,7940.28515625,0.0,0.0
18339.511652551,67.2,110.3,110.3,7924.56640625,0.0,0.0
18340.514896788,69.1,111.6,111.6,7917.0859375,0.0,0.0
18341.51801865,70.5,108.2,108.2,7917.0859375,0.0,0.10124642264064306
18342.528350289,67.7,108.4,108.4,7917.0859375,0.0,0.0
18343.544065976,67.9,113.7,113.7,7917.0859375,0.0,0.0
18344.553861112,66.2,107.3,107.3,7917.0859375,0.0,0.0
18345.556963423,69.9,112.5,112.5,7917.0859375,0.0,0.0
18346.561841735,68.8,109.5,109.5,7917.0859375,0.0,0.0544220124436281
18347.568034759,68.3,110.3,110.3,7918.93359375,0.0,0.0
18348.572221716,69.2,105.7,105.7,7918.93359375,0.0,0.011669888677894926
18349.574823301,69.3,110.6,110.6,7918.93359375,0.0,0.0
18350.578383726,61.7,105.7,105.7,7918.93359375,0.0,0.0
18351.580822402,66.4,109.7,109.7,7918.93359375,0.0,0.12469590708391232
18352.583140894,70.0,110.7,110.7,7920.390625,0.0,0.0
18353.586033087,72.1,111.7,111.7,7928.1640625,0.0,0.0
18354.589057689,70.1,107.2,107.2,7928.1640625,0.0,0.0
18355.601432974,71.5,111.5,111.5,7928.1640625,0.0,0.0
18356.618512859,62.1,106.9,106.9,7928.1640625,0.0,0.0
18357.621512008,73.1,113.5,113.5,7928.1640625,0.0,0.0701022528982544
18358.626742297,73.1,105.5,105.5,7928.1640625,0.0,0.0
18359.643195691,63.3,108.3,108.3,7928.1640625,0.0,0.11529057868476594
18360.645450878,68.5,109.7,109.7,7928.1640625,0.0,0.0
18361.648775786,63.9,105.6,105.6,7928.1640625,0.0,0.0
18362.652149222,66.3,111.7,111.7,7928.1640625,0.0,0.09343480366961046
18363.65533282,70.2,109.7,109.7,7928.1640625,0.0,0.0
18364.658555425,69.9,109.7,109.7,7928.1640625,0.0,0.0
18365.661504718,70.1,109.7,109.7,7928.1640625,0.0,0.0
18366.66458688,68.2,111.7,111.7,7928.1640625,0.0,0.0
18367.667055606,69.2,104.6,104.6,7972.41015625,0.0,0.054552824024896425
18368.67120671,69.4,111.6,111.6,7934.41796875,0.0,0.0
18369.674673226,68.3,110.6,110.6,7934.41796875,0.0,0.0
18370.678065996,68.7,109.3,109.3,7934.41796875,0.0,0.0
18371.686378859,69.0,113.1,113.1,7934.41796875,0.0,0.0
18372.692785129,66.7,104.6,104.6,7937.57421875,0.0,0.01940692400501919
18373.701334562,67.0,111.0,111.0,7934.41796875,0.0,0.0813358743912764
18374.703783322,69.0,110.7,110.7,7934.41796875,0.0,0.0
18375.706872603,67.3,108.4,108.4,7934.41796875,0.0,0.0
18376.715866143,51.6,101.3,101.3,7934.41796875,0.0,0.0
18377.718938583,50.9,100.7,100.7,7934.41796875,0.0,0.0
18378.721307285,82.4,110.9,110.9,7881.17578125,0.0,0.0818374015831755
18379.734179263,80.0,129.8,129.8,7884.1875,0.0,0.011569823486610956
18380.752447113,84.1,134.6,134.6,7884.1875,0.0,0.0
18381.761407853,86.1,129.7,129.7,7963.14453125,0.0,0.0
18382.770627761,75.8,127.4,127.4,7968.7421875,0.0,0.0
18383.776267507,75.2,124.6,124.6,7934.8125,0.0,0.10099292555215353
18384.790043176,83.5,131.2,131.2,7939.58203125,0.0,0.01155951001623408
18385.799732003,88.2,137.0,137.0,7987.140625,0.0,0.0
18386.808116878,86.2,133.3,133.3,7994.58984375,0.0,0.0
18387.819399522,74.3,121.8,121.8,7916.9375,0.0,0.0
18388.828642365,73.8,116.2,116.2,7951.9453125,0.0,0.09289141919633863
18389.838171483,69.5,121.3,121.3,7951.9453125,0.0,0.0
18390.840514143,65.6,117.6,117.6,7951.9453125,0.0,0.0
18391.844879139,68.9,72.2,72.2,7951.953125,0.0,7.074588200809513
18392.864630578,76.3,115.9,115.9,7951.953125,0.0,0.0
18393.88041069,61.9,109.0,109.0,7951.953125,0.007691133058920586,7.418097835328905
18394.885064414,69.9,109.5,109.5,7951.953125,0.0,0.0
18395.888293829,69.7,111.6,111.6,7951.953125,0.0,0.0
18396.891278891,69.0,110.3,110.3,7951.953125,0.0,0.0077892486099844305
18397.905037913,67.6,104.9,104.9,7955.75390625,0.015412933114194822,0.10403729852081506
18398.909568245,69.9,109.5,109.5,7951.953125,0.0,0.07777266401148131
18399.913173393,69.7,108.6,108.6,7951.953125,0.0,0.10119766743145725
18400.915678351,66.3,106.7,106.7,7979.9609375,0.0,0.0
18401.918885113,69.7,111.5,111.5,7964.734375,0.0,0.0
18402.922747667,64.0,112.7,112.7,7951.953125,0.0,0.0077824399056122
18403.92506003,69.6,109.7,109.7,7951.953125,0.0,0.08963647792484455
18404.928099003,71.5,111.7,111.7,7951.953125,0.0,0.15967101409955886
18405.931032731,67.8,109.5,109.5,7951.953125,0.0,0.0
18406.939037046,64.6,105.4,105.4,7953.53515625,0.0,0.0
18407.942054106,71.0,109.7,109.7,7951.953125,0.0,0.0
18408.945067219,76.9,105.7,105.7,7971.98046875,0.0,0.0
18409.947950594,63.5,109.7,109.7,7951.953125,0.0,0.07790038398032222
18410.950356963,69.8,109.6,109.6,7951.953125,0.0,0.011690618059114043
18411.954934066,68.1,109.2,109.2,7951.953125,0.0,0.0
18412.966749002,66.5,110.9,110.9,7951.953125,0.0,0.0
18413.971776351,70.7,112.6,112.6,7951.953125,0.0,0.0
18414.97505531,70.9,106.0,106.0,7951.953125,0.0,0.10123056911464871
18415.986599423,67.5,112.4,112.4,7975.1875,0.0,0.015446681760282296
18416.99307233,69.7,111.3,111.3,7951.953125,0.0,0.0
18417.996835141,69.2,108.5,108.5,7951.953125,0.0,0.0
18419.005030197,67.9,106.3,106.3,7951.953125,0.0,0.0
18420.007337751,68.4,110.7,110.7,7951.953125,0.0,0.14419850416475288
18421.010432964,68.2,106.6,106.6,7978.30859375,0.0,0.0
18422.01604835,67.2,116.5,116.5,7951.953125,0.0,0.007768874769394438
18423.019574276,65.1,105.7,105.7,7951.953125,0.0,0.0
18424.021958298,68.6,110.3,110.3,7951.953125,0.0,0.0
18425.031921162,69.9,113.2,113.2,7951.953125,0.0,0.0
18426.038070407,62.8,105.5,105.5,7956.13671875,0.0,0.08541227897056618
18427.045173702,69.7,110.3,110.3,7955.109375,0.0,0.0
18428.047670436,69.0,108.7,108.7,7951.953125,0.0,0.007793042844968796
18429.05070228,74.0,105.8,105.8,7951.95703125,0.0,0.003894442657394428
18430.065944568,67.1,112.2,112.2,7951.953125,0.0,0.00769520743211336
18431.068837598,64.1,104.7,104.7,7951.953125,0.0,0.07789963402182161
18432.071301904,70.5,110.7,110.7,7951.953125,0.0,0.0
18433.074343103,69.7,110.6,110.6,7951.953125,0.0,0.0
18434.079044563,69.8,111.6,111.6,7951.953125,0.0,0.007775941721018787
18435.086045374,64.8,107.0,107.0,7951.953125,0.0,0.05042821162147836
18436.094878944,65.2,107.3,107.3,7951.953125,0.0,0.0
18437.10027009,72.0,113.4,113.4,7951.953125,0.0,0.06216486016290741
18438.103795858,67.7,107.6,107.6,7951.953125,0.0,0.0
18439.106183035,72.7,103.6,103.6,8002.62109375,0.0,0.0077938945940637825
18440.111496968,69.4,119.4,119.4,7953.21484375,0.0,0.0
18441.11611996,66.7,105.6,105.6,7966.3359375,0.0,0.007776549075828581
18442.12227718,68.7,111.3,111.3,7953.21484375,0.0,0.07764691088740061
18443.124799493,69.0,108.6,108.6,7953.21484375,0.0,0.0
18444.130078028,62.8,106.5,106.5,7976.2578125,0.0,0.0
18445.13397748,69.9,110.7,110.7,7971.7734375,0.0,0.007782153864548257
18446.13658569,69.2,112.7,112.7,7953.21484375,0.0,0.0
18447.138629882,70.5,106.2,106.2,7953.21484375,0.0,0.06237249863734533
18448.152150885,66.2,111.1,111.1,7953.21484375,0.0,0.0
18449.154966246,71.1,109.7,109.7,7953.21484375,0.0,0.0
18450.158046096,67.2,103.7,103.7,7998.4921875,0.0,0.0
18451.162041998,63.3,110.6,110.6,7953.21484375,0.0,0.011672109394730191
18452.164319631,71.9,110.7,110.7,7953.21484375,0.0,0.1286133160670052
18453.166821917,66.3,106.2,106.2,7953.21484375,0.0,0.0
18454.178488809,68.2,115.0,115.0,7953.21484375,0.0,0.12355845682827388
18455.184419273,66.2,106.5,106.5,7953.21484375,0.0,0.0
18456.188412914,67.3,109.6,109.6,7953.21484375,0.0,0.0
18457.191542088,70.6,110.4,110.4,7953.21484375,0.0,0.08566942546143302
18458.198057903,71.5,110.4,110.4,7953.21484375,0.0,0.0
18459.20317628,69.7,105.6,105.6,7953.21484375,0.0,0.0
18460.205079506,65.2,110.7,110.7,7953.21484375,0.0,0.0
18461.208615051,68.7,110.0,110.0,7954.6875,0.0,0.0
18462.218396737,66.6,105.5,105.5,7968.140625,0.0,0.09671026059787573
18463.223047014,67.6,111.0,111.0,7953.21484375,0.0,0.0
18464.23424489,73.8,113.3,113.3,7953.21484375,0.0,0.0
18465.237844208,67.1,109.6,109.6,7953.21484375,0.0,0.0
18466.240196559,70.4,111.6,111.6,7953.21484375,0.0,0.0
18467.244931298,59.9,105.6,105.6,7953.21484375,0.0,0.04276626290716747
18468.247578555,69.7,109.6,109.6,7953.21484375,0.0,0.07012685618888811
18469.252388432,72.4,108.2,108.2,7953.51171875,0.0,0.0
18470.26102688,68.9,108.8,108.8,7953.21484375,0.0,0.0
18471.274194194,67.1,106.2,106.2,7980.62109375,0.0,0.0
18472.2825277,69.5,115.3,115.3,7953.21484375,0.0,0.0077479325575381085
18473.296452424,67.2,106.2,106.2,7953.21484375,0.0,0.08090467473398792
18474.298679122,67.5,108.7,108.7,7953.21484375,0.0,0.007795142571644052
18475.301491411,68.4,110.7,110.7,7953.21484375,0.0,0.0
18476.304344142,70.5,110.7,110.7,7953.21484375,0.0,0.0
18477.307054427,72.8,109.7,109.7,7953.21484375,0.0,0.0
18478.309404178,70.6,108.2,108.2,7953.21484375,0.0,0.0
18479.321061185,68.2,108.0,108.0,7953.21484375,0.0,0.08880850859346978
18480.326633072,70.5,108.6,108.6,7953.21484375,0.0,0.011653816252733238
18481.346074319,67.6,111.0,111.0,7959.46484375,0.0,0.0
18482.351462919,69.4,108.4,108.4,7980.1328125,0.0,0.0
18483.354315743,68.2,111.7,111.7,7953.21484375,0.0,0.0
18484.357176256,70.2,109.5,109.5,7953.21484375,0.0,0.12464345577449466
18485.363038893,68.9,105.6,105.6,7979.50390625,0.0,0.0
18486.366010676,63.9,110.7,110.7,7953.21484375,0.0,0.007789351736925252
18487.369284846,55.8,103.6,103.6,7953.21484375,0.0,0.0
18488.371766679,52.5,101.5,101.5,7953.21484375,0.0,0.007793158681621751
18489.37899296,80.0,104.0,104.0,7897.953125,0.0,0.08919917172026944
18490.389232523,82.8,128.1,128.1,7885.2890625,0.0,0.0
18491.394847437,88.8,130.7,130.7,7891.83203125,0.0,0.007768878415818457
18492.407910559,87.4,131.3,131.3,7944.92578125,0.0,0.0
18493.420455005,76.5,125.0,125.0,7966.6796875,0.0,0.0
18494.425066724,75.3,120.8,120.8,7936.171875,0.0,0.07387804521523403
18495.438584554,78.9,124.9,124.9,7990.28515625,0.0,0.0
18496.444271894,88.1,125.8,125.8,7949.1640625,0.0,0.0
18497.455575492,86.1,135.2,135.2,7953.51171875,0.0,0.007725177696841297
18498.459789646,82.7,126.6,126.6,7947.4296875,0.0,0.03889857541283813
18499.463068944,70.3,117.6,117.6,7996.859375,0.0,0.08565660646189406
18500.465596181,72.2,120.1,120.1,7957.421875,0.0,0.0
18501.476607368,70.6,120.5,120.5,7940.48828125,0.0,0.0
18502.489146259,62.6,81.5,81.5,7978.28515625,0.0,0.04629451808392875
18503.491676806,81.5,116.6,116.6,7940.48828125,0.0,0.07403141003736584
18504.496261164,67.1,105.8,105.8,7940.48828125,0.0,0.2644128368956075
18505.507154327,70.0,114.7,114.7,7940.48828125,0.0,0.0
18506.50957381,66.2,106.7,106.7,7940.48828125,0.0,0.0
18507.513088634,66.6,112.3,112.3,7940.48828125,0.0,0.011677704922448025
18508.522047953,67.1,106.3,106.3,7942.53125,0.007743126856445877,0.09678908570557346
18509.525054804,69.0,107.3,107.3,7940.48828125,0.0,0.1324143497801287
18510.534046504,62.0,109.4,109.4,7940.48828125,0.0,0.0
18511.536390995,71.5,110.7,110.7,7940.48828125,0.0,0.0
18512.538870097,72.6,110.6,110.6,7942.890625,0.0,0.0
18513.546094762,65.7,108.9,108.9,7942.890625,0.0,0.015512924318603558
18514.557810947,63.0,106.2,106.2,7942.890625,0.0,0.11969142314360964
18515.560267951,70.2,111.1,111.1,7942.890625,0.0,0.11690027555530552
18516.570759701,70.8,109.7,109.7,7942.890625,0.0,0.0
18517.584210733,67.0,107.2,107.2,7985.63671875,0.0,0.0
18518.589069839,71.4,115.6,115.6,7942.890625,0.0,0.0
18519.591810081,65.2,105.7,105.7,7942.890625,0.0,0.027269026268867364
18520.594536489,67.7,106.1,106.1,7942.890625,0.0,0.11297323885800345
18521.60776375,71.6,115.1,115.1,7942.890625,0.0,0.0
18522.613376645,66.9,106.2,106.2,7985.8359375,0.0,0.0
18523.619040015,69.8,111.6,111.6,7942.890625,0.0,0.0
18524.621923858,69.3,109.7,109.7,7942.890625,0.0,0.0077900347627738115
18525.624236086,69.7,109.7,109.7,7942.890625,0.0,0.0779447739113135
18526.627147474,67.0,105.7,105.7,7942.8984375,0.0,0.0
18527.629809758,66.8,112.7,112.7,7942.890625,0.0,0.0
18528.632682178,73.9,107.7,107.7,7942.890625,0.0,0.0
18529.636218843,65.7,104.6,104.6,7942.890625,0.0,0.03892483589522493
18530.639224477,66.7,112.6,112.6,7942.890625,0.0,0.00778908884972311
18531.644305743,68.8,104.9,104.9,7942.890625,0.0,0.10104904293370026
18532.656651267,66.6,111.7,111.7,7942.890625,0.0,0.0
18533.66870061,65.8,117.3,117.3,7942.890625,0.0,0.0
18534.670957741,69.8,104.4,104.4,7962.1796875,0.0,0.0
18535.676947785,72.7,111.2,111.2,7942.890625,0.0,0.007765981429540157
18536.687049109,67.4,109.4,109.4,7942.890625,0.0,0.06574216706984179
18537.692561802,69.0,111.4,111.4,7943.37890625,0.0,0.0
18538.695803099,72.1,109.6,109.6,7943.37890625,0.0,0.0
18539.701185239,69.5,110.5,110.5,7943.37890625,0.0,0.0
18540.703809526,62.8,104.7,104.7,7962.9375,0.0,0.0
18541.706805238,69.6,112.7,112.7,7943.37890625,0.0,0.007789165902247048
18542.709892585,70.8,108.7,108.7,7943.37890625,0.0,0.08956722489671148
18543.713026634,68.1,112.5,112.5,7943.37890625,0.0,0.0
18544.71734717,63.0,104.7,104.7,7968.8125,0.0,0.0
18545.71999099,68.3,110.7,110.7,7943.37890625,0.0,0.0
18546.723210083,70.3,107.7,107.7,7943.37890625,0.0,0.0
18547.725954415,72.9,114.7,114.7,7943.37890625,0.0,0.11297121946738573
18548.729069894,74.5,109.6,109.6,7943.37890625,0.0,0.0
18549.7335254,65.3,105.6,105.6,7943.37890625,0.0,0.0
18550.735962216,66.9,112.7,112.7,7943.37890625,0.0,0.0
18551.738238182,69.4,109.8,109.8,7943.37890625,0.0,0.0
18552.74047906,70.2,110.7,110.7,7946.3359375,0.0,0.019487580709070224
18553.749118254,67.5,107.6,107.6,7943.37890625,0.0,0.09681980492237545
18554.756519716,72.9,107.7,107.7,7943.37890625,0.0,0.0
18555.773912712,67.6,108.6,108.6,7961.9296875,0.0,0.0
18556.782115561,67.5,111.5,111.5,7943.37890625,0.0,0.0
18557.784451388,70.1,109.6,109.6,7943.37890625,0.0,0.0
18558.788574508,67.9,105.7,105.7,7943.37890625,0.0,0.07002378353779261
18559.790909657,69.3,111.7,111.7,7943.37890625,0.0,0.0
18560.793762673,70.6,110.7,110.7,7943.37890625,0.0,0.0
18561.796758099,68.9,109.6,109.6,7943.37890625,0.0,0.019472920308233027
18562.80114656,63.6,104.6,104.6,7943.37890625,0.0,0.0
18563.804048934,67.6,112.7,112.7,7943.37890625,0.0,0.08568879905761395
18564.806992819,74.7,108.7,108.7,7950.48828125,0.0,0.0
18565.809726905,70.8,110.7,110.7,7943.37890625,0.0,0.0
18566.812354878,71.6,111.7,111.7,7943.37890625,0.0,0.0
18567.817051281,67.1,113.5,113.5,7943.37890625,0.0,0.0
18568.82304828,68.9,102.4,102.4,7943.37890625,0.0,0.06212742191293033
18569.826030438,69.4,109.4,109.4,7943.37890625,0.0,0.007789271162694132
18570.833041251,64.8,105.5,105.5,7943.37890625,0.0,0.0
18571.836096415,66.2,109.7,109.7,7943.37890625,0.0,0.0
18572.839217066,66.4,112.7,112.7,7943.37890625,0.0,0.0
18573.841493788,66.7,104.8,104.8,7943.37890625,0.0,0.08963966540172466
18574.843937987,72.5,110.7,110.7,7943.37890625,0.0,0.12859194569505256
18575.847147457,68.5,106.6,106.6,7927.015625,0.0,0.0
18576.868106694,67.7,107.8,107.8,7946.66015625,0.0,0.0
18577.871383898,74.9,115.6,115.6,7927.015625,0.0,0.0
18578.875064676,70.2,100.6,100.6,7927.015625,0.0,0.08562234316284242
18579.879065332,65.9,112.6,112.6,7932.265625,0.0,0.0
18580.881843145,67.8,108.0,108.0,7932.265625,0.0,0.007790858452091399
18581.894036966,62.0,110.4,110.4,7932.265625,0.0,0.0
18582.896382008,71.0,110.6,110.6,7932.265625,0.0,0.0
18583.901459904,69.5,110.3,110.3,7932.265625,0.0,0.08550332301810919
18584.907267282,70.2,111.5,111.5,7932.265625,0.0,0.0
18585.911093805,62.3,105.7,105.7,7949.82421875,0.0,0.00778271924580658
18586.913945316,68.7,111.7,111.7,7932.265625,0.0,0.0
18587.916773602,70.4,108.1,108.1,7932.265625,0.0,0.0
18588.929291034,69.0,103.5,103.5,7932.265625,0.0,0.08487508193324374
18589.94405142,69.7,107.8,107.8,7939.140625,0.0,0.0
18590.950556418,66.6,111.6,111.6,7932.265625,0.0,0.0
18591.9533016,70.7,109.6,109.6,7932.265625,0.0,0.011686667969464718
18592.960864404,68.0,107.1,107.1,7943.08203125,0.0,0.0
18593.965062292,66.4,112.7,112.7,7932.265625,0.0,0.03111936439364715
18594.967818866,69.0,109.6,109.6,7932.265625,0.0,0.10128330507476495
18595.974208257,70.8,109.7,109.7,7933.5390625,0.0,0.0
18596.98682974,68.5,108.9,108.9,7932.265625,0.0,0.007715123697426019
18597.996157988,63.6,107.4,107.4,7949.82421875,0.0,0.0
18598.999125878,69.5,108.7,108.7,7932.265625,0.0,0.0
18600.002068803,50.9,99.7,99.7,7932.265625,0.0,0.10905406207409019
18601.005266909,66.6,91.4,91.4,7936.52734375,0.0,0.0
18602.015745123,86.2,133.5,133.5,7932.265625,0.0,0.0
18603.026630086,82.7,137.2,137.2,7932.265625,0.0,0.007728376903373673
18604.038906744,83.7,132.3,132.3,7932.9765625,0.0,0.0
18605.060359612,80.6,130.8,130.8,7933.53125,0.0,0.06118735573411924
18606.078256348,75.3,119.9,119.9,7932.27734375,0.0,0.0
18607.082059237,75.8,119.7,119.7,7983.234375,0.0,0.0
18608.084741359,84.4,130.4,130.4,7978.80078125,0.0,0.007791601972919822
18609.094037713,85.4,123.7,123.7,7965.0859375,0.0,0.0
18610.114992803,83.3,133.0,133.0,7942.59765625,0.0,0.0
18611.126814605,68.8,119.1,119.1,7942.59765625,0.0,0.08493343376289544
18612.131911605,72.0,116.4,116.4,7998.42578125,0.0,0.0
18613.136980776,69.9,121.3,121.3,7943.359375,0.0,0.0
18614.143702285,58.1,97.6,97.6,7983.21875,0.0,0.05044220228326773
18615.150614107,84.3,94.4,94.4,7934.53125,0.0,0.05043266837331576
18616.15357775,68.2,110.7,110.7,7972.16015625,0.0,0.1557882990977662
18617.155976893,70.4,113.7,113.7,7936.09765625,0.0,0.0
18618.160053533,71.5,110.5,110.5,7942.69921875,0.0,0.0
18619.163095348,71.4,109.7,109.7,7936.09765625,0.0,0.007788807887322365
18620.165664119,68.1,108.5,108.5,7936.09765625,0.0,0.0
18621.174126446,68.1,109.4,109.4,7936.09765625,0.0,0.12395108538331717
18622.190656964,71.7,113.9,113.9,7936.09765625,0.0,0.0
18623.195209219,67.1,112.5,112.5,7936.09765625,0.0,0.0
18624.198365225,64.5,103.7,103.7,7936.09765625,0.0,0.0
18625.20095779,71.3,112.7,112.7,7936.09765625,0.0,0.05844223470773587
18626.203967398,70.0,107.6,107.6,7936.09765625,0.0,0.10125775385385172
18627.208074188,67.3,112.3,112.3,7936.09765625,0.0,0.0
18628.215062798,66.5,106.1,106.1,7966.04296875,0.0,0.0
18629.222486405,72.5,108.7,108.7,7936.09765625,0.0,0.05428451310852261
18630.22492711,69.9,110.7,110.7,7936.09765625,0.0,0.0
18631.228553287,68.8,110.5,110.5,7936.09765625,0.0,0.007784272848832945
18632.233845977,68.7,106.9,106.9,7936.09765625,0.0,0.06994231699832336
18633.247897789,66.6,109.2,109.2,7936.09765625,0.0,0.0
18634.251039561,71.0,109.7,109.7,7963.75,0.0,0.12071449258695686
18635.254069902,68.4,110.7,110.7,7936.09765625,0.0,0.0
18636.256412498,69.8,109.7,109.7,7936.09765625,0.0,0.007794241241624356
18637.259286298,72.2,111.5,111.5,7936.09765625,0.0,0.06232090219150326
18638.264536027,66.8,105.2,105.2,7936.09765625,0.0,0.0
18639.272951419,66.6,107.6,107.6,7936.09765625,0.0,0.0
18640.2754472,69.2,111.3,111.3,7938.3984375,0.0,0.0
18641.285846316,68.2,105.3,105.3,7936.09765625,0.0,0.0
18642.28890789,67.4,111.7,111.7,7941.4296875,0.0,0.09346385349622138
18643.291536078,70.8,111.7,111.7,7954.22265625,0.0,0.0
18644.294091479,69.8,110.7,110.7,7931.14453125,0.0,0.0
18645.297500438,60.7,106.7,106.7,7931.14453125,0.0,0.0
18646.300068275,68.2,112.7,112.7,7911.53515625,0.0,0.0
18647.302967864,69.0,105.4,105.4,7931.32421875,0.0,0.0077899124555136975
18648.310736384,67.3,111.1,111.1,7944.00390625,0.0,0.06201821029312093
18649.316190253,70.9,109.7,109.7,7916.625,0.0,0.0
18650.31914898,72.7,111.6,111.6,7922.0234375,0.0,0.0
18651.322347542,71.7,109.7,109.7,7922.0234375,0.0,0.0
18652.325087235,69.2,106.2,106.2,7922.0234375,0.0,0.0
18653.333725335,63.8,108.5,108.5,7942.8828125,0.0,0.08520152074365585
18654.336102113,66.8,112.6,112.6,7922.0234375,0.0,0.0
18655.340812699,68.3,112.3,112.3,7922.0234375,0.0,0.0
18656.347088398,63.3,105.6,105.6,7922.0234375,0.0,0.0
18657.349526004,72.8,111.7,111.7,7922.0234375,0.0,0.031174010046094134
18658.353038716,68.4,109.6,109.6,7922.0234375,0.0,0.06228122399714878
18659.358309049,66.2,104.4,104.4,7922.0234375,0.0,0.011657312083432752
18660.360827745,68.7,111.7,111.7,7922.0234375,0.0,0.0
18661.363622933,68.8,110.6,110.6,7922.0234375,0.0,0.0
18662.368072598,67.3,111.4,111.4,7922.0234375,0.0,0.0
18663.376080346,70.4,106.1,106.1,7948.40625,0.0,0.0
18664.381053334,67.8,112.6,112.6,7925.2109375,0.0,0.1477029748782039
18665.383397156,68.8,108.7,108.7,7922.87109375,0.0,0.0
18666.385673709,76.5,108.8,108.8,7922.87109375,0.0,0.0
18667.387745676,66.8,104.7,104.7,7931.14453125,0.0,0.0
18668.392107701,68.0,111.5,111.5,7932.671875,0.0,0.0
18669.395049814,70.1,107.7,107.7,7932.671875,0.0,0.10905415036667393
18670.400077965,66.6,106.1,106.1,7912.9453125,0.0,0.0
18671.409085263,65.2,110.4,110.4,7918.85546875,0.0,0.0
18672.411600424,70.1,110.7,110.7,7918.85546875,0.0,0.0
18673.413914916,71.1,111.7,111.7,7920.875,0.0,0.0
18674.416495817,68.5,110.7,110.7,7930.44921875,0.0,0.06233910893139936
18675.419380379,65.8,112.7,112.7,7930.44921875,0.0,0.007790029177854958
18676.421885573,64.3,106.7,106.7,7930.44921875,0.0,0.0
18677.425196663,68.2,104.0,104.0,7930.44921875,0.0,0.0
18678.437589726,69.6,109.1,109.1,7958.25,0.0,0.007716864413166992
18679.441966584,67.6,109.7,109.7,7930.44921875,0.0,0.07778454807847514
18680.444281565,70.7,112.6,112.6,7930.44921875,0.0,0.0
18681.451076942,62.8,106.4,106.4,7930.44921875,0.0,0.011639654161806314
18682.453519087,69.0,109.7,109.7,7930.44921875,0.0,0.0
18683.456751805,67.4,105.7,105.7,7966.25390625,0.0,0.0
18684.460290539,66.6,112.6,112.6,7930.44921875,0.0,0.1012043646738361
18685.462539511,73.5,106.0,106.0,7960.2734375,0.0,0.0
18686.472908304,67.5,111.6,111.6,7931.58984375,0.0,0.0
18687.478691225,68.2,110.4,110.4,7931.58984375,0.0,0.0077675806944968
18688.481019786,73.1,108.7,108.7,7931.58984375,0.0,0.0
18689.483960388,67.3,107.5,107.5,7931.58984375,0.0,0.10905431466415637
18690.494323765,68.9,112.8,112.8,7931.58984375,0.0,0.01159854985518191
18691.500039322,64.9,104.7,104.7,7931.58984375,0.4272455536851941,0.0
18692.502498611,70.7,106.7,106.7,7931.58984375,0.0,0.0
18693.504943786,71.3,112.7,112.7,7931.58984375,0.0,0.007793443666386214
18694.508037932,69.4,110.7,110.7,7931.58984375,0.0,0.0817782162593511
18695.511178408,61.8,105.7,105.7,7931.58984375,0.0,0.0
18696.513673192,70.1,112.5,112.5,7931.58984375,0.0,0.0
18697.52012782,70.6,108.8,108.8,7936.93359375,0.0,0.0
18698.53306261,67.2,109.3,109.3,7958.8203125,0.0,0.007712737361897584
18699.535374997,67.5,110.7,110.7,7936.93359375,0.0,0.0
18700.538781106,70.5,109.9,109.9,7936.93359375,0.0,0.08564578113429798
18701.55377537,69.4,112.0,112.0,7915.23828125,0.0,0.0
18702.558684592,70.1,107.7,107.7,7918.3515625,0.0,0.0
18703.57583517,68.7,112.0,112.0,7918.3515625,0.0,0.007680770349043173
18704.578754742,71.2,111.6,111.6,7920.8359375,0.0,0.0
18705.583280664,70.9,105.1,105.1,7920.8359375,0.0,0.06221840435500442
18706.594721906,68.8,115.1,115.1,7920.8359375,0.0,0.0
18707.600068967,71.5,106.6,106.6,7920.8359375,0.0,0.0
18708.615832139,69.3,109.2,109.2,7920.8359375,0.0,0.007691261324843965
18709.618917992,66.5,109.7,109.7,7920.8359375,0.0,0.0
18710.621672443,50.7,99.7,99.7,7920.8359375,0.0,0.007791039962175504
18711.625045035,53.1,93.7,93.7,7931.48828125,0.0,0.08175552198059341
18712.627768382,80.5,125.2,125.2,7920.8359375,0.0,0.0
18713.637379355,80.3,133.1,133.1,7927.12109375,0.0,0.0
18714.64304158,81.4,135.1,135.1,7920.8359375,0.0,0.007768512931882529
18715.649379385,85.2,130.4,130.4,7958.04296875,0.0,0.0
18716.655671554,73.4,120.1,120.1,7964.95703125,0.0,0.06599102332869877
18717.664551367,75.9,124.4,124.4,7922.31640625,0.0,0.0
18718.678049187,82.0,118.2,118.2,7928.25,0.0,0.0
18719.694155403,88.3,135.6,135.6,7962.94921875,0.0,0.0
18720.709365092,87.4,136.0,136.0,7983.64453125,0.0,0.134670454273303
18721.713843275,74.6,123.0,123.0,7928.25,0.0,0.0855543718663177
18722.724682009,70.0,120.1,120.1,7953.97265625,0.0,0.0
18723.728547958,71.2,119.7,119.7,7976.41015625,0.0,0.0
18724.731530159,62.0,115.6,115.6,7921.03515625,0.0,0.0
18725.736043836,78.4,76.2,76.2,7921.76171875,0.0,0.11277223256736818
18726.752135407,68.8,117.9,117.9,7921.03515625,0.0,0.25757398001279724
18727.755382976,68.7,107.0,107.0,7921.03515625,0.0,0.0
18728.768277204,67.3,107.3,107.3,7921.03515625,0.0,0.0
18729.771562894,69.1,109.6,109.6,7922.125,0.0,0.0
18730.774671345,69.9,111.6,111.6,7922.125,0.0,0.007788290480659114
18731.780069048,67.9,105.6,105.6,7925.31640625,0.01554111368404122,0.28751060315476257
18732.782282715,70.4,112.7,112.7,7938.59375,0.40145506217633836,0.0
18733.784668196,73.8,109.7,109.7,7938.59375,0.0,0.0
18734.787202673,69.7,110.2,110.2,7938.59375,0.0,0.0
18735.800086751,68.9,109.8,109.8,7938.59375,0.0,0.0
18736.809786588,67.2,106.3,106.3,7961.76953125,0.0,0.0889806521778051
18737.815584983,68.0,109.4,109.4,7938.59375,0.0,0.0077674611918690005
18738.820045539,72.7,107.5,107.5,7938.59375,0.0,0.0
18739.823746911,70.0,110.7,110.7,7918.625,0.0,0.0
18740.82620839,69.8,109.7,109.7,7918.625,0.0,0.0
18741.828737352,68.8,109.2,109.2,7918.625,0.0,0.08572071556781004
18742.840590601,65.3,108.3,108.3,7942.875,0.0,0.011581471929417506
18743.843326135,68.3,107.7,107.7,7924.1015625,0.0,0.011686780414837184
18744.845652692,71.0,110.7,110.7,7924.15625,0.0,0.0
18745.847936504,70.5,109.7,109.7,7924.15625,0.0,0.0
18746.850802301,70.6,109.6,109.6,7924.15625,0.0,0.11295753663043262
18747.856059018,66.8,104.6,104.6,7955.86328125,0.0,0.0
18748.858995775,69.7,106.7,106.7,7926.40625,0.0,0.0
18749.862266544,70.9,109.6,109.6,7926.40625,0.0,0.00778703042228755
18750.866842083,64.6,104.6,104.6,7949.0,0.0,0.0
18751.873048147,68.3,110.3,110.3,7929.2578125,0.0,0.08928961294740936
18752.875697043,71.4,110.7,110.7,7929.2578125,0.0,0.07402267164123202
18753.878507645,65.5,110.7,110.7,7929.2578125,0.0,0.0
18754.880732607,66.6,107.7,107.7,7964.76171875,0.0,0.0
18755.883400941,67.5,111.7,111.7,7938.05078125,0.0,0.007791709117641798
18756.885807231,69.8,109.7,109.7,7938.05078125,0.0,0.0
18757.889534831,63.0,107.4,107.4,7942.90234375,0.0,0.07394311962725711
18758.896040151,70.3,105.6,105.6,7942.90234375,0.0,0.0038810028346341636
18759.901120525,71.1,110.4,110.4,7942.90234375,0.0,0.0
18760.905236974,63.5,106.6,106.6,7942.90234375,0.0,0.0
18761.907588559,65.1,110.7,110.7,7942.90234375,0.0,0.007794171343575373
18762.910067168,70.4,109.4,109.4,7942.90234375,0.0,0.0
18763.920689218,63.7,108.2,108.2,7942.90234375,0.0,0.08503426181907593
18764.923712707,69.5,109.7,109.7,7942.90234375,0.0,0.0
18765.926026323,69.9,110.7,110.7,7942.90234375,0.0,0.0
18766.92891101,71.3,109.7,109.7,7942.90234375,0.0,0.0
18767.931469795,68.9,110.7,110.7,7942.90234375,0.0,0.007792560513051007
18768.933776028,73.5,108.6,108.6,7942.90234375,0.0,0.06235619209203511
18769.938798964,67.5,108.0,108.0,7942.90234375,0.0,0.0
18770.953056048,68.3,107.0,107.0,7942.90234375,0.0,0.0
18771.960716638,72.4,117.1,117.1,7942.90234375,0.0,0.0
18772.963703701,68.2,104.7,104.7,7942.90234375,0.0,0.0
18773.965960961,63.7,109.7,109.7,7942.90234375,0.0,0.08574395360336053
18774.968690002,72.2,110.7,110.7,7942.90234375,0.0,0.0
18775.971923964,67.0,110.4,110.4,7942.90234375,0.0,0.0
18776.978053157,68.1,104.5,104.5,7952.83203125,0.0,0.0
18777.983055491,70.2,108.6,108.6,7981.4765625,0.0,0.0
18778.986185821,73.7,108.5,108.5,7942.90234375,0.0,0.06230496489932733
18779.991032344,68.3,108.5,108.5,7942.90234375,0.0,0.13605933530169761
18780.995127275,68.9,111.7,111.7,7942.90234375,0.0,0.0
18781.997540088,70.9,110.7,110.7,7942.90234375,0.0,0.0
18783.000336175,69.8,111.6,111.6,7942.90234375,0.0,0.0
18784.00499806,65.7,105.6,105.6,7964.453125,0.0,0.077762480259493
18785.008032525,66.0,108.7,108.7,7942.90234375,0.0,0.0
18786.01099063,69.6,111.6,111.6,7942.90234375,0.0,0.007789457965442883
18787.01449962,68.3,108.6,108.6,7942.90234375,0.0,0.0
18788.019028883,68.5,106.1,106.1,7942.90234375,0.0,0.027220461371411972
18789.029750412,66.8,110.3,110.3,7954.921875,0.0,0.06183701267549713
18790.032895245,69.3,110.7,110.7,7942.90234375,0.0,0.0
18791.035251692,69.9,110.7,110.7,7942.90234375,0.0,0.0
18792.038156513,66.7,107.5,107.5,7942.90234375,0.0,0.007789871816746003
18793.046529433,64.3,108.3,108.3,7942.90234375,0.0,0.0
18794.049568007,69.4,111.7,111.7,7942.90234375,0.0,0.08567716359805236
18795.052645993,70.3,111.7,111.7,7942.90234375,0.0,0.0
18796.054526228,69.5,107.1,107.1,7942.90234375,0.0,0.0
18797.068076802,62.6,110.2,110.2,7942.90234375,0.0,0.007708051478051133
18798.070447804,69.4,108.7,108.7,7942.90234375,0.0,0.0
18799.07411704,71.6,103.7,103.7,7995.69140625,0.0,0.06227151112953555
18800.07703544,66.2,111.2,111.2,7952.26953125,0.0,0.0
18801.08578262,67.2,108.5,108.5,7944.76171875,0.0,0.0
18802.088059821,71.0,110.8,110.8,7944.76171875,0.0,0.01169212468200629
18803.09016994,69.4,106.7,106.7,7944.76171875,0.0,0.0
18804.107774395,67.7,110.1,110.1,7944.76171875,0.0,0.0
18805.124798596,63.6,108.2,108.2,7944.76171875,0.0,0.12290759637500749
18806.12706067,69.9,109.8,109.8,7944.76171875,0.0,0.0
18807.130049329,70.7,109.7,109.7,7944.76171875,0.0,0.0
18808.133596914,67.6,108.6,108.6,7944.76171875,0.0,0.007784882467744994
18809.135851904,73.2,108.8,108.8,7945.54296875,0.0,0.0
18810.138085551,68.9,111.7,111.7,7944.76171875,0.0,0.1013361508108279
18811.140396818,72.4,110.7,110.7,7944.76171875,0.0,0.0
18812.143279887,70.8,110.7,110.7,7944.76171875,0.0,0.0
18813.146308794,68.2,105.7,105.7,7965.62890625,0.0,0.0
18814.149489888,60.7,110.7,110.7,7944.76171875,0.0,0.03504476929460335
18815.151801721,70.1,109.7,109.7,7944.76171875,0.0,0.21824545295994105
18816.154155489,70.6,109.7,109.7,7944.76171875,0.0,0.0
18817.157069122,67.7,108.3,108.3,7944.76171875,0.0,0.0
18818.169037851,65.0,107.1,107.1,7944.76171875,0.0,0.0
18819.171904082,69.7,110.7,110.7,7944.76171875,0.0,0.0
18820.174552909,68.5,109.7,109.7,7944.76171875,0.0,0.13246163205237094
18821.17692864,50.9,100.8,100.8,7944.76171875,0.0,0.0
18822.179392314,55.7,85.6,85.6,7944.76171875,0.0,0.0
18823.186037986,84.4,123.6,123.6,7950.2890625,0.0,0.0
18824.20011427,89.4,134.2,134.2,7951.66015625,0.0,0.0
18825.212408001,86.3,131.7,131.7,7952.3671875,0.0,0.07331740553864005
18826.222038679,88.0,135.1,135.1,7961.9453125,0.0,0.0
18827.226037088,74.2,122.3,122.3,7944.76953125,0.0,0.0
18828.232304324,74.9,120.5,120.5,7989.0859375,0.0,0.0
18829.234862457,83.5,123.9,123.9,7952.62109375,0.0,0.0
18830.247671964,87.1,136.0,136.0,7952.62109375,0.0,0.08485060557399034
18831.251105875,85.4,131.1,131.1,7952.62109375,0.0,0.007785764378067582
18832.257700068,73.1,127.5,127.5,7952.62109375,0.0,0.0
18833.263046473,71.4,117.5,117.5,8009.7890625,0.0,0.0
18834.265972611,69.5,122.5,122.5,7944.76171875,0.0,0.0
18835.270672686,59.5,109.6,109.6,7944.76171875,0.0,0.062207619522554804
18836.273370354,80.6,79.6,79.6,7944.76171875,0.0,0.04674888702352093
18837.280062942,73.2,111.5,111.5,7944.76171875,0.0,0.0
18838.283051326,71.7,108.7,108.7,7944.76171875,0.0,0.0
18839.284959136,71.5,106.0,106.0,7944.76171875,0.0,0.0
18840.299702964,64.8,111.1,111.1,7969.73828125,0.0,0.188625192603771
18841.302644467,67.7,111.7,111.7,7944.76171875,0.0,0.0
18842.306073866,70.3,110.4,110.4,7944.76171875,0.0,0.007785799387372292
18843.311094206,67.3,109.6,109.6,7944.76171875,0.0,0.0
18844.314799418,67.5,105.6,105.6,7963.73828125,0.0,0.0
18845.323329824,64.4,111.1,111.1,7944.76171875,0.0,0.11619629839881827
18846.326400481,69.8,110.7,110.7,7944.76171875,0.0,0.0
18847.329275367,70.2,110.7,110.7,7944.76171875,0.0,0.0
18848.333118536,68.7,107.0,107.0,7944.76171875,0.0,0.007782590190632637
18849.346702694,72.3,108.0,108.0,7944.76171875,0.0,0.0
18850.356064692,63.9,110.2,110.2,7947.265625,0.0,0.08514041559945543
18851.358039715,72.6,110.8,110.8,7973.08203125,0.0,0.04288405300903731
18852.360232002,65.4,109.7,109.7,7944.76171875,0.0,0.0
18853.363431438,65.8,106.0,106.0,7944.76171875,0.0,0.007787584123006129
18854.375729268,68.1,108.0,108.0,7962.1640625,0.0,0.0
18855.382012484,70.8,115.7,115.7,7944.76171875,0.0,0.062109751018633995
18856.384407272,65.6,104.7,104.7,7944.76171875,0.0,0.0
18857.387641171,73.1,111.7,111.7,7950.64453125,0.0,0.0
18858.390625081,73.0,109.4,109.4,7950.64453125,0.0,0.0
18859.398061094,64.5,104.5,104.5,7950.64453125,0.0,0.00775483494650934
18860.400381737,67.8,111.7,111.7,7950.64453125,0.0,0.08573853147728543
18861.403699028,71.7,111.4,111.4,7911.734375,0.0,0.0
18862.411791854,65.7,107.1,107.1,7946.29296875,0.0,0.0
18863.420173315,64.4,109.4,109.4,7914.99609375,0.0,0.0
18864.422669715,70.9,108.4,108.4,7925.66015625,0.0,0.007793045441357219
18865.431215109,69.3,111.4,111.4,7925.66015625,0.0,0.061970438189259666
18866.448300252,67.4,106.2,106.2,7964.1328125,0.0,0.0
18867.452052724,65.4,109.5,109.5,7926.26953125,0.0,0.0
18868.454894171,71.7,110.7,110.7,7925.66015625,0.0,0.0
18869.458050582,68.3,107.6,107.6,7958.3671875,0.0,0.011681877194328909
18870.462867944,67.4,111.5,111.5,7926.375,0.0,0.12828823911211182
18871.466095991,67.1,110.6,110.6,7926.375,0.0,0.0
18872.469219673,70.9,110.7,110.7,7939.7421875,0.0,0.0
18873.471737807,69.5,111.6,111.6,7939.7421875,0.0,0.0
18874.477070023,66.7,105.4,105.4,7964.4375,0.0,0.0
18875.482555225,63.6,110.6,110.6,7939.7421875,0.0,0.0815837466695783
18876.485240473,70.3,110.9,110.9,7939.7421875,0.0,0.0
18877.501401824,67.9,108.6,108.6,7939.7421875,0.0,0.0
18878.511052906,73.4,107.9,107.9,7939.7421875,0.0,0.011606732473145594
18879.523047418,67.7,114.0,114.0,7939.7421875,0.0,0.0
18880.526994459,63.2,105.7,105.7,7939.7421875,0.0,0.08949052721985465
18881.530069184,69.8,110.6,110.6,7939.7421875,0.0,0.0
18882.535351597,68.6,107.8,107.8,7939.7421875,0.0,0.0
18883.5512922,70.5,112.0,112.0,7939.7421875,0.0,0.0
18884.553661252,68.2,110.7,110.7,7939.7421875,0.0,0.0
18885.557054934,66.1,106.7,106.7,7939.7421875,0.0,0.10121899491888331
18886.55923282,72.6,111.7,111.7,7939.7421875,0.0,0.054568655688784745
18887.561599943,65.1,110.7,110.7,7939.7421875,0.0,0.0
18888.564054615,74.3,108.3,108.3,7941.70703125,0.0,0.0
18889.576020964,64.8,105.2,105.2,7939.7421875,0.0,0.0
18890.578295762,68.7,110.2,110.2,7939.7421875,0.0,0.09743460595323276
18891.585851664,68.4,112.5,112.5,7939.7421875,0.0,0.0077539121993007954
18892.590190237,71.8,110.6,110.6,7939.7421875,0.0,0.0
18893.601178163,66.7,109.9,109.9,7940.7734375,0.0,0.0
18894.619152169,68.9,107.7,107.7,7949.25390625,0.0,0.0
18895.627177556,65.7,109.5,109.5,7948.3359375,0.0,0.07362785794599581
18896.630132211,67.8,112.6,112.6,7925.81640625,0.0,0.0
18897.633903145,67.0,106.2,106.2,7937.3828125,0.0,0.007783150254083843
18898.645928639,69.8,111.2,111.2,7937.3828125,0.0,0.0
18899.648727309,69.9,109.3,109.3,7939.91796875,0.0,0.0
18900.656219719,64.2,106.6,106.6,7937.3828125,0.0,0.20549162251239717
18901.65853216,65.0,110.7,110.7,7937.3828125,0.0,0.0
18902.661662082,70.4,110.1,110.1,7937.3828125,0.0,0.00778812378004941
18903.674068695,71.0,112.0,112.0,7937.3828125,0.0,0.0
18904.679347011,70.6,109.6,109.6,7937.3828125,0.0,0.0
18905.68260435,65.5,103.7,103.7,7953.8046875,0.0,0.06229707730041616
18906.68536187,63.6,111.7,111.7,7937.3828125,0.0,0.0
18907.687936075,67.6,109.7,109.7,7937.3828125,0.0,0.0
18908.690818449,73.7,109.6,109.6,7937.3828125,0.0,0.007790046173455079
18909.695490896,69.6,105.0,105.0,7937.3828125,0.0,0.0
18910.708046398,64.5,111.2,111.2,7938.0,0.0,0.08487189080537018
18911.711060907,66.3,108.7,108.7,7937.3828125,0.0,0.0
18912.713396953,71.1,109.7,109.7,7937.3828125,0.0,0.0
18913.716703843,66.2,108.4,108.4,7937.3828125,0.0,0.007786750074038994
18914.722322139,71.6,108.8,108.8,7937.3828125,0.0,0.0
18915.740045525,65.2,113.9,113.9,7937.3828125,0.0,0.061411578882734956
18916.742731074,68.6,106.7,106.7,7937.3828125,0.0,0.0
18917.745986087,67.6,110.6,110.6,7937.3828125,0.0,0.0
18918.748860123,74.1,108.6,108.6,7937.3828125,0.0,0.0
18919.75380351,69.6,106.9,106.9,7937.5859375,0.0,0.007774069764582284
18920.770923924,72.2,108.9,108.9,7937.5859375,0.0,0.08449097945260874
18921.773631134,66.2,115.4,115.4,7937.99609375,0.0,0.03116562809989023
18922.781196553,65.6,106.4,106.4,7937.5859375,0.0,0.0
18923.783256995,64.3,105.8,105.8,7937.5859375,0.0,0.0
18924.785567538,66.6,110.7,110.7,7937.5859375,0.0,0.0077944904945420135
18925.788533699,68.9,110.6,110.6,7937.5859375,0.0,0.06231516319330422
18926.794047034,67.8,111.3,111.3,7937.5859375,0.0,0.0
18927.799383285,66.2,107.7,107.7,7937.5859375,0.0,0.0
18928.801941649,70.5,107.7,107.7,7937.5859375,0.0,0.0
18929.804626979,70.4,110.7,110.7,7937.5859375,0.0,0.06233261635528953
18930.807871079,64.0,111.6,111.6,7937.5859375,0.0,0.07008513680766111
18931.811033892,53.5,99.6,99.6,7937.5859375,0.0,0.0
18932.815512247,50.9,100.6,100.6,7937.5859375,0.0,0.0
18933.81865834,77.9,102.3,102.3,7937.5859375,0.0,0.0
18934.830105409,89.0,132.1,132.1,7945.0859375,0.0,0.0
18935.842257719,87.9,133.5,133.5,7937.5859375,0.0,0.06946829968711386
18936.856128509,90.1,130.5,130.5,7937.5859375,0.0,0.0
18937.869244687,76.3,130.4,130.4,7937.5859375,0.0,0.0
18938.87861452,78.4,125.1,125.1,7937.5859375,0.0,0.0
18939.886196492,81.0,127.8,127.8,7960.30859375,0.0,0.0
18940.896377137,83.1,126.3,126.3,7947.2109375,0.0,0.08893830073331147
18941.90858023,83.9,129.1,129.1,7944.65234375,0.0,0.0
18942.915414883,74.9,127.3,127.3,7944.66015625,0.0,0.0
18943.920056315,69.5,117.4,117.4,8010.93359375,0.0,0.0
18944.924596483,72.2,122.4,122.4,7961.51953125,0.0,0.011665785374548208
18945.929406737,63.3,115.3,115.3,7954.921875,0.0,0.0
18946.936084228,71.7,72.7,72.7,7978.8046875,0.0,7.174746941861069
18947.938708401,71.4,114.7,114.7,7954.921875,0.0,0.0
18948.941032145,73.7,110.8,110.8,7954.921875,0.0,0.0
18949.943599142,67.7,106.6,106.6,7991.80078125,0.0,0.0
18950.947658897,68.5,110.6,110.6,7954.921875,0.0,0.0
18951.950809138,67.3,110.0,110.0,7957.5078125,0.0,7.4452955247658466
18952.96104874,67.4,105.6,105.6,7959.2109375,0.0077333139431012745,0.08506645337411402
18953.963321324,65.3,111.7,111.7,7971.375,0.0,0.0
18954.96604694,66.8,109.7,109.7,7954.921875,0.0,0.0
18955.969037982,70.4,107.7,107.7,8007.703125,0.0,0.08178662277639878
18956.973063315,68.5,109.6,109.6,7957.5,0.0,0.15562356333481336
18957.979341787,70.5,109.3,109.3,7957.5,0.0,0.007763755478617357
18958.981864546,73.6,104.4,104.4,7957.5,0.0,0.0
18959.992068694,61.7,108.3,108.3,7957.5,0.0,0.0
18960.994465741,74.4,110.7,110.7,7957.5,0.0,0.12080417671028038
18961.997490773,68.3,111.5,111.5,7957.5,0.0,0.18304004799792337
18963.002070195,65.5,105.5,105.5,7957.5078125,0.0,0.0
18964.012384523,69.4,109.0,109.0,7977.66796875,0.0,0.0
18965.015687438,71.9,113.6,113.6,7957.97265625,0.0,0.0
18966.020055454,66.7,107.2,107.2,7957.97265625,0.0,0.0
18967.03212685,66.2,112.1,112.1,7957.97265625,0.0,0.054035219467734645
18968.033995473,66.0,109.7,109.7,7957.97265625,0.0,0.0
18969.03720367,74.1,109.7,109.7,7957.97265625,0.0,0.003893758057088529
18970.040050982,70.2,108.0,108.0,7957.97265625,0.0,0.0
18971.053606957,72.2,109.7,109.7,7963.765625,0.0,0.0
18972.074395032,65.1,108.2,108.2,7963.765625,0.0,0.07653400535670438
18973.076673311,69.0,110.5,110.5,7963.765625,0.0,0.0
18974.085651242,61.9,108.3,108.3,7963.765625,0.0,0.0
18975.08813577,68.8,109.7,109.7,7943.35546875,0.0,0.0
18976.090380531,66.7,105.7,105.7,7972.0,0.0,0.0
18977.095045031,66.4,110.5,110.5,7949.04296875,0.0,0.05443359449845016
18978.097402599,68.8,110.7,110.7,7949.04296875,0.0,0.011691187231115445
18979.100339537,71.9,109.7,109.7,7949.04296875,0.0,0.0
18980.103311587,72.0,110.7,110.7,7965.9453125,0.0,0.0
18981.105259733,70.3,112.8,112.8,7965.9453125,0.0,0.0
18982.108052371,69.7,107.4,107.4,7943.35546875,0.0,0.08959354765436088
18983.116901778,69.1,106.6,106.6,7948.5390625,0.0,0.0
18984.131726242,63.7,111.0,111.0,7948.5390625,0.0,0.0
18985.137769599,69.7,108.5,108.5,7948.5390625,0.0,0.0
18986.140143664,69.7,110.7,110.7,7948.5390625,0.0,0.0
18987.142628118,69.2,109.5,109.5,7948.5390625,0.0,0.05455196814461832
18988.148074567,64.5,104.3,104.3,7949.71875,0.0,0.0349658104963115
18989.154257953,74.7,112.2,112.2,7949.71875,0.0,0.0
18990.165933867,67.6,111.2,111.2,7949.71875,0.0,0.0
18991.172494995,67.8,109.3,109.3,7949.71875,0.0,0.0
18992.174805117,71.1,109.7,109.7,7949.71875,0.0,0.08184218456894249
18993.177542306,73.3,117.7,117.7,7949.71875,0.0,0.0
18994.180439003,63.9,104.7,104.7,7949.71875,0.0,0.0
18995.18247966,72.2,111.6,111.6,7968.1328125,0.0,0.0
18996.195775041,70.7,112.5,112.5,7955.05078125,0.0,0.0
18997.200584666,66.2,106.8,106.8,7955.05078125,0.0,0.05442573263570871
18998.216220117,67.5,109.1,109.1,7955.05078125,0.0,0.0
18999.219213231,71.8,106.9,106.9,7956.4609375,0.0,0.0
19000.240105681,71.3,112.1,112.1,7956.875,0.0,0.0
19001.254065775,64.4,105.8,105.8,7956.4609375,0.0,0.0
19002.259961982,68.6,111.9,111.9,7956.87109375,0.0,0.07766705894340784
19003.27119463,59.0,105.3,105.3,7956.4609375,0.0,0.0
19004.273775703,69.5,109.7,109.7,7956.4609375,0.0,0.0
19005.27749439,68.7,111.2,111.2,7971.78515625,0.0,0.0
19006.291603784,68.7,104.8,104.8,7956.4609375,0.0,0.0
19007.299105193,72.7,114.0,114.0,7969.85546875,0.0,0.0542803211107073
19008.305378829,70.3,106.0,106.0,7956.4609375,0.0,0.0
19009.319880019,70.9,107.9,107.9,7991.171875,0.0,0.007700828818161494
19010.324890236,66.3,113.6,113.6,7956.4609375,0.0,0.0
19011.328073435,67.0,108.6,108.6,7956.4609375,0.0,0.0
19012.330857435,69.1,110.7,110.7,7956.4609375,0.0,0.0
19013.334243493,69.2,110.7,110.7,7956.4609375,0.0,0.08564749262268394
19014.336734198,69.3,109.7,109.7,7956.4609375,0.0,0.0
19015.339916742,67.7,111.5,111.5,7956.4609375,0.0,0.0
19016.34503455,65.6,105.6,105.6,7956.4609375,0.0,0.0
19017.347260706,67.5,109.8,109.8,7956.4609375,0.0,0.0
19018.349518149,71.0,108.7,108.7,7956.4609375,0.0,0.05456432414837876
19019.354043209,66.8,106.2,106.2,7972.5625,0.0,0.0
19020.361062987,69.6,110.7,110.7,7956.4609375,0.0,0.0
19021.363530914,71.2,110.7,110.7,7956.4609375,0.0,0.12079563519054123
19022.366416129,70.0,108.7,108.7,7956.4609375,0.0,0.0
19023.370578909,66.7,109.0,109.0,7956.4609375,0.0,0.011670169651156985
19024.384927044,63.2,105.0,105.0,7956.4609375,0.0,0.08087090336110586
19025.390751682,69.2,112.3,112.3,7956.4609375,0.0,0.0
19026.393735852,69.3,110.6,110.6,7956.4609375,0.0,0.0
19027.397018642,68.3,111.2,111.2,7956.4609375,0.0,0.0
19028.404372814,70.4,109.6,109.6,7956.4609375,0.0,0.0
19029.412084434,70.9,105.6,105.6,7956.4609375,0.0,0.08140349716313207
19030.424035682,71.2,110.1,110.1,7993.09375,0.0,0.0
19031.430041491,68.1,113.6,113.6,7988.69140625,0.0,0.0
19032.43244686,65.8,108.7,108.7,7956.4609375,0.0,0.0
19033.435791735,70.0,107.0,107.0,7956.4609375,0.0,0.0
19034.453045014,68.9,107.8,107.8,7978.51953125,0.0,0.0
19035.458785396,64.2,110.5,110.5,7956.4609375,0.0,0.05437536463564543
19036.461225257,72.9,110.7,110.7,7993.07421875,0.0,0.0
19037.46395314,67.4,110.7,110.7,7969.7890625,0.0,0.0
19038.466823106,72.4,111.5,111.5,7969.7890625,0.0,0.0
19039.471488402,60.2,105.7,105.7,7981.234375,0.0,0.0
19040.473773019,69.0,111.7,111.7,7969.7890625,0.0,0.15589384227780978
19041.476363399,71.0,109.7,109.7,7969.7890625,0.0,0.0
19042.478741133,57.4,104.7,104.7,7943.35546875,0.0,0.0
19043.481325761,50.7,99.8,99.8,7943.35546875,0.0,0.0
19044.48405175,64.3,91.3,91.3,7943.35546875,0.0,0.0
19045.494367811,84.5,106.1,106.1,7878.33984375,0.0,0.05412910089342381
19046.503270765,79.2,133.9,133.9,7877.0234375,0.0,0.015487118892911692
19047.514041147,78.5,132.9,132.9,7881.5,0.0,0.0
19048.517046951,87.2,125.4,125.4,7966.6484375,0.0,0.0
19049.522038959,74.4,125.3,125.3,7926.5546875,0.0,0.0
19050.534431654,76.1,122.5,122.5,7969.20703125,0.0,0.09646084022761382
19051.539047933,85.0,135.3,135.3,7982.28515625,0.0,0.0
19052.557320898,82.9,127.0,127.0,7927.44140625,0.0,0.0
19053.559794688,88.7,134.8,134.8,7935.23046875,0.0,0.0
19054.57344101,70.1,119.4,119.4,7905.80859375,0.0,0.050097601991764086
19055.585554803,71.9,121.3,121.3,7944.2109375,0.0,0.05403295595636508
19056.589254238,69.7,117.5,117.5,7980.421875,0.0,0.0
19057.593014954,56.7,110.6,110.6,7944.2109375,0.0,0.0
19058.598211713,91.4,86.6,86.6,7950.76171875,0.0,0.0427466061895359
19059.600558247,70.8,109.7,109.7,7957.28125,0.0,0.0
19060.603791714,68.2,108.1,108.1,7957.28125,0.0,0.0
19061.614918361,61.1,108.4,108.4,7957.28125,0.0,0.19316324080594072
19062.61805217,68.2,111.5,111.5,7957.28125,0.0,0.0
19063.622924195,69.1,109.9,109.9,7957.28125,0.0,0.0
19064.636054872,72.2,113.2,113.2,7957.7890625,0.0,0.0
19065.640545991,66.8,103.6,103.6,7957.7890625,0.0,0.0
19066.64294196,64.9,110.7,110.7,7957.7890625,0.0,0.08183517545644402
19067.645339821,70.0,109.8,109.8,7957.7890625,0.0,0.0
19068.647319302,72.5,108.1,108.1,7957.7890625,0.0,0.0
19069.661855146,69.8,106.4,106.4,7957.7890625,0.0,0.0
19070.676345831,68.8,112.5,112.5,7957.7890625,0.0,0.0
19071.687081246,66.4,107.5,107.5,7957.7890625,0.0,0.09275424469036402
19072.689503888,69.8,109.6,109.6,7957.7890625,0.0,0.0
19073.693620579,65.1,109.6,109.6,7957.7890625,0.0,0.0
19074.69604343,66.2,105.7,105.7,7957.7890625,0.0,0.0
19075.699013271,69.9,110.7,110.7,7957.7890625,0.0,0.0
19076.701960987,68.3,112.6,112.6,7968.50390625,0.0,0.05452677056604265
19077.706693874,64.8,104.6,104.6,7944.8671875,0.0,0.0
19078.710049497,74.3,108.0,108.0,7947.390625,0.0,0.0
19079.722495704,66.3,107.9,107.9,7963.49609375,0.0,0.0
19080.731242943,64.9,111.4,111.4,7947.390625,0.0,0.12004369907412962
19081.733949334,71.4,110.3,110.3,7951.72265625,0.0,0.0779141338891144
19082.741036109,65.9,104.6,104.6,7951.72265625,0.0,0.0
19083.743312584,64.6,110.7,110.7,7951.72265625,0.0,0.0
19084.74606237,71.1,109.1,109.1,7954.84375,0.0,0.0
19085.758532253,67.2,113.2,113.2,7954.84375,0.0,0.0
19086.76085447,65.8,105.7,105.7,7954.84375,0.0,0.031177598849866983
19087.763718823,68.9,109.3,109.3,7954.84375,0.0,0.0584263961769141
19088.772903806,68.6,110.3,110.3,7965.32421875,0.0,0.0
19089.780052731,63.0,106.3,106.3,7954.84375,0.0,0.0
19090.783279773,69.7,107.7,107.7,7954.84375,0.0,0.0
19091.786679486,70.5,109.6,109.6,7954.84375,0.0,0.0
19092.789798655,68.8,111.7,111.7,7954.84375,0.0,0.08177617628573058
19093.791626195,67.2,112.7,112.7,7954.84375,0.0,0.0
19094.795739086,63.5,104.7,104.7,7954.84375,0.0,0.0
19095.801158288,70.9,111.4,111.4,7954.84375,0.0,0.0
19096.803472959,70.7,109.7,109.7,7954.91015625,0.0,0.0
19097.806574828,69.7,111.4,111.4,7960.484375,0.0,0.0
19098.817043899,64.6,102.2,102.2,7957.140625,0.0,0.057986683295551386
19099.819263718,68.7,109.7,109.7,7954.91015625,0.0,0.0
19100.82244823,69.0,109.7,109.7,7954.91015625,0.0,0.0
19101.824737715,70.9,110.7,110.7,7954.91015625,0.0,0.0
19102.8277373,67.5,110.3,110.3,7954.91015625,0.0,0.03505111121263708
19103.838509977,65.9,106.3,106.3,7976.08984375,0.0,0.12366776708980501
19104.844056128,68.2,110.9,110.9,7954.91015625,0.0,0.0
19105.850917981,68.5,110.7,110.7,7955.4765625,0.0,0.0
19106.854339767,69.5,111.6,111.6,7955.4765625,0.0,0.0
19107.857452308,67.2,105.3,105.3,7955.4765625,0.0,0.0
19108.871086261,71.1,111.4,111.4,7959.203125,0.0,0.07707417432967896
19109.882281577,68.8,105.3,105.3,7957.62109375,0.0,0.01545200986668801
19110.884610177,68.4,111.7,111.7,7957.62109375,0.0,0.0
19111.887764843,69.7,110.5,110.5,7957.62109375,0.0,0.0
19112.903618541,66.3,112.4,112.4,7957.62109375,0.0,0.0
19113.905930359,66.5,104.7,104.7,7957.62109375,0.0,0.07794480579497806
19114.908994218,70.9,108.7,108.7,7957.62109375,0.0,0.12072386908722249
19115.912092433,71.5,111.6,111.6,7957.62109375,0.0,0.0
19116.91660014,65.7,110.6,110.6,7957.62109375,0.0,0.0
19117.920052058,64.7,107.6,107.6,7957.8125,0.0,0.050606560303530085
19118.922775828,75.2,109.7,109.7,7957.8125,0.0,0.0
19119.92604212,70.8,110.3,110.3,7957.8125,0.0,0.07787065171311261
19120.950100713,66.5,109.4,109.4,7957.8125,0.0,0.0
19121.9580766,73.6,104.4,104.4,7988.42578125,0.0,0.0
19122.960835632,65.3,113.6,113.6,7957.8125,0.0,0.0
19123.964842005,74.8,107.7,107.7,7957.8125,0.0,0.0
19124.977187736,68.8,110.6,110.6,7995.66015625,0.0,0.05402057649413333
19125.979789229,65.6,111.7,111.7,7986.14453125,0.0,0.0
19126.982537273,67.7,111.7,111.7,7957.8125,0.0,0.0
19127.985461159,68.3,109.0,109.0,7957.8125,0.0,0.0
19128.998973778,68.2,100.3,100.3,7958.94140625,0.0,0.0
19130.002049526,69.2,111.7,111.7,7957.8125,0.0,0.07788544400153255
19131.004804904,71.8,108.7,108.7,7957.8125,0.0,0.0
19132.009553584,67.0,111.5,111.5,7957.8125,0.0,0.0
19133.011949308,72.4,111.7,111.7,7959.4140625,0.0,0.003896914069448312
19134.014978997,71.2,108.7,108.7,7942.87109375,0.0,0.0
19135.017712089,65.8,104.7,104.7,7942.87109375,0.0,0.058434044380657676
19136.020597403,64.1,110.7,110.7,7943.80078125,0.0,0.0
19137.023064881,67.8,113.5,113.5,7942.87109375,0.0,0.0
19138.028193647,63.6,106.6,106.6,7975.26953125,0.0,0.0038863179844601495
19139.032043668,80.2,108.6,108.6,7953.96484375,0.0,0.0
19140.040106177,67.3,109.0,109.0,7942.87109375,0.0,0.08137516202399372
19141.045068711,66.2,111.6,111.6,7942.87109375,0.0,0.0
19142.047321482,71.9,111.8,111.8,7942.87109375,0.0,0.0
19143.049082623,68.5,109.8,109.8,7942.87109375,0.0,0.0
19144.051685577,70.5,111.7,111.7,7946.69921875,0.0,0.0
19145.054653934,66.9,112.7,112.7,7946.69921875,0.0,0.05452564840990706
19146.056921418,65.7,105.7,105.7,7946.69921875,0.0,0.0
19147.059897366,69.4,110.7,110.7,7946.69921875,0.0,0.0
19148.062915903,70.1,111.4,111.4,7951.44921875,0.0,0.0
19149.067706748,73.2,100.6,100.6,7980.94921875,0.0,0.0
19150.072194231,62.0,109.6,109.6,7951.44921875,0.0,0.007777598160459585
19151.074605423,70.1,111.7,111.7,7951.44921875,0.0,0.07793707873929717
19152.079033035,67.3,103.5,103.5,7975.390625,0.0,0.0
19153.08523481,69.4,113.5,113.5,7951.44921875,0.0,0.0
19154.098945269,51.6,102.4,102.4,7951.44921875,0.0,0.0
19155.10170427,50.7,99.7,99.7,7951.44921875,0.0,0.0
19156.105046899,84.1,108.3,108.3,7893.921875,0.0,0.05839854532887059
19157.114332991,87.9,132.8,132.8,7888.390625,0.0,0.0
19158.12310048,87.1,130.9,130.9,7894.8125,0.0,0.0
19159.130450351,89.1,124.0,124.0,7930.66796875,0.0,0.0
19160.139527788,73.9,128.0,128.0,7963.91796875,0.0,0.0
19161.14498872,77.1,126.7,126.7,7932.3125,0.0,0.003885034093002179
19162.16006506,79.6,126.1,126.1,7931.1875,0.0,0.08081288743256038
19163.177043842,84.5,128.7,128.7,7935.5546875,0.0,0.0
19164.191039441,85.1,130.2,130.2,7935.40625,0.0,0.007704668548553846
19165.206983407,75.4,124.9,124.9,7935.40625,0.0,0.0
19166.209214006,69.6,116.6,116.6,7959.5859375,0.0,0.0
19167.21270051,72.5,122.6,122.6,7917.50390625,0.0,0.1245657011845897
19168.216543425,66.1,114.5,114.5,7900.46875,0.0,0.0
19169.221746873,71.7,71.0,71.0,7900.46875,0.0,0.124352935963673
19170.236074894,85.1,116.4,116.4,7900.46875,0.0,0.0
19171.238976016,70.0,111.1,111.1,7900.47265625,0.0,0.0
19172.252625023,70.8,110.9,110.9,7900.46875,0.0,0.4239016632312816
19173.258070504,65.8,104.6,104.6,7931.1015625,0.0,0.0
19174.264687409,71.4,110.0,110.0,7925.3125,0.0,0.0
19175.2724269,71.1,111.4,111.4,7904.44921875,0.015504999198244086,0.23645123777322233
19176.275119789,66.9,111.7,111.7,7904.44921875,0.0,0.0
19177.279089762,66.1,103.6,103.6,7924.921875,0.0,0.0
19178.287163337,67.1,110.1,110.1,7904.44921875,0.0,0.1084990249841878
19179.289725215,68.3,110.7,110.7,7904.44921875,0.0,0.0
19180.292053631,66.0,104.7,104.7,7904.44921875,0.0,0.0077943515072288905
19181.294672535,71.8,110.6,110.6,7904.44921875,0.0,0.0
19182.299454317,67.2,106.7,106.7,7904.44921875,0.0,0.0
19183.302058476,66.8,111.7,111.7,7904.44921875,0.0,0.08181818244360836
19184.305246976,70.5,107.4,107.4,7904.44921875,0.0,0.0
19185.327059982,64.3,106.7,106.7,7904.44921875,0.0,0.0
19186.334832221,67.1,111.4,111.4,7904.44921875,0.0,0.0
19187.337600135,68.8,110.1,110.1,7904.5625,0.0,0.0
19188.350151731,69.1,106.8,106.8,7904.44921875,0.0,0.054009593403530946
19189.361111501,66.2,107.3,107.3,7904.44921875,0.0,0.0
19190.363812763,70.0,112.5,112.5,7904.44921875,0.0,0.0
19191.36956197,68.4,107.6,107.6,7904.44921875,0.0,0.0
19192.372037025,70.7,110.7,110.7,7904.44921875,0.0,0.0
19193.374353464,70.7,113.7,113.7,7904.44921875,0.0,0.07794444644438976
19194.377180092,69.0,109.7,109.7,7904.44921875,0.0,0.0
19195.380391207,70.6,107.5,107.5,7904.44921875,0.0,0.0
19196.38907147,66.2,114.2,114.2,7904.44921875,0.0,0.0
19197.391966328,66.4,102.7,102.7,7904.44921875,0.0,0.0
19198.395153925,74.1,108.7,108.7,7912.34765625,0.0,0.054513732190719026
19199.398618618,66.9,111.6,111.6,7912.34765625,0.0,0.011678288316220658
19200.401073222,65.9,104.6,104.6,7912.34765625,0.0,0.0
19201.405658618,69.7,110.5,110.5,7912.34765625,0.0,0.0
19202.410593174,70.8,108.6,108.6,7912.34765625,0.0,0.0
19203.413416729,69.5,111.6,111.6,7912.34765625,0.0,0.08959078548985261
19204.418708007,70.0,107.1,107.1,7912.34765625,0.0,0.0
19205.430458049,64.1,108.2,108.2,7912.34765625,0.0,0.0
19206.432890642,68.9,111.7,111.7,7912.34765625,0.0,0.04676124891310138
19207.435705766,68.7,105.6,105.6,7941.12890625,0.0,0.0
19208.443056857,71.3,110.2,110.2,7941.80078125,0.0,0.054288420878044086
19209.451078794,65.6,109.2,109.2,7891.16796875,0.0,0.0038751636810744074
19210.453494026,69.5,109.7,109.7,7893.64453125,0.0,0.0
19211.455980233,71.0,111.7,111.7,7893.64453125,0.0,0.0
19212.459156568,70.4,108.7,108.7,7893.64453125,0.0,0.0
19213.462127729,68.8,111.6,111.6,7893.64453125,0.0,0.07789356567547827
19214.466050433,66.7,104.7,104.7,7924.890625,0.0,0.0
19215.468939487,68.4,109.3,109.3,7939.0,0.0,0.0
19216.478406209,66.9,111.3,111.3,7899.45703125,0.0,0.0
19217.480824868,71.7,110.7,110.7,7899.45703125,0.0,0.0
19218.48338771,71.7,106.2,106.2,7900.04296875,0.0,0.054547702856074895
19219.494725935,62.4,109.3,109.3,7900.140625,0.0,0.0
19220.49671014,69.7,106.4,106.4,7900.140625,0.0,0.0
19221.504054575,64.1,111.5,111.5,7900.140625,0.0,0.0
19222.506856672,70.3,110.7,110.7,7900.140625,0.0,0.0
19223.509589333,67.3,110.6,110.6,7900.140625,0.0,0.0
19224.514296693,66.2,104.6,104.6,7921.67578125,0.0,0.07775896057933628
19225.52175619,66.2,111.7,111.7,7911.265625,0.0,0.0
19226.530454615,71.3,110.2,110.2,7959.17578125,0.0,0.0
19227.535829139,67.5,109.7,109.7,7907.2109375,0.0,0.0
19228.538442798,76.9,109.1,109.1,7907.6796875,0.0,0.0
19229.549038491,65.4,105.6,105.6,7908.73828125,0.0,0.0927670686202085
19230.551319957,65.1,111.7,111.7,7907.2109375,0.0,0.031178866476198306
19231.554107041,67.3,112.7,112.7,7907.2109375,0.0,0.0
19232.558096,69.6,110.6,110.6,7907.2109375,0.0,0.0
19233.562246858,70.8,110.5,110.5,7907.2109375,0.0,0.0
19234.565309127,67.2,109.6,109.6,7907.2109375,0.0,0.0
19235.569883715,67.0,105.4,105.4,7909.12109375,0.0,0.24497309900060682
19236.576323001,72.8,109.3,109.3,7940.609375,0.0,0.0
19237.582112993,72.9,115.4,115.4,7907.2109375,0.0,0.0
19238.58703103,68.3,105.4,105.4,7907.2109375,0.0,0.027209930554747803
19239.594996017,65.1,109.4,109.4,7907.2109375,0.0,0.0
19240.597667507,69.3,110.7,110.7,7907.2109375,0.0,0.07791684592517216
19241.600019297,69.7,109.7,109.7,7907.2109375,0.0,0.0
19242.603165122,69.6,111.4,111.4,7907.2109375,0.0,0.0
19243.621072103,69.4,109.0,109.0,7907.2109375,0.0,0.0
19244.628054734,64.5,111.3,111.3,7907.2109375,0.0,0.0
19245.634028549,64.3,106.6,106.6,7907.2109375,0.0,0.054362747006426675
19246.636518044,73.0,109.6,109.6,7907.2109375,0.0,0.0
19247.641687994,65.3,112.4,112.4,7907.2109375,0.0,0.0
19248.646138429,70.6,104.6,104.6,7908.98828125,0.0,0.0
19249.648782161,68.6,111.7,111.7,7908.98828125,0.0,0.015583800607690431
19250.652039024,69.4,110.7,110.7,7908.98828125,0.0,0.09344566028638147
19251.654038861,65.8,106.6,106.6,7936.27734375,0.0,0.0
19252.657667524,68.6,110.7,110.7,7908.98828125,0.0,0.0
19253.660286005,70.6,111.7,111.7,7908.98828125,0.0,0.0
19254.663723549,67.0,105.7,105.7,7947.00390625,0.0,0.0
19255.672901987,65.3,110.7,110.7,7914.1640625,0.0,0.054190119349428426
19256.679861032,74.7,112.1,112.1,7908.98828125,0.0,0.0
19257.703266206,66.2,109.8,109.8,7908.98828125,0.0,0.0
19258.705716369,75.7,105.7,105.7,7908.98828125,0.0,0.0
19259.710666485,66.6,112.1,112.1,7911.41015625,0.0,0.0
19260.719036516,63.6,103.5,103.5,7921.57421875,0.0,0.07747651913317802
19261.721318579,68.5,110.7,110.7,7908.98828125,0.0,0.0077947119762021575
19262.72380748,68.7,109.6,109.6,7908.98828125,0.0,0.0
19263.72872558,70.9,111.5,111.5,7910.30078125,0.0,0.0
19264.73341197,59.4,104.5,104.5,7910.30078125,0.0,0.0
19265.738080265,50.9,100.6,100.6,7910.30078125,0.0,0.06220958729458943
19266.740571325,55.6,86.7,86.7,7910.30078125,0.0,0.0
19267.745586588,82.2,124.6,124.6,7915.47265625,0.0,0.0
19268.761742531,82.9,128.9,128.9,7894.00390625,0.0,0.0
19269.777049929,79.3,129.5,129.5,7898.93359375,0.0,0.0
19270.791054534,84.7,128.7,128.7,7981.98828125,0.0,0.007704600118682299
19271.808803471,75.6,127.8,127.8,7942.2265625,0.0,0.0767625463997239
19272.822239775,73.4,121.8,121.8,7942.2265625,0.0,0.0
19273.832363575,80.1,128.4,128.4,7953.65234375,0.0,0.0
19274.841229743,85.1,133.2,133.2,7971.609375,0.0,0.0
19275.849747577,82.2,130.0,130.0,7950.859375,0.0,0.0
19276.856909061,75.9,124.4,124.4,7966.22265625,0.0,0.05429864115008963
19277.859664482,70.6,116.6,116.6,8031.1875,0.0,0.0
19278.86380309,73.1,120.6,120.6,7961.2265625,0.0,0.0
19279.86735182,63.6,114.6,114.6,7961.2265625,0.0,0.0
19280.870976649,73.6,77.7,77.7,7961.2265625,0.0,0.0428135581728276
19281.873811628,73.9,118.7,118.7,7961.2265625,0.0,0.183074736965107
19282.876795675,71.3,108.7,108.7,7980.9609375,0.0,0.0
19283.879096887,68.0,110.7,110.7,7961.2265625,0.0,0.0
19284.882045562,69.8,110.6,110.6,7962.64453125,0.0,0.0
19285.88643518,68.7,110.5,110.5,7962.64453125,0.0,0.0
19286.891695736,68.1,105.6,105.6,7962.64453125,0.0,0.05440131881582459
19287.894657162,64.3,110.7,110.7,7962.64453125,0.0,0.0
19288.896973555,74.2,109.7,109.7,7962.64453125,0.0,0.0
19289.899357513,68.9,111.5,111.5,7962.64453125,0.0,0.0
19290.904697878,70.1,105.8,105.8,7962.64453125,0.0,0.0
19291.921346801,65.9,108.9,108.9,7962.64453125,0.0,0.08068788363830572
19292.928215746,68.4,110.4,110.4,7962.64453125,0.0,0.015518404930020492
19293.930601994,68.9,111.7,111.7,7962.64453125,0.0,0.0
19294.93355598,69.5,111.7,111.7,7962.64453125,0.0,0.0
19295.9363262,68.3,108.1,108.1,7962.64453125,0.0,0.02726821105630554
19296.9520412,65.5,107.8,107.8,7977.7421875,0.0,0.1422950827745219
19297.95669195,67.4,111.6,111.6,7962.64453125,0.0,0.0
19298.960029089,70.1,106.7,106.7,7962.64453125,0.0,0.0
19299.963041134,70.6,111.3,111.3,7982.16796875,0.0,0.0
19300.971039601,73.4,110.4,110.4,7946.34765625,0.0,0.0
19301.973975551,73.2,108.5,108.5,7960.33203125,0.0,0.11294963551755795
19302.980040174,67.4,108.4,108.4,7946.34765625,0.0,0.0
19303.983289641,67.6,110.4,110.4,7946.34765625,0.0,0.0
19304.991629412,68.9,108.4,108.4,7946.34765625,0.0,0.0
19305.994560727,70.8,111.7,111.7,7946.34765625,0.0,0.0
19306.997521669,70.6,109.6,109.6,7946.34765625,0.0,0.05452605152385811
19308.001579758,71.2,108.3,108.3,7946.34765625,0.0,0.0
19309.01209435,71.1,105.8,105.8,7946.34765625,0.0,0.0
19310.022794003,63.8,110.2,110.2,7959.703125,0.0,0.0
19311.027844293,67.8,112.5,112.5,7946.34765625,0.0,0.0
19312.03042121,71.0,110.3,110.3,7947.94140625,0.0,0.0
19313.03869183,70.5,107.8,107.8,7949.55078125,0.0,0.07748415797358604
19314.051052518,67.8,110.3,110.3,7969.10546875,0.0,0.0
19315.054060861,64.7,109.7,109.7,7949.55078125,0.0,0.0
19316.056351004,70.5,111.6,111.6,7949.55078125,0.0,0.0
19317.060622545,69.1,110.6,110.6,7949.55078125,0.0,0.031117082108032396
19318.065845133,70.2,106.4,106.4,7978.6015625,0.0,0.05440337359396226
19319.071056083,72.1,109.5,109.5,7977.8671875,0.0,0.0
19320.073876518,67.0,111.7,111.7,7949.55078125,0.0,0.0
19321.076917414,65.3,107.3,107.3,7949.55078125,0.0,0.12462104037667325
19322.086626504,68.6,111.4,111.4,7949.55078125,0.0,0.0
19323.088989732,71.5,110.7,110.7,7949.55078125,0.0,0.1169112121496242
19324.091519443,68.7,111.6,111.6,7949.55078125,0.0,0.0077927865022604185
19325.095874159,63.2,105.6,105.6,7949.55078125,0.0,0.0
19326.099044926,71.0,110.6,110.6,7949.55078125,0.0,0.0
19327.10304226,69.4,104.6,104.6,7983.78515625,0.0,0.0
19328.107073039,71.0,110.5,110.5,7983.0546875,0.0,0.01556227192119722
19329.111039715,68.5,109.6,109.6,7952.51953125,0.0,0.07781632783978136
19330.113614817,66.7,109.7,109.7,7952.51953125,0.0,0.0
19331.116383863,68.8,108.2,108.2,7953.3671875,0.0,0.0
19332.12533202,69.2,107.5,107.5,7953.3671875,0.0,0.0
19333.131452139,65.4,111.3,111.3,7953.3671875,0.0,0.0
19334.134309823,74.9,105.8,105.8,7953.3671875,0.0,0.07790237961638613
19335.15122626,68.8,112.9,112.9,7953.3671875,0.0,0.0
19336.155037294,69.0,105.7,105.7,7954.65234375,0.0,0.0
19337.160213597,65.1,111.4,111.4,7954.65234375,0.0,0.0
19338.162421247,70.3,108.7,108.7,7954.65234375,0.0,0.0
19339.165041097,72.4,106.7,106.7,7954.65234375,0.0,0.07792085903759415
19340.167845673,68.0,111.5,111.5,7954.65234375,0.0,0.0
19341.173673163,71.9,107.2,107.2,7954.65234375,0.0,0.0
19342.18233695,62.8,108.5,108.5,7954.65234375,0.0,0.0
19343.184550962,71.3,108.7,108.7,7954.65234375,0.0,0.0
19344.187482631,67.0,106.6,106.6,7993.41015625,0.0,0.05452764299929113
19345.1930459,64.7,110.5,110.5,7965.66796875,0.0,0.0
19346.195672136,68.3,110.6,110.6,7954.65234375,0.0,0.0
19347.200670827,68.7,104.9,104.9,7954.65234375,0.0,0.0
19348.217037167,68.4,114.3,114.3,7954.65234375,0.0,0.0
19349.225106686,69.5,108.6,108.6,7954.65234375,0.0,0.0
19350.228241675,69.7,110.1,110.1,7960.8125,0.0,0.0778808444096386
19351.235770117,64.3,106.8,106.8,7960.8125,0.0,0.0
19352.238376581,69.8,111.6,111.6,7960.8125,0.0,0.0
19353.243194543,62.6,105.6,105.6,7960.8125,0.0,0.0
19354.24574059,69.9,111.7,111.7,7960.8125,0.0,0.0
19355.251040054,67.5,105.5,105.5,7987.75390625,0.0,0.07771316189599259
19356.257293234,64.4,110.3,110.3,7960.8125,0.0,0.12034123459869521
19357.26018422,68.9,110.9,110.9,7960.81640625,0.0,0.0
19358.275063809,67.7,106.2,106.2,7960.8125,0.0,0.0
19359.278043805,74.4,106.7,106.7,7960.8125,0.0,0.011683931929593255
19360.280353114,64.2,108.7,108.7,7960.8125,0.0,0.0779450009077306
19361.28266804,70.2,109.7,109.7,7960.8125,0.0,0.0
19362.285389055,68.6,104.3,104.3,7960.8125,0.0,0.0
19363.294731147,67.8,117.3,117.3,7960.8125,0.0,0.0
19364.297531603,64.5,105.7,105.7,7960.8125,0.0,0.0
19365.299899516,71.6,110.7,110.7,7960.8125,0.0,0.0
19366.302702903,70.6,110.4,110.4,7960.8125,0.0,0.05453461835982305
19367.308341845,66.5,105.7,105.7,7983.8203125,0.0,0.0
19368.31403014,67.7,108.3,108.3,7960.8125,0.0,0.0
19369.317329053,72.1,108.7,108.7,7960.8125,0.0,0.0
19370.319363239,69.8,109.7,109.7,7960.8125,0.0,0.0
19371.325932278,68.0,105.6,105.6,7960.8125,0.0,0.07761514309798562
19372.338501237,68.3,112.3,112.3,7960.8125,0.0,0.0
19373.344054996,68.9,110.5,110.5,7960.8125,0.0,0.0
19374.347037018,70.4,112.6,112.6,7960.8125,0.0,0.0
19375.351117078,69.3,109.4,109.4,7960.8125,0.0,0.0
19376.356547565,50.7,99.7,99.7,7960.8125,0.0,0.0
19377.359328782,56.9,85.6,85.6,7960.81640625,0.0,0.05453582403901754
19378.369062265,82.2,135.2,135.2,7960.8125,0.0,0.0
19379.385409619,82.2,128.1,128.1,7960.8125,0.0,0.0
19380.394341856,82.9,131.6,131.6,7835.78125,0.0,0.0
19381.408091512,85.3,132.6,132.6,7928.23046875,0.0,0.0
19382.413659566,76.3,125.9,125.9,7933.80859375,0.0,0.07769240449645057
19383.426060339,76.1,121.4,121.4,7950.80078125,0.0,0.0
19384.437132273,82.2,129.2,129.2,7971.7734375,0.0,0.0
19385.441782776,84.1,131.5,131.5,7951.890625,0.0,0.0
19386.447802799,85.5,130.5,130.5,7968.0234375,0.0,0.015531500012698755
19387.462784937,70.5,123.7,123.7,7941.8984375,0.0,0.0
19388.469683949,74.1,115.3,115.3,7959.6328125,0.0,0.11638456151373132
19389.475597736,71.2,121.2,121.2,7956.98828125,0.0,0.0
19390.479797737,59.3,110.6,110.6,7956.98828125,0.0,0.0
19391.482618611,84.9,74.6,74.6,7956.98828125,0.0,0.15581047827284045
19392.492059676,71.2,115.2,115.2,7956.99609375,0.0,0.0
19393.506363956,60.4,103.4,103.4,7956.98828125,0.0,0.2965394664407021
19394.50906991,71.1,111.7,111.7,7956.98828125,0.0,0.0
19395.511262212,73.6,112.7,112.7,7956.98828125,0.0,0.0
19396.513568298,64.6,108.7,108.7,7956.98828125,0.0,0.007794525154661716
19397.516780668,70.1,110.6,110.6,7956.98828125,0.007787483720917445,0.08566232093009189
19398.520480751,68.5,103.1,103.1,7956.98828125,0.0,0.05448589765625495
19399.532039346,71.4,108.3,108.3,7974.73828125,0.0,0.0
19400.538761646,69.3,109.0,109.0,7995.9765625,0.0,0.0
19401.544297461,69.5,110.7,110.7,7956.98828125,0.0,0.0
19402.546977342,67.3,111.6,111.6,7956.98828125,0.0,0.00779161938724882
19403.551460418,66.6,104.6,104.6,7965.24609375,0.0,0.08166513897558556
19404.555043637,68.6,111.4,111.4,7958.8515625,0.0,0.0
19405.562797561,66.3,109.2,109.2,7956.98828125,0.0,0.0
19406.56680696,67.9,110.4,110.4,7956.98828125,0.0,0.0
19407.5727836,69.0,108.7,108.7,7956.98828125,0.0,0.0
19408.575363853,75.3,107.7,107.7,7956.98828125,0.0,0.07792393652900659
19409.57884274,68.5,107.7,107.7,7956.98828125,0.0,0.0
19410.586040961,70.9,109.2,109.2,7996.12890625,0.0,0.0
19411.591035609,66.4,108.5,108.5,7958.80859375,0.0,0.0
19412.593453203,69.0,108.7,108.7,7958.80859375,0.0,0.0
19413.597719878,62.8,106.6,106.6,7958.80859375,0.0,0.08168273631123063
19414.601084931,72.9,112.7,112.7,7958.80859375,0.0,0.0
19415.620050956,66.5,107.2,107.2,7958.80859375,0.0,0.11883983079810788
19416.633839834,72.4,110.0,110.0,7977.76953125,0.0,0.0
19417.637180618,72.4,111.8,111.8,7958.80859375,0.0,0.007786487028731577
19418.653350666,66.1,108.2,108.2,7958.80859375,0.0,0.08841408992190128
19419.655676426,70.0,109.7,109.7,7958.80859375,0.0,0.0
19420.658043843,70.2,109.7,109.7,7958.80859375,0.0,0.0
19421.660880608,69.9,110.7,110.7,7958.80859375,0.0,0.0
19422.664229428,71.3,110.0,110.0,7958.80859375,0.0,0.003893212332680777
19423.675678784,67.2,105.4,105.4,7997.78515625,0.0,0.05793048327377532
19424.682060998,66.0,109.3,109.3,7958.80859375,0.0,0.10091841706574103
19425.685130394,69.7,110.5,110.5,7958.80859375,0.0,0.0
19426.69007588,67.6,104.5,104.5,7990.578125,0.0,0.0
19427.69446908,65.3,111.6,111.6,7958.80859375,0.0,0.0
19428.696847006,73.0,105.7,105.7,7958.80859375,0.0,0.11690949786569624
19429.701408197,66.9,108.5,108.5,7958.80859375,0.0,0.0
19430.719217608,64.3,106.2,106.2,7984.8359375,0.0,0.0
19431.72145932,67.4,111.7,111.7,7958.80859375,0.0,0.0
19432.72378755,70.6,108.8,108.8,7958.80859375,0.0,0.0
19433.726085516,72.3,110.7,110.7,7958.80859375,0.0,0.05456211810776161
19434.729223818,71.9,111.6,111.6,7975.8828125,0.0,0.0
19435.732236165,68.2,110.6,110.6,7958.80859375,0.0,0.0
19436.736969605,62.3,106.5,106.5,7958.80859375,0.0,0.0
19437.741624051,66.9,110.6,110.6,7958.80859375,0.0,0.0
19438.744260302,74.8,105.7,105.7,7958.80859375,0.0,0.0
19439.74664809,68.4,109.6,109.6,7958.80859375,0.0,0.07793889843349258
19440.750460686,69.8,110.6,110.6,7958.80859375,0.0,0.0
19441.754822367,70.3,106.4,106.4,7958.80859375,0.0,0.0
19442.762144039,70.8,111.3,111.3,7958.80859375,0.0,0.0
19443.76723988,70.1,107.8,107.8,7958.80859375,0.0,0.0
19444.780521544,67.1,109.5,109.5,7958.80859375,0.0,0.053970679568134866
19445.793040411,70.4,109.4,109.4,7960.15625,0.0,0.0
19446.795472712,66.8,109.7,109.7,7960.15625,0.0,0.0
19447.79867742,70.7,111.6,111.6,7960.15625,0.0,0.0
19448.803327702,68.8,103.7,103.7,7964.30859375,0.0,0.015552675672261486
19449.805612157,68.2,111.7,111.7,7947.5234375,0.0,0.0
19450.80807832,71.0,111.7,111.7,7959.12890625,0.0,0.1441756892499988
19451.811717527,66.8,104.5,104.5,7994.625,0.0,0.0
19452.816488568,63.3,111.6,111.6,7937.65234375,0.0,0.0
19453.82009889,67.1,105.4,105.4,7981.20703125,0.0,0.0
19454.827875365,68.6,111.4,111.4,7952.1015625,0.0,0.09690268866396123
19455.830239415,65.8,111.7,111.7,7952.1015625,0.0,0.06235259534694985
19456.83375542,68.6,109.0,109.0,7952.1015625,0.0,0.0
19457.845135284,65.5,107.4,107.4,7952.1015625,0.0,0.0
19458.847667466,70.9,108.7,108.7,7952.1015625,0.0,0.0
19459.851064543,67.6,110.7,110.7,7952.1015625,0.0,0.027251175657997596
19460.853375028,70.7,111.7,111.7,7952.1015625,0.0,0.07794490945582648
19461.855665875,70.1,109.7,109.7,7952.1015625,0.0,0.0
19462.859016198,71.2,111.5,111.5,7952.1015625,0.0,0.0
19463.865055816,66.7,105.5,105.5,7974.359375,0.0,0.0
19464.867947202,71.8,111.7,111.7,7984.26953125,0.0,0.01557995234390351
19465.871480487,64.1,110.6,110.6,7952.1015625,0.0,0.0
19466.876776157,69.9,111.4,111.4,7957.4453125,0.0,0.06994210966795884
19467.879702137,68.4,105.4,105.4,7978.5703125,0.0,0.0
19468.886046318,66.5,109.7,109.7,7961.94140625,0.0,0.0
19469.888315,66.0,104.7,104.7,7965.3046875,0.0,0.0
19470.891281344,65.4,111.7,111.7,7937.65234375,0.0,0.0
19471.893641863,69.8,107.7,107.7,7943.37109375,0.0,0.08183806968159968
19472.896310758,69.9,109.7,109.7,7943.37109375,0.0,0.0
19473.899283818,67.0,107.7,107.7,7943.37109375,0.0,0.0
19474.903500292,70.2,106.9,106.9,7943.37109375,0.0,0.0
19475.921905528,74.0,113.7,113.7,7943.37109375,0.0,0.11890527043576546
19476.92595372,63.7,108.6,108.6,7943.37109375,0.0,0.05446700709757738
19477.928249579,65.6,108.8,108.8,7943.37109375,0.0,0.0
19478.930653871,75.4,109.7,109.7,7943.546875,0.0,0.0
19479.933039516,73.0,111.0,111.0,7943.546875,0.0,0.0077939065059225085
19480.952763627,65.2,109.5,109.5,7943.546875,0.0,0.0
19481.955135103,72.5,112.7,112.7,7943.546875,0.0,0.08573418344166582
19482.958178909,68.8,109.7,109.7,7946.81640625,0.0,0.0
19483.961062309,70.0,109.6,109.6,7960.93359375,0.0,0.0
19484.972075116,56.8,104.9,104.9,7946.81640625,0.0,0.0
19485.975079289,50.9,100.7,100.7,7946.81640625,0.0,0.0
19486.977536465,69.5,94.0,94.0,7854.90234375,0.0,0.05455345256561344
19487.99740119,79.5,137.4,137.4,7821.625,0.0,0.0
19489.000861957,82.1,123.5,123.5,7827.92578125,0.0,0.0
19490.006405631,77.9,130.9,130.9,7825.7265625,0.0,0.0
19491.017291919,83.7,128.4,128.4,7919.88671875,0.0,0.0
19492.030039017,73.9,125.1,125.1,7935.8203125,0.0,0.11185541802454908
19493.032901528,78.1,123.8,123.8,7939.73828125,0.0,0.0
19494.048606902,84.4,132.9,132.9,7973.45703125,0.0,0.0
19495.050904254,85.4,131.6,131.6,7959.23046875,0.0,0.0
19496.057057,87.9,133.1,133.1,7975.76953125,0.0,0.0
19497.060536099,70.5,120.3,120.3,7931.5859375,0.0,0.05449789642308623
19498.069489298,71.9,120.2,120.2,7933.8203125,0.0,0.0
19499.074394138,74.3,114.6,114.6,7936.46484375,0.0,0.0
19500.076983288,58.6,109.6,109.6,7935.390625,0.0,0.0
19501.081087385,82.6,77.9,77.9,7935.41015625,0.0,3.606293173010873
19502.097629515,70.1,109.3,109.3,7964.76171875,0.0,3.8119423540243873
19503.100787929,69.2,110.6,110.6,7935.41015625,0.0,0.0
19504.103776587,68.3,106.5,106.5,7966.95703125,0.0,0.0
19505.10903321,65.7,110.7,110.7,7965.4609375,0.0,0.0
19506.111374479,68.4,109.7,109.7,7935.41015625,0.0,0.007794251560452183
19507.1142426,69.7,111.7,111.7,7935.41015625,0.015580313774838508,0.22201947129144875
19508.118083095,71.5,111.6,111.6,7937.2109375,0.0,0.0
19509.120700045,73.3,110.7,110.7,7939.75,0.0,0.0
19510.123751232,71.9,111.6,111.6,7939.75,0.0,0.0
19511.129043526,64.4,105.6,105.6,7939.75,0.0,0.015542743233223608
19512.132060527,70.6,110.7,110.7,7951.1484375,0.0,0.007789000577472391
19513.1346152,68.8,107.7,107.7,7939.75,0.0,0.14416296077659121
19514.137490295,69.3,111.5,111.5,7939.75,0.0,0.0
19515.142504796,66.1,111.6,111.6,7939.75,0.0,0.0
19516.1447289,66.0,105.8,105.8,7939.75,0.0,0.0
19517.148658159,70.4,110.2,110.2,7940.01171875,0.0,0.0
19518.158154862,67.8,106.6,106.6,7939.75,0.0,0.054173034778007785
19519.17084419,66.2,110.3,110.3,7939.75,0.10800449553080033,0.0
19520.17674638,69.6,109.4,109.4,7939.75,0.0,0.0
19521.180056435,69.5,110.5,110.5,7943.16796875,0.0,0.0
19522.185048964,71.4,107.4,107.4,7943.16796875,0.0,0.0
19523.192437757,62.1,107.5,107.5,7956.109375,0.0,0.07755198444014298
19524.194851507,68.5,109.7,109.7,7943.16796875,0.0,0.0
19525.197432305,71.3,111.5,111.5,7944.57421875,0.0,0.0
19526.204892996,72.3,113.0,113.0,7949.8203125,0.0,0.0
19527.212899687,66.3,105.4,105.4,7932.14453125,0.0,0.06200355668067281
19528.216188979,64.1,110.6,110.6,7937.546875,0.0,0.0
19529.220061777,68.0,105.6,105.6,7951.7578125,0.0,0.05447652342906787
19530.222354736,66.5,108.7,108.7,7966.07421875,0.0,0.0545623906751661
19531.228526314,67.0,111.3,111.3,7937.546875,0.0,0.0
19532.231904214,70.1,108.3,108.3,7937.546875,0.0,0.003893099499199757
19533.23781209,71.1,112.5,112.5,7937.546875,0.0,0.0
19534.243344777,65.1,106.4,106.4,7937.546875,0.0,0.08934940769338139
19535.248501531,67.8,110.6,110.6,7937.546875,0.0,0.12047250293864473
19536.251197845,69.3,110.7,110.7,7937.546875,0.0,0.003895745845946242
19537.257062303,68.1,109.4,109.4,7937.546875,0.0,0.015533902083620644
19538.261060469,67.6,109.6,109.6,7937.546875,0.0,0.0
19539.264016184,68.6,103.7,103.7,7937.546875,0.0,0.09347371832887542
19540.266186558,68.8,109.7,109.7,7937.546875,0.0,0.0
19541.268597221,73.4,110.7,110.7,7959.21875,0.0,0.0
19542.271810948,70.6,109.7,109.7,7939.91015625,0.0,0.007787473187135462
19543.274594493,67.6,108.0,108.0,7945.5859375,0.0,0.0
19544.288042882,66.8,109.3,109.3,7945.5859375,0.0,0.06167062938615999
19545.29328181,66.5,110.4,110.4,7926.24609375,0.0,0.0
19546.296120429,69.6,107.0,107.0,7936.30078125,0.0,0.0
19547.311473591,64.4,111.0,111.0,7936.30078125,0.0,0.0
19548.313823988,75.5,108.7,108.7,7936.30078125,0.0,0.0
19549.31691251,68.3,111.5,111.5,7937.74609375,0.0,0.0
19550.321922682,68.3,110.4,110.4,7937.74609375,0.0,0.0777355316160327
19551.327239777,63.0,104.6,104.6,7937.74609375,0.0,0.0
19552.330395546,69.8,112.7,112.7,7937.74609375,0.0,0.0
19553.332156831,67.7,105.4,105.4,7937.74609375,0.0,0.0
19554.343844138,67.8,114.0,114.0,7937.74609375,0.0,0.0
19555.349748035,65.8,107.4,107.4,7937.74609375,0.0,0.054366525632255726
19556.352241895,70.2,109.7,109.7,7937.74609375,0.0,0.0
19557.355310632,70.6,111.5,111.5,7937.74609375,0.0,0.0
19558.361053399,70.7,101.6,101.6,7970.08984375,0.0,0.0
19559.370058083,68.9,108.0,108.0,7958.33203125,0.0,0.0
19560.374499399,67.7,110.6,110.6,7938.37109375,0.0,0.0
19561.377294194,70.9,113.6,113.6,7938.37109375,0.0,0.07790726516483594
19562.382565346,65.3,102.5,102.5,7938.37109375,0.0,0.0
19563.3849431,65.4,112.7,112.7,7938.37109375,0.0,0.0
19564.387468677,69.5,107.9,107.9,7938.37109375,0.0,0.03506768386426389
19565.39905553,69.1,109.0,109.0,7938.37109375,0.0,0.0
19566.409623896,69.8,115.1,115.1,7938.37109375,0.0,0.05411558667370748
19567.415430089,63.2,105.6,105.6,7938.37109375,0.0,0.0
19568.418057545,74.4,109.6,109.6,7940.31640625,0.0,0.0
19569.421350049,70.4,109.7,109.7,7940.31640625,0.0,0.0
19570.424366441,67.3,108.2,108.2,7940.31640625,0.0,0.0
19571.436411394,65.5,112.2,112.2,7940.31640625,0.0,0.07719518759357519
19572.442040272,66.3,105.9,105.9,7940.31640625,0.0,0.0
19573.453678861,71.2,115.3,115.3,7940.31640625,0.0,0.015445239208847243
19574.455894832,73.1,104.3,104.3,7940.31640625,0.0,0.0
19575.466697253,66.4,111.3,111.3,7940.31640625,0.0,0.0
19576.472640863,68.4,111.4,111.4,7940.31640625,0.0,0.11649509856699071
19577.474837318,67.7,107.7,107.7,7940.31640625,0.0,0.0
19578.477702533,77.6,113.7,113.7,7940.31640625,0.0,0.0
19579.485807046,73.8,109.1,109.1,7942.7421875,0.0,0.0
19580.504035096,60.9,106.0,106.0,7966.65625,0.0,0.0
19581.506188032,72.0,114.8,114.8,7942.7421875,0.0,0.0
19582.509030336,64.3,103.7,103.7,7944.57421875,0.0,0.07790357435882084
19583.511199055,67.6,112.8,112.8,7942.7421875,0.0,0.0
19584.513416682,70.9,109.7,109.7,7942.7421875,0.0,0.0
19585.516122461,71.6,110.7,110.7,7942.7421875,0.0,0.0
19586.518355138,66.2,109.8,109.8,7942.7421875,0.0,0.0
19587.520524853,69.0,109.3,109.3,7942.7421875,0.0,0.0545691006038565
19588.530066404,72.9,110.3,110.3,7942.7421875,0.0,0.0
19589.534657281,67.4,105.5,105.5,7980.66796875,0.0,0.0
19590.542353243,67.1,112.3,112.3,7951.7265625,0.0,0.0
19591.545769279,70.2,109.6,109.6,7951.7265625,0.0,0.0
19592.548246962,66.3,112.7,112.7,7951.7265625,0.0,0.08182850490451563
19593.551036896,69.7,110.6,110.6,7951.7265625,0.0,0.0
19594.555452817,64.5,104.7,104.7,7951.7265625,0.0,0.0
19595.557716185,54.4,105.8,105.8,7951.7265625,0.0,0.12082028922339423
19596.559876133,51.1,100.7,100.7,7951.7265625,0.0,0.0506718015436635
19597.56402931,72.8,94.3,94.3,7912.74609375,0.0,0.054461312529398814
19598.575598504,87.7,123.5,123.5,7885.6953125,0.0,0.0
19599.586459179,82.7,129.6,129.6,7885.73046875,0.0,0.0
19600.596096658,80.4,136.3,136.3,7937.41015625,0.0,0.0
19601.597810534,79.3,125.1,125.1,7936.09765625,0.0,0.0
19602.608041097,76.6,124.3,124.3,7978.05859375,0.0,0.07733383136626014
19603.611049813,79.0,126.6,126.6,8000.6953125,0.0,0.0
19604.614688011,83.4,129.4,129.4,7994.44140625,0.0,0.007784179613307376
19605.619030858,83.0,128.1,128.1,7999.296875,0.0,0.0
19606.625800345,80.1,130.3,130.3,7954.0859375,0.0,0.0
19607.634704895,68.9,115.2,115.2,7981.44921875,0.0,0.09292256636146204
19608.63893987,75.7,119.5,119.5,7939.2890625,0.0,0.0
19609.643063089,63.5,113.5,113.5,7932.6328125,0.0,0.0
19610.647276216,78.9,70.5,70.5,7932.6328125,0.0,0.11669584558195702
19611.659050406,72.5,119.0,119.0,7932.6328125,0.0,0.0
19612.662051728,66.5,107.1,107.1,7932.6328125,0.0,0.2726192817524736
19613.673016291,67.1,114.4,114.4,7932.6328125,0.0,0.0
19614.675176351,64.1,104.7,104.7,7932.6328125,0.0,0.0
19615.678196058,69.1,109.7,109.7,7932.6328125,0.0,0.007788979563880842
19616.680803021,69.2,109.7,109.7,7932.6328125,0.007792186059252159,0.08571404665177375
19617.685309421,69.7,110.5,110.5,7932.6328125,0.0,0.0
19618.687710221,73.8,107.7,107.7,7932.6328125,0.0,0.05455652070508946
19619.693497303,70.9,110.4,110.4,7932.6328125,0.0,0.0
19620.696111517,69.9,110.5,110.5,7932.6328125,0.0,0.0
19621.702309083,67.5,110.5,110.5,7932.6328125,0.0,0.007764379744093339
19622.704528472,68.9,110.7,110.7,7916.2109375,0.0,0.0
19623.70863251,69.4,108.1,108.1,7916.2109375,0.0,0.08169596664856388
19624.720771499,66.7,108.2,108.2,7916.2109375,0.0,0.0
19625.727572123,66.9,110.3,110.3,7916.2109375,0.0,0.0
19626.729871795,69.0,110.7,110.7,7921.8828125,0.0,0.0
19627.732761541,70.8,110.6,110.6,7921.8828125,0.0,0.046739933464245
19628.736449543,65.1,105.7,105.7,7942.9609375,0.0,0.058378450158964514
19629.738630851,69.8,111.4,111.4,7921.8828125,0.0,0.0
19630.745063383,69.3,105.2,105.2,7935.75,0.0,0.0
19631.758739305,64.2,110.0,110.0,7933.63671875,0.0,0.0
19632.761063034,67.9,110.7,110.7,7921.8828125,0.0,0.0
19633.763740056,68.3,111.7,111.7,7921.8828125,0.0,0.0779164160398742
19634.767540096,66.2,105.8,105.8,7921.8828125,0.0,0.0
19635.782049181,70.8,109.2,109.2,7959.53515625,0.0,0.011551153334400979
19636.787032805,67.7,113.6,113.6,7921.8828125,0.0,0.0
19637.789204803,67.6,105.7,105.7,7921.8828125,0.0,0.0
19638.791855296,71.3,107.7,107.7,7921.8828125,0.0,0.12077364031186104
19639.794031646,69.8,109.7,109.7,7921.8828125,0.0,0.0
19640.796803697,69.6,109.7,109.7,7921.8828125,0.0,0.0038954516094680002
19641.80125012,69.2,113.1,113.1,7921.8828125,0.0,0.0
19642.80895081,67.9,105.5,105.5,7952.93359375,0.0,0.0
19643.813961299,71.7,111.4,111.4,7924.8359375,0.0,0.050528079612741215
19644.821597815,64.1,109.3,109.3,7924.8359375,0.0,0.13180596166505293
19645.823846959,66.6,109.7,109.7,7924.8359375,0.0,0.0
19646.827025592,69.7,107.0,107.0,7924.8359375,0.0,0.0
19647.840691075,70.8,114.1,114.1,7924.8359375,0.0,0.0
19648.844152645,68.4,111.6,111.6,7924.8359375,0.0,0.0
19649.847593747,64.4,103.7,103.7,7926.49609375,0.0,0.07785708582634532
19650.850040182,73.9,111.7,111.7,7924.8359375,0.0,0.0
19651.853050274,65.6,109.7,109.7,7924.8359375,0.0,0.0
19652.85635651,66.9,109.6,109.6,7924.8359375,0.0,0.0
19653.859128646,63.6,105.7,105.7,7924.8359375,0.0,0.0
19654.861363421,71.0,109.8,109.8,7924.8359375,0.0,0.062360638005086656
19655.863568719,68.4,109.7,109.7,7924.8359375,0.0,0.0
19656.866418598,69.2,109.7,109.7,7924.8359375,0.0,0.0
19657.87011434,67.2,105.0,105.0,7924.8359375,0.0,0.0
19658.88309195,71.6,109.2,109.2,7948.6015625,0.0,0.02313723400065533
19659.885959661,69.9,115.6,115.6,7924.8359375,0.0,0.0
19660.891043097,65.3,104.5,104.5,7943.890625,0.0,0.07772986520487558
19661.895039314,71.3,114.3,114.3,7925.90625,0.0,0.0
19662.900045301,71.5,105.7,105.7,7950.14453125,0.0,0.0
19663.902672319,65.7,108.7,108.7,7924.8359375,0.0,0.0
19664.905055158,75.2,108.4,108.4,7924.8359375,0.0,0.0
19665.913365927,64.8,108.5,108.5,7924.8359375,0.0,0.05423675089198964
19666.915580608,68.6,110.7,110.7,7924.8359375,0.0,0.011692854058274079
19667.918623808,66.4,108.2,108.2,7924.8359375,0.0,0.0
19668.929648832,65.2,107.3,107.3,7924.8359375,0.0,0.0
19669.932037593,67.2,108.6,108.6,7924.8359375,0.0,0.0
19670.936936594,67.7,110.4,110.4,7924.8359375,0.0,0.0
19671.941871017,71.5,109.7,109.7,7924.8359375,0.0,0.12438622574688925
19672.944129439,67.8,110.7,110.7,7924.8359375,0.0,0.0
19673.94630861,74.8,110.7,110.7,7924.8359375,0.0,0.0
19674.948741119,68.1,109.8,109.8,7924.8359375,0.0,0.011690313207931955
19675.950935717,66.4,110.7,110.7,7924.8359375,0.0,0.0
19676.954064454,68.0,109.7,109.7,7924.8359375,0.0,0.06619913033154899
19677.956856872,70.2,110.4,110.4,7924.8359375,0.0,0.0
19678.963248819,75.6,109.6,109.6,7907.88671875,0.0,0.0
19679.965633424,69.4,109.6,109.6,7911.66015625,0.0,0.0
19680.970045708,67.1,110.5,110.5,7911.66015625,0.0,0.12056179711148957
19681.974939491,61.4,104.6,104.6,7911.66015625,0.0,0.07774453511572983
19682.977559111,72.4,110.7,110.7,7942.84375,0.0,0.0
19683.980355834,68.3,112.7,112.7,7912.890625,0.0,0.0
19684.983315562,69.3,108.6,108.6,7912.890625,0.0,0.0
19685.986559423,69.1,107.6,107.6,7919.5546875,0.0,0.0
19686.993040388,68.6,112.2,112.2,7919.5546875,0.0,0.054335354469455914
19687.997970231,67.2,105.7,105.7,7920.34375,0.0,0.0
19688.999774294,69.8,110.6,110.6,7920.34375,0.0,0.0
19690.004800825,67.7,111.5,111.5,7920.34375,0.0,0.0
19691.010033259,64.3,104.6,104.6,7942.7421875,0.0,0.019429585973755083
19692.01219526,69.7,110.8,110.8,7945.01953125,0.0,0.0
19693.014555934,67.5,106.4,106.4,7923.19140625,0.0,0.08183805702629869
19694.023056833,66.0,110.8,110.8,7923.19140625,0.0,0.0
19695.033357153,71.9,115.4,115.4,7928.765625,0.0,0.0
19696.035532169,64.7,103.7,103.7,7928.765625,0.0,0.0
19697.038314756,67.8,109.6,109.6,7928.765625,0.0,0.0038954106808860764
19698.043040724,62.9,106.4,106.4,7928.765625,0.0,0.06998176840198048
19699.048037172,69.6,110.7,110.7,7928.765625,0.0,0.0
19700.05024644,69.3,108.7,108.7,7928.765625,0.0,0.0
19701.053184209,70.6,110.7,110.7,7928.765625,0.0,0.0
19702.055474716,72.0,110.7,110.7,7928.765625,0.0,0.0
19703.05826137,57.4,104.7,104.7,7928.765625,0.0,0.07790789764536579
19704.060860475,50.9,99.8,99.8,7928.765625,0.0,0.0
19705.063050607,67.5,93.3,93.3,7883.296875,0.0,0.0
19706.074018862,85.7,128.2,128.2,7888.7734375,0.0,0.0
19707.091031808,82.4,134.2,134.2,7893.0,0.0,0.0
19708.098609864,85.7,134.1,134.1,7932.07421875,0.0,0.05427619197772299
19709.106770961,80.7,124.0,124.0,7932.75390625,0.0,0.0
19710.115285897,75.8,125.2,125.2,7966.234375,0.0,0.0
19711.118032922,79.1,125.7,125.7,7976.54296875,0.0,0.0
19712.123062325,83.0,129.3,129.3,8013.59375,0.0,0.0
19713.138740948,77.8,126.7,126.7,7989.80078125,0.0,0.08076496653804359
19714.146549781,82.3,133.2,133.2,7949.7890625,0.0,0.0
19715.153080904,70.1,115.3,115.3,8012.89453125,0.0,0.0
19716.155512165,71.0,122.7,122.7,7944.3828125,0.0,0.12080005354099034
19717.159054487,63.8,115.6,115.6,7947.76171875,0.0,0.0
19718.161591836,75.9,68.8,68.8,7947.76171875,0.0,0.09351272557936817
19719.164967812,71.5,114.7,114.7,7947.76171875,0.0,0.1401518507155132
19720.167952642,67.5,108.3,108.3,7957.16796875,0.0,0.0
19721.178922466,64.5,111.2,111.2,7947.76171875,0.0,0.0
19722.18112565,63.9,105.8,105.8,7947.76171875,0.0,0.0
19723.183337283,74.7,114.8,114.8,7947.76171875,0.0,0.01559051949260122
19724.185505837,66.7,104.8,104.8,7947.76171875,0.0,0.10524053022744861
19725.187745935,66.7,109.8,109.8,7947.76171875,0.0,0.0
19726.189926597,70.1,109.7,109.7,7947.76171875,0.0,0.0
19727.192940664,69.8,109.3,109.3,7947.76171875,0.0,0.0
19728.204794804,68.6,107.5,107.5,7947.76171875,0.0,0.0
19729.219042765,66.7,108.1,108.1,7947.76171875,0.0,0.015405502994203629
19730.223737298,72.1,117.1,117.1,7949.4375,0.0,0.15940790433214133
19731.232275995,68.4,111.3,111.3,7947.76171875,0.0,0.0
19732.235037002,64.1,104.7,104.7,7947.76171875,0.0,0.0
19733.239043268,71.9,109.5,109.5,7973.76171875,0.0,0.0
19734.245273456,75.8,118.1,118.1,7947.76171875,0.0,0.0
19735.250690824,67.2,105.9,105.9,7947.76171875,0.0,0.07381884614509274
19736.266032807,63.1,112.9,112.9,7947.76171875,0.0,0.0
19737.26978267,64.5,105.8,105.8,7947.76171875,0.0,0.0
19738.272179248,71.5,110.7,110.7,7947.76171875,0.0,0.0
19739.274641277,75.6,110.5,110.5,7947.76171875,0.0,0.0
19740.279398341,68.1,109.7,109.7,7949.15625,0.0,0.07775511394649308
19741.281547233,70.2,110.8,110.8,7951.08203125,0.0,0.0
19742.283712332,69.2,110.8,110.8,7951.08203125,0.0,0.0
19743.285883978,71.8,110.7,110.7,7951.08203125,0.0,0.0
19744.289278501,67.3,104.6,104.6,7967.66796875,0.0,0.0
19745.292039018,65.6,109.7,109.7,7951.08203125,0.0,0.05453694982289435
19746.294598918,74.4,110.7,110.7,7951.08203125,0.0,0.0
19747.297396749,68.1,111.6,111.6,7929.73046875,0.0,0.0
19748.30191537,67.7,108.9,108.9,7934.28125,0.0,0.0
19749.31391998,67.8,104.4,104.4,7956.20703125,0.0,0.0
19750.321783375,72.7,107.2,107.2,7940.9296875,0.0,0.0
19751.324352987,63.9,110.7,110.7,7940.9296875,0.0,0.0779247635921548
19752.326865541,67.8,109.4,109.4,7940.9296875,0.0,0.0
19753.332802818,65.8,107.2,107.2,7940.9296875,0.0,0.0
19754.3447847,71.2,110.9,110.9,7940.9296875,0.0,0.0
19755.35153993,69.7,108.8,108.8,7940.9296875,0.0,0.0620806310585023
19756.36803728,66.5,110.0,110.0,7940.9296875,0.0,0.03842853107292128
19757.370315666,67.7,109.7,109.7,7940.9296875,0.0,0.0
19758.372631681,67.6,108.7,108.7,7940.9296875,0.0,0.0
19759.375379251,74.1,110.6,110.6,7940.9296875,0.0,0.007791093425430913
19760.380174845,68.2,109.6,109.6,7940.9296875,0.0,0.0
19761.384650327,69.6,106.9,106.9,7940.9296875,0.0,0.08555460191900889
19762.39590769,68.2,111.4,111.4,7940.9296875,0.0,0.0
19763.401033857,65.9,105.5,105.5,7940.9296875,0.0,0.0
19764.404388054,65.0,109.6,109.6,7940.9296875,0.0,0.0
19765.407297032,68.2,110.6,110.6,7940.9296875,0.0,0.0
19766.412020537,68.0,109.5,109.5,7940.9296875,0.0,0.05443039774407211
19767.416288901,68.1,109.2,109.2,7950.07421875,0.0,0.0
19768.429065319,65.0,103.7,103.7,7971.13671875,0.0,0.0
19769.437525198,70.8,114.5,114.5,7940.9296875,0.0,0.0
19770.439703734,68.8,104.6,104.6,7940.9296875,0.0,0.0
19771.4444698,68.3,110.6,110.6,7940.9296875,0.0,0.08164213818088156
19772.447173012,68.2,112.7,112.7,7940.9296875,0.0,0.0
19773.451052173,66.1,106.6,106.6,7942.49609375,0.0,0.0
19774.453819638,68.2,109.7,109.7,7940.9296875,0.0,0.0
19775.45640244,67.7,105.3,105.3,7940.9296875,0.0,0.0
19776.467241557,62.7,110.3,110.3,7940.9296875,0.0,0.11979527499828181
19777.469465279,68.6,110.7,110.7,7940.9296875,0.0,0.06236132574798172
19778.472317481,66.5,104.6,104.6,7940.9296875,0.0,0.0
19779.477033647,67.1,109.6,109.6,7940.9296875,0.0,0.0
19780.479224561,69.9,109.7,109.7,7940.9296875,0.0,0.0
19781.482100265,70.5,108.7,108.7,7972.81640625,0.0,0.0
19782.484708234,68.2,115.7,115.7,7940.9296875,0.0,0.08181787152743869
19783.487436465,65.7,104.7,104.7,7940.9296875,0.0,0.0
19784.490077536,71.5,108.7,108.7,7976.33203125,0.0,0.0
19785.492471985,67.3,111.7,111.7,7940.9296875,0.0,0.0
19786.495387257,68.3,109.5,109.5,7940.9296875,0.0,0.031159162565775545
19787.500852638,66.5,106.3,106.3,7962.1640625,0.0,0.0
19788.510815125,67.2,110.3,110.3,7954.52734375,0.0,0.058015768659048304
19789.513142697,68.3,109.7,109.7,7940.9296875,0.0,0.0
19790.515533235,69.3,110.8,110.8,7940.9296875,0.0,0.015587736922547548
19791.517294585,72.2,109.5,109.5,7940.9296875,0.0,0.0
19792.524039482,66.2,104.5,104.5,7967.6328125,0.0,0.0
19793.5274288,63.5,111.7,111.7,7940.9296875,0.0,0.15572220791759617
19794.529929443,70.8,111.7,111.7,7951.9296875,0.0,0.0
19795.533040503,69.5,110.7,110.7,7940.9296875,0.0,0.0
19796.535791476,70.8,109.7,109.7,7940.9296875,0.0,0.0
19797.537962925,69.8,109.6,109.6,7940.9296875,0.0,0.0
19798.5433171,70.7,104.5,104.5,7940.9296875,0.0,0.06993803949722531
19799.547145863,68.4,107.3,107.3,7940.9296875,0.0,0.0
19800.557888828,70.4,114.0,114.0,7940.9296875,0.0,0.0
19801.563202474,65.8,105.6,105.6,7940.9296875,0.0,0.0
19802.56546051,69.0,109.8,109.8,7940.9296875,0.0,0.0
19803.567637329,70.3,111.6,111.6,7940.9296875,0.0,0.07795530540989565
19804.572153067,68.1,108.7,108.7,7952.1484375,0.0,0.0
19805.592343402,67.4,107.3,107.3,7979.62109375,0.0,0.0
19806.600036848,68.1,109.6,109.6,7943.43359375,0.0,0.0
19807.602199846,69.6,110.8,110.8,7943.43359375,0.0,0.0
19808.603987275,71.7,109.6,109.6,7943.43359375,0.0,0.05458992438591195
19809.611224721,67.4,108.7,108.7,7943.43359375,0.0,0.0
19810.622834898,51.0,100.4,100.4,7943.43359375,0.0,0.0
19811.626303182,50.9,100.7,100.7,7943.43359375,0.0,0.0
19812.629051179,78.2,103.2,103.2,7883.3515625,0.0,0.0
19813.641457043,83.0,127.4,127.4,7881.828125,0.0,0.07716766840066688
19814.651785097,84.8,126.6,126.6,7889.453125,0.0,0.0
19815.662363975,88.5,123.3,123.3,7928.52734375,0.0,0.0
19816.671239289,79.3,132.8,132.8,7954.66015625,0.0,0.0
19817.674913385,74.3,122.9,122.9,7914.796875,0.0,0.0
19818.689036501,82.6,122.9,122.9,7966.51953125,0.0,0.10014809681141015
19819.697771895,88.0,136.5,136.5,7928.33203125,0.0,0.0
19820.708592753,87.3,134.0,134.0,7991.56640625,0.0,0.0
19821.721288571,76.3,129.7,129.7,7947.609375,0.0,0.007714557383502379
19822.730548879,70.4,118.3,118.3,7995.30859375,0.0,0.0
19823.735011993,77.7,120.5,120.5,7942.421875,0.0,0.0
19824.739343375,59.0,109.5,109.5,7942.91015625,0.0,0.08556687716854024
19825.744040341,80.5,86.7,86.7,7942.91015625,0.0,0.12052763579265097
19826.746276544,75.1,112.7,112.7,7942.91015625,0.0,0.0
19827.748677859,71.9,109.1,109.1,7942.91015625,0.0,0.0
19828.762147106,66.2,108.2,108.2,7942.91015625,0.0,0.0
19829.764362722,69.0,109.8,109.8,7942.91015625,0.0,0.2767306212086364
19830.766808762,71.8,109.6,109.6,7942.91015625,0.0,0.04286390317819225
19831.771067536,67.5,111.6,111.6,7942.91015625,0.015558738847538455,0.11280085664465381
19832.773337217,68.6,106.7,106.7,7967.4921875,0.0,0.011692212407638108
19833.775708563,68.9,109.8,109.8,7942.91015625,0.0,0.0
19834.777972853,63.8,111.7,111.7,7942.91015625,0.0,0.10523047768165736
19835.780209086,66.8,105.7,105.7,7945.5078125,0.0,0.0
19836.785057068,72.2,111.4,111.4,7954.796875,0.0,0.0077748078713878125
19837.792629368,68.7,110.3,110.3,7942.91015625,0.0,0.00775378600621812
19838.795435715,65.3,107.7,107.7,7942.91015625,0.0,0.04284850223422544
19839.798308317,66.1,108.7,108.7,7942.91015625,0.0,0.101271587036625
19840.800588554,69.9,109.7,109.7,7948.45703125,0.0,0.0
19841.80339998,72.5,111.7,111.7,7948.45703125,0.0,0.0
19842.806306087,69.4,110.7,110.7,7948.45703125,0.0,0.011684792741998325
19843.809079096,66.4,107.7,107.7,7948.45703125,0.0,0.011686343663837003
19844.81203946,66.6,106.7,106.7,7948.46484375,0.0,0.0
19845.817145039,64.2,111.5,111.5,7929.20703125,0.0,0.08938737569188605
19846.819540637,68.7,109.7,109.7,7934.046875,0.0,0.0
19847.822668575,67.5,111.6,111.6,7934.046875,0.0,0.007788139183484258
19848.827289915,69.8,102.4,102.4,7957.58984375,0.0,0.0
19849.835420543,65.6,111.4,111.4,7936.75,0.0,0.0
19850.837794778,70.3,109.7,109.7,7945.0703125,0.0,0.10911593313265487
19851.841040205,73.4,109.7,109.7,7946.97265625,0.0,0.0
19852.843673352,66.3,111.7,111.7,7946.97265625,0.0,0.0
19853.846571076,67.1,111.7,111.7,7946.97265625,0.0,0.011684890412614906
19854.849583411,70.0,109.5,109.5,7950.55078125,0.0,0.05841777608842717
19855.853703065,72.0,110.7,110.7,7946.97265625,0.0,0.10114581424172192
19856.856573569,66.8,105.7,105.7,7959.109375,0.0,0.0
19857.862042392,64.9,110.4,110.4,7959.6015625,0.0,0.0
19858.864605049,72.8,109.7,109.7,7946.97265625,0.046755182504332846,0.007792530417388807
19859.867524477,69.2,110.4,110.4,7946.97265625,0.0,0.0
19860.873504237,65.2,105.6,105.6,7946.97265625,0.0,0.01164909123021788
19861.876021185,67.3,113.7,113.7,7946.97265625,0.0,0.21820079993311067
19862.879662056,65.7,107.6,107.6,7946.97265625,0.0,0.0
19863.883039063,69.0,110.3,110.3,7946.97265625,0.0,0.0
19864.88899402,69.4,109.3,109.3,7946.97265625,0.0,0.007766252301496307
19865.89492482,63.3,105.7,105.7,7974.1640625,0.0,0.0
19866.900728676,66.8,110.4,110.4,7946.97265625,0.0,0.06213935214830743
19867.903034806,73.7,108.7,108.7,7975.3671875,0.0,0.0
19868.905555483,72.7,110.5,110.5,7946.97265625,0.0,0.0
19869.910529476,67.4,109.7,109.7,7946.97265625,0.0,0.007773833009029751
19870.914056103,68.4,105.5,105.5,7979.4453125,0.0,0.0
19871.91847783,73.1,116.6,116.6,7946.97265625,0.0,0.0855591806607241
19872.92064062,65.1,104.7,104.7,7946.97265625,0.0,0.0
19873.923452553,69.3,108.7,108.7,7946.97265625,0.0,0.0
19874.926211997,68.4,110.5,110.5,7946.97265625,0.0,0.0
19875.931858232,73.6,111.6,111.6,7952.9453125,0.0,0.00776863645295462
19876.933963914,70.0,110.6,110.6,7952.9453125,0.0,0.062368671411211385
19877.938235953,71.2,110.6,110.6,7952.9453125,0.0,0.0
19878.941065933,68.3,104.6,104.6,7975.71484375,0.0,0.0
19879.946044557,68.5,110.6,110.6,7943.32421875,0.0,0.0
19880.948235556,70.3,109.8,109.8,7950.32421875,0.0,0.007795420242051789
19881.950475045,66.1,108.8,108.8,7929.20703125,0.0,0.08574547395426221
19882.953031669,65.4,109.7,109.7,7929.20703125,0.0,0.0
19883.956167382,71.9,109.6,109.6,7933.4921875,0.0,0.0
19884.959075083,67.7,109.7,109.7,7933.4921875,0.0,0.0
19885.961792503,71.1,111.7,111.7,7943.30078125,0.0,0.0
19886.965360988,68.0,110.4,110.4,7947.2421875,0.0,0.10898608479111943
19887.973049185,65.7,104.4,104.4,7947.2421875,0.0,0.0
19888.976185991,70.7,109.5,109.5,7947.2421875,0.0,0.0
19889.979770954,71.5,111.7,111.7,7948.9609375,0.0,0.0
19890.982583247,73.1,110.6,110.6,7948.9609375,0.0,0.0
19891.987244232,66.7,106.4,106.4,7986.921875,0.0,0.00777625499212827
19892.992796982,65.6,111.6,111.6,7933.1484375,0.0,0.08934762497567095
19893.995067488,69.1,110.5,110.5,7929.3671875,0.0,0.0
19895.003773529,64.8,106.3,106.3,7928.53515625,0.0,0.0
19896.00592959,67.3,109.8,109.8,7928.53515625,0.0,0.1208332261934665
19897.00837826,67.2,110.7,110.7,7928.53515625,0.0,0.0350703742266654
19898.011043637,67.3,107.8,107.8,7928.53515625,0.0,0.070125588868313
19899.013283472,77.0,110.7,110.7,7928.53515625,0.0,0.0
19900.015945252,68.0,109.7,109.7,7928.53515625,0.0,0.0
19901.018142822,71.4,110.6,110.6,7934.8046875,0.0,0.0
19902.022940504,68.2,104.1,104.1,7981.02734375,0.0,0.0
19903.035020778,72.6,115.2,115.2,7938.3984375,0.0,0.09649061690945569
19904.039335132,63.4,103.6,103.6,7938.3984375,0.0,0.0
19905.041776042,69.0,109.7,109.7,7917.61328125,0.0,0.0
19906.044621078,67.8,108.7,108.7,7917.61328125,0.0,0.0
19907.047391785,68.1,107.3,107.3,7924.32421875,0.0,0.0
19908.058592264,68.6,111.3,111.3,7937.7734375,0.0,0.042492810172061704
19909.074541111,69.6,107.2,107.2,7937.7734375,0.0,0.09996812369021676
19910.076761158,69.4,110.7,110.7,7937.7734375,0.0,0.0
19911.079586495,66.7,104.6,104.6,7939.671875,0.0,0.0
19912.084389533,63.6,110.6,110.6,7921.3046875,0.0,0.0
19913.086669917,68.3,110.7,110.7,7921.3046875,0.0,0.0
19914.089549948,69.0,109.7,109.7,7921.3046875,0.0,0.13632612652959092
19915.092486487,70.2,110.7,110.7,7921.3046875,0.0,0.0
19916.094860609,68.8,108.7,108.7,7921.3046875,0.0,0.0
19917.097766501,69.9,109.7,109.7,7921.3046875,0.0,0.0
19918.100646894,57.2,103.7,103.7,7921.3046875,0.0,0.0
19919.10287962,56.3,100.8,100.8,7921.3046875,0.0,0.08574605255894804
19920.105506941,67.4,98.4,98.4,7809.5390625,0.0,0.0
19921.116079292,88.4,128.0,128.0,7812.09765625,0.0,0.0
19922.138486439,85.2,131.4,131.4,7812.328125,0.0,0.0
19923.150895336,83.1,128.7,128.7,7913.859375,0.0,0.0
19924.171063586,82.0,127.7,127.7,7933.65625,0.0,0.06126440418032843
19925.17580255,78.4,126.7,126.7,7947.5,0.0,0.011663477201444632
19926.195493959,80.8,129.4,129.4,7976.98046875,0.0,0.0
19927.19921749,83.0,127.1,127.1,7955.015625,0.0,0.0
19928.205683541,84.2,127.5,127.5,7974.44921875,0.0,0.0
19929.20946882,79.0,125.5,125.5,7908.69921875,0.0,0.0
19930.213631848,69.4,115.6,115.6,7977.26953125,0.0,0.14004200122780902
19931.217256228,71.1,122.5,122.5,7910.12109375,0.0,0.007784286786666611
19932.220930468,64.9,114.6,114.6,7921.3828125,0.0,0.0
19933.225155928,75.7,79.5,79.5,7922.98828125,0.0,0.046677764971169836
19934.235036686,68.8,117.2,117.2,7922.98828125,0.0,0.0
19935.238472806,67.8,110.4,110.4,7922.98828125,0.0,0.19075080733631775
19936.244031256,66.4,104.6,104.6,7922.98828125,0.0,0.007769314652963079
19937.246420188,70.6,113.9,113.9,7922.98828125,0.0,0.0
19938.258541317,68.7,112.4,112.4,7936.5859375,0.0,0.0
19939.261295335,68.8,105.7,105.7,7936.5859375,0.0,0.0
19940.263808359,66.2,110.7,110.7,7936.5859375,0.0,0.11689374321793707
19941.266186175,69.4,109.8,109.8,7936.5859375,0.0,0.0077939673796661975
19942.268136478,71.0,111.4,111.4,7941.58984375,0.0,0.0
19943.275056382,66.9,105.6,105.6,7968.4921875,0.0,0.0
19944.277037616,64.2,109.7,109.7,7941.58984375,0.0,0.0
19945.279976882,68.8,109.7,109.7,7941.58984375,0.0,0.04673762568590607
19946.282169794,70.3,110.7,110.7,7941.58984375,0.0,0.09354486434432946
19947.284802824,70.4,107.7,107.7,7941.58984375,0.0,0.00779198347376317
19948.28710265,69.9,110.6,110.6,7941.58984375,0.0,0.0
19949.293106984,68.7,108.9,108.9,7943.51171875,0.0,0.0
19950.301051593,64.2,106.4,106.4,7941.58984375,0.0,0.0
19951.306096718,69.6,108.7,108.7,7974.53515625,0.0,0.08939275239018554
19952.308684677,68.3,113.7,113.7,7941.58984375,0.0,0.007792333759720542
19953.310880257,68.2,111.7,111.7,7941.58984375,0.0,0.0
19954.313451913,71.8,110.4,110.4,7941.58984375,0.0,0.0
19955.321578146,66.0,112.4,112.4,7941.58984375,0.0,0.007749525549753939
19956.324110148,65.9,105.7,105.7,7941.58984375,0.0,0.17533729561627517
19957.327587745,69.5,110.6,110.6,7941.58984375,0.0,0.0
19958.334617264,64.8,106.1,106.1,7952.2109375,0.0,0.007757965235959586
19959.33963644,70.2,111.2,111.2,7941.58984375,0.0,0.0
19960.350484078,66.1,107.2,107.2,7941.58984375,0.0,0.0
19961.352286704,71.5,116.7,116.7,7941.58984375,0.0,0.08578286557612141
19962.356451864,63.1,104.7,104.7,7941.58984375,0.0,0.0
19963.359045551,72.0,114.7,114.7,7941.58984375,0.0,0.0
19964.363631589,67.8,111.5,111.5,7941.58984375,0.0,0.0077768351385238375
19965.365939764,73.6,105.3,105.3,7941.58984375,0.0,0.0
19966.376722826,70.1,113.1,113.1,7941.58984375,0.0,0.06183324825045561
19967.380970773,66.7,107.7,107.7,7941.58984375,0.0,0.0
19968.398749293,67.1,107.0,107.0,7941.58984375,0.0,0.0
19969.402881275,70.4,107.6,107.6,7941.58984375,0.0,0.007780351726702829
19970.405034286,69.1,110.7,110.7,7942.00390625,0.0,0.0
19971.407530406,65.9,110.7,110.7,7942.00390625,0.0,0.0
19972.410143104,67.5,109.3,109.3,7946.62890625,0.0,0.08571355636263016
19973.417990458,70.1,111.4,111.4,7942.8828125,0.0,0.0
19974.423095062,67.8,108.1,108.1,7942.8828125,0.0,0.011659234226343906
19975.43202678,68.2,106.6,106.6,7942.8828125,0.0,0.0
19976.434228358,65.9,110.7,110.7,7942.8828125,0.0,0.03118135182177513
19977.436440777,67.5,110.7,110.7,7942.8828125,0.0,0.10133829722579117
19978.439929173,71.3,104.1,104.1,7942.8828125,0.0,0.0
19979.452160665,63.1,110.3,110.3,7942.8828125,0.0,0.0
19980.455025695,71.6,110.7,110.7,7942.8828125,0.0,0.00779018089804242
19981.457289909,75.7,113.3,113.3,7942.8828125,0.0,0.0
19982.465989678,64.8,107.1,107.1,7970.30859375,0.0,0.1432847061555352
19983.471922819,72.3,109.7,109.7,7942.8828125,0.0,0.0
19984.474786403,64.5,110.7,110.7,7942.8828125,0.0,0.0
19985.477370953,69.8,110.7,110.7,7942.8828125,0.0,0.0
19986.481037079,61.1,104.6,104.6,7942.8828125,0.0,0.007783963010836328
19987.484054678,71.5,108.7,108.7,7964.6875,0.0,0.02336698780098861
19988.486966295,72.7,111.7,111.7,7942.8828125,0.0,0.05452873321334443
19989.489324978,70.6,108.7,108.7,7942.8828125,0.0,0.0
19990.492296212,69.7,110.7,110.7,7942.8828125,0.0,0.0
19991.495783401,67.6,108.1,108.1,7942.8828125,0.0,0.0
19992.509210041,64.5,107.4,107.4,7942.8828125,0.0,0.0077089941112912855
19993.525871496,68.8,108.9,108.9,7957.91796875,0.0,0.08837135465120333
19994.530621748,70.6,110.4,110.4,7942.8828125,0.0,0.0
19995.533706361,66.4,105.1,105.1,7942.8828125,0.0,0.0
19996.548453882,64.6,113.8,113.8,7942.8828125,0.0,0.0
19997.554240411,67.2,108.6,108.6,7942.8828125,0.0,0.0
19998.557708064,68.7,111.7,111.7,7942.8828125,0.0,0.011678253867925176
19999.559903279,69.5,104.3,104.3,7967.671875,0.0,0.17929391131613884
20000.571240137,64.7,109.3,109.3,7942.8828125,0.0,0.0
20001.573454758,69.5,110.7,110.7,7942.8828125,0.0,0.0
20002.576142528,68.8,105.9,105.9,7942.8828125,0.0,0.0
20003.591779764,66.9,109.2,109.2,7942.8828125,0.0,0.0076922150183965305
20004.596977607,64.1,107.4,107.4,7944.27734375,0.0,0.0777210183486718
20005.599606462,68.5,111.7,111.7,7942.8828125,0.0,0.0
20006.602553064,69.3,111.7,111.7,7942.8828125,0.0,0.0
20007.605368132,70.2,110.5,110.5,7955.1328125,0.0,0.0
20008.611097527,68.7,108.0,108.0,7955.1328125,0.0,0.0
20009.620877191,63.0,106.5,106.5,7955.1328125,0.0,0.12378938144269361
20010.623030215,66.5,104.8,104.8,7950.41015625,0.0,0.0
20011.625707852,63.7,109.7,109.7,7935.50390625,0.0,0.0
20012.627948305,68.3,110.7,110.7,7935.50390625,0.0,0.0
20013.630730493,67.1,107.4,107.4,7935.50390625,0.0,0.0
20014.639693307,68.4,112.0,112.0,7935.50390625,0.0,0.0
20015.645608893,70.5,109.7,109.7,7935.50390625,0.0,0.07378228455047252
20016.647372009,66.8,111.8,111.8,7935.50390625,0.0,0.0
20017.649482676,69.6,110.6,110.6,7935.50390625,0.0,0.0
20018.654069523,70.9,103.3,103.3,7935.50390625,0.0,0.011665243313695194
20019.661978241,68.5,109.4,109.4,7935.50390625,0.0,0.0
20020.664919652,63.6,110.7,110.7,7941.5859375,0.0,0.08568546383418231
20021.667886695,70.8,110.7,110.7,7935.50390625,0.0,0.00778938854924917
20022.670237203,71.0,112.7,112.7,7955.0703125,0.0,0.0
20023.672883873,69.8,109.7,109.7,7955.0703125,0.0,0.0
20024.675012849,64.7,106.8,106.8,7955.0703125,0.0,0.0
20025.677162299,61.9,109.8,109.8,7955.0703125,0.0,0.0
20026.679367406,50.8,99.7,99.7,7955.0703125,0.0,0.09354372607508016
20027.682184269,55.6,87.6,87.6,7955.0703125,0.0,0.00779055507365189
20028.688639008,85.4,132.7,132.7,7886.07421875,0.0,0.0
20029.699394817,83.9,137.0,137.0,7888.30859375,0.0,0.0
20030.70591075,82.1,133.0,133.0,7906.328125,0.0,0.0
20031.713052694,82.2,130.0,130.0,7940.24609375,0.0,0.08920664116412821
20032.721266333,77.5,127.0,127.0,7944.99609375,0.0,0.0
20033.728759793,79.1,128.5,128.5,7943.140625,0.0,0.007754392767956856
20034.742491456,86.3,132.3,132.3,7988.328125,0.0,0.0
20035.754043155,89.0,136.2,136.2,7950.4140625,0.0,0.0
20036.771243326,77.5,128.0,128.0,7934.7421875,0.0,0.06144316702058923
20037.783867237,72.4,116.9,116.9,8009.078125,0.0,0.0
20038.790102169,73.1,119.5,119.5,7933.875,0.0,0.01164613712695492
20039.793909721,58.9,109.6,109.6,7933.875,0.0,0.0
20040.797485581,81.9,81.4,81.4,7934.17578125,0.0,3.6198683575392865
20041.809176116,66.3,109.2,109.2,7943.03515625,0.0,3.9808059981483455
20042.81219229,64.4,110.7,110.7,7953.2734375,0.0,0.0
20043.814551584,69.7,111.7,111.7,7934.17578125,0.0,0.0
20044.817595272,69.9,110.7,110.7,7934.17578125,0.0,0.0
20045.820038676,70.1,110.7,110.7,7934.17578125,0.0,0.00779345743493924
20046.82304319,67.6,112.8,112.8,7934.17578125,0.007789097547363192,0.08568007302099512
20047.833059721,67.7,104.7,104.7,7935.3671875,0.0,0.12762786156819406
20048.835668836,69.9,107.7,107.7,7934.17578125,0.0,0.0
20049.838062308,68.8,108.2,108.2,7934.17578125,0.0,0.0
20050.848301097,67.7,108.9,108.9,7934.17578125,0.0,0.0
20051.85790808,67.3,110.4,110.4,7934.17578125,0.0,0.08125067613565189
20052.861514416,68.7,110.5,110.5,7934.17578125,0.0,0.08173648078694866
20053.869065657,65.9,104.3,104.3,7968.2890625,0.0,0.0
20054.872370754,67.0,109.6,109.6,7934.17578125,0.0,0.0
20055.875739091,66.8,111.6,111.6,7934.17578125,0.0,0.0
20056.879505326,68.5,111.4,111.4,7934.17578125,0.0,0.0
20057.88472866,66.8,104.2,104.2,7934.17578125,0.0,0.05440333321991657
20058.896668372,73.7,107.1,107.1,7953.15234375,0.0,0.0
20059.902030543,61.8,110.6,110.6,7934.17578125,0.0,0.0
20060.903648982,68.9,112.7,112.7,7934.17578125,0.0,0.0
20061.907830406,69.3,110.7,110.7,7934.17578125,0.0,0.0
20062.910033958,68.8,108.8,108.8,7934.17578125,0.0,0.1598041133262405
20063.912264536,70.7,111.7,111.7,7934.17578125,0.0,0.0
20064.914960098,70.2,109.7,109.7,7945.70703125,0.0,0.0
20065.917643313,68.3,109.7,109.7,7934.17578125,0.0,0.0
20066.920420805,68.5,106.0,106.0,7934.17578125,0.0,0.0
20067.936573654,64.7,114.9,114.9,7934.17578125,0.0,0.053818183016341885
20068.938768358,67.2,105.7,105.7,7934.17578125,0.0,0.0
20069.943093564,65.2,106.6,106.6,7954.890625,0.0,0.0038894274251554035
20070.948877071,69.0,110.4,110.4,7934.17578125,0.0,0.0
20071.950978566,67.4,110.8,110.8,7934.17578125,0.0,0.0
20072.953985252,69.5,110.4,110.4,7913.0625,0.0,0.0
20073.960663577,66.6,109.4,109.4,7910.8046875,0.0,0.08536738883293866
20074.965031773,69.4,109.1,109.1,7910.8046875,0.0,0.011667782837662724
20075.980045772,67.9,107.6,107.6,7912.4921875,0.0,0.0
20076.986095379,64.9,110.7,110.7,7910.8046875,0.0,0.12036558551132884
20077.988530151,71.9,109.7,109.7,7910.8046875,0.0,0.0
20078.990793729,72.2,109.7,109.7,7910.8046875,0.0,0.12082026390859396
20079.993091598,69.8,108.7,108.7,7910.8046875,0.0,0.0
20080.995511781,69.7,108.0,108.0,7913.375,0.0,0.0
20082.011424246,67.2,108.3,108.3,7919.875,0.0,0.0
20083.024798978,62.5,107.3,107.3,7919.875,0.0,0.0
20084.027704747,69.6,110.7,110.7,7919.875,0.0,0.015579728906702188
20085.030455832,70.5,108.7,108.7,7919.875,0.0,0.07791066114895019
20086.033429852,69.3,109.1,109.1,7920.34375,0.0,0.0
20087.042928957,63.9,105.6,105.6,7974.16015625,0.0,0.0
20088.045054237,65.2,111.8,111.8,7925.55078125,0.0,0.0
20089.047222092,73.9,107.8,107.8,7925.55078125,0.0,0.0
20090.049396218,72.6,110.8,110.8,7925.55078125,0.0,0.07795551488804355
20091.051071782,64.7,108.8,108.8,7925.55078125,0.0,0.0
20092.053384335,71.1,109.7,109.7,7925.55078125,0.0,0.0
20093.057038796,71.5,109.6,109.6,7925.55078125,0.0,0.0
20094.06221567,69.9,111.3,111.3,7925.55078125,0.0,0.0
20095.066897375,69.0,109.5,109.5,7925.55078125,0.0,0.05443266233265908
20096.071709925,61.0,104.6,104.6,7926.59375,0.0,0.0
20097.073909142,67.5,109.7,109.7,7925.55078125,0.0,0.0
20098.076848964,71.2,111.4,111.4,7925.55078125,0.0,0.04673759977597654
20099.082846368,75.1,107.6,107.6,7925.55078125,0.0,0.0
20100.085450423,66.9,109.7,109.7,7925.55078125,0.0,0.0
20101.087667369,68.9,105.7,105.7,7925.55078125,0.0,0.08184979342794481
20102.091092128,68.6,110.6,110.6,7949.69140625,0.0,0.0
20103.093942632,66.8,110.7,110.7,7925.55078125,0.0,0.0
20104.09704426,71.8,108.7,108.7,7960.29296875,0.0,0.0
20105.099293607,67.7,109.8,109.8,7925.55078125,0.0,0.0
20106.101500206,68.9,109.7,109.7,7925.55078125,0.0,0.06236239120982458
20107.103890902,67.8,107.3,107.3,7925.55078125,0.0,0.0
20108.113279094,72.7,107.8,107.8,7925.55078125,0.0,0.0
20109.123788095,71.6,109.5,109.5,7925.55078125,0.0,0.0
20110.138381955,65.6,110.1,110.1,7925.55078125,0.0,0.0
20111.146914436,67.1,110.3,110.3,7925.55078125,0.0,0.08133724153183582
20112.149053079,71.9,110.8,110.8,7925.55078125,0.0,0.0
20113.151234103,69.3,110.8,110.8,7925.55078125,0.0,0.0
20114.153548362,69.5,108.7,108.7,7925.55078125,0.0,0.0
20115.156410556,72.6,109.8,109.8,7933.5703125,0.0,0.0
20116.171811774,68.6,111.6,111.6,7925.5859375,0.0,0.05385802087943204
20117.185088646,71.8,108.1,108.1,7925.55078125,0.0,0.0
20118.202837785,71.7,111.1,111.1,7925.55078125,0.0,0.0
20119.205334741,65.2,105.5,105.5,7945.2265625,0.0,0.0
20120.210394803,66.4,109.7,109.7,7925.55078125,0.0,0.0
20121.212783193,69.0,109.7,109.7,7925.55078125,0.0,0.0
20122.215842982,69.6,110.6,110.6,7925.55078125,0.0,0.0778866831835514
20123.219208843,69.5,111.6,111.6,7925.55078125,0.0,0.0
20124.222275933,69.2,108.7,108.7,7925.55078125,0.0,0.0
20125.224962101,67.7,111.7,111.7,7925.55078125,0.0,0.0
20126.227276092,70.1,109.7,109.7,7925.55078125,0.0,0.0
20127.23245832,67.5,110.4,110.4,7925.55078125,0.0,0.054405557993997315
20128.235145742,67.5,109.7,109.7,7925.55078125,0.0,0.0
20129.237762574,73.8,108.7,108.7,7939.21484375,0.0,0.0
20130.241233154,74.1,109.6,109.6,7925.55078125,0.0,0.0
20131.257804582,63.1,110.2,110.2,7925.55078125,0.0,0.08453660769217665
20132.260522903,56.9,104.7,104.7,7925.55078125,0.0,0.06233056551479249
20133.262733183,50.6,99.8,99.8,7925.55078125,0.0,0.0
20134.265146023,79.4,105.4,105.4,7925.55078125,0.0,0.0
20135.274108344,88.2,132.7,132.7,7882.16015625,0.0,0.0
20136.284755662,88.2,134.4,134.4,7875.41015625,0.0,0.007730194164539851
20137.295510426,89.8,125.6,125.6,7981.2421875,0.0,0.09661715529643433
20138.30633048,77.1,133.2,133.2,7935.859375,0.0,0.0
20139.310281136,78.9,120.1,120.1,7951.16796875,0.0,0.0
20140.321242222,84.1,132.0,132.0,7988.75,0.0,0.0
20141.32806427,84.7,130.3,130.3,7946.0390625,0.0,0.007759563882713626
20142.348332632,84.3,132.0,132.0,7933.7109375,0.0,0.003828649545059943
20143.354233541,69.0,116.5,116.5,7966.95703125,0.0,0.12426671343230104
20144.358090295,71.4,119.1,119.1,7942.42578125,0.0,0.0
20145.368991384,70.0,119.8,119.8,7947.62109375,0.0,0.0
20146.380110927,63.4,82.4,82.4,7993.8359375,0.0,0.09271900701458864
20147.382726273,77.8,105.2,105.2,7947.62109375,0.0,0.0
20148.393797702,68.0,112.0,112.0,7947.62109375,0.0,0.1584025078808057
20149.399333279,67.3,107.6,107.6,7947.62109375,0.0,0.0
20150.402029788,70.0,108.8,108.8,7947.62109375,0.0,0.0
20151.404216007,70.3,110.7,110.7,7947.62109375,0.0,0.0
20152.407038472,69.3,108.7,108.7,7947.62109375,0.0,0.0
20153.410250261,68.3,106.3,106.3,7947.62109375,0.0,0.11681232346437563
20154.420057742,70.2,114.2,114.2,7947.62109375,0.0,0.0
20155.424511624,68.7,106.2,106.2,7947.62109375,0.0,0.0
20156.436726153,63.2,108.1,108.1,7947.62109375,0.0,0.0
20157.439428396,71.9,110.7,110.7,7947.62109375,0.0,0.0
20158.442703596,74.6,108.6,108.6,7950.38671875,0.0,0.05450897221416905
20159.445851757,64.1,110.7,110.7,7950.38671875,0.0,0.0
20160.44799723,64.2,104.7,104.7,7950.38671875,0.0,0.0
20161.450817405,67.8,111.7,111.7,7932.41796875,0.0,0.12075320483066149
20162.453029158,70.9,108.7,108.7,7932.41796875,0.0,0.03507866465811926
20163.455786773,70.5,110.4,110.4,7940.4296875,0.0,0.07791015379135395
20164.460810127,71.1,111.4,111.4,7936.8359375,0.0,0.0
20165.466439339,63.6,106.7,106.7,7936.8359375,0.0,0.0
20166.469196019,69.0,110.7,110.7,7938.7421875,0.0,0.0
20167.472028425,70.0,110.7,110.7,7938.7421875,0.0,0.0038952171635332263
20168.475330228,68.7,106.7,106.7,7938.9140625,0.0,0.0584009216616085
20169.47810084,69.2,110.1,110.1,7938.90234375,0.0,0.0
20170.489138965,65.0,108.4,108.4,7938.90234375,0.0,0.0
20171.491346825,71.0,109.6,109.6,7938.90234375,0.0,0.0
20172.497802405,69.2,110.4,110.4,7938.90234375,0.0,0.003881194637529055
20173.500000768,67.7,107.4,107.4,7938.90234375,0.0,0.0
20174.509672311,63.5,108.3,108.3,7938.90234375,0.0,0.08124548083844405
20175.512316331,67.3,110.7,110.7,7938.90234375,0.0,0.0
20176.514534517,68.9,108.7,108.7,7938.90234375,0.0,0.0
20177.517348542,69.5,111.7,111.7,7938.90234375,0.0,0.0
20178.520242003,72.9,108.7,108.7,7938.90234375,0.0,0.0
20179.522527282,68.9,108.6,108.6,7938.90234375,0.0,0.07794686965574593
20180.526787245,67.1,105.4,105.4,7938.90234375,0.0,0.0
20181.536042638,70.1,113.1,113.1,7944.86328125,0.0,0.0
20182.554182738,72.3,109.8,109.8,7938.90234375,0.0,0.0
20183.564487158,66.4,110.1,110.1,7938.90234375,0.0,0.0
20184.566903162,67.6,105.8,105.8,7947.1640625,0.0,0.05455569322707722
20185.56907261,66.2,109.7,109.7,7938.90234375,0.0,0.0
20186.571559548,70.2,109.7,109.7,7938.90234375,0.0,0.0
20187.574023127,67.9,110.8,110.8,7938.90234375,0.0,0.0
20188.576045725,71.1,107.2,107.2,7938.90234375,0.0,0.0
20189.596389172,68.6,110.9,110.9,7939.23828125,0.0,0.07656735605036681
20190.60679553,64.2,105.8,105.8,7938.90234375,0.0,0.0
20191.614330863,68.3,109.7,109.7,7964.77734375,0.0,0.0
20192.617968464,73.5,111.0,111.0,7938.90234375,0.0,0.0
20193.630126242,68.7,110.4,110.4,7938.90234375,0.0,0.0
20194.646304805,62.7,108.0,108.0,7940.65625,0.0,0.0269084105841156
20195.649032195,71.1,110.7,110.7,7941.1953125,0.0,0.06233000177636898
20196.651686847,69.8,107.7,107.7,7952.359375,0.0,0.12077313934428004
20197.654044482,70.8,110.7,110.7,7970.0390625,0.0,0.007794124299760445
20198.656258675,69.5,106.8,106.8,7938.90234375,0.0,0.0
20199.658691627,69.1,110.7,110.7,7938.90234375,0.0,0.0
20200.661423451,72.9,107.8,107.8,7938.90234375,0.0,0.12076384443112541
20201.678345199,69.1,108.5,108.5,7938.90234375,0.0,0.0
20202.690662596,61.3,109.3,109.3,7938.90234375,0.0,0.003858720606384116
20203.692973127,75.1,111.4,111.4,7951.671875,0.0,0.0
20204.698770513,65.2,109.6,109.6,7926.296875,0.0,0.0
20205.702571695,64.9,104.5,104.5,7957.83984375,0.0,0.08172061506899259
20206.93285114,69.2,117.6,117.6,7926.296875,0.0,0.0
20207.943311332,68.4,108.3,108.3,7934.73828125,0.0,0.0
20208.947398103,66.7,107.6,107.6,7932.18359375,0.0,0.0
20209.949587436,68.8,110.8,110.8,7932.18359375,0.0,0.0
20210.95177577,70.8,109.6,109.6,7932.18359375,0.0,0.0
20211.95620859,65.6,104.7,104.7,7932.18359375,0.0,0.07778021431053002
20212.958409893,67.2,109.8,109.8,7932.63671875,0.0,0.0
20213.960706615,68.6,111.7,111.7,7932.63671875,0.0,0.0
20214.962901731,69.5,110.7,110.7,7932.63671875,0.0,0.0
20215.966822194,70.6,110.7,110.7,7933.140625,0.0,0.0
20216.968832991,66.8,106.4,106.4,7933.140625,0.0,0.058476166300369836
20217.977903896,66.3,106.4,106.4,7964.03515625,0.0,0.0
20218.980809876,68.0,109.6,109.6,7933.140625,0.0,0.0
20219.983705474,68.7,109.7,109.7,7933.140625,0.0,0.0
20220.985862682,68.7,110.6,110.6,7933.140625,0.0,0.0
20221.991055069,69.2,108.5,108.5,7933.140625,0.0,0.0
20222.99493712,70.7,109.6,109.6,7933.140625,0.0,0.08171403196067056
20223.999032047,68.3,108.5,108.5,7933.140625,0.0,0.0
20225.003518691,66.5,104.9,104.9,7933.73828125,0.0,0.0
20226.017173939,71.4,111.0,111.0,7933.73828125,0.0,0.046243533087303605
20227.022983286,68.1,105.4,105.4,7972.6875,0.0,0.0
20228.029640462,68.0,110.5,110.5,7933.73828125,0.0,0.05432584329981221
20229.03404707,70.0,109.6,109.6,7950.3515625,0.0,0.0038891122070322365
20230.036609352,67.3,108.7,108.7,7937.6796875,0.0,0.0
20231.039273451,69.9,110.7,110.7,7938.5625,0.0,0.0
20232.0414693,68.7,110.7,110.7,7938.5625,0.0,0.0
20233.043898936,68.5,108.0,108.0,7949.765625,0.0,0.0
20234.057182981,66.8,109.2,109.2,7949.765625,0.0,0.08866590808711773
20235.060664723,71.3,112.6,112.6,7949.765625,0.0,0.0
20236.064042139,60.4,106.7,106.7,7949.765625,0.0,0.0
20237.066945684,69.3,109.7,109.7,7949.765625,0.0,0.0
20238.070348684,65.8,108.6,108.6,7949.765625,0.0,0.0
20239.084760521,55.9,101.5,101.5,7949.765625,0.0,0.11937336058501025
20240.086872044,50.7,100.8,100.8,7949.765625,0.0,0.0
20241.089303763,82.3,115.3,115.3,7883.03125,0.0,0.0
20242.099069076,79.2,135.2,135.2,7889.47265625,0.0,0.0
20243.104052957,83.5,134.5,134.5,7887.21484375,0.0,0.0
20244.112676173,92.0,127.4,127.4,7933.75,0.0,0.0658385103043373
20245.123393731,74.0,127.2,127.2,7937.69921875,0.0,0.0
20246.133820622,77.0,122.3,122.3,7999.92578125,0.0,0.0
20247.137620912,82.2,128.8,128.8,7974.03125,0.0,0.0
20248.150054512,82.7,125.1,125.1,7943.41796875,0.0,0.0
20249.156167839,85.2,124.8,124.8,7931.62890625,0.0,0.08929784308490016
20250.165700287,71.2,119.0,119.0,7938.22265625,0.0,0.0
20251.171932149,71.1,116.1,116.1,7956.7890625,0.0,0.0
20252.18389667,69.8,120.9,120.9,7956.7890625,0.0,0.0
20253.187411188,58.0,109.6,109.6,7922.21875,0.0,0.0
20254.190875953,84.3,92.7,92.7,7922.21875,0.0,0.3970617742606246
20255.193496238,71.1,110.7,110.7,7922.21875,0.0,0.0
20256.196383743,70.8,108.7,108.7,7922.21875,0.0,0.0
20257.199427211,68.5,109.7,109.7,7922.21875,0.0,0.0
20258.203056423,66.7,110.2,110.2,7922.21875,0.0,0.0
20259.211038808,66.2,104.6,104.6,7922.21875,0.015501262951150157,0.2867733645962779
20260.213709036,71.2,111.7,111.7,7922.21875,0.0,0.0
20261.216657481,67.8,109.7,109.7,7922.21875,0.0,0.0
20262.221036647,59.7,105.4,105.4,7922.21875,0.0,0.0
20263.227383923,69.6,111.3,111.3,7922.21875,0.0,0.0
20264.230317099,69.7,108.7,108.7,7922.21875,0.0,0.14800338003752803
20265.232654345,72.2,111.7,111.7,7922.21875,0.0,0.007794282843614878
20266.235437793,65.8,109.4,109.4,7922.21875,0.0,0.0
20267.243049839,63.3,105.5,105.5,7922.21875,0.0,0.0
20268.245827889,68.8,109.7,109.7,7922.21875,0.0,0.0
20269.249040378,73.4,110.6,110.6,7922.21875,0.0,0.10123727636344004
20270.251885277,69.0,107.2,107.2,7922.21875,0.0,0.007790337277258562
20271.265019474,62.7,108.1,108.1,7922.21875,0.0,0.0
20272.267354518,69.9,110.7,110.7,7922.21875,0.0,0.0
20273.269910292,67.9,109.6,109.6,7922.21875,0.0,0.0
20274.275037652,62.1,104.5,104.5,7922.21875,0.0,0.07384014499414894
20275.277801114,70.7,114.7,114.7,7922.21875,0.0,0.0
20276.280139721,72.9,108.7,108.7,7922.21875,0.0,0.011691408390511896
20277.282887184,68.4,109.6,109.6,7922.21875,0.0,0.0
20278.290786859,73.5,106.3,106.3,7923.125,0.0,0.0
20279.297442623,73.2,111.2,111.2,7922.21875,0.0,0.12417353028755489
20280.301576629,64.6,106.7,106.7,7922.21875,0.0,0.0
20281.304324027,67.0,109.7,109.7,7922.21875,0.0,0.0077910947618273696
20282.306750665,70.1,110.5,110.5,7922.21875,0.0,0.12080061064793268
20283.312429537,70.5,110.6,110.6,7922.21875,0.0,0.0
20284.314968762,69.3,108.7,108.7,7922.21875,0.0,0.07403076922009709
20285.317818842,69.7,109.6,109.6,7922.21875,0.0,0.0
20286.322481482,68.7,107.6,107.6,7922.21875,0.0,0.0
20287.325076355,68.9,115.5,115.5,7922.21875,0.0,0.007792280022960702
20288.331199647,64.9,105.5,105.5,7922.21875,0.0,0.0
20289.333457222,69.0,109.7,109.7,7922.21875,0.0,0.10133373150102146
20290.336433902,71.0,109.7,109.7,7922.21875,0.0,0.06231450964543815
20291.33918192,69.4,110.6,110.6,7922.21875,0.0,0.0
20292.343529039,65.7,107.2,107.2,7922.21875,0.0,0.007778685130074803
20293.352618303,64.2,108.4,108.4,7922.21875,0.0,0.0
20294.355457693,70.5,111.7,111.7,7922.21875,0.0,0.0
20295.357900973,69.7,110.5,110.5,7922.21875,0.0,0.0662443963913003
20296.363545848,68.1,109.6,109.6,7922.21875,0.0,0.0
20297.366713346,69.1,109.6,109.6,7923.46484375,0.0,0.0
20298.386714307,69.6,103.2,103.2,7922.21875,0.0,0.0076593065092369905
20299.401596324,61.3,108.2,108.2,7922.21875,0.0,0.0
20300.404028955,68.0,107.7,107.7,7922.21875,0.0,0.08572895309131434
20301.406284919,67.7,110.7,110.7,7922.21875,0.0,0.0
20302.40931135,70.6,110.7,110.7,7924.640625,0.0,0.0
20303.412048522,73.6,110.5,110.5,7946.48046875,0.0,0.0
20304.41989065,70.7,109.1,109.1,7943.94140625,0.0,0.0077517100972164165
20305.428037486,66.5,110.4,110.4,7926.34765625,0.0,0.06199493741205031
20306.431450045,70.0,108.6,108.6,7922.21875,0.0,0.0
20307.434659158,70.7,109.5,109.5,7922.21875,0.0,0.0
20308.440072882,74.4,108.1,108.1,7928.76953125,0.0,0.0
20309.448779827,69.2,111.5,111.5,7944.06640625,0.0,0.0077450641524168615
20310.451209563,66.6,107.7,107.7,7922.21875,0.0,0.08572920067459106
20311.454422298,69.3,111.6,111.6,7922.21875,0.0,0.0
20312.458660914,66.0,111.4,111.4,7922.21875,0.0,0.0
20313.463497844,69.8,110.6,110.6,7922.21875,0.0,0.0
20314.467370379,68.8,105.1,105.1,7922.21875,0.0,0.0
20315.478407825,64.8,112.4,112.4,7922.21875,0.0,0.11977177549542181
20316.480725099,68.8,108.7,108.7,7922.21875,0.0,0.0
20317.483433331,71.2,109.7,109.7,7922.21875,0.0,0.0
20318.48571214,72.3,109.7,109.7,7922.21875,0.0,0.0
20319.488020091,67.1,105.8,105.8,7937.03515625,0.0,0.0
20320.491039016,65.9,110.3,110.3,7922.21875,0.0,0.09736232045679323
20321.496872763,69.8,109.7,109.7,7942.29296875,0.0,0.0
20322.503046946,65.8,108.4,108.4,7922.21875,0.0,0.0
20323.505331488,68.7,110.7,110.7,7922.21875,0.0,0.0
20324.508041432,69.7,109.7,109.7,7922.21875,0.0,0.0
20325.520978969,69.0,108.3,108.3,7922.21875,0.0,0.12340346312963936
20326.527123472,65.5,104.6,104.6,7922.21875,0.0,0.0
20327.53004141,64.2,112.6,112.6,7922.21875,0.0,0.0
20328.533025975,72.0,110.6,110.6,7922.21875,0.0,0.0
20329.538048519,65.8,107.6,107.6,7922.21875,0.0,0.0
20330.540536908,66.0,109.8,109.8,7922.21875,0.0,0.08572418488130193
20331.542790425,70.8,110.8,110.8,7922.21875,0.0,0.007794933983760035
20332.54509662,71.4,109.7,109.7,7924.44140625,0.0,0.0
20333.54778869,67.9,110.6,110.6,7924.44140625,0.0,0.0
20334.552142664,61.8,105.7,105.7,7924.44140625,0.0,0.0
20335.554408148,69.7,109.6,109.6,7924.44140625,0.0,0.062358727301069714
20336.558933034,68.8,110.6,110.6,7924.44140625,0.0,0.0
20337.563624384,69.0,110.0,110.0,7925.85546875,0.0,0.007776019968712474
20338.573329253,68.3,104.4,104.4,7926.3515625,0.0,0.0
20339.575489955,67.9,110.7,110.7,7924.44140625,0.0,0.0
20340.578118297,66.7,109.7,109.7,7924.44140625,0.0,0.08571221897517045
20341.581038735,67.2,109.0,109.0,7930.8671875,0.0,0.0
20342.596816375,71.0,110.9,110.9,7930.8671875,0.0,0.12690400430538012
20343.605903386,69.2,109.7,109.7,7932.5078125,0.0,0.0
20344.614866827,62.7,106.4,106.4,7930.8671875,0.0,0.0
20345.618262805,65.3,109.6,109.6,7930.8671875,0.0,0.06228846972707792
20346.6204692,50.7,100.7,100.7,7930.8671875,0.0,0.0
20347.625016081,68.7,90.6,90.6,7900.62890625,0.0,0.0
20348.630034456,89.8,127.7,127.7,7888.84375,0.0,0.011660234570349058
20349.642572191,87.6,131.8,131.8,7866.51953125,0.0,0.0
20350.651066636,88.6,132.5,132.5,7946.4296875,0.0,0.0
20351.665076308,79.9,130.9,130.9,7926.80078125,0.0,0.12327298590121226
20352.668478498,77.2,125.0,125.0,7947.0390625,0.0,0.0
20353.680087787,80.0,126.4,126.4,7972.18359375,0.0,0.007722843280439598
20354.689201291,85.0,128.4,128.4,7968.3671875,0.0,0.0
20355.694234974,89.6,136.1,136.1,7956.7734375,0.0,0.0
20356.705492651,72.6,124.0,124.0,7910.1796875,0.0,0.12360845592860234
20357.709548373,71.2,117.5,117.5,8006.0390625,0.0,0.0
20358.713049978,73.9,120.3,120.3,7926.12890625,0.0,0.0
20359.719580782,58.8,109.5,109.5,7928.92578125,0.0,0.007761809145788573
20360.724427126,81.9,83.8,83.8,7907.47265625,0.0,0.05053633354316041
20361.743814019,68.5,108.0,108.0,7906.515625,0.0,0.18776604968570193
20362.746989408,70.6,110.4,110.4,7971.5546875,0.0,0.0
20363.765342113,70.0,114.0,114.0,7929.7109375,0.0,0.0
20364.770150513,65.7,103.6,103.6,7929.7109375,0.0,0.0
20365.77250773,64.6,111.7,111.7,7934.2109375,0.0,0.007794127550043769
20366.775367963,68.4,109.7,109.7,7934.2109375,0.0,0.06232174528737817
20367.777587012,69.4,109.7,109.7,7934.2109375,0.0,0.023385606194005565
20368.780668741,71.2,107.7,107.7,7934.2109375,0.0,0.0
20369.783419925,70.7,110.7,110.7,7934.6796875,0.0,0.0
20370.786397181,70.7,109.7,109.7,7939.359375,0.0,0.0
20371.789051292,69.4,109.5,109.5,7939.359375,0.0,0.12077320450961539
20372.794760933,68.4,110.3,110.3,7944.328125,0.0,0.0
20373.800433785,64.7,108.5,108.5,7944.328125,0.0,0.0
20374.806415121,65.7,109.5,109.5,7944.328125,0.0,0.0
20375.809324036,69.8,109.2,109.2,7944.328125,0.0,0.0
20376.818244352,70.7,111.3,111.3,7953.7578125,0.0,0.1897139416900766
20377.823337046,67.8,106.5,106.5,7968.66015625,0.0,0.0
20378.828043927,67.0,109.6,109.6,7946.65625,0.0,0.0
20379.832888429,70.2,107.5,107.5,7944.328125,0.0,0.0
20380.836325532,72.6,110.6,110.6,7944.328125,0.0,0.0
20381.839237007,67.8,110.7,110.7,7944.328125,0.0,0.08958293153444978
20382.843738262,69.1,104.6,104.6,7944.328125,0.0,0.0
20383.858507238,63.7,108.4,108.4,7970.40625,0.0,0.0
20384.861372723,69.0,110.7,110.7,7944.328125,0.0,0.0
20385.863716297,68.2,109.7,109.7,7944.328125,0.0,0.0
20386.86653278,69.1,110.7,110.7,7945.32421875,0.0,0.10127725433487302
20387.869567291,66.8,110.2,110.2,7945.32421875,0.0,0.05841648453515594
20388.877149846,69.9,104.6,104.6,7945.32421875,0.0,0.0
20389.879440106,73.4,116.4,116.4,7945.32421875,0.0,0.0
20390.885414907,70.3,110.6,110.6,7945.32421875,0.0,0.0
20391.888715001,63.7,105.7,105.7,7945.32421875,0.0,0.08565483100595127
20392.89155816,65.7,108.7,108.7,7945.32421875,0.0,0.011685526191041438
20393.894183098,69.4,109.6,109.6,7945.32421875,0.0,0.007792046361416597
20394.898468882,69.7,109.6,109.6,7945.32421875,0.0,0.0
20395.901524646,67.1,109.7,109.7,7945.32421875,0.0,0.0
20396.904370424,71.0,109.7,109.7,7945.32421875,0.0,0.0
20397.907447645,69.7,108.6,108.6,7945.32421875,0.0,0.1051451949977829
20398.911988117,73.7,109.5,109.5,7945.32421875,0.0,0.0
20399.916489851,69.8,106.2,106.2,7945.32421875,0.0,0.00777748781866736
20400.926621508,71.1,111.7,111.7,7945.32421875,0.0,0.0
20401.938088608,71.4,113.7,113.7,7946.02734375,0.0,0.0
20402.951542114,67.0,106.6,106.6,7945.32421875,0.0,0.08479668725928156
20403.966045736,66.2,108.0,108.0,7962.12109375,0.0,0.0
20404.969056257,64.6,109.6,109.6,7945.32421875,0.0,0.0
20405.97226282,69.7,110.7,110.7,7945.32421875,0.0,0.007787528798291812
20406.974968099,68.2,108.7,108.7,7945.32421875,0.0,0.0
20407.977287013,69.3,109.7,109.7,7945.32421875,0.0,0.0896358920748683
20408.981104394,70.3,109.6,109.6,7950.5546875,0.0,0.0
20409.986036297,63.7,105.3,105.3,7950.5546875,0.0,0.0
20410.991302273,70.3,111.6,111.6,7950.5546875,0.0,0.0
20411.994423704,68.6,109.6,109.6,7950.5546875,0.0,0.007788189703225059
20413.013060019,66.8,107.1,107.1,7950.5546875,0.0,0.015339135047447704
20414.015237207,67.9,109.7,109.7,7950.5546875,0.0,0.10134185971892451
20415.017659452,67.8,108.7,108.7,7950.5546875,0.0,0.0
20416.019876021,70.3,109.8,109.8,7950.5546875,0.0,0.0
20417.022085273,68.8,110.7,110.7,7950.5546875,0.0,0.0
20418.025070197,68.7,106.7,106.7,7989.546875,0.0,0.01168387452254621
20419.028858722,70.6,110.9,110.9,7950.5546875,0.0,0.10117918014668387
20420.041808737,69.2,110.2,110.2,7975.06640625,0.0,0.0
20421.046628609,68.0,110.6,110.6,7963.4609375,0.0,0.0
20422.052289823,74.1,108.7,108.7,7950.5546875,0.0,0.0
20423.066852275,65.2,108.1,108.1,7951.90234375,0.0,0.0
20424.071650875,66.7,111.4,111.4,7950.5546875,0.0,0.13606582453402546
20425.075056106,69.2,110.7,110.7,7950.5546875,0.0,0.0
20426.077296435,72.4,110.7,110.7,7950.5546875,0.0,0.0
20427.079704915,69.1,110.7,110.7,7950.5546875,0.0,0.0
20428.083215546,64.5,110.7,110.7,7950.5546875,0.0,0.0
20429.086037906,68.6,104.7,104.7,7950.5546875,0.0,0.07400986751045233
20430.08830995,72.7,109.7,109.7,7954.73828125,0.0,0.007794789894394983
20431.091377132,69.3,110.7,110.7,7954.73828125,0.0,0.04283736002032096
20432.094466299,68.5,105.2,105.2,7954.73828125,0.0,0.01557688041506792
20433.102839915,61.2,110.6,110.6,7954.73828125,0.0,0.0
20434.105124463,69.8,106.7,106.7,7954.73828125,0.0,0.10522835078150773
20435.107836393,70.6,109.7,109.7,7954.73828125,0.0,0.0
20436.110880746,67.8,109.5,109.5,7954.73828125,0.0,0.007788788179329655
20437.116558578,61.2,105.6,105.6,7954.73828125,0.0,0.0
20438.12006614,70.4,109.6,109.6,7954.73828125,0.0,0.0
20439.128061019,73.1,108.1,108.1,7954.73828125,0.0,0.06200428325782472
20440.131286592,69.2,110.7,110.7,7954.73828125,0.0,0.0
20441.134443128,68.0,110.5,110.5,7954.73828125,0.0,0.0
20442.14061126,71.3,110.4,110.4,7954.73828125,0.0,0.007764606879834652
20443.146061581,65.1,105.6,105.6,7977.79296875,0.0,0.0
20444.148578207,71.6,109.4,109.4,7954.73828125,0.0,0.08572177036376215
20445.157188412,66.9,110.3,110.3,7954.73828125,0.0,0.0
20446.159999111,69.5,111.3,111.3,7955.8125,0.0,0.0
20447.168951408,65.3,106.7,106.7,7954.73828125,0.0,0.007743180746254595
20448.184067717,67.3,108.1,108.1,7956.734375,0.0,0.0
20449.186557733,70.6,115.7,115.7,7954.73828125,0.0,0.0
20450.189185276,66.9,106.7,106.7,7954.73828125,0.0,0.08571228727930995
20451.193061558,67.8,109.5,109.5,7954.73828125,0.0,0.0
20452.195201185,56.5,104.8,104.8,7954.73828125,0.0,0.011693729780006505
20453.197357315,50.6,100.8,100.8,7954.73828125,0.0,0.0
20454.199765674,68.2,98.5,98.5,7933.6328125,0.0,0.0
20455.204120588,89.2,133.2,133.2,7933.1328125,0.0,0.11279005899272039
20456.21554591,84.7,128.9,128.9,7928.66796875,0.0,0.0
20457.230199123,88.2,130.9,130.9,8007.4140625,0.0,0.0
20458.236226945,78.5,123.6,123.6,8002.8203125,0.0,0.007765689804175561
20459.238483562,77.3,121.6,121.6,7973.39453125,0.0,0.0
20460.246617762,78.7,126.9,126.9,7996.9296875,0.0,0.09686830384276374
20461.263723017,77.4,123.4,123.4,8003.671875,0.0,0.0
20462.27173504,84.9,132.3,132.3,8016.48828125,0.0,0.12013125561681626
20463.279292158,79.6,129.9,129.9,7965.90234375,0.0,0.0
20464.290857911,67.9,117.0,117.0,7960.12109375,0.0,0.007723175657960797
20465.294252026,72.2,118.6,118.6,8023.59375,0.0,0.06228858537806835
20466.297417202,66.9,121.6,121.6,7954.3515625,0.0,0.0
20467.301096516,67.1,70.8,70.8,7954.3515625,0.0,0.1245417717158813
20468.30372059,75.0,110.3,110.3,7954.3515625,0.0,0.0
20469.315237476,71.0,109.2,109.2,7954.3515625,0.0,0.0
20470.317866282,67.3,110.7,110.7,7954.3515625,0.0,0.31168065203190204
20471.320381667,70.6,108.7,108.7,7954.3515625,0.0,0.0
20472.323056163,68.5,109.7,109.7,7954.3515625,0.0,0.0
20473.325631774,66.5,112.6,112.6,7954.3515625,0.007792429732258686,0.09350915678710423
20474.331051319,68.4,110.2,110.2,7954.3515625,0.0,0.0
20475.33990205,66.0,105.3,105.3,7955.21484375,0.0,0.1006714837777868
20476.344656983,68.8,110.6,110.6,7954.3515625,0.0,0.0
20477.346989893,72.9,110.8,110.8,7954.3515625,0.0,0.04676589936569185
20478.349158413,71.0,108.7,108.7,7954.3515625,0.0,0.00779559509614384
20479.352561492,70.4,111.7,111.7,7954.3515625,0.0,0.0
20480.355503392,69.8,105.8,105.8,7954.3515625,0.0,0.0
20481.373073006,70.0,108.4,108.4,7954.3515625,0.0,0.0882924851171134
20482.387082639,67.3,113.1,113.1,7954.3515625,0.0,0.003852280957572828
20483.388988369,64.4,106.8,106.8,7954.3515625,0.0,0.0
20484.391171891,71.4,111.7,111.7,7985.5078125,0.0,0.0
20485.393562165,68.0,110.7,110.7,7954.3515625,0.0,0.0
20486.395729647,68.3,109.8,109.8,7954.3515625,0.0,0.06626262694893571
20487.39793527,68.8,111.5,111.5,7954.3515625,0.0,0.011692959739050737
20488.403180202,72.7,105.0,105.0,7954.3515625,0.0,0.0
20489.416144973,68.8,106.6,106.6,7954.3515625,0.0,0.0
20490.431309299,68.4,109.9,109.9,7962.62109375,0.0,0.0
20491.436204871,68.2,109.6,109.6,7997.0625,0.0,0.0
20492.438748878,67.2,111.7,111.7,7954.3515625,0.0,0.14026815682685476
20493.44108039,67.8,109.7,109.7,7954.3515625,0.0,0.0
20494.444280854,68.8,109.3,109.3,7954.3515625,0.0,0.0
20495.453764185,64.2,107.4,107.4,7954.3515625,0.0,0.0
20496.459635149,66.8,109.4,109.4,7958.2578125,0.0,0.0
20497.462581878,69.7,110.7,110.7,7980.26171875,0.0,0.21421252374400437
20498.468378299,73.2,108.4,108.4,7958.2578125,0.0,0.0077674764364735775
20499.470630537,69.5,109.7,109.7,7958.2578125,0.0,0.0
20500.473440896,67.4,110.7,110.7,7958.2578125,0.0,0.0
20501.476528503,67.9,106.0,106.0,7958.2578125,0.0,0.03504803544039027
20502.492430177,64.4,110.0,110.0,7958.2578125,0.0,0.0
20503.495093781,65.4,109.7,109.7,7958.2578125,0.0,0.09350095049441155
20504.498063965,69.5,109.7,109.7,7958.2578125,0.0,0.0
20505.502207553,70.1,109.1,109.1,7958.2578125,0.0,0.0
20506.513125743,65.1,106.3,106.3,7983.3515625,0.0,0.0
20507.516074963,64.9,109.7,109.7,7975.54296875,0.0,0.0
20508.518651254,72.6,110.7,110.7,7958.578125,0.0,0.06233939557640313
20509.521064595,73.7,111.7,111.7,7958.578125,0.0,0.007793691165563764
20510.524095451,69.3,109.6,109.6,7958.578125,0.0,0.0
20511.529076847,63.0,104.6,104.6,7979.52734375,0.0,0.0
20512.534433238,67.2,109.3,109.3,7958.578125,0.0,0.0
20513.537962678,69.5,107.7,107.7,7958.578125,0.0,0.08563525550377873
20514.54017818,73.4,111.7,111.7,7960.18359375,0.0,0.007795229653129771
20515.542541989,70.3,110.8,110.8,7960.18359375,0.0,0.0
20516.54485231,67.7,108.6,108.6,7960.18359375,0.0,0.0
20517.549276189,64.1,105.7,105.7,7960.18359375,0.0,0.0
20518.551594098,69.0,107.7,107.7,7960.18359375,0.0,0.0662526823112536
20519.554354872,69.6,108.7,108.7,7960.18359375,0.0,0.011686486252588273
20520.557207075,69.4,110.7,110.7,7960.18359375,0.0,0.0
20521.559872187,71.7,109.7,109.7,7972.58203125,0.0,0.0
20522.562051243,66.6,110.8,110.8,7960.18359375,0.0,0.0
20523.564449165,77.2,110.7,110.7,7960.18359375,0.0,0.015587622098064628
20524.566862913,70.2,105.7,105.7,7996.55859375,0.0,0.11300847601667413
20525.570708547,67.0,110.6,110.6,7986.0703125,0.0,0.007782571080069511
20526.574481586,67.2,111.4,111.4,7965.04296875,0.0,0.0
20527.580062974,60.0,103.6,103.6,7965.04296875,0.0,0.0
20528.582234083,72.0,108.7,108.7,7942.64453125,0.0,0.0
20529.585201905,70.7,109.7,109.7,7942.64453125,0.0,0.10905135498935123
20530.587519202,68.5,110.6,110.6,7947.6328125,0.0,0.007794437972273783
20531.591537272,68.0,110.6,110.6,7947.6328125,0.0,0.0
20532.595790342,69.0,106.6,106.6,7971.48828125,0.0,0.0
20533.600052769,68.5,110.1,110.1,7955.8046875,0.0,0.038896705631600324
20534.616166877,67.7,108.8,108.8,7955.8046875,0.0,0.061508839910792056
20535.618407807,67.7,110.7,110.7,7955.8046875,0.0,0.0
20536.621361137,72.2,109.7,109.7,7957.296875,0.0,0.00778949505057986
20537.624525132,69.0,111.6,111.6,7957.296875,0.0,0.0
20538.629053523,74.4,104.1,104.1,7957.296875,0.0,0.0
20539.644033597,64.7,106.9,106.9,8004.984375,0.0,0.11545793164013801
20540.646254108,66.5,109.7,109.7,7958.078125,0.0,0.0
20541.648565952,67.9,109.7,109.7,7958.078125,0.0,0.007794480377303807
20542.651369522,69.0,109.7,109.7,7958.078125,0.0,0.0
20543.654196348,69.4,109.7,109.7,7958.078125,0.0,0.0
20544.657226863,66.2,110.5,110.5,7958.078125,0.0,0.06231116507959562
20545.662136185,67.2,105.2,105.2,7958.078125,0.0,0.0
20546.675635907,68.2,108.7,108.7,7971.8203125,0.0,0.0
20547.681054666,67.4,112.6,112.6,7958.078125,0.0,0.007770394106975364
20548.685031033,67.1,107.6,107.6,7958.078125,0.0,0.0
20549.68761905,71.2,108.7,108.7,7958.078125,0.0,0.0038961666544647658
20550.690672757,70.7,109.6,109.6,7958.078125,0.0,0.08567587099319783
20551.6948531,68.0,109.3,109.3,7959.80078125,0.0,0.0
20552.70257881,70.0,110.3,110.3,7958.078125,0.0,0.007752605617269475
20553.708057861,65.9,104.4,104.4,7969.86328125,0.0,0.0
20554.714242786,66.5,108.6,108.6,7958.078125,0.0,0.0077644772902842486
20555.717045139,67.1,110.4,110.4,7958.078125,0.0,0.08569734578599392
20556.722677607,66.6,105.7,105.7,7958.078125,0.0,0.12041551347399107
20557.724857479,68.6,110.8,110.8,7972.24609375,0.0,0.0
20558.727039832,72.9,109.8,109.8,7958.078125,0.0,0.011693231241713698
20559.728967527,64.7,108.7,108.7,7958.078125,0.0,0.0
20560.732623735,51.1,99.7,99.7,7958.078125,0.0,0.007784039930943264
20561.735217616,50.9,101.7,101.7,7958.078125,0.0,0.12467660372651358
20562.739313397,75.8,110.2,110.2,7901.46484375,0.0,0.0
20563.75008779,84.0,130.5,130.5,7904.4609375,0.0,0.007729222321139817
20564.761139852,78.8,129.2,129.2,7904.48046875,0.0,0.0
20565.776720362,85.4,131.3,131.3,7952.52734375,0.0,0.0
20566.789880204,75.1,124.9,124.9,8014.7265625,0.0,0.08482126554705997
20567.793112705,75.2,126.6,126.6,7990.76171875,0.0,0.0
20568.806073865,85.2,126.6,126.6,8007.72265625,0.0,0.0
20569.815877777,88.7,136.4,136.4,7978.89453125,0.0,0.007736650558731213
20570.824273563,89.5,136.2,136.2,7983.83203125,0.0,0.0
20571.838480374,71.4,118.8,118.8,7981.3671875,0.0,0.08473370427800148
20572.842607272,72.5,122.6,122.6,7993.78125,0.0,0.0
20573.846022364,70.5,114.6,114.6,8026.140625,0.0,0.0
20574.849382083,56.3,110.6,110.6,7987.52734375,0.0,0.007786340085264876
20575.853123903,90.7,97.7,97.7,7988.43359375,0.0,3.627053219718243
20576.855346841,63.5,103.8,103.8,7988.43359375,0.0,3.885893150461883
20577.857712631,69.6,110.6,110.6,7988.43359375,0.0,0.0
20578.863066491,68.7,103.2,103.2,7988.43359375,0.0,0.0
20579.873081803,69.0,110.5,110.5,7988.43359375,0.0,0.0
20580.89060794,64.7,108.9,108.9,7988.43359375,0.0,0.0076779354514118405
20581.893475939,71.2,107.7,107.7,7988.43359375,0.015580315670251496,0.2687604453118383
20582.896033683,70.6,115.7,115.7,7988.43359375,0.0,0.0
20583.898364346,65.7,105.7,105.7,7988.43359375,0.0,0.0
20584.900632586,73.2,111.4,111.4,8012.640625,0.0,0.0
20585.906033828,69.3,110.7,110.7,7988.43359375,0.0,0.0
20586.908877384,72.5,109.7,109.7,7998.34375,0.0,0.15191178034528424
20587.91116684,65.7,111.7,111.7,7998.34375,0.0,0.0
20588.914057123,69.2,103.7,103.7,8005.55078125,0.0,0.0038949923697758166
20589.916275703,64.7,112.7,112.7,7998.34375,0.0,0.0
20590.91914655,69.2,110.4,110.4,7975.11328125,0.0,0.0
20591.92567059,67.6,104.5,104.5,8008.359375,0.0,0.1435944341677223
20592.933050049,68.8,110.2,110.2,7995.45703125,0.0,0.0
20593.935519671,65.8,109.7,109.7,7975.375,0.0,0.0
20594.937946795,71.0,111.7,111.7,7975.375,0.0,0.0
20595.940875581,62.3,105.7,105.7,7975.375,0.0,0.015579371355261362
20596.943433114,66.2,110.7,110.7,7975.375,0.0,0.0
20597.946389665,67.3,107.4,107.4,7978.1484375,0.0,0.10515784546669492
20598.954869931,76.6,108.4,108.4,7980.45703125,0.0,0.0
20599.957843055,73.2,116.6,116.6,7978.1484375,0.0,0.0
20600.962248006,67.8,104.3,104.3,7978.1484375,0.0,0.007778237246066707
20601.97197001,69.2,113.7,113.7,7978.1484375,0.0,0.0
20602.984091406,68.7,110.8,110.8,7979.2421875,0.0,0.10806510012746502
20603.990428652,63.7,105.7,105.7,7978.1484375,0.0,0.0
20604.993459512,69.7,108.7,108.7,7978.1484375,0.0,0.0
20605.996051591,68.5,111.7,111.7,7978.1484375,0.0,0.0
20606.998963382,69.4,109.7,109.7,7978.1484375,0.0,0.00778981767897763
20608.002334135,71.9,109.8,109.8,7978.54296875,0.0,0.062290035675482185
20609.019286648,71.7,108.8,108.8,7978.54296875,0.0,0.0
20610.025988943,62.6,105.4,105.4,7978.54296875,0.0,0.0
20611.030260152,75.8,108.7,108.7,7978.54296875,0.0,0.0
20612.033229409,71.8,110.7,110.7,7984.875,0.0,0.0
20613.035792285,69.2,106.9,106.9,7986.796875,0.0,0.09740660893957874
20614.052729017,70.4,114.8,114.8,7986.796875,0.0,0.0
20615.057652719,66.4,106.9,106.9,7986.796875,0.0,0.0
20616.073900479,62.6,109.0,109.0,7986.796875,0.0,0.0
20617.076487033,69.9,109.7,109.7,7986.796875,0.0,0.12467751487551418
20618.078830866,70.5,108.7,108.7,7986.796875,0.0,0.06625096879288443
20619.081771162,72.8,108.5,108.5,7986.796875,0.0,0.007789596281220529
20620.090186182,71.6,108.2,108.2,7997.7265625,0.0,0.0
20621.096770448,65.2,105.4,105.4,7986.796875,0.0,0.0
20622.099051357,69.6,110.7,110.7,8004.97265625,0.0,0.0
20623.105420699,68.1,108.3,108.3,7986.796875,0.0,0.0
20624.108183709,69.0,106.4,106.4,7997.11328125,0.0,0.08570070808675664
20625.11704566,68.4,113.3,113.3,7997.11328125,0.0,0.0
20626.121042186,64.3,106.6,106.6,8014.15234375,0.0,0.0
20627.123400618,67.0,109.7,109.7,7997.11328125,0.0,0.0
20628.125796415,70.4,110.7,110.7,7997.11328125,0.0,0.042866051642046495
20629.128337957,71.1,110.7,110.7,7997.11328125,0.0,0.09740868174395993
20630.131219216,65.8,104.6,104.6,8005.09765625,0.0,0.0
20631.134796527,67.0,108.7,108.7,7971.1875,0.0,0.0
20632.137159011,67.2,111.7,111.7,7971.1875,0.0,0.0
20633.141036011,69.8,110.6,110.6,7973.04296875,0.0,0.0
20634.145075491,68.8,109.5,109.5,7971.1875,0.0,0.0
20635.149258312,70.9,109.6,109.6,7971.1875,0.0,0.12447932526403924
20636.15196346,70.6,109.7,109.7,7971.1875,0.0,0.0
20637.155050752,67.6,105.7,105.7,7997.4140625,0.0,0.0
20638.157357248,66.5,108.8,108.8,8006.28125,0.0,0.0
20639.159565173,69.8,109.7,109.7,7971.1875,0.0,0.0
20640.16201934,69.5,107.7,107.7,7971.1875,0.0,0.10131385887064097
20641.164906759,70.9,107.9,107.9,7972.82421875,0.0,0.007790006985824392
20642.17983277,65.6,109.0,109.0,7996.55078125,0.0,0.0
20643.18603067,66.3,109.6,109.6,7972.82421875,0.0,0.0
20644.188280296,66.0,109.7,109.7,7972.82421875,0.0,0.0
20645.191571037,69.3,110.6,110.6,7972.82421875,0.0,0.0622950032784747
20646.194721804,70.7,110.7,110.7,7972.82421875,0.0,0.007787961946508153
20647.197700227,67.4,110.7,110.7,7972.82421875,0.0,0.0
20648.201243955,65.4,103.7,103.7,7972.82421875,0.0,0.0
20649.203818027,71.7,108.7,108.7,7972.82421875,0.4558578391015212,0.0
20650.206784384,65.8,108.7,108.7,7972.82421875,0.0,0.08568333264623719
20651.211587821,68.6,111.4,111.4,7972.82421875,0.0,0.01166272881690948
20652.21646423,69.5,110.6,110.6,7972.82421875,0.0,0.0
20653.219340322,70.0,110.6,110.6,7972.82421875,0.0,0.0
20654.223192512,69.0,109.5,109.5,7975.90234375,0.0,0.011673780379972963
20655.227982543,67.2,106.3,106.3,7975.90234375,0.0,0.0
20656.2377281,66.3,111.5,111.5,7975.90234375,0.0,0.08897662324653627
20657.254690454,72.5,113.9,113.9,7975.90234375,0.0,0.007682191940814114
20658.259039635,68.0,106.4,106.4,7997.3828125,0.0,0.0
20659.263415836,69.1,106.7,106.7,7975.90234375,0.0,0.0
20660.265604413,68.7,109.8,109.8,7975.90234375,0.0,0.01948859770330046
20661.267974834,71.3,110.7,110.7,7975.90234375,0.0,0.10911634831652946
20662.271014668,68.6,108.7,108.7,7975.90234375,0.0,0.0
20663.273210847,69.2,110.6,110.6,7975.90234375,0.0,0.007795379950250408
20664.281836794,67.3,108.9,108.9,7977.95703125,0.0,0.0
20665.293050384,68.5,107.1,107.1,7975.90234375,0.0,0.0
20666.312492916,71.3,108.8,108.8,7995.8671875,0.0,0.06130801691915963
20667.316744936,59.4,109.8,109.8,7975.90234375,0.0,0.031117686972625527
20668.318507125,51.5,100.8,100.8,7975.90234375,0.0,0.0
20669.321031095,65.3,90.3,90.3,7920.359375,0.0,0.0077928311280118625
20670.33369867,87.0,128.3,128.3,7894.3828125,0.0,0.0
20671.348392849,88.2,133.2,133.2,7887.94140625,0.4427134394758926,0.08469300581277946
20672.359050365,86.9,126.0,126.0,7954.515625,0.0,0.0
20673.363834224,81.5,130.6,130.6,7961.26953125,0.0,0.0
20674.367083444,74.5,120.5,120.5,8006.6015625,0.0,0.0
20675.37285971,77.1,125.1,125.1,7981.52734375,0.0,0.007767632090853989
20676.381059723,87.7,135.9,135.9,8015.9765625,0.0,0.06974062596058478
20677.388346527,88.3,135.3,135.3,7998.9453125,0.0,0.0
20678.401193576,79.4,126.1,126.1,7961.20703125,0.0,0.0
20679.412192187,68.6,117.0,117.0,7961.20703125,0.0,0.0
20680.414397764,74.3,122.8,122.8,7991.55859375,0.0,0.007795306850484587
20681.416825421,64.7,114.6,114.6,7976.28515625,0.0,0.08572937847422206
20682.423055565,74.8,76.1,76.1,8008.21875,0.0,0.1242260537966026
20683.432569836,73.7,112.7,112.7,7976.28515625,0.0,0.0
20684.435224176,68.3,112.5,112.5,7976.28515625,0.0,0.0
20685.439789641,71.9,109.3,109.3,7976.28515625,0.0,0.01166549160633911
20686.447023481,68.2,109.5,109.5,7976.28515625,0.0,0.2675955069185901
20687.449987567,68.5,108.7,108.7,7976.28515625,0.0,0.0
20688.453053532,67.0,104.5,104.5,8000.86328125,0.007788620362569044,0.09346344435082853
20689.462654883,72.5,108.5,108.5,7976.28515625,0.0,0.0
20690.474555796,71.1,114.3,114.3,7976.28515625,0.0,0.0
20691.480964212,69.7,109.6,109.6,7976.28515625,0.0,0.0931530365898374
20692.489992887,69.2,109.2,109.2,7976.28515625,0.0,0.03871297314723714
20693.497376952,67.2,105.6,105.6,8010.16796875,0.0,0.007755234841835883
20694.50191798,75.6,110.2,110.2,7976.28515625,0.0,0.0
20695.513707865,69.6,115.0,115.0,7976.28515625,0.0,0.0
20696.518822486,62.6,105.5,105.5,7976.29296875,0.0,0.0
20697.522827944,66.6,109.5,109.5,7976.28515625,0.0,0.1089386508093655
20698.527046171,67.5,103.3,103.3,8014.6796875,0.0,0.0
20699.53280134,69.8,114.7,114.7,7983.5,0.0,0.0
20700.534940744,67.1,106.8,106.8,7976.28515625,0.0,0.0
20701.540197794,69.1,108.4,108.4,7976.9921875,0.0,0.0
20702.542779727,68.9,110.7,110.7,7982.57421875,0.0,0.3155914141132805
20703.545769116,71.2,109.6,109.6,7982.57421875,0.0,0.007789215006323367
20704.550552061,65.6,106.0,106.0,7959.9921875,0.0,0.0
20705.561779214,68.8,114.4,114.4,7966.4453125,0.0,0.0
20706.564808259,69.1,105.5,105.5,8000.8359375,0.0,0.0
20707.572036337,67.4,112.4,112.4,7971.16796875,0.0,0.077564358765071
20708.574226225,70.6,107.8,107.8,7971.16796875,0.0,0.0
20709.576728921,70.2,109.1,109.1,7971.1875,0.0,0.011689494748217472
20710.586971852,69.8,110.4,110.4,7971.1875,0.0,0.0
20711.589570596,70.6,110.7,110.7,7971.1875,0.0,0.0
20712.593075993,66.4,106.7,106.7,7971.1875,0.0,0.09731512186354108
20713.612035679,69.4,107.0,107.0,7971.1875,0.0,0.0
20714.614614382,63.6,110.7,110.7,7971.1875,0.0,0.0
20715.616831725,71.5,109.7,109.7,7971.1875,0.0,0.011692823000761236
20716.620219699,75.0,110.1,110.1,7971.1875,0.0,0.0
20717.629227435,68.2,108.2,108.2,7971.1875,0.0,0.01161413295645865
20718.637928245,69.5,121.4,121.4,7971.1875,0.0,0.08906877947304083
20719.640188171,69.3,110.6,110.6,7971.1875,0.0,0.0
20720.644555328,64.7,105.6,105.6,7971.1875,0.0,0.007778529938542085
20721.647485671,66.1,110.7,110.7,7971.1875,0.0,0.0
20722.650242284,69.8,110.7,110.7,7971.1875,0.0,0.0
20723.653309675,69.4,109.7,109.7,7971.1875,0.0,0.09735761612446836
20724.657046168,69.4,110.6,110.6,7971.1875,0.0,0.0
20725.65973758,66.0,110.5,110.5,7974.30078125,0.0,0.0
20726.66434971,68.1,107.7,107.7,7971.1875,0.0,0.007776633156916678
20727.666600272,66.4,110.7,110.7,7971.1875,0.0,0.0
20728.669518671,73.4,109.7,109.7,7971.1875,0.0,0.07400278036000138
20729.672405781,69.4,107.3,107.3,7971.1875,0.0,0.0
20730.683930345,68.4,109.5,109.5,7971.1875,0.0,0.0
20731.697059012,68.0,108.2,108.2,7988.1953125,0.0,0.05397882991695587
20732.700016068,63.4,110.7,110.7,7971.1875,0.0,0.007789466112495142
20733.702360084,71.9,109.6,109.6,7971.1875,0.0,0.07014807179731836
20734.707028722,70.5,109.6,109.6,7971.1875,0.0,0.0
20735.709716381,67.6,110.7,110.7,7971.1875,0.0,0.0
20736.712650563,62.8,105.7,105.7,7971.1875,0.0,0.0
20737.717472108,66.2,108.3,108.3,7971.1875,0.0,0.04665007456619794
20738.721907017,72.5,107.4,107.4,7971.1875,0.0,0.0622240420360501
20739.728729071,72.5,109.3,109.3,7974.6640625,0.0,0.0
20740.733807081,67.3,110.6,110.6,7974.6640625,0.0,0.0
20741.736017685,68.6,109.7,109.7,7974.6640625,0.0,0.0
20742.738783786,68.1,109.3,109.3,7980.8984375,0.0,0.0
20743.753056397,66.3,105.9,105.9,7999.0,0.0,0.08472820725718512
20744.759219503,67.7,108.4,108.4,7983.73046875,0.0,0.007764645665697269
20745.763911049,70.2,110.5,110.5,7974.6640625,0.0,0.0
20746.76627876,68.2,111.7,111.7,7974.80078125,0.0,0.0
20747.768841397,68.8,110.7,110.7,7974.80078125,0.0,0.0
20748.771267352,72.0,108.7,108.7,7974.80078125,0.0,0.062348744750869003
20749.774837139,67.6,109.0,109.0,7976.2421875,0.0,0.007784710242571521
20750.788030686,67.2,106.6,106.6,7974.80078125,0.0,0.0
20751.799646155,64.3,111.3,111.3,8013.1484375,0.0,0.0
20752.802510118,68.7,110.7,110.7,7974.80078125,0.0,0.0
20753.80492732,71.5,110.7,110.7,7978.859375,0.0,0.08573027261339772
20754.808898465,68.1,105.7,105.7,7978.859375,0.0,0.0
20755.824033216,65.1,109.3,109.3,7978.859375,0.0,0.007696022614046005
20756.827058354,67.8,111.7,111.7,7978.859375,0.0,0.0
20757.829215497,70.4,109.7,109.7,7978.859375,0.0,0.0
20758.833347092,70.1,101.6,101.6,8008.65625,0.0,0.062242837802535714
20759.83774147,67.8,113.3,113.3,7978.859375,0.0,0.0
20760.843943089,69.3,106.3,106.3,7993.71484375,0.0,0.0
20761.849304119,66.2,108.7,108.7,7978.859375,0.0,0.007770840292053937
20762.852213926,69.7,109.7,109.7,7982.08203125,0.0,0.1285322459713075
20763.855268999,70.0,110.7,110.7,7982.08203125,0.0,0.08567575431617204
20764.85836248,67.5,109.7,109.7,7982.08203125,0.0,0.0
20765.860714001,67.2,105.3,105.3,7982.08203125,0.0,0.0
20766.86905615,67.2,116.2,116.2,7982.08203125,0.0,0.0
20767.874193576,64.6,105.8,105.8,7982.08203125,0.0,0.01165885350288239
20768.876702886,73.2,108.7,108.7,7982.08203125,0.0,0.10130828610484253
20769.879033279,70.4,111.7,111.7,7982.08203125,0.0,0.019485840334029534
20770.882241137,70.0,109.5,109.5,7982.08203125,0.0,0.0
20771.886792964,64.0,106.7,106.7,7982.08203125,0.0,0.0
20772.888990541,64.8,111.7,111.7,7982.08203125,0.0,0.0
20773.891212613,70.5,110.7,110.7,7982.08203125,0.0,0.019487946379971782
20774.894028768,56.1,104.7,104.7,7982.08203125,0.0,0.09738200717359861
20775.896802492,50.9,99.7,99.7,7982.08203125,0.0,0.0
20776.899994148,73.7,99.6,99.6,7936.00390625,0.0,0.0
20777.908838096,88.3,135.1,135.1,7902.9296875,0.0,0.0
20778.921125062,88.3,127.8,127.8,7903.08984375,0.0,0.0077176732116430325
20779.929843644,89.0,129.8,129.8,8012.79296875,0.0,0.08906721022404661
20780.939595599,73.4,125.3,125.3,8000.37890625,0.0,0.0
20781.944289927,74.9,124.7,124.7,7971.54296875,0.0,0.0
20782.955992283,80.5,128.2,128.2,7959.79296875,0.0,0.0
20783.958252587,83.9,127.5,127.5,7977.2734375,0.0,0.0
20784.962098647,86.1,130.0,130.0,8022.4375,0.0,0.038912838886839884
20785.978202755,76.4,128.6,128.6,7945.203125,0.0,0.09995284853241368
20786.981536628,73.1,117.4,117.4,7970.23828125,0.0,0.0
20787.990043342,71.0,120.2,120.2,8016.94140625,0.0,0.0
20788.995925643,59.7,109.4,109.4,7981.61328125,0.0,0.0
20789.999245039,84.8,83.8,83.8,7981.61328125,0.0,0.05839989761363051
20791.001482779,68.4,109.8,109.8,7981.61328125,0.0,0.2689294557990762
20792.004065072,72.6,111.2,111.2,7981.61328125,0.0,0.0
20793.01554484,67.0,110.2,110.2,7981.61328125,0.0,0.0
20794.017787927,70.0,110.8,110.8,7981.61328125,0.0,0.0
20795.019952621,67.8,108.7,108.7,7981.61328125,0.0,0.007795624857641413
20796.022868353,69.1,109.7,109.7,7981.61328125,0.0,0.10905701896013997
20797.025839927,69.0,107.2,107.2,7981.61328125,0.0,0.0
20798.037760602,66.9,111.7,111.7,7983.58203125,0.0,0.12738770259803542
20799.045448358,74.0,108.1,108.1,7981.61328125,0.0,0.0
20800.054393309,64.6,106.6,106.6,7981.61328125,0.0,0.0
20801.05671365,68.0,110.6,110.6,7981.61328125,0.0,0.0155888286018801
20802.060939424,69.4,112.5,112.5,7981.61328125,0.0,0.08557587568958905
20803.064761604,64.1,103.7,103.7,7981.61328125,0.0,0.0
20804.067042073,67.9,110.8,110.8,7981.61328125,0.0,0.0
20805.069224224,69.3,109.7,109.7,7981.61328125,0.0,0.0
20806.072041791,69.3,105.9,105.9,7987.74609375,0.0,0.007790549604512104
20807.08747735,67.6,110.6,110.6,7970.19921875,0.0,0.08847804196321099
20808.099969143,64.7,109.2,109.2,7985.453125,0.0,0.0
20809.102183407,70.3,109.7,109.7,7970.19921875,0.0,0.0
20810.105077249,66.7,106.2,106.2,7970.19921875,0.0,0.0
20811.115642303,63.2,110.3,110.3,7970.19921875,0.0,0.0
20812.118580448,68.0,109.7,109.7,7970.19921875,0.0,0.007789612987545816
20813.12206383,76.3,110.6,110.6,7970.19921875,0.0,0.085639186001066
20814.126040172,63.6,109.5,109.5,7970.19921875,0.0,0.0
20815.128717162,69.3,109.7,109.7,7970.19921875,0.0,0.0
20816.13096194,68.1,110.7,110.7,7970.19921875,0.0,0.0
20817.133455101,69.8,110.7,110.7,7970.19921875,0.0,0.007793070620269346
20818.138077203,71.7,110.5,110.5,7974.9140625,0.0,0.06221244772106354
20819.141991362,72.2,108.6,108.6,7974.9140625,0.0,0.0
20820.145496255,69.6,110.5,110.5,7974.9140625,0.0,0.0
20821.149740758,67.8,104.9,104.9,7975.33203125,0.0,0.0
20822.16181125,63.7,109.4,109.4,7975.33203125,0.0,0.0077193239618657105
20823.172221782,68.9,109.9,109.9,7975.33203125,0.0,0.08505206277887768
20824.174494827,69.3,109.7,109.7,7975.33203125,0.0,0.0
20825.177505582,68.4,110.6,110.6,7975.33203125,0.0,0.0
20826.182081567,69.7,111.6,111.6,7975.33203125,0.0,0.0
20827.184628621,67.3,107.7,107.7,7975.33203125,0.0,0.0
20828.186836453,70.8,111.7,111.7,7975.33203125,0.0,0.00779528931081158
20829.189425058,72.8,108.7,108.7,7975.33203125,0.0,0.06233862991076218
20830.19172497,69.0,110.7,110.7,7975.33203125,0.0,0.0
20831.194322277,71.3,109.7,109.7,7975.33203125,0.0,0.0
20832.197052982,67.8,109.7,109.7,7975.33203125,0.0,0.0
20833.1998985,67.7,104.6,104.6,8007.375,0.0,0.007790332468734557
20834.203858736,66.8,109.3,109.3,7997.453125,0.0,0.08559850970024044
20835.211030311,68.4,112.2,112.2,7975.33203125,0.0,0.0
20836.220043293,66.0,105.9,105.9,8004.66015625,0.0,0.0
20837.227049467,71.2,112.6,112.6,7975.33203125,0.0,0.0
20838.229864982,68.3,109.7,109.7,7976.98828125,0.0,0.031162262183407893
20839.232891975,70.3,108.6,108.6,7976.98828125,0.0,0.1363061522314249
20840.237261721,64.7,104.6,104.6,7985.90234375,0.0,0.0
20841.243516926,70.3,111.0,111.0,7976.98828125,0.0,0.0
20842.249214765,67.5,109.7,109.7,7976.98828125,0.0,0.0
20843.251426993,69.3,110.7,110.7,7976.98828125,0.0,0.0
20844.254135704,70.2,108.8,108.8,7977.68359375,0.0,0.019478488404210046
20845.269566778,69.9,108.2,108.2,7977.23828125,0.0,0.0730908792338226
20846.286066133,61.7,107.3,107.3,7977.23828125,0.0,0.0
20847.289290234,69.7,109.7,109.7,7977.23828125,0.0,0.0
20848.291697413,69.4,108.8,108.8,7977.23828125,0.0,0.0
20849.311078499,68.8,107.8,107.8,8008.15625,0.0,0.01149594608036433
20850.317150299,68.6,114.4,114.4,7977.23828125,0.0,0.12424560553205141
20851.319197621,65.4,105.7,105.7,7977.23828125,0.0,0.0
20852.324054082,66.3,104.6,104.6,8007.9453125,0.0,0.0
20853.326928092,75.8,115.5,115.5,7977.23828125,0.0,0.0
20854.332072879,67.0,110.5,110.5,7977.23828125,0.0,0.0
20855.336721146,64.7,105.7,105.7,7977.23828125,0.0,0.10109259462839915
20856.338903583,70.2,112.8,112.8,7978.6328125,0.0,0.0
20857.341034425,67.4,110.7,110.7,7978.6328125,0.0,0.12473421110413715
20858.345253271,66.3,104.6,104.6,7978.6328125,0.0,0.0
20859.352372529,69.3,109.3,109.3,7978.6328125,0.0,0.0
20860.354699493,67.4,110.7,110.7,8000.08984375,0.0,0.08573799078197249
20861.357633983,68.7,111.7,111.7,7978.6328125,0.0,0.0
20862.360382449,68.7,107.2,107.2,7978.6328125,0.0,0.0
20863.371308102,70.6,110.6,110.6,7978.6328125,0.0,0.0
20864.385041098,63.9,108.2,108.2,7994.9375,0.0,0.0
20865.391047238,68.7,109.9,109.9,7978.6328125,0.0,0.06212685739671813
20866.401679474,66.8,109.3,109.3,7978.6328125,0.0,0.007730309524802166
20867.404101414,70.3,110.7,110.7,7979.46875,0.0,0.0
20868.407078657,71.1,110.4,110.4,7979.46875,0.0,0.0
20869.414704421,65.9,104.5,104.5,8009.46484375,0.0,0.0
20870.41707384,69.9,111.7,111.7,7981.41796875,0.0,0.10911645739279696
20871.419880939,68.5,109.7,109.7,7981.41796875,0.0,0.007790630927705097
20872.422861194,66.4,106.6,106.6,7981.41796875,0.0,0.0
20873.439561904,62.2,108.3,108.3,7981.41796875,0.0,0.0
20874.441884064,69.4,111.7,111.7,7981.41796875,0.0,0.0
20875.444702904,69.4,110.7,110.7,7981.41796875,0.0,0.09348647658042746
20876.446423932,66.3,106.5,106.5,8009.71875,0.0,0.0
20877.452063666,66.8,109.7,109.7,7981.41796875,0.0,0.007768686673621282
20878.454391396,69.1,108.7,108.7,7981.41796875,0.0,0.0
20879.457366707,67.1,109.7,109.7,7981.41796875,0.0,0.0
20880.459940065,71.7,111.7,111.7,7984.06640625,0.0,0.08571691967896437
20881.462273094,68.7,108.7,108.7,7964.234375,0.0,0.0
20882.464480531,51.0,99.8,99.8,7964.234375,0.0,0.0
20883.466785317,51.7,97.8,97.8,7971.90625,0.0,0.007794535264264391
20884.469740228,81.5,114.4,114.4,7942.58203125,0.0,0.0
20885.475593694,85.1,126.1,126.1,7875.734375,0.0,0.06213628735470425
20886.485066213,79.1,129.0,129.0,7883.26953125,0.0,0.0
20887.489203603,86.5,129.6,129.6,7974.77734375,0.0,0.0
20888.492350921,76.4,118.4,118.4,7928.22265625,0.0,0.007787988722917833
20889.49859544,75.2,127.5,127.5,7953.02734375,0.0,0.0
20890.500872978,82.9,128.2,128.2,7934.38671875,0.0,0.08574221883852365
20891.514240194,84.7,131.7,131.7,7961.08984375,0.0,0.0
20892.516397928,85.4,133.5,133.5,7985.54296875,0.0,0.0
20893.521394702,72.1,120.5,120.5,7954.7734375,0.0,0.007773656793864244
20894.525306459,72.8,119.6,119.6,7954.43359375,0.0,0.0
20895.528972219,70.9,119.2,119.2,7962.984375,0.0,0.062271726794820646
20896.540061068,58.7,97.3,97.3,8009.9453125,0.0,0.05022432009821878
20897.54278374,86.3,98.6,98.6,7967.09375,0.0,0.07401722537313526
20898.548218348,70.3,104.2,104.2,7967.60546875,0.0,0.0
20899.55945534,66.8,111.2,111.2,7978.9765625,0.0,0.0
20900.561612704,71.9,110.7,110.7,7977.4375,0.0,0.2728488656795796
20901.566379182,67.7,109.5,109.5,7977.4375,0.0,0.0
20902.568572529,73.2,112.8,112.8,7977.4375,0.015590803956945317,0.11303332868785354
20903.571029175,68.3,108.7,108.7,7977.4375,0.0,0.0
20904.573491941,68.7,109.6,109.6,7977.4375,0.0,0.0
20905.577719111,69.8,110.5,110.5,7977.4375,0.0,0.05445729973625339
20906.582092715,68.4,106.3,106.3,8028.56640625,0.0,0.07000632007830754
20907.58854736,62.2,110.6,110.6,7977.88671875,0.0,0.007762396486350185
20908.591863403,72.7,108.7,108.7,7977.88671875,0.0,0.0
20909.594184522,68.5,107.6,107.6,7977.88671875,0.0,0.0
20910.600550305,70.6,113.3,113.3,7977.88671875,0.0,0.08151236000442352
20911.605037391,66.8,105.4,105.4,8011.54296875,0.0,0.046665607406318435
20912.613896396,68.5,116.1,116.1,7977.88671875,0.0,0.0
20913.617442963,68.6,103.8,103.8,7977.88671875,0.0,0.0
20914.619583492,69.2,110.8,110.8,7977.88671875,0.0,0.0
20915.621803258,69.0,115.7,115.7,7977.88671875,0.0,0.0
20916.627365905,68.6,108.4,108.4,7977.88671875,0.0,0.06603889891715807
20917.630342512,68.7,111.7,111.7,7977.88671875,0.0,0.12462902836175474
20918.633155946,71.9,105.0,105.0,7977.88671875,0.0,0.0
20919.650036588,62.1,107.0,107.0,7977.88671875,0.0,0.0038414046237804306
20920.652235575,67.8,108.8,108.8,7977.88671875,0.0,0.0
20921.654468538,71.2,109.8,109.8,7977.88671875,0.0,0.0818484853605016
20922.65742011,69.1,110.3,110.3,7977.88671875,0.0,0.0
20923.67791681,69.8,108.1,108.1,7977.88671875,0.0,0.0
20924.680797906,64.9,106.4,106.4,7988.6484375,0.0,0.01558011220106842
20925.689429669,70.4,109.3,109.3,8015.3359375,0.0,0.0
20926.695603467,66.6,109.5,109.5,8008.15234375,0.0,0.0
20927.698282771,68.8,110.7,110.7,7977.88671875,0.0,0.11687435806476391
20928.70081023,70.6,110.8,110.8,7977.88671875,0.0,0.0
20929.702550877,70.7,110.7,110.7,7977.88671875,0.0,0.003899462412451407
20930.707249465,69.9,109.1,109.1,7977.88671875,0.0,0.0
20931.719039244,66.9,112.2,112.2,7977.88671875,0.0,0.015442931253401902
20932.721950106,65.8,106.7,106.7,7977.88671875,0.0,0.09737281118407792
20933.72418514,69.8,109.7,109.7,7984.765625,0.0,0.0
20934.726901005,68.6,110.7,110.7,7984.765625,0.0,0.0
20935.730183199,65.7,105.7,105.7,7984.765625,0.0,0.0
20936.73241435,64.5,109.7,109.7,7984.765625,0.0,0.0
20937.735072334,69.5,109.7,109.7,7984.765625,0.0,0.054542526836470255
20938.737882876,73.1,109.7,109.7,7984.765625,0.0,0.0
20939.740370649,68.2,111.7,111.7,7968.03125,0.0,0.0
20940.742750083,68.3,108.7,108.7,7968.03125,0.0,0.0
20941.745190446,71.0,106.7,106.7,7968.03125,0.0,0.0
20942.747864659,68.6,110.7,110.7,7968.03125,0.0,0.0
20943.750687708,72.6,110.6,110.6,7970.95703125,0.0,0.0779050701693708
20944.755041885,66.6,111.4,111.4,7970.95703125,0.0,0.0
20945.759524555,63.0,105.7,105.7,7970.95703125,0.0,0.0
20946.762232287,68.5,109.7,109.7,7970.95703125,0.0,0.05064411929751569
20947.765582689,66.2,109.6,109.6,7970.95703125,0.0,0.0
20948.768319433,72.1,110.6,110.6,7970.95703125,0.0,0.07791177541625938
20949.772723026,71.2,108.6,108.6,7970.95703125,0.0,0.0
20950.775126367,69.3,109.7,109.7,7970.95703125,0.0,0.0
20951.777939362,67.7,106.3,106.3,7970.95703125,0.0,0.0
20952.787895018,70.0,110.8,110.8,7970.95703125,0.0,0.0
20953.794845287,65.9,107.8,107.8,7970.95703125,0.0,0.054310030677279617
20954.800148406,69.2,111.4,111.4,7970.95703125,0.0,0.0
20955.802895254,66.6,110.7,110.7,7970.95703125,0.0,0.007791099035195481
20956.806098424,70.6,111.5,111.5,7970.95703125,0.0,0.0
20957.811022811,65.8,105.3,105.3,7970.95703125,0.0,0.0
20958.816119741,69.3,106.8,106.8,7970.95703125,0.0,0.0
20959.818746936,71.8,109.7,109.7,7970.95703125,0.0,0.0857123170294905
20960.821985619,62.4,106.7,106.7,7970.95703125,0.0,0.0
20961.824146414,67.3,110.7,110.7,7970.95703125,0.0,0.0
20962.826585105,68.9,110.6,110.6,7970.95703125,0.0,0.0
20963.831463959,71.1,112.5,112.5,7970.95703125,0.0,0.0
20964.835461811,69.9,110.5,110.5,7970.95703125,0.0,0.05446973804880841
20965.840156507,63.5,106.6,106.6,7970.95703125,0.0,0.0
20966.842551881,69.4,109.7,109.7,7970.95703125,0.0,0.0
20967.845027178,70.2,111.7,111.7,7973.26171875,0.0,0.0
20968.848056448,72.3,109.7,109.7,7996.1875,0.0,0.0
20969.850683914,67.7,110.7,110.7,7973.26171875,0.0,0.07792026714754219
20970.853044764,72.9,111.7,111.7,7973.26171875,0.0,0.0
20971.856588813,69.6,110.7,110.7,7973.26171875,0.0,0.0
20972.859242326,69.3,112.0,112.0,7975.4609375,0.0,0.0
20973.868927621,68.9,108.6,108.6,7975.4609375,0.0,0.0
20974.871558503,69.2,110.6,110.6,7975.4609375,0.0,0.062336001336037034
20975.876054754,70.9,103.6,103.6,7997.2421875,0.0,0.0
20976.878729434,67.3,109.7,109.7,7994.7734375,0.0,0.0
20977.882053577,73.7,109.6,109.6,8015.16015625,0.0,0.0
20978.888557635,70.5,107.3,107.3,7983.50390625,0.0,0.0
20979.891348593,69.2,112.7,112.7,7982.03125,0.0,0.11296596673159066
20980.893809751,68.6,109.7,109.7,7982.03125,0.0,0.0
20981.898040069,66.0,112.5,112.5,7989.8203125,0.0,0.0
20982.900192431,66.1,104.8,104.8,8025.9140625,0.0,0.0
20983.902844313,67.3,110.7,110.7,7967.578125,0.0,0.0
20984.90504353,70.0,111.6,111.6,7977.5859375,0.0,0.0
20985.911065263,65.6,105.4,105.4,8020.15625,0.0,0.05436015764486734
20986.917319924,69.3,110.3,110.3,7999.4296875,0.0,0.01552787838467296
20987.922755017,68.8,109.0,109.0,7977.5859375,0.0,0.0
20988.934813664,60.9,107.0,107.0,7977.5859375,0.0,0.0
20989.939500857,51.0,101.5,101.5,7977.5859375,0.0,0.0
20990.945028427,70.0,96.1,96.1,7896.91796875,0.0,0.14373673513501495
20991.95752882,88.1,133.3,133.3,7892.58984375,0.0,0.0
20992.968379377,81.2,135.3,135.3,7892.58984375,0.0,0.0
20993.981784549,84.1,128.0,128.0,7961.8125,0.0,0.0
20994.985566394,78.9,128.7,128.7,7984.00390625,0.0,0.0
20995.98876183,76.2,126.3,126.3,7967.91796875,0.0,0.10123899726333954
20996.998904815,82.1,127.4,127.4,7974.03125,0.0,0.0
20998.009920607,86.7,135.8,135.8,7993.20703125,0.0,0.0
20999.023042123,86.7,125.6,125.6,8007.57421875,0.0,0.0
21000.026840823,70.1,121.4,121.4,7945.8046875,0.0,0.0
21001.031044731,72.6,117.7,117.7,7986.515625,0.0,0.0
21002.047028354,69.1,121.1,121.1,7986.515625,0.0,0.07689592453193927
21003.049547664,63.2,108.6,108.6,7986.515625,0.0,0.12468587762198523
21004.054033321,87.8,88.6,88.6,7986.76953125,0.0,0.05444328609252292
21005.058619563,79.0,110.6,110.6,7986.76953125,0.0,0.05443783491526093
21006.076074616,64.3,105.8,105.8,7998.1640625,0.0,0.0
21007.084049793,68.3,110.4,110.4,7991.93359375,0.0,0.13951236420193708
21008.086254766,68.8,109.8,109.8,7991.93359375,0.0,0.0
21009.088438342,72.6,106.6,106.6,7991.93359375,0.0,0.0
21010.092993721,65.8,110.6,110.6,7991.93359375,0.0,0.04277389868033677
21011.095167613,64.2,105.7,105.7,8011.37109375,0.0,0.0
21012.097691879,67.9,111.7,111.7,7991.93359375,0.0,0.12078884682063762
21013.100398373,68.8,108.7,108.7,7991.93359375,0.0,0.0
21014.102755635,70.1,110.7,110.7,7991.93359375,0.0,0.0
21015.10706681,69.9,106.4,106.4,7991.93359375,0.0,0.0
21016.111628771,67.6,110.5,110.5,7991.93359375,0.0,0.0
21017.117635841,73.4,110.5,110.5,8000.23828125,0.0,0.08542434994998005
21018.123142323,69.2,109.4,109.4,8008.47265625,0.0,0.0077697161976347994
21019.136015897,69.6,104.6,104.6,8011.6953125,0.0,0.0
21020.138977079,68.4,110.7,110.7,7976.5078125,0.0,0.0
21021.141179212,63.2,109.8,109.8,7976.5078125,0.0,0.0
21022.143422418,67.3,110.7,110.7,7976.5078125,0.0,0.0
21023.147032677,70.6,108.6,108.6,7988.94921875,0.0,0.08562835944479803
21024.149223939,70.6,108.7,108.7,7988.94921875,0.0,0.0
21025.152067407,68.2,109.7,109.7,7988.94921875,0.0,0.0
21026.154422814,67.1,110.7,110.7,7988.94921875,0.0,0.0
21027.156719501,69.1,109.7,109.7,7988.94921875,0.0,0.0
21028.159507944,69.9,109.7,109.7,7988.94921875,0.0,0.08569853452113986
21029.161220766,71.0,109.7,109.7,7988.94921875,0.0,0.0
21030.165847335,70.6,111.4,111.4,7988.94921875,0.0,0.0
21031.172042532,64.2,107.4,107.4,7988.94921875,0.0,0.0
21032.179377849,67.8,109.4,109.4,7988.94921875,0.0,0.05428927098775027
21033.18181589,73.7,108.7,108.7,7988.94921875,0.0,0.06234799303673677
21034.18404513,67.6,111.7,111.7,7988.94921875,0.0,0.0
21035.187132056,67.9,109.5,109.5,7988.94921875,0.0,0.0
21036.191631966,68.2,113.5,113.5,7988.94921875,0.0,0.0
21037.197039178,65.0,105.5,105.5,7988.94921875,0.0,0.0
21038.199740949,68.7,109.7,109.7,7988.94921875,0.0,0.05454014501795826
21039.202078375,73.3,104.1,104.1,7988.94921875,0.0,0.0
21040.214299744,69.9,109.0,109.0,7988.94921875,0.0,0.0
21041.222321087,62.5,108.4,108.4,7988.94921875,0.0,0.0
21042.22449782,69.5,109.8,109.8,7988.94921875,0.0,0.0
21043.226674614,71.5,109.7,109.7,7989.1171875,0.0,0.07795530735456
21044.230566403,64.8,105.6,105.6,7989.1171875,0.0,0.0
21045.233286578,66.2,110.7,110.7,7989.1171875,0.0,0.0
21046.235598516,70.6,111.6,111.6,7989.1171875,0.0,0.0
21047.240370666,68.1,103.7,103.7,8019.3046875,0.0,0.0
21048.245439314,66.2,110.5,110.5,7989.1171875,0.0,0.0
21049.247842037,71.8,111.7,111.7,7989.1171875,0.0,0.06624707662535918
21050.250826643,69.3,111.6,111.6,7989.1171875,0.0,0.0
21051.256043877,66.6,103.6,103.6,8017.51171875,0.0,0.0
21052.259703363,63.7,111.6,111.6,7989.1171875,0.0,0.0
21053.261886355,70.8,111.8,111.8,7989.1171875,0.0,0.0
21054.264162404,68.9,108.7,108.7,7989.1171875,0.0,0.12471613995447348
21055.266406185,70.5,110.8,110.8,7989.1171875,0.0,0.0
21056.268583269,69.6,109.3,109.3,7989.1171875,0.0,0.0
21057.279953272,68.0,104.8,104.8,7989.45703125,0.0,0.0
21058.290049803,71.9,117.4,117.4,7990.2578125,0.0,0.0
21059.293475023,63.9,105.6,105.6,7990.2578125,0.0,0.07785831813140644
21060.296745113,69.9,109.7,109.7,7990.2578125,0.0,0.0
21061.298492104,66.4,104.8,104.8,8014.62890625,0.0,0.0
21062.301084038,69.3,114.6,114.6,7990.2578125,0.0,0.0
21063.307667692,67.7,104.4,104.4,8010.0390625,0.0,0.17075083557868906
21064.31064762,64.1,109.7,109.7,7990.2578125,0.0,0.054525019367982416
21065.312883592,68.3,108.8,108.8,7992.40234375,0.0,0.0
21066.315431924,73.4,114.7,114.7,7990.2578125,0.0,0.0
21067.317590277,66.7,107.8,107.8,7990.2578125,0.0,0.0
21068.319770632,68.2,105.5,105.5,8033.1953125,0.0,0.0
21069.325349555,69.7,108.7,108.7,8002.50390625,0.0,0.10876819063927413
21070.327540947,67.4,110.8,110.8,7990.5,0.0,0.0
21071.330360904,67.7,108.2,108.2,7990.5,0.0,0.0
21072.337804765,65.0,105.7,105.7,7990.5,0.0,0.0
21073.3401188,70.6,110.6,110.6,8008.23046875,0.0,0.0
21074.346808962,72.9,112.1,112.1,7990.5,0.0,0.05432406321651927
21075.357081675,68.9,112.2,112.2,7990.5,0.0,0.0
21076.358989789,65.7,104.8,104.8,7990.5,0.0,0.0
21077.361197977,69.0,110.8,110.8,7990.5,0.0,0.0
21078.363440061,69.5,108.6,108.6,7990.5,0.0,0.0
21079.368377924,69.1,106.3,106.3,7990.5,0.0,0.11661168746319964
21080.380043629,70.5,112.9,112.9,7990.5,0.0,0.011583618918836256
21081.382639781,68.9,107.7,107.7,7990.5,0.0,0.0
21082.385432271,70.9,108.3,108.3,7990.5,0.0,0.0
21083.394772175,61.0,108.4,108.4,7990.5,0.0,0.0
21084.397034267,70.4,109.8,109.8,7990.5,0.0,0.11302557574941484
21085.399246851,67.5,110.7,110.7,7990.5,0.0,0.0
21086.40326652,66.3,105.1,105.1,7990.5,0.0,0.0
21087.412830001,67.3,109.5,109.5,8022.74609375,0.0,0.0
21088.420463149,68.9,109.1,109.1,8029.25390625,0.0,0.0
21089.425188068,69.1,110.4,110.4,7990.5,0.0,0.07775760163071715
21090.42919163,67.2,106.9,106.9,7990.5,0.0,0.0
21091.441415075,65.2,110.3,110.3,7990.5,0.0,0.0
21092.447049844,66.7,109.6,109.6,7990.5,0.0,0.0
21093.448764981,68.2,109.8,109.8,8010.171875,0.0,0.0
21094.452289545,70.8,108.6,108.6,8022.18359375,0.0,0.0
21095.456156052,71.5,111.3,111.3,7990.5,0.0,0.062259274080803145
21096.462468787,53.0,101.6,101.6,7990.5,0.0,0.0
21097.465389693,50.7,100.7,100.7,7990.5,0.0,0.0
21098.468200741,77.3,100.2,100.2,7868.36328125,0.0,0.0
21099.481454237,85.7,127.2,127.2,7873.25,0.0,0.0
21100.493460511,81.4,136.1,136.1,7873.30859375,0.0,0.07719813800293573
21101.497633478,84.7,129.7,129.7,7947.203125,0.0,0.0
21102.513066141,75.3,126.5,126.5,7988.7890625,0.0,0.0
21103.522156417,76.7,122.6,122.6,7998.80078125,0.0,0.0
21104.530614732,80.7,125.8,125.8,7929.54296875,0.0,0.0
21105.541709075,84.5,130.6,130.6,7957.82421875,0.0,0.05408743543919971
21106.554104834,83.5,128.9,128.9,8038.66796875,0.0,0.0
21107.559512293,74.0,126.1,126.1,7960.67578125,0.0,0.0
21108.566420304,73.0,114.5,114.5,7991.953125,0.0,0.0
21109.570934045,71.5,121.5,121.5,7976.4375,0.0,0.0
21110.574425215,59.3,110.6,110.6,7960.7890625,0.0,0.0778532012395378
21111.578057149,81.2,84.7,84.7,7972.04296875,0.0,3.6430187961725853
21112.581018375,69.7,109.7,109.7,7960.84765625,0.0,0.0
21113.584058078,63.5,112.7,112.7,7960.84765625,0.0,0.0
21114.586262234,69.8,110.6,110.6,7960.84765625,0.0,0.0
21115.592085128,69.0,109.9,109.9,7960.84765625,0.0,0.05048726799015782
21116.605771739,69.4,111.0,111.0,7960.84765625,0.0,3.849655019264838
21117.61188702,67.0,105.1,105.1,7960.84765625,0.007765014752807673,0.0854151622808844
21118.620861927,72.4,108.5,108.5,7962.3828125,0.0,0.0
21119.623099087,69.8,109.3,109.3,7960.84765625,0.0,0.0
21120.63521705,63.2,111.2,111.2,7960.84765625,0.0,0.0
21121.637405382,71.1,109.8,109.8,7966.625,0.0,0.0779544098702996
21122.639861166,69.7,112.7,112.7,7960.84765625,0.0,0.007793361188282677
21123.642725981,64.1,109.7,109.7,7960.84765625,0.0,0.12464292109000927
21124.644939316,65.1,104.8,104.8,7960.84765625,0.0,0.0
21125.647216622,69.0,109.4,109.4,7962.62890625,0.0,0.0
21126.657498236,68.6,110.1,110.1,7960.84765625,0.0,0.0
21127.662880923,69.0,105.1,105.1,7960.84765625,0.0,0.06216538320006563
21128.673790873,68.8,109.3,109.3,7960.84765625,0.0,0.0038640929392356697
21129.676429993,72.7,107.7,107.7,8030.9140625,0.0,0.0
21130.678620667,68.8,113.6,113.6,7977.9375,0.0,0.0
21131.682757228,65.5,106.3,106.3,7977.9375,0.0,0.0
21132.690582306,65.5,108.4,108.4,7946.796875,0.0,0.07751841237680376
21133.693476169,67.1,110.8,110.8,7951.16796875,0.0,0.0
21134.696062453,69.4,109.7,109.7,7951.78515625,0.0,0.0
21135.698244875,69.8,110.8,110.8,7957.6953125,0.0,0.0
21136.700403619,66.8,111.5,111.5,7957.6953125,0.0,0.0
21137.70854903,69.1,105.0,105.0,7980.59765625,0.0,0.05424564691092568
21138.71473042,65.6,108.7,108.7,7957.6953125,0.0,0.0
21139.716923973,70.1,109.8,109.8,7967.03125,0.0,0.0
21140.719074332,70.4,111.7,111.7,7967.03125,0.0,0.0
21141.721963432,69.3,104.6,104.6,8002.78125,0.0,0.019474984821349232
21142.726699676,72.7,116.3,116.3,7959.67578125,0.0,0.0
21143.733631432,67.5,111.3,111.3,7961.47265625,0.0,0.15517436913610472
21144.739957881,64.0,105.5,105.5,7968.23828125,0.0,0.0
21145.742290153,68.6,108.8,108.8,7947.8359375,0.0,0.0
21146.744530876,70.9,110.7,110.7,7954.171875,0.0,0.16369570327284289
21147.747333567,70.6,109.7,109.7,7955.1796875,0.0,0.0
21148.751061551,66.7,105.6,105.6,7986.66015625,0.0,0.16345314927477822
21149.757166499,70.2,112.4,112.4,7955.1796875,0.0,0.0
21150.760045191,66.8,110.6,110.6,7955.1796875,0.0,0.0
21151.763067624,67.4,110.6,110.6,7955.1796875,0.0,0.0
21152.76756685,67.4,112.6,112.6,7955.1796875,0.0,0.0
21153.770059798,68.3,103.7,103.7,7958.171875,0.0,0.062344578208525916
21154.776363486,66.6,108.4,108.4,7958.609375,0.0,0.0
21155.778546363,69.5,111.5,111.5,7955.1796875,0.0,0.0
21156.783169238,68.9,111.7,111.7,7955.1796875,0.0,0.0
21157.785893789,67.5,109.7,109.7,7955.1796875,0.0,0.124660356500692
21158.788839196,71.4,108.7,108.7,7955.1796875,0.0,0.07789556585513449
21159.791512494,69.9,110.7,110.7,7955.1796875,0.0,0.0
21160.796078289,72.3,109.0,109.0,7955.4921875,0.0,0.0
21161.807736812,69.6,110.2,110.2,7955.33203125,0.0,0.0
21162.810407697,63.3,106.5,106.5,7955.33203125,0.0,0.0
21163.817032691,68.3,109.3,109.3,7955.33203125,0.0,0.05432758010779807
21164.822085496,72.5,114.4,114.4,7955.33203125,0.0,0.0
21165.827985294,64.5,106.5,106.5,7955.33203125,0.0,0.0
21166.830980942,70.3,110.5,110.5,7955.33203125,0.0,0.0
21167.836041962,68.2,109.5,109.5,7955.33203125,0.0,0.0
21168.841047574,69.2,103.5,103.5,7971.12890625,0.0,0.0
21169.845331899,64.3,109.6,109.6,7980.9296875,0.0,0.07779171501049367
21170.84803631,69.4,108.5,108.5,7972.2265625,0.0,0.0
21171.854361168,72.5,111.6,111.6,7955.33203125,0.0,0.0
21172.870618453,67.3,108.1,108.1,7955.33203125,0.0,0.0038437608838449632
21173.872903385,67.3,112.7,112.7,7955.33203125,0.0,0.0
21174.875895242,69.7,110.5,110.5,7955.33203125,0.0,0.05841896879927271
21175.881613426,67.6,110.4,110.4,7955.33203125,0.0,0.0
21176.885952781,69.6,104.6,104.6,7977.875,0.0,0.0
21177.892546258,71.1,111.0,111.0,7955.33203125,0.0,0.0038806629381617965
21178.900536645,71.0,104.4,104.4,7989.3125,0.0,0.0
21179.908048694,67.7,110.8,110.8,7984.28515625,0.0,0.08917387150770816
21180.91776221,68.0,112.1,112.1,7964.82421875,0.0,0.0
21181.924078926,67.5,109.5,109.5,7964.82421875,0.0,0.0
21182.927026338,65.8,104.7,104.7,7992.2734375,0.0,0.0
21183.929915571,65.7,111.7,111.7,7964.82421875,0.0,0.0
21184.93205604,69.6,109.7,109.7,7964.82421875,0.0,0.0
21185.934994785,67.1,109.7,109.7,7964.82421875,0.0,0.054527258292456714
21186.937781194,70.9,111.7,111.7,7947.8359375,0.0,0.0
21187.940619098,70.8,108.7,108.7,7947.8359375,0.0,0.0
21188.943853112,71.4,105.4,105.4,7951.51171875,0.0,0.0
21189.952954218,65.5,114.2,114.2,7951.51171875,0.0,0.0
21190.958042084,67.4,105.5,105.5,7951.51171875,0.0,0.07772952260471258
21191.961083631,69.6,110.7,110.7,7951.51171875,0.0,0.0
21192.963705007,70.1,110.7,110.7,7951.51171875,0.0,0.0
21193.966054047,68.8,110.7,110.7,7951.51171875,0.0,0.0
21194.968397763,67.3,108.8,108.8,7951.51171875,0.0,0.0
21195.970943881,63.6,111.6,111.6,7951.51171875,0.0,0.0
21196.977046565,64.4,104.5,104.5,7951.51171875,0.0,0.05435578382766037
21197.979658918,67.8,109.7,109.7,7953.140625,0.0,0.0
21198.982327829,74.4,110.7,110.7,7965.0,0.0,0.0
21199.985283705,67.0,110.7,110.7,7951.51171875,0.0,0.0
21200.988340601,68.9,111.7,111.7,7951.51171875,0.0,0.0
21201.991224973,70.0,111.7,111.7,7951.51171875,0.0,0.0779003065370919
21202.993401016,65.2,108.7,108.7,7951.51171875,0.0,0.0
21203.996085804,50.6,99.8,99.8,7951.51171875,0.0,0.007791581256143286
21204.999101752,59.4,86.4,86.4,7915.78515625,0.0,0.0
21206.01162077,80.9,136.1,136.1,7910.8125,0.0,0.0
21207.022723099,80.4,132.7,132.7,7917.93359375,0.0,0.09658394328577823
21208.029353851,79.3,131.9,131.9,7913.6328125,0.0,0.0
21209.042583154,84.5,122.5,122.5,7962.203125,0.0,0.0077104955185046615
21210.049215605,75.3,124.7,124.7,7954.42578125,0.0,0.0
21211.051324348,78.4,122.1,122.1,7977.89453125,0.0,0.015592120225569415
21212.062968677,84.1,130.2,130.2,7960.58984375,0.0,0.0
21213.07903196,88.3,131.7,131.7,8009.7109375,0.0,0.11917933855730006
21214.098962212,81.7,132.5,132.5,7970.69921875,0.0,0.0
21215.1026884,69.7,116.1,116.1,7970.69921875,0.0,0.0
21216.114039094,71.4,121.2,121.2,7985.65625,0.0,0.0
21217.116142777,69.3,121.9,121.9,7985.65625,0.0,0.0
21218.129274257,63.9,78.2,78.2,8020.76953125,0.0,0.35857266028227425
21219.139146124,84.2,111.6,111.6,7985.65625,0.0,0.007736129954015832
21220.153897731,67.8,109.9,109.9,7985.65625,0.0,0.0
21221.158669035,67.0,103.5,103.5,8021.5390625,0.0,0.0
21222.163051859,66.4,112.2,112.2,8000.76171875,0.0,0.0
21223.173497152,70.6,114.3,114.3,7988.33203125,0.0,0.08504913684601632
21224.176074829,64.9,105.7,105.7,7988.33203125,0.0,0.007792413674511968
21225.178867677,69.1,108.7,108.7,7988.33203125,0.0,0.0
21226.181047825,68.1,112.7,112.7,7988.33203125,0.0,0.0
21227.183866194,68.7,108.7,108.7,7988.33203125,0.0,0.04674326024448973
21228.18674222,70.5,111.7,111.7,7988.33203125,0.0,0.10906133675956595
21229.188969244,71.2,108.7,108.7,7988.33203125,0.0,0.007795140036051646
21230.191983231,71.2,108.6,108.6,7993.7265625,0.0,0.0
21231.196631209,69.0,110.6,110.6,7996.421875,0.0,0.0
21232.199531602,68.9,106.7,106.7,7996.421875,0.0,0.0
21233.208443927,66.5,107.1,107.1,7976.01171875,0.0,0.08517836274822141
21234.210617866,66.3,110.7,110.7,7981.82421875,0.0,0.0
21235.213515454,69.2,109.7,109.7,7981.82421875,0.0,0.00778992799810124
21236.2161687,70.7,109.7,109.7,7981.82421875,0.0,0.0
21237.218850106,70.5,109.7,109.7,7981.82421875,0.0,0.0
21238.221662068,69.3,107.6,107.6,7981.82421875,0.0,0.08569652462920005
21239.225783848,69.5,104.7,104.7,7988.88671875,0.0,0.0
21240.227929881,69.8,110.7,110.7,8006.67578125,0.0,0.0
21241.230493731,65.4,110.7,110.7,7985.61328125,0.0,0.007792521144655291
21242.233288003,71.4,110.0,110.0,7985.61328125,0.0,0.0
21243.246063082,65.7,107.3,107.3,8009.61328125,0.0,0.11185232767781167
21244.250419211,72.9,111.2,111.2,7985.61328125,0.0,0.0
21245.257872784,67.9,111.5,111.5,7996.7421875,0.0,0.0
21246.261075854,67.1,111.7,111.7,7996.7421875,0.0,0.0
21247.263802103,70.7,109.6,109.6,7976.01171875,0.0,0.0077912590877013774
21248.268032999,60.7,105.7,105.7,7976.01171875,0.0,0.0
21249.270394885,74.6,105.8,105.8,7985.28515625,0.0,0.06235272996007282
21250.272645676,69.2,108.8,108.8,7985.28515625,0.0,0.0
21251.274874219,67.8,107.7,107.7,7985.28515625,0.0,0.0
21252.277654709,70.0,109.6,109.6,7986.91015625,0.0,0.0
21253.281076667,69.4,112.5,112.5,7985.28515625,0.0,0.007785857123919175
21254.286022769,60.9,105.6,105.6,7985.28515625,0.0,0.08551453638066919
21255.288905751,69.3,109.7,109.7,7985.28515625,0.0,0.0
21256.291159833,70.5,111.8,111.8,7985.28515625,0.0,0.0
21257.293350834,69.1,108.8,108.8,7985.28515625,0.0,0.0
21258.295552958,69.6,108.7,108.7,7985.28515625,0.0,0.0
21259.297973185,75.1,110.7,110.7,7985.28515625,0.0,0.08573001390566301
21260.301071135,68.4,105.6,105.6,7985.28515625,0.0,0.0
21261.30675962,63.0,109.6,109.6,7985.28515625,0.0,0.0
21262.308924771,67.8,109.8,109.8,7985.28515625,0.0,0.0
21263.311064445,68.8,109.8,109.8,7985.28515625,0.0,0.0
21264.31326334,70.7,108.8,108.8,7985.28515625,0.0,0.12472574119140896
21265.315411451,69.3,109.8,109.8,7985.28515625,0.0,0.011693630783066383
21266.317738721,69.0,112.6,112.6,7985.28515625,0.0,0.0
21267.322280215,61.9,105.6,105.6,7985.28515625,0.0,0.0
21268.324512019,68.5,108.8,108.8,7985.28515625,0.0,0.0
21269.327225041,71.7,110.4,110.4,7987.03515625,0.0,0.124661789821588
21270.334736948,70.8,109.8,109.8,7991.55078125,0.0,0.0
21271.347833054,72.4,108.9,108.9,7991.55078125,0.0,0.007711509257356805
21272.356858767,62.4,108.4,108.4,7991.5625,0.0,0.0
21273.359474577,67.7,109.9,109.9,7991.5546875,0.0,0.0
21274.372955801,70.4,111.2,111.2,7991.55078125,0.0,0.1426087100352299
21275.376874206,71.1,108.9,108.9,7991.55078125,0.0,0.0
21276.38988902,64.4,108.3,108.3,7991.55078125,0.0,0.0
21277.393130367,69.2,110.7,110.7,7991.55078125,0.0,0.007787258792077188
21278.39488272,70.0,109.7,109.7,7991.55078125,0.0,0.0
21279.398570415,69.8,110.5,110.5,7991.55078125,0.0,0.10508124242772379
21280.402980158,66.1,107.3,107.3,7991.55078125,0.0,0.0
21281.413683143,69.8,113.1,113.1,7991.55078125,0.0,0.0
21282.419336141,69.3,113.3,113.3,7991.55078125,0.0,0.0
21283.424040028,66.3,105.1,105.1,8013.09375,0.0,0.007775922937184504
21284.432143895,65.6,110.7,110.7,7991.55078125,0.0,0.06199757985852998
21285.434275539,67.9,111.8,111.8,7991.55078125,0.0,0.0
21286.436433255,71.6,110.8,110.8,7991.55078125,0.0,0.0
21287.438634093,70.2,109.7,109.7,7991.55078125,0.0,0.0
21288.441435002,73.7,110.7,110.7,7991.55078125,0.0,0.007790679017009859
21289.443835997,68.4,104.8,104.8,7991.55078125,0.0,0.08573165871613793
21290.462209008,65.3,109.0,109.0,8015.4765625,0.0,0.0
21291.464762396,66.1,108.7,108.7,7991.55078125,0.0,0.0
21292.467350177,68.5,109.6,109.6,7991.55078125,0.0,0.0
21293.473046598,65.4,105.5,105.5,8011.45703125,0.0,0.007768248784506309
21294.475571945,69.3,108.5,108.5,8015.46875,0.0,0.06234256339448398
21295.482597521,69.3,114.8,114.8,7991.55078125,0.0,0.0
21296.490355375,68.7,107.0,107.0,7991.55078125,0.0,0.0
21297.504230107,72.4,115.6,115.6,7993.69140625,0.0,0.0
21298.517941241,72.1,106.5,106.5,7991.55078125,0.0,0.0
21299.528184825,64.5,107.5,107.5,7991.55078125,0.0,0.007733283461255457
21300.530340129,65.7,108.8,108.8,7991.55078125,0.0,0.08575267691254825
21301.532556369,69.2,111.7,111.7,7991.55078125,0.0,0.0
21302.535647877,70.9,110.7,110.7,8025.015625,0.0,0.0
21303.537835283,66.5,109.7,109.7,7991.55078125,0.0,0.12472717103767139
21304.540588153,71.1,110.7,110.7,7991.55078125,0.0,0.0
21305.542464306,71.4,110.7,110.7,8015.38671875,0.0,0.06238296002234771
21306.54522147,70.5,111.7,111.7,7991.55078125,0.0,0.0
21307.548113497,69.8,109.7,109.7,7991.60546875,0.0,0.0
21308.551089713,65.3,105.2,105.2,7994.390625,0.0,0.0
21309.558616026,63.5,108.7,108.7,7991.60546875,0.0,0.0
21310.560790754,51.0,100.8,100.8,7991.60546875,0.0,0.08964878826992217
21311.563097223,56.0,85.7,85.7,7961.56640625,0.0,0.007794522176234989
21312.567104174,84.8,129.9,129.9,7936.92578125,0.0,0.0
21313.58013711,85.3,126.8,126.8,7931.984375,0.0,0.0
21314.586353923,82.7,133.2,133.2,7931.984375,0.0,0.0
21315.592384661,82.8,133.2,133.2,7975.51171875,0.0,0.062125338361354816
21316.600888264,74.1,120.9,120.9,8007.64453125,0.0,0.007746625769838996
21317.6060384,77.0,126.9,126.9,7986.19140625,0.0,0.0
21318.618056937,84.5,122.9,122.9,8020.01171875,0.0,0.0
21319.625654289,84.8,131.9,131.9,8031.62890625,0.0,0.0
21320.632147678,84.2,130.7,130.7,7977.1953125,0.0,0.0
21321.643826576,68.3,119.7,119.7,7954.5859375,0.0,0.08494543097595834
21322.651940273,71.8,117.5,117.5,8031.73046875,0.0,0.00774962191590801
21323.655659702,69.1,121.6,121.6,7963.8125,0.0,0.007783549639762412
21324.659249465,60.7,88.7,88.7,8040.3828125,0.0,0.05449188704007659
21325.661887716,77.4,96.8,96.8,7963.8125,0.0,0.07402345753908982
21326.664110691,67.2,109.8,109.8,7963.8125,0.0,0.28452376079304653
21327.666336335,69.6,110.7,110.7,7963.8125,0.0,0.015590301538883366
21328.669323601,77.8,110.6,110.6,7963.8125,0.0,0.0
21329.673889207,70.3,109.6,109.6,7963.8125,0.0,0.0
21330.677034387,64.5,108.7,108.7,7963.8125,0.015576010642810301,0.1401840957852927
21331.679254804,67.5,108.8,108.8,7963.8125,0.0,0.10523508423017142
21332.68148985,71.1,109.7,109.7,7963.8125,0.0,0.03118031057151073
21333.68405725,70.0,109.7,109.7,7965.3125,0.0,0.011688740328093899
21334.686829875,69.0,109.6,109.6,7965.3125,0.0,0.0
21335.69035016,68.6,107.9,107.9,7965.3125,0.0,0.0077850942495081765
21336.707549463,68.2,111.6,111.6,7965.3125,0.0,0.0
21337.712673942,71.2,110.1,110.1,7965.3125,0.0,0.1127037022449101
21338.724037527,68.3,104.1,104.1,7965.3125,0.0,0.003862359746706207
21339.733096158,68.3,109.5,109.5,7965.3125,0.0,0.007742364774442561
21340.748045169,69.0,115.0,115.0,7965.3125,0.0,0.0
21341.752903151,70.5,107.6,107.6,7997.515625,0.0,0.050535748244694936
21342.758881179,68.5,110.4,110.4,7965.3125,0.0,0.08542681610117647
21343.761061668,69.4,110.7,110.7,7965.3125,0.0,0.0
21344.764240237,69.3,108.9,108.9,7975.49609375,0.0,0.007787746111623972
21345.775040212,66.1,105.4,105.4,8002.64453125,0.0,0.0
21346.780698647,67.8,111.6,111.6,8012.83203125,0.0,0.0
21347.783517947,69.0,111.5,111.5,7972.078125,0.0,0.06232428913166181
21348.787615402,63.6,103.7,103.7,7972.078125,0.0,0.0
21349.789840262,71.3,109.7,109.7,7972.078125,0.0,0.0
21350.792625665,70.6,110.5,110.5,7972.078125,0.0,0.00779079948376354
21351.79731699,67.9,112.5,112.5,7972.078125,0.0,0.0
21352.805936522,67.3,109.5,109.5,7972.390625,0.0,0.08520308924574645
21353.828965729,72.1,109.1,109.1,7972.078125,0.0,0.0
21354.831115631,76.2,108.7,108.7,7972.078125,0.0,0.0
21355.847107472,72.1,111.1,111.1,7978.8984375,0.0,0.007689530254807733
21356.856038916,67.2,105.2,105.2,8005.52734375,0.0,0.05033171510506164
21357.859558279,62.6,110.6,110.6,7978.8984375,0.0,0.1128839703316106
21358.862556779,71.4,105.7,105.7,7954.984375,0.0,0.0
21359.864752367,66.3,109.7,109.7,7954.984375,0.0,0.0
21360.86808658,69.5,110.7,110.7,7959.26171875,0.0,0.007786538023689211
21361.870884432,66.7,106.5,106.5,8000.21875,0.0,0.0
21362.876846978,65.4,110.4,110.4,7964.53125,0.0,0.12425909940367784
21363.881419573,66.7,109.7,109.7,7964.53125,0.0,0.08554633127332095
21364.884444797,69.0,108.0,108.0,7965.49609375,0.0,0.0
21365.896664423,67.1,111.2,111.2,7965.49609375,0.0,0.007718186645804631
21366.901181669,68.2,106.7,106.7,7987.35546875,0.0,0.0
21367.908064783,66.7,110.2,110.2,7965.49609375,0.0,0.0
21368.910532987,74.6,109.7,109.7,7966.71875,0.0,0.06234611706457446
21369.913248532,66.1,111.6,111.6,7966.71875,0.0,0.0
21370.917321951,65.0,105.7,105.7,7966.71875,0.0,0.0
21371.919567765,69.9,111.7,111.7,7966.71875,0.0,0.007794993893603838
21372.922015919,70.1,107.7,107.7,7966.71875,0.0,0.0
21373.924631619,67.6,108.3,108.3,7966.71875,0.0,0.08960935880024924
21374.933271878,65.8,110.4,110.4,7966.71875,0.0,0.0
21375.936776282,71.3,107.8,107.8,7966.71875,0.0,0.0
21376.938954092,64.9,109.8,109.8,7966.71875,0.0,0.0077955228324350905
21377.941150935,67.8,109.6,109.6,7966.71875,0.0,0.0
21378.945391982,71.6,107.1,107.1,7966.71875,0.0,0.08168482083553436
21379.95706838,62.4,106.2,106.2,7975.30859375,0.0,0.0
21380.9614606,68.3,109.5,109.5,7966.71875,0.0,0.0
21381.964674048,70.3,109.7,109.7,7966.71875,0.0,0.0
21382.967611966,72.2,111.7,111.7,7966.71875,0.0,0.007789614750600182
21383.969964139,74.8,110.6,110.6,7966.71875,0.0,0.08573583448499511
21384.975036308,65.0,109.0,109.0,7966.71875,0.0,0.0
21385.984047026,68.6,110.6,110.6,7966.71875,0.0,0.0
21386.986201553,64.1,105.8,105.8,7966.71875,0.0,0.0
21387.988566463,68.3,108.8,108.8,7966.71875,0.0,0.007794067731307383
21388.990274759,78.2,109.4,109.4,7966.71875,0.0,0.08579094367406066
21389.99670116,69.4,110.6,110.6,7966.71875,0.0,0.0
21390.99942937,69.3,108.7,108.7,7966.71875,0.0,0.0
21392.002308273,68.6,109.5,109.5,7966.71875,0.0,0.0
21393.006544987,69.0,110.5,110.5,7966.71875,0.0,0.0
21394.011363552,71.5,110.6,110.6,7972.42578125,0.0,0.12051305003535173
21395.014456793,70.6,110.7,110.7,7954.984375,0.0,0.0
21396.017659684,68.5,108.7,108.7,7959.94140625,0.0,0.0
21397.020696502,69.1,109.6,109.6,7961.01171875,0.0,0.0
21398.024643605,69.9,109.6,109.6,7961.01171875,0.0,0.12450855192124596
21399.027065888,72.2,109.7,109.7,7961.01171875,0.0,0.011690432464182172
21400.031031729,70.2,106.1,106.1,7965.4375,0.0,0.1245062280960212
21401.041893735,67.1,109.3,109.3,7983.0625,0.0,0.0
21402.045580404,65.0,110.7,110.7,7965.4375,0.0,0.0
21403.04783985,67.3,108.7,108.7,7965.4375,0.0,0.0
21404.050560704,68.5,110.6,110.6,7965.4375,0.0,0.0
21405.054939457,67.8,109.4,109.4,7965.4375,0.0,0.12445504211084024
21406.061051262,65.3,106.3,106.3,7965.4375,0.0,0.0
21407.066054324,72.5,114.7,114.7,7974.796875,0.0,0.0
21408.068188958,64.7,106.6,106.6,7965.4375,0.0,0.0
21409.072756777,69.8,104.2,104.2,7965.4375,0.0,0.0
21410.083059934,69.1,113.5,113.5,7967.07421875,0.0,0.08506110211038699
21411.098925381,62.7,103.9,103.9,7965.4375,0.0,0.0
21412.103987451,72.1,109.7,109.7,7972.5625,0.0,0.0
21413.106586552,67.4,109.8,109.8,7965.65234375,0.0,0.0
21414.108262629,69.8,109.8,109.8,7965.65234375,0.0,0.0
21415.110447991,70.7,111.7,111.7,7970.95703125,0.0,0.06236371271216767
21416.113362222,70.3,109.7,109.7,7970.95703125,0.0,0.007789798727055407
21417.11611977,64.1,106.1,106.1,7970.95703125,0.0,0.0
21418.129056868,53.4,103.9,103.9,7970.95703125,0.0,0.0
21419.134965968,54.1,98.7,98.7,7970.95703125,0.0,0.007766606346436093
21420.137424292,80.2,109.3,109.3,7970.95703125,0.0,0.07793341441713776
21421.145535602,88.7,130.8,130.8,7932.80078125,0.0,0.0
21422.157492878,88.6,133.1,133.1,7940.79296875,0.0,0.007720187586276856
21423.163557344,88.9,130.8,130.8,7981.92578125,0.0,0.0
21424.173033915,75.5,128.2,128.2,7981.37109375,0.0,0.0
21425.177290457,75.4,123.9,123.9,7991.32421875,0.0,0.019448466784351935
21426.185989611,83.1,130.4,130.4,7991.32421875,0.0,0.08132380172484242
21427.189553972,85.1,133.6,133.6,8005.125,0.0,0.007784752332399463
21428.195987071,83.3,134.1,134.1,7963.1796875,0.0,0.0
21429.200775785,71.8,113.3,113.3,8019.16015625,0.0,0.0
21430.205564878,73.1,120.7,120.7,8011.85546875,0.0,0.0
21431.207704147,68.3,120.7,120.7,7998.34765625,0.0,0.08575404902133854
21432.211297135,65.6,74.7,74.7,7998.34765625,0.0,0.05449171193294824
21433.21651492,77.0,113.4,113.4,7998.34765625,0.0,0.007771947648131852
21434.221416677,67.3,110.5,110.5,7998.34765625,0.0,0.0
21435.226357287,69.7,108.6,108.6,7998.34765625,0.0,0.0
21436.229092053,69.8,111.6,111.6,7998.34765625,0.0,0.027269175186857054
21437.233110559,69.9,109.6,109.6,7998.34765625,0.0,0.16340585260107882
21438.235872391,68.9,110.6,110.6,7998.34765625,0.0,0.00779098261488833
21439.240256641,73.0,105.2,105.2,7998.34765625,0.0,0.0
21440.255042967,66.3,110.8,110.8,8026.08203125,0.0,0.0
21441.258574612,66.4,108.7,108.7,7998.34765625,0.0,0.0
21442.261074446,70.0,110.7,110.7,7998.34765625,0.0,0.08572320621440005
21443.263804032,68.7,106.9,106.9,7998.34765625,0.0,0.0
21444.278875372,68.5,111.9,111.9,7998.34765625,0.0,0.007696503380738893
21445.284436498,68.9,109.5,109.5,7998.34765625,0.0,0.0
21446.289034513,69.9,106.8,106.8,7998.34765625,0.0,0.0
21447.304051374,68.2,109.2,109.2,8022.36328125,0.0,0.061575331801211296
21448.308036588,67.6,108.6,108.6,8001.0859375,0.0,0.0
21449.310849245,69.9,110.7,110.7,8001.0859375,0.268775277334886,0.0
21450.31359573,69.1,109.6,109.6,8001.0859375,0.0,0.007791101855627221
21451.318156144,70.0,107.4,107.4,8007.0234375,0.0,0.0077770335075171915
21452.323873626,63.9,106.6,106.6,8001.0859375,0.0,0.077680861075101
21453.326274987,65.0,110.7,110.7,8001.0859375,0.0,0.0
21454.328415469,68.5,110.8,110.8,8001.0859375,0.0,0.0
21455.33075677,69.4,108.7,108.7,8001.0859375,0.0,0.0
21456.33350176,69.7,110.7,110.7,8001.0859375,0.0,0.031164453885703592
21457.335842285,69.1,109.7,109.7,8001.0859375,0.0,0.09353108814995889
21458.338603947,71.7,110.7,110.7,8001.0859375,0.0,0.1246557429716653
21459.341025966,71.7,109.7,109.7,8001.0859375,0.0,0.0
21460.343939617,68.8,110.7,110.7,8001.0859375,0.0,0.0
21461.346904529,64.8,106.7,106.7,8007.0,0.0,0.011684107649015051
21462.352718327,71.2,110.2,110.2,8001.0859375,0.0,0.12427747585923958
21463.360523,67.8,109.3,109.3,8001.0859375,0.0,0.0
21464.362702765,66.0,109.8,109.8,8001.0859375,0.0,0.0
21465.364540346,68.4,111.7,111.7,8021.08203125,0.0,0.0
21466.367588746,65.8,111.7,111.7,7987.6796875,0.0,0.0
21467.370459461,69.6,111.6,111.6,7990.76953125,0.0,0.11685205106449736
21468.376037909,66.6,106.5,106.5,7990.76953125,0.0,0.0
21469.382040992,68.2,109.3,109.3,7993.15625,0.0,0.0
21470.384885759,70.9,109.7,109.7,7997.25390625,0.0,0.0
21471.388680013,69.5,111.3,111.3,8009.96484375,0.0,0.0
21472.403282273,62.1,104.7,104.7,7997.25390625,0.0,0.08855070951628227
21473.406066235,69.2,110.7,110.7,8038.234375,0.0,0.0
21474.408750921,68.4,111.7,111.7,7997.25390625,0.0,0.0
21475.540404149,68.4,109.5,109.5,7997.25390625,0.0,0.0
21476.545043932,63.8,105.6,105.6,7997.25390625,0.0,0.0
21477.550060267,70.1,109.5,109.5,7997.25390625,0.0,0.007773505492335436
21478.556296402,69.3,108.3,108.3,7997.25390625,0.0,0.10093306776354326
21479.558854656,70.1,112.7,112.7,7997.25390625,0.0,0.0
21480.561690365,69.2,109.7,109.7,7997.25390625,0.0,0.0
21481.564640208,68.8,107.2,107.2,7997.25390625,0.0,0.0
21482.57612996,67.2,113.1,113.1,7997.31640625,0.0,0.0
21483.582048018,70.4,106.4,106.4,8024.83203125,0.0,0.09319844619000993
21484.586379316,63.7,110.6,110.6,8002.6796875,0.0,0.0
21485.589042855,68.5,110.7,110.7,8002.6796875,0.0,0.0
21486.591991491,68.8,104.6,104.6,8040.328125,0.0,0.0
21487.599199484,69.7,110.6,110.6,8002.6796875,0.0,0.0
21488.612625681,66.2,109.3,109.3,8002.6796875,0.0,0.0
21489.614888324,69.1,110.7,110.7,8002.6796875,0.0,0.08574349308557484
21490.617557155,69.4,107.2,107.2,8002.6796875,0.0,0.0
21491.629189894,62.7,108.1,108.1,8002.6796875,0.0,0.0
21492.637622009,66.3,110.2,110.2,8002.6796875,0.0,0.0
21493.641045719,69.5,109.6,109.6,8002.6796875,0.0,0.019464608824107468
21494.643898112,69.9,109.7,109.7,8003.26171875,0.0,0.08958820921901785
21495.646065114,69.8,108.8,108.8,8004.84765625,0.0,0.0
21496.64836807,68.1,109.8,109.8,8002.6796875,0.0,0.0
21497.650561563,69.2,109.7,109.7,8002.6796875,0.0,0.0
21498.653295522,72.7,107.1,107.1,8002.6796875,0.0,0.0
21499.665051139,64.5,106.1,106.1,8017.16796875,0.0,0.08493898976785888
21500.670755809,69.2,112.9,112.9,8002.6796875,0.0,0.007768185067701316
21501.683046626,68.5,110.7,110.7,8002.6796875,0.0,0.0
21502.695312167,71.9,110.6,110.6,8002.93359375,0.0,0.0
21503.706436058,67.4,108.9,108.9,8003.70703125,0.0,0.038632753461486084
21504.71667354,66.9,112.3,112.3,8002.6796875,0.0,0.061866641372667695
21505.718914139,66.9,105.7,105.7,8006.28515625,0.0,0.007795034453581914
21506.722691622,71.0,111.1,111.1,8008.12109375,0.0,0.0
21507.732249976,64.9,111.4,111.4,8007.5546875,0.0,0.0
21508.736496732,68.3,104.5,104.5,8007.5546875,0.0,0.0
21509.739053199,66.6,110.7,110.7,7987.6796875,0.0,0.08571836383161147
21510.741335392,68.9,105.8,105.8,8020.73046875,0.0,0.031178843860802115
21511.74404479,69.6,110.7,110.7,7992.921875,0.0,0.0077913900234339644
21512.747044896,69.9,109.6,109.6,8006.421875,0.0,0.0
21513.752120228,66.5,107.5,107.5,8035.85546875,0.0,0.007773049194690436
21514.755145166,65.2,109.7,109.7,8006.421875,0.0,0.0
21515.758066048,68.6,109.8,109.8,7987.6796875,0.0,0.06231797654394351
21516.767991595,69.0,111.4,111.4,7994.1796875,0.0,0.0
21517.774576054,69.5,108.6,108.6,7994.1796875,0.0,0.007761395410146965
21518.776745793,74.6,108.7,108.7,7994.1796875,0.6197490563021809,0.12472936982182257
21519.779578553,71.4,110.7,110.7,7994.1796875,0.0,0.0
21520.781599408,68.7,107.0,107.0,7994.1796875,0.0,0.08576418302180631
21521.796947623,67.3,115.1,115.1,7994.1796875,0.0,0.0
21522.79921182,64.0,104.8,104.8,7994.1796875,0.0,0.00779485092190644
21523.801652389,69.4,109.7,109.7,7994.1796875,0.0,0.0
21524.803902563,56.9,104.7,104.7,7994.1796875,0.0,0.0
21525.807338668,51.5,100.6,100.6,7994.1796875,0.0,0.06228597883656286
21526.811775011,73.0,99.0,99.0,7928.546875,0.0,0.0
21527.824224336,83.5,129.1,129.1,7934.22265625,0.0,0.011574653378325223
21528.827733584,85.7,128.2,128.2,7927.3046875,0.0,0.0
21529.837298632,86.8,126.1,126.1,8016.15234375,0.0,0.0
21530.842738666,76.5,128.4,128.4,8028.30859375,0.0,0.0
21531.848060723,77.0,127.4,127.4,7996.22265625,0.0,0.1243382646680635
21532.850579928,82.2,127.7,127.7,7974.24609375,0.0,0.0
21533.867023395,85.2,130.6,130.6,8006.08984375,0.0,0.007686113643933885
21534.872733986,84.7,132.5,132.5,8022.30859375,0.0,0.0
21535.87687878,71.2,121.5,121.5,7984.3828125,0.0,0.0
21536.88043361,71.0,117.1,117.1,7995.2421875,0.0,0.06227861012834426
21537.891281557,69.4,121.1,121.1,7995.2421875,0.0,0.0
21538.894440634,63.3,107.6,107.6,7995.2421875,0.0,0.0
21539.901038428,83.9,83.5,83.5,7998.51953125,0.0,0.13970326662576138
21540.903414811,69.8,111.6,111.6,7995.2421875,0.0,0.0038969892609709927
21541.907283983,69.4,109.6,109.6,7995.2421875,0.0,0.33075151549724
21542.910276972,68.9,107.4,107.4,8001.65234375,0.0,0.0
21543.920739678,68.9,107.5,107.5,8009.0234375,0.0,0.0
21544.934063125,69.1,108.2,108.2,8034.95703125,0.0,0.019274447914728564
21545.936809665,68.2,107.7,107.7,7996.86328125,0.00779110142829837,0.1830908835650117
21546.938956192,66.4,111.8,111.8,7996.86328125,0.0,0.05457036324189329
21547.941341943,67.7,110.6,110.6,7996.86328125,0.0,0.0
21548.946057712,65.6,103.6,103.6,7996.86328125,0.0,0.0
21549.948230977,68.9,109.7,109.7,7996.86328125,0.0,0.0
21550.951124093,69.1,108.7,108.7,7996.86328125,0.0,0.015579925468327586
21551.953579479,67.6,106.0,106.0,7996.86328125,0.0,0.0
21552.972043285,62.7,108.7,108.7,7999.984375,0.0,0.08821496598165764
21553.97505557,70.3,109.7,109.7,7996.86328125,0.0,0.0
21554.977624134,70.8,109.7,109.7,7996.86328125,0.0,0.0
21555.980685184,67.3,107.3,107.3,7999.3125,0.0,0.0
21556.987657506,69.4,114.3,114.3,8000.65625,0.0,0.007758405895884362
21557.993061322,67.7,110.5,110.5,8000.65625,0.0,0.062164076767472244
21558.998062011,67.4,102.6,102.6,8000.65625,0.0,0.0
21560.000273126,66.7,111.8,111.8,8000.65625,0.0,0.0
21561.002515515,68.3,109.7,109.7,8000.65625,0.0,0.0
21562.005145874,70.5,110.7,110.7,8000.65625,0.0,0.007792004231525448
21563.007980776,67.9,108.7,108.7,8000.65625,0.0,0.08569456430830046
21564.010167904,66.2,108.6,108.6,8000.65625,0.0,0.0
21565.014957153,66.4,109.0,109.0,8000.66015625,0.0,0.0
21566.027808625,72.0,110.2,110.2,8003.18359375,0.0,0.0
21567.033889986,70.6,109.3,109.3,8000.65625,0.0,0.0
21568.036896422,67.9,109.7,109.7,8000.65625,0.0,0.07010174359440549
21569.039326729,72.2,110.5,110.5,8000.65625,0.0,0.0
21570.044401175,70.2,108.9,108.9,8000.65625,0.0,0.0
21571.05738095,62.9,106.3,106.3,8000.65625,0.0,0.0
21572.060142978,67.8,109.7,109.7,8000.65625,0.0,0.0
21573.062316332,71.5,108.7,108.7,8000.65625,0.0,0.16760448611941126
21574.065054673,69.4,110.6,110.6,8000.65625,0.0,0.0077911651330946855
21575.068279853,66.2,110.7,110.7,8000.65625,0.0,0.0
21576.070445022,63.1,104.8,104.8,8000.65625,0.0,0.0
21577.072722594,72.4,113.8,113.8,8000.65625,0.0,0.0038973734513575334
21578.074416025,63.0,104.6,104.6,8000.65625,0.0,0.03509681596382438
21579.079253908,73.2,107.6,107.6,8000.65625,0.0,0.062199088089136156
21580.083766728,68.8,106.8,106.8,8002.54296875,0.0,0.00777740198477549
21581.095820572,72.0,112.4,112.4,8002.54296875,0.0,0.0
21582.098861767,66.5,106.3,106.3,8039.65625,0.0,0.007788812701761376
21583.114050469,68.5,110.3,110.3,8003.01171875,0.0,0.0
21584.123889975,69.8,111.1,111.1,8003.01171875,0.0,0.07736377863610829
21585.129958516,66.0,109.7,109.7,8003.01171875,0.0,0.0
21586.133063831,66.3,110.6,110.6,8004.25390625,0.0,0.007788314829153359
21587.139235114,68.8,111.2,111.2,8004.25390625,0.0,0.0
21588.143979746,64.3,110.6,110.6,8004.25390625,0.0,0.0
21589.146156598,66.8,104.8,104.8,8004.25390625,0.0,0.06236424227458654
21590.148319763,71.6,111.7,111.7,8004.25390625,0.0,0.0
21591.150749568,73.7,109.6,109.6,8030.828125,0.0,0.0
21592.159885973,67.0,109.1,109.1,8004.25390625,0.0,0.0077417680714938234
21593.161755173,67.4,111.8,111.8,8004.36328125,0.0,0.0
21594.16401044,69.0,109.8,109.8,8004.36328125,0.0,0.08574412410663305
21595.166179241,69.7,108.3,108.3,8004.36328125,0.0,0.0
21596.176221103,64.3,105.4,105.4,8004.36328125,0.0,0.0
21597.178821503,64.8,111.7,111.7,8004.36328125,0.0,0.011688355600106717
21598.181812957,70.6,109.7,109.7,8004.36328125,0.0,0.0
21599.183613245,70.7,109.7,109.7,8004.36328125,0.0,0.12477536840127039
21600.187992804,64.3,107.7,107.7,8004.36328125,0.0,0.0
21601.191265381,67.9,111.6,111.6,8004.36328125,0.0,0.0
21602.194034712,72.1,113.6,113.6,8007.0234375,0.0,0.0
21603.199032216,60.4,104.5,104.5,8007.0234375,0.0,0.0077736511472817045
21604.201824443,68.3,110.7,110.7,8007.0234375,0.0,0.22203627432024528
21605.204777681,69.9,108.7,108.7,8007.0234375,0.7906338201586466,0.0
21606.207465347,69.7,107.8,107.8,8007.0234375,0.0,0.0
21607.20913136,68.7,109.1,109.1,8007.0234375,0.0,0.0
21608.220362049,68.2,113.4,113.4,8007.0234375,0.0,0.0
21609.224819737,73.2,109.5,109.5,8007.0234375,0.0,0.10111177525288824
21610.229060771,69.4,110.7,110.7,8007.0234375,0.0,0.0
21611.232089624,68.1,111.5,111.5,8007.0234375,0.0,0.11293917384410719
21612.236975389,68.1,108.6,108.6,8007.0234375,0.0,0.0
21613.239744407,68.0,107.4,107.4,8007.0234375,0.0,0.0
21614.247229463,63.3,106.5,106.5,8007.0234375,0.0,0.08917626069503426
21615.250458539,76.1,117.5,117.5,8008.4375,0.0,0.011681031062907347
21616.256160007,70.1,110.2,110.2,8008.4375,0.0,0.0
21617.262340479,63.3,105.6,105.6,8008.4375,0.0,0.0
21618.2663001,69.6,110.6,110.6,8008.4375,0.0,0.0
21619.268711328,72.3,108.7,108.7,8008.4375,0.0,0.0
21620.27186129,67.4,106.1,106.1,8008.4375,0.0,0.12460749113823184
21621.283042524,67.4,108.4,108.4,8043.99609375,0.0,0.007726112527914246
21622.286862975,71.6,109.4,109.4,8008.4375,0.0,0.0
21623.297048262,66.7,110.1,110.1,8029.7578125,0.0,0.0
21624.301519001,70.9,115.5,115.5,8008.4375,0.0,0.0
21625.303710805,65.5,104.7,104.7,8008.4375,0.0,0.06236331184363686
21626.306477518,70.7,110.6,110.6,8008.4375,0.0,0.007790944692053937
21627.311070501,69.0,107.0,107.0,8008.4375,0.0,0.0
21628.32301449,69.8,108.2,108.2,8008.4375,0.0,0.0
21629.34532821,68.6,106.8,106.8,8008.4375,0.0,0.0
21630.347918949,63.6,109.7,109.7,8008.4375,0.0,0.08571543368329121
21631.350127622,56.5,105.7,105.7,8008.4375,0.0,0.0
21632.352868646,50.9,99.7,99.7,8008.4375,0.0,0.007791144286523269
21633.357361628,72.4,100.2,100.2,7978.83984375,0.0,0.03499900012244422
21634.369120381,84.0,133.1,133.1,7940.8203125,0.0,0.0
21635.382475752,78.9,132.6,132.6,7940.92578125,0.0,0.06938582654434365
21636.394044993,85.2,127.1,127.1,7987.140625,0.0,0.0
21637.396916648,76.4,130.6,130.6,7989.30078125,0.0,0.0
21638.402069528,78.0,121.3,121.3,8039.5,0.0,0.007772449500393912
21639.407469476,83.7,131.9,131.9,7990.109375,0.0,0.0
21640.417112136,88.6,137.1,137.1,7988.28515625,0.0,0.08511674813715162
21641.432036902,87.7,136.0,136.0,8032.41015625,0.0,0.0
21642.434044321,71.1,121.1,121.1,8005.3203125,0.0,0.0
21643.442943611,70.7,121.9,121.9,8008.78125,0.0,0.0
21644.451989356,70.6,118.0,118.0,8007.19921875,0.0,0.06193970918541327
21645.463046184,57.5,99.3,99.3,8040.484375,0.0,7.1668511099774515
21646.465616165,82.0,95.8,95.8,8014.87109375,0.0,0.07402849816629874
21647.46779026,69.6,109.8,109.8,8007.19921875,0.0,0.0
21648.470179376,71.0,109.7,109.7,8007.19921875,0.0,0.0
21649.47271271,71.2,110.7,110.7,8007.19921875,0.0,0.0
21650.475364915,70.0,111.6,111.6,8007.19921875,0.0,0.28440195770595533
21651.479661979,69.8,109.5,109.5,8007.19921875,0.015558145652428555,0.11279655598010702
21652.484029593,64.0,104.5,104.5,8012.30859375,0.0,0.0
21653.490125515,65.2,110.5,110.5,8034.35546875,0.0,0.0
21654.493030631,67.9,108.6,108.6,8007.19921875,0.0,0.0
21655.496966401,69.5,108.7,108.7,8007.19921875,0.0,0.05447310638225503
21656.500055388,69.1,109.7,109.7,8007.19921875,0.0,0.007788441605107119
21657.50282472,68.9,111.7,111.7,8007.79296875,0.0,0.0
21658.505663845,71.7,107.7,107.7,7988.91796875,0.0,0.0
21659.508435655,69.2,109.7,109.7,7993.71875,0.0,0.0
21660.513041094,65.0,105.5,105.5,8023.76171875,0.0,0.08165519199420125
21661.516061146,71.6,113.6,113.6,7993.71875,0.0,0.0
21662.529474592,66.7,105.6,105.6,8015.00390625,0.0,0.0
21663.535269544,67.2,112.3,112.3,7994.1015625,0.0,0.12427980449818322
21664.539300164,63.9,110.6,110.6,7994.1015625,0.0,0.0
21665.541840226,64.9,104.7,104.7,7999.71484375,0.0,0.054548942304525574
21666.544597488,69.8,109.7,109.7,7999.71484375,0.0,0.0
21667.546789405,72.7,108.7,108.7,7999.71484375,0.0,0.0
21668.549758354,70.8,110.8,110.8,7999.71484375,0.0,0.0
21669.56418902,66.7,105.1,105.1,7999.71484375,0.0,0.0038506820928444116
21670.568952609,63.8,108.7,108.7,7999.71484375,0.0,0.0
21671.571977857,65.9,110.7,110.7,7999.71484375,0.0,0.07788936535330783
21672.574863966,72.7,112.6,112.6,8002.0625,0.0,0.0
21673.579665508,69.5,109.5,109.5,8002.0625,0.0,0.0
21674.584036511,64.9,104.6,104.6,8026.03515625,0.0,0.0
21675.586784083,63.8,109.7,109.7,8009.328125,0.0,0.01168664011486918
21676.591444263,68.1,109.4,109.4,8002.0625,0.0,0.15163709384820137
21677.595248473,71.1,110.6,110.6,8002.0625,0.0,0.0
21678.599082538,73.9,113.6,113.6,8002.0625,0.0,0.0
21679.602336159,68.6,109.2,109.2,8002.0625,0.0,0.0
21680.614106929,63.4,104.8,104.8,8002.0625,0.0,0.003860805348241185
21681.621774067,65.9,111.6,111.6,8002.0625,0.0,0.263603912425795
21682.624053291,69.6,110.7,110.7,8002.0625,0.0,0.0
21683.627363996,71.7,110.0,110.0,8002.4296875,0.0,0.0
21684.6378497,69.5,109.6,109.6,8002.0625,0.0,0.0
21685.655164425,64.8,108.1,108.1,8002.0625,0.0,0.0
21686.657926816,66.8,110.7,110.7,8002.0625,0.0,0.0
21687.664035963,70.8,108.9,108.9,8002.953125,0.0,0.054355434659332846
21688.674255283,69.1,105.2,105.2,8002.953125,0.0,0.0
21689.679051131,70.4,113.6,113.6,8002.953125,0.0,0.0
21690.682470351,67.8,107.6,107.6,8002.953125,0.0,0.0
21691.685524634,68.3,109.7,109.7,8002.953125,0.0,0.0
21692.688359754,70.2,109.6,109.6,8002.953125,0.0,0.07790413243591651
21693.693053161,69.6,110.0,110.0,8004.3359375,0.0,0.0
21694.701083934,64.0,106.5,106.5,8002.953125,0.0,0.0
21695.706272005,67.4,109.5,109.5,8002.953125,0.0,0.0
21696.711054144,65.7,104.5,104.5,8031.49609375,0.0,0.0
21697.717765875,67.2,110.4,110.4,8029.43359375,0.0,0.0
21698.723723888,71.6,109.4,109.4,8020.17578125,0.0,0.18638948900145588
21699.726031951,68.1,108.7,108.7,8002.953125,0.0,0.0
21700.728585585,68.8,110.7,110.7,8002.953125,0.0,0.0
21701.731336768,70.2,110.2,110.2,8003.11328125,0.0,0.0
21702.74297898,72.5,111.2,111.2,8002.953125,0.0,0.0
21703.746062271,70.4,111.7,111.7,8002.953125,0.0,0.07788485831747757
21704.749547849,68.5,106.6,106.6,8050.90625,0.0,0.0
21705.754004905,68.5,110.2,110.2,8028.06640625,0.0,0.0
21706.762071961,62.8,108.5,108.5,8002.953125,0.0,0.003874990236767312
21707.767023232,69.1,111.4,111.4,8002.953125,0.0,0.003887004387885969
21708.771485025,68.7,111.6,111.6,8002.953125,0.0,0.0
21709.773781081,69.2,103.6,103.6,8025.625,0.0,0.07794603154673448
21710.778044447,70.8,110.7,110.7,8021.80859375,0.0,0.0
21711.780833532,68.1,109.6,109.6,8002.953125,0.0,0.007790770877808786
21712.786034779,71.1,110.4,110.4,8008.42578125,0.0,0.0
21713.790040436,73.2,109.7,109.7,8002.953125,0.0,0.0
21714.795470614,68.3,111.4,111.4,8002.953125,0.0,0.0971288232010782
21715.798356491,68.8,109.7,109.7,8002.953125,0.0,0.0
21716.800294674,69.4,110.7,110.7,8002.953125,0.0,0.0
21717.803122179,70.4,109.7,109.7,8002.953125,0.0,0.04674283440206054
21718.805910609,74.7,109.6,109.6,8002.953125,0.0,0.0
21719.810927737,67.3,106.5,106.5,8031.82421875,0.0,0.0
21720.816664751,71.1,112.9,112.9,8002.953125,0.0,0.07767935246722309
21721.823819922,67.7,107.8,107.8,8002.953125,0.0,0.0
21722.826058651,64.5,110.8,110.8,8002.953125,0.0,0.0
21723.827772576,70.7,110.7,110.7,8002.953125,0.0,0.0
21724.831621686,69.0,110.5,110.5,8002.953125,0.0,0.0
21725.838122971,65.0,106.8,106.8,8002.953125,0.0,0.05433425750673404
21726.847057414,68.7,106.6,106.6,8029.40625,0.0,0.0
21727.849768392,65.4,108.7,108.7,8002.953125,0.0,0.0
21728.85262277,74.7,108.7,108.7,8002.953125,0.0,0.0
21729.855372382,71.7,110.7,110.7,8002.953125,0.0,0.0
21730.858452211,67.4,109.3,109.3,8002.953125,0.0,0.10903917797763361
21731.864060576,63.0,104.7,104.7,8002.953125,0.0,0.0
21732.866409626,67.3,111.7,111.7,8002.953125,0.0,0.0
21733.869324499,70.0,109.7,109.7,8002.953125,0.0,0.0
21734.871970819,68.1,111.7,111.7,8002.953125,0.0,0.0
21735.874465457,71.0,111.6,111.6,8005.53515625,0.0,0.05455141396976186
21736.878527706,67.7,109.6,109.6,8005.53515625,0.0,0.0
21737.88150868,62.7,105.7,105.7,8005.53515625,0.0,0.0
21738.883701776,58.4,104.6,104.6,8005.53515625,0.0,0.0
21739.888570161,50.6,99.6,99.6,8005.53515625,0.0,0.0
21740.892067133,81.8,109.5,109.5,7971.14453125,0.0,0.10899385155294788
21741.900784272,81.9,129.9,129.9,7946.83203125,0.0,0.011617478822312687
21742.905438764,78.8,130.7,130.7,7946.43359375,0.0,0.0
21743.914987734,83.2,131.5,131.5,8033.48046875,0.0,0.0
21744.918843891,74.5,122.3,122.3,7987.3203125,0.0,0.0
21745.924051254,76.3,125.3,125.3,8046.90625,0.0,0.11658042341663426
21746.929279572,82.2,132.6,132.6,8037.4609375,0.0,0.0
21747.939547997,83.8,131.7,131.7,8018.6328125,0.0,0.0
21748.943043185,86.9,127.3,127.3,8024.44140625,0.0,0.0
21749.95242522,71.0,120.0,120.0,7991.4609375,0.0,0.0
21750.956589092,74.1,121.5,121.5,8006.265625,0.0,0.12059162192210657
21751.96062021,70.7,117.2,117.2,8006.265625,0.0,0.0
21752.969545671,55.5,109.1,109.1,8006.265625,0.0,0.058075400279783605
21753.97884825,84.1,83.5,83.5,8006.390625,0.0,3.568367479615963
21754.98158275,69.7,110.7,110.7,8006.390625,0.0,0.0
21755.984335833,69.6,109.7,109.7,8006.390625,0.0,0.0
21756.987399657,71.5,109.7,109.7,8006.390625,0.0,3.8709525825797675
21757.989616908,69.5,110.7,110.7,8006.390625,0.0,0.0
21758.993609195,74.7,107.5,107.5,8006.390625,0.0,0.1711915541833998
21760.000841571,62.2,108.3,108.3,8006.390625,0.007756402778700156,0.08144222917635165
21761.006555704,75.2,106.9,106.9,8006.390625,0.0,0.0
21762.014397655,69.8,111.5,111.5,8006.390625,0.0,0.1162756718787353
21763.018875218,69.6,109.6,109.6,8006.390625,0.0,0.0
21764.021050362,68.9,109.7,109.7,8006.390625,0.0,0.0
21765.023728181,69.5,108.7,108.7,8006.390625,0.0,0.0077916354106533
21766.02605589,66.4,105.9,105.9,8006.390625,0.0,0.0
21767.04276151,63.6,108.1,108.1,8006.390625,0.0,0.0
21768.048492411,69.9,110.4,110.4,8006.390625,0.0,0.058259868461738765
21769.050689509,73.4,110.7,110.7,8006.390625,0.0,0.0
21770.053786453,67.1,109.6,109.6,8006.390625,0.0,0.0
21771.074112398,66.2,105.9,105.9,8006.390625,0.0,0.0
21772.075815848,65.7,109.7,109.7,8006.390625,0.0,0.0
21773.078738263,67.0,108.7,108.7,8006.390625,0.0,0.08958195435268196
21774.081088062,71.1,108.7,108.7,8006.390625,0.0,0.0
21775.084177311,70.3,111.7,111.7,8006.390625,0.0,0.0
21776.086962887,67.8,110.6,110.6,8006.390625,0.0,0.0
21777.091541015,71.7,111.5,111.5,8006.390625,0.0,0.07388051554296675
21778.096292615,67.3,105.5,105.5,8043.6875,0.0,0.0
21779.104343633,69.2,108.2,108.2,8006.390625,0.0,0.17437733493737875
21780.107102377,66.3,107.7,107.7,8006.390625,0.0,0.0
21781.109609594,69.8,111.7,111.7,8006.390625,0.0,0.0
21782.11304337,66.2,109.6,109.6,8006.390625,0.0,0.0
21783.115689415,64.8,103.8,103.8,8007.48828125,0.0,0.0
21784.117909463,67.8,110.7,110.7,8010.5546875,0.0,0.08574713723963862
21785.120251848,71.0,110.7,110.7,8010.5546875,7.907259404182175,0.0
21786.123107306,70.6,108.6,108.6,8010.5546875,4.113254773741401,0.0
21787.128074312,65.2,104.5,104.5,8045.89453125,0.0,0.003886943528174719
21788.130855534,65.9,110.7,110.7,8010.5546875,0.0,0.0
21789.133224208,72.0,109.7,109.7,8010.5546875,0.0,0.0818374038693322
21790.136274421,69.2,109.0,109.0,8010.5546875,0.0,0.0
21791.14838862,65.5,105.3,105.3,8042.9609375,0.0,0.24700769957233018
21792.151354462,67.3,110.7,110.7,8010.5546875,0.0,0.0
21793.153582421,69.8,110.8,110.8,8032.921875,0.0,0.046770796582761315
21794.155799259,67.6,111.7,111.7,8010.5546875,0.0,0.05846414446301769
21795.158768554,69.3,109.6,109.6,8010.5546875,0.0,0.0
21796.16305854,67.2,106.1,106.1,8010.5546875,0.0,0.0
21797.17173523,62.3,109.6,109.6,8010.5546875,0.0,0.0
21798.177112443,70.3,111.4,111.4,8010.5546875,0.0,0.0
21799.179703489,71.9,109.4,109.4,8010.5546875,0.0,0.07792309766955383
21800.186312485,66.8,104.6,104.6,8037.71484375,0.0,0.0
21801.192061656,65.8,110.4,110.4,8038.1953125,0.0,0.0
21802.195194465,70.3,110.4,110.4,8010.5546875,0.0,0.0
21803.203842551,66.7,111.4,111.4,8010.5546875,0.0,0.0
21804.206049873,69.4,109.7,109.7,8010.5546875,0.0,0.1052364592484181
21805.208632154,70.1,109.7,109.7,8010.5546875,0.0,0.0
21806.210836685,70.8,109.7,109.7,8010.5546875,0.0,0.0
21807.214151951,67.9,111.0,111.0,8010.5546875,0.0,0.0
21808.228035667,67.2,105.9,105.9,8035.06640625,0.0,0.0
21809.235036987,69.7,109.1,109.1,8022.05078125,0.0,0.12413091970942107
21810.246032115,65.9,110.2,110.2,8010.5546875,0.0,0.0
21811.248166878,69.6,110.7,110.7,8010.5546875,0.0,0.0
21812.250581891,69.3,109.7,109.7,8010.5546875,0.0,0.0
21813.25361259,69.7,109.6,109.6,8010.5546875,0.0,0.0
21814.256648997,70.8,109.7,109.7,8010.5546875,0.0,0.06231079905353069
21815.259964506,69.4,109.6,109.6,8010.5546875,0.0,0.0
21816.263050763,70.6,108.6,108.6,8010.5546875,0.0,0.0
21817.268032059,66.0,104.5,104.5,8010.5546875,0.0,0.0
21818.27178514,69.9,110.7,110.7,8010.5546875,0.0,0.0
21819.27394701,68.5,110.7,110.7,8010.5546875,0.0,0.07795646825017827
21820.276735368,69.9,110.7,110.7,8010.5546875,0.0,0.0
21821.280125396,63.3,103.6,103.6,8010.87109375,0.0,0.0
21822.286198602,69.6,110.4,110.4,7985.41796875,0.0,0.0
21823.288404162,66.1,109.8,109.8,7985.41796875,0.0,0.0
21824.291065666,73.7,110.7,110.7,7985.41796875,0.0,0.05454233535624887
21825.29327482,77.0,115.7,115.7,7990.234375,0.0,0.04677167416886139
21826.295724714,62.1,104.8,104.8,7990.234375,0.0,0.0
21827.297868994,71.2,111.7,111.7,7990.234375,0.0,0.0
21828.302461591,65.2,105.5,105.5,7990.234375,0.0,0.0
21829.304905356,68.3,109.8,109.8,7990.234375,0.0,0.07793454628357588
21830.307162796,69.8,110.7,110.7,7990.234375,0.0,0.0
21831.310030492,70.7,110.7,110.7,7990.234375,0.0,0.0
21832.312854779,68.5,109.4,109.4,7990.234375,0.0,0.0
21833.318180285,67.9,109.7,109.7,7990.234375,0.0,0.0
21834.322488905,67.6,105.5,105.5,8018.15234375,0.0,0.0
21835.326795235,71.5,117.4,117.4,7990.234375,0.0,0.0622320084351179
21836.332228691,66.8,106.0,106.0,7990.234375,0.0,0.0
21837.347745734,68.9,107.4,107.4,7990.234375,0.0,0.0
21838.358692981,72.7,110.3,110.3,8008.296875,0.0,0.0
21839.364379636,66.3,108.4,108.4,7996.45703125,0.0,0.0
21840.367174752,69.8,109.6,109.6,7996.45703125,0.0,0.1285469463737882
21841.371208448,68.9,110.6,110.6,7996.45703125,0.0,0.0
21842.374295119,64.0,104.7,104.7,8035.18359375,0.0,0.0
21843.378275605,72.4,111.6,111.6,7996.45703125,0.0,0.0
21844.39661617,72.0,111.9,111.9,7996.45703125,0.0,0.12274871913770698
21845.400858161,57.4,104.7,104.7,7996.45703125,0.0,0.062235995467431554
21846.403158724,51.1,100.5,100.5,7996.45703125,0.0,0.0
21847.411190666,63.2,92.1,92.1,7958.4453125,0.0,0.0
21848.423315091,82.2,128.7,128.7,7926.671875,0.0,0.0
21849.436538713,84.4,132.0,132.0,7929.421875,0.0,0.0
21850.446880011,79.3,129.1,129.1,7929.421875,0.0,0.07732535545608261
21851.454055926,82.8,128.2,128.2,7999.07421875,0.0,0.0
21852.456987213,71.0,118.0,118.0,7970.85546875,0.0,0.0
21853.468851273,76.9,126.7,126.7,7989.40234375,0.0,0.0
21854.483040053,87.2,134.7,134.7,8010.3671875,0.0,0.0
21855.485292821,85.8,131.9,131.9,7979.53515625,0.0,0.05456457866338672
21856.498798245,82.4,131.0,131.0,7965.046875,0.0,0.0
21857.502401303,69.8,115.9,115.9,7966.1953125,0.0,0.0
21858.514847384,73.6,121.7,121.7,7962.37109375,0.0,0.0
21859.525407932,69.3,121.2,121.2,7967.14453125,0.0,0.0
21860.528068218,64.9,73.8,73.8,7997.953125,0.0,0.29998320886981145
21861.529746729,79.3,113.8,113.8,7967.14453125,0.0,0.0
21862.532503754,71.3,110.2,110.2,7967.59765625,0.0,0.0
21863.541885065,69.6,110.3,110.3,7967.14453125,0.0,0.0
21864.545465816,63.2,104.3,104.3,7992.48828125,0.0,0.0
21865.555473949,72.9,108.1,108.1,7968.4921875,0.0,0.05414560359791683
21866.560669138,67.7,111.6,111.6,7968.4921875,0.0,0.0
21867.563510876,69.8,106.2,106.2,7968.4921875,0.0,0.0
21868.57604937,69.7,111.2,111.2,7968.4921875,0.0,0.0
21869.57987679,70.6,108.6,108.6,7968.4921875,0.0,0.0
21870.583015736,64.5,109.7,109.7,7968.4921875,0.0,0.12850288637904123
21871.586033282,67.8,110.0,110.0,7968.4921875,0.0,0.0
21872.597512503,66.5,107.6,107.6,7968.4921875,0.0,0.0
21873.617069976,66.0,107.7,107.7,7985.375,0.10727693425492461,0.0
21874.619608402,66.8,108.7,108.7,7968.4921875,0.0,0.0
21875.621759872,74.4,113.3,113.3,7968.4921875,0.0,0.0701615495311458
21876.630098764,68.2,109.2,109.2,7968.4921875,0.0,0.0
21877.641039297,68.4,109.2,109.2,7968.4921875,0.0,0.0
21878.64402913,69.6,109.7,109.7,7968.4921875,0.0,0.12462738493189587
21879.64630343,68.1,111.7,111.7,7968.4921875,0.0,0.0
21880.649755234,68.0,107.9,107.9,7968.4921875,0.0,0.07785625546587317
21881.663404874,66.3,110.7,110.7,7968.4921875,0.0,0.0
21882.677046053,68.1,109.0,109.0,7995.63671875,0.0,0.0
21883.68319419,64.9,109.4,109.4,7968.4921875,0.0,0.0
21884.685907288,68.7,107.4,107.4,7968.4921875,0.0,0.0
21885.694057847,70.3,109.5,109.5,7977.42578125,0.0,0.05424536991212223
21886.696129476,69.8,112.6,112.6,7968.4921875,0.0,0.0
21887.69903921,62.9,106.8,106.8,7984.95703125,0.0,0.0
21888.701358831,70.6,105.7,105.7,7968.4921875,0.0,0.0
21889.703696101,67.9,110.7,110.7,7968.4921875,0.0,0.0
21890.706854874,69.9,109.7,109.7,7968.4921875,0.0,0.0
21891.708993866,71.5,111.4,111.4,7974.78515625,0.0,0.1676102330523402
21892.714988183,67.8,110.7,110.7,7968.4921875,0.0,0.0
21893.717276572,70.1,109.6,109.6,7968.4921875,0.0,0.0
21894.721420803,64.8,105.7,105.7,7986.609375,0.0,0.0
21895.727605429,69.0,115.9,115.9,7968.4921875,0.0,0.0
21896.73655489,65.7,105.5,105.5,7968.4921875,0.0,0.08904682887777077
21897.738784003,69.6,111.7,111.7,7968.4921875,0.0,0.0
21898.741566719,72.1,105.9,105.9,7968.4921875,0.0,0.0
21899.756117407,67.8,106.2,106.2,7999.14453125,0.0,0.0
21900.759209523,65.1,109.7,109.7,8008.734375,0.0,0.0
21901.761383575,65.6,110.8,110.8,7968.4921875,0.0,0.08185329667645962
21902.76359282,68.9,108.7,108.7,7968.4921875,0.0,0.0
21903.766323158,68.2,110.7,110.7,7968.4921875,0.0,0.0
21904.769406333,69.2,109.6,109.6,7968.4921875,0.0,0.0
21905.774114478,68.1,107.6,107.6,7968.4921875,0.0,0.0
21906.77707196,70.9,109.6,109.6,7975.58984375,0.0,0.00778946280396716
21907.783028448,70.0,109.4,109.4,7979.48046875,0.0,0.10096112626301292
21908.786027343,74.8,113.7,113.7,7968.4921875,0.0,0.0
21909.788248236,67.2,106.5,106.5,7968.4921875,0.0,0.0
21910.794683756,73.0,107.6,107.6,7968.4921875,0.0,0.0
21911.796912077,63.6,109.6,109.6,7968.4921875,0.0,0.0
21912.802048218,68.5,109.0,109.0,7968.4921875,0.0,0.07772578938633287
21913.8113348,70.3,108.5,108.5,7968.4921875,0.0,0.0
21914.81520939,70.9,113.6,113.6,7968.4921875,0.0,0.0
21915.818031356,64.1,105.7,105.7,7968.4921875,0.0,0.0
21916.821044336,67.3,108.7,108.7,8001.3203125,0.0,0.0
21917.823247303,70.5,112.7,112.7,7968.4921875,0.0,0.054567290060722105
21918.826074892,71.4,108.7,108.7,7968.4921875,0.0,0.0
21919.828682258,68.3,108.4,108.4,7968.4921875,0.0,0.0
21920.837425015,62.8,110.3,110.3,7968.4921875,0.0,0.0
21921.84068429,66.9,108.7,108.7,7968.4921875,0.0,0.0
21922.843562353,69.7,108.7,108.7,7968.4921875,0.0,0.07790079659977536
21923.846381862,68.4,111.7,111.7,7968.4921875,0.0,0.0
21924.848541004,71.7,109.8,109.8,7999.55078125,0.0,0.0
21925.850709752,67.4,110.7,110.7,7968.4921875,0.0,0.0
21926.853885253,71.2,109.6,109.6,7968.4921875,0.0,0.05451438950169805
21927.85679441,67.2,110.5,110.5,7968.4921875,0.0,0.06621362417177698
21928.863745788,64.3,106.5,106.5,7968.4921875,0.0,0.0
21929.865947031,69.8,109.8,109.8,7968.4921875,0.0,0.0
21930.869038122,72.8,108.7,108.7,7968.4921875,0.0,0.0
21931.871188492,70.7,110.8,110.8,7968.4921875,0.0,0.0
21932.873377144,67.3,109.8,109.8,7968.4921875,0.0,0.12472701596740682
21933.876262058,65.2,105.7,105.7,7968.4921875,0.0,0.015580052887306564
21934.878817611,66.1,108.7,108.7,7968.4921875,0.0,0.0
21935.881028869,67.6,110.8,110.8,7968.4921875,0.0,0.0
21936.88325213,70.9,109.8,109.8,7968.4921875,0.0,0.0038975846520527243
21937.885506886,70.5,112.7,112.7,7968.4921875,0.0,0.06625685695422912
21938.888402634,70.6,105.2,105.2,7968.4921875,0.0,0.0
21939.903048824,65.9,108.6,108.6,7991.078125,0.0,0.0
21940.907756505,68.3,111.8,111.8,7968.4921875,0.0,0.0
21941.910041655,68.5,108.7,108.7,7993.51953125,0.0,0.003897343984394813
21942.912952108,68.7,109.7,109.7,7980.3515625,0.0,0.08179319475092749
21943.915668509,68.4,109.7,109.7,7968.4921875,0.0,0.0
21944.918593893,70.2,108.7,108.7,7968.4921875,0.0,0.0
21945.9215439,69.3,111.7,111.7,7968.4921875,0.0,0.0
21946.923922347,67.3,108.7,108.7,7968.4921875,0.0,0.0
21947.926427339,69.6,111.6,111.6,7968.4921875,0.0,0.05455085055573917
21948.930952143,69.9,103.6,103.6,7998.85546875,0.0,0.0
21949.934041576,71.5,110.7,110.7,7992.24609375,0.0,0.0
21950.936341046,64.2,110.7,110.7,7968.4921875,0.0,0.0
21951.938531077,56.9,104.8,104.8,7968.4921875,0.0,0.0
21952.94070835,50.6,100.8,100.8,7968.4921875,0.0,0.07795527009523823
21953.94286033,71.8,97.2,97.2,7931.89453125,0.0,0.0
21954.956778216,81.4,129.7,129.7,7930.88671875,0.0,0.0
21955.963735941,86.6,131.3,131.3,7932.8125,0.0,0.0
21956.977554753,83.6,129.7,129.7,8023.609375,0.0,0.0
21957.988215048,79.0,130.6,130.6,7978.59765625,0.0,0.054110664355327326
21958.997954874,77.1,119.3,119.3,7971.70703125,0.0,0.0
21960.001237653,77.9,123.9,123.9,8012.390625,0.0,0.0
21961.01104826,86.0,126.1,126.1,7983.640625,0.0,0.0
21962.028649399,87.5,136.0,136.0,7987.078125,0.0,0.0
21963.042033875,80.6,125.5,125.5,8027.0546875,0.0,0.07709314860260198
21964.045095252,69.1,122.4,122.4,7982.22265625,0.0,0.15966744774788938
21965.050369053,72.3,118.8,118.8,7981.1015625,0.0,0.0
21966.062889294,65.5,119.2,119.2,7983.9765625,0.0,0.0
21967.069040815,66.6,69.4,69.4,7983.9765625,0.0,3.641660747437291
21968.079067664,75.3,117.1,117.1,7983.9765625,0.0,0.007734942895572699
21969.082049893,68.8,110.7,110.7,7983.9765625,0.0,3.9374762940027335
21970.085075676,71.2,105.7,105.7,8024.94921875,0.0,0.0
21971.087634134,64.0,107.7,107.7,7983.9765625,0.0,0.0
21972.089820393,69.1,110.6,110.6,7983.9765625,0.0,0.0
21973.095089135,69.6,108.5,108.5,7986.59375,0.0,0.015543107377361016
21974.110953741,71.2,110.2,110.2,7986.59375,0.01538098670600519,0.22686955391357652
21975.11569686,63.8,107.2,107.2,7986.59375,0.0,0.0
21976.124052416,65.0,110.5,110.5,7986.59375,0.0,0.0
21977.126358366,67.4,109.7,109.7,7986.59375,0.0,0.0
21978.130494257,67.5,107.0,107.0,7965.77734375,0.0,0.007780321438597128
21979.328012299,72.6,109.3,109.3,7970.921875,0.0,0.0
21980.332471008,68.3,112.6,112.6,7970.921875,0.0,0.08166712007658933
21981.33605477,65.1,106.7,106.7,7983.42578125,0.0,0.0
21982.33823202,67.7,110.6,110.6,7983.73828125,0.0,0.0
21983.343049072,67.2,106.3,106.3,7983.73828125,0.0,0.0
21984.352900348,66.9,110.3,110.3,7983.73828125,0.0,0.0
21985.355031985,66.7,111.7,111.7,7985.703125,0.0,0.05457117406621201
21986.357219596,69.4,110.7,110.7,7983.73828125,0.0,0.0
21987.360321514,68.2,110.6,110.6,7983.73828125,0.0,0.0
21988.365072383,65.1,105.6,105.6,7983.74609375,0.0,0.0
21989.367549398,68.6,106.7,106.7,7983.73828125,0.0,0.0
21990.36990077,69.2,110.7,110.7,7983.73828125,0.0,0.07794172999839541
21991.375954055,69.2,109.1,109.1,7983.73828125,0.0,0.0
21992.391831933,69.7,108.4,108.4,7983.73828125,0.0,0.0
21993.396638031,69.0,107.2,107.2,7983.73828125,0.0,0.10107671540019784
21994.404040931,67.5,112.7,112.7,7983.73828125,0.0,0.0
21995.406225527,64.1,105.8,105.8,7983.73828125,0.0,0.16370487099364572
21996.408520979,70.1,110.6,110.6,7983.73828125,0.0,0.0
21997.413456536,68.1,111.5,111.5,7983.73828125,0.0,0.0
21998.420105005,70.0,105.0,105.0,7983.73828125,0.0,0.1319353320350095
21999.438646183,66.3,111.4,111.4,7983.73828125,0.0,0.0575271292566067
22000.440366553,64.1,103.8,103.8,7983.73828125,0.0,0.08578990961312685
22001.443120627,70.9,110.7,110.7,7983.73828125,0.0,0.0
22002.445972484,70.0,107.7,107.7,7983.73828125,0.0,0.0
22003.449212795,71.2,108.6,108.6,7983.73828125,0.0,0.0
22004.454029718,66.7,111.5,111.5,7983.73828125,0.0,0.0
22005.45810631,69.8,110.6,110.6,7983.73828125,0.0,0.08558859023756711
22006.462042099,64.0,105.6,105.6,8006.36328125,0.0,0.0
22007.464237219,68.1,111.8,111.8,7983.73828125,0.0,0.0
22008.466521671,72.7,109.7,109.7,7983.73828125,0.0,0.0038973466985437037
22009.46925111,69.3,109.7,109.7,7983.73828125,0.0,0.0
22010.47207659,68.8,105.4,105.4,7983.73828125,0.0,0.0
22011.482050907,69.5,112.4,112.4,7983.73828125,0.0,0.08122112475435413
22012.497432971,66.9,107.0,107.0,7983.73828125,0.0,0.0
22013.502022474,65.2,112.6,112.6,7983.73828125,0.0,0.0
22014.503888042,66.0,109.6,109.6,7983.73828125,0.0,0.0
22015.507883489,65.7,105.3,105.3,8017.609375,0.0,0.0
22016.517861509,68.0,109.2,109.2,8003.3828125,0.0,0.05414721797609906
22017.523522848,74.1,111.8,111.8,7983.73828125,0.0,0.0
22018.537058087,77.1,102.0,102.0,8027.06640625,0.0,0.0
22019.542339549,72.4,117.7,117.7,7983.73828125,0.0,0.0
22020.544989312,69.9,108.9,108.9,7983.73828125,0.0,0.0
22021.560318101,63.2,109.2,109.2,7983.73828125,0.0,0.07694551838400181
22022.562515517,70.1,110.7,110.7,7983.73828125,0.0,0.0
22023.566628258,67.1,106.3,106.3,7983.73828125,0.0,0.0
22024.577152502,71.6,115.9,115.9,7983.73828125,0.0,0.0
22025.583708334,67.2,104.4,104.4,8018.125,0.0,0.0
22026.588520475,62.7,110.5,110.5,7983.73828125,0.0,0.0
22027.592307015,70.7,110.7,110.7,7983.73828125,0.0,0.054481204739157574
22028.59516669,70.1,109.1,109.1,7983.73828125,0.0,0.0
22029.608047099,64.5,106.2,106.2,8002.421875,0.0,0.007713151454599913
22030.610793951,68.4,110.7,110.7,7985.46484375,0.0,0.0
22031.613086461,68.7,109.7,109.7,7985.46484375,0.0,0.0
22032.61577783,71.2,112.6,112.6,7986.734375,0.0,0.13635177705391102
22033.620227688,65.0,103.2,103.2,8015.98828125,0.0,0.0
22034.631034467,64.8,113.3,113.3,7967.046875,0.0,0.0
22035.634043893,72.4,108.5,108.5,7974.34375,0.0,0.0
22036.637668512,67.6,107.7,107.7,8003.59375,0.0,0.0
22037.640237013,69.0,111.7,111.7,7974.1015625,0.0,0.0
22038.643330899,71.9,109.7,109.7,7974.1015625,0.0,0.07009563210516952
22039.645880697,69.1,109.3,109.3,7974.1015625,0.0,0.007792630366686772
22040.657065437,70.4,112.1,112.1,7974.1015625,0.0,0.0
22041.660446014,67.9,109.1,109.1,7974.1015625,0.0,0.0155723564499508
22042.675076512,64.5,106.0,106.0,8002.67578125,0.0,0.0
22043.677370668,67.1,109.8,109.8,7974.1015625,0.0,0.12081657792307061
22044.679658934,69.4,108.8,108.8,7974.1015625,0.0,0.0
22045.681818067,70.9,110.3,110.3,7974.1015625,0.0,0.0
22046.688449902,72.8,109.6,109.6,7974.1015625,0.0,0.0
22047.691599157,69.5,111.6,111.6,7974.1015625,0.0,0.0
22048.695633019,72.0,107.5,107.5,7975.3046875,0.0,0.06613945257542549
22049.702280119,67.3,108.2,108.2,7977.96484375,0.0,0.0
22050.709722939,65.5,109.4,109.4,7993.3515625,0.0,0.0
22051.713456649,67.4,108.7,108.7,7977.96484375,0.0,0.0
22052.715699594,69.8,110.7,110.7,7978.34375,0.0,0.0
22053.718286849,69.3,109.7,109.7,7978.34375,0.0,0.0896119011603798
22054.720566037,67.7,110.7,110.7,7978.34375,0.0,0.0
22055.723418329,69.2,111.7,111.7,7978.34375,0.0,0.0
22056.726097424,70.6,109.7,109.7,7978.34375,0.0,0.0
22057.728885295,69.7,109.7,109.7,7978.34375,0.0,0.0
22058.731062572,72.1,108.7,108.7,7978.34375,0.0,0.1870926474821745
22059.73429744,57.0,104.7,104.7,7978.34375,0.0,0.0038936545415075925
22060.73705564,50.6,100.7,100.7,7978.34375,0.0,0.0
22061.73944704,69.0,94.3,94.3,7933.15625,0.0,0.0
22062.748881337,84.6,130.9,130.9,7935.91796875,0.0,0.0
22063.758033913,79.0,130.6,130.6,7936.1484375,0.0,0.08128726215529936
22064.768702292,84.1,131.2,131.2,8004.6796875,0.0,0.0
22065.786199199,75.5,124.3,124.3,7982.20703125,0.0,0.0
22066.797054458,76.6,123.2,123.2,8027.83203125,0.0,0.0
22067.799600764,81.0,129.0,129.0,7958.02734375,0.0,0.0
22068.810227595,88.0,128.9,128.9,8007.1953125,0.0,0.054112456074250394
22069.825737711,85.6,133.8,133.8,8038.0234375,0.0,0.0
22070.840063793,75.5,124.2,124.2,7990.80859375,0.0,0.0
22071.849730247,70.4,116.4,116.4,7983.69921875,0.0,0.0
22072.852850438,71.1,121.5,121.5,7979.17578125,0.0,0.0
22073.856978754,58.9,110.6,110.6,7980.23828125,0.0,0.07780380132222088
22074.861088983,84.7,80.2,80.2,7981.3359375,0.0,0.1050370237786311
22075.875770127,67.7,112.1,112.1,7981.3359375,0.0,0.003849731536948409
22076.87746086,66.2,105.8,105.8,7981.3359375,0.0,0.0
22077.882548367,68.8,110.5,110.5,7981.3359375,0.0,0.0
22078.884778647,72.0,108.7,108.7,7981.3359375,0.0,0.2026729825008086
22079.888747849,69.1,110.5,110.5,7981.3359375,0.0,0.0
22080.893429876,68.9,109.6,109.6,7981.3359375,0.0,0.0
22081.896086212,67.5,103.5,103.5,8021.65234375,0.0,0.0
22082.901203367,65.4,111.7,111.7,7981.3359375,0.0,0.0
22083.90341562,69.8,109.8,109.8,7981.3359375,0.0,0.10523594147287241
22084.90574741,66.2,111.6,111.6,7981.3359375,0.0,0.0
22085.910135754,65.6,106.8,106.8,7981.3359375,0.0,0.0
22086.926648089,67.7,107.1,107.1,7981.3359375,0.0,0.0
22087.929253369,67.3,110.7,110.7,7981.3359375,0.0,0.0
22088.931666275,73.1,109.0,109.0,7981.3359375,0.0,0.10521487639343523
22089.946047745,64.5,104.1,104.1,8007.4296875,0.0,0.0
22090.949429946,63.9,109.7,109.7,7997.0703125,0.0,0.007786165622865251
22091.95229625,74.8,115.0,115.0,7989.06640625,0.0,0.0
22092.964197684,71.2,108.4,108.4,7981.3359375,0.0,0.0
22093.966330409,70.5,109.7,109.7,7981.94140625,0.0,0.12083603995672161
22094.969034704,70.0,112.7,112.7,7981.94140625,0.0,0.0
22095.971904995,65.1,107.3,107.3,7981.94140625,0.0,0.0
22096.980022519,72.7,111.8,111.8,7983.91015625,0.0,0.0
22097.991045327,67.6,105.5,105.5,7992.30078125,0.0,0.0
22098.993414391,74.4,115.7,115.7,7993.734375,0.0,0.09352842517485187
22099.995620346,64.7,105.7,105.7,7993.734375,0.0,0.0
22100.998714827,62.5,105.7,105.7,7993.734375,0.0,0.0
22102.001519303,62.7,110.7,110.7,7969.546875,0.0,0.0
22103.00399368,69.6,108.8,108.8,7980.61328125,0.0,0.0
22104.005856492,74.4,108.5,108.5,7990.62890625,0.0,0.0
22105.014040122,66.1,108.4,108.4,7980.61328125,0.0,0.06974175924667568
22106.016578677,69.8,108.7,108.7,7981.0859375,0.0,0.0077927177573751906
22107.018840362,70.4,110.7,110.7,7981.0859375,0.0,0.0
22108.021631903,66.5,109.5,109.5,7981.0859375,0.0,0.0
22109.026713719,63.2,104.7,104.7,7981.0859375,0.0,0.0
22110.028915982,69.2,110.7,110.7,7981.0859375,0.0,0.14421365360655708
22111.032058714,73.4,109.6,109.6,7981.0859375,0.0,0.0
22112.03940533,68.4,109.2,109.2,7981.0859375,0.0,0.0
22113.041888897,68.8,110.7,110.7,7981.0859375,0.0,0.0
22114.044048137,68.4,110.6,110.6,7981.0859375,0.0,0.0
22115.048632241,67.1,111.7,111.7,7981.0859375,0.0,0.011665275165441693
22116.050831277,64.8,104.5,104.5,7981.0859375,0.0,0.07405589841336979
22117.055772634,66.0,107.7,107.7,7981.0859375,0.0,0.0
22118.058619874,67.8,109.7,109.7,7981.0859375,0.0,0.0
22119.060351632,73.7,106.8,106.8,7981.0859375,0.0,0.12478390447487002
22120.063283893,70.8,109.7,109.7,8010.8125,0.0,0.0
22121.066037622,66.8,111.7,111.7,7981.0859375,0.0,0.07791045571863082
22122.068177869,69.6,107.7,107.7,7981.0859375,0.0,0.003897907515130256
22123.071444445,70.5,110.7,110.7,7981.0859375,0.0,0.0
22124.073771855,69.9,108.2,108.2,7981.0859375,0.0,0.0
22125.086671641,60.1,107.1,107.1,7981.0859375,0.0,0.0
22126.089408225,71.0,110.7,110.7,7981.765625,0.0,0.0
22127.091960231,68.5,109.7,109.7,7981.765625,0.0,0.062340905634953
22128.095029877,66.1,105.7,105.7,8012.69921875,0.0,0.0
22129.099081924,68.7,110.6,110.6,7981.765625,0.0,0.0
22130.100974657,70.1,113.1,113.1,7981.765625,0.0,0.0
22131.11006268,66.2,105.6,105.6,7981.765625,0.0,0.0
22132.112577679,70.6,109.7,109.7,7981.765625,0.0,0.08182545905233451
22133.117146836,70.8,112.5,112.5,8012.1328125,0.0,0.0
22134.119323326,67.7,109.8,109.8,7981.765625,0.0,0.0
22135.121624558,71.2,110.6,110.6,7982.56640625,0.0,0.0
22136.126253736,67.7,106.1,106.1,7985.328125,0.0,0.0
22137.139052113,65.3,107.2,107.2,8009.421875,0.0,0.053996433290105776
22138.141673351,67.9,110.7,110.7,7985.328125,0.0,0.0
22139.144851457,69.3,98.3,98.3,7985.328125,0.0,0.0
22140.15388051,68.5,113.2,113.2,7985.328125,0.0,0.0
22141.158040241,68.3,105.7,105.7,8020.3828125,0.0,0.023340410172230937
22142.160803449,65.5,111.7,111.7,7985.328125,0.0,0.08570069116472118
22143.163551367,66.0,108.7,108.7,7985.328125,0.0,0.0
22144.16620077,71.1,111.3,111.3,7986.52734375,0.0,0.0
22145.175428636,67.0,111.4,111.4,7985.328125,0.0,0.0
22146.179240072,63.3,106.6,106.6,7985.328125,0.0,0.0
22147.182416689,69.6,108.7,108.7,7985.328125,0.0,0.05451432885623603
22148.185383454,68.5,107.4,107.4,7985.328125,0.0,0.0
22149.192792949,67.5,111.5,111.5,7985.328125,0.0,0.0
22150.199055853,66.7,105.4,105.4,8020.1015625,0.0,0.0
22151.201415792,72.0,111.4,111.4,7985.328125,0.0,0.0
22152.219532648,68.6,109.7,109.7,7985.328125,0.0,0.0767348065592898
22153.234336329,69.1,113.2,113.2,7986.2265625,0.0,0.0
22154.248043751,71.1,109.1,109.1,7985.328125,0.0,0.0
22155.250803607,66.6,106.7,106.7,8001.9765625,0.0,0.0
22156.256066985,69.0,109.1,109.1,8031.2265625,0.0,0.0
22157.263193459,63.4,111.6,111.6,7986.69921875,0.0,0.10472244819572098
22158.265402941,76.4,111.7,111.7,7970.91796875,0.0,0.0
22159.268040197,73.0,104.5,104.5,7992.5234375,0.0,0.0
22160.279065308,66.8,111.5,111.5,7970.91796875,0.0,0.0
22161.29006802,66.7,109.3,109.3,7970.91796875,0.0,0.0
22162.295655802,67.2,108.4,108.4,7970.91796875,0.0,0.08934451234201281
22163.298527205,66.2,107.7,107.7,7985.3046875,0.0,0.0
22164.300810227,69.0,111.7,111.7,7985.3046875,0.0,0.0
22165.304041544,66.8,106.6,106.6,7985.3046875,0.0,0.0
22166.306723256,66.0,110.7,110.7,7985.3046875,0.0,0.0
22167.309053845,51.1,99.7,99.7,7985.3046875,0.0,0.06625184418054636
22168.313062456,60.4,90.2,90.2,7985.3046875,0.0,0.0
22169.324358429,86.9,129.4,129.4,7943.37109375,0.0,0.0
22170.337683096,87.8,133.2,133.2,7942.68359375,0.0,0.0
22171.354555281,89.0,131.5,131.5,8008.328125,0.0,0.0
22172.362031673,87.6,132.2,132.2,8014.01171875,0.0,0.00775452413775723
22173.366963897,77.5,126.2,126.2,7972.38671875,0.0,0.1710314346536816
22174.381773297,78.9,121.2,121.2,7980.66015625,0.0,0.0
22175.402064682,82.5,128.6,128.6,8041.78515625,0.0,0.0
22176.405028104,83.8,129.6,129.6,8045.3359375,0.0,0.0
22177.407868584,79.2,127.2,127.2,7997.8203125,0.0,0.011685557407898955
22178.42003612,70.5,115.0,115.0,7991.9375,0.0,0.07332654660452599
22179.426056293,72.6,121.8,121.8,7993.90625,0.0,0.0
22180.434700383,64.2,117.4,117.4,7992.328125,0.0,0.0
22181.438431304,71.7,67.6,67.6,8003.46484375,0.0,3.654334715873546
22182.447488392,75.1,123.1,123.1,7992.328125,0.0,0.0
22183.449779986,69.9,109.8,109.8,7992.328125,0.0,3.8817296516247453
22184.451938668,70.5,110.7,110.7,7992.37109375,0.0,0.0
22185.45425539,67.8,108.7,108.7,7992.37109375,0.0,0.0
22186.457128262,68.5,107.3,107.3,7992.37109375,0.0,0.0
22187.466585369,68.4,108.1,108.1,8033.45703125,0.007739308531140485,0.09287170237368582
22188.472037878,71.3,107.5,107.5,8008.78125,0.0,0.06216106622683851
22189.478686461,65.8,109.4,109.4,7993.37109375,0.0,0.06208720804412183
22190.481371359,70.2,110.7,110.7,7992.37109375,0.0,0.0
22191.48391513,71.6,109.7,109.7,7992.37109375,0.0,0.0
22192.486326644,70.2,110.4,110.4,7998.64453125,0.0,0.007793705370384215
22193.493305045,70.7,107.8,107.8,7998.64453125,0.0,0.1435296425984029
22194.508728907,62.7,107.1,107.1,7977.94140625,0.0,0.0
22195.511468321,67.2,109.7,109.7,7977.94140625,0.0,0.0
22196.514475044,67.6,111.7,111.7,7983.48828125,0.0,0.0
22197.517258629,73.2,112.5,112.5,7985.69921875,0.0,0.0
22198.523047956,68.4,106.4,106.4,7987.08984375,0.0,0.0
22199.52780848,71.1,110.3,110.3,7991.94140625,0.0,0.07775484618862444
22200.536333921,66.7,107.2,107.2,7991.94140625,0.0,0.0
22201.54207593,67.8,109.5,109.5,8013.96484375,0.0,0.0
22202.546531148,66.8,109.5,109.5,8017.72265625,0.0,0.0
22203.54946405,71.4,110.7,110.7,7991.94140625,0.0,0.011684480563587448
22204.551759954,67.8,109.7,109.7,7991.94140625,0.0,0.19096780624980456
22205.554706465,69.0,108.8,108.8,7991.94140625,0.0,0.0
22206.574040857,66.6,105.9,105.9,7994.2421875,0.0,0.0
22207.576713413,67.4,113.7,113.7,7991.94140625,0.0,0.0
22208.582740141,68.8,108.4,108.4,7991.94140625,0.0,0.0
22209.584930184,70.4,109.8,109.8,7991.94140625,0.0,0.054567993747261304
22210.587443296,69.4,109.7,109.7,7991.94140625,0.0,0.08572207083495637
22211.589815048,68.4,104.8,104.8,8009.55078125,0.0,0.0
22212.591974,66.9,109.1,109.1,7991.94140625,0.0,0.0
22213.601427056,66.2,110.6,110.6,7991.94140625,0.0,0.0
22214.603677468,70.7,111.7,111.7,7991.94140625,0.0,0.0
22215.607063458,72.9,107.4,107.4,7991.94140625,0.0,0.11289897519902062
22216.61407364,67.0,104.6,104.6,8003.76953125,0.0,0.0
22217.617033721,62.9,109.7,109.7,7991.94140625,0.0,0.0
22218.619422948,73.2,109.7,109.7,8017.58984375,0.0,0.0
22219.625400746,72.1,110.3,110.3,8012.83984375,0.0,0.0
22220.631151486,73.6,114.3,114.3,7991.94140625,0.0,0.07767829233728793
22221.634646794,68.6,108.0,108.0,7991.94140625,0.0,0.00778528802050429
22222.648950376,67.2,109.1,109.1,8014.953125,0.0,0.0
22223.653532733,66.9,109.6,109.6,7998.96484375,0.0,0.0
22224.655719026,69.8,110.7,110.7,7998.96484375,0.0,0.011693185270886319
22225.658564964,68.5,108.6,108.6,7977.94140625,0.0,0.07400812745768727
22226.663025986,62.5,105.5,105.5,7995.31640625,0.0,0.0
22227.669193147,70.7,109.5,109.5,7989.01953125,0.0,0.007764614373043462
22228.671543492,70.1,110.7,110.7,7989.01953125,0.0,0.0
22229.673920095,70.4,109.7,109.7,7989.546875,0.0,0.0
22230.676438689,66.2,106.4,106.4,7989.546875,0.0,0.0
22231.687057389,65.8,108.2,108.2,7989.546875,0.0,0.08503454369074596
22232.689849313,73.0,114.7,114.7,7989.546875,0.0,0.0
22233.692259581,67.8,104.7,104.7,8008.36328125,0.0,0.04286543281897248
22234.694441793,68.2,110.7,110.7,7989.546875,0.0,0.0
22235.697835435,69.0,109.6,109.6,7989.546875,0.0,0.0
22236.702050712,68.8,110.1,110.1,7989.546875,0.0,0.07001735744355446
22237.714568498,70.6,109.3,109.3,7992.8359375,0.0,0.0
22238.725902662,72.8,108.5,108.5,7989.546875,0.0,0.0
22239.728146929,68.7,109.7,109.7,7989.546875,0.0,0.007795005925453248
22240.731189733,67.5,105.5,105.5,8007.8515625,0.0,0.019472000518916097
22241.73647289,72.1,114.4,114.4,7989.546875,0.0,0.08548586475528441
22242.742035397,63.3,105.6,105.6,7989.546875,0.0,0.0
22243.744257695,67.6,108.8,108.8,7989.546875,0.0,0.0
22244.748026431,71.2,111.5,111.5,7989.546875,0.0,0.0
22245.751410234,69.0,111.4,111.4,7989.546875,0.0,0.011679229787214742
22246.762469583,66.4,110.0,110.0,7990.49609375,0.0,0.10045157101824896
22247.776055775,66.2,109.6,109.6,7989.546875,0.0,0.0
22248.778201616,67.8,102.8,102.8,7989.546875,0.0,0.0
22249.78058684,69.0,108.1,108.1,7989.546875,0.0,0.0
22250.791983699,69.2,111.3,111.3,7989.546875,0.0,0.0
22251.796065075,69.5,109.5,109.5,7989.546875,0.0,0.007780743858762084
22252.799789612,64.8,105.5,105.5,8014.87109375,0.0,0.08561861031794966
22253.809302976,65.3,111.2,111.2,7989.546875,0.0,0.0
22254.811729218,70.8,107.7,107.7,7991.48828125,0.0,0.0
22255.814458606,68.9,108.7,108.7,7989.546875,0.0,0.0
22256.817297257,69.4,107.7,107.7,7989.546875,0.0,0.011685578720298092
22257.820035578,69.8,110.7,110.7,7989.546875,0.0,0.07401607024052849
22258.822770477,72.6,109.6,109.6,7989.546875,0.0,0.0
22259.827049087,65.8,107.1,107.1,7989.546875,0.0,0.0
22260.837408733,65.4,107.3,107.3,7989.546875,0.0,0.0
22261.842952007,70.3,109.5,109.5,7989.546875,0.0,0.0
22262.845414309,71.5,110.8,110.8,7994.140625,0.0,0.08572641567523752
22263.8475875,67.2,110.6,110.6,7994.140625,0.0,0.007795558761843746
22264.853337549,71.2,104.0,104.0,7994.140625,0.0,0.12816927041479523
22265.862030604,63.4,111.6,111.6,7994.140625,0.0,0.0
22266.864349017,69.2,110.7,110.7,7994.140625,0.0,0.0
22267.867583642,69.5,110.0,110.0,7994.14453125,0.0,0.06619214323861629
22268.879726208,67.7,106.1,106.1,7994.140625,0.0,0.007718774273939847
22269.90161467,66.4,107.0,107.0,7994.140625,0.0,0.0
22270.904052553,67.2,110.7,110.7,7994.140625,0.0,0.0
22271.906478152,70.7,108.6,108.6,7994.140625,0.0,0.0
22272.910993648,63.9,109.1,109.1,7994.140625,0.0,0.13221548152171106
22273.922228111,50.9,100.4,100.4,7994.140625,0.0,0.0
22274.925550663,57.4,86.4,86.4,7994.44140625,0.0,0.007786628521844875
22275.936815796,87.1,132.5,132.5,7994.140625,0.0,0.00772547153564875
22276.945527066,85.6,134.9,134.9,7988.16015625,0.0,0.0
22277.952947288,84.2,126.0,126.0,7961.1953125,0.0,0.0
22278.960481935,84.1,128.2,128.2,7990.71484375,0.0,0.05427853043348948
22279.965661012,75.0,119.5,119.5,8047.421875,0.0,0.0
22280.970103451,76.9,124.6,124.6,8004.30078125,0.0,0.011666920417728356
22281.985727226,84.5,130.3,130.3,8032.640625,0.0,0.0
22282.996337826,83.8,132.2,132.2,8042.61328125,0.0,0.0
22283.999264709,81.7,133.4,133.4,7999.37890625,0.0,0.1246352073304223
22285.004108613,68.9,116.6,116.6,8000.28515625,0.0,0.0
22286.006895311,72.1,119.2,119.2,7994.38671875,0.0,0.0
22287.016583423,69.3,121.9,121.9,7994.38671875,0.0,0.0077375378665390715
22288.023184535,61.2,87.7,87.7,8032.23828125,0.0,0.07373203656863919
22289.025860413,87.6,100.2,100.2,7994.38671875,0.0,0.20258291284026453
22290.038192043,64.3,110.3,110.3,7994.38671875,0.0,0.0
22291.040652325,70.3,111.7,111.7,7994.38671875,0.0,0.0
22292.043457709,70.1,111.7,111.7,7994.38671875,0.0,0.0
22293.045872903,69.1,109.7,109.7,7994.38671875,0.0,0.007793676758671068
22294.048990674,71.4,109.2,109.2,7994.38671875,0.0,0.08567039931340326
22295.058736045,65.9,107.3,107.3,8006.00390625,0.0,0.0
22296.063042908,66.2,110.6,110.6,7996.8515625,0.0,0.0
22297.065781944,66.9,110.7,110.7,7994.38671875,0.0,0.0
22298.068748567,72.5,112.7,112.7,7994.38671875,0.0,0.007789391811095264
22299.070993205,70.1,105.6,105.6,7994.38671875,0.0,0.19487507599865503
22300.080032257,70.5,111.2,111.2,7994.38671875,0.0,0.0
22301.083181828,71.1,108.5,108.5,7994.38671875,0.0,0.0
22302.087623877,63.8,111.7,111.7,7994.38671875,0.0,0.0
22303.089805233,65.2,103.8,103.8,7994.38671875,0.0,0.0
22304.093167265,70.5,108.1,108.1,7994.38671875,0.0,0.08564954349406197
22305.102610381,68.9,110.5,110.5,8019.8359375,0.0,0.0
22306.105749994,73.4,110.4,110.4,7997.390625,0.0,0.0
22307.111076428,69.3,109.9,109.9,7994.38671875,0.0,0.0
22308.127072975,63.6,108.1,108.1,7994.38671875,0.0,0.0
22309.129470464,73.2,108.7,108.7,7994.38671875,0.0,0.09352577298812656
22310.131898009,69.3,110.7,110.7,7994.38671875,0.0,0.007793580732050823
22311.134756508,69.2,108.7,108.7,7994.38671875,0.0,0.0
22312.137069798,69.1,111.6,111.6,7994.38671875,0.0,0.0
22313.141471455,68.1,104.5,104.5,8026.70703125,0.0,0.0
22314.145921497,71.8,115.4,115.4,7994.38671875,0.0,0.08555676878575964
22315.152034346,61.7,106.5,106.5,7996.40625,0.0,0.011647550283877156
22316.15419374,68.5,108.8,108.8,7994.38671875,0.0,0.0
22317.157056738,70.4,108.7,108.7,7994.38671875,0.0,0.0
22318.159809214,73.0,109.7,109.7,7994.38671875,0.0,0.0
22319.162748565,71.0,107.7,107.7,7994.38671875,0.0,0.003894801810413024
22320.165463828,68.1,104.8,104.8,8004.08984375,0.0,0.16751390568943436
22321.16774323,62.9,109.7,109.7,7994.38671875,0.0,0.007794732670784681
22322.170395394,69.3,110.7,110.7,7994.38671875,0.0,0.0
22323.173353329,68.0,109.7,109.7,7994.38671875,0.0,0.0
22324.176088264,69.3,109.7,109.7,7994.38671875,0.0,0.0
22325.178979678,68.3,110.6,110.6,7994.38671875,0.0,0.14411455515783755
22326.185034054,69.1,110.4,110.4,7994.38671875,0.0,0.007765484834979167
22327.189578221,72.6,111.4,111.4,7994.38671875,0.0,0.0
22328.193508146,68.4,106.2,106.2,7994.38671875,0.0,0.0
22329.203677978,67.3,108.4,108.4,8017.22265625,0.0,0.0
22330.206307123,68.9,109.7,109.7,7994.38671875,0.0,0.0896081571615262
22331.210115042,69.8,108.9,108.9,7994.38671875,0.0,0.0
22332.222441205,67.7,113.3,113.3,7994.38671875,0.0,0.007717374385368392
22333.226050348,65.9,103.6,103.6,8018.80078125,0.0,0.0
22334.228831241,64.6,110.5,110.5,7994.38671875,0.0,0.0
22335.234234889,68.8,110.6,110.6,7994.38671875,0.0,0.09324613073185847
22336.236963496,70.0,110.7,110.7,7994.38671875,0.0,0.0
22337.239848116,69.1,109.7,109.7,7994.38671875,0.0,0.0
22338.242814859,68.7,108.5,108.5,8001.4921875,0.0,0.007789390879142995
22339.252720594,70.9,111.0,111.0,7994.38671875,0.0,0.0
22340.258037187,69.3,113.1,113.1,7994.38671875,0.0,0.08548302156589689
22341.264913449,66.1,103.6,103.6,8012.1484375,0.0,0.0
22342.267843955,70.5,111.7,111.7,7999.91796875,0.0,0.0
22343.270096764,70.1,110.6,110.6,7999.91796875,0.0,0.0
22344.27506551,62.7,104.6,104.6,7999.91796875,0.0,0.007773873596679425
22345.277409406,68.3,109.7,109.7,8000.3671875,0.0,0.06235384906250126
22346.280023653,68.1,109.6,109.6,7979.83984375,0.0,0.0
22347.285041955,65.4,105.6,105.6,7999.38671875,0.0,0.0
22348.290054119,68.8,110.4,110.4,8009.83984375,0.0,0.0
22349.294150414,74.4,107.6,107.6,7979.83984375,0.0,0.011670942377088024
22350.300221805,71.0,115.1,115.1,7982.23828125,0.0,0.0
22351.306086067,65.2,106.5,106.5,8028.71484375,0.0,0.12427124088408825
22352.313260642,72.0,110.1,110.1,7985.4453125,0.0,0.0
22353.317657387,67.8,110.6,110.6,7985.4453125,0.0,0.0
22354.32261754,68.2,109.5,109.5,7985.4453125,0.0,0.0
22355.325141147,65.2,110.7,110.7,7985.4453125,0.0,0.007792833949697801
22356.328284761,68.8,104.7,104.7,7985.4453125,0.0,0.07009215731312303
22357.331046953,66.0,110.7,110.7,7985.4453125,0.0,0.0
22358.333787351,71.8,110.7,110.7,7998.6875,0.0,0.0
22359.336359937,72.0,108.7,108.7,7998.6875,0.0,0.0
22360.338720214,67.9,109.6,109.6,7998.6875,0.0,0.007794103756156483
22361.344041654,60.2,104.6,104.6,8010.921875,0.0,0.0
22362.348153514,68.4,109.5,109.5,7979.83984375,0.0,0.08558558406015415
22363.350575946,67.7,110.7,110.7,7979.83984375,0.0,0.0
22364.353192459,72.7,111.7,111.7,7979.83984375,0.0,0.0
22365.356047661,69.2,110.6,110.6,7979.83984375,0.0,0.0
22366.361268927,69.2,110.2,110.2,7982.296875,0.0,0.007771920734505126
22367.370460371,61.7,105.4,105.4,7979.83984375,0.0,0.061930766824966836
22368.373787485,72.1,109.6,109.6,7984.60546875,0.0,0.0
22369.378388304,72.0,108.5,108.5,7984.60546875,0.0,0.0
22370.382620338,68.7,109.1,109.1,7985.515625,0.0,0.0
22371.393872153,66.3,106.9,106.9,8002.58203125,0.0,0.02317671983614085
22372.40232781,65.3,108.4,108.4,7987.09375,0.0,0.09296392890381572
22373.404533072,67.3,108.8,108.8,7984.60546875,0.0,0.0
22374.406728017,71.5,109.8,109.8,7984.60546875,0.0,0.0
22375.409086857,70.3,109.7,109.7,7984.60546875,0.0,0.0
22376.411580915,68.8,109.7,109.7,7984.60546875,0.0,0.011689595470892123
22377.413967033,69.5,109.6,109.6,7984.60546875,0.0,0.07404207686751091
22378.418547948,70.4,104.6,104.6,7984.60546875,0.0,0.0
22379.433455748,67.8,115.4,115.4,7984.60546875,0.0,0.0
22380.436654731,50.5,99.7,99.7,7984.60546875,0.0,0.0
22381.439150918,58.7,88.0,88.0,7989.27734375,0.0,0.0
22382.457473605,81.6,135.4,135.4,7937.03515625,0.0,0.08439122598055114
22383.470927698,80.4,129.8,129.8,7935.08984375,0.0,0.011563177928798577
22384.48407592,83.2,132.5,132.5,7998.75390625,0.0,0.12337780127864496
22385.491574912,78.7,125.9,125.9,7981.53125,0.0,0.0
22386.50163266,75.9,124.1,124.1,8009.765625,0.0,0.0
22387.50819137,81.2,126.1,126.1,7993.140625,0.0,0.0
22388.516910968,89.9,131.8,131.8,7993.16796875,0.0,0.10842953801741217
22389.5235285,87.3,134.3,134.3,8049.98828125,0.0,0.0
22390.54160134,78.0,127.0,127.0,7992.22265625,0.0,0.0
22391.546631188,69.8,115.3,115.3,8055.1875,0.0,0.0
22392.550839129,70.8,119.5,119.5,7989.2890625,0.0,0.0
22393.554230846,64.2,114.6,114.6,7989.2890625,0.0,0.08564700958157384
22394.558359784,76.4,77.3,77.3,7999.19140625,0.0,0.15171731859762075
22395.567158993,67.8,117.7,117.7,7972.640625,0.0,0.0
22396.571975381,67.5,110.5,110.5,7972.640625,0.0,0.0
22397.587097081,65.5,106.1,106.1,7989.546875,0.0,0.0
22398.591484712,68.9,108.4,108.4,7986.97265625,0.0,0.3072456693761195
22399.596517618,66.3,109.7,109.7,7972.640625,0.0,0.0
22400.59903552,72.0,109.7,109.7,7977.828125,0.015585756592284934,0.13637537018249318
22401.601181037,71.0,111.8,111.8,7977.828125,0.0,0.0
22402.6040374,69.2,109.2,109.2,7979.23828125,0.0,0.0
22403.612428567,66.0,110.5,110.5,7977.828125,0.0,0.12783357710619112
22404.615072124,67.8,109.7,109.7,7980.76171875,0.0,0.007791901663814648
22405.618050195,70.4,109.7,109.7,7980.76171875,0.0,0.007789302902920565
22406.620692669,66.9,104.6,104.6,8017.62890625,0.0,0.007791910080210471
22407.626084968,72.5,115.3,115.3,7980.76171875,0.0,0.0
22408.633856438,69.6,107.9,107.9,7980.76171875,0.0,0.06977028234399348
22409.642973931,68.1,107.5,107.5,8015.2109375,0.0,0.0
22410.649504625,74.5,111.2,111.2,7980.76171875,0.0,0.007761809994059927
22411.668479024,67.4,114.0,114.0,7981.02734375,0.0,0.0
22412.671743869,64.9,106.7,106.7,7981.02734375,0.0,0.0
22413.674064334,70.1,107.8,107.8,7981.02734375,0.0,0.17927150674267384
22414.676223637,71.1,111.8,111.8,7981.02734375,0.0,0.0
22415.678444276,70.7,111.7,111.7,7981.02734375,0.0,0.011692784546634086
22416.681222198,69.0,108.1,108.1,7987.43359375,0.0,0.0
22417.690729817,67.3,109.0,109.0,7984.64453125,0.0,0.0
22418.702560961,69.0,109.3,109.3,8021.24609375,0.0,0.0077211499629559616
22419.704812653,66.9,109.8,109.8,7984.64453125,0.3858499347886955,0.25333581577035563
22420.707031799,69.1,109.8,109.8,7984.64453125,0.0,0.0
22421.709196541,71.6,112.8,112.8,7992.15625,0.0,0.007795624484263644
22422.711739281,69.8,110.5,110.5,7972.640625,0.0,0.0
22423.717065866,65.9,104.5,104.5,8000.92578125,0.0,0.0
22424.72093327,74.7,114.7,114.7,7988.12890625,0.0,0.062259218449492344
22425.723887293,66.8,106.7,106.7,8016.70703125,0.0,0.0
22426.726927098,70.5,108.7,108.7,7989.12890625,0.0,0.007788823495392263
22427.72906556,69.1,109.8,109.8,7989.12890625,0.0,0.0
22428.732069858,70.6,102.5,102.5,8008.03515625,0.0,0.0
22429.73705349,68.0,114.5,114.5,7993.73046875,0.0,0.0855113429350293
22430.741046809,69.3,108.7,108.7,7989.12890625,0.0,0.0
22431.74325085,65.4,108.8,108.8,7989.12890625,0.0,0.007795318797758798
22432.745416592,67.3,110.8,110.8,7989.12890625,0.0,0.0
22433.747627091,70.5,110.7,110.7,7989.12890625,0.0,0.0
22434.75110577,69.4,110.6,110.6,7989.12890625,0.0,0.06228333626618286
22435.754820777,69.4,106.2,106.2,7989.12890625,0.0,0.0
22436.766355705,68.7,110.3,110.3,7989.12890625,0.0,0.0
22437.781487479,62.3,109.2,109.2,7999.99609375,0.0,0.007696045183601109
22438.784060608,72.7,107.7,107.7,7989.12890625,0.0,0.0
22439.78689068,70.3,110.7,110.7,7992.359375,0.0,0.08569497704488124
22440.789629976,66.6,110.7,110.7,7992.359375,0.0,0.0
22441.792294216,61.8,104.7,104.7,7992.359375,0.0,0.0
22442.794672827,70.4,110.7,110.7,7992.359375,0.0,0.007793961198163706
22443.798039198,73.0,109.6,109.6,7992.359375,0.0,0.0
22444.80069511,66.7,108.7,108.7,7992.359375,0.0,0.08570986214878387
22445.802978239,69.0,111.7,111.7,7992.359375,0.0,0.0
22446.80554837,70.8,108.6,108.6,7992.359375,0.0,0.0
22447.810087676,67.0,111.6,111.6,7992.359375,0.0,0.0
22448.815081953,67.9,103.5,103.5,7997.52734375,0.0,0.007773676108220234
22449.817940153,68.9,109.7,109.7,7997.52734375,0.0,0.13243397720616978
22450.82075888,67.7,110.7,110.7,7997.52734375,0.0,0.0
22451.823320629,66.1,105.6,105.6,8015.64453125,0.0,0.0
22452.828590866,70.5,111.3,111.3,7975.87109375,0.0,0.0
22453.838147002,68.3,109.6,109.6,7975.87109375,0.0,0.0
22454.853452794,68.1,107.1,107.1,7982.9296875,0.0,0.11157352877588288
22455.871437581,63.5,110.0,110.0,7982.9296875,0.0,0.0
22456.873648942,69.2,109.7,109.7,7982.9296875,0.0,0.0
22457.876398658,69.3,108.7,108.7,7982.9296875,0.0,0.0
22458.879054495,74.6,107.7,107.7,8011.90234375,0.0,0.0
22459.881823807,68.2,110.5,110.5,7982.9296875,0.0,0.07790924499271389
22460.888397866,70.4,113.4,113.4,7982.9296875,0.0,0.050449591409556196
22461.892695237,67.8,104.5,104.5,8021.47265625,0.0,0.0
22462.897611633,65.9,111.6,111.6,8020.3203125,0.0,0.0
22463.899791453,67.3,110.7,110.7,7982.9296875,0.0,0.0
22464.902397417,69.3,109.7,109.7,7982.9296875,0.0,0.0623375505872967
22465.905780434,68.7,106.8,106.8,7982.9296875,0.0,0.007786159290757943
22466.921601024,64.5,110.1,110.1,8023.82421875,0.0,0.0
22467.923810716,67.6,110.8,110.8,7982.9296875,0.0,0.0
22468.925988733,71.2,109.7,109.7,7982.9296875,0.0,0.0
22469.948977071,70.2,107.9,107.9,7982.9296875,0.0,0.1145540918182333
22470.95963502,68.1,107.4,107.4,8022.9140625,0.0,0.0
22471.965039135,63.6,110.5,110.5,7982.9296875,0.0,0.007770507285025777
22472.968021442,69.4,108.7,108.7,7990.5625,0.0,0.0
22473.970528323,66.6,108.7,108.7,7982.9296875,0.0,0.007792963966704921
22474.973536791,71.4,111.7,111.7,7982.9296875,0.0,0.06231253473324436
22475.976303828,69.3,109.7,109.7,7982.9296875,0.0,0.0
22476.979200361,67.6,110.7,110.7,7982.9296875,0.0,0.007789936192762076
22477.983033804,65.8,105.6,105.6,7982.9296875,0.0,0.0
22478.985609936,70.9,109.7,109.7,7982.9296875,0.0,0.12467881092553056
22479.988548472,71.2,109.6,109.6,7989.13671875,0.0,0.08568570945812151
22480.992788334,67.4,108.5,108.5,7989.13671875,0.0,0.0
22482.001589479,63.8,109.2,109.2,7993.5234375,0.0,0.0
22483.004448664,70.1,109.7,109.7,7993.5234375,0.0,0.011685339452732384
22484.006669501,70.9,109.7,109.7,7997.65625,0.0,0.0
22485.010038154,63.5,105.7,105.7,7997.65625,0.0,0.10122151982353059
22486.012202514,63.7,109.7,109.7,7997.65625,0.0,0.019489068639376515
22487.014968246,56.4,103.8,103.8,7997.65625,0.0,0.0
22488.016597888,50.6,99.8,99.8,7997.65625,0.0,0.0
22489.01884313,68.3,94.3,94.3,7940.3515625,0.0,0.0077949983423189284
22490.033389611,79.2,111.1,111.1,7870.12109375,0.0,0.10395654804923365
22491.046596889,83.0,127.4,127.4,7880.3984375,0.0,0.0
22492.060553955,81.8,134.6,134.6,7880.46875,0.0,0.0
22493.069138078,82.4,127.2,127.2,7970.83984375,0.0,0.0
22494.073446278,74.6,120.6,120.6,8026.93359375,0.0,0.007778986570078489
22495.076396406,77.9,128.7,128.7,7990.5078125,0.0,0.06231615935340661
22496.07904669,83.8,129.0,129.0,8029.453125,0.0,0.0
22497.08938968,84.4,133.3,133.3,8032.93359375,0.0,0.0
22498.091555819,84.4,131.5,131.5,7997.12890625,0.0,0.0
22499.09624638,73.4,116.1,116.1,7962.45703125,0.0,0.0077760260753580125
22500.106367873,73.3,121.6,121.6,7982.78515625,0.0,0.08507639981480564
22501.118386277,65.3,117.1,117.1,7924.390625,0.0,0.0
22502.122955713,70.8,70.6,70.6,7924.390625,0.0,0.06221570929830138
22503.132078298,74.6,115.0,115.0,7924.390625,0.0,0.0
22504.136036757,69.4,110.0,110.0,7924.390625,0.0,0.0
22505.146045478,67.2,104.0,104.0,7924.390625,0.0,0.18950950226543586
22506.159482286,71.5,109.1,109.1,7947.21875,0.0,0.053962417358744186
22507.163302779,70.2,110.7,110.7,7931.515625,0.0,0.0
22508.166044101,66.5,110.7,110.7,7925.43359375,0.0,0.0
22509.169029547,72.8,109.7,109.7,7906.73828125,0.0,0.0
22510.171522386,68.3,105.7,105.7,7941.75390625,0.0,0.07793073123378788
22511.173915647,65.9,110.7,110.7,7914.890625,0.0,0.007793847289255448
22512.176693661,66.5,109.7,109.7,7917.08203125,0.0,0.0
22513.179564215,70.2,108.7,108.7,7917.08203125,0.0,0.0
22514.182200235,70.8,108.7,108.7,7917.08203125,0.0,0.0
22515.185224873,70.2,109.6,109.6,7917.08203125,0.0,0.06231153017814446
22516.190599227,68.8,110.2,110.2,7917.08203125,0.0,0.0
22517.196657013,62.9,106.6,106.6,7917.08203125,0.0,0.007765458514140608
22518.198884764,66.9,108.8,108.8,7917.08203125,0.0,0.0
22519.201309756,72.2,105.7,105.7,7917.08203125,0.0,0.0
22520.204106274,72.8,113.5,113.5,7918.3515625,0.0,0.0
22521.218511823,69.2,107.0,107.0,7917.08203125,0.0,0.08471710361261604
22522.229041663,70.9,109.3,109.3,7917.0859375,0.0,0.0
22523.235413361,69.6,112.3,112.3,7917.08203125,0.0,0.011644554415913812
22524.238220944,66.4,111.7,111.7,7917.08203125,0.0,0.0
22525.241028129,67.3,106.7,106.7,7917.08203125,0.0,0.0
22526.243256779,69.9,110.8,110.8,7920.01953125,0.0,0.10133665606158292
22527.245493281,69.9,110.7,110.7,7920.01953125,0.0,0.0
22528.248946291,68.3,109.7,109.7,7920.01953125,0.0,0.00778561618942636
22529.251364585,76.5,104.1,104.1,7920.01953125,0.0,0.0
22530.262881462,69.8,114.3,114.3,7920.01953125,0.0,0.0
22531.26702952,63.7,104.6,104.6,7922.4609375,0.0,0.0
22532.273497367,66.4,110.3,110.3,7920.01953125,0.0,0.08538524132300078
22533.276247589,69.3,111.7,111.7,7920.01953125,0.0,0.007791072820126242
22534.279041951,68.7,108.7,108.7,7920.01953125,0.0,0.035058284462216115
22535.281256726,71.4,108.7,108.7,7920.01953125,0.0,0.0
22536.284196786,68.9,111.7,111.7,7920.01953125,0.0,0.035053191513769476
22537.28639555,70.0,111.7,111.7,7920.01953125,0.0,0.10523735788609531
22538.289065119,68.7,110.7,110.7,7920.01953125,0.0,0.0
22539.291931264,74.0,109.5,109.5,7920.01953125,0.0,0.13243292802531123
22540.296648178,68.4,107.3,107.3,7920.01953125,0.0,0.0
22541.30629189,67.5,107.4,107.4,7922.73046875,0.0,0.027082573461293908
22542.308622164,66.6,110.8,110.8,7921.796875,0.0,0.0
22543.311023654,70.0,112.7,112.7,7920.01953125,0.0,0.0818347247268404
22544.313385776,65.9,110.1,110.1,7920.01953125,0.0,0.0
22545.327396422,63.5,105.1,105.1,7920.01953125,0.0,0.007704554218271575
22546.334817991,69.9,110.3,110.3,7920.01953125,0.0,0.0
22547.337328313,69.2,109.7,109.7,7920.01953125,0.0,0.0
22548.339501537,70.4,111.7,111.7,7922.96875,0.0,0.06626224729375241
22549.351338937,70.0,107.8,107.8,7922.96875,0.0,0.0
22550.356902092,67.4,105.7,105.7,7922.96875,0.0,0.0
22551.371680555,62.4,109.1,109.1,7922.96875,0.0,0.011548087023218738
22552.374714962,69.7,110.7,110.7,7922.96875,0.0,0.0
22553.377512734,71.8,108.7,108.7,7922.96875,0.0,0.05063957202320322
22554.382311087,69.7,110.5,110.5,7922.96875,0.0,0.07386432290470966
22555.388083831,69.4,106.3,106.3,7922.96875,0.0,0.0
22556.405771067,62.9,108.7,108.7,7922.96875,0.0,0.0
22557.413676716,68.1,109.6,109.6,7922.96875,0.0,0.007751221562978006
22558.416022204,74.8,109.7,109.7,7927.2265625,0.0,0.007794218753450143
22559.422079401,73.8,110.3,110.3,7927.2265625,0.0,0.11259921437660164
22560.42904096,61.7,105.1,105.1,7910.83984375,0.0,0.0
22561.43371074,70.1,110.7,110.7,7916.18359375,0.0,0.0
22562.436090873,67.2,106.1,106.1,7916.18359375,0.0,0.007793949363898478
22563.452963757,61.8,108.8,108.8,7916.18359375,0.0,0.0
22564.455266596,69.8,108.6,108.6,7916.18359375,0.0,0.07404822885081544
22565.460466656,68.4,109.5,109.5,7916.18359375,0.0,0.0
22566.464899684,68.8,108.1,108.1,7916.18359375,0.0,0.0
22567.474584372,63.2,106.2,106.2,7916.1953125,0.0,0.0
22568.47995995,69.9,109.7,109.7,7916.18359375,0.0,0.007770727846352347
22569.48282263,69.9,110.7,110.7,7916.18359375,0.0,0.0856921906794767
22570.485248734,71.1,110.7,110.7,7916.18359375,0.0,0.0
22571.487627643,65.1,110.6,110.6,7916.18359375,0.0,0.0
22572.492285766,70.3,107.1,107.1,7916.18359375,0.0,0.0
22573.503603621,68.3,112.1,112.1,7916.18359375,0.0,0.04248787835345995
22574.508344284,70.0,108.5,108.5,7916.18359375,0.0,0.062205106552945894
22575.529537667,70.8,105.9,105.9,7917.6640625,0.0,0.0
22576.532035725,67.4,111.7,111.7,7918.6640625,0.0,0.0
22577.534948222,66.8,108.7,108.7,7916.18359375,0.0,0.0
22578.537809331,72.0,109.7,109.7,7916.18359375,0.0,0.0
22579.540129737,69.3,110.6,110.6,7923.65234375,0.0,0.0
22580.54407922,68.2,111.5,111.5,7923.65234375,0.0,0.0933811925676216
22581.548893744,67.2,103.7,103.7,7923.65234375,0.0,0.0
22582.55117152,65.1,110.7,110.7,7923.65234375,0.0,0.0
22583.553466432,69.7,109.6,109.6,7923.65234375,0.0,0.0
22584.559068009,68.1,111.4,111.4,7923.65234375,0.0,0.0
22585.563076106,70.0,106.4,106.4,7923.65234375,0.0,0.06225049398186546
22586.572056174,69.8,107.3,107.3,7949.06640625,0.0,0.007742967624186382
22587.57518614,65.8,110.6,110.6,7923.65234375,0.0,0.0
22588.579353164,69.8,108.6,108.6,7923.65234375,0.0,0.0
22589.581553862,68.8,110.8,110.8,7923.65234375,0.0,0.0
22590.583914823,68.6,109.7,109.7,7923.65234375,0.0,0.08573508281316394
22591.586139738,70.2,110.6,110.6,7923.65234375,0.0,0.0
22592.59030662,69.7,109.6,109.6,7923.65234375,0.0,0.007780081319182447
22593.593554923,65.9,106.5,106.5,7929.05859375,0.0,0.0
22594.598861973,53.5,105.7,105.7,7923.65234375,0.0,0.0
22595.601088602,50.9,99.8,99.8,7923.65234375,0.0,0.0
22596.603737341,71.4,96.3,96.3,7911.58984375,0.0,0.07012675253570741
22597.665964481,83.5,127.0,127.0,7881.21875,0.0,0.01103224494905345
22598.675770571,83.3,123.0,123.0,7881.32421875,0.0,0.0
22599.683060801,85.3,126.5,126.5,7965.69140625,0.0,0.1240953166003049
22600.685142594,83.7,128.0,128.0,7968.86328125,0.0,0.0
22601.695929056,74.3,125.3,125.3,7995.4921875,0.0,0.14298890560323244
22602.698839447,77.4,124.7,124.7,7988.87890625,0.0,0.0
22603.714033104,85.7,134.4,134.4,7994.5625,0.0,0.007695576056972528
22604.724040147,84.7,132.9,132.9,7990.46484375,0.0,0.06574830389562901
22605.748029679,80.4,126.1,126.1,8023.79296875,0.0,0.0
22606.751089358,69.5,121.5,121.5,7981.4375,0.0,0.0
22607.757112805,74.2,120.2,120.2,7983.60546875,0.0,0.054360065029368784
22608.767079789,68.2,113.9,113.9,7967.4921875,0.0,0.0
22609.771215581,70.7,70.4,70.4,7967.4921875,0.0,0.14782612190736408
22610.781042455,78.4,120.4,120.4,7967.4921875,0.0,0.0
22611.783533565,70.4,109.7,109.7,7967.4921875,0.0,0.0
22612.785864141,71.0,111.8,111.8,7967.4921875,0.0,0.33125922520099704
22613.789050542,68.1,103.7,103.7,8000.6640625,0.0,0.0
22614.791237461,66.4,110.8,110.8,7967.4921875,0.0,0.02338635593389939
22615.793548914,65.8,110.7,110.7,7967.4921875,0.007794483417909997,0.08963655930596497
22616.796051919,69.7,110.7,110.7,7967.4921875,0.0,0.0
22617.79838173,70.2,110.6,110.6,7967.4921875,0.0,0.14029813186871262
22618.802853342,69.9,104.7,104.7,7967.4921875,0.0,0.0
22619.805251613,63.6,108.7,108.7,7967.4921875,0.0,0.0
22620.807853184,70.8,110.7,110.7,7975.42578125,0.0,0.01558445593141202
22621.810519091,68.8,111.7,111.7,7975.42578125,0.0,0.0
22622.813790354,67.7,109.1,109.1,7975.42578125,0.0,0.10123134564437046
22623.825042351,67.3,107.1,107.1,8006.7265625,0.0,0.0
22624.829502005,72.3,110.7,110.7,8010.73046875,0.0,0.0
22625.831708373,69.0,111.6,111.6,7979.20703125,0.0,0.0
22626.836056982,66.2,109.6,109.6,7975.42578125,0.0,0.00777867359001945
22627.839713075,65.9,109.5,109.5,7975.42578125,0.0,0.07394838781678911
22628.844661315,71.7,109.4,109.4,7975.42578125,0.0,0.0038870161114005516
22629.849629223,69.8,110.4,110.4,7975.42578125,0.0,0.0
22630.855053731,67.8,110.7,110.7,7977.36328125,0.0,0.0
22631.857503437,62.4,103.7,103.7,7977.36328125,0.0,0.007793408440580057
22632.85980244,71.1,107.7,107.7,7977.36328125,0.0,0.08574038260308016
22633.862070992,64.0,111.7,111.7,7977.36328125,0.0,0.0
22634.864748434,65.2,106.7,106.7,7977.36328125,0.0,0.0
22635.866998038,70.4,108.6,108.6,7977.36328125,0.0,0.0
22636.872435298,68.7,108.2,108.2,7977.36328125,0.0,0.007770251124380225
22637.879641624,64.4,112.6,112.6,7977.36328125,0.0,0.12022735250358312
22638.881850569,66.3,104.7,104.7,7977.36328125,0.0,0.0
22639.884770338,66.1,110.6,110.6,7977.36328125,0.0,0.0
22640.888158792,72.6,111.4,111.4,7977.8359375,0.0,0.0
22641.895051762,71.3,109.5,109.5,7977.36328125,0.0,0.0
22642.898062056,67.5,105.2,105.2,8001.94140625,0.0,0.007789052661507552
22643.906319677,65.7,110.4,110.4,7998.18359375,0.0,0.08523367263488624
22644.914586811,67.2,109.3,109.3,7956.6171875,0.0,0.0
22645.918041841,70.4,108.6,108.6,7956.6171875,0.0,0.0
22646.920245986,66.8,111.7,111.7,7956.6171875,0.0,0.0
22647.924435642,64.5,106.6,106.6,7985.91796875,0.0,0.0
22648.930204774,72.5,107.4,107.4,7963.3125,0.0,0.0699091846855478
22649.933268271,68.2,110.7,110.7,7956.6171875,0.0,0.0
22650.93572007,66.9,108.7,108.7,7956.6171875,0.0,0.0
22651.937931158,69.0,111.7,111.7,7956.6171875,0.0,0.0
22652.940846381,68.4,110.7,110.7,7956.6171875,0.0,0.0
22653.944054492,72.9,109.7,109.7,7982.45703125,0.0,0.08566268459922402
22654.946838255,71.5,110.7,110.7,7978.56640625,0.0,0.0
22655.950071053,70.2,110.6,110.6,7956.6171875,0.0,0.0
22656.952566172,66.1,109.7,109.7,7956.6171875,0.0,0.0
22657.954762224,69.5,109.7,109.7,7956.765625,0.0,0.0
22658.957562856,70.8,110.5,110.5,7956.765625,0.0,0.0
22659.963178387,62.6,105.6,105.6,7956.765625,0.0,0.2214128990023832
22660.966045543,73.5,109.7,109.7,7963.578125,0.0,0.0
22661.968801383,65.4,108.7,108.7,7957.92578125,0.0,0.0
22662.971180988,69.8,110.7,110.7,7957.92578125,0.0,0.0
22663.974165464,69.7,111.6,111.6,7957.92578125,0.0,0.0
22664.978717416,68.5,103.5,103.5,8005.77734375,0.0,0.11276793576894104
22665.983317816,69.3,112.6,112.6,7961.05078125,0.0,0.0
22666.985605869,67.7,110.7,110.7,7961.05078125,0.0,0.0
22667.988273136,70.7,111.7,111.7,7961.05078125,0.0,0.0
22668.991044044,72.0,106.6,106.6,7961.05078125,0.0,0.0
22669.996053222,66.3,106.0,106.0,7961.05078125,0.0,0.09716951062515869
22671.007625812,63.7,111.2,111.2,7962.0234375,0.0,0.0
22672.014320169,67.8,109.3,109.3,7961.05078125,0.0,0.0
22673.015948123,69.2,109.8,109.8,7961.05078125,0.0,0.0
22674.018304223,71.1,111.7,111.7,7961.05078125,0.0,0.042867749295969655
22675.020628575,70.2,110.7,110.7,7961.05078125,0.0,0.07404663954521544
22676.023932229,69.9,108.5,108.5,7980.39453125,0.0,0.007786775188993751
22677.032039281,65.4,109.3,109.3,7985.29296875,0.0,0.0
22678.037332568,71.7,110.9,110.9,7980.39453125,0.0,0.0
22679.044916045,67.8,108.7,108.7,7980.39453125,0.0,0.0
22680.047152472,68.7,108.8,108.8,7955.98046875,0.0,0.08574573592098687
22681.049290317,69.8,111.8,111.8,7955.98046875,0.0,0.011693750573803301
22682.051523057,70.3,109.7,109.7,7955.98046875,0.0,0.0
22683.054394061,71.4,110.7,110.7,7955.98046875,0.0,0.0
22684.060039599,64.3,105.4,105.4,7979.76953125,0.0,0.0
22685.062643268,66.8,109.7,109.7,7955.98046875,0.0,0.10129875158080535
22686.064938038,71.6,111.7,111.7,7955.98046875,0.0,0.0
22687.067683816,66.0,107.5,107.5,7955.98046875,0.0,0.0077911073488338275
22688.077041374,66.7,108.7,108.7,7955.98046875,0.0,0.0
22689.086849957,66.2,109.4,109.4,7955.98046875,0.0,0.0
22690.089552324,70.3,110.6,110.6,7955.98046875,0.0,0.09739305821336815
22691.093019129,69.6,110.0,110.0,7955.98046875,0.0,0.0
22692.107747785,67.3,105.8,105.8,7984.28515625,0.0,0.007699102566767942
22693.113710178,65.1,109.5,109.5,7957.234375,0.0,0.0
22694.118693361,67.2,108.7,108.7,7957.234375,0.0,0.0
22695.120865521,69.8,110.7,110.7,7957.234375,0.0,0.07405788442585914
22696.123643932,69.8,109.7,109.7,7960.43359375,0.0,0.0
22697.125895212,69.9,109.7,109.7,7959.45703125,0.0,0.0
22698.128743074,71.1,110.7,110.7,7959.45703125,0.0,0.007790314260045807
22699.130906109,70.1,107.1,107.1,7959.45703125,0.0,0.0
22700.143490157,63.1,110.2,110.2,7959.45703125,0.0,0.08486949816143848
22701.14906574,65.2,106.5,106.5,7959.45703125,0.0,0.0
22702.151243142,66.2,109.8,109.8,7939.06640625,0.0,0.0
22703.153470354,50.8,99.8,99.8,7939.06640625,0.0,0.007795138573851626
22704.155712023,62.0,92.4,92.4,7939.06640625,0.0,0.0
22705.16541134,83.7,137.2,137.2,7939.06640625,0.0,0.0
22706.180229013,81.3,137.1,137.1,7901.09765625,0.0,0.10392876750778442
22707.187058029,80.7,130.7,130.7,7935.83203125,0.0,0.0
22708.195217658,81.9,127.8,127.8,7943.375,0.0,0.0
22709.205629478,77.8,123.3,123.3,7947.30078125,0.0,0.00773199585096123
22710.224039251,82.2,129.7,129.7,7995.640625,0.0,0.0
22711.228035196,88.6,137.1,137.1,7961.85546875,0.0,0.08559546522865433
22712.234224982,86.4,132.5,132.5,8008.796875,0.0,0.0
22713.237317145,73.9,124.0,124.0,7956.75390625,0.0,0.0
22714.25163713,70.8,118.8,118.8,7974.5078125,0.0,0.00770220454643566
22715.259100614,71.8,119.8,119.8,7934.625,0.0,0.0
22716.2692166,59.9,113.2,113.2,7939.28515625,0.0,0.0696083429768001
22717.273040637,81.3,75.0,75.0,7958.74609375,0.0,3.661778473639477
22718.290213943,72.0,118.1,118.1,7962.16015625,0.0,0.0
22719.300696162,65.5,104.7,104.7,7962.16015625,0.0,0.12370331476355437
22720.305039072,71.5,110.3,110.3,7941.64453125,0.0,0.0
22721.311028644,61.1,106.6,106.6,7941.64453125,0.0,0.0
22722.313243065,64.7,110.7,110.7,7945.8828125,0.023385714183375993,4.045728553724047
22723.315561423,69.9,108.7,108.7,7945.8828125,0.0,0.0
22724.32178013,70.2,109.7,109.7,7947.23046875,0.0,0.0
22725.334861069,69.0,111.0,111.0,7946.6328125,0.0,0.0
22726.340922964,67.9,110.0,110.0,7946.6328125,0.0,0.0
22727.357041094,64.8,105.7,105.7,7946.6328125,0.0,0.20759151300590864
22728.359657361,76.3,109.6,109.6,7946.6328125,0.0,0.0
22729.376014326,65.5,107.4,107.4,7946.6328125,0.0,0.0
22730.378187561,72.2,114.7,114.7,7951.4453125,0.0,0.0
22731.380300192,64.4,105.8,105.8,7951.4453125,0.0,0.0
22732.383059502,71.5,110.7,110.7,7966.87109375,0.0,0.0
22733.389135697,67.9,110.3,110.3,7965.015625,0.0,0.08153582244328503
22734.391894226,68.3,109.7,109.7,7965.015625,0.0,0.0
22735.394333511,69.4,108.8,108.8,7965.015625,0.0,0.0
22736.396490978,67.6,109.8,109.8,7965.015625,0.0,0.0
22737.398779695,68.4,110.7,110.7,7965.015625,0.0,0.0
22738.402053378,72.6,107.7,107.7,7965.015625,0.0,0.05450905463450452
22739.40463067,69.8,110.7,110.7,7965.015625,0.0,0.0
22740.407341125,66.2,111.6,111.6,7965.015625,0.0,0.0
22741.411734152,67.9,107.3,107.3,7965.015625,0.0,0.0
22742.432479262,70.3,109.6,109.6,7965.015625,0.0,0.045922336086450175
22743.445049821,69.4,114.1,114.1,7965.015625,0.0,0.0
22744.447844576,68.9,104.7,104.7,7966.74609375,0.0,0.0779072682724087
22745.453656604,68.2,109.4,109.4,7988.39453125,0.0,0.011651033864937014
22746.455829936,68.8,110.8,110.8,7965.015625,0.0,0.0
22747.45809834,68.0,109.6,109.6,7965.015625,0.0,0.0
22748.462799854,68.1,103.6,103.6,7978.234375,0.0,0.0
22749.46803689,65.1,109.4,109.4,8000.9375,0.0,0.14377827798232995
22750.470257654,67.0,112.8,112.8,7965.015625,0.0,0.0038975943627545286
22751.473064705,72.5,110.1,110.1,7965.02734375,0.0,0.0
22752.481192323,73.1,109.4,109.4,7965.015625,0.0,0.0
22753.485720824,68.3,109.8,109.8,7965.015625,0.0,0.0
22754.487968933,69.2,110.6,110.6,7965.015625,0.0,0.10133468857442005
22755.492190621,62.7,105.7,105.7,7999.5703125,0.0,0.0
22756.494964656,69.9,110.4,110.4,7965.015625,0.0,0.0
22757.501373188,68.1,111.6,111.6,7965.015625,0.0,0.0
22758.50372505,73.6,105.3,105.3,7965.015625,0.0,0.011691253784491096
22759.512061123,63.6,107.6,107.6,7998.2421875,0.0,0.0
22760.516038964,70.1,114.6,114.6,7967.5859375,0.0,0.08948778183250444
22761.519117861,62.2,105.5,105.5,7965.015625,0.0,0.0
22762.52310158,67.8,108.4,108.4,7965.015625,0.0,0.0
22763.530036414,67.3,106.6,106.6,7985.46875,0.0,0.0
22764.533917434,66.9,111.6,111.6,7965.015625,0.0,0.0
22765.543633651,72.5,112.5,112.5,7965.328125,0.0,0.08511054745208248
22766.555208422,68.3,107.5,107.5,7965.015625,0.0,0.0
22767.568041962,67.6,107.2,107.2,7992.171875,0.0,0.0
22768.571049507,69.8,109.7,109.7,7965.015625,0.0,0.0
22769.57348755,69.8,108.6,108.6,7965.015625,0.0,0.0
22770.578455827,72.1,108.6,108.6,7966.02734375,0.0,0.10883428114413178
22771.580882271,70.4,111.7,111.7,7965.015625,0.0,0.0
22772.583433419,72.5,110.7,110.7,7965.015625,0.0,0.0
22773.586480147,68.2,105.2,105.2,7965.015625,0.0,0.0
22774.598327262,67.3,113.2,113.2,7965.015625,0.0,0.0
22775.60069517,69.2,110.7,110.7,7965.015625,0.0,0.06235235535889868
22776.60343289,66.7,107.2,107.2,7965.015625,0.0,0.007791169958193357
22777.614966193,66.2,109.1,109.1,7994.82421875,0.0,0.0
22778.619306584,66.9,108.7,108.7,7965.015625,0.0,0.0
22779.622052116,69.7,109.6,109.6,7965.015625,0.0,0.0
22780.626228475,70.9,109.6,109.6,7946.45703125,0.0,0.16727016972099057
22781.629090452,68.2,109.7,109.7,7946.45703125,0.0,0.003895102306792142
22782.63203511,63.1,106.7,106.7,7952.203125,0.0,0.0
22783.634209242,71.7,113.7,113.7,7950.84765625,0.0,0.0
22784.638065723,68.7,107.6,107.6,7968.828125,0.0,0.0
22785.640243878,67.4,110.8,110.8,7950.84765625,0.0,0.058466401116161824
22786.642446348,70.6,110.7,110.7,7951.33984375,0.0,0.0
22787.644863712,70.5,110.7,110.7,7953.16796875,0.0,0.0
22788.647061234,72.3,107.7,107.7,7953.16796875,0.0,0.0
22789.651057197,66.6,109.6,109.6,7953.16796875,0.0,0.0
22790.654038586,64.2,104.7,104.7,7953.16796875,0.0,0.10126060275285825
22791.656261539,69.4,111.7,111.7,7953.16796875,0.0,0.031180686798724523
22792.659039403,68.9,108.7,108.7,7953.16796875,0.0,0.0
22793.661386718,72.0,109.6,109.6,7953.16796875,0.0,0.0
22794.666045798,73.2,109.5,109.5,7957.40625,0.0,0.0
22795.670246387,69.8,109.3,109.3,7975.77734375,0.0,0.0
22796.677374471,61.7,108.6,108.6,7975.77734375,0.0,0.0543004418888686
22797.679993247,70.5,110.7,110.7,7946.45703125,0.0,0.0
22798.682668042,72.1,106.3,106.3,7946.45703125,0.0,0.0
22799.69461044,59.9,109.1,109.1,7946.45703125,0.0,0.0
22800.696858599,69.9,109.7,109.7,7946.45703125,0.0,0.0
22801.699840341,70.8,110.7,110.7,7946.45703125,0.0,0.08568201832731087
22802.702018529,71.1,108.8,108.8,7946.45703125,0.0,0.0
22803.704252993,67.5,110.6,110.6,7946.45703125,0.0,0.0
22804.710261771,60.7,106.5,106.5,7951.93359375,0.0,0.0
22805.712457584,70.2,109.7,109.7,7951.93359375,0.0,0.12472612475404345
22806.715423713,69.3,110.5,110.5,7951.93359375,0.0,0.05842046735741734
22807.720231147,70.3,111.6,111.6,7951.93359375,0.0,0.0
22808.72323046,65.8,105.7,105.7,7951.93359375,0.0,0.0
22809.726318266,56.4,104.7,104.7,7951.93359375,0.0,0.0
22810.728510095,51.0,99.8,99.8,7951.93359375,0.0,0.0
22811.731035827,73.7,108.5,108.5,7906.48046875,0.0,0.0
22812.742133146,82.6,135.0,135.0,7916.01953125,0.0,0.08885766811150303
22813.751911933,78.4,133.0,133.0,7909.59375,0.0,0.0
22814.759598233,88.6,119.3,119.3,8000.7578125,0.0,0.0
22815.766369325,76.2,127.1,127.1,7959.34765625,0.0,0.0
22816.77532519,76.1,122.1,122.1,8017.66015625,0.0,0.0
22817.779905977,80.7,131.1,131.1,7973.10546875,0.0,0.09721094735599364
22818.788518948,87.4,127.6,127.6,7973.10546875,0.0,0.0
22819.801652652,83.8,129.0,129.0,8021.359375,0.0,0.0
22820.805762063,75.4,124.7,124.7,7946.05078125,0.0,0.0
22821.82042937,69.7,116.5,116.5,7976.06640625,0.0,0.01154935210698173
22822.832074262,71.4,118.1,118.1,7969.44921875,0.0,0.08880957212390518
22823.835637527,62.5,116.5,116.5,7951.93359375,0.0,0.0
22824.840097181,78.1,79.0,79.0,7951.93359375,0.0,0.14000064556112995
22825.858344773,74.6,119.8,119.8,7951.93359375,0.0,0.0
22826.8628591,65.0,103.7,103.7,7952.0625,0.0,0.0
22827.865158371,69.7,111.7,111.7,7954.76953125,0.0,0.288399391642355
22828.868038394,66.8,108.0,108.0,7954.76953125,0.0,0.0
22829.880870905,65.8,108.3,108.3,7954.76953125,0.0,0.007713516218294533
22830.883665707,68.3,110.7,110.7,7954.76953125,0.015581452924209213,0.12854698662472602
22831.886102533,69.0,109.8,109.8,7954.83203125,0.0,0.0
22832.900679413,68.3,107.7,107.7,7954.76953125,0.0,0.1309043233865952
22833.912836408,69.4,112.3,112.3,7954.76953125,0.0,0.0
22834.915617041,67.1,110.5,110.5,7954.76953125,0.0,0.031163346171248007
22835.921035453,64.2,106.4,106.4,7955.16796875,0.0,0.007770396788781344
22836.926234371,73.6,110.6,110.6,7955.16796875,0.0,0.0
22837.929881128,65.6,110.6,110.6,7955.16796875,0.0,0.11676169845893761
22838.932854384,72.7,111.7,111.7,7955.16796875,0.0,0.0038946701486138697
22839.935090713,70.7,112.8,112.8,7970.5546875,0.0,0.0
22840.936919462,73.3,110.6,110.6,7970.5546875,0.0,0.0
22841.941441625,63.2,106.6,106.6,7970.5546875,0.0,0.0
22842.944214016,66.1,108.7,108.7,7950.6328125,0.0,0.0
22843.946539441,71.1,111.7,111.7,7951.26953125,0.0,0.12860718363986975
22844.94922329,70.4,108.7,108.7,7951.26953125,0.0,0.0
22845.951871565,63.3,107.7,107.7,7951.26953125,0.0,0.0
22846.954153896,68.5,112.7,112.7,7951.26953125,0.0,0.0
22847.956546757,69.2,110.6,110.6,7951.26953125,0.0,0.003896925199673865
22848.961278289,69.3,104.0,104.0,7952.1640625,0.0,0.08164494433318946
22849.974040439,62.4,110.2,110.2,7952.1640625,0.0,0.0
22850.977021188,69.9,109.7,109.7,7952.1640625,0.0,0.0
22851.979503842,69.7,109.7,109.7,7952.1640625,0.0,0.0
22852.982398937,71.2,122.6,122.6,7952.1640625,0.0,0.0
22853.986266817,66.8,105.2,105.2,7952.1640625,0.0,0.0
22854.995272736,70.5,114.2,114.2,7952.1640625,0.0,0.08517046172049904
22856.000903935,64.5,110.6,110.6,7953.6328125,0.0,0.0
22857.012967095,69.7,107.8,107.8,7980.296875,0.0,0.0
22858.015299905,68.3,111.7,111.7,7962.0078125,0.0,0.0038971586692860927
22859.017488224,74.5,107.7,107.7,7962.0078125,0.0,0.04677264652899617
22860.021041479,69.2,109.6,109.6,7941.15234375,0.0,0.12844983498124776
22861.03498705,63.0,107.6,107.6,7949.09765625,0.0,0.0
22862.037316262,70.5,110.7,110.7,7959.01171875,0.0,0.0
22863.039510401,68.5,106.7,106.7,7959.01171875,0.0,0.0
22864.042350761,70.8,110.7,110.7,7944.78125,0.0,0.0
22865.045052209,68.1,112.6,112.6,7944.78125,0.0,0.15582903596243358
22866.049932739,66.3,106.6,106.6,7964.8359375,0.0,0.05442189232190131
22867.052202266,70.5,111.7,111.7,7965.71875,0.0,0.0
22868.054514958,68.1,108.8,108.8,7965.71875,0.0,0.0
22869.056734256,72.3,109.4,109.4,7965.71875,0.0,0.003897600063974993
22870.065033223,63.6,105.5,105.5,7938.03125,0.0,0.0
22871.067786966,71.2,113.7,113.7,7938.03515625,0.0,0.0818059773625101
22872.079029315,64.9,104.8,104.8,7940.51953125,0.0,0.0
22873.081042479,68.9,110.7,110.7,7940.51953125,0.0,0.0
22874.084153538,68.6,110.7,110.7,7940.51953125,0.0,0.0
22875.087180389,71.8,110.1,110.1,7949.14453125,0.0,0.0
22876.095726503,67.7,109.5,109.5,7949.14453125,0.0,0.05422409470506912
22877.100387404,65.7,106.3,106.3,7949.14453125,0.0,0.0
22878.109369675,68.3,114.4,114.4,7949.14453125,0.0,0.0
22879.121075374,72.4,103.2,103.2,7973.4921875,0.0,0.0077221073358648435
22880.128140887,72.5,118.2,118.2,7963.453125,0.0,0.0
22881.138186965,67.3,105.3,105.3,7963.046875,0.0,0.0
22882.143194082,69.5,108.4,108.4,7961.75,0.0,0.1204904402681013
22883.146033315,65.5,105.6,105.6,7990.515625,0.0,0.0
22884.151034043,65.4,110.5,110.5,7961.75,0.0,0.0
22885.153315235,67.6,110.6,110.6,7961.75,0.0,0.0
22886.158123968,66.4,104.5,104.5,8010.98828125,0.0,0.0
22887.165135854,64.3,112.3,112.3,7962.6328125,0.0,0.0543067075576514
22888.170545522,69.8,106.4,106.4,7986.34765625,0.0,0.0
22889.176796312,69.0,109.3,109.3,7962.6328125,0.0,0.0
22890.178988565,75.6,109.8,109.8,7962.6328125,0.0,0.0
22891.181192818,65.3,111.7,111.7,7962.6328125,0.0,0.0
22892.184265356,67.5,109.7,109.7,7962.6328125,0.0,0.07788569324768314
22893.18682321,68.6,107.3,107.3,7962.6328125,0.0,0.0
22894.197196982,72.1,114.3,114.3,7962.6328125,0.0,0.0
22895.199191268,66.5,110.6,110.6,7962.6328125,0.0,0.0
22896.203159384,64.1,105.7,105.7,7962.6328125,0.0,0.050580540547688804
22897.205810812,70.3,110.7,110.7,7962.6328125,0.0,0.07402248471142077
22898.208937962,69.6,111.7,111.7,7962.6328125,0.0,0.0
22899.211937433,69.8,104.4,104.4,7991.05078125,0.0,0.0
22900.220806737,68.2,110.3,110.3,7979.2109375,0.0,0.12390108362322241
22901.223633118,68.8,109.7,109.7,7962.6328125,0.0,0.0
22902.225843131,70.1,109.8,109.8,7962.6328125,0.0,0.07795272346768269
22903.228078137,67.8,109.8,109.8,7962.6328125,0.0,0.0
22904.230248267,66.3,107.7,107.7,7962.6328125,0.0,0.007795582572397732
22905.237692159,63.6,107.2,107.2,7962.6328125,0.0,0.0
22906.241504022,69.8,109.6,109.6,7962.6328125,0.0,0.0
22907.247810863,69.3,110.4,110.4,7982.40234375,0.0,0.09704420761279467
22908.25003967,68.6,111.7,111.7,7962.6328125,0.0,0.0
22909.252752004,65.8,106.7,106.7,7962.6328125,0.0,0.0
22910.258468337,69.2,109.3,109.3,7962.6328125,0.0,0.0
22911.261876752,66.6,109.8,109.8,7962.6328125,0.0,0.0
22912.264047578,72.7,110.8,110.8,7962.6328125,0.0,0.07795577158425712
22913.267414277,71.3,110.6,110.6,7962.6328125,0.0,0.0
22914.27009451,67.9,111.5,111.5,7964.3671875,0.0,0.003895808325965372
22915.274760006,70.3,109.7,109.7,7964.3671875,0.0,0.0
22916.277534378,66.3,104.7,104.7,7974.8984375,0.0,0.0
22917.279676252,67.3,113.8,113.8,7964.3671875,0.0,0.05846851780191383
22918.281890398,54.9,99.8,99.8,7964.3671875,0.0,0.0
22919.284028475,53.9,100.8,100.8,7964.3671875,0.0,0.0
22920.287031124,69.3,92.3,92.3,7938.2734375,0.0,0.0
22921.297795089,85.4,128.1,128.1,7919.01171875,0.0,0.0
22922.305048038,80.8,132.7,132.7,7929.99609375,0.0,0.07756244355267931
22923.311978925,81.0,131.5,131.5,7975.41015625,0.0,0.0
22924.315383053,79.2,124.9,124.9,7968.03515625,0.0,0.0
22925.333619842,75.8,125.8,125.8,7973.5546875,0.0,0.0
22926.345935054,79.6,128.3,128.3,8022.03125,0.0,0.0
22927.355352981,83.7,131.3,131.3,8012.1484375,0.0,0.1006149160652079
22928.360373243,85.0,126.7,126.7,8010.75,0.27595836669895313,0.0
22929.37032486,81.6,124.4,124.4,7956.89453125,0.0,0.0
22930.37857539,69.0,120.1,120.1,7977.703125,0.0,0.0
22931.386889577,72.3,121.5,121.5,7986.703125,0.0,0.0
22932.39910407,64.6,115.1,115.1,7971.421875,0.0,0.07718225785180728
22933.403927517,70.3,79.4,79.4,7971.421875,0.0,0.06608748054015853
22934.412060782,78.0,122.5,122.5,7971.421875,0.0,0.0
22935.428965132,66.5,107.1,107.1,7971.421875,0.0,0.0038413150656730665
22936.431213086,69.1,108.8,108.8,7971.421875,0.0,0.0
22937.433447219,67.3,110.7,110.7,7971.421875,0.0,0.21826237283089459
22938.436057107,73.9,111.7,111.7,7971.421875,0.0,0.0
22939.43903529,68.5,108.7,108.7,7971.421875,0.0,0.0
22940.441984813,67.2,105.3,105.3,7971.421875,0.0,0.0
22941.451963392,71.5,112.3,112.3,7971.421875,0.0,0.0
22942.457038207,67.2,105.4,105.4,7995.01953125,0.0,0.11659579789561732
22943.462488477,65.0,109.6,109.6,7985.28125,0.0,0.0
22944.464756566,68.8,112.7,112.7,7971.421875,0.0,0.0
22945.467667406,67.8,108.2,108.2,7971.421875,0.0,0.007789825065624366
22946.478855271,70.2,112.3,112.3,7971.421875,0.0,0.0
22947.482087223,65.4,108.5,108.5,7971.421875,0.0,0.09734164647104127
22948.487039654,71.2,105.1,105.1,8007.56640625,0.0,0.0
22949.4952185,67.4,116.5,116.5,7976.015625,0.0,0.0
22950.501410781,62.4,106.5,106.5,7971.421875,0.0,0.0
22951.503786587,70.0,110.6,110.6,7971.421875,0.4715359720077762,0.0
22952.508467843,70.6,109.5,109.5,7971.421875,0.0,0.0
22953.512666325,69.4,110.6,110.6,7971.421875,0.0,0.0777983649649244
22954.515745619,70.4,109.7,109.7,7971.421875,0.0,0.0
22955.518431007,68.9,109.7,109.7,7971.421875,0.0,0.0
22956.521370257,69.2,109.2,109.2,7971.421875,0.0,0.0
22957.532881041,66.4,109.3,109.3,7971.421875,0.0,0.0
22958.535036657,70.8,110.8,110.8,7971.421875,0.0,0.062365563792896865
22959.537357459,68.4,111.7,111.7,7971.421875,0.0,0.0
22960.539502999,70.7,110.8,110.8,7971.421875,0.0,0.12473238168600824
22961.541622391,71.2,110.8,110.8,7972.6640625,0.0,0.0
22962.543764602,73.7,109.6,109.6,7972.6640625,0.0,0.023387399256044855
22963.549041861,63.0,105.6,105.6,8001.46484375,0.0,0.07771487845831283
22964.551182456,67.8,109.8,109.8,7972.6640625,0.0,0.0
22965.552989483,66.7,110.2,110.2,7979.4453125,0.0,0.0
22966.564270043,69.0,111.2,111.2,7979.4453125,0.0,0.0
22967.568686591,65.3,104.6,104.6,7979.4453125,0.0,0.0
22968.571607396,66.3,110.7,110.7,7979.4453125,0.0,0.0545282336624758
22969.574033945,71.3,109.7,109.7,7962.1328125,0.0,0.0
22970.577215779,66.4,110.2,110.2,7962.1328125,0.0,0.0077877207652628745
22971.591781954,70.1,111.8,111.8,7962.1328125,0.0,0.0
22972.59391327,67.6,104.8,104.8,7962.1328125,0.0,0.0
22973.596050298,67.1,111.7,111.7,7962.1328125,0.0,0.12083552110787511
22974.599038365,69.3,110.7,110.7,7962.1328125,0.0,0.0
22975.601243687,67.5,109.7,109.7,7962.1328125,0.0,0.0
22976.604048536,65.5,104.7,104.7,7962.1328125,0.0,0.0
22977.606818619,67.9,110.7,110.7,7966.59765625,0.0,0.0
22978.612612655,73.1,107.4,107.4,7976.98046875,0.0,0.01941873713790873
22979.614795675,67.2,111.4,111.4,7964.21484375,0.0,0.09744352882784602
22980.623796225,67.1,105.1,105.1,7962.23046875,0.0,0.0
22981.636171887,70.2,109.5,109.5,7962.23046875,0.0,0.0038584985264180642
22982.647054269,65.8,109.8,109.8,7980.60546875,0.0,0.0
22983.6539048,66.9,108.7,108.7,7962.23046875,0.0,0.0
22984.656080413,71.0,109.8,109.8,7962.23046875,0.0,0.058466549415188855
22985.658319407,68.9,110.8,110.8,7962.23046875,0.0,0.0
22986.66055715,71.1,110.6,110.6,7963.65234375,0.0,0.0
22987.666038273,64.7,105.6,105.6,7988.80859375,0.0,0.0
22988.670048555,74.1,107.5,107.5,7991.953125,0.0,0.0
22989.675040722,66.7,113.2,113.2,7963.65234375,0.0,0.07773692429188972
22990.695043388,70.6,106.2,106.2,7963.65234375,0.0,0.0
22991.713138947,66.1,111.9,111.9,7963.65234375,0.0,0.0
22992.721206767,72.0,110.7,110.7,7965.89453125,0.0,0.0
22993.73371357,63.7,105.0,105.0,7964.0546875,0.0,0.042437986463613936
22994.73640024,71.5,110.7,110.7,7972.125,0.0,0.0
22995.739068079,66.2,105.6,105.6,8009.4765625,0.0,0.054541990749817686
22996.743041306,65.2,110.7,110.7,8007.04296875,0.0,0.0
22997.746042623,68.8,109.7,109.7,7972.125,0.0,0.0
22998.748986751,71.5,110.7,110.7,7972.125,0.0,0.0
22999.751781034,70.0,110.7,110.7,7972.125,0.0,0.0
23000.755098264,69.8,108.6,108.6,7972.125,0.0,0.07786669825262678
23001.757977683,70.4,110.6,110.6,7972.125,0.0,0.0038950345634713598
23002.762043985,67.4,110.3,110.3,7972.125,0.0,0.0
23003.772397226,64.1,106.1,106.1,7972.125,0.0,0.0
23004.775195918,68.5,109.7,109.7,7972.125,0.0,0.0
23005.777402232,68.2,111.6,111.6,7972.125,0.0,0.0
23006.782038982,67.5,104.6,104.6,7993.46875,0.0,0.058323319349013254
23007.789041582,68.0,109.9,109.9,7981.2734375,0.0,0.0
23008.795303609,70.3,106.7,106.7,7972.125,0.0,0.0
23009.798083427,68.3,109.7,109.7,7972.125,0.0,0.0
23010.801367169,70.0,108.8,108.8,7972.125,0.0,0.0
23011.814198676,64.1,111.5,111.5,7972.125,0.0,0.08099200057767227
23012.816504864,67.6,104.7,104.7,7972.125,0.0,0.0
23013.819394582,69.2,110.5,110.5,8015.1484375,0.0,0.0
23014.826614504,67.8,110.4,110.4,7972.125,0.0,0.0
23015.829104762,69.5,108.7,108.7,7972.125,0.0,0.0
23016.832417569,68.6,110.7,110.7,7975.078125,0.0,0.06618698529188104
23017.834185915,69.1,110.8,110.8,7975.078125,0.0,0.0
23018.836935035,74.6,108.9,108.9,7978.69140625,0.0,0.0
23019.852223485,67.7,108.2,108.2,7985.9765625,0.0,0.12311772088039337
23020.854426559,69.2,109.8,109.8,7978.69140625,0.0,0.0
23021.856677455,66.8,110.7,110.7,7956.83984375,0.0,0.0
23022.858875525,70.4,109.7,109.7,7956.83984375,0.0,0.07795365241549496
23023.861926209,60.2,106.6,106.6,7956.83984375,0.0,0.0
23024.86773678,70.2,110.4,110.4,7956.83984375,0.0,0.0
23025.870909825,58.0,105.6,105.6,7956.83984375,0.0,0.035045050477837035
23026.875523591,51.0,99.6,99.6,7956.83984375,0.0,0.0
23027.881289003,60.5,92.3,92.3,7956.83984375,0.0,0.054374011422104324
23028.890549561,86.3,123.7,123.7,7905.1015625,0.0,0.0
23029.897202019,83.9,129.9,129.9,7907.41015625,0.0,0.0
23030.910439535,78.4,133.2,133.2,7911.4765625,0.0,0.0
23031.923357855,84.3,129.1,129.1,8002.21875,0.0,0.0
23032.927703891,74.4,123.8,123.8,7957.00390625,0.0,0.007778693517943238
23033.941036224,76.6,125.0,125.0,7992.07421875,0.0,0.11950052915155374
23034.944042818,82.0,130.1,130.1,7957.26171875,0.0,0.0
23035.955248189,85.5,131.4,131.4,7999.83984375,0.0,0.0
23036.963666184,85.6,132.5,132.5,8015.26171875,0.0,0.0
23037.969834874,69.5,119.8,119.8,7949.6640625,0.0,0.0
23038.981626148,74.2,114.2,114.2,7973.6171875,0.0,0.10037890482909309
23039.984445177,69.8,117.6,117.6,7968.546875,0.0,0.0
23040.98807225,57.3,109.6,109.6,7949.9921875,0.0,0.0
23041.991972657,85.9,65.6,65.6,7956.765625,0.0,0.143969709536815
23043.000821563,68.6,111.5,111.5,7956.765625,0.0,0.0
23044.013900874,62.1,108.4,108.4,7956.765625,0.0,0.2660514799516533
23045.016067158,67.9,108.7,108.7,7956.765625,0.0,0.0
23046.018662274,72.4,114.4,114.4,7956.765625,0.0,0.0
23047.028458484,66.2,108.2,108.2,7962.26171875,0.0,0.007736709568353319
23048.031390634,68.4,108.1,108.1,7962.26171875,0.007789659549746842,0.09737074437183552
23049.041991108,69.3,111.4,111.4,7962.26171875,0.0,0.03478748615755441
23050.046955618,63.9,105.5,105.5,7962.26171875,0.0,0.1554781272822145
23051.048947131,68.3,110.7,110.7,7962.26171875,0.0,0.0
23052.05191943,69.1,109.7,109.7,7962.26171875,0.0,0.0
23053.054808192,72.1,110.5,110.5,7962.26171875,0.0,0.007789996553980946
23054.059837962,70.4,107.9,107.9,7963.35546875,0.0,0.0
23055.077109968,69.7,109.3,109.3,7966.359375,0.0,0.05759890142892705
23056.092043023,64.5,110.9,110.9,7968.33984375,0.0,0.0
23057.095325505,69.0,109.6,109.6,7966.359375,0.0,0.0
23058.099030645,70.8,111.1,111.1,7968.234375,0.0,0.0661611138108074
23059.112752089,64.8,105.1,105.1,7966.359375,0.0,0.0
23060.114959819,69.8,108.8,108.8,7966.359375,0.0,0.07795290104192379
23061.117139405,64.4,105.8,105.8,7974.984375,0.0,0.0
23062.122072757,64.4,109.3,109.3,7969.06640625,0.0,0.0
23063.125771764,73.0,110.5,110.5,7966.359375,0.0,0.0
23064.130850564,74.7,112.5,112.5,7966.359375,0.0,0.0
23065.138054768,63.6,108.4,108.4,7969.32421875,0.0,0.054296338103987644
23066.14022315,70.6,110.7,110.7,7969.32421875,0.0,0.0
23067.143166893,68.8,111.5,111.5,7969.32421875,0.0,0.0
23068.146809361,61.4,105.8,105.8,7969.32421875,0.0,0.003892073247754855
23069.149011466,73.3,107.7,107.7,7969.32421875,0.0,0.0
23070.152026385,65.2,105.6,105.6,7986.38671875,0.0,0.08178467582703713
23071.159050939,68.6,111.3,111.3,7969.32421875,0.0,0.0
23072.161748529,66.3,110.7,110.7,7969.32421875,0.0,0.0
23073.16493087,69.8,110.1,110.1,7969.32421875,0.0,0.003893858414722347
23074.177348062,66.4,106.3,106.3,7969.32421875,0.0,0.0
23075.180163996,69.8,114.4,114.4,7970.62109375,0.0,0.06232449832613332
23076.189071418,66.0,105.3,105.3,7985.77734375,0.0,0.0
23077.195459935,70.7,109.3,109.3,7969.32421875,0.0,0.0
23078.197881353,65.9,108.8,108.8,7969.32421875,0.0,0.0077936283679753025
23079.200076774,72.0,103.8,103.8,7969.32421875,0.0,0.0
23080.20323001,70.4,111.3,111.3,7969.32421875,0.0,0.22195636918607592
23081.210044535,68.1,103.5,103.5,7969.32421875,0.0,0.0
23082.214769728,67.3,112.0,112.0,7989.35546875,0.0,0.0
23083.224588003,67.8,110.5,110.5,7969.32421875,0.0,0.0
23084.228068474,69.3,108.6,108.6,7969.32421875,0.0,0.0
23085.231149693,68.5,110.7,110.7,7969.32421875,0.0,0.06620226631906771
23086.233623815,70.5,110.7,110.7,7969.32421875,0.0,0.0
23087.236505018,69.2,111.5,111.5,7969.32421875,0.0,0.0
23088.240950181,62.9,104.7,104.7,7969.32421875,0.0,0.0
23089.24306049,72.9,107.8,107.8,7969.32421875,0.0,0.0
23090.245432561,69.2,108.7,108.7,7969.32421875,0.0,0.0
23091.248120132,69.9,111.6,111.6,7969.32421875,0.0,0.11297761463934615
23092.252084914,72.5,110.5,110.5,7969.32421875,0.0,0.0
23093.255854567,68.8,110.6,110.6,7969.32421875,0.0,0.0
23094.261044407,64.2,106.3,106.3,7991.40234375,0.0,0.0
23095.266574886,70.6,108.5,108.5,7995.625,0.0,0.0
23096.272044516,64.0,110.5,110.5,7969.32421875,0.0,0.05439000678720777
23097.274438455,72.3,109.7,109.7,8013.0703125,0.0,0.0
23098.276731182,71.6,110.7,110.7,7969.70703125,0.0,0.0
23099.279163311,71.5,110.7,110.7,7969.70703125,0.0,0.007793545092964829
23100.282133714,68.2,108.1,108.1,7969.70703125,0.0,0.0
23101.293470076,65.3,109.3,109.3,8005.70703125,0.0,0.0
23102.296862786,67.1,108.7,108.7,7969.70703125,0.0,0.12068430315812567
23103.299861232,68.7,110.6,110.6,7969.70703125,0.0,0.0
23104.305177829,66.7,108.1,108.1,7969.70703125,0.0,0.0
23105.31468194,65.2,107.4,107.4,7969.70703125,0.0,0.0
23106.465911961,65.8,109.2,109.2,7969.70703125,0.0,0.0
23107.473042012,63.3,110.4,110.4,7969.70703125,0.0,0.054300335836226676
23108.477180644,66.3,104.7,104.7,7969.70703125,0.0,0.0
23109.479465172,65.7,109.7,109.7,7969.70703125,0.0,0.0
23110.482616249,74.9,113.4,113.4,7969.70703125,0.0,0.0
23111.492069217,67.5,110.2,110.2,7969.70703125,0.0,0.0
23112.496033021,65.6,110.6,110.6,7969.70703125,0.0,0.0
23113.498166031,69.1,109.6,109.6,7969.70703125,0.0,0.07795871328505827
23114.502599823,69.1,108.1,108.1,7969.70703125,0.0,0.007778013904169721
23115.517596881,67.6,112.8,112.8,7969.70703125,0.0,0.0
23116.523509212,62.7,106.5,106.5,7969.70703125,0.0,0.007766581400036974
23117.525304961,66.3,108.8,108.8,7969.70703125,0.0,0.0
23118.527613486,72.4,109.8,109.8,7969.70703125,0.0,0.1052258335326929
23119.529566136,71.4,110.7,110.7,7969.70703125,0.0,0.0
23120.532536069,71.2,110.7,110.7,7969.70703125,0.0,0.0
23121.53550657,75.9,110.7,110.7,7969.70703125,0.0,0.0
23122.538438957,60.3,105.7,105.7,7971.5390625,0.0,0.0
23123.541033425,68.7,109.7,109.7,7969.70703125,0.0,0.07792283170651872
23124.543188106,72.4,112.8,112.8,7969.70703125,0.0,0.0
23125.545450545,69.5,109.7,109.7,7969.70703125,0.0,0.0
23126.547742608,68.4,108.8,108.8,7969.70703125,0.0,0.0
23127.550181036,69.1,109.7,109.7,7969.70703125,0.0,0.05065772478544359
23128.552974453,71.2,108.7,108.7,7969.70703125,0.0,0.05453516055544276
23129.555762412,70.7,110.7,110.7,7969.70703125,0.0,0.0
23130.55844841,71.7,109.7,109.7,7969.70703125,0.0,0.0
23131.561506814,68.2,106.8,106.8,7969.70703125,0.0,0.0
23132.576258531,69.9,111.3,111.3,7969.70703125,0.0,0.0
23133.578585277,70.3,111.7,111.7,7969.70703125,0.0,0.07794364493605298
23134.581341087,57.9,104.7,104.7,7969.70703125,0.0,0.019477573508131802
23135.583627871,50.9,100.8,100.8,7969.70703125,0.0,0.01948668815328639
23136.586308025,67.3,91.4,91.4,7929.5859375,0.0,0.0
23137.595481379,87.9,134.6,134.6,7926.96875,0.0,0.0
23138.609676187,87.0,126.2,126.2,7934.3671875,0.0,0.08473470710190996
23139.621689966,87.1,126.0,126.0,7990.76171875,0.0,0.0
23140.628492726,78.6,129.5,129.5,7973.04296875,0.0,0.0
23141.642147424,75.4,126.3,126.3,7979.55859375,0.0,0.0
23142.65217658,77.6,124.4,124.4,7991.98828125,0.0,0.0
23143.661190165,83.8,129.4,129.4,7976.20703125,0.0,0.07742710421481697
23144.676039298,84.5,131.5,131.5,8013.58203125,0.0,0.0038490942870023845
23145.679056234,76.6,124.6,124.6,7987.58984375,0.0,0.0
23146.681704727,70.0,116.6,116.6,8045.390625,0.0,0.0
23147.685756972,70.8,120.5,120.5,7984.76953125,0.0,0.0
23148.689810829,66.7,113.6,113.6,7970.0703125,0.0,0.08170004968175976
23149.693851677,75.1,76.6,76.6,7970.0703125,0.0,0.07781057927649859
23150.698598564,69.9,117.7,117.7,7970.0703125,0.0,0.0
23151.700793971,68.5,109.7,109.7,7970.0703125,0.0,0.0
23152.70348912,67.9,109.7,109.7,7970.07421875,0.0,0.0
23153.706169264,74.7,115.3,115.3,7970.0703125,0.0,0.17920719890047673
23154.728245221,73.0,111.8,111.8,7970.0703125,0.0,0.0
23155.732585503,69.1,109.6,109.6,7970.0703125,0.0,0.0
23156.735439844,69.9,108.0,108.0,7970.0703125,0.0,0.0
23157.754045697,66.0,106.7,106.7,7997.28125,0.0,0.0
23158.757088229,69.4,107.7,107.7,7970.0703125,0.0,0.0
23159.759525622,69.2,109.7,109.7,7970.0703125,0.0,0.11300581042839006
23160.76306229,68.2,110.6,110.6,7970.0703125,0.0,0.0
23161.768041496,62.4,104.5,104.5,7970.0703125,0.0,0.0
23162.77084976,74.2,113.7,113.7,7970.0703125,0.0,0.0
23163.773997199,66.5,109.6,109.6,7970.0703125,0.0,0.0
23164.776394613,69.2,109.9,109.9,7970.0703125,0.0,0.05455670499173798
23165.792056242,64.1,106.2,106.2,7970.0703125,0.0,0.13076451468457542
23166.794390994,68.5,111.7,111.7,7970.0703125,0.0,0.0
23167.79653166,71.8,109.8,109.8,7970.0703125,0.0,0.0
23168.79871075,71.1,108.7,108.7,7970.0703125,0.0,0.0
23169.801574466,67.2,111.5,111.5,7970.0703125,0.0,0.0
23170.81023139,69.5,106.7,106.7,7974.1953125,0.0,0.1200544477696621
23171.823710552,75.3,111.1,111.1,7988.09375,0.0,0.0
23172.846890438,73.0,109.8,109.8,7976.53515625,0.0,0.0
23173.856653819,63.5,105.6,105.6,7974.1953125,0.0,0.0
23174.859246535,64.6,109.7,109.7,7953.359375,0.0,0.0
23175.861863498,67.2,105.7,105.7,8009.76953125,0.0,0.05454475838545931
23176.865212333,70.2,110.5,110.5,7989.48828125,0.0,0.0
23177.869897266,67.8,110.7,110.7,7966.0546875,0.0,0.0
23178.87246982,68.9,110.7,110.7,7959.953125,0.0,0.0
23179.87462171,70.4,109.7,109.7,7959.953125,0.0,0.0
23180.87766096,68.2,111.5,111.5,7959.953125,0.0,0.007788827805112567
23181.886301087,66.8,104.2,104.2,8012.30078125,0.0,0.1200564470500958
23182.890044345,70.0,110.3,110.3,7984.56640625,0.0,0.0
23183.896215993,72.0,110.5,110.5,7987.1953125,0.0,0.0
23184.900465637,64.2,108.6,108.6,7967.3515625,0.0,0.042786920818660944
23185.902831242,69.4,108.9,108.9,7967.3515625,0.0,0.0
23186.917308246,65.1,108.2,108.2,7967.3515625,0.0,0.09626265515636966
23187.923298962,66.2,108.4,108.4,7967.3515625,0.0,0.0
23188.925667301,72.4,108.7,108.7,7967.3515625,0.0,0.0
23189.929052914,73.8,109.7,109.7,7967.3515625,0.0,0.0
23190.944252764,64.4,107.3,107.3,7995.11328125,0.0,0.0
23191.946732517,66.2,108.7,108.7,7967.3515625,0.0,0.07793174851265418
23192.949661668,68.7,110.6,110.6,7967.3515625,0.0,0.0
23193.954594231,69.2,105.3,105.3,7991.3125,0.0,0.0
23194.963042935,70.8,115.3,115.3,7967.77734375,0.0,0.0
23195.978047422,68.2,105.5,105.5,8013.1484375,0.0,0.046182061853343497
23196.980803712,66.9,110.7,110.7,7967.3515625,0.0,0.06232820539079304
23197.983878508,69.2,109.7,109.7,7967.3515625,0.0,0.0
23198.986692543,70.5,103.7,103.7,7971.2265625,0.0,0.0
23199.991398768,61.4,112.4,112.4,7967.3515625,0.0,0.12441447747556492
23200.99606233,71.5,109.5,109.5,7967.3515625,0.0,0.0038881175228753415
23201.99843829,71.0,109.7,109.7,7967.3515625,0.0,0.0
23203.001169078,67.7,105.4,105.4,7967.3515625,0.0,0.11686835729221946
23204.009502324,66.6,117.4,117.4,7967.3515625,0.0,0.0
23205.012523813,65.1,106.7,106.7,7969.94140625,0.0,0.0
23206.014760377,70.5,109.8,109.8,7969.94140625,0.0,0.0
23207.016609437,68.6,108.8,108.8,7969.94140625,0.0,0.0
23208.018835528,67.7,103.3,103.3,7969.94140625,0.0,0.05456603104932513
23209.030091143,73.0,110.7,110.7,7969.94140625,0.0,0.0
23210.037866445,70.3,115.2,115.2,7969.94140625,0.0,0.0
23211.044309453,62.5,105.7,105.7,7969.94140625,0.0,0.0
23212.046532513,71.1,110.7,110.7,7969.94140625,0.0,0.003897585433723027
23213.049583883,68.0,108.1,108.1,7969.94140625,0.0,0.11293663852925472
23214.061514534,67.2,113.3,113.3,7969.94140625,0.0,0.0
23215.064066615,62.6,104.7,104.7,7983.5625,0.0,0.0
23216.066820884,66.4,109.7,109.7,7969.94140625,0.0,0.0
23217.069576565,69.1,111.7,111.7,7969.94140625,0.0,0.0
23218.071876496,69.7,111.7,111.7,7969.94140625,0.0,0.05456201113923705
23219.074361442,75.4,107.0,107.0,7970.0625,0.0,0.0
23220.085477619,71.4,112.2,112.2,7969.94140625,0.0,0.0
23221.09331072,67.4,107.8,107.8,7969.94140625,0.0,0.0
23222.105375903,61.1,108.4,108.4,7969.94140625,0.0,0.0
23223.108325078,70.7,110.7,110.7,7969.94140625,0.0,0.007789527320769764
23224.110787866,69.5,110.7,110.7,7969.94140625,0.0,0.0779330673767725
23225.113041954,69.2,112.5,112.5,7969.94140625,0.0,0.0
23226.118050768,66.4,105.3,105.3,7969.94140625,0.0,0.0
23227.131044977,67.0,110.0,110.0,7989.484375,0.0,0.0
23228.133907049,71.1,110.9,110.9,7969.94140625,0.0,0.0
23229.149030414,66.5,111.1,111.1,7969.94140625,0.0,0.061568871483943854
23230.152030685,69.3,110.7,110.7,7969.94140625,0.0,0.0
23231.157043865,73.2,110.4,110.4,7969.94140625,0.0,0.0
23232.160055207,69.6,109.7,109.7,7986.7109375,0.0,0.0077890445230892405
23233.162305127,67.7,116.6,116.6,7969.94140625,0.0,0.0
23234.167045886,61.8,105.5,105.5,7969.94140625,0.0,0.0
23235.174322566,71.3,109.0,109.0,7985.05859375,0.0,0.12021895513351587
23236.183805752,70.9,108.3,108.3,7969.94140625,0.0,0.0
23237.186294986,65.4,110.8,110.8,7969.94140625,0.0,0.0
23238.188774195,70.6,110.7,110.7,7969.94140625,0.0,0.0
23239.191028973,70.9,105.7,105.7,7969.94140625,0.0,0.0
23240.193890322,68.8,109.6,109.6,7969.94921875,0.0,0.12074824712390891
23241.198494156,65.6,110.6,110.6,7969.94921875,0.0,0.0
23242.20064423,61.1,104.6,104.6,7969.94921875,0.0,0.0
23243.205347324,50.7,100.7,100.7,7969.94921875,0.0,0.0
23244.208058626,72.2,108.0,108.0,7976.51953125,0.0,0.0
23245.222095709,81.3,131.9,131.9,7975.1015625,0.0,0.053930473467828206
23246.225668618,80.5,131.3,131.3,7974.41015625,0.0,0.0
23247.231261508,84.3,131.8,131.8,7974.94921875,0.0,0.007769048565964996
23248.246358209,75.2,118.9,118.9,7976.921875,0.0,0.0
23249.252038081,79.2,126.3,126.3,8002.13671875,0.0,0.0
23250.25523594,84.2,132.6,132.6,7975.859375,0.0,0.00389379818243277
23251.259182391,89.4,138.0,138.0,8021.55078125,0.0,0.12061773800710873
23252.266041734,89.7,137.5,137.5,7987.30859375,0.0,0.0
23253.279971402,70.2,119.1,119.1,7999.83984375,0.0,0.0
23254.283461547,70.7,119.0,119.0,7992.08203125,0.0,0.0
23255.295643818,74.4,118.2,118.2,7971.39453125,0.0,0.0
23256.298448513,58.9,110.7,110.7,7971.39453125,0.0,0.10906909445620996
23257.301773022,86.1,82.8,82.8,7995.32421875,0.0,3.6752814935908265
23258.3040778,69.9,110.7,110.7,7971.39453125,0.0,0.0
23259.306974882,72.1,108.7,108.7,7971.39453125,0.0,3.676847870210518
23260.309472331,68.8,111.7,111.7,7971.39453125,0.0,0.12468859658950782
23261.314060993,63.7,106.5,106.5,7989.6171875,0.0,0.22552762993394315
23262.318206696,67.1,109.6,109.6,7971.39453125,0.0,0.007780245413262281
23263.320405852,71.4,108.6,108.6,7971.39453125,0.0155907135886855,0.11303267351796988
23264.324571495,68.2,112.5,112.5,7971.39453125,0.0,0.0
23265.329318346,68.9,104.0,104.0,7971.39453125,0.0,0.08164369952311315
23266.342038623,66.2,111.2,111.2,7991.73828125,0.0,0.0
23267.347039715,68.9,109.5,109.5,7973.3828125,0.0,0.1399252210958709
23268.35004425,69.4,109.7,109.7,7971.39453125,0.0,0.007789097384294446
23269.352332252,72.7,108.7,108.7,7971.39453125,0.0,0.0
23270.355357267,68.3,109.5,109.5,7971.39453125,0.0,0.0
23271.359431371,71.7,108.7,108.7,7971.39453125,0.0,0.0
23272.362707861,69.8,111.6,111.6,7971.39453125,0.0,0.0817633531907028
23273.367539153,66.3,107.1,107.1,7971.39453125,0.0,0.0
23274.37546728,63.9,109.7,109.7,7999.4140625,0.0,0.0
23275.377795873,73.0,113.7,113.7,7971.39453125,0.0,0.0
23276.380158894,66.4,108.7,108.7,7971.39453125,0.0,0.0
23277.38253116,70.0,109.7,109.7,7971.39453125,0.0,0.05455807373660835
23278.385809374,70.0,110.4,110.4,7971.39453125,0.0,0.01168045895595961
23279.391021641,66.4,103.7,103.7,7971.39453125,0.0,0.0
23280.394034573,73.3,113.1,113.1,7972.640625,0.0,0.0
23281.405123671,66.3,109.3,109.3,7972.640625,0.0,0.0
23282.408336562,67.6,110.7,110.7,7972.640625,0.0,0.08955601628139764
23283.41119076,66.8,103.7,103.7,7972.640625,0.0,0.0
23284.414065337,68.9,113.1,113.1,7972.640625,0.0,0.007790106738345506
23285.424060769,67.4,107.5,107.5,7972.640625,0.0,0.0
23286.426773413,67.6,110.6,110.6,7972.640625,0.0,0.0
23287.430535635,68.1,109.6,109.6,7972.640625,0.0,0.0
23288.435030131,68.7,110.6,110.6,7972.640625,0.0,0.06222035088189889
23289.439194195,64.5,105.6,105.6,7972.640625,0.0,0.0038900515762688823
23290.441383196,69.9,108.8,108.8,7972.640625,0.0,0.0077954357832800214
23291.443180875,69.7,110.7,110.7,7972.640625,0.0,0.0
23292.447036827,64.3,105.7,105.7,7990.16015625,0.0,0.04280370098359061
23293.449369132,69.3,109.7,109.7,7972.640625,0.0,0.07794321265562132
23294.451660089,69.4,109.6,109.6,7972.640625,0.0,0.0
23295.457045878,61.6,105.6,105.6,7972.640625,0.0,0.015541297848974506
23296.45923801,69.0,109.8,109.8,7972.640625,0.0,0.0
23297.461415072,69.4,111.6,111.6,7972.640625,0.0,0.0
23298.465512651,72.5,100.4,100.4,7972.640625,0.0,0.1283802019803764
23299.475943302,66.3,115.0,115.0,7972.640625,0.0,0.0
23300.482039785,67.5,105.5,105.5,8001.734375,0.0,0.0
23301.488333757,67.0,110.3,110.3,7972.640625,0.0,0.007763635893091142
23302.490598483,68.9,109.7,109.7,7972.640625,0.0,0.0
23303.492774804,70.2,110.8,110.8,7972.640625,0.0,0.1052397145992056
23304.49505501,68.4,108.8,108.8,7972.640625,0.0,0.0
23305.498520769,69.8,109.1,109.1,7972.640625,0.0,0.0
23306.509648327,70.5,110.9,110.9,7972.92578125,0.0,0.007726522670854067
23307.519038562,65.5,104.3,104.3,7983.58203125,0.0,0.0
23308.521940167,68.3,109.7,109.7,7972.640625,0.0,0.08179391636336353
23309.524317738,68.9,111.7,111.7,7972.640625,0.0,0.0
23310.52652955,69.0,108.7,108.7,7972.640625,0.0,0.0
23311.529050117,69.3,110.7,110.7,7972.640625,0.0,0.0
23312.531724233,68.4,105.8,105.8,7972.640625,0.0,0.0077916641861333884
23313.549063514,65.7,109.8,109.8,7972.640625,0.0,0.08447280234306835
23314.55732535,64.6,109.4,109.4,7972.640625,0.0,0.0
23315.560289365,70.2,110.7,110.7,7972.640625,0.0,0.0
23316.563249212,70.8,109.7,109.7,7972.640625,0.0,0.0
23317.56547408,68.4,110.7,110.7,7972.640625,0.0,0.0
23318.568598978,73.7,109.7,109.7,7972.640625,0.0,0.07788162785677544
23319.573059472,69.2,110.5,110.5,7972.640625,0.0,0.0
23320.575887986,67.6,108.6,108.6,7972.640625,0.0,0.12464743299075867
23321.587080541,69.1,108.9,108.9,8020.46875,0.0,0.0
23322.589599118,68.0,111.6,111.6,7975.0703125,0.0,0.0
23323.597033134,68.9,110.3,110.3,7975.0703125,0.0,0.08530335350527139
23324.599432885,66.3,111.6,111.6,7975.0703125,0.0,0.058453476212020926
23325.604119661,67.7,105.8,105.8,7975.0703125,0.0,0.0
23326.618139192,72.1,113.1,113.1,7975.0703125,0.0,0.0
23327.623111064,65.7,105.6,105.6,7975.08203125,0.0,0.0
23328.62574116,68.4,110.7,110.7,7954.8125,0.0,0.05454404392814983
23329.627943171,69.6,108.7,108.7,7954.8125,0.0,0.007795334587510824
23330.630817862,70.2,110.7,110.7,7960.484375,0.0,0.0
23331.633061541,71.6,109.8,109.8,7960.54296875,0.0,0.0
23332.635285723,68.3,109.7,109.7,7960.54296875,0.0,0.0
23333.638258774,68.7,107.7,107.7,7964.84765625,0.0,0.0856827607824098
23334.641035875,69.1,106.0,106.0,7971.35546875,0.0,0.0077908639838467405
23335.654154168,70.0,115.3,115.3,7971.35546875,0.0,0.0
23336.657030824,64.9,112.7,112.7,7971.35546875,0.0,0.0
23337.664045848,64.8,105.3,105.3,7971.35546875,0.0,0.0
23338.666569152,75.8,108.7,108.7,7971.35546875,0.0,0.08572119935481545
23339.669474534,66.8,110.7,110.7,7971.35546875,0.0,0.0
23340.671688477,66.8,109.7,109.7,7971.35546875,0.0,0.007795241779028122
23341.675032853,68.7,111.7,111.7,7971.35546875,0.0,0.0
23342.677667087,69.3,108.7,108.7,7971.35546875,0.0,0.0
23343.68051107,72.4,109.7,109.7,7971.35546875,0.0,0.08569378832262539
23344.68280257,68.8,110.7,110.7,7971.35546875,0.0,0.0
23345.68607434,71.5,110.5,110.5,7971.35546875,0.0,0.007787022652911941
23346.690907197,67.8,108.9,108.9,7971.35546875,0.0,0.0
23347.704411485,66.5,108.8,108.8,7971.35546875,0.0,0.0
23348.719546608,63.2,107.8,107.8,7971.35546875,0.0,0.0
23349.72183801,51.6,100.7,100.7,7971.35546875,0.0,0.08574103282612701
23350.726249062,65.2,95.2,95.2,7923.44140625,0.0,0.0
23351.735050641,83.1,128.9,128.9,7924.69921875,0.0,0.007744337600812855
23352.744504333,88.0,131.3,131.3,7932.0,0.0,0.0
23353.759359337,89.0,133.6,133.6,7972.75390625,0.0,0.0
23354.76795402,75.4,127.3,127.3,8004.18359375,0.0,0.0619674097567839
23355.771255437,74.3,120.8,120.8,7975.78125,0.0,0.0
23356.786041576,77.4,126.5,126.5,8034.4140625,0.0,0.007698666447791209
23357.794132777,85.6,134.2,134.2,7981.01953125,0.0,0.0
23358.812523257,89.4,134.1,134.1,7988.765625,0.0,0.0
23359.820872299,80.8,127.1,127.1,7983.4921875,0.0,0.08909985159680749
23360.831534331,68.6,120.0,120.0,7977.83984375,0.0,0.0
23361.836945019,71.8,118.5,118.5,8030.046875,0.0,0.0
23362.840607756,67.5,121.6,121.6,7992.89453125,0.0,0.0116759839416161
23363.844337419,66.3,72.6,72.6,7992.8984375,0.0,0.06615949737056957
23364.84976428,76.2,112.4,112.4,7992.89453125,0.0,0.21368411600450152
23365.854938711,65.5,108.6,108.6,7992.89453125,0.0,0.0
23366.857071673,66.8,108.7,108.7,7992.89453125,0.0,0.0
23367.859888907,69.9,112.6,112.6,7992.89453125,0.0,0.011685828287201014
23368.864189422,65.8,107.6,107.6,8012.57421875,0.0,0.0
23369.866861177,72.4,110.7,110.7,7992.89453125,0.0,0.031166730132963897
23370.869747788,66.3,109.1,109.1,7992.89453125,0.0,0.15580026524046414
23371.883701006,67.1,108.4,108.4,7992.89453125,0.0,0.0
23372.898040435,71.1,109.1,109.1,7992.89453125,0.0,0.0
23373.904045085,65.3,110.4,110.4,7995.0703125,0.0,0.00776586867664882
23374.906240523,69.0,110.7,110.7,7995.0703125,0.0,0.0
23375.90857092,70.6,109.7,109.7,7995.0703125,0.0,0.09353203323025715
23376.91118824,70.6,113.5,113.5,7995.0703125,0.0,0.0
23377.917043688,67.2,105.1,105.1,8012.171875,0.0,0.0
23378.924865193,67.3,108.7,108.7,7995.0703125,0.0,0.0077518687200622575
23379.928248333,66.8,108.2,108.2,7995.0703125,0.0,0.0
23380.936855699,68.9,111.0,111.0,7995.0703125,0.0,0.12393326106218512
23381.947050237,71.2,111.0,111.0,7978.13671875,0.0,0.08507024812305704
23382.955964066,65.3,106.4,106.4,8003.0703125,0.0,0.0
23383.95943677,67.5,108.6,108.6,7988.5703125,0.0,0.0
23384.963378807,69.6,111.5,111.5,7988.5703125,0.0,0.007781823762818058
23385.967914975,62.5,105.6,105.6,7988.5703125,0.0,0.0
23386.97280028,67.6,109.5,109.5,7988.5703125,0.0,0.06219615282367118
23387.975031416,71.0,109.8,109.8,7988.5703125,0.0,0.0
23388.977307674,72.9,107.7,107.7,7988.5703125,0.0,0.0
23389.980360285,69.8,110.6,110.6,7988.5703125,0.0,0.007788724055255797
23390.985094742,66.7,106.1,106.1,7988.5703125,0.0,0.03499058856312927
23391.996037563,67.3,110.2,110.2,7988.5703125,0.0,0.0
23393.00018077,65.7,105.6,105.6,7988.5703125,0.0,0.07780264752620629
23394.003041218,71.8,111.4,111.4,7988.5703125,0.0,0.0
23395.007426589,67.0,108.8,108.8,8012.30859375,0.0,0.0
23396.009641603,66.2,109.7,109.7,7988.5703125,0.0,0.007795233448782546
23397.012523094,69.0,109.7,109.7,7988.5703125,0.0,0.0
23398.014673981,69.8,108.7,108.7,7988.5703125,0.0,0.08965092099936477
23399.017174724,74.2,108.7,108.7,7991.09765625,0.0,0.0
23400.019699431,70.1,107.7,107.7,7988.5703125,0.0,0.0
23401.022524248,69.7,110.7,110.7,7988.5703125,0.0,0.0
23402.024741316,68.8,108.8,108.8,7988.5703125,0.0,0.007795217472799147
23403.026544178,67.1,110.6,110.6,7988.5703125,0.0,0.08578284536785591
23404.031545518,66.3,110.8,110.8,7988.5703125,0.0,0.03109448590388252
23405.042855318,73.4,107.5,107.5,7988.5703125,0.0,0.0
23406.046605991,67.9,105.6,105.6,7988.5703125,0.0,0.0
23407.050806818,68.7,112.6,112.6,7988.5703125,0.0,0.0
23408.055044409,72.1,108.6,108.6,7988.5703125,0.0,0.0700158016688793
23409.058082003,71.4,103.6,103.6,7988.5703125,0.0,0.0
23410.063048814,71.4,104.5,104.5,8025.09765625,0.0,0.0
23411.065832673,67.9,110.7,110.7,7988.5703125,0.0,0.0
23412.069028544,67.4,109.5,109.5,7988.5703125,0.0,0.0
23413.074038388,66.6,108.6,108.6,7988.5703125,0.0,0.09716944623274955
23414.076706176,69.2,111.7,111.7,7988.5703125,0.0,0.0
23415.079391952,69.5,108.7,108.7,7988.5703125,0.0,0.0
23416.082503923,70.0,108.7,108.7,7988.5703125,0.0,0.0
23417.085258494,68.9,107.6,107.6,7988.5703125,0.0,0.0
23418.089944389,70.5,110.5,110.5,7988.5703125,0.0,0.08942471517421045
23419.094101195,68.1,104.5,104.5,8007.69921875,0.0,0.0
23420.098635207,63.9,110.6,110.6,7988.5703125,0.0,0.0
23421.10098937,70.2,109.7,109.7,7988.5703125,0.0,0.0
23422.10603299,69.3,109.0,109.0,7989.4765625,0.0,0.0
23423.116863014,70.6,108.6,108.6,7988.5703125,0.0,0.0927455633234062
23424.133257747,64.5,107.1,107.1,7988.5703125,0.0,0.0
23425.14991438,71.3,108.5,108.5,7988.5703125,0.0,0.0
23426.160182854,66.4,108.4,108.4,8021.7265625,0.0,0.0
23427.163048228,71.7,110.7,110.7,8031.703125,0.0,0.0
23428.165552694,65.9,107.7,107.7,7988.5703125,0.0,0.06234386191753979
23429.168365114,70.7,108.7,108.7,7988.5703125,0.0,0.03895294795013281
23430.172066625,69.3,104.6,104.6,8022.046875,0.0,0.0
23431.17519031,67.7,110.3,110.3,8019.8828125,0.0,0.0
23432.184530038,68.7,109.3,109.3,7988.5703125,0.0,0.0
23433.188298706,67.7,109.6,109.6,7988.5703125,0.0,0.12453068519161278
23434.190623125,66.4,109.7,109.7,7988.5703125,0.0,0.0
23435.194973206,66.5,109.6,109.6,7988.5703125,0.0,0.042782642041773594
23436.19704501,73.0,108.9,108.9,7988.5703125,0.0,0.0
23437.211828014,66.9,106.3,106.3,7992.65625,0.0,0.0
23438.21484034,67.3,115.7,115.7,7988.5703125,0.0,0.07010133193515491
23439.216954564,69.4,103.8,103.8,7988.5703125,0.0,0.031184069891010895
23440.219323726,72.7,111.7,111.7,7990.50390625,0.0,0.12470455470765593
23441.223252171,67.3,112.6,112.6,7990.50390625,0.0,0.01167289367919657
23442.225567605,67.0,104.7,104.7,7990.50390625,0.0,0.0
23443.227966513,64.3,108.8,108.8,7990.50390625,0.0,0.0
23444.230795901,69.8,109.7,109.7,7990.50390625,0.0,0.13633301101481554
23445.233698286,69.8,110.6,110.6,7990.50390625,0.0,0.0
23446.238336196,72.5,109.5,109.5,7990.50390625,0.0,0.007776433600849449
23447.243232617,63.4,107.5,107.5,7990.50390625,0.0,0.0
23448.246036908,66.6,108.7,108.7,7990.50390625,0.0,0.0
23449.248761508,67.8,112.7,112.7,7990.50390625,0.0,0.12466035040939231
23450.251041191,67.7,104.7,104.7,8009.6328125,0.0,0.0
23451.257140888,69.5,110.4,110.4,7990.50390625,0.0,0.0
23452.259402152,66.4,108.7,108.7,7990.50390625,0.0,0.00779487373262594
23453.262028508,68.8,111.7,111.7,7990.50390625,0.0,0.0
23454.264208534,63.5,105.7,105.7,8016.3828125,0.0,0.06236404476094769
23455.266966281,66.3,111.7,111.7,7990.50390625,0.0,0.031164057414185535
23456.271064327,65.9,110.6,110.6,7995.87109375,0.0,0.0
23457.272852527,51.1,100.7,100.7,7990.50390625,0.0,0.0
23458.277686878,52.7,99.5,99.5,7990.50390625,0.0,0.007774913339929044
23459.282188636,74.3,98.1,98.1,7979.3125,0.0,0.08555236396099779
23460.294186456,83.7,127.7,127.7,7980.9140625,0.0,0.0
23461.30306567,86.5,126.3,126.3,7973.98046875,0.0,0.0
23462.318265667,85.8,125.9,125.9,8021.78515625,0.0,0.0
23463.335255626,80.8,132.9,132.9,8008.73828125,0.0,0.0
23464.339272285,76.2,123.0,123.0,7975.37109375,0.0,0.0700312085159895
23465.350464292,81.8,130.4,130.4,8030.84375,0.0,0.030904120862935248
23466.359993532,86.2,132.4,132.4,7975.96875,0.0,0.0
23467.37009903,85.2,131.7,131.7,7982.81640625,0.0,0.0
23468.377974319,77.0,122.3,122.3,7967.453125,0.0,0.0
23469.395871663,71.5,119.2,119.2,7997.12109375,0.0,0.07675135460406686
23470.403520862,70.7,115.9,115.9,7990.41796875,0.0,0.007753194274109368
23471.41643924,60.5,115.1,115.1,7990.41796875,0.0,0.0
23472.42104696,81.4,84.4,84.4,7990.41796875,0.0,0.14386834494980885
23473.432280605,71.3,116.1,116.1,7990.41796875,0.0,0.0
23474.436040983,70.6,109.6,109.6,7990.41796875,0.0,0.2801963557879722
23475.439038625,69.5,109.7,109.7,7993.515625,0.0,0.0
23476.441267529,69.3,108.7,108.7,7990.41796875,0.0,0.0
23477.443674297,70.5,111.7,111.7,7990.41796875,0.0,0.0077937422705127175
23478.446282408,71.8,106.7,106.7,7990.41796875,0.007792177137087942,0.08571394850796736
23479.448500634,68.3,110.7,110.7,7990.41796875,0.0,0.14031375238630361
23480.451246342,65.3,112.7,112.7,7990.41796875,0.0,0.0
23481.456589856,70.9,107.4,107.4,7990.41796875,0.0,0.0
23482.459820797,64.6,107.7,107.7,7990.5859375,0.0,0.0
23483.462522483,68.5,110.7,110.7,7990.5859375,0.0,0.007791449948750922
23484.464783333,65.7,105.8,105.8,7997.1796875,0.0,0.0
23485.466967797,64.1,110.7,110.7,7990.5859375,0.0,0.058466033055379375
23486.46978118,67.6,110.4,110.4,7990.5859375,0.0,0.0
23487.476042944,67.2,109.1,109.1,7990.5859375,0.0,0.0
23488.498050385,69.8,106.1,106.1,8009.10546875,0.0,0.0
23489.50090101,67.3,109.7,109.7,7990.5859375,0.0,0.0
23490.504312355,70.5,110.6,110.6,7990.5859375,0.0,0.07785939474317125
23491.506506225,68.6,108.8,108.8,7990.5859375,0.0,0.0
23492.5086964,69.3,110.8,110.8,7990.5859375,0.0,0.0
23493.51095546,68.4,109.7,109.7,7990.5859375,0.0,0.0
23494.5133196,70.9,110.7,110.7,7990.5859375,0.0,0.0
23495.516037027,70.2,108.7,108.7,7990.5859375,0.0,0.05453929345142076
23496.518767513,70.0,107.8,107.8,7990.5859375,0.0,0.0
23497.534046617,63.7,109.2,109.2,8001.99609375,0.0,0.0
23498.537059301,71.0,108.7,108.7,7990.5859375,0.0,0.0
23499.538733534,68.6,111.7,111.7,7990.5859375,0.0,0.0038997209584915194
23500.543100453,71.3,108.7,108.7,7990.5859375,0.0,0.26447008057971727
23501.545652842,63.5,105.7,105.7,8008.9140625,0.0,0.011688915341062684
23502.547834341,74.6,111.4,111.4,7992.44140625,0.0,0.0
23503.553800908,70.1,110.7,110.7,7990.5859375,0.0,0.0
23504.556033372,66.1,109.8,109.8,8013.1796875,0.0,0.0
23505.558208509,70.7,109.7,109.7,7990.5859375,0.0,0.10134206712010503
23506.56092397,71.7,111.7,111.7,8011.19921875,0.0,0.0
23507.563291761,65.9,109.7,109.7,7990.5859375,0.0,0.0038970226648097476
23508.565718101,71.6,105.4,105.4,7990.5859375,0.0,0.0
23509.576157202,67.0,108.2,108.2,7990.5859375,0.0,0.0
23510.578899574,71.0,111.3,111.3,7990.5859375,0.0,0.09349360575320671
23511.590464126,64.7,110.2,110.2,7990.5859375,0.0,0.0
23512.592767541,71.4,110.7,110.7,7990.5859375,0.0,0.0
23513.598034881,68.0,106.5,106.5,7990.88671875,0.0,0.0
23514.603230355,61.3,110.5,110.5,7990.88671875,0.0,0.0
23515.605482665,68.5,109.7,109.7,7990.88671875,0.0,0.06625701865421586
23516.610045785,66.2,105.6,105.6,7990.88671875,0.0,0.0
23517.612205391,70.7,110.8,110.8,7990.88671875,0.0,0.0
23518.614412924,68.0,108.7,108.7,7990.88671875,0.0,0.0
23519.617286911,67.8,110.5,110.5,7990.88671875,0.0,0.0
23520.62254628,67.6,107.4,107.4,7990.88671875,0.0,0.0
23521.634112413,71.7,110.4,110.4,7990.88671875,0.0,0.07723172756699315
23522.6428299,68.4,107.3,107.3,7990.88671875,0.0,0.0
23523.650075283,65.9,115.1,115.1,7991.46875,0.0,0.0
23524.659187943,64.0,105.4,105.4,7990.88671875,0.0,0.0
23525.662443156,73.4,110.4,110.4,7993.15234375,0.0,0.0
23526.668072438,71.1,111.6,111.6,7993.15234375,0.0,0.058265755630771875
23527.671271641,68.0,110.6,110.6,7993.15234375,0.0,0.0
23528.675438931,71.0,105.4,105.4,8019.16796875,0.0,0.0
23529.680249131,63.7,111.7,111.7,7993.15234375,0.0,0.0
23530.683106391,71.0,112.7,112.7,7993.15234375,0.0,0.0
23531.685877353,67.8,108.5,108.5,7993.15234375,0.0,0.0
23532.691296467,68.8,108.1,108.1,7993.15234375,0.0,0.09324469636046313
23533.705097601,66.3,105.9,105.9,8008.66015625,0.0,0.0
23534.709180734,70.8,111.7,111.7,7995.765625,0.0,0.0
23535.71206053,65.8,110.6,110.6,7993.15234375,0.0,0.0
23536.71553537,69.2,110.7,110.7,7993.15234375,0.0,0.0389272340899184
23537.720538322,70.2,110.8,110.8,7994.60546875,0.0,0.10105691709461842
23538.734121927,68.7,103.7,103.7,7993.15234375,0.0,0.0
23539.745187562,66.1,110.0,110.0,7993.15234375,0.0,0.0
23540.750025888,68.1,111.7,111.7,7993.15234375,0.0,0.0
23541.753009998,68.3,109.7,109.7,7993.15234375,0.0,0.0
23542.75523248,70.2,109.7,109.7,7993.15234375,0.0,0.08964451667508895
23543.758089519,67.5,104.6,104.6,8037.921875,0.0,0.0
23544.762290425,70.5,111.4,111.4,8026.3671875,0.0,0.0
23545.76777034,68.8,110.4,110.4,8019.27734375,0.0,0.0
23546.774084643,65.1,111.5,111.5,7993.15625,0.0,0.0
23547.776316222,71.2,110.7,110.7,7996.08984375,0.0,0.06625838917008195
23548.779441484,74.1,110.7,110.7,7996.08984375,0.0,0.0
23549.782320375,67.5,106.3,106.3,7996.08984375,0.0,0.0
23550.793034065,64.2,111.3,111.3,8015.6484375,0.0,0.0
23551.795217586,67.8,111.7,111.7,7996.08984375,0.0,0.0
23552.79829392,68.9,108.7,108.7,7978.5234375,0.0,0.07788539850048393
23553.801055127,70.2,110.6,110.6,7978.5234375,0.0,0.0
23554.803750502,67.8,107.0,107.0,7978.5234375,0.0,0.0
23555.821163638,68.0,111.8,111.8,7978.5234375,0.0,0.0
23556.824709451,67.1,108.7,108.7,7978.5234375,0.0,0.0
23557.827331095,70.3,109.7,109.7,8026.421875,0.0,0.06233657569046765
23558.830049128,75.8,107.7,107.7,7985.2578125,0.0,0.0
23559.832385196,65.3,109.6,109.6,7985.2578125,0.0,0.0
23560.837170666,71.6,110.5,110.5,7996.109375,0.0,0.0
23561.853159927,64.6,110.3,110.3,7996.109375,0.0,0.0
23562.856591483,65.4,108.7,108.7,7996.109375,0.0,0.0
23563.85894296,73.5,109.7,109.7,7978.5234375,0.0,0.08963298010882838
23564.861441307,57.3,104.7,104.7,7978.5234375,0.0,0.0
23565.864344439,51.0,100.6,100.6,7978.5234375,0.0,0.0
23566.868576457,72.4,100.1,100.1,7909.3359375,0.0,0.0
23567.881912198,83.3,131.9,131.9,7920.421875,0.0,0.0
23568.885659583,82.2,128.4,128.4,7916.63671875,0.0,0.14399165782151865
23569.893216904,81.1,128.9,128.9,8003.859375,0.0,0.0
23570.900814016,76.3,130.2,130.2,7961.0390625,0.0,0.0
23571.904993767,75.9,124.0,124.0,7962.0234375,0.0,0.0
23572.916948828,78.0,124.0,124.0,8003.2421875,0.0,0.0
23573.921254259,86.3,134.9,134.9,7960.26171875,0.0,0.089458592203835
23574.933831111,86.3,133.3,133.3,7996.11328125,0.0,0.0
23575.944467435,77.0,127.0,127.0,7968.734375,0.0,0.0
23576.949448882,71.0,115.2,115.2,7984.18359375,0.0,0.0
23577.960033084,72.9,124.2,124.2,7984.18359375,0.0,0.0
23578.974212862,63.4,110.2,110.2,7984.18359375,0.0,0.09243923220897812
23579.97735968,81.4,81.7,81.7,7984.18359375,0.0,3.605840575962216
23580.982025262,72.8,112.4,112.4,7984.18359375,0.0,0.0
23581.996780927,64.2,108.5,108.5,7984.18359375,0.0,0.0
23582.999040285,69.2,109.7,109.7,7986.91796875,0.0,0.0
23584.001787151,69.6,110.7,110.7,8003.52734375,0.0,0.0
23585.005032747,74.1,109.6,109.6,7983.78125,0.0,3.819634260313063
23586.007721262,64.3,108.1,108.1,7990.19140625,0.0,0.1714141504852005
23587.01732859,68.5,113.5,113.5,7993.17578125,0.0,0.0
23588.020270656,67.8,111.6,111.6,7993.17578125,0.0,0.0
23589.024639135,72.4,107.5,107.5,7976.56640625,0.0,0.0
23590.029393987,67.1,108.3,108.3,7976.56640625,0.0,0.13995951322890415
23591.036862007,68.4,110.5,110.5,7976.56640625,0.0,0.0
23592.041788429,71.3,104.9,104.9,7976.56640625,0.0,0.0
23593.056559936,70.6,113.3,113.3,7978.6015625,0.0,0.0
23594.069291692,63.5,109.3,109.3,7978.6015625,0.0,0.0
23595.071703444,71.5,111.6,111.6,7989.27734375,0.0,0.011690555279957666
23596.075175276,67.4,105.2,105.2,7991.19140625,0.0,0.16349487326681209
23597.08738296,64.7,108.2,108.2,7971.12109375,0.0,0.0
23598.089743393,65.9,110.7,110.7,7971.12109375,0.0,0.0
23599.092575797,71.7,108.4,108.4,7971.12109375,0.0,0.0
23600.100382528,65.8,105.5,105.5,7976.84765625,0.0,0.038759911795082105
23601.106298127,66.9,110.3,110.3,7988.23828125,0.0,0.10096523018507671
23602.109037777,68.4,110.7,110.7,7988.23828125,0.0,0.0
23603.111135645,66.0,105.8,105.8,8026.53515625,0.0,0.0
23604.117509867,67.0,116.3,116.3,7988.23828125,0.0,0.0
23605.121039859,69.0,105.6,105.6,7988.58203125,0.0,0.00778501894538846
23606.124031963,68.7,110.7,110.7,7989.484375,0.0,0.06231355137365321
23607.125697661,68.5,109.8,109.8,7989.484375,0.0,0.0
23608.127846617,70.0,107.6,107.6,7989.484375,0.0,0.0
23609.132248666,67.6,105.5,105.5,7996.1796875,0.0,0.0
23610.135961801,70.1,110.7,110.7,8022.9765625,0.0,0.0
23611.138725043,66.6,109.7,109.7,8008.41015625,0.0,0.0934916599184391
23612.140973848,70.6,110.7,110.7,7990.9921875,0.0,0.0
23613.143261731,68.8,110.7,110.7,7990.9921875,0.0,0.0
23614.146085015,68.5,106.9,106.9,7990.9921875,0.0,0.0
23615.16102818,64.9,109.2,109.2,7994.125,0.0,0.0
23616.163904669,67.3,109.7,109.7,8008.046875,0.0,0.007790091886370441
23617.166470227,70.1,110.7,110.7,7990.9921875,0.0,0.07013257082191407
23618.169184509,69.6,110.2,110.2,7990.9921875,0.0,0.0
23619.176365624,68.4,109.8,109.8,7990.9921875,0.0,0.0
23620.178553044,65.2,103.8,103.8,7990.9921875,0.0,0.0
23621.180801728,67.5,110.7,110.7,7990.9921875,0.0,0.12861703094053617
23622.183835582,68.9,108.7,108.7,7990.9921875,0.0,0.08567756677118317
23623.186659968,69.6,109.7,109.7,7990.9921875,0.0,0.0
23624.189054845,70.5,110.7,110.7,8009.171875,0.0,0.0
23625.19247162,70.1,111.6,111.6,7990.9921875,0.0,0.0
23626.195555933,67.2,108.1,108.1,7990.9921875,0.0,0.0
23627.207081491,62.6,109.3,109.3,7990.9921875,0.0,0.06951134298487155
23628.209264236,69.0,108.8,108.8,7990.9921875,0.0,0.0
23629.211533367,72.3,106.7,106.7,7990.9921875,0.0,0.0
23630.214319907,70.9,110.3,110.3,7990.9921875,0.0,0.0
23631.220997564,67.7,106.5,106.5,8022.046875,0.0,0.0
23632.225042163,70.7,113.7,113.7,7990.9921875,0.0,0.0972628607305919
23633.242943535,64.0,106.0,106.0,7992.1953125,0.0,0.0
23634.245218741,68.8,109.8,109.8,7990.9921875,0.0,0.0
23635.247402826,69.5,110.7,110.7,7990.9921875,0.0,0.0
23636.250167199,69.3,108.7,108.7,7990.9921875,0.0,0.0
23637.252967763,67.9,111.7,111.7,7990.9921875,0.0,0.06232545357833024
23638.255642714,71.4,110.4,110.4,7990.9921875,0.0,0.01168748654617827
23639.261566528,71.2,109.6,109.6,7990.9921875,0.0,0.0
23640.264650334,69.2,108.7,108.7,7990.9921875,0.0,0.0
23641.279711108,67.3,108.2,108.2,7990.9921875,0.0,0.0
23642.285936602,72.8,114.4,114.4,7990.9921875,0.0,0.12422662787371833
23643.289233702,69.2,111.5,111.5,7990.9921875,0.0,0.007786826055810963
23644.294386456,61.9,106.6,106.6,7993.375,0.0,0.0
23645.296913424,69.6,109.7,109.7,7993.375,0.0,0.0
23646.299557398,69.4,109.7,109.7,7993.375,0.0,0.0
23647.302260395,69.2,106.6,106.6,8028.68359375,0.0,0.062331518093550475
23648.307172287,67.8,110.5,110.5,8033.3203125,0.0,0.011661470118222095
23649.31322044,73.3,107.7,107.7,7993.375,0.0,0.01164829930364368
23650.325246044,66.8,109.4,109.4,8011.76953125,0.0,0.0
23651.328019323,64.7,108.7,108.7,7993.375,0.0,0.0
23652.330264864,68.1,109.7,109.7,7993.375,0.0,0.0
23653.333053015,70.2,109.6,109.6,7993.375,0.0,0.13633861734727
23654.336558975,67.8,110.7,110.7,7993.375,0.0,0.0
23655.340040801,70.7,111.2,111.2,7993.375,0.0,0.0
23656.346882006,64.5,104.7,104.7,8006.66015625,0.0,0.0
23657.352356939,64.2,110.4,110.4,7993.375,0.0,0.0
23658.354701024,70.6,108.7,108.7,7993.375,0.0,0.07794229663174143
23659.358036032,72.0,110.7,110.7,7993.375,0.0,0.0
23660.360175434,68.3,109.8,109.8,7993.375,0.0,0.0
23661.362444549,69.7,108.3,108.3,7993.375,0.0,0.0
23662.372558406,71.7,109.3,109.3,7993.375,0.0,0.0
23663.375196732,69.1,109.2,109.2,7993.375,0.0,0.10519122126623552
23664.386685586,69.7,105.7,105.7,7993.375,0.0,0.0
23665.39846115,72.3,115.0,115.0,7993.375,0.0,0.0
23666.404638524,68.3,108.4,108.4,7993.375,0.0,0.0
23667.412486701,61.9,108.3,108.3,8020.3046875,0.0,0.0
23668.415754919,71.1,109.6,109.6,7993.375,0.0,0.0
23669.419736544,68.5,106.0,106.0,7993.375,0.0,0.07781516917681007
23670.429405066,64.1,110.6,110.6,8023.64453125,0.0,0.0
23671.431683872,64.8,111.7,111.7,7993.375,0.0,0.0
23672.43407026,50.9,100.8,100.8,7993.375,0.0,0.0
23673.437067379,63.4,86.4,86.4,7927.75390625,0.0,0.0
23674.449949843,87.8,130.4,130.4,7934.1640625,0.0,0.05399195063951834
23675.462986105,88.5,133.9,133.9,7934.078125,0.0,0.0
23676.479723831,88.8,133.2,133.2,7975.1328125,0.0,0.0
23677.488217631,86.1,125.0,125.0,8001.28125,0.0,0.0
23678.507130346,79.6,123.1,123.1,7971.00390625,0.0,0.0
23679.522071697,77.6,123.9,123.9,8004.42578125,0.0,0.0808236356899995
23680.52588391,84.5,131.8,131.8,7976.3515625,0.0,0.007782830193566787
23681.540060424,85.0,133.1,133.1,7994.890625,0.0,0.1232527062838658
23682.551480046,78.0,128.3,128.3,7960.65625,0.0,0.0
23683.553808207,70.8,115.7,115.7,8053.734375,0.0,0.0
23684.557063945,72.2,123.7,123.7,7987.99609375,0.0,0.06619075025913236
23685.559458305,63.8,115.8,115.8,7987.99609375,0.0,0.0
23686.561632677,75.0,73.3,73.3,7987.99609375,0.0,0.1481154419304484
23687.577958592,72.2,119.0,119.0,7987.99609375,0.0,0.0
23688.580171597,74.6,111.6,111.6,7987.99609375,0.0,0.0
23689.585064822,67.7,105.7,105.7,7987.99609375,0.0,0.3032038553153021
23690.603563858,71.7,112.8,112.8,7987.99609375,0.0,0.011505901906427302
23691.6080337,64.5,104.5,104.5,7996.515625,0.0,0.007777734754538652
23692.611889953,65.2,109.7,109.7,7987.99609375,0.015564977508746563,0.10895484256122594
23693.6142946,70.8,109.7,109.7,7987.99609375,0.0,0.0
23694.616583264,66.7,109.7,109.7,7987.99609375,0.0,0.15589321281599394
23695.619087108,69.9,110.5,110.5,7987.99609375,0.0,0.0
23696.624648307,71.7,109.6,109.6,7989.7265625,0.0,0.007769293413245743
23697.627336144,68.0,112.7,112.7,7987.99609375,0.0,0.007791557563287152
23698.629918374,71.8,108.6,108.6,7987.99609375,0.0,0.0
23699.634029499,67.3,111.7,111.7,7987.99609375,0.0,0.1283784700623514
23700.637106517,68.3,105.0,105.0,7987.99609375,0.0,0.0
23701.648977927,66.8,108.4,108.4,7987.99609375,0.0,0.011581264065924557
23702.65072302,65.0,110.8,110.8,7987.99609375,0.0,0.0
23703.653221809,68.8,109.7,109.7,7987.99609375,0.0,0.0
23704.655508936,68.0,108.7,108.7,7987.99609375,0.0,0.10133074371998817
23705.657973478,70.1,111.7,111.7,7991.85546875,0.0,0.0
23706.661042876,71.4,110.7,110.7,7991.85546875,0.0,0.0
23707.663189484,68.4,110.8,110.8,7991.85546875,0.0,0.007795765547311979
23708.665010967,72.7,106.7,106.7,7991.85546875,0.0,0.003899147768618931
23709.668120441,68.7,106.5,106.5,7991.85546875,0.0,0.08567110791732278
23710.677225169,69.2,112.8,112.8,7992.0859375,0.0,0.011613016642210431
23711.685477536,65.5,111.3,111.3,7992.7421875,0.0,0.0
23712.691034605,66.9,105.5,105.5,8000.79296875,0.0,0.0
23713.693761964,70.3,111.7,111.7,8000.79296875,0.0,0.007791250462911855
23714.696582466,68.5,105.6,105.6,7999.53125,0.0,0.07401000463398828
23715.700947642,61.2,111.7,111.7,7981.890625,0.0,0.0
23716.703065424,69.7,108.8,108.8,7981.890625,0.0,0.0
23717.7053328,70.1,111.6,111.6,7981.890625,0.0,0.0
23718.709875377,68.3,106.6,106.6,7981.890625,0.0,0.011665757398748281
23719.717316962,69.0,110.2,110.2,7985.07421875,0.0,0.12407667289222118
23720.719691331,68.0,112.4,112.4,7991.71875,0.0,0.0
23721.727059781,68.2,110.5,110.5,7991.71875,0.0,0.0
23722.72995219,65.5,105.7,105.7,7967.62109375,0.0,0.0
23723.732950963,64.6,111.5,111.5,7971.1875,0.0,0.007789142130874575
23724.738465866,69.5,105.4,105.4,8005.16796875,0.0,0.07769651127676823
23725.743058738,70.6,108.6,108.6,7987.21484375,0.0,0.050549084525099805
23726.74749908,64.4,111.6,111.6,7984.4140625,0.0,0.0
23727.749640458,69.4,108.7,108.7,7984.4140625,0.0,0.0
23728.752869323,67.9,102.8,102.8,7992.87109375,0.0,0.0
23729.756690337,69.1,117.5,117.5,7984.4140625,0.0,0.007782761957621751
23730.759050326,69.9,103.8,103.8,8023.734375,0.0,0.10132337794251361
23731.763424873,64.7,109.5,109.5,7984.4140625,0.0,0.0
23732.766038039,69.6,110.7,110.7,7984.4140625,0.0,0.0
23733.768976298,69.1,107.7,107.7,7997.15234375,0.0,0.0
23734.775353797,68.6,111.3,111.3,7997.15234375,0.419201542582385,0.0
23735.779041438,64.5,105.6,105.6,7976.78125,0.0,0.10897314615818571
23736.78440598,70.4,116.1,116.1,7977.61328125,0.0,0.0
23737.793037294,71.1,105.3,105.3,8000.7265625,0.0,0.0
23738.798033359,65.9,106.5,106.5,7977.41796875,0.0,0.0
23739.800255024,69.3,111.7,111.7,7981.9765625,0.0,0.0
23740.80307158,69.2,109.7,109.7,7981.9765625,0.0,0.0
23741.807074908,68.0,104.9,104.9,7981.9765625,0.0,0.09337618450618619
23742.819041103,64.5,110.4,110.4,7981.9765625,0.0,0.0
23743.821757545,69.0,110.7,110.7,7981.9765625,0.0,0.0
23744.823983386,70.2,109.8,109.8,7981.9765625,0.0,0.0
23745.826280835,69.0,112.5,112.5,7981.9765625,0.0,0.0
23746.832723183,66.7,106.5,106.5,7994.14453125,0.0,0.06598117630083146
23747.834911952,64.6,110.8,110.8,7987.0,0.0,0.0077954375878805035
23748.837217557,73.0,110.6,110.6,7987.0,0.0,0.0
23749.843052124,65.2,104.5,104.5,7987.0,0.0,0.0
23750.845193163,65.2,111.7,111.7,7987.0,0.0,0.0
23751.847543919,70.4,108.7,108.7,7987.0,0.0,0.0
23752.850285182,71.0,109.7,109.7,7987.0,0.0,0.09349370915430236
23753.852789373,70.8,110.7,110.7,7987.0,0.0,0.0
23754.855253601,70.3,110.0,110.0,7987.0,0.0,0.0
23755.865604256,64.2,109.4,109.4,7987.0,0.0,0.0
23756.871072606,65.4,107.6,107.6,7987.0,0.0,0.00777001086109184
23757.877551774,67.8,108.3,108.3,7987.0,0.0,0.05433545148160917
23758.879732223,74.1,110.8,110.8,7989.1328125,0.0,0.007795502304804015
23759.882037236,75.7,112.7,112.7,7983.04296875,0.0,0.0
23760.891038164,66.0,107.0,107.0,7980.296875,0.0,0.007742807546731302
23761.89405629,67.6,108.6,108.6,7970.30859375,0.0,0.0
23762.897550585,69.2,110.6,110.6,7975.83984375,0.0,0.08563825467483267
23763.901960617,66.2,110.7,110.7,7975.83984375,0.0,0.0
23764.904033175,65.6,104.7,104.7,7984.0234375,0.0,0.007796341629786156
23765.906714333,73.7,110.7,110.7,7984.0234375,0.0,0.12076994669136823
23766.90955668,74.1,108.7,108.7,7984.0234375,0.0,0.0
23767.911986318,68.1,110.7,110.7,7990.66796875,0.0,0.062348515677083605
23768.914855263,71.2,110.7,110.7,7990.66796875,0.0,0.0
23769.917586064,62.4,105.7,105.7,7990.66796875,0.0,0.0
23770.919778983,68.7,110.8,110.8,7990.66796875,0.0,0.011693107961374696
23771.92206047,68.3,112.6,112.6,7990.66796875,0.0,0.0
23772.926987404,67.4,108.6,108.6,7990.66796875,0.0,0.12438715270796591
23773.929706844,68.0,106.5,106.5,7990.66796875,0.0,0.0
23774.937330473,72.2,116.3,116.3,7990.66796875,0.0,0.0
23775.941539219,70.7,109.0,109.0,7990.66796875,0.0,0.0
23776.954479207,67.7,107.1,107.1,8013.35546875,0.0,0.00771269778321846
23777.961022553,64.7,109.4,109.4,7990.66796875,0.0,0.07761712430014818
23778.963203637,71.5,107.8,107.8,7990.66796875,0.0,0.0
23779.965383513,50.7,100.6,100.6,7990.66796875,0.0,0.0
23780.970404291,55.1,89.6,89.6,7922.78125,0.0,0.0
23781.973449426,86.5,119.8,119.8,7882.22265625,0.0,0.0
23782.983663157,83.8,129.1,129.1,7879.6796875,0.0,0.0077335119888707815
23783.99494052,81.2,129.1,129.1,7879.73828125,0.0,0.10042991538821296
23784.998942657,84.2,127.5,127.5,7983.2109375,0.0,0.0
23786.002080486,75.8,125.4,125.4,7991.1171875,0.0,0.0
23787.024305381,75.9,122.1,122.1,8039.703125,0.0,0.0
23788.033202619,82.5,132.5,132.5,7968.34375,0.0,0.015487206636600262
23789.04507123,86.5,128.6,128.6,7995.17578125,0.0,0.05404604847457064
23790.056670103,84.2,129.8,129.8,8014.97265625,0.0,0.0
23791.066412953,70.2,122.0,122.0,7962.08203125,0.0,0.0
23792.071034561,70.4,116.5,116.5,7990.4140625,0.0,0.0
23793.076250989,72.2,121.3,121.3,7990.4140625,0.0,0.027201853489741284
23794.080060324,59.1,109.6,109.6,7976.02734375,0.0,0.011674278761342206
23795.084502209,80.3,82.6,82.6,7976.02734375,0.0,3.7917512270962974
23796.089894399,73.6,112.5,112.5,7976.02734375,0.0,0.0
23797.093091286,68.6,110.6,110.6,7976.02734375,0.0,0.0
23798.097399566,69.1,109.5,109.5,7976.02734375,0.0,0.0
23799.10268481,64.9,104.6,104.6,7976.02734375,0.0,0.0
23800.104904066,75.2,109.1,109.1,7976.02734375,0.007795200454627039,4.1002754391338225
23801.117094455,65.3,109.9,109.9,7992.296875,0.0,0.11963534856293391
23802.12341223,67.6,110.7,110.7,7976.02734375,0.0,0.0
23803.126058412,69.5,109.5,109.5,7995.2421875,0.0,0.0
23804.132044989,70.2,109.6,109.6,8014.25390625,0.0,0.0
23805.136039201,74.5,110.0,110.0,8004.734375,0.0,0.14006554850560196
23806.144421329,68.1,109.6,109.6,7976.02734375,0.0,0.0
23807.146809863,67.8,110.7,110.7,7976.02734375,0.0,0.0
23808.149237604,67.5,109.7,109.7,7976.02734375,0.0,0.0
23809.153050832,67.7,105.6,105.6,7976.02734375,0.0,0.0
23810.160231871,68.8,110.2,110.2,7976.03515625,0.0,0.08144638036618257
23811.164606738,68.9,110.6,110.6,7976.03515625,0.0,0.0
23812.167042762,64.5,104.7,104.7,7977.890625,0.0,0.0
23813.169277742,67.0,110.7,110.7,7976.03515625,0.0,0.0
23814.17495901,69.2,114.4,114.4,7976.03515625,0.0,0.011652548747665675
23815.177179125,66.4,105.8,105.8,7978.73046875,0.0,0.06625914707378468
23816.179617809,67.6,109.7,109.7,7976.03515625,0.0,0.0
23817.181824223,72.3,109.7,109.7,7976.03515625,0.0,0.0
23818.184448852,71.7,110.7,110.7,7976.03515625,0.0,0.0
23819.186599922,71.5,107.7,107.7,7976.03515625,0.0,0.0
23820.189432114,69.1,109.7,109.7,7976.03515625,0.0,0.09348523187417582
23821.19325599,68.2,108.4,108.4,7976.03515625,0.0,0.0
23822.20319028,69.9,108.8,108.8,8004.43359375,0.0,0.0
23823.212392873,66.4,108.3,108.3,8004.43359375,0.0,0.0
23824.215037987,64.6,108.7,108.7,8006.203125,0.0,0.0
23825.217688245,68.7,108.4,108.4,7962.3125,0.0,0.12856551820680226
23826.230046537,62.3,107.0,107.0,7993.77734375,0.0,0.0
23827.232787364,69.7,109.7,109.7,7995.9375,0.0,0.0
23828.235051314,69.7,110.7,110.7,7968.56640625,0.0,0.0
23829.23788382,72.3,108.7,108.7,7968.56640625,0.0,0.0038952167751228894
23830.240779558,69.9,110.5,110.5,7968.56640625,0.0,0.07789942367853377
23831.245243407,68.7,106.1,106.1,7968.56640625,0.0,0.007777781159350578
23832.261130247,70.7,109.6,109.6,7970.9296875,0.0,0.0
23833.267085169,72.8,114.6,114.6,7970.9296875,0.0,0.0
23834.272472967,62.7,106.4,106.4,7970.9296875,0.0,0.0
23835.275327024,67.1,105.2,105.2,7970.9296875,0.0,0.0
23836.288293346,66.4,111.0,111.0,7993.22265625,0.0,0.0732687241304282
23837.295076568,68.2,111.3,111.3,8003.21875,0.0,0.0
23838.298039017,72.6,109.6,109.6,7993.12890625,0.0,0.0
23839.302037704,69.6,108.6,108.6,7980.140625,0.0,0.0
23840.307038397,72.6,111.7,111.7,7970.9296875,0.0,0.0
23841.323582704,69.4,108.0,108.0,7970.9296875,0.0,0.12296561904802399
23842.325930741,66.1,111.7,111.7,7992.01171875,0.0,0.007794198932520714
23843.328148422,68.2,109.8,109.8,7970.9296875,0.0,0.0
23844.330061738,66.3,106.2,106.2,7970.9296875,0.0,0.0
23845.343515182,71.0,108.1,108.1,7993.0546875,0.0,0.0
23846.34594121,64.6,113.7,113.7,7970.9296875,0.0,0.06234874021067189
23847.34832649,71.0,109.7,109.7,7970.9296875,0.0,0.0077939093439166095
23848.351440724,70.0,106.3,106.3,7970.9296875,0.0,0.0
23849.361446883,68.2,105.5,105.5,7970.9296875,0.0,0.0
23850.376171937,64.5,110.3,110.3,7972.515625,0.0,0.0
23851.380038386,75.2,110.4,110.4,7990.5703125,0.0,0.08560650680749327
23852.389448295,63.4,110.1,110.1,7970.9296875,0.0,0.0
23853.392030388,69.0,110.7,110.7,7970.9296875,0.0,0.007792379351832911
23854.394502325,71.1,108.8,108.8,7981.28515625,0.0,0.0
23855.396483178,69.7,106.4,106.4,7962.3125,0.0,0.0
23856.406826487,75.7,110.0,110.0,8002.3203125,0.5954040519107907,0.06572642131482755
23857.411762836,64.9,110.6,110.6,7969.328125,0.0,0.0
23858.413935304,71.0,110.1,110.1,7969.328125,0.0,0.011693346578733851
23859.424670883,64.9,104.5,104.5,7969.328125,0.0,0.0
23860.426914839,67.2,110.7,110.7,7969.328125,0.0,0.02338502503272975
23861.429452346,71.2,108.7,108.7,8007.328125,0.0,0.2571599548145531
23862.431774123,67.3,110.7,110.7,7970.30859375,0.0,0.0
23863.434495424,69.7,110.7,110.7,7974.73828125,0.0,0.007791297534230066
23864.437367457,67.8,109.7,109.7,7977.40234375,0.0,0.0
23865.440243472,68.9,109.6,109.6,7977.40234375,0.0,0.0
23866.444702219,70.4,109.5,109.5,7977.40234375,0.0,0.06222256532352077
23867.452730707,62.7,109.0,109.0,7977.40234375,0.0,0.0
23868.456613796,73.0,108.7,108.7,7977.40234375,0.0,0.0
23869.45953894,68.5,109.5,109.5,7977.40234375,0.0,0.007789713964940251
23870.466040128,66.4,107.0,107.0,7977.40234375,0.0,0.0
23871.477868503,65.7,108.2,108.2,7977.40234375,0.0,0.0
23872.481065179,69.3,110.6,110.6,7993.26171875,0.0,0.08566366103072905
23873.483909357,66.3,110.7,110.7,7977.40234375,0.0,0.0
23874.486684703,71.1,109.7,109.7,7977.40234375,0.0,0.00779087761897857
23875.490048395,72.4,110.1,110.1,7999.6015625,0.0,0.0
23876.49818348,65.5,108.7,108.7,7977.40234375,0.0,0.0
23877.500418477,71.9,112.8,112.8,7977.40234375,0.0,0.06236062419187376
23878.502794589,72.8,107.7,107.7,7977.40234375,0.0,0.0
23879.507102199,67.8,107.1,107.1,7977.40234375,0.0,0.0
23880.519041361,63.7,109.2,109.2,7979.27734375,0.0,0.007720325779828184
23881.521855255,74.3,110.3,110.3,8004.359375,0.0,0.0
23882.527651343,66.8,109.8,109.8,7977.40234375,0.0,0.08544226908940804
23883.533376048,65.4,111.3,111.3,7977.40234375,0.0,0.0
23884.536605835,71.4,111.7,111.7,7977.40234375,0.0,0.0
23885.539085453,69.4,110.7,110.7,7977.40234375,0.0,0.007793175900755371
23886.542181508,56.9,104.6,104.6,7977.40234375,0.0,0.0
23887.54676627,50.6,99.7,99.7,7977.40234375,0.0,0.0
23888.550045069,55.7,95.7,95.7,7925.5546875,0.0,0.062295744774196415
23889.552604711,80.5,109.1,109.1,7883.12890625,0.0,0.0
23890.566338991,87.2,125.4,125.4,7890.4140625,0.0,0.007706654647205885
23891.577801871,86.3,130.3,130.3,7883.609375,0.0,0.030895844640383054
23892.592078734,83.5,129.5,129.5,7967.70703125,0.0,0.0
23893.600745879,76.1,127.1,127.1,7969.73046875,0.0,0.09681712196536606
23894.618172234,75.0,119.7,119.7,7980.29296875,0.0,0.0
23895.625927741,79.4,127.4,127.4,8021.33984375,0.0,0.0
23896.632138079,83.2,129.2,129.2,8013.1484375,0.0,0.007764281189482172
23897.638253847,84.8,128.5,128.5,7981.3046875,0.0,0.0
23898.653617925,78.5,125.7,125.7,7973.27734375,0.0,0.06155427531280778
23899.657112296,71.1,116.2,116.2,7993.11328125,0.0,0.0
23900.667238683,71.8,118.3,118.3,8021.06640625,0.0,0.0
23901.670359748,61.9,115.6,115.6,7985.79296875,0.0,0.007788192544824778
23902.674418841,79.0,74.3,74.3,7985.79296875,0.0,0.14783741418689877
23903.688415378,70.2,112.1,112.1,7993.3046875,0.0,0.3004817954324301
23904.694695132,67.3,111.0,111.0,7985.79296875,0.0,0.0
23905.700251932,68.1,110.7,110.7,7989.55078125,0.0,0.0
23906.703055724,69.3,110.5,110.5,7989.55078125,0.0,0.0
23907.709452227,70.9,109.4,109.4,7989.55078125,0.0,0.0232885348171259
23908.714093833,67.3,106.5,106.5,7989.55078125,0.015552809983869858,0.2527331622378852
23909.717599794,66.8,107.7,107.7,7989.55078125,0.0,0.0
23910.719800052,69.2,109.8,109.8,7970.703125,0.0,0.0
23911.721984073,71.3,110.6,110.6,7974.87109375,0.0,0.0
23912.726737803,75.4,107.1,107.1,7977.15234375,0.0,0.007775537195555404
23913.738676689,69.4,107.2,107.2,7980.046875,0.0,0.13510573799608108
23914.745169798,64.3,110.3,110.3,7980.046875,0.0,0.0
23915.747907139,68.7,108.7,108.7,7980.046875,0.0,0.0
23916.750071892,69.1,110.7,110.7,7980.046875,0.0,0.0
23917.753578924,67.3,113.4,113.4,7980.046875,0.0,0.0
23918.758708659,73.6,105.2,105.2,7980.046875,0.0,0.011658942713498611
23919.771471604,69.6,113.9,113.9,7980.046875,0.0,0.08871152962652416
23920.776856941,61.7,106.5,106.5,7980.046875,0.0,0.1204451124791863
23921.779778992,69.9,109.7,109.7,7980.046875,0.0,0.0
23922.781965435,68.8,109.7,109.7,7980.046875,0.0,0.0
23923.786482238,69.7,110.0,110.0,7980.234375,0.0,0.007777371146664664
23924.799037106,66.8,106.2,106.2,8003.5,0.0,0.11959228465228434
23925.801697266,68.2,108.4,108.4,7993.5625,0.0,0.0
23926.806943323,67.4,110.7,110.7,7981.046875,0.0,0.0
23927.809707414,67.3,110.7,110.7,7981.046875,0.0,0.0
23928.812542208,71.8,107.7,107.7,7981.046875,0.0,0.01168562366412252
23929.814447645,70.3,110.6,110.6,7981.046875,0.0,0.12476227334832758
23930.819132851,67.7,106.1,106.1,7981.046875,0.0,0.0
23931.830024433,60.5,107.4,107.4,7981.046875,0.0,0.0
23932.832222024,77.0,117.7,117.7,7981.046875,0.0,0.0
23933.836060181,62.7,104.6,104.6,7981.046875,0.0,0.0
23934.838971859,68.9,108.7,108.7,7981.046875,0.0,0.08179309484528671
23935.842057005,72.4,109.6,109.6,7981.046875,0.0,0.0
23936.844649022,68.1,109.7,109.7,7981.046875,0.0,0.0
23937.846995717,70.1,109.6,109.6,7981.046875,0.0,0.0
23938.852301847,72.3,107.0,107.0,7981.046875,0.0,0.0
23939.863995392,71.2,109.5,109.5,7988.1953125,0.0,0.09652750131970529
23940.878097423,67.7,106.3,106.3,7988.1953125,0.0,0.0
23941.895975355,63.5,111.0,111.0,7988.1953125,0.0,0.0
23942.898223714,69.2,111.7,111.7,7988.1953125,0.0,0.0
23943.901502016,69.4,109.6,109.6,7988.1953125,0.0,0.0
23944.905420156,67.4,110.5,110.5,7988.1953125,0.0,0.062256071994147864
23945.910430588,67.3,110.5,110.5,7988.1953125,0.0,0.007773551150562863
23946.914890502,68.5,105.6,105.6,8010.9296875,0.0,0.0
23947.918297335,65.4,108.7,108.7,7988.1953125,0.0,0.0
23948.920707743,71.1,109.7,109.7,8007.703125,0.0,0.0
23949.92331622,66.8,108.7,108.7,7988.1953125,0.0,0.0
23950.926085771,67.7,110.7,110.7,7988.1953125,0.0,0.08959561038767302
23951.928530258,72.6,108.7,108.7,7988.1953125,0.0,0.0077934490152003506
23952.931501991,67.0,110.7,110.7,7988.1953125,0.0,0.0
23953.93373735,68.6,109.7,109.7,7988.1953125,0.0,0.0
23954.936289083,65.8,111.7,111.7,7988.1953125,0.0,0.0
23955.940230174,71.1,109.6,109.6,7988.1953125,0.0,0.10505471978939007
23956.953971203,71.5,111.5,111.5,7988.1953125,0.0,0.0
23957.95682534,69.3,110.6,110.6,7988.1953125,0.0,0.0077902655149452256
23958.96119319,70.0,109.6,109.6,7988.1953125,0.0,0.0
23959.964529565,66.2,105.7,105.7,7989.015625,0.0,0.0
23960.967034497,69.8,107.7,107.7,8016.04296875,0.0,0.08572277028963429
23961.969295485,66.8,110.7,110.7,7988.1953125,0.0,0.0
23962.972259419,70.5,110.6,110.6,7988.1953125,0.0,0.007789412694880418
23963.97530326,70.2,110.6,110.6,7988.1953125,0.0,0.0
23964.979771766,68.8,104.6,104.6,8029.83203125,0.0,0.0
23965.986045014,62.1,109.3,109.3,7988.1953125,0.0,0.06211036626901923
23966.988324635,68.4,108.7,108.7,7988.1953125,0.0,0.0
23967.991219317,69.8,108.6,108.6,7988.1953125,0.0,0.0
23968.995660165,72.0,108.6,108.6,7988.1953125,0.0,0.007777959265133443
23969.999068047,66.5,109.7,109.7,7988.1953125,0.0,0.0
23971.001238639,65.8,111.7,111.7,7989.64453125,0.0,0.08575136876490415
23972.003816667,66.8,109.7,109.7,7988.1953125,0.0,0.0
23973.006868161,67.4,110.7,110.7,7988.1953125,0.0,0.0
23974.010050436,72.4,110.6,110.6,8012.33203125,0.0,0.0
23975.012673734,71.3,114.7,114.7,7988.1953125,0.0,0.01168808866041586
23976.01534215,66.8,105.7,105.7,7988.1953125,0.0,0.1051880644856928
23977.017851167,69.5,106.9,106.9,7988.1953125,0.0,0.0
23978.031492387,65.1,113.3,113.3,7988.1953125,0.0,0.0
23979.033911904,67.4,104.7,104.7,7988.1953125,0.0,0.0
23980.037898234,66.0,105.4,105.4,7988.1953125,0.0,0.0
23981.045966523,68.7,108.3,108.3,7988.1953125,0.0,0.09687463742843577
23982.04784789,66.3,110.7,110.7,8003.82421875,0.0,0.011696744131589915
23983.050580385,67.3,110.7,110.7,7988.1953125,0.0,0.0
23984.052854354,69.8,109.8,109.8,7993.83984375,0.0,0.0
23985.05503202,67.3,110.8,110.8,7988.1953125,0.0,0.0
23986.056763938,72.3,110.8,110.8,7989.9140625,0.0,0.0
23987.058908431,67.8,109.8,109.8,7989.9140625,0.0,0.12083462100079669
23988.06109084,71.0,110.7,110.7,7970.703125,0.0,0.0
23989.064084078,71.7,104.1,104.1,7974.41015625,0.0,0.0
23990.076042802,62.7,110.3,110.3,7992.14453125,0.0,0.0
23991.078551447,71.3,110.7,110.7,7991.6328125,0.0,0.0
23992.080897484,66.8,111.7,111.7,7992.51953125,0.0,0.09353057381326178
23993.084034246,64.6,105.7,105.7,7992.51953125,0.0,0.0
23994.086185488,63.2,110.8,110.8,7970.703125,0.0,0.0
23995.08839594,51.0,99.8,99.8,7970.703125,0.0,0.0
23996.090636394,53.2,92.8,92.8,7928.0859375,0.0,0.0
23997.093389316,85.1,120.7,120.7,7915.32421875,0.0,0.08959709618289285
23998.106952151,86.7,130.4,130.4,7892.41015625,0.0,0.0
23999.13255857,81.2,128.3,128.3,7885.5390625,0.0,0.0
24000.15107528,86.2,129.4,129.4,7955.30859375,0.0,0.0
24001.160826125,73.7,121.3,121.3,7958.79296875,0.0,0.0
24002.162932938,78.1,121.7,121.7,8028.203125,0.0,0.0
24003.165506219,80.7,127.3,127.3,7959.67578125,0.0,0.10130182194641527
24004.171915081,87.9,134.8,134.8,7992.5859375,0.0,0.0
24005.181060887,85.1,133.3,133.3,7968.69921875,0.0,0.0
24006.186635684,69.7,118.2,118.2,7928.4609375,0.0,0.0
24007.198048695,71.4,117.7,117.7,7963.37890625,0.0,0.11972730099655562
24008.205528457,71.7,116.8,116.8,7939.05859375,0.0,0.1046857256870632
24009.217687383,57.8,107.2,107.2,7939.05859375,0.0,0.07718649511782225
24010.221855002,87.3,86.7,86.7,7940.8359375,0.0,0.0
24011.225326164,66.9,111.7,111.7,7949.453125,0.0,0.0
24012.227937305,70.1,109.7,109.7,7949.453125,0.0,0.0
24013.231798381,66.9,105.5,105.5,7988.01171875,0.0,0.22569108955107495
24014.23606406,71.0,109.4,109.4,8006.87890625,0.0,0.0
24015.242860105,67.4,110.5,110.5,7939.05859375,0.0,0.007759764292680296
24016.245307449,64.5,110.7,110.7,7943.87109375,0.0,0.0
24017.24771647,69.2,108.4,108.4,7949.73828125,0.0,0.0
24018.259057679,65.2,111.0,111.0,7957.45703125,0.0,0.0617991232274905
24019.266157277,67.7,106.3,106.3,7949.73828125,0.0,0.023272276194422462
24020.268331669,68.7,108.8,108.8,7949.73828125,0.0,0.0
24021.271038586,72.9,111.6,111.6,7955.734375,0.0,0.007791409301713784
24022.277156889,66.3,109.4,109.4,7949.73828125,0.0,0.0
24023.280925662,67.4,110.4,110.4,7949.73828125,0.0,0.10896433814443326
24024.286930179,65.7,106.2,106.2,7967.42578125,0.0,0.0
24025.299446033,67.3,108.6,108.6,7984.99609375,0.0,0.0
24026.30523926,66.1,108.7,108.7,7949.73828125,0.0,0.0
24027.308193943,69.9,110.6,110.6,7949.73828125,0.0,0.007789484542435853
24028.312439445,68.4,105.6,105.6,7976.921875,0.0,0.007779472235086427
24029.317049318,69.1,114.9,114.9,7957.640625,0.0,0.05443655439757407
24030.328649888,66.4,107.2,107.2,7957.640625,0.0,0.0
24031.332074254,69.5,110.7,110.7,7934.578125,0.0,0.0
24032.334858099,68.8,110.6,110.6,7934.578125,0.0,0.0
24033.339959877,64.1,105.6,105.6,7934.578125,0.0,0.023318534016107784
24034.35008901,72.5,111.9,111.9,7949.75390625,0.0,0.08507575634892722
24035.360157799,65.1,106.9,106.9,7934.9296875,0.0,0.0
24036.362336548,69.3,108.8,108.8,7936.19140625,0.0,0.031182062113338595
24037.364702161,66.8,110.6,110.6,7936.19140625,0.0,0.0
24038.369099597,70.0,107.9,107.9,7938.13671875,0.0,0.0
24039.386184343,67.3,106.7,106.7,7938.13671875,0.0,0.09217520995054847
24040.391218512,66.0,110.6,110.6,7938.13671875,0.0,0.0
24041.394056249,71.9,109.7,109.7,7969.30859375,0.0,0.0
24042.396739132,67.4,110.7,110.7,7938.13671875,0.0,0.0
24043.399025266,68.5,110.7,110.7,7938.13671875,0.0,0.0
24044.40172332,69.4,108.7,108.7,7938.13671875,0.0,0.13635086799537122
24045.404036251,72.1,109.7,109.7,7965.4375,0.0,0.007794471924263013
24046.406615744,69.3,111.7,111.7,7939.2734375,0.0,0.0
24047.409978634,69.1,109.6,109.6,7939.2734375,0.0,0.0
24048.413631957,70.0,111.4,111.4,7939.2734375,0.0,0.0
24049.420478302,66.2,104.5,104.5,7939.2734375,0.0,0.09699220788246021
24050.422703665,70.7,108.7,108.7,7939.328125,0.0,0.0
24051.425137714,70.2,110.8,110.8,7941.05078125,0.0,0.007793530165708406
24052.427039765,67.9,111.2,111.2,7941.05078125,0.0,0.0
24053.438272525,66.5,104.6,104.6,7941.05078125,0.0,0.0
24054.451855133,65.7,109.3,109.3,7964.23046875,0.0,0.06166246293757762
24055.455039124,66.7,110.7,110.7,7941.05078125,0.0,0.0
24056.457692118,69.1,109.6,109.6,7941.05078125,0.0,0.007791828326197458
24057.462346962,70.3,109.4,109.4,7943.3671875,0.0,0.0
24058.470145397,73.7,105.2,105.2,7943.3671875,0.0,0.0
24059.479709699,66.2,109.1,109.1,7943.3671875,0.0,0.08512335453006484
24060.482545801,65.3,109.7,109.7,7943.3671875,0.0,0.0
24061.484952272,70.5,110.7,110.7,7967.6796875,0.0,0.0
24062.487207221,69.8,110.7,110.7,7943.984375,0.0,0.007794922846533064
24063.490070674,71.0,110.7,110.7,7943.984375,0.0,0.0
24064.492737891,67.5,109.0,109.0,7943.984375,0.0,0.10908404916975475
24065.507703053,65.6,107.4,107.4,7943.984375,0.0,0.0
24066.522115915,66.4,106.7,106.7,7954.52734375,0.0,0.11937323996614978
24067.529262269,72.0,114.6,114.6,7943.984375,0.0,0.007757065265605261
24068.533295713,71.8,105.9,105.9,7956.875,0.0,0.0
24069.553610539,67.3,106.2,106.2,7943.984375,0.0,0.0
24070.568059611,66.8,108.9,108.9,7970.5234375,0.0,0.08471346898712528
24071.573050403,68.6,108.4,108.4,7961.92578125,0.0,0.0
24072.576561525,65.3,109.7,109.7,7943.984375,0.0,0.0
24073.5788728,69.7,109.7,109.7,7943.984375,0.0,0.011691727203181755
24074.581857069,69.4,108.7,108.7,7943.984375,0.0,0.0
24075.584603762,69.6,109.7,109.7,7943.984375,0.0,0.10128430311357564
24076.586586086,70.6,110.8,110.8,7943.984375,0.0,0.0
24077.589042449,65.6,111.5,111.5,7943.984375,0.0,0.0
24078.59433688,74.3,105.7,105.7,7943.984375,0.0,0.0
24079.612802786,70.9,112.8,112.8,7943.984375,0.0,0.00767085079036796
24080.619041536,69.7,104.2,104.2,7943.984375,0.0,0.08540468154300707
24081.631457795,61.5,110.8,110.8,7943.984375,0.0,0.0
24082.634394238,68.1,110.7,110.7,7943.984375,0.0,0.0
24083.636969584,69.9,110.7,110.7,7948.86328125,0.0,0.0
24084.639488999,71.3,110.6,110.6,7948.86328125,0.0,0.0
24085.643896064,65.1,105.5,105.5,7974.51953125,0.0,0.062225767000147834
24086.648254792,62.7,111.6,111.6,7948.86328125,0.0,0.0
24087.651077435,69.5,109.7,109.7,7951.1015625,0.0,0.0
24088.653786533,72.5,108.7,108.7,7951.1015625,0.0,0.0
24089.655958063,69.9,109.7,109.7,7951.1015625,0.0,0.0
24090.658818856,68.2,108.4,108.4,7951.1015625,0.0,0.08569235191917682
24091.666936695,63.7,107.4,107.4,7984.61328125,0.0,0.007749590075457873
24092.669198898,69.5,110.7,110.7,7977.30078125,0.0,0.0077948664297983975
24093.796074425,67.7,110.8,110.8,7953.48046875,0.0,0.0
24094.800403579,67.5,106.3,106.3,7953.48046875,0.0,0.011668236407697876
24095.809707775,65.0,109.1,109.1,7979.96875,0.0,0.06579408890128724
24096.816679413,65.2,109.5,109.5,7953.48046875,0.0,0.007758411165879712
24097.819130666,68.0,105.4,105.4,7953.48046875,0.0,0.0
24098.826924156,68.8,109.2,109.2,7953.48046875,0.0,0.0
24099.834650585,73.0,112.3,112.3,7953.48046875,0.0,0.0
24100.839060032,70.0,109.6,109.6,7955.5703125,0.0,0.1361185425007003
24101.842080555,57.8,106.7,106.7,7955.5703125,0.0,0.1285180582491973
24102.844798925,51.0,99.7,99.7,7955.5703125,0.0,0.0
24103.847291132,68.2,95.9,95.9,7943.16796875,0.0,0.0
24104.86288909,87.6,130.5,130.5,7884.83203125,0.0,0.0
24105.872408604,89.0,134.6,134.6,7884.625,0.0,0.0
24106.884053736,89.7,124.7,124.7,8014.82421875,0.0,0.06178055725555616
24107.900038935,78.3,133.2,133.2,7992.30078125,0.0,0.011534370787628503
24108.905725826,77.5,123.2,123.2,7975.91015625,0.0,0.0
24109.918260702,84.1,133.8,133.8,8010.609375,0.0,0.0
24110.921546209,86.3,132.0,132.0,7984.99609375,0.0,0.0
24111.932724486,86.2,131.1,131.1,7983.859375,0.0,0.16611190511166427
24112.934830013,72.0,124.6,124.6,7959.15625,0.0,0.0
24113.938247881,73.1,121.3,121.3,7999.94140625,0.0,0.007785888859616601
24114.946333902,70.0,116.2,116.2,8045.23828125,0.0,0.0
24115.951039835,56.5,107.2,107.2,7999.94140625,0.0,0.06998316391953252
24116.957122571,83.9,83.8,83.8,8016.109375,0.0,0.2562537759321627
24117.95984958,68.0,111.7,111.7,7999.94140625,0.0,0.0
24118.963056017,75.3,108.6,108.6,7999.94140625,0.0,0.0
24119.968039499,68.4,110.5,110.5,7999.94140625,0.0,0.011660639413394082
24120.972597007,65.8,110.5,110.5,7999.94140625,0.0,0.0
24121.976637595,65.0,105.7,105.7,8022.30859375,0.0,0.011671589913864288
24122.979064408,68.7,108.7,108.7,7999.94140625,0.007793586423151234,0.2883626976565956
24123.982164054,71.0,109.7,109.7,7999.94140625,0.0,0.0
24124.984415567,69.5,108.7,108.7,7999.94140625,0.0,0.0
24125.987038498,65.3,108.4,108.4,7999.94140625,0.0,0.00779206195914304
24126.997047382,72.1,109.6,109.6,7999.94140625,0.0,0.0
24128.010385033,62.4,106.2,106.2,8023.578125,0.0,0.11564506646339938
24129.012986359,72.4,111.7,111.7,7999.94140625,0.0,0.00389611493492305
24130.015757179,68.7,110.7,110.7,7999.94140625,0.0,0.0
24131.017603442,69.2,109.8,109.8,7999.94140625,0.0,0.04678861590964322
24132.020510541,68.9,106.2,106.2,7999.94140625,0.0,0.0
24133.029386562,65.0,114.5,114.5,7999.94140625,0.0,0.0
24134.032114881,68.4,103.7,103.7,8001.77734375,0.0,0.12465988805895956
24135.034825208,67.3,109.7,109.7,7999.94140625,0.0,0.0
24136.03771834,69.3,109.7,109.7,8015.3125,0.0,0.007789962609885262
24137.039901208,69.5,111.7,111.7,7999.94140625,0.0,0.0
24138.04275398,71.0,109.7,109.7,7999.94140625,0.0,0.0
24139.045170014,72.2,108.6,108.6,7999.94140625,0.0,0.06234936182196562
24140.049915962,68.1,110.0,110.0,8001.01953125,0.0,0.0
24141.062170759,67.0,107.8,107.8,8001.01953125,0.0,0.0
24142.071094089,73.9,111.2,111.2,8001.953125,0.0,0.011615104588785414
24143.082527387,66.8,107.1,107.1,8028.12109375,0.0,0.0
24144.084943383,64.6,110.8,110.8,8001.01953125,0.0,0.12469872837089889
24145.087065817,70.4,109.8,109.8,8001.01953125,0.0,0.0
24146.089237466,70.3,109.8,109.8,8001.01953125,0.0,0.0
24147.091501589,68.4,110.6,110.6,8001.01953125,0.0,0.0
24148.096648759,67.5,106.5,106.5,8001.01953125,0.0,0.0077724936538196504
24149.105152757,76.4,113.1,113.1,8001.01953125,0.0,0.0813395387253281
24150.107991698,67.5,108.0,108.0,8001.01953125,0.0,0.0
24151.124733075,61.7,108.0,108.0,8001.01953125,0.0,0.0
24152.126950839,69.3,109.7,109.7,8001.01953125,0.0,0.0
24153.130029836,69.9,111.5,111.5,8001.01953125,0.0,0.0
24154.135149319,67.8,105.5,105.5,8019.12890625,0.0,0.0932724930573153
24155.139948018,64.9,110.6,110.6,8001.01953125,0.0,0.0
24156.142426887,70.9,110.7,110.7,8001.01953125,0.0,0.0
24157.145193171,65.3,111.7,111.7,8001.01953125,0.0,0.0
24158.147371305,66.2,105.7,105.7,8001.01953125,0.0,0.04287536171687649
24159.150089069,70.7,107.6,107.6,8001.01953125,0.0,0.08960023769955212
24160.155385387,62.9,105.6,105.6,8001.01953125,0.0,0.0
24161.15760767,68.9,107.7,107.7,8001.01953125,0.0,0.12082524211832768
24162.160508435,67.3,111.7,111.7,8001.01953125,0.0,0.0
24163.16324388,70.4,110.7,110.7,8001.01953125,0.0,0.0
24164.165370744,68.9,110.8,110.8,8001.01953125,0.0,0.07406123183240175
24165.167587906,70.9,110.8,110.8,8001.01953125,0.0,0.0077952167416562475
24166.169795019,69.8,109.7,109.7,8001.01953125,0.0,0.0
24167.172982228,68.8,108.2,108.2,8001.01953125,0.0,0.0
24168.180033866,62.3,106.7,106.7,8001.01953125,0.0,0.0
24169.186070009,71.5,107.4,107.4,8001.01953125,0.0,0.09707031966936866
24170.188213079,69.5,109.8,109.8,8001.01953125,0.0,0.007795793069746995
24171.190603726,71.4,111.7,111.7,8001.01953125,0.0,0.0
24172.193440724,69.8,109.7,109.7,8001.01953125,0.0,0.0
24173.195781248,67.8,109.5,109.5,8001.01953125,0.0,0.0
24174.203061275,64.7,106.4,106.4,8031.70703125,0.0,0.0
24175.209169795,75.3,110.0,110.0,8001.01953125,0.0,0.06212053546649459
24176.219499638,63.7,110.2,110.2,8001.01953125,0.0,0.011598934824335366
24177.22172405,72.3,110.7,110.7,8026.25,0.0,0.0
24178.224676811,70.1,110.7,110.7,8001.01953125,0.0,0.0
24179.227469724,70.9,105.3,105.3,8001.01953125,0.0,0.0
24180.2379315,63.1,109.3,109.3,8026.671875,0.0,0.1237058174478721
24181.240139513,67.6,110.8,110.8,8001.01953125,0.0,0.007795287902969944
24182.242337778,68.2,108.7,108.7,8001.01953125,0.0,0.0
24183.245093922,69.6,109.7,109.7,8001.01953125,0.0,0.0
24184.247255119,68.7,112.7,112.7,8001.01953125,0.0,0.0
24185.251121627,68.4,112.6,112.6,8001.01953125,0.0,0.06225927401898175
24186.253820059,70.9,108.3,108.3,8003.55078125,0.0,0.0
24187.265187828,75.9,110.8,110.8,8002.10546875,0.0,0.007724687536469766
24188.274045114,67.6,111.9,111.9,8001.01953125,0.0,0.0
24189.281036808,65.1,104.7,104.7,8001.01953125,0.0,0.0
24190.283362913,70.2,111.7,111.7,8001.01953125,0.0,0.10522398795539442
24191.285547928,67.1,109.7,109.7,8003.8515625,0.0,0.0
24192.28838988,68.6,110.7,110.7,8001.01953125,0.0,0.007790360170344373
24193.291203766,75.4,111.6,111.6,8004.78515625,0.0,0.0
24194.296066711,66.5,107.1,107.1,8004.78515625,0.0,0.0
24195.308925639,61.6,110.1,110.1,8004.78515625,0.0,0.061706520298171995
24196.311718651,68.1,110.7,110.7,7982.9375,0.0,0.0
24197.314502049,70.4,109.7,109.7,7982.9375,0.0,0.0
24198.317038041,73.5,109.7,109.7,8013.51953125,0.0,0.007792737679586095
24199.31976579,69.3,112.6,112.6,7987.99609375,0.0,0.011686871148943867
24200.325071913,67.1,106.3,106.3,7987.99609375,0.0,0.09714080891928177
24201.33137476,66.1,109.4,109.4,7996.3828125,0.0,0.0
24202.34077066,68.3,112.2,112.2,7993.09765625,0.0,0.0
24203.343945523,63.7,109.6,109.6,7993.09765625,0.0,0.007787774881683575
24204.347552779,69.3,112.4,112.4,7993.09765625,0.0,0.0
24205.352660281,71.1,109.7,109.7,7993.09765625,0.0,0.0
24206.357513913,64.7,106.2,106.2,7993.09765625,0.0,0.062198113247256985
24207.368688035,65.6,110.1,110.1,7993.09765625,0.0,0.0
24208.371965224,67.8,110.5,110.5,7993.09765625,0.0,0.0
24209.379874627,52.6,100.4,100.4,7993.09765625,0.0,0.007751192693253233
24210.38205517,56.1,87.7,87.7,7997.42578125,0.0,0.0
24211.387097042,84.4,123.6,123.6,7922.62890625,0.0,0.08550638773797947
24212.401344536,87.6,133.3,133.3,7933.0703125,0.0,0.0
24213.412648971,82.5,116.5,116.5,7925.62890625,0.0,0.0
24214.427454011,85.5,133.5,133.5,7973.91015625,0.0,0.011547784587291502
24215.437678784,74.1,123.3,123.3,7965.59765625,0.0,0.0
24216.439811353,77.5,122.4,122.4,7984.3671875,0.0,0.0
24217.447972177,83.0,130.7,130.7,8017.703125,0.0,0.10848963518148275
24218.459080898,86.0,129.2,129.2,8011.8671875,0.0,0.0
24219.461794059,84.7,130.8,130.8,7960.828125,0.0,0.0
24220.475060881,68.5,120.2,120.2,7938.23828125,0.0,0.007710210016137733
24221.479482633,68.9,118.5,118.5,7985.99609375,0.0,0.14000592850550964
24222.481584031,71.0,118.4,118.4,7985.99609375,0.0,0.1091456415670611
24223.489743501,58.4,99.2,99.2,8031.5859375,0.0,0.07361806560235924
24224.495781729,81.7,91.7,91.7,7986.75,0.0,0.0
24225.498407686,68.5,111.7,111.7,7986.75,0.0,0.007792038442133695
24226.501412074,70.8,111.6,111.6,7986.75,0.0,0.0
24227.50604301,63.5,104.3,104.3,8019.546875,0.0,0.18274745821741198
24228.512042252,70.2,110.7,110.7,7986.75,0.0,0.0
24229.514398925,71.1,109.7,109.7,7986.75,0.0,0.0
24230.517166197,69.7,110.7,110.7,7986.75,0.0,0.0
24231.520160879,65.8,108.5,108.5,7986.75,0.0,0.007789173901126907
24232.525122445,62.0,105.6,105.6,7986.75,0.0,0.0855132205126301
24233.527689673,69.4,110.7,110.7,7986.75,0.0,0.02337748466681827
24234.53030472,70.2,109.7,109.7,7986.75,0.0,0.0
24235.532917079,70.4,110.7,110.7,7986.75,0.0,0.0
24236.535830378,72.4,107.4,107.4,7986.75,0.0,0.0077898059660525265
24237.545062312,63.6,109.3,109.3,7988.59765625,0.0,0.08515138800591025
24238.547302437,73.6,107.8,107.8,7988.59765625,0.0,0.0
24239.549492945,67.3,110.7,110.7,7988.59765625,0.0,0.0
24240.553651036,64.4,105.4,105.4,7997.5546875,0.0,0.0
24241.563639739,67.2,111.1,111.1,8009.59375,0.0,0.0
24242.569449515,74.2,109.3,109.3,7995.1640625,0.0,0.1359290327680638
24243.573528285,66.5,111.5,111.5,7997.21484375,0.0,0.0
24244.576471197,65.6,109.7,109.7,7975.8359375,0.0,0.0
24245.579492185,63.3,106.7,106.7,7978.1328125,0.0,0.0
24246.582033749,66.8,109.7,109.7,7978.1328125,0.0,0.0
24247.584178399,68.1,109.8,109.8,7982.49609375,0.0,0.07405991739818632
24248.586400682,74.9,108.8,108.8,8008.0546875,0.0,0.0
24249.588577877,69.1,109.8,109.8,7982.49609375,0.0,0.0
24250.590841202,68.7,110.7,110.7,7982.49609375,0.0,0.0
24251.593776584,68.4,109.7,109.7,7982.49609375,0.0,0.0
24252.595568175,66.2,105.3,105.3,7983.65625,0.0,0.09748160283775403
24253.60618887,70.0,110.7,110.7,7986.03515625,0.0,0.050247585717587154
24254.619799404,71.7,113.0,113.0,7986.03515625,0.0,0.0
24255.623764466,62.4,105.7,105.7,8015.4453125,0.0,0.0
24256.625980956,68.2,110.7,110.7,7986.03515625,0.0,0.0
24257.628750585,67.3,109.6,109.6,7986.03515625,0.0,0.0
24258.633153983,73.2,106.7,106.7,7986.03515625,0.0,0.06611511881819011
24259.651709294,66.6,108.8,108.8,7986.03515625,0.0,0.007670177471572341
24260.656921385,66.1,111.5,111.5,7986.03515625,0.0,0.0
24261.6598959,71.0,110.7,110.7,7995.1640625,0.0,0.0
24262.661697747,69.3,110.4,110.4,7995.1640625,0.0,0.0
24263.667901711,64.5,105.4,105.4,7995.1640625,0.0,0.0892897992996027
24264.674717478,65.3,110.6,110.6,7975.8359375,0.0,0.0
24265.677455079,68.4,111.7,111.7,7981.0390625,0.0,0.007791170882798035
24266.680342422,71.3,108.1,108.1,7983.4453125,0.0,0.0
24267.691037712,67.7,107.4,107.4,8004.75,0.0,0.0
24268.695040507,66.8,110.6,110.6,8004.81640625,0.0,0.08559488123752063
24269.697209314,67.4,108.7,108.7,7983.44140625,0.0,0.0
24270.699985935,70.9,112.5,112.5,7983.44140625,0.0,0.007790867713095537
24271.705338603,67.8,105.5,105.5,7983.44140625,0.0,0.0
24272.723298074,70.4,114.0,114.0,7983.44140625,0.0,0.007674667039843767
24273.727777683,69.3,108.6,108.6,7983.44140625,0.0,0.05444361389716354
24274.731056749,69.3,104.5,104.5,7994.15234375,0.0,0.0
24275.738035974,74.5,118.4,118.4,7983.44140625,0.0,0.0
24276.741079944,67.8,110.5,110.5,7983.44140625,0.0,0.0077887911533758665
24277.745721927,65.8,104.7,104.7,7983.44140625,0.0,0.0
24278.747857111,69.3,108.8,108.8,7983.44140625,0.0,0.08965232578836833
24279.749749892,67.7,106.1,106.1,7983.44140625,0.0,0.0
24280.763224745,67.4,108.5,108.5,7983.44140625,0.0,0.0
24281.775688524,71.3,114.2,114.2,7983.44140625,0.0,0.011574488137776113
24282.781199338,68.5,109.6,109.6,7983.44140625,0.0,0.0
24283.785049337,67.1,109.5,109.5,7983.44140625,0.0,0.10117298411228785
24284.790041823,66.6,105.2,105.2,8008.84765625,0.0,0.0
24285.796656048,70.6,111.5,111.5,8030.6875,0.0,0.0
24286.80080089,67.7,110.2,110.2,8003.69921875,0.0,0.0
24287.814820817,71.4,108.9,108.9,8034.9609375,0.0,0.007704483700947528
24288.818061474,68.5,108.8,108.8,7995.9609375,0.0,0.10512806599675709
24289.819832197,72.1,110.1,110.1,7995.9609375,0.0,0.011698036018567842
24290.830440751,65.9,106.6,106.6,7972.56640625,0.0,0.0
24291.832663873,64.9,111.7,111.7,7972.56640625,0.0,0.0
24292.835355647,70.9,111.7,111.7,7973.09375,0.0,0.0
24293.837990984,66.8,108.7,108.7,7973.09375,0.0,0.0818156382213132
24294.840165839,69.3,109.8,109.8,7973.09375,0.0,0.0
24295.842438459,69.5,109.8,109.8,7973.09375,0.0,0.0
24296.844639573,70.1,110.7,110.7,7973.09375,0.0,0.0
24297.848471721,70.0,108.1,108.1,7984.03515625,0.0,0.0
24298.859431763,71.6,103.4,103.4,7984.03515625,0.0,0.0772780295504438
24299.86161756,65.2,109.8,109.8,7988.578125,0.0,0.007795460705386884
24300.863906729,69.4,109.7,109.7,7965.7109375,0.0,0.0
24301.866659878,62.7,105.5,105.5,7986.49609375,0.0,0.0
24302.871085768,69.4,108.2,108.2,7967.12109375,0.0,0.0
24303.881608962,69.7,110.7,110.7,7982.98828125,0.0,0.06184914940212572
24304.898631208,71.9,108.6,108.6,7995.37109375,0.0,0.007681739539843897
24305.90282625,66.8,107.7,107.7,7982.98828125,0.0,0.0
24306.90573164,66.4,110.7,110.7,7982.98828125,0.0,0.12074294465605037
24307.908042923,72.0,110.6,110.6,8001.0546875,0.0,0.0
24308.913058906,71.1,111.7,111.7,7982.98828125,0.0,0.08550859036447324
24309.915223938,67.6,109.6,109.6,7982.98828125,0.0,0.0
24310.919741681,70.8,109.6,109.6,7982.98828125,0.0,0.011666045803232683
24311.922463311,68.2,110.5,110.5,7982.98828125,0.0,0.0
24312.928614803,69.4,112.3,112.3,7982.98828125,0.0,0.0
24313.933205307,69.1,110.6,110.6,7982.98828125,0.0,0.1010984073567595
24314.936714965,62.8,105.7,105.7,7982.98828125,0.0,0.0
24315.938907364,65.6,108.8,108.8,7982.98828125,0.0,0.0
24316.941049533,50.7,100.8,100.8,7982.98828125,0.0,0.007795800078742265
24317.943257014,62.3,90.4,90.4,7914.62890625,0.0,0.0
24318.953856644,85.1,125.8,125.8,7914.63671875,0.0,0.08503614829172415
24319.966134467,81.8,129.9,129.9,7916.546875,0.0,0.05016532897017993
24320.979166814,84.0,127.0,127.0,7932.07421875,0.0,0.0
24321.996255779,83.7,131.2,131.2,7964.3671875,0.0,0.0
24323.009897602,74.0,123.0,123.0,7997.03125,0.0,0.007707357591909367
24324.01420027,76.9,126.0,126.0,7983.921875,0.0,0.07390077948098302
24325.025610418,84.5,127.8,127.8,7979.78515625,0.0,0.0
24326.051155376,84.2,129.5,129.5,7992.53515625,0.0,0.0
24327.060036762,84.9,134.9,134.9,7973.4921875,0.0,0.0
24328.065125406,69.8,117.1,117.1,7958.59375,0.0,0.0
24329.075685436,73.6,117.8,117.8,7989.421875,0.0,0.09277034240102217
24330.086589581,69.2,119.4,119.4,7960.17578125,0.0,0.0
24331.101169735,60.7,87.3,87.3,7960.9296875,0.0,3.5729064733832123
24332.104033059,77.4,99.7,99.7,7962.35546875,0.0,0.07790194150125923
24333.106232554,69.1,111.8,111.8,7960.1796875,0.0,0.0
24334.108473508,70.9,110.6,110.6,7960.1796875,0.0,3.874130751197677
24335.115362862,64.9,106.2,106.2,7996.9453125,0.0,0.0
24336.121561594,68.1,110.5,110.5,7960.1796875,0.0,0.031057482986470247
24337.123848658,68.9,109.7,109.7,7960.1796875,0.015589346167560733,0.12081743279859568
24338.126436769,69.4,109.6,109.6,7960.1796875,0.0,0.0
24339.130393493,70.7,108.5,108.5,7960.1796875,0.0,0.14007077858839315
24340.136576805,65.6,107.5,107.5,7960.1796875,0.0,0.0
24341.140627186,67.7,108.6,108.6,7986.71484375,0.0,0.0
24342.146352469,71.8,110.4,110.4,7960.1796875,0.0,0.007768025853628242
24343.149065045,68.0,109.4,109.4,7960.1796875,0.0,0.0
24344.18709438,68.1,108.3,108.3,7965.34375,0.0,0.11665734860962819
24345.200970368,67.7,109.7,109.7,7965.34375,0.0,0.0
24346.215035056,69.8,113.0,113.0,7965.34375,0.0,0.0
24347.21904544,62.7,105.6,105.6,7967.35546875,0.0,0.0
24348.222055491,71.8,109.6,109.6,7989.05859375,0.0,0.0
24349.225335287,69.6,106.7,106.7,7965.34375,0.0,0.0
24350.228198594,69.7,111.5,111.5,7965.34375,0.0,0.08179703996292408
24351.233987462,70.2,106.1,106.1,7965.34375,0.0,0.0
24352.248337741,63.7,109.9,109.9,7965.34375,0.0,0.0
24353.250530242,67.3,110.7,110.7,7965.34375,0.0,0.0
24354.253248521,66.1,110.7,110.7,7967.1171875,0.0,0.0
24355.25706328,65.0,105.6,105.6,7980.03515625,0.0,0.10506794112575575
24356.260045577,69.1,108.7,108.7,7976.625,0.0,0.0
24357.262199248,66.0,110.8,110.8,7967.1171875,0.0,0.0
24358.264397135,73.0,110.7,110.7,7967.1171875,0.0,0.0
24359.267223866,72.5,106.7,106.7,7967.1171875,0.0,0.0
24360.269989478,67.7,110.1,110.1,7968.23046875,0.0,0.011686429869315378
24361.281095512,66.3,105.4,105.4,8000.1328125,0.0,0.13908036869670848
24362.284206814,69.6,111.0,111.0,7967.1171875,0.0,0.0
24363.297425555,68.3,114.1,114.1,7969.18359375,0.0,0.0
24364.300360639,70.5,105.9,105.9,7967.1171875,0.0,0.0
24365.31777853,65.8,109.9,109.9,7967.1171875,0.0,0.003839376164465745
24366.320380684,66.7,110.7,110.7,7967.1171875,0.38961117173112864,0.07402612262891445
24367.323067862,70.1,108.6,108.6,7967.1171875,0.0,0.12466500294681387
24368.327571853,69.6,107.3,107.3,7967.1171875,0.0,0.0
24369.33669988,68.5,112.4,112.4,7967.1171875,0.0,0.0
24370.339137168,63.2,104.7,104.7,7967.1171875,0.0,0.0
24371.343395588,68.9,111.3,111.3,7967.1171875,0.0,0.0777937216599471
24372.348003245,70.2,106.7,106.7,7967.1171875,0.0,0.0
24373.351048819,64.2,108.7,108.7,7967.1171875,0.0,0.0
24374.353199431,71.4,111.8,111.8,7967.1171875,0.0,0.0
24375.355428257,68.8,109.7,109.7,7967.1171875,0.0,0.0
24376.35815776,69.8,110.7,110.7,7967.1171875,0.0,0.0
24377.364325061,67.4,109.9,109.9,7967.1171875,0.0,0.054352293048801716
24378.376084203,70.6,109.5,109.5,7967.1171875,0.0,0.0
24379.385351521,69.3,110.5,110.5,7967.1171875,0.0,0.0
24380.394055857,66.0,106.1,106.1,7997.94140625,0.0,0.0
24381.399055696,69.4,108.6,108.6,8002.18359375,0.0,0.0
24382.402191191,70.5,110.6,110.6,7995.4921875,0.0,0.07788080512517018
24383.408588529,67.6,114.4,114.4,7967.12109375,0.0,0.0
24384.410811324,63.5,105.8,105.8,7967.1171875,0.0,0.0
24385.413055586,69.9,109.7,109.7,7967.1171875,0.0,0.0
24386.415816827,68.0,108.0,108.0,7967.1171875,0.0,0.04285042963676447
24387.433040762,66.5,114.8,114.8,7967.1171875,0.0,0.05376151515745379
24388.435432826,70.2,104.7,104.7,7967.1171875,0.0,0.0
24389.4384248,66.2,110.7,110.7,7967.1171875,0.0,0.0
24390.440763505,71.1,110.7,110.7,7967.1171875,0.0,0.0038971357491287524
24391.443124014,69.7,109.7,109.7,7970.85546875,0.0,0.0
24392.446093212,66.9,105.7,105.7,7988.56640625,0.0,0.081788404034479
24393.454037676,66.2,115.1,115.1,7975.77734375,0.0,0.0
24394.456263143,64.3,105.8,105.8,7970.85546875,0.0,0.0
24395.458425864,69.2,109.8,109.8,7970.85546875,0.0,0.007795640205241909
24396.461036218,70.1,110.7,110.7,7970.85546875,0.0,0.0
24397.463183467,68.9,111.7,111.7,7970.85546875,0.0,0.10524276757249905
24398.465453492,73.8,108.8,108.8,7970.85546875,0.0,0.0
24399.467681083,70.3,110.8,110.8,7970.85546875,0.0,0.0
24400.469887678,69.9,108.8,108.8,7970.85546875,0.0,0.0
24401.472180486,70.5,111.7,111.7,7970.85546875,0.0,0.0
24402.474839438,69.8,109.6,109.6,7970.85546875,0.0,0.2220657877291212
24403.479154044,61.8,104.6,104.6,7991.9765625,0.0,0.0
24404.481877194,68.0,110.7,110.7,7970.85546875,0.0,0.0
24405.484481126,70.7,109.7,109.7,7970.85546875,0.0,0.0
24406.487316138,66.7,112.7,112.7,7970.85546875,0.0,0.0
24407.491417374,68.3,105.5,105.5,8000.54296875,0.0,0.054464129750272997
24408.495973502,68.2,110.6,110.6,7970.85546875,0.0,0.0
24409.498565099,68.4,110.7,110.7,7970.85546875,0.0,0.0
24410.500729007,66.8,108.6,108.6,7970.85546875,0.0,0.0
24411.504965453,69.0,109.1,109.1,7970.85546875,0.0,0.0
24412.516807989,68.7,110.2,110.2,7995.27734375,0.0,0.0
24413.522044101,68.6,109.6,109.6,7982.7265625,0.0,0.07771805953587137
24414.524167054,69.5,110.8,110.8,7982.7265625,0.0,0.0
24415.526523533,67.7,110.7,110.7,7982.7265625,0.0,0.0
24416.529038464,67.2,106.3,106.3,8010.96875,0.0,0.0
24417.53646182,66.6,111.6,111.6,7982.7265625,0.0,0.04652959425725563
24418.541450552,71.8,108.5,108.5,7982.7265625,0.0,0.05441603299497687
24419.545062498,72.1,110.2,110.2,7967.3828125,0.0,0.0
24420.550978513,70.4,110.7,110.7,7960.59765625,0.0,0.0
24421.555183246,67.1,109.5,109.5,7960.59765625,0.0,0.007779788068384303
24422.559518308,62.9,105.7,105.7,7960.59765625,0.0,0.0
24423.561751913,70.2,111.7,111.7,7960.59765625,0.0,0.12082387718395184
24424.56502131,55.2,103.7,103.7,7960.59765625,0.0,0.0
24425.567315706,50.9,100.7,100.7,7960.59765625,0.0,0.0
24426.571761758,77.2,101.1,101.1,7945.3515625,0.0,0.003888959483907581
24427.584107845,88.2,134.2,134.2,7930.578125,0.0,0.0
24428.599849775,88.8,129.4,129.4,7930.75,0.0,0.06922279953522655
24429.611586493,87.6,134.1,134.1,7960.06640625,0.0,0.0
24430.62402706,76.1,125.2,125.2,7971.72265625,0.0,0.0
24431.62618956,75.9,124.5,124.5,7974.7578125,0.0,0.0
24432.632036874,82.0,129.5,129.5,8011.58203125,0.0,0.0
24433.634254153,88.5,138.0,138.0,7986.33984375,0.0,0.08964498206401982
24434.647850958,85.1,133.7,133.7,8020.3046875,0.0,0.0
24435.652202413,69.3,119.6,119.6,7956.7578125,0.0,0.0
24436.657132979,73.7,119.2,119.2,7988.71484375,0.0,0.0
24437.664311091,68.8,120.3,120.3,7991.9140625,0.0,0.0
24438.669080497,62.8,91.3,91.3,8053.80078125,0.0,0.12829436209993597
24439.675518963,76.5,91.8,91.8,7988.71484375,0.0,0.0
24440.677709044,69.4,110.7,110.7,7988.71484375,0.0,0.0
24441.680477062,71.3,108.7,108.7,7988.71484375,0.0,0.0
24442.684107363,70.1,107.5,107.5,7997.59765625,0.0,0.0
24443.687975515,66.4,108.7,108.7,7988.71484375,0.0,0.19845111093796303
24444.690160458,70.7,108.7,108.7,7988.71484375,0.0,0.0
24445.692633852,69.9,110.6,110.6,7988.71484375,0.0,0.0
24446.697355544,68.4,109.6,109.6,7988.71484375,0.0,0.0
24447.700673916,60.9,105.7,105.7,7988.71484375,0.0,0.0
24448.703093422,78.8,114.7,114.7,7996.90625,0.0,0.09742054041797744
24449.706065005,68.6,103.7,103.7,7996.90625,0.0,0.0
24450.708493964,66.5,111.7,111.7,7996.90625,0.0,0.0
24451.711172089,68.5,109.7,109.7,7996.90625,0.0,0.0
24452.713662575,70.4,110.7,110.7,7996.90625,0.0,0.0
24453.716557885,69.4,109.7,109.7,7996.90625,0.0,0.0
24454.718807289,62.8,105.8,105.8,7996.90625,0.0,0.10523204062703524
24455.721028968,67.8,110.7,110.7,7996.90625,0.0,0.0
24456.724073076,71.7,107.7,107.7,8023.546875,0.0,0.0
24457.726541689,69.3,111.7,111.7,7996.90625,0.0,0.011689892180173937
24458.728721423,72.3,110.7,110.7,7996.90625,0.0,0.0
24459.732094117,69.3,106.0,106.0,7996.90625,0.0,0.12847295005195564
24460.74603389,66.0,109.2,109.2,8023.0546875,0.0,0.0
24461.749042561,67.3,110.7,110.7,7996.90625,0.0,0.0
24462.751835765,70.8,110.7,110.7,7996.90625,0.0,0.0
24463.755046752,66.4,104.7,104.7,8020.703125,0.0,0.0
24464.757687846,65.9,109.7,109.7,7996.90625,0.0,0.07012728724262172
24465.759867558,67.8,109.7,109.7,7996.90625,0.0,0.0
24466.762614039,69.8,111.5,111.5,7996.90625,0.0,0.0
24467.767706473,68.7,105.3,105.3,8020.8203125,0.0,0.0
24468.77606961,69.4,107.5,107.5,7996.90625,0.0,0.0
24469.781677124,64.9,109.4,109.4,7996.90625,0.0,0.0
24470.784091328,69.3,109.7,109.7,7996.90625,0.0,0.09352421346955979
24471.787378642,70.3,109.7,109.7,7996.90625,0.0,0.0
24472.790037575,71.8,111.4,111.4,7996.90625,0.0,0.0
24473.797043379,70.7,105.4,105.4,7996.90625,0.0,0.0
24474.819048686,61.2,105.8,105.8,8020.2578125,0.0,0.0
24475.821845504,67.3,109.7,109.7,7996.90625,0.0,0.05453497559860501
24476.824042108,70.0,110.8,110.8,7996.90625,0.0,0.0
24477.826272725,69.5,109.7,109.7,7996.90625,0.0,0.0
24478.828855321,72.7,106.1,106.1,7996.90625,0.0,0.0
24479.841310175,65.2,108.2,108.2,8002.08203125,0.0,0.0
24480.847959254,68.9,115.4,115.4,7996.90625,0.0,0.07760897181546673
24481.850071426,63.7,104.8,104.8,7996.90625,0.0,0.0
24482.852234251,66.8,109.7,109.7,7996.90625,0.0,0.0
24483.855220565,68.6,110.6,110.6,7996.90625,0.0,0.0
24484.858976163,68.1,109.7,109.7,7996.90625,0.0,0.0466996150193283
24485.874513794,69.0,112.1,112.1,7996.90625,0.0,0.05385078635262216
24486.879464636,67.1,107.0,107.0,7996.90625,0.0,0.0
24487.890473017,66.1,109.4,109.4,7996.90625,0.0,0.12363893549172755
24488.89265538,73.2,108.7,108.7,7996.90625,0.0,0.0
24489.895674785,69.2,110.7,110.7,7996.90625,0.0,0.0
24490.898209545,68.1,106.7,106.7,8042.265625,0.0,0.08182384618746087
24491.902807209,65.6,111.5,111.5,8005.9140625,0.0,0.0
24492.906296535,67.2,110.6,110.6,8005.9140625,0.0,0.003892667215084497
24493.909166116,66.6,106.9,106.9,7983.171875,0.0,0.0
24494.925833688,67.0,107.0,107.0,7983.171875,0.0,0.0
24495.929672337,69.7,113.7,113.7,7983.359375,0.0,0.0
24496.947438392,68.9,110.8,110.8,7999.19140625,0.0,0.057570941487148426
24497.951299593,68.2,108.6,108.6,7999.19140625,0.0,0.0
24498.953508122,72.5,109.7,109.7,7979.62890625,0.0,0.0
24499.956077474,68.2,109.3,109.3,7982.734375,0.0,0.0
24500.965529059,64.9,106.4,106.4,7990.79296875,0.0,0.0
24501.970080302,67.6,110.2,110.2,7990.79296875,0.0,0.07777104507573222
24502.975455355,69.3,109.7,109.7,7990.79296875,0.0,0.0
24503.977955836,69.4,109.6,109.6,7990.79296875,0.0,0.0
24504.982476932,66.8,110.6,110.6,7990.79296875,0.0,0.0
24505.986034612,65.7,106.6,106.6,7990.79296875,0.0,0.0
24506.988334508,69.9,109.8,109.8,8015.046875,0.0,0.0
24507.990683902,72.8,108.7,108.7,7990.79296875,0.0,0.05455931866414726
24508.996403531,68.3,110.4,110.4,7990.79296875,0.0,0.0
24509.99878912,71.0,109.7,109.7,7990.79296875,0.0,0.0
24511.001069005,71.1,111.6,111.6,7990.79296875,0.0,0.0
24512.005579616,63.6,104.4,104.4,7990.79296875,0.0,0.0
24513.012816779,65.8,109.5,109.5,7990.79296875,0.0,0.07756365915599575
24514.015234788,67.1,109.7,109.7,7990.79296875,0.0,0.0
24515.018176751,69.0,109.7,109.7,7990.79296875,0.0,0.0
24516.021189697,69.2,108.7,108.7,7990.79296875,0.0,0.0
24517.024075627,72.9,109.7,109.7,7990.79296875,0.0,0.031160074207042185
24518.026037866,68.8,110.8,110.8,7991.62109375,0.0,0.0
24519.028297497,75.9,109.7,109.7,7997.33203125,0.0,0.062359091463739025
24520.030603311,71.2,109.7,109.7,7997.33203125,0.0,0.0
24521.033360946,68.8,110.6,110.6,7997.33203125,0.0,0.0
24522.03761488,63.5,104.7,104.7,7997.33203125,0.0,0.12058080720457184
24523.039866953,67.5,110.7,110.7,7997.33203125,0.0,0.0
24524.042779186,64.5,108.7,108.7,7997.33203125,0.0,0.16748100628696716
24525.045299021,69.1,109.7,109.7,7997.33203125,0.0,0.0
24526.049042655,75.5,108.6,108.6,8016.12890625,0.0,0.0
24527.055302806,71.2,116.3,116.3,7997.33203125,0.0,0.0
24528.058235676,65.7,105.8,105.8,8023.125,0.0,0.0
24529.060416655,70.3,108.7,108.7,7997.33203125,0.0,0.09744372727698848
24530.063214724,68.8,109.7,109.7,7997.33203125,0.0,0.0
24531.064970526,56.9,105.7,105.7,7997.33203125,0.0,0.0
24532.06927566,50.9,99.7,99.7,7997.33203125,0.0,0.0
24533.071460547,63.1,89.5,89.5,7957.53515625,0.0,0.0
24534.082187317,82.5,105.4,105.4,7913.5234375,0.0,0.07343107178210506
24535.097026307,85.6,127.9,127.9,7918.359375,0.0,0.0
24536.103451803,84.2,128.8,128.8,7910.8046875,0.0,0.0
24537.113084887,83.2,131.1,131.1,8019.703125,0.0,0.0
24538.119034534,74.1,122.4,122.4,8019.0390625,0.0,0.0
24539.126219137,78.7,120.7,120.7,7984.5234375,0.0,0.07756770682083343
24540.139239628,80.7,128.4,128.4,7975.109375,0.0,0.0
24541.14670229,83.4,129.6,129.6,7965.83203125,0.0,0.0
24542.159573948,84.7,129.5,129.5,7982.79296875,0.0,0.0
24543.174893517,70.5,119.7,119.7,8000.390625,0.0,0.0
24544.178769471,71.3,122.1,122.1,7998.31640625,0.0,0.054476352164907385
24545.189079486,70.6,114.0,114.0,8001.23046875,0.0,0.0
24546.194847075,56.1,109.1,109.1,7956.6484375,0.0,3.6080962338563554
24547.203871769,86.5,85.6,85.6,7956.6484375,0.0,0.07742625177007574
24548.206121864,68.5,109.7,109.7,7956.6484375,0.0,0.0
24549.208821099,71.6,111.6,111.6,7956.6484375,0.0,4.00091932851847
24550.213568283,66.5,109.5,109.5,7956.6484375,0.0,0.0
24551.21858371,70.2,106.9,106.9,7956.6484375,0.0,0.0
24552.231243905,69.3,113.0,113.0,7956.6484375,0.007714828763465802,0.09257794516158963
24553.236569393,69.2,105.4,105.4,7956.6484375,0.0,0.0
24554.242505258,65.2,109.6,109.6,7973.5625,0.0,0.12426239519757672
24555.245446258,68.6,110.7,110.7,7956.6484375,0.0,0.007789590813426845
24556.247979084,67.3,109.5,109.5,7956.6484375,0.0,0.0
24557.253735059,68.4,107.0,107.0,7956.6484375,0.0,0.007767788801863121
24558.265065205,71.8,107.2,107.2,7981.01953125,0.0,0.0
24559.268576679,69.1,110.7,110.7,7965.70703125,0.0,0.17127357728672507
24560.274191852,74.4,108.4,108.4,8006.53515625,0.0,0.0
24561.277041567,70.4,110.7,110.7,7965.70703125,0.0,0.0
24562.279731521,65.7,109.8,109.8,7965.70703125,0.0,0.0
24563.281559967,70.0,105.8,105.8,7971.4140625,0.0,0.0
24564.285063252,67.5,110.4,110.4,7965.70703125,0.0,0.05449658293848561
24565.292213351,75.9,113.0,113.0,7965.70703125,0.0,0.015514072843252832
24566.302303221,70.7,106.6,106.6,7965.70703125,0.0,0.0
24567.317797318,68.5,109.0,109.0,7994.81640625,0.0,0.0
24568.322291518,72.9,114.7,114.7,7967.5234375,0.0,0.0
24569.332856,68.7,104.5,104.5,7965.70703125,0.0,0.0
24570.337883016,65.1,109.6,109.6,7965.70703125,0.0,0.14380832325818083
24571.342741917,70.8,110.5,110.5,7965.70703125,0.0,0.007774723388749648
24572.345340959,71.1,111.7,111.7,7965.70703125,0.0,0.0
24573.347947089,61.7,104.7,104.7,7975.25390625,0.0,0.0
24574.350528269,67.2,109.7,109.7,7965.70703125,0.0,0.0
24575.352996468,69.5,110.6,110.6,7965.70703125,0.0,0.07793264671931174
24576.358116883,69.1,109.6,109.6,7965.70703125,0.0,0.007772700547522695
24577.374879289,68.9,106.8,106.8,7943.49609375,0.0,0.0
24578.384743046,66.3,108.2,108.2,7943.49609375,0.0,0.0
24579.388968397,67.8,108.6,108.6,7965.8828125,0.0,0.003889814169807559
24580.393053088,71.6,115.6,115.6,7943.49609375,0.0,0.08947825896111888
24581.395980858,71.2,108.4,108.4,7943.49609375,0.0,0.0
24582.403204186,72.8,108.5,108.5,7943.49609375,0.0,0.1318600317405564
24583.421141497,68.6,108.7,108.7,7970.52734375,0.0,0.06523608996583127
24584.42659885,63.6,109.7,109.7,7943.49609375,0.0,0.0
24585.428861631,69.2,110.7,110.7,7943.49609375,0.0,0.0
24586.432049257,70.4,111.7,111.7,7943.49609375,0.0,0.10123978542773623
24587.43496108,72.4,110.7,110.7,7949.2734375,0.0,0.007789817430429827
24588.43772119,72.7,107.7,107.7,7949.2734375,0.0,0.0
24589.440301971,67.1,109.7,109.7,7925.79296875,0.0,0.0
24590.446252571,61.9,106.4,106.4,7925.79296875,0.0,0.0
24591.448423381,71.4,109.6,109.6,7932.69140625,0.0,0.12472923652613525
24592.454873588,71.9,111.5,111.5,7932.69140625,0.0,0.0
24593.457765291,70.4,108.7,108.7,7932.69140625,0.0,0.007789973709657933
24594.460536442,63.6,109.7,109.7,7932.69140625,0.0,0.0
24595.462643401,64.3,104.8,104.8,7932.69140625,0.0,0.0
24596.465315356,70.1,109.7,109.7,7933.55078125,0.0,0.062333447832362734
24597.468026982,66.8,111.7,111.7,7934.56640625,0.0,0.031165490844756037
24598.470257411,70.6,105.7,105.7,7934.56640625,0.0,0.0
24599.473411698,70.2,109.7,109.7,7934.56640625,0.0,0.007787934619087215
24600.476036673,68.4,108.7,108.7,7934.56640625,0.0,0.0
24601.478732983,67.2,105.3,105.3,7961.9140625,0.0,0.0
24602.48905905,68.2,115.3,115.3,7934.56640625,0.0,0.08892549933582507
24603.491386495,66.2,104.7,104.7,7962.3828125,0.0,0.0
24604.494073977,67.9,110.7,110.7,7934.56640625,0.0,0.0
24605.4974246,69.0,109.7,109.7,7934.56640625,0.0,0.007786410673316162
24606.500419186,67.9,113.5,113.5,7934.56640625,0.0,0.0
24607.50587588,72.7,106.9,106.9,7942.7265625,0.0,0.0932412112419122
24608.518767374,64.1,108.3,108.3,7942.7265625,0.0,0.0
24609.520984742,68.7,109.7,109.7,7942.7265625,0.0,0.0
24610.523846319,67.3,105.6,105.6,7962.21484375,0.0,0.0077902077207700655
24611.52820686,69.2,115.3,115.3,7944.83203125,0.0,0.0
24612.534096258,70.2,110.4,110.4,7946.32421875,0.0,0.08543434315013386
24613.541051755,68.9,105.4,105.4,7974.29296875,0.0,0.0
24614.543913857,63.7,108.7,108.7,7946.58203125,0.0,0.0
24615.546187702,68.8,110.7,110.7,7946.58203125,0.0,0.0
24616.548541829,67.3,109.7,109.7,7946.58203125,0.0,0.007794151577313884
24617.551532934,68.7,110.5,110.5,7950.8359375,0.0,0.06231361343923976
24618.556212071,70.7,106.5,106.5,7950.8359375,0.0,0.0
24619.5610301,67.8,104.6,104.6,7950.8359375,0.0,0.0
24620.565635157,67.9,113.2,113.2,7950.8359375,0.0,0.0
24621.576355269,66.0,109.1,109.1,7956.6171875,0.0,0.0
24622.579320314,68.8,109.6,109.6,7950.8359375,0.0,0.09347284879724024
24623.584082384,68.3,107.1,107.1,7950.8359375,0.0,0.0
24624.597377008,68.6,107.3,107.3,7950.8359375,0.0,0.0
24625.617080098,67.0,109.7,109.7,7988.2421875,0.0,0.0
24626.619919289,68.5,110.7,110.7,7950.8359375,0.0,0.0
24627.622456342,68.2,109.6,109.6,7950.8359375,0.0,0.0545491060269954
24628.628327584,66.0,103.5,103.5,7950.8359375,0.0,0.0077668986583905525
24629.634619633,71.6,111.3,111.3,7950.8359375,0.0,0.0
24630.6367976,66.7,109.8,109.8,7950.8359375,0.0,0.0
24631.639011006,66.6,110.8,110.8,7950.8359375,0.0,0.0
24632.641178204,69.1,109.7,109.7,7950.8359375,0.0,0.08575165917548029
24633.643748774,69.6,112.5,112.5,7950.8359375,0.0,0.0
24634.648623245,70.5,108.6,108.6,7950.8359375,0.0,0.011661904385266667
24635.653078628,69.7,110.6,110.6,7950.8359375,0.0,0.0
24636.655620952,69.5,110.6,110.6,7950.8359375,0.0,0.03506709807494014
24637.660192522,62.3,107.6,107.6,7950.8359375,0.0,0.10887725998459125
24638.667028465,67.7,106.4,106.4,7950.8359375,0.0,0.054316197569404916
24639.669157935,51.0,99.8,99.8,7950.8359375,0.0,0.0
24640.671348668,59.9,86.4,86.4,7950.8359375,0.0,0.00779542231111433
24641.681795913,88.0,133.8,133.8,7950.8359375,0.0,0.0
24642.692912063,87.9,135.3,135.3,7951.37890625,0.0,0.09658262307425854
24643.701989653,90.0,127.4,127.4,8002.87890625,0.0,0.0
24644.707318839,80.3,135.4,135.4,7964.4453125,0.0,0.0
24645.720858154,76.3,121.1,121.1,8011.44140625,0.0,0.0
24646.726171029,79.9,127.0,127.0,7984.57421875,0.0,0.01165681877892378
24647.735035339,82.6,129.2,129.2,8000.70703125,0.0,0.0
24648.737511072,85.9,127.3,127.3,7984.57421875,0.0,0.14417431289591207
24649.752539964,76.1,124.3,124.3,7995.421875,0.0,0.0
24650.759522163,69.6,116.9,116.9,7986.7421875,0.0,0.0
24651.769045021,71.0,120.4,120.4,7980.25390625,0.0,0.0
24652.771879027,62.6,114.3,114.3,7969.0859375,0.0,0.007790421897586861
24653.779126377,78.8,75.6,75.6,7969.0859375,0.0,0.1706383243400264
24654.788046757,67.8,114.3,114.3,7969.0859375,0.0,0.0
24655.790243946,67.2,109.7,109.7,7969.0859375,0.0,0.0
24656.792685411,68.2,111.7,111.7,7969.0859375,0.0,0.0
24657.795644444,69.8,109.6,109.6,7969.0859375,0.0,0.0
24658.800060055,74.2,107.3,107.3,7969.8203125,0.0,0.1944538673639631
24659.808617005,65.9,105.4,105.4,7999.31640625,0.0,0.0
24660.811941255,67.7,110.7,110.7,7969.0859375,0.0,0.0
24661.814176702,65.4,109.5,109.5,7969.0859375,0.0,0.0
24662.822873076,67.8,107.3,107.3,7969.0859375,0.0,0.0
24663.825069677,69.1,109.2,109.2,7969.08984375,0.0,0.10913527334913661
24664.837818213,72.0,111.2,111.2,7972.97265625,0.0,0.007714155806992808
24665.840685211,66.7,105.6,105.6,7991.0390625,0.0,0.0
24666.848040634,67.4,111.1,111.1,8005.9375,0.0,0.0
24667.855549026,64.9,110.0,110.0,7955.1796875,0.0,0.12019130655516215
24668.864041326,73.4,110.3,110.3,7955.1796875,0.0,0.08521383851918707
24669.866964706,68.3,109.5,109.5,7955.1796875,0.0,0.0
24670.871207285,69.6,109.1,109.1,7955.1796875,0.0,0.007779494878414211
24671.882907975,66.7,108.7,108.7,7955.1796875,0.0,0.0
24672.898065146,64.6,106.9,106.9,7956.3125,0.0,0.0
24673.901946728,72.9,112.8,112.8,7959.8046875,0.0,0.08560521633311036
24674.917750932,69.5,107.1,107.1,7982.01953125,0.0,0.0
24675.920240866,65.4,109.7,109.7,7959.8046875,0.0,0.0
24676.922489171,69.8,109.7,109.7,7959.8046875,0.0,0.007794974519800116
24677.925276654,65.3,111.5,111.5,7959.8046875,0.0,0.0
24678.930558847,69.1,103.6,103.6,7980.6640625,0.0,0.062171597622221686
24679.935044809,70.2,108.5,108.5,8023.97265625,0.0,0.0
24680.937657479,67.4,110.5,110.5,7979.08203125,0.0,0.0
24681.942078973,69.3,108.7,108.7,7979.08203125,0.0,0.0
24682.944638702,72.7,107.7,107.7,7979.08203125,0.0,0.0077925531756483915
24683.947040471,69.8,112.5,112.5,7980.4140625,0.0,0.11690671707091248
24684.952494151,64.5,106.7,106.7,7956.51171875,0.0,0.0
24685.954700666,71.1,107.7,107.7,7956.51171875,0.0,0.0
24686.957272315,69.7,108.5,108.5,7960.71875,0.0,0.0
24687.966057755,67.1,109.9,109.9,7970.4921875,0.0,0.0
24688.974793691,69.4,108.4,108.4,7948.6953125,0.0,0.061958732478399794
24689.977092849,68.8,109.7,109.7,7948.6953125,0.0,0.0
24690.979934564,65.1,105.7,105.7,7952.328125,0.0,0.0
24691.982354192,65.6,111.7,111.7,7952.328125,0.0,0.0
24692.985040206,71.0,108.7,108.7,7952.328125,0.0,0.0
24693.987227619,69.4,110.7,110.7,7952.328125,0.0,0.08574992948950494
24694.990249183,69.4,111.7,111.7,7996.09375,0.0,0.007788965143326162
24695.993202257,68.8,110.7,110.7,7960.1484375,0.0,0.0
24696.995356473,73.6,107.7,107.7,7960.16015625,0.0,0.0
24698.001314275,66.2,110.4,110.4,7960.1484375,0.0,0.0
24699.003533996,72.5,108.8,108.8,7960.1484375,0.0,0.07015677154078591
24700.00531729,67.4,109.6,109.6,7960.1484375,0.0,0.0
24701.010179411,70.1,107.2,107.2,7963.2421875,0.0,0.0077746984752687445
24702.017881206,73.7,113.1,113.1,7963.2421875,0.0,0.12792102846273593
24703.028048664,67.1,106.9,106.9,7999.46875,0.0,0.0
24704.033986552,66.0,109.7,109.7,7963.2421875,0.0,0.07766384081164113
24705.036363859,70.1,109.7,109.7,7963.2421875,0.0,0.0
24706.038952737,67.3,109.7,109.7,7967.53125,0.0,0.01168848992557732
24707.042041409,63.8,107.7,107.7,7999.6484375,0.0,0.0
24708.049439405,67.9,111.2,111.2,7963.2421875,0.0,0.0
24709.051610248,72.9,108.6,108.6,7963.2421875,0.0,0.0
24710.055813268,69.3,109.6,109.6,7963.2421875,0.0,0.12447682142974248
24711.05874189,64.0,105.7,105.7,7972.4140625,0.0,0.0
24712.060965976,65.2,110.7,110.7,7982.1640625,0.0,0.007795162887341597
24713.063665567,67.3,110.7,110.7,7964.06640625,0.0,0.0
24714.066204873,71.4,109.7,109.7,7964.06640625,0.0,0.0
24715.069032307,67.9,110.7,110.7,7964.06640625,0.0,0.07790472951898088
24716.072242451,67.9,107.6,107.6,7964.06640625,0.0,0.0
24717.076658307,66.3,107.3,107.3,7964.06640625,0.0,0.0
24718.086031262,69.5,115.9,115.9,7964.06640625,0.0,0.011609930642546134
24719.091788173,74.7,102.6,102.6,7970.37890625,0.0,0.019419453932054655
24720.096246836,65.4,110.5,110.5,7964.06640625,0.0,0.0
24721.104490839,71.4,109.2,109.2,7964.06640625,0.0,0.13947516631075224
24722.108051079,68.4,110.5,110.5,7964.06640625,0.0,0.0
24723.113367746,69.3,106.2,106.2,7964.06640625,0.0,0.0
24724.123928147,70.4,115.1,115.1,7964.06640625,0.0,0.0077308590285661335
24725.128385511,62.3,107.6,107.6,7964.06640625,0.0,0.011666747061642162
24726.131233864,69.9,108.7,108.7,7964.06640625,0.0,0.07400794923600608
24727.13345068,67.9,108.6,108.6,7964.06640625,0.0,0.0
24728.137792003,72.6,111.5,111.5,7969.56640625,0.0,0.0
24729.142060962,71.8,108.0,108.0,7971.8984375,0.0,0.0
24730.156040713,62.8,106.1,106.1,7988.69140625,0.0,0.00770478896872311
24731.158167543,68.3,109.7,109.7,7972.63671875,0.0,0.0857551134520025
24732.160846548,71.9,115.5,115.5,7969.56640625,0.0,0.0
24733.166508494,66.4,110.6,110.6,7969.56640625,0.0,0.0
24734.169194301,67.1,106.7,106.7,8006.4765625,0.0,0.0
24735.172057031,74.8,113.4,113.4,7970.91015625,0.0,0.007790198764306924
24736.178046947,69.8,105.6,105.6,7971.2421875,0.0,0.06212785934125226
24737.181032896,63.6,110.7,110.7,7994.20703125,0.0,0.0
24738.183207541,68.8,108.7,108.7,7973.35546875,0.0,0.0
24739.185620708,72.5,109.7,109.7,7973.35546875,0.0,0.0
24740.188338897,68.7,110.7,110.7,7973.35546875,0.0,0.0
24741.191064844,66.5,108.7,108.7,7973.35546875,0.0,0.093495137211476
24742.193766338,69.6,110.6,110.6,7973.35546875,0.0,0.0
24743.1985836,68.3,108.3,108.3,7973.35546875,0.0,0.0
24744.207687753,69.4,111.3,111.3,7973.35546875,0.0,0.0
24745.210312895,57.4,103.8,103.8,7973.35546875,0.0,0.0
24746.212575376,50.7,101.6,101.6,7973.35546875,0.0,0.06235891414152439
24747.21747439,73.0,95.4,95.4,7976.34765625,0.0,0.0
24748.22542824,87.9,129.8,129.8,7923.63671875,0.0,0.0
24749.238450084,87.0,128.4,128.4,7923.77734375,0.0,0.0
24750.2490309,82.8,128.5,128.5,7997.02734375,0.0,0.0
24751.260965232,82.0,128.8,128.8,7970.28125,0.0,0.02316108788766197
24752.269044953,77.4,126.3,126.3,8022.12109375,0.0,0.08524871417391917
24753.274577206,82.1,131.3,131.3,7988.4375,0.0,0.0
24754.289467014,85.1,131.7,131.7,7998.421875,0.0,0.0
24755.30504738,84.4,128.4,128.4,8028.05078125,0.0,0.0
24756.308094942,75.0,124.6,124.6,7972.6640625,0.0,0.0
24757.313038555,71.6,117.5,117.5,8037.171875,0.0,0.0738536461548203
24758.315530032,69.7,122.6,122.6,7964.98828125,0.0,0.0
24759.319787974,62.7,107.6,107.6,7964.98828125,0.0,0.0
24760.323497668,82.3,84.7,84.7,7964.98828125,0.0,0.1517806900847445
24761.326118306,69.1,107.0,107.0,7964.98828125,0.0,0.0
24762.339066635,63.2,108.3,108.3,7964.98828125,0.0,0.4241948850679342
24763.341280472,68.3,110.7,110.7,7964.98828125,0.0,0.0
24764.343824407,68.0,108.7,108.7,7966.4765625,0.0,0.0
24765.346031586,67.1,109.7,109.7,7964.98828125,0.01559058877983451,0.11692941584875884
24766.348568913,70.8,108.7,108.7,7964.98828125,0.0,0.011689090953916853
24767.351029704,76.5,107.7,107.7,7979.359375,0.0,0.08572654488972041
24768.354042057,68.3,109.7,109.7,7980.19921875,0.0,0.0077890366720313655
24769.362111332,69.2,107.1,107.1,7966.97265625,0.0,0.0
24770.364953374,70.7,111.7,111.7,7966.97265625,0.0,0.007790359471199287
24771.368051683,66.4,105.5,105.5,8010.375,0.0,0.0
24772.372590435,72.0,112.0,112.0,7967.6015625,0.0,0.12054661879281608
24773.384297075,70.3,112.7,112.7,7967.6015625,0.0,0.011583150230170385
24774.397065378,67.9,105.1,105.1,7998.078125,0.0,0.0
24775.403699151,70.2,112.3,112.3,8003.0234375,0.0,0.0
24776.408622143,71.3,115.7,115.7,7967.6015625,0.0,0.0
24777.410828403,69.1,104.6,104.6,8001.390625,0.0,0.0
24778.41687092,67.7,111.5,111.5,7967.61328125,0.0,0.10095249284601823
24779.42184968,68.8,109.5,109.5,7967.6015625,0.0,0.007773796134755461
24780.427879819,71.8,110.3,110.3,7967.6015625,0.0,0.0
24781.430824717,68.2,109.7,109.7,7967.6015625,0.0,0.0
24782.434070618,68.2,111.5,111.5,7967.6015625,0.0,0.03504250549637032
24783.437931437,69.3,111.5,111.5,7971.375,0.0,0.10895434698694476
24784.443103589,69.5,110.3,110.3,7957.96875,0.0,0.011658450720794168
24785.456038856,65.7,104.9,104.9,7960.3671875,0.0,0.0
24786.458666443,68.3,111.7,111.7,7960.3671875,0.0,0.0
24787.461022292,70.0,114.5,114.5,7983.8359375,0.0,0.0
24788.466045205,68.0,103.7,103.7,8014.76953125,0.0,0.10105490997866091
24789.470196855,67.3,110.5,110.5,7983.8359375,0.0,0.003890099667719664
24790.473026975,65.3,104.7,104.7,7964.953125,0.0,0.007790452085743107
24791.475569606,63.6,111.7,111.7,7963.16015625,0.0,0.0
24792.47869195,67.8,108.7,108.7,7963.16015625,0.0,0.0
24793.481286531,69.8,109.6,109.6,7963.16015625,0.0,0.09740352865510393
24794.48618229,65.7,104.7,104.7,7963.16015625,0.0,0.0
24795.489053693,64.6,109.5,109.5,7963.16015625,0.0,0.007790131393336371
24796.492797852,67.7,110.7,110.7,7963.16015625,0.0,0.0
24797.494944594,68.3,111.8,111.8,7963.16015625,0.0,0.0
24798.497172169,73.2,108.7,108.7,7963.16015625,0.0,0.07405378962944785
24799.500300663,68.5,108.6,108.6,7963.16015625,0.0,0.0
24800.504029082,68.1,108.7,108.7,7963.16015625,0.0,0.0
24801.506713373,71.0,110.7,110.7,7963.16015625,0.0,0.015583170236366534
24802.509820438,69.8,108.1,108.1,7966.27734375,0.0,0.0
24803.521973011,62.8,109.3,109.3,7971.171875,0.0,0.07718697959587457
24804.52503827,69.3,109.7,109.7,7950.90625,0.0,0.0
24805.527341798,69.0,111.6,111.6,7955.89453125,0.0,0.0
24806.531424117,67.2,106.8,106.8,7955.89453125,0.0,0.007780736551319843
24807.546518942,65.5,112.2,112.2,7955.89453125,0.0,0.0
24808.548673177,71.7,108.8,108.8,7955.89453125,0.0,0.06236564973451365
24809.550833369,71.0,110.7,110.7,7955.89453125,0.0,0.0
24810.554991543,68.7,106.2,106.2,7966.58984375,0.0,0.0
24811.564836433,70.8,110.3,110.3,7966.58984375,0.0,0.0
24812.583065961,66.5,111.1,111.1,7966.58984375,0.0,0.007672631548361519
24813.585204282,65.0,107.8,107.8,7966.58984375,0.0,0.08575413014263385
24814.587567472,69.8,109.7,109.7,7966.58984375,0.0,0.04286744608008412
24815.589782013,69.9,109.7,109.7,7966.58984375,0.0,0.0
24816.592367527,69.0,111.7,111.7,7966.58984375,0.0,0.0
24817.596072088,67.3,104.6,104.6,7989.11328125,0.0,0.007783664938427119
24818.599637326,66.1,111.6,111.6,7966.58984375,0.0,0.07006270976481378
24819.602031673,70.0,108.7,108.7,7966.58984375,0.0,0.0
24820.605052499,71.3,111.7,111.7,7966.58984375,0.0,0.0
24821.607915808,71.4,110.7,110.7,7966.58984375,0.0,0.0
24822.61057349,69.3,108.3,108.3,7966.58984375,0.0,0.12077277437123624
24823.622039837,62.4,106.9,106.9,7966.58984375,0.0,0.09268721621661664
24824.630286258,66.2,109.4,109.4,7966.58984375,0.0,0.0
24825.633311468,67.1,109.6,109.6,7966.58984375,0.0,0.0
24826.638685186,70.3,111.4,111.4,7975.02734375,0.0,0.0
24827.642349937,69.6,107.7,107.7,7975.02734375,0.0,0.0
24828.644582059,71.5,107.7,107.7,7975.02734375,0.0,0.06236080307937357
24829.64749245,69.6,111.6,111.6,7950.90625,0.0,0.0
24830.651885809,68.8,109.5,109.5,7950.90625,0.0,0.0
24831.656633085,70.6,107.1,107.1,7953.82421875,0.0,0.0
24832.666041862,68.0,114.5,114.5,7953.82421875,0.0,0.0
24833.669172171,62.6,106.7,106.7,7953.82421875,0.0,0.007788120775443767
24834.672193554,70.7,109.7,109.7,7957.21484375,0.0,0.08567863203773415
24835.674751295,70.2,110.8,110.8,7962.59765625,0.0,0.0
24836.676533071,62.8,111.8,111.8,7962.59765625,0.0,0.0
24837.678737363,64.8,104.5,104.5,7962.59765625,0.0,0.0
24838.683778013,72.8,106.6,106.6,7962.59765625,0.0,0.0
24839.687754342,70.1,114.4,114.4,7962.59765625,0.0,0.09337869558471024
24840.694037129,63.8,104.6,104.6,7962.59765625,0.0,0.0
24841.696690782,69.8,110.7,110.7,7963.01171875,0.0,0.0
24842.699671289,68.4,109.7,109.7,7963.01171875,0.0,0.0
24843.702606397,62.3,105.6,105.6,7963.01171875,0.0,0.0
24844.709236193,69.5,110.4,110.4,7963.01171875,0.0,0.11253516481443171
24845.838441938,67.3,105.7,105.7,7964.43359375,0.0,0.0
24846.853119844,71.6,112.3,112.3,7964.43359375,0.0,0.0
24847.868885695,68.8,108.6,108.6,7964.43359375,0.0,0.0
24848.878482123,67.3,106.4,106.4,7966.765625,0.0,0.0
24849.880708178,68.3,108.8,108.8,7964.43359375,0.0,0.12082478737799579
24850.883101319,68.9,109.7,109.7,7964.43359375,0.0,0.0
24851.886904153,65.9,109.5,109.5,7964.43359375,0.0,0.0
24852.890922929,50.7,99.6,99.6,7964.43359375,0.0,0.0
24853.895442749,50.6,100.7,100.7,7964.43359375,0.0,0.0
24854.897806873,75.4,98.3,98.3,7918.28515625,0.0,0.10911703380153179
24855.908527179,86.5,127.6,127.6,7915.09375,0.0,0.007729635937483804
24856.918728215,80.3,132.2,132.2,7915.1484375,0.0,0.0
24857.92542487,84.3,135.0,135.0,8002.453125,0.0,0.0
24858.930690978,80.2,127.5,127.5,8002.0234375,0.0,0.0
24859.933249194,75.7,123.0,123.0,7973.015625,0.0,0.09740706169611096
24860.945038869,81.9,131.2,131.2,8013.83984375,0.0,0.007721466420395573
24861.948871985,84.0,130.6,130.6,7961.25,0.0,0.0
24862.963940906,85.3,131.9,131.9,7985.78515625,0.0,0.0
24863.985073789,72.0,122.1,122.1,7947.90625,0.0,0.0
24864.989598057,72.5,117.2,117.2,7991.046875,0.0,0.07388447682587888
24865.99843868,70.2,118.3,118.3,8028.515625,0.0,0.0
24867.001794781,57.5,109.6,109.6,7991.046875,0.0,0.007786368162007349
24868.005973009,86.1,91.7,91.7,7991.046875,0.0,3.6954968715026144
24869.008659018,72.6,107.7,107.7,7991.046875,0.0,0.0
24870.011083025,67.7,110.7,110.7,7991.046875,0.0,3.95135937720407
24871.014035806,67.2,108.1,108.1,7991.046875,0.0,0.0
24872.02753559,70.0,105.3,105.3,7992.69140625,0.0,0.0
24873.041661616,68.4,109.9,109.9,7992.69140625,0.0,0.007703677649240086
24874.052035827,67.7,109.3,109.3,7992.69140625,0.0077322836578184355,0.08505512023600278
24875.054190254,70.2,111.5,111.5,7995.20703125,0.0,0.05456993306290519
24876.05995331,73.6,109.6,109.6,8032.76171875,0.0,0.07767734113308532
24877.062570983,70.3,114.7,114.7,7996.8125,0.0,0.0
24878.065324312,66.9,107.7,107.7,7992.69140625,0.0,0.0
24879.068482272,71.2,104.9,104.9,7992.69140625,0.0,0.054515342728280354
24880.083271066,66.3,113.2,113.2,7992.69140625,0.0,0.0
24881.08603232,66.2,105.7,105.7,7992.69140625,0.0,0.2025656647479967
24882.088272671,66.7,111.6,111.6,7992.69140625,0.0,0.12082306392777444
24883.092659251,71.0,108.6,108.6,7992.69140625,0.0,0.0
24884.095798603,66.1,105.1,105.1,7992.69140625,0.0,0.0
24885.107050918,65.7,109.3,109.3,7996.375,0.0,0.0
24886.109545239,64.7,107.8,107.8,7992.69140625,0.0,0.05455143121947492
24887.111723797,69.4,109.7,109.7,7992.69140625,0.0,0.0
24888.114436671,67.8,109.6,109.6,7992.69140625,0.0,0.0
24889.118615115,70.9,107.6,107.6,7992.69140625,0.0,0.0
24890.121298281,67.8,109.4,109.4,7992.69140625,0.0,0.0
24891.12689557,70.3,109.7,109.7,7992.69140625,0.0,0.07769014580146334
24892.12976585,69.6,109.7,109.7,7992.69140625,0.0,0.0
24893.132293595,69.4,109.7,109.7,7992.69140625,0.0,0.0
24894.135065669,68.6,108.7,108.7,7992.69140625,0.0,0.0
24895.137808923,69.6,109.5,109.5,7992.69140625,0.0,0.0
24896.14291051,70.1,108.6,108.6,7992.69140625,0.0,0.054409923043859706
24897.145762852,67.3,106.5,106.5,7992.69140625,0.0,0.0
24898.152421901,64.8,107.3,107.3,7996.75390625,0.0,0.011641230475856123
24899.159524303,71.9,109.4,109.4,7992.69140625,0.0,0.0
24900.161638612,70.1,110.7,110.7,7992.69140625,0.0,0.0
24901.164165456,74.7,109.7,109.7,7992.69140625,0.0,0.08961730106048456
24902.16681272,62.7,105.7,105.7,8034.7421875,0.0,0.0
24903.169011069,67.3,111.8,111.8,7992.69140625,0.0,0.0
24904.171500488,68.1,109.1,109.1,7992.69140625,0.0,0.0
24905.184042495,65.5,105.2,105.2,8009.7109375,0.0,0.0
24906.186635204,65.4,110.7,110.7,8018.1015625,0.0,0.054546077892780855
24907.189039464,71.4,110.4,110.4,8002.29296875,0.0,0.0
24908.19607216,69.2,109.5,109.5,7992.69140625,0.0,0.0
24909.198367535,72.1,108.7,108.7,7992.69140625,0.0,0.0
24910.200762352,67.6,110.8,110.8,7992.69140625,0.0,0.0
24911.203362249,65.5,109.1,109.1,7992.69140625,0.0,0.08181853024855225
24912.211227946,65.5,104.7,104.7,7992.69140625,0.0,0.0
24913.213410777,69.9,114.8,114.8,7992.69140625,0.0,0.0
24914.215760984,66.7,104.8,104.8,7992.69140625,0.0,0.0
24915.21794025,68.7,108.7,108.7,8012.38671875,0.0,0.0
24916.221045504,74.7,112.6,112.6,7992.69140625,0.0,0.0
24917.226171758,67.4,108.2,108.2,7992.69140625,0.0,0.0854992093361386
24918.236571197,69.5,108.2,108.2,8002.9765625,0.0,0.0
24919.240242072,72.4,108.6,108.6,7992.69140625,0.0,0.0
24920.242424432,64.3,109.8,109.8,7992.69140625,0.0,0.0
24921.244647619,68.6,111.6,111.6,7992.69140625,0.0,0.0
24922.248794053,69.0,109.5,109.5,7992.69140625,0.0,0.07780239749380718
24923.255048091,63.5,105.5,105.5,7992.69140625,0.0,0.0
24924.257190635,70.9,110.8,110.8,7997.8671875,0.0,0.0
24925.259355236,67.3,110.7,110.7,7997.8671875,0.0,0.0
24926.261916182,69.8,109.7,109.7,7991.12109375,0.0,0.0
24927.263819631,67.5,109.4,109.4,7984.20703125,0.0,0.0
24928.273647745,65.4,105.4,105.4,7984.20703125,0.0,0.054155255970529274
24929.275858812,69.3,106.7,106.7,7984.32421875,0.0,0.015590528297373249
24930.278741608,68.9,108.7,108.7,7984.32421875,0.0,0.0
24931.281179007,70.6,110.7,110.7,7984.32421875,0.0,0.0
24932.283576241,69.7,110.7,110.7,7984.32421875,0.0,0.0
24933.286315605,67.8,110.6,110.6,7984.32421875,0.0,0.15192756509738645
24934.291078616,68.3,107.0,107.0,7984.32421875,0.0,0.0
24935.302176343,65.7,110.6,110.6,7984.515625,0.0,0.0
24936.318887531,62.8,107.9,107.9,7984.515625,0.0,0.0
24937.321307059,71.2,109.7,109.7,7984.515625,0.0,0.031174572249603103
24938.32446077,71.6,108.7,108.7,7984.515625,0.0,0.06230351272652727
24939.32705369,73.4,109.6,109.6,7993.06640625,0.0,0.0
24940.331366985,67.7,110.5,110.5,7993.06640625,0.0,0.0
24941.335828868,66.0,107.0,107.0,7993.06640625,0.0,0.0
24942.348036995,63.7,106.3,106.3,7993.06640625,0.0,0.1389289378820907
24943.351263331,68.5,110.7,110.7,7993.06640625,0.0,0.09734219138389479
24944.353917048,70.7,109.7,109.7,7993.06640625,0.0,0.0
24945.357209153,68.7,111.7,111.7,7996.92578125,0.0,0.0
24946.358992834,67.9,106.6,106.6,7996.92578125,0.0,0.0
24947.368292873,68.4,113.1,113.1,7977.51953125,0.0,0.0
24948.37311132,68.4,104.6,104.6,7977.51953125,0.0,0.0
24949.380056562,69.6,108.2,108.2,8006.2109375,0.0,0.08922406726070839
24950.382792652,68.6,110.7,110.7,7984.46875,0.0,0.0
24951.385860307,67.4,104.5,104.5,8024.7578125,0.0,0.0
24952.392612401,70.8,115.1,115.1,7984.46875,0.0,0.0
24953.398518803,67.1,108.5,108.5,7984.46875,0.0,0.031066508710854472
24954.401997536,66.8,107.8,107.8,7984.46875,0.0,0.07785416614301033
24955.40422349,70.1,109.8,109.8,7984.46875,0.0,0.0
24956.407148819,69.0,111.4,111.4,7994.66796875,0.0,0.0
24957.418045514,68.5,105.9,105.9,8024.8515625,0.0,0.0
24958.42438996,67.7,111.5,111.5,7984.53515625,0.0,0.0
24959.430036176,57.1,105.4,105.4,7984.609375,0.0,0.0077686365997389735
24960.432734317,50.6,100.7,100.7,7984.609375,0.0,0.10908068493156686
24961.437782751,77.2,110.8,110.8,7940.78515625,0.0,0.0
24962.452383574,77.5,130.5,130.5,7910.44921875,0.0,0.0
24963.467034681,83.5,137.5,137.5,7911.2265625,0.0,0.0
24964.471108212,86.8,130.4,130.4,7959.953125,0.0,0.0
24965.47605857,75.7,124.2,124.2,7965.58984375,0.0,0.06219212670816335
24966.480889307,74.4,121.5,121.5,7993.5625,0.0,0.0
24967.484891427,83.3,130.6,130.6,7982.63671875,0.0,0.0
24968.490083808,88.7,127.9,127.9,8001.96875,0.0,0.0
24969.496948716,86.4,131.7,131.7,7973.9296875,0.0,0.0
24970.512316267,71.0,119.4,119.4,7944.5390625,0.0,0.10771961334845544
24971.523604701,72.8,119.1,119.1,8023.44140625,0.0,0.0
24972.5284186,69.5,121.6,121.6,7986.39453125,0.0,0.0
24973.53114083,61.5,87.7,87.7,8001.7734375,0.0,0.07791290315752981
24974.534742989,80.9,96.7,96.7,7984.3359375,0.0,0.07784459140458379
24975.537677937,67.4,109.7,109.7,7984.3359375,0.0,0.2921114181766265
24976.539849925,64.0,108.8,108.8,7984.3359375,0.0,0.0
24977.54204596,69.0,108.8,108.8,7984.3359375,0.0,0.0
24978.5450418,74.1,108.7,108.7,7994.890625,0.0,0.0
24979.547197393,68.7,109.8,109.8,7984.3359375,0.015591391306044013,0.1364246739278851
24980.549458083,69.3,109.8,109.8,7984.3359375,0.0,0.0545641473775557
24981.551656178,69.0,110.7,110.7,7984.3359375,0.0,0.0
24982.554531934,68.3,108.7,108.7,7984.3359375,0.0,0.0
24983.55634559,70.3,111.7,111.7,7984.3359375,0.0,0.0
24984.56005514,66.5,104.7,104.7,8013.52734375,0.0,0.00778362624926697
24985.563045333,63.2,109.7,109.7,7984.3359375,0.0,0.058419065718451825
24986.565949406,68.4,109.7,109.7,7984.3359375,0.0,0.0
24987.568559892,70.3,109.7,109.7,7984.3359375,0.0,0.0
24988.571620266,74.8,109.6,109.6,7984.3359375,0.0,0.0
24989.574708191,70.0,108.7,108.7,7984.3359375,0.0,0.0
24990.576628376,70.9,107.4,107.4,7984.3359375,0.0,0.0
24991.587069462,66.4,112.3,112.3,7984.3359375,0.0,0.09278126285530616
24992.590044255,63.9,105.7,105.7,7989.578125,0.0,0.0
24993.592187286,69.2,108.8,108.8,7984.3359375,0.0,0.0
24994.594501706,69.5,108.7,108.7,7984.3359375,0.0,0.0
24995.59702214,70.6,109.7,109.7,7984.3359375,0.0,0.0
24996.599771678,71.8,109.7,109.7,7988.5390625,0.0,0.128552789220799
24997.602684718,71.1,109.7,109.7,7988.5390625,0.0,0.0
24998.605580095,64.8,104.5,104.5,7988.5390625,0.0,0.0
24999.610024288,69.4,109.7,109.7,7988.5390625,0.0,0.003888966681509467
25000.612376967,69.0,108.7,108.7,7988.5390625,0.0,0.0
25001.615037326,64.5,106.6,106.6,8017.74609375,0.0,0.08181359646251894
25002.619051833,68.3,109.7,109.7,7988.5390625,0.0,0.12060956206862081
25003.621651993,69.2,109.7,109.7,7988.5390625,0.0,0.0
25004.623859807,68.9,110.7,110.7,7988.5390625,0.0,0.0
25005.626683926,69.3,109.7,109.7,7988.5390625,0.0,0.12464797927373017
25006.628553909,68.2,110.5,110.5,7991.87890625,0.0,0.0
25007.637063495,65.9,105.3,105.3,8029.953125,0.0,0.10845211738012964
25008.642710454,71.2,109.4,109.4,7991.87890625,0.0,0.0
25009.644965759,65.1,110.7,110.7,7991.87890625,0.0,0.0
25010.649411477,69.0,110.2,110.2,7991.87890625,0.0,0.0
25011.658078313,69.3,108.4,108.4,7991.87890625,0.0,0.0
25012.660715134,69.4,108.7,108.7,7991.87890625,0.0,0.08181551712645381
25013.663045619,70.1,110.6,110.6,7991.87890625,0.0,0.0
25014.667440245,67.2,110.4,110.4,7991.87890625,0.0,0.0
25015.672673626,67.5,110.7,110.7,7991.87890625,0.0,0.0
25016.675038245,66.4,105.8,105.8,7991.87890625,0.0,0.0
25017.677259027,71.9,108.7,108.7,7991.87890625,0.0,0.0
25018.683456451,69.9,108.3,108.3,7991.87890625,0.0,0.054350665878977265
25019.685729848,67.7,110.7,110.7,7991.87890625,0.0,0.0
25020.688692699,71.2,110.7,110.7,7991.87890625,0.0,0.0
25021.691327159,62.3,105.3,105.3,7991.87890625,0.0,0.0
25022.700572204,69.5,114.4,114.4,7991.87890625,0.0,0.007740934710239333
25023.704059512,68.2,108.3,108.3,7994.609375,0.0,0.08563885094994313
25024.713342995,68.8,108.4,108.4,7994.609375,0.0,0.0
25025.718312299,67.0,108.4,108.4,7994.609375,0.0,0.0
25026.721758111,67.5,110.1,110.1,7994.7421875,0.0,0.0
25027.733035435,65.2,110.3,110.3,7994.609375,0.0,0.0
25028.735224976,72.5,105.8,105.8,7994.609375,0.0,0.0545680210806044
25029.737384411,66.7,111.8,111.8,7976.6484375,0.0,0.0
25030.739598485,70.2,109.8,109.8,7976.6484375,0.0,0.0
25031.741755459,68.6,110.7,110.7,7976.6484375,0.0,0.0
25032.744641662,69.8,109.7,109.7,7982.53515625,0.0,0.0
25033.747028829,72.7,108.7,108.7,7982.53515625,0.0,0.0
25034.749193354,69.2,107.8,107.8,7982.53515625,0.0,0.07795626172246131
25035.751377476,70.0,112.7,112.7,7992.73828125,0.0,0.0
25036.754206092,68.3,110.6,110.6,7992.73828125,0.0,0.0
25037.758247013,65.4,110.7,110.7,7992.73828125,0.0,0.031124229447571882
25038.760514258,68.4,103.7,103.7,7992.73828125,0.0,0.0
25039.763688656,68.4,109.7,109.7,7992.73828125,0.0,0.07787778491533372
25040.765881559,69.3,110.6,110.6,7978.10546875,0.0,0.0
25041.770646017,65.4,106.3,106.3,8030.1796875,0.0,0.0
25042.777040836,66.2,109.6,109.6,8002.546875,0.0,0.0
25043.780034245,68.3,111.7,111.7,7988.96484375,0.0,0.0
25044.78296552,68.3,109.6,109.6,7988.96484375,0.0,0.054527664420412035
25045.788083778,67.7,106.3,106.3,8016.56640625,0.0,0.0
25046.793284306,66.0,111.7,111.7,7989.0625,0.0,0.0
25047.795444366,72.4,111.8,111.8,7989.0625,0.0,0.0
25048.797729669,74.0,110.6,110.6,7989.0625,0.0,0.0
25049.80303877,60.8,105.0,105.0,7989.0625,0.0,0.0777124169297452
25050.811193719,68.8,110.7,110.7,7989.0625,0.0,0.0
25051.813965679,69.4,109.1,109.1,7989.0625,0.0,0.0
25052.829254789,64.8,111.0,111.0,7989.0625,0.0,0.0
25053.831472811,64.7,105.8,105.8,7989.0625,0.0,0.015590420105212617
25054.833678207,69.3,111.6,111.6,7989.0625,0.0,0.1286225862629625
25055.83837925,67.7,107.1,107.1,7989.0625,0.0,0.0
25056.849682238,64.2,110.2,110.2,8008.94921875,0.0,0.0
25057.851866111,73.9,108.8,108.8,7989.0625,0.0,0.0
25058.854046671,67.8,110.8,110.8,7989.0625,0.0,0.0
25059.856693179,68.1,109.6,109.6,7989.0625,0.0,0.10129442349776585
25060.860693067,66.7,105.5,105.5,8003.78125,0.0,0.0
25061.867029292,68.2,111.5,111.5,7994.203125,0.0,0.0
25062.869158435,66.7,109.7,109.7,7994.203125,0.0,0.0
25063.871907176,66.8,110.7,110.7,7994.203125,0.0,0.0
25064.874069665,68.6,106.8,106.8,7994.203125,0.0,0.07405859909413301
25065.875785398,64.5,110.8,110.8,7994.203125,0.0,0.0
25066.878419604,50.6,99.7,99.7,7994.203125,0.0,0.0
25067.88160641,61.8,87.5,87.5,7957.35546875,0.0,0.0
25068.88762596,82.0,130.7,130.7,7906.0859375,0.0,0.0
25069.904063133,80.2,132.1,132.1,7909.29296875,0.0,0.0
25070.912650834,80.9,132.2,132.2,7940.46875,0.0,0.13168165729961073
25071.917036515,86.4,129.6,129.6,8013.8515625,0.0,0.0
25072.919639541,75.3,124.1,124.1,7977.68359375,0.0,0.0
25073.931089391,76.8,125.1,125.1,8036.96875,0.0,0.0
25074.934437735,85.2,131.7,131.7,7975.25,0.0,0.0
25075.936620242,88.4,134.7,134.7,8028.5,0.0,0.05456840407613506
25076.938889366,82.0,133.5,133.5,7969.1328125,0.0,0.0
25077.943222588,69.7,114.6,114.6,8001.15234375,0.0,0.0
25078.946982385,76.4,119.1,119.1,7995.4375,0.0,0.0
25079.958757889,64.8,116.0,116.0,7994.8046875,0.0,0.0
25080.964082555,72.1,72.5,72.5,8036.00390625,0.0,0.2797603694717689
25081.973285108,74.2,121.1,121.1,7978.70703125,0.0,0.0
25082.978065234,63.5,106.2,106.2,7997.59375,0.0,0.0
25083.987459948,65.8,111.3,111.3,8004.08984375,0.0,0.0
25084.989693345,67.3,109.7,109.7,7978.70703125,0.0,0.007795090468325798
25085.993289506,70.3,109.6,109.6,7985.65625,0.0,0.08562956230749351
25086.998037978,76.4,109.5,109.5,7987.28515625,0.0,0.0
25088.000174601,67.8,110.8,110.8,7985.65625,0.0,0.1208355699421176
25089.002422409,74.4,109.7,109.7,7985.65625,0.0,0.0
25090.005330985,69.2,109.9,109.9,7985.65625,0.0,0.0
25091.019093645,65.7,104.3,104.3,7998.68359375,0.0,0.10018370572054855
25092.021862486,67.7,114.7,114.7,7985.65625,0.0,0.0
25093.024093075,71.0,111.6,111.6,7985.65625,0.0,0.0
25094.028709008,63.1,104.6,104.6,7985.65625,0.0,0.0
25095.032036177,71.9,110.6,110.6,7993.73828125,0.0,0.0
25096.03422543,67.6,111.7,111.7,7986.09375,0.0,0.0
25097.037059738,68.8,110.5,110.5,7991.421875,0.0,0.054532936860925425
25098.042153165,67.4,108.2,108.2,7991.421875,0.0,0.0
25099.056183811,69.9,106.9,106.9,7993.16015625,0.0,0.0
25100.059047836,67.7,110.3,110.3,7991.421875,0.0,0.0
25101.067405048,65.4,109.6,109.6,7991.421875,0.0,0.0
25102.069589117,69.5,109.8,109.8,7991.421875,0.0,0.0779547414658582
25103.071790166,69.7,112.7,112.7,7991.421875,0.0,0.0
25104.074636157,73.6,107.7,107.7,7991.80078125,0.0,0.0
25105.076862351,67.2,110.7,110.7,7991.80078125,0.0,0.0
25106.080956506,71.0,109.7,109.7,7975.33203125,0.0,0.0
25107.083041679,65.9,107.8,107.8,7975.33203125,0.0,0.03118497393433011
25108.100353362,65.2,105.1,105.1,8021.44921875,0.0,0.053756877969659986
25109.102689732,71.7,110.7,110.7,7979.15625,0.0,0.0
25110.105567272,67.3,107.2,107.2,7979.15625,0.0,0.0
25111.118946115,73.3,112.5,112.5,7979.15625,0.0,0.0
25112.129535589,63.2,107.4,107.4,7979.15625,0.0,0.0
25113.131760096,66.6,109.7,109.7,7979.15625,0.0,0.07795159612879068
25114.134538074,73.2,104.7,104.7,7998.15625,0.0,0.0
25115.137761228,71.7,111.3,111.3,8027.40234375,0.0,0.0
25116.146972582,70.3,115.3,115.3,7990.75390625,0.0,0.0038705965648589157
25117.150266613,64.0,105.7,105.7,7990.75390625,0.3932359186930662,0.0
25118.15243874,69.3,109.7,109.7,7990.75390625,0.0,0.06626231982611383
25119.15704255,72.2,108.6,108.6,7966.44140625,0.0,0.0
25120.159787136,66.8,105.5,105.5,8016.65625,0.0,0.0
25121.168329161,63.8,110.4,110.4,7977.125,0.0,0.0038731653249659006
25122.172602046,72.0,108.5,108.5,7977.125,0.0,0.0
25123.176272796,65.3,110.6,110.6,7977.125,0.0,0.20238210588476072
25124.178442544,67.8,111.7,111.7,7977.125,0.0,0.0
25125.181258912,67.4,108.6,108.6,7977.125,0.0,0.0
25126.186020163,69.2,108.7,108.7,7977.125,0.0,0.0
25127.199793993,71.5,111.4,111.4,7977.125,0.0,0.0
25128.202037832,69.2,109.7,109.7,7977.125,0.0,0.0
25129.204635724,71.9,103.7,103.7,7980.22265625,0.0,0.054545795913247985
25130.207291789,71.0,110.7,110.7,7980.22265625,0.0,0.0
25131.210094326,67.6,109.6,109.6,7980.22265625,0.0,0.0
25132.215044424,68.2,105.0,105.0,7980.22265625,0.0,0.0
25133.22604115,68.8,110.4,110.4,7999.94921875,0.0,0.0
25134.228437094,66.3,112.7,112.7,7991.23046875,0.0,0.07793826428328461
25135.234695741,67.8,108.4,108.4,7980.22265625,0.0,0.0
25136.237089884,68.8,108.6,108.6,7980.22265625,0.0,0.0
25137.241469222,70.5,110.6,110.6,7980.22265625,0.0,0.0
25138.243859545,69.1,111.2,111.2,7980.22265625,0.0,0.035072415598350136
25139.251542514,69.9,103.6,103.6,7990.2578125,0.0,0.0
25140.257659613,69.4,110.4,110.4,7984.36328125,0.0,0.08153250757962165
25141.26025137,67.0,109.7,109.7,7984.36328125,0.0,0.0
25142.262395707,68.5,109.7,109.7,7984.36328125,0.0,0.0
25143.266051442,66.8,109.1,109.1,7984.36328125,0.0,0.0
25144.275234,61.9,106.6,106.6,7984.36328125,0.0,0.0
25145.277616687,68.3,110.7,110.7,7984.36328125,0.0,0.05845447129126083
25146.27973594,68.8,111.8,111.8,7984.36328125,0.0,0.0
25147.281896479,69.8,111.6,111.6,7987.484375,0.0,0.0
25148.286060981,69.4,105.3,105.3,8019.5546875,0.0,0.0
25149.292413183,64.2,108.7,108.7,7987.484375,0.0,0.0
25150.294580685,68.8,109.7,109.7,7987.484375,0.0,0.07795603014875666
25151.297419968,66.0,109.7,109.7,7987.484375,0.0,0.01558076180788665
25152.30179297,68.8,108.2,108.2,7992.0078125,0.0,0.0
25153.310922522,69.8,106.3,106.3,8011.87890625,0.0,0.0
25154.314028934,71.7,115.6,115.6,7987.98828125,0.0,0.0
25155.318073929,65.5,105.6,105.6,8009.046875,0.0,0.0
25156.322045788,67.7,111.6,111.6,7987.98828125,0.0,0.12839627808712475
25157.324417443,70.5,110.7,110.7,7987.98828125,0.0,0.0
25158.328112518,65.8,111.7,111.7,7987.98828125,0.0,0.0
25159.330353423,70.9,111.5,111.5,7987.98828125,0.0,0.0
25160.33550892,66.5,104.7,104.7,7987.98828125,0.0,0.0
25161.337907359,63.7,110.7,110.7,7987.98828125,0.0,0.10131949138050604
25162.340887004,69.4,110.7,110.7,7987.98828125,0.0,0.0
25163.345281503,67.3,105.4,105.4,7987.98828125,0.0,0.0
25164.355040518,65.7,111.1,111.1,7991.2734375,0.0,0.0
25165.357283656,66.5,110.7,110.7,7987.98828125,0.0,0.0
25166.360227648,68.1,108.7,108.7,7987.98828125,0.0,0.07789567575375199
25167.362900972,71.4,110.6,110.6,7987.98828125,0.0,0.0
25168.367644221,69.4,107.2,107.2,7987.98828125,0.0,0.0
25169.375720513,69.8,105.2,105.2,7987.98828125,0.0,0.0
25170.388365263,70.1,112.1,112.1,7987.98828125,0.0,0.027002312508886572
25171.403127838,69.3,111.2,111.2,7987.98828125,0.0,0.07698845220028841
25172.405765569,68.7,108.1,108.1,7987.98828125,0.0,0.0
25173.418640384,51.9,102.1,102.1,7987.98828125,0.0,0.0
25174.423170989,50.5,99.7,99.7,7987.98828125,0.0,0.0
25175.425569231,79.2,112.3,112.3,7888.40625,0.0,0.0
25176.436032646,81.3,134.3,134.3,7889.75,0.0,0.054121207347163844
25177.450091354,84.6,123.4,123.4,7876.33203125,0.0,0.030816756222798742
25178.458166064,87.5,130.5,130.5,7993.72265625,0.0,0.0
25179.462272622,74.4,124.5,124.5,7960.93359375,0.0,0.0
25180.466494261,77.4,123.1,123.1,7985.25,0.0,0.0
25181.476484525,81.6,130.0,130.0,8019.4765625,0.0,0.08121984233309477
25182.480586411,82.2,126.5,126.5,8022.92578125,0.0,0.12837965130571896
25183.485692172,84.1,131.4,131.4,8030.45703125,0.0,0.0
25184.48902234,68.7,121.6,121.6,7966.3671875,0.0,0.0
25185.493039718,71.9,116.4,116.4,8014.41015625,0.0,0.0
25186.496521521,70.5,120.6,120.6,7966.28515625,0.0,0.06228314236806056
25187.503032723,62.8,85.6,85.6,7978.8046875,0.0,0.07761960308499832
25188.510649085,82.2,99.2,99.2,7979.8671875,0.0,0.07753446941349368
25189.513413396,68.2,109.7,109.7,8004.50390625,0.0,0.0
25190.515608512,68.0,111.7,111.7,7963.33984375,0.0,0.0
25191.518605198,70.1,108.7,108.7,7963.33984375,0.0,0.30377717519137487
25192.521364484,67.4,111.7,111.7,7963.33984375,0.0,0.0
25193.524871631,66.3,108.6,108.6,7963.33984375,0.007785196172590531,0.09342235407108637
25194.528165174,68.3,111.7,111.7,7963.33984375,0.0,0.0
25195.530682467,69.8,107.5,107.5,7963.33984375,0.0,0.0
25196.537560504,66.8,113.3,113.3,7963.33984375,0.0,0.054313926801928654
25197.543038732,65.2,105.5,105.5,7976.6015625,0.0,0.03496470537194361
25198.545952324,74.4,107.7,107.7,7964.41015625,0.0,0.007789803690304744
25199.548174415,68.4,108.8,108.8,7964.41015625,0.0,0.0
25200.550353316,69.1,109.6,109.6,7964.41015625,0.0,0.0
25201.554628632,68.5,109.6,109.6,7964.41015625,0.0,0.0
25202.557061527,70.9,110.8,110.8,7964.41015625,0.0,0.11690308706374904
25203.559433348,69.2,109.6,109.6,7964.41015625,0.0,0.0
25204.563656031,63.8,104.6,104.6,7967.34375,0.0,0.0
25205.57003594,65.4,110.4,110.4,7964.41015625,0.0,0.0
25206.572915996,71.3,108.7,108.7,7964.41015625,0.0,0.0
25207.575747401,66.8,109.6,109.6,7964.41015625,0.0,0.062323536826237626
25208.579943397,69.8,104.5,104.5,7964.41015625,0.0,0.0
25209.58707376,67.8,108.5,108.5,8003.2265625,0.0,0.003878594215303768
25210.591070244,67.9,109.5,109.5,7979.76171875,0.0,0.11672102628600782
25211.594040952,66.5,113.6,113.6,7964.41015625,0.0,0.0
25212.612042709,63.7,106.1,106.1,7964.41015625,0.0,0.13046392021131376
25213.61503932,71.4,110.7,110.7,7992.28125,0.0,0.015578317841372681
25214.617480569,72.3,108.2,108.2,7964.41015625,0.0,0.0
25215.630151751,67.7,109.1,109.1,7988.14453125,0.0,0.0
25216.633437438,69.0,116.6,116.6,7964.41015625,0.0,0.0
25217.637337359,63.9,105.7,105.7,7964.41015625,0.0,0.0
25218.639652419,71.2,109.7,109.7,7964.83984375,0.0,0.13640296894284312
25219.642265909,70.3,109.7,109.7,7967.42578125,0.0,0.0
25220.644518992,69.3,109.8,109.8,7967.42578125,0.0,0.0
25221.646654943,69.2,108.8,108.8,7967.42578125,0.0,0.0
25222.649071996,68.4,109.7,109.7,7967.42578125,0.0,0.0
25223.651831037,67.8,109.6,109.6,7967.42578125,0.0,0.10128305589590256
25224.655582745,69.6,106.6,106.6,7967.42578125,0.0,0.0
25225.660135398,69.5,109.6,109.6,7967.42578125,0.0,0.0
25226.666039907,66.1,111.3,111.3,7967.42578125,0.0,0.0
25227.669195825,64.9,105.6,105.6,7967.42578125,0.0,0.0
25228.673518669,81.4,114.4,114.4,7967.42578125,0.0,0.07389929487674361
25229.679085675,68.4,105.2,105.2,7967.42578125,0.0,0.0
25230.688221294,62.8,109.4,109.4,7967.42578125,0.0,0.0
25231.690387118,70.9,110.8,110.8,7967.42578125,0.0,0.0
25232.692739573,71.3,108.7,108.7,7967.42578125,0.0,0.0
25233.695419509,68.5,109.7,109.7,7967.42578125,0.0,0.07791618959863195
25234.69826603,67.3,110.6,110.6,7967.42578125,0.0,0.0
25235.703233962,67.5,106.8,106.8,7967.42578125,0.0,0.0
25236.71852908,66.4,107.1,107.1,7967.42578125,0.0,0.0
25237.72066882,67.1,109.8,109.8,7967.42578125,0.0,0.03118327589730007
25238.722834089,71.2,106.8,106.8,7967.42578125,0.0,0.0623649630786894
25239.725084013,68.6,109.7,109.7,7967.42578125,0.0,0.0
25240.727873148,71.2,109.6,109.6,7967.42578125,0.0,0.0
25241.732600666,67.3,110.6,110.6,7967.42578125,0.0,0.0
25242.734780711,67.1,110.7,110.7,7967.42578125,0.0,0.0
25243.737834986,72.7,109.7,109.7,7973.890625,0.0,0.07788711134306821
25244.741820547,68.0,109.5,109.5,7973.890625,0.0,0.00778148641125645
25245.746687308,65.6,104.6,104.6,7973.890625,0.0,0.0
25246.748915725,66.8,111.7,111.7,7973.890625,0.0,0.0
25247.752040138,71.2,108.6,108.6,7973.890625,0.0,0.0
25248.755232731,70.2,108.1,108.1,7973.890625,0.0,0.09345164692603726
25249.765840533,70.2,110.8,110.8,7973.890625,0.0,0.0
25250.7779612,67.6,112.1,112.1,7973.890625,0.0,0.0
25251.782782489,64.7,105.6,105.6,7973.890625,0.0,0.0
25252.788549048,66.7,111.4,111.4,7973.890625,0.0,0.0
25253.790756365,68.9,111.7,111.7,7973.890625,0.0,0.077952933165402
25254.795048947,69.8,108.6,108.6,7975.09765625,0.0,0.0
25255.796760468,68.7,108.3,108.3,7957.09765625,0.0,0.0
25256.807077752,66.9,112.3,112.3,7938.26953125,0.0,0.0
25257.81938044,64.6,105.6,105.6,7946.02734375,0.0,0.0
25258.823943981,70.1,110.5,110.5,7946.02734375,0.0,0.05443906509450553
25259.826766713,68.7,110.6,110.6,7946.02734375,0.0,0.0
25260.831203789,67.4,105.2,105.2,7946.02734375,0.0,0.0
25261.842469593,67.3,111.2,111.2,7946.02734375,0.0,0.0
25262.844657314,66.8,109.8,109.8,7950.515625,0.0,0.0
25263.846834875,71.1,110.7,110.7,7950.515625,0.0,0.07795524769285682
25264.849685235,70.7,110.7,110.7,7950.515625,0.0,0.0
25265.853323125,68.6,105.6,105.6,7987.00390625,0.0,0.0
25266.857045538,66.1,109.6,109.6,7986.57421875,0.0,0.0
25267.860041526,65.0,111.7,111.7,7955.6171875,0.0,0.12073203826200625
25268.862220353,72.4,110.7,110.7,7955.6171875,0.0,0.054568604451339195
25269.865516934,68.5,107.1,107.1,7955.6171875,0.0,0.0
25270.87859507,66.2,112.2,112.2,7955.6171875,0.0,0.0
25271.881255443,68.2,108.4,108.4,7953.640625,0.0,0.0
25272.890151557,72.4,108.4,108.4,7993.453125,0.0,0.0
25273.892707613,67.6,114.6,114.6,7953.99609375,0.0,0.0
25274.897605726,62.5,104.6,104.6,7992.49609375,0.0,0.07774420012253978
25275.903404773,66.2,110.4,110.4,7953.99609375,0.0,0.015534912313389375
25276.905576194,75.0,110.7,110.7,7959.33984375,0.0,0.0
25277.908587273,66.0,108.7,108.7,7959.33984375,0.0,0.0
25278.91114577,59.9,104.7,104.7,7959.33984375,0.0,0.0
25279.913705751,50.9,99.8,99.8,7959.33984375,0.0,0.15195474872989218
25280.915868644,71.8,97.3,97.3,7932.375,0.0,0.0
25281.928392126,85.1,125.3,125.3,7883.0546875,0.0,0.0
25282.939932589,83.8,127.6,127.6,7865.9375,0.0,0.0
25283.951045081,82.9,133.3,133.3,7961.44140625,0.0,0.05022314569522721
25284.953755232,79.9,125.2,125.2,7961.390625,0.0,0.019478460431011518
25285.963978638,76.6,124.1,124.1,8016.05078125,0.0,0.07346766028110789
25286.968128364,79.8,127.6,127.6,8032.17578125,0.0,0.0
25287.971328999,84.9,130.7,130.7,7959.9140625,0.0,0.0
25288.987040561,88.0,129.0,129.0,8010.6796875,0.0,0.0
25289.996744225,76.4,126.5,126.5,7978.49609375,0.0,0.0
25291.00025808,70.2,116.6,116.6,8020.3515625,0.0,0.11288458991957755
25292.003606215,71.2,122.7,122.7,7983.69140625,0.0,0.0
25293.00573839,64.3,115.6,115.6,7983.69140625,0.0,0.0
25294.010930679,75.3,75.6,75.6,7983.6953125,0.0,0.077721447781498
25295.021063482,71.4,122.0,122.0,7983.6953125,0.0,0.0
25296.024040133,69.5,107.7,107.7,7985.234375,0.0,0.0
25297.026793507,69.0,108.4,108.4,7985.234375,0.0,0.18308963575733886
25298.036291687,68.4,106.4,106.4,8019.8515625,0.0,0.0
25299.038490013,67.5,107.8,107.8,7985.234375,0.0,0.0
25300.040682151,69.4,110.7,110.7,7985.234375,0.0,0.0
25301.043502511,69.7,108.3,108.3,7985.234375,0.0,0.0
25302.052877345,68.1,113.3,113.3,7991.22265625,0.0,0.12770899933090507
25303.056026667,66.8,104.7,104.7,7991.22265625,0.0,0.0
25304.059038029,65.7,110.7,110.7,8001.15625,0.0,0.0
25305.061681723,68.9,108.7,108.7,7991.22265625,0.0,0.0
25306.064077532,68.4,110.6,110.6,7991.22265625,0.0,0.0
25307.068184032,67.4,107.0,107.0,7991.22265625,0.0,0.07002494257328853
25308.079947209,67.3,108.2,108.2,7991.22265625,0.0,0.0
25309.085434183,69.6,113.3,113.3,7991.22265625,0.0,0.0
25310.09320225,71.6,106.7,106.7,7991.22265625,0.0,0.0
25311.105636464,68.5,108.4,108.4,8018.0,0.0,0.0
25312.109028824,65.7,112.6,112.6,7994.46484375,0.0,0.07786086790598067
25313.11164375,67.8,110.7,110.7,7991.22265625,0.0,0.0
25314.114013501,69.8,109.8,109.8,7991.22265625,0.0,0.0
25315.115989846,66.6,108.0,108.0,7991.22265625,0.0,0.0
25316.129839991,62.6,107.2,107.2,7991.22265625,0.0,0.0
25317.133213849,67.4,110.7,110.7,7991.22265625,0.0,0.054503612550839076
25318.135717962,75.3,112.8,112.8,7991.22265625,0.0,0.0
25319.137823131,68.3,105.7,105.7,7991.22265625,0.0,0.0
25320.140981776,70.3,109.7,109.7,7991.22265625,0.0,0.0
25321.143864762,69.4,108.1,108.1,7991.22265625,0.0,0.0
25322.158047492,65.7,109.1,109.1,8008.54296875,0.0,0.07703246928691299
25323.163236725,68.3,110.5,110.5,7991.22265625,0.0,0.0
25324.165491064,68.7,109.7,109.7,7991.22265625,0.0,0.0
25325.168869248,69.6,108.7,108.7,7991.22265625,0.0,0.0
25326.170736569,69.3,109.7,109.7,7991.22265625,0.0,0.0
25327.173972841,68.2,110.7,110.7,7991.22265625,0.0,0.08955392912689215
25328.177043756,66.9,107.6,107.6,7991.22265625,0.0,0.0
25329.18342182,72.4,109.0,109.0,7991.22265625,0.0,0.12032630115067315
25330.189037269,66.9,109.7,109.7,7991.22265625,0.0,0.0
25331.191653871,68.9,108.7,108.7,7991.22265625,0.0,0.0
25332.194715526,68.2,109.7,109.7,7991.22265625,0.0,0.07788653829066201
25333.197252742,69.2,109.6,109.6,7991.22265625,0.0,0.0
25334.201218566,68.1,105.2,105.2,7991.22265625,0.0,0.0
25335.21312057,69.1,113.5,113.5,7991.22265625,0.0,0.0
25336.226472713,70.0,108.4,108.4,7991.22265625,0.0,0.0
25337.240047691,60.2,108.3,108.3,7991.22265625,0.0,0.007707865890099549
25338.242616225,68.7,108.7,108.7,7991.22265625,0.0,0.09740605922501588
25339.244748548,75.6,106.4,106.4,8021.84375,0.0,0.0
25340.254566909,72.2,111.9,111.9,7991.22265625,0.0,0.0
25341.263063907,67.0,107.4,107.4,8020.359375,0.0,0.0
25342.266286941,70.9,111.2,111.2,7991.22265625,0.0,0.007787400941990332
25343.276702792,69.5,111.2,111.2,7991.22265625,0.0,0.13530938758002609
25344.292506044,65.7,108.4,108.4,7991.22265625,0.0,0.0
25345.295065767,66.2,107.6,107.6,7991.22265625,0.0,0.0
25346.298799609,66.0,109.8,109.8,7991.22265625,0.0,0.0
25347.301201309,73.3,110.7,110.7,7991.22265625,0.0,0.0
25348.305437992,65.8,108.6,108.6,7991.22265625,0.0,0.06612609469883535
25349.308177784,71.0,109.7,109.7,7991.22265625,0.0,0.0
25350.310468494,69.6,110.7,110.7,7991.22265625,0.0,0.0
25351.315053786,77.8,109.5,109.5,8020.1953125,0.0,0.0
25352.321793307,72.3,108.8,108.8,7991.22265625,0.0,0.0
25353.332952051,62.4,109.3,109.3,7991.22265625,0.0,0.08885227026227402
25354.335451447,68.0,110.7,110.7,7991.22265625,0.0,0.0
25355.337944088,67.0,109.5,109.5,7991.22265625,0.0,0.0
25356.344092756,63.7,105.7,105.7,7991.22265625,0.0,0.0
25357.347033933,71.4,109.7,109.7,8019.8203125,0.0,0.0
25358.349201212,67.7,109.8,109.8,7991.22265625,0.0,0.0623648379963365
25359.351593317,71.4,109.7,109.7,7991.22265625,0.0,0.0
25360.354505692,69.4,110.3,110.3,7995.0703125,0.0,0.0
25361.361511201,71.2,110.2,110.2,7991.953125,0.0,0.0
25362.369932061,65.3,105.5,105.5,7991.22265625,0.0,0.0
25363.372374308,67.2,111.7,111.7,7991.22265625,0.0,0.22990725968442316
25364.374669695,70.1,109.7,109.7,7991.22265625,0.0,0.0
25365.376943376,67.8,109.4,109.4,7991.22265625,0.0,0.0
25366.386131733,64.7,106.8,106.8,7991.22265625,0.0,0.0
25367.397397409,64.2,106.4,106.4,7996.06640625,0.0,0.0
25368.400272941,74.1,113.7,113.7,7991.22265625,0.0,0.054530695240953664
25369.403124387,67.2,107.7,107.7,7991.22265625,0.0,0.0
25370.405575357,67.2,109.7,109.7,7991.22265625,0.0,0.0
25371.40838363,69.7,110.7,110.7,7991.22265625,0.0,0.0
25372.41063885,69.2,110.7,110.7,7991.22265625,0.0,0.0
25373.413376448,68.3,109.7,109.7,7991.22265625,0.0,0.09349405087341706
25374.416160182,68.7,107.2,107.2,7991.22265625,0.0,0.0
25375.428049529,63.2,108.2,108.2,7991.22265625,0.0,0.0
25376.430422223,73.4,115.6,115.6,7991.22265625,0.0,0.0
25377.434741081,68.4,105.5,105.5,8040.01953125,0.0,0.0
25378.441494299,67.2,109.4,109.4,7991.22265625,0.0,0.05432066073614017
25379.443694336,69.5,110.8,110.8,7991.6015625,0.0,0.0
25380.445854315,73.3,110.8,110.8,7991.58984375,0.0,0.0
25381.447993892,70.7,109.7,109.7,7991.58984375,0.0,0.0
25382.450557706,69.8,109.6,109.6,7991.58984375,0.0,0.0
25383.454654406,64.9,107.7,107.7,7991.58984375,0.0,0.07780625113109808
25384.456760065,63.5,104.8,104.8,7991.58984375,0.0,0.0
25385.458941669,50.9,99.8,99.8,7991.58984375,0.0,0.0
25386.461060044,51.2,100.8,100.8,7991.58984375,0.0,0.0
25387.464065873,82.7,99.6,99.6,7960.9765625,0.0,0.0
25388.468609185,83.0,128.2,128.2,7941.9375,0.0,0.054440161361437006
25389.476351096,80.3,131.6,131.6,7942.015625,0.0,0.0
25390.488095302,83.6,134.6,134.6,7987.81640625,0.0,0.0
25391.49986281,74.1,119.9,119.9,7992.1015625,0.0,0.0
25392.506218288,75.7,121.3,121.3,8041.66015625,0.0,0.0
25393.510176097,81.4,130.2,130.2,7982.97265625,0.0,0.0
25394.515317464,87.9,135.7,135.7,7993.578125,0.0,0.10881553937667879
25395.527853349,89.8,136.1,136.1,8031.85546875,0.0,0.0
25396.547661876,69.6,120.9,120.9,7948.41796875,0.0,0.0
25397.558817592,71.0,117.3,117.3,7991.2734375,0.0,0.0
25398.56215871,73.3,116.3,116.3,7984.5390625,0.0,0.0
25399.575560201,55.4,109.6,109.6,7984.5390625,0.0,0.1541837084192774
25400.598029909,85.5,86.1,86.1,7984.5390625,0.0,3.560618932288106
25401.601089521,70.3,109.6,109.6,7984.5390625,0.0,0.0
25402.606037788,67.1,104.6,104.6,8018.54296875,0.0,0.0
25403.608919853,61.8,109.7,109.7,7984.5390625,0.0,0.0
25404.611771721,69.6,110.6,110.6,7984.5390625,0.0,3.9847298265150655
25405.616803611,69.4,106.1,106.1,7984.5390625,0.015546770361694447,0.11271408512228474
25406.628782054,71.1,111.6,111.6,7984.5390625,0.0,0.0
25407.642357685,70.2,112.4,112.4,7984.5390625,0.0,0.0
25408.656693268,65.1,108.1,108.1,7984.5390625,0.0,0.0
25409.659066176,71.1,109.7,109.7,7984.5390625,0.0,0.0
25410.661453365,70.2,110.7,110.7,7984.5390625,0.0,0.17146567901704804
25411.664421736,70.6,108.6,108.6,7984.5390625,0.0,0.0
25412.668053382,68.9,109.5,109.5,7984.5390625,0.0,0.0
25413.676059369,66.4,112.3,112.3,7984.5390625,0.0,0.0
25414.678315171,65.4,106.7,106.7,7984.5390625,0.0,0.0
25415.68065072,68.4,109.7,109.7,7984.5390625,0.0,0.14419447673389346
25416.683406153,68.5,108.7,108.7,7984.5390625,0.0,0.0
25417.686290103,69.7,111.6,111.6,7984.5390625,0.0,0.0
25418.690597004,72.5,106.6,106.6,7984.5390625,0.0,0.0038894983158182786
25419.693353094,68.1,107.1,107.1,7984.5390625,0.0,0.0
25420.707341453,71.6,113.7,113.7,7985.359375,0.0,0.0
25421.717048273,62.3,105.3,105.3,7994.1484375,0.0,0.08511133954696036
25422.71972798,67.3,109.7,109.7,7984.5390625,0.0,0.12077012146030033
25423.722288817,73.0,110.7,110.7,7985.625,0.0,0.0
25424.724484926,65.1,111.7,111.7,7985.625,0.0,0.0
25425.728036747,66.8,105.6,105.6,8000.8203125,0.0,0.0
25426.730922278,70.4,110.7,110.7,7985.625,0.0,0.05842516238291329
25427.749733855,65.4,109.9,109.9,7966.6640625,0.0,0.0
25428.752041824,68.7,104.7,104.7,7966.6640625,0.0,0.0
25429.755025752,69.1,110.7,110.7,7966.6640625,0.0,0.003894628708335008
25430.757170918,70.9,110.8,110.8,7966.6640625,0.0,0.04287677220609362
25431.759314617,78.3,111.8,111.8,7977.9921875,0.0,0.08185577585522578
25432.761486335,61.5,106.8,106.8,7977.9921875,0.0,0.0
25433.763724378,70.4,108.8,108.8,7977.9921875,0.0,0.0
25434.765876885,67.6,110.8,110.8,7977.9921875,0.0,0.007795719658859794
25435.767751623,68.6,111.6,111.6,7977.9921875,0.0,0.0
25436.77269792,68.0,106.6,106.6,7977.9921875,0.0,0.06219237802702517
25437.776783795,70.7,114.6,114.6,7977.9921875,0.0,0.0
25438.779231735,71.1,105.5,105.5,7977.9921875,0.0,0.0
25439.785038863,65.4,105.4,105.4,7984.69921875,0.0,0.0
25440.790051075,66.2,109.7,109.7,7979.3828125,0.0,0.0
25441.792272551,68.8,110.7,110.7,7977.9921875,0.0,0.07795183187638909
25442.794607377,69.7,109.5,109.5,7977.9921875,0.0,0.0
25443.799748077,69.8,106.0,106.0,7977.9921875,0.0,0.0
25444.816398117,71.9,113.2,113.2,7985.0390625,0.0,0.0
25445.832432882,67.5,110.2,110.2,7977.9921875,4.428982309471045,0.0
25446.845715712,63.1,106.3,106.3,7977.9921875,0.0,0.06939079388148217
25447.84796441,71.5,110.8,110.8,7977.9921875,0.0,0.0
25448.850708035,77.0,109.7,109.7,7977.9921875,0.0,0.0
25449.853165758,71.0,109.7,109.7,7977.9921875,0.0,0.0
25450.85596477,68.9,109.7,109.7,7977.9921875,0.0,0.2531975470275648
25451.858811227,67.5,108.6,108.6,7977.9921875,0.0,0.0
25452.86509002,66.3,108.0,108.0,7977.9921875,0.0,0.0892831595229611
25453.877036449,71.4,109.2,109.2,7983.3515625,0.0,0.0
25454.878858056,66.0,110.8,110.8,7983.3515625,0.0,0.0
25455.881588237,71.4,110.5,110.5,7985.35546875,0.0,0.0
25456.886813592,63.4,110.7,110.7,7985.35546875,0.0,0.0
25457.888488483,66.3,104.8,104.8,7985.35546875,0.0,0.062395494347948804
25458.890983843,71.1,106.1,106.1,7985.35546875,0.0,0.0
25459.903690217,71.4,113.0,113.0,7985.35546875,0.0,0.0
25460.912941698,66.4,107.3,107.3,7985.35546875,0.0,0.0
25461.915672949,63.2,108.7,108.7,7985.35546875,0.0,0.0
25462.917862889,67.9,108.7,108.7,7985.35546875,0.0,0.011693142719014053
25463.922953067,67.5,110.7,110.7,7985.41796875,0.0,0.0777293438041043
25464.936461129,69.6,110.2,110.2,7985.35546875,0.0,0.0
25465.93937858,68.2,110.7,110.7,7985.35546875,0.0,0.007789773716893808
25466.942416778,70.4,108.5,108.5,7985.35546875,0.0,0.0
25467.948714165,71.6,109.6,109.6,7985.35546875,0.0,0.0
25468.950889321,72.7,109.8,109.8,7985.35546875,0.0,0.14811532605959066
25469.953072284,68.5,109.7,109.7,7985.35546875,0.0,0.0
25470.955786031,69.1,111.7,111.7,7985.35546875,0.0,0.003895678115192514
25471.958678982,69.3,108.6,108.6,7985.35546875,0.0,0.0
25472.963274297,70.8,109.6,109.6,7985.35546875,0.0,0.0
25473.96605572,68.5,109.7,109.7,7985.35546875,0.0,0.0
25474.968219878,68.8,107.7,107.7,7985.35546875,0.0,0.116934435406283
25475.985531666,66.4,105.1,105.1,8018.578125,0.0,0.0
25476.989601073,65.1,108.6,108.6,7985.35546875,0.0,0.0
25477.991878946,68.0,110.8,110.8,7985.35546875,0.15589489123671127,0.0
25478.994629413,75.1,115.6,115.6,7985.35546875,0.0,0.0
25479.999042271,67.9,104.6,104.6,8038.23046875,0.0,0.09722720017179151
25481.002038555,67.8,109.7,109.7,7989.55859375,0.0,0.0
25482.004192368,67.0,107.8,107.8,7966.6640625,0.0,0.0
25483.006341473,69.5,110.2,110.2,7976.18359375,0.0,0.12083406490702717
25484.017811209,70.0,113.3,113.3,7976.18359375,0.0,0.0
25485.020037183,70.8,108.5,108.5,7976.18359375,0.0,0.0
25486.026734799,68.1,112.1,112.1,7976.18359375,0.0,0.05820392247746633
25487.03307919,68.1,107.5,107.5,7984.99609375,0.0,0.0
25488.038204996,66.9,111.6,111.6,7976.18359375,0.0,0.0
25489.042302122,69.8,105.6,105.6,7987.12890625,0.0,0.0
25490.060335729,65.4,110.1,110.1,7987.12890625,0.0,0.0
25491.062515079,66.9,110.6,110.6,7987.12890625,0.0,0.08185286396077772
25492.067273332,51.0,100.6,100.6,7987.12890625,0.0,0.0
25493.070180034,50.6,99.7,99.7,7987.12890625,0.0,0.0
25494.072310981,80.7,103.3,103.3,7907.55078125,0.0,0.0
25495.084343657,86.8,130.8,130.8,7899.01953125,0.0,0.0
25496.098390638,82.8,136.0,136.0,7877.53125,0.0,0.053929947058371855
25497.106099323,87.8,129.0,129.0,7972.546875,0.0,0.0038763682978491722
25498.114043069,77.5,130.0,130.0,7974.70703125,0.0,0.0
25499.120448356,81.0,118.1,118.1,7991.8203125,0.0,0.0
25500.131680698,83.7,130.8,130.8,8038.51953125,0.0,0.0
25501.144206458,84.1,130.0,130.0,7986.9609375,0.0,0.08101645729971998
25502.152240168,85.4,138.3,138.3,7983.5625,0.0,0.007750236844752168
25503.158048652,70.0,115.5,115.5,8003.48828125,0.0,0.0
25504.160866052,72.0,118.6,118.6,7999.26953125,0.0,0.0
25505.163509225,69.9,119.3,119.3,7999.26953125,0.0,0.0
25506.173882958,64.7,78.5,78.5,8028.01953125,0.0,0.08118901681707681
25507.176893396,79.7,110.7,110.7,7982.46875,0.0,0.26093322669833857
25508.179745577,69.4,109.6,109.6,7982.46875,0.0,0.0
25509.184034669,70.2,110.5,110.5,7982.46875,0.0,0.0
25510.187817578,66.1,104.8,104.8,7984.0078125,0.0,0.0
25511.190056216,68.2,107.8,107.8,8015.546875,0.0,0.019487624263782408
25512.192218379,66.7,110.8,110.8,7984.0078125,0.0,0.12083249045989099
25513.194382075,70.3,109.8,109.8,7989.109375,0.0,0.0
25514.196522845,70.4,108.8,108.8,7989.63671875,0.0,0.0
25515.198754463,69.9,112.2,112.2,7999.64453125,0.0,0.0
25516.207949842,68.2,107.4,107.4,7999.64453125,0.0,0.0
25517.213864049,66.8,108.5,108.5,7989.11328125,0.0,0.0621325353245189
25518.21611531,67.8,114.7,114.7,7978.8046875,0.0,0.0077949515296432716
25519.218533411,68.1,103.8,103.8,7984.24609375,0.0,0.0
25520.220756592,68.2,109.8,109.8,7984.24609375,0.0,0.0
25521.222925928,72.5,112.7,112.7,7997.3671875,0.0,0.0
25522.225867874,68.5,108.7,108.7,7989.82421875,0.0,0.08568541812682805
25523.22805695,70.4,111.6,111.6,7989.82421875,0.0,0.0
25524.233625464,68.1,107.0,107.0,8002.30859375,0.0,0.007769236895580705
25525.243614823,64.2,107.4,107.4,8025.41015625,0.0,0.0
25526.249359055,70.6,108.2,108.2,8014.3515625,0.0,0.0
25527.254370538,65.0,111.6,111.6,8002.30859375,0.0,0.062188344170330125
25528.257370631,68.7,111.7,111.7,8002.30859375,0.0,0.0
25529.259564673,73.2,106.7,106.7,7978.8046875,0.0,0.0
25530.262655902,69.9,109.7,109.7,7987.6328125,0.0,0.007788424197268566
25531.265628512,68.3,107.9,107.9,7987.6328125,0.0,0.0
25532.283200703,68.7,108.1,108.1,7987.6328125,0.0,0.08445346753766234
25533.29471998,68.1,107.5,107.5,7992.5859375,0.0,0.0
25534.297173219,68.4,111.7,111.7,8024.23828125,0.0,0.0
25535.299438558,68.3,109.8,109.8,7992.5859375,0.0,0.0
25536.301818809,70.1,110.6,110.6,7992.5859375,0.0,0.01169092266961967
25537.306127754,68.7,106.1,106.1,7992.5859375,0.0,0.019447451998927858
25538.320124167,65.9,108.9,108.9,7992.5859375,0.0,0.11556993545308415
25539.324721436,68.6,107.7,107.7,7992.5859375,0.0,0.0
25540.327655332,68.2,110.6,110.6,7992.5859375,0.0,0.0
25541.332133412,63.3,109.7,109.7,7992.5859375,0.0,0.0
25542.334281797,67.3,105.8,105.8,7992.5859375,0.0,0.023387255171807068
25543.336516194,67.1,110.8,110.8,7992.5859375,0.0,0.10133607497831335
25544.338399158,70.5,109.4,109.4,8011.15234375,0.0,0.0
25545.34819502,70.5,111.8,111.8,7992.5859375,0.0,0.0
25546.36073624,68.7,110.8,110.8,7992.5859375,0.0,0.0
25547.372788464,70.2,111.9,111.9,7992.5859375,0.0,0.0
25548.377153144,67.3,105.2,105.2,8019.0078125,0.0,0.12445678595542191
25549.383976769,64.7,107.7,107.7,7992.5859375,0.0,0.0
25550.388247033,70.4,109.5,109.5,7992.5859375,0.0,0.0
25551.39085721,70.0,108.7,108.7,7992.5859375,0.0,0.0
25552.393195357,70.7,107.7,107.7,7992.5859375,0.0,0.0
25553.396304708,65.6,110.6,110.6,7992.5859375,0.0,0.09735354366160354
25554.400031142,67.3,110.7,110.7,7992.5859375,0.0,0.0
25555.40203683,68.3,104.6,104.6,8024.203125,0.0,0.0
25556.40628454,66.9,109.7,109.7,7994.62109375,0.0,0.0
25557.409040697,69.7,109.6,109.6,7992.5859375,0.0,0.0
25558.414083804,70.1,107.3,107.3,7994.4296875,0.0,0.07384633503078909
25559.420139158,69.4,111.7,111.7,7994.4296875,0.0,0.00776547728606311
25560.422378185,67.9,108.5,108.5,7999.125,0.0,0.007795046679998821
25561.426875069,68.6,108.2,108.2,7994.4296875,0.0,0.0
25562.437231765,67.2,112.3,112.3,7994.4296875,0.0,0.0
25563.44051127,69.8,107.6,107.6,7994.4296875,0.0,0.077869626171682
25564.444330186,69.3,105.6,105.6,8016.3125,0.0,0.0
25565.448225285,66.1,109.6,109.6,8014.53515625,0.0,0.007782187608840009
25566.451057478,67.3,111.7,111.7,7994.4296875,0.0,0.0
25567.454041571,69.6,111.6,111.6,7994.4296875,0.0,0.0
25568.456912332,70.3,104.7,104.7,7994.4296875,0.0,0.18306820493693798
25569.459072365,65.2,109.7,109.7,7994.4296875,0.0,0.0
25570.461790649,65.7,109.7,109.7,7994.4296875,0.0,0.0
25571.464485149,70.0,111.7,111.7,7994.4296875,0.0,0.007791505787634261
25572.467192894,67.6,110.7,110.7,7994.4296875,0.0,0.0
25573.46959348,69.2,109.6,109.6,7994.4296875,0.0,0.08573169369639329
25574.473925693,66.1,105.1,105.1,7994.4296875,0.0,0.04667280347402227
25575.484960703,68.1,109.9,109.9,7994.4296875,0.0,0.0
25576.496344062,67.9,110.2,110.2,7994.4296875,0.0,0.0
25577.507873467,71.8,110.2,110.2,7994.4296875,0.0,0.007723453180305658
25578.519262514,66.1,106.1,106.1,7994.4296875,0.0,0.061796200171698755
25579.52503782,71.4,108.5,108.5,7994.4296875,0.0,0.0
25580.533017447,72.0,115.0,115.0,7995.6328125,0.0,0.0
25581.545943509,68.1,104.2,104.2,7994.4296875,0.0,0.0
25582.554339364,63.3,109.5,109.5,7994.4296875,0.0,0.007747453503774491
25583.556900195,75.1,114.7,114.7,7994.4296875,0.0,0.08571799071222537
25584.55888929,64.8,106.7,106.7,7994.4296875,0.0,0.0
25585.562913314,67.7,109.3,109.3,7994.4296875,0.0,0.0
25586.573145839,66.1,107.7,107.7,7994.4296875,0.0,0.0
25587.585872494,74.6,112.2,112.2,7994.4296875,0.0,0.0
25588.588762382,71.7,108.0,108.0,7994.4296875,0.0,0.0701098902693636
25589.601162173,64.2,109.3,109.3,8032.8359375,0.0,0.0
25590.607430844,67.8,109.4,109.4,7994.4296875,0.0,0.0
25591.60980366,70.1,111.8,111.8,7994.4296875,0.0,0.0
25592.612030168,69.9,109.6,109.6,7994.4296875,0.0,0.0
25593.616401802,71.2,109.3,109.3,8000.9765625,0.0,0.09334194318748297
25594.622738573,67.2,107.6,107.6,7994.4296875,0.0,0.0
25595.624905793,66.9,111.7,111.7,7994.4296875,0.0,0.0
25596.62739658,67.1,109.7,109.7,7994.4296875,0.0,0.0
25597.630525831,50.9,99.8,99.8,7994.4296875,0.0,0.0
25598.632411878,55.6,97.8,97.8,7997.4375,0.0,0.058483447469299385
25599.635496508,81.9,116.3,116.3,7924.63671875,0.0,0.007788475435021609
25600.640404706,87.4,128.9,128.9,7872.63671875,0.0,0.0
25601.653477463,88.2,134.5,134.5,7880.71484375,0.0,0.0
25602.661935653,87.2,131.9,131.9,7966.4921875,0.0,0.0
25603.677388239,75.4,122.4,122.4,8016.29296875,0.0,0.2077275718313662
25604.681938511,77.8,126.6,126.6,8007.1171875,0.0,0.0
25605.685049683,84.7,134.0,134.0,8028.31640625,0.0,0.01168240403166287
25606.692219531,85.6,132.6,132.6,7973.82421875,0.0,0.0
25607.702478766,80.8,130.2,130.2,7978.1328125,0.0,0.0
25608.71196073,72.3,117.3,117.3,7956.06640625,0.0,0.10060853350720592
25609.715288258,72.9,124.5,124.5,7994.1484375,0.0,0.023359769712203785
25610.719848147,64.2,113.6,113.6,7994.1484375,0.0,0.007777037571929312
25611.721980851,75.0,70.3,70.3,8032.21484375,0.0,0.1598154110334245
25612.736033785,67.8,115.2,115.2,7994.1484375,0.0,0.0
25613.73823987,67.9,109.7,109.7,7994.1484375,0.0,0.35858393336380934
25614.740824881,70.5,111.6,111.6,8010.96875,0.0,0.0
25615.744413312,70.5,110.6,110.6,8010.96875,0.0,0.0
25616.74753689,68.7,109.6,109.6,8010.96875,0.0,0.007788173034045458
25617.751938411,61.2,106.7,106.7,8010.96875,0.007778263808527281,0.08945003379806374
25618.754064635,75.3,110.7,110.7,8010.96875,0.0,0.0
25619.757063152,68.8,108.4,108.4,8022.0546875,0.0,0.12073173384358486
25620.767401036,61.5,106.1,106.1,8010.96875,0.0,0.0
25621.77008631,66.2,110.7,110.7,7978.5234375,0.0,0.0
25622.772518322,68.7,110.7,110.7,7978.5234375,0.0,0.007793546002605426
25623.775259641,68.9,108.7,108.7,7982.87890625,0.0,0.0
25624.778032804,70.0,108.0,108.0,7982.87890625,0.0,0.06232715663533605
25625.790349185,69.5,112.3,112.3,7982.87890625,0.0,0.0
25626.793052055,67.7,108.5,108.5,7982.87890625,0.0,0.015582881497107286
25627.800406121,68.8,112.2,112.2,7982.87890625,0.0,0.0
25628.805047319,74.9,108.6,108.6,7994.51171875,0.0,0.02332922445013646
25629.807743064,66.2,104.7,104.7,7994.51171875,0.0,0.0
25630.814670037,66.2,115.1,115.1,7994.51171875,0.0,0.11250195201581538
25631.820047966,61.0,105.5,105.5,7994.51171875,0.0,0.0
25632.822882443,68.5,109.7,109.7,7994.51171875,0.0,0.0077904182386832315
25633.826044116,72.7,109.5,109.5,7994.51171875,0.0,0.0
25634.829609033,68.6,110.7,110.7,7994.51171875,0.0,0.0
25635.833391514,70.4,110.4,110.4,7994.51171875,0.0,0.08561366792782717
25636.841243577,68.7,109.6,109.6,7994.83203125,0.0,0.0
25637.856792832,65.5,105.9,105.9,7994.51171875,0.0,0.007692881425035637
25638.863287754,69.8,110.5,110.5,7994.51171875,0.0,0.0
25639.865531311,68.5,109.8,109.8,7994.51171875,0.0,0.0
25640.8677029,71.3,111.7,111.7,7994.51171875,0.0,0.08575128345613031
25641.872357832,66.6,111.3,111.3,7994.51171875,0.0,0.0
25642.879618887,66.7,105.5,105.5,7994.51171875,0.0,0.0
25643.881382249,66.6,110.8,110.8,7994.51171875,0.0,0.0077987479841499265
25644.884034561,67.2,107.1,107.1,7994.51171875,0.0,0.054542835383223354
25645.895706558,64.5,107.1,107.1,7996.4765625,0.0,0.0
25646.904201779,71.0,110.2,110.2,7994.51171875,0.0,0.061973521240799995
25647.91482713,72.9,111.0,111.0,7994.51171875,0.0,0.0
25648.917841039,68.6,110.7,110.7,7994.51171875,0.0,0.007789024588680744
25649.920035092,68.8,108.7,108.7,7994.51171875,0.0,0.0
25650.922882607,67.7,111.7,111.7,7994.51171875,0.0,0.0
25651.925245117,69.2,109.7,109.7,7994.51171875,0.0,0.0857349503224931
25652.927421837,70.5,109.8,109.8,7994.51171875,0.0,0.0
25653.929809408,70.2,109.7,109.7,7994.51171875,0.0,0.0
25654.932601116,69.7,107.2,107.2,7994.51171875,0.0,0.007790750499499973
25655.944032724,66.4,114.2,114.2,7994.51171875,0.0,0.0
25656.946612755,63.9,106.5,106.5,7994.51171875,0.0,0.062339163026906154
25657.951511588,73.3,110.6,110.6,7994.51171875,0.0,0.0
25658.956060451,69.3,105.6,105.6,7994.51171875,0.0,0.0
25659.960042195,68.3,112.6,112.6,8015.36328125,0.0,0.007781515995366247
25660.962226235,70.8,111.7,111.7,7994.51171875,0.0,0.0
25661.965255595,67.8,107.2,107.2,7994.51171875,0.0,0.08957240294514685
25662.976901377,66.4,110.3,110.3,7994.51171875,0.0,0.0
25663.979059625,67.1,109.8,109.8,7994.51171875,0.0,0.0
25664.981408392,69.8,109.7,109.7,7997.09375,0.0,0.0
25665.984503791,66.7,105.7,105.7,8024.91015625,0.0,0.0077883918197291045
25666.989045112,68.8,109.5,109.5,7997.09375,0.0,0.0
25667.993760901,72.5,117.4,117.4,7997.09375,0.0,0.06220664658030922
25668.999871534,66.5,105.4,105.4,7997.09375,0.0,0.0
25670.002189919,70.3,109.7,109.7,7997.09375,0.0,0.0
25671.004449761,70.2,111.7,111.7,7997.09375,0.0,0.011692327187942272
25672.007827673,69.5,108.1,108.1,7997.09375,0.0,0.0
25673.017821303,67.6,108.1,108.1,8016.15234375,0.0,0.1237631568029073
25674.023896997,72.3,115.5,115.5,7997.09375,0.0,0.0
25675.029424368,69.3,106.0,106.0,7997.09375,0.0,0.0
25676.045364771,68.6,109.9,109.9,7997.09375,0.0,0.0
25677.063082662,64.7,113.0,113.0,7997.09375,0.0,0.04989717725215548
25678.066058825,73.8,106.6,106.6,8024.9609375,0.0,0.073998518347683
25679.069442872,69.6,109.7,109.7,8009.0859375,0.0,0.0
25680.072408421,67.7,109.7,109.7,7998.3828125,0.0,0.0
25681.075169806,68.0,109.7,109.7,7998.3828125,0.0,0.0
25682.077877368,67.7,107.6,107.6,7998.3828125,0.0,0.007791404289831851
25683.082781463,67.5,111.4,111.4,7998.3828125,0.0,0.1282771665887434
25684.087989487,69.1,106.3,106.3,7998.3828125,0.0,0.0
25685.097406366,68.6,109.2,109.2,8014.8828125,0.0,0.0
25686.103038056,65.5,111.5,111.5,7998.3828125,0.0,0.0
25687.106035735,69.6,110.7,110.7,7998.3828125,0.0,0.0
25688.110168363,68.3,110.4,110.4,7998.3828125,0.0,0.11281502745862908
25689.115940657,72.4,109.5,109.5,7998.3828125,0.0,0.12039877288565837
25690.119188154,67.6,104.6,104.6,8034.37890625,0.0,0.0
25691.123321293,71.6,117.4,117.4,7998.3828125,0.0,0.0
25692.128049135,65.2,108.0,108.0,7998.3828125,0.0,0.0
25693.139668193,64.8,105.4,105.4,7998.3828125,0.0,0.019306921756360618
25694.223952594,66.7,109.7,109.7,7998.3828125,0.0,0.09006516178772372
25695.226759023,68.6,109.7,109.7,7998.3828125,0.0,0.0
25696.22978697,68.7,109.7,109.7,7998.3828125,0.0,0.0
25697.232589532,69.6,110.7,110.7,7998.3828125,0.0,0.0
25698.23483598,72.3,109.7,109.7,7998.3828125,0.0,0.0
25699.237895099,69.7,108.2,108.2,7998.3828125,0.0,0.0934640822504464
25700.249170757,65.5,105.3,105.3,8000.03515625,0.0,0.0
25701.251531449,67.2,107.7,107.7,7998.3828125,0.0,0.0
25702.253979711,70.1,111.7,111.7,7998.3828125,0.0,0.0
25703.256347784,68.2,109.7,109.7,7998.3828125,0.0,0.0
25704.258709194,50.7,100.8,100.8,7998.3828125,0.0,0.0623527595700773
25705.261042027,52.2,94.7,94.7,7977.46875,0.0,0.0
25706.263946729,83.8,114.7,114.7,7933.43359375,0.0,0.0
25707.279184527,88.2,132.4,132.4,7903.28515625,0.0,0.0
25708.29007921,86.9,132.6,132.6,7910.0078125,0.0,0.0
25709.297224194,88.1,126.1,126.1,7970.08203125,0.0,0.08532783399139802
25710.308776172,75.3,124.6,124.6,7974.484375,0.0,0.007723280829758468
25711.320260847,77.5,123.5,123.5,8048.85546875,0.0,0.0
25712.336251512,82.3,130.9,130.9,8006.03125,0.0,0.0
25713.350078048,86.1,132.6,132.6,8029.05859375,0.0,0.0
25714.354756307,88.1,137.7,137.7,7982.8828125,0.0,0.0
25715.367037703,68.2,117.3,117.3,7948.68359375,0.0,0.06945944109789522
25716.371167732,74.4,118.6,118.6,7993.49609375,0.0,0.0
25717.385544017,70.1,125.1,125.1,7993.49609375,0.0,0.0
25718.391183199,65.8,75.6,75.6,8023.34375,0.0,0.08157125484795477
25719.400779613,80.2,120.8,120.8,7993.49609375,0.0,0.015476481278416547
25720.405560818,69.0,104.4,104.4,8033.9140625,0.0,0.21770908821891785
25721.410037803,68.2,111.4,111.4,7993.49609375,0.0,0.007777679445764425
25722.421415772,63.6,108.1,108.1,7993.49609375,0.0,0.0
25723.423610833,69.0,109.8,109.8,7993.49609375,0.0,0.0
25724.42549135,70.0,109.7,109.7,7993.49609375,0.0,0.0
25725.428297898,71.9,108.4,108.4,7995.28125,0.0,0.08569698729170354
25726.437036923,67.3,112.4,112.4,7995.28125,0.0,0.00774481784326784
25727.439731837,64.5,104.7,104.7,8010.296875,0.0,0.0
25728.442690509,70.0,110.6,110.6,7995.28125,0.0,0.0
25729.446907808,69.1,110.4,110.4,7995.28125,0.0,0.031118762872465434
25730.452310957,69.7,110.0,110.0,7996.5703125,0.0,0.11267246388941923
25731.469070348,69.8,104.8,104.8,8032.90625,0.0,0.0
25732.471716341,69.3,115.6,115.6,7995.28125,0.0,0.007791882732849874
25733.477037489,65.7,104.5,104.5,7995.28125,0.0,0.0
25734.483177435,69.0,110.4,110.4,7995.28125,0.0,0.0
25735.486061597,68.8,110.7,110.7,8012.96875,0.0,0.062320258279206335
25736.489034308,72.4,109.7,109.7,8022.5625,0.0,0.0
25737.49207179,67.5,109.6,109.6,8020.875,0.0,0.01168326230108214
25738.494589808,72.2,110.7,110.7,7995.28125,0.0,0.0
25739.497584437,68.8,108.6,108.6,7995.28125,0.0,0.0
25740.501605851,70.4,109.6,109.6,7995.28125,0.0,0.16729598358901032
25741.504703797,68.3,108.9,108.9,7995.55859375,0.0,0.0
25742.515505066,71.8,111.6,111.6,7995.28125,0.0,0.0
25743.518152731,69.6,108.2,108.2,7995.28125,0.0,0.007791869739192493
25744.527990138,68.0,109.0,109.0,7995.28125,0.0,0.0
25745.539708214,62.9,108.9,108.9,7995.28125,0.0,0.07335912223048745
25746.545071646,71.2,109.8,109.8,7995.28125,0.0,0.0
25747.547074074,70.0,111.7,111.7,7995.28125,0.0,0.0
25748.550035826,68.7,105.9,105.9,7995.28125,0.0,0.0
25749.564884154,68.4,108.2,108.2,7995.28125,0.0,0.1270202122263527
25750.566795668,65.9,111.7,111.7,7995.28125,0.0,0.09746993485473834
25751.569568907,70.5,109.7,109.7,7995.28125,0.0,0.0
25752.572621443,67.9,107.2,107.2,7995.28125,0.0,0.0
25753.585188636,66.8,106.2,106.2,8021.515625,0.0,0.0
25754.587447249,62.7,109.7,109.7,7995.28125,0.0,0.007794894350287848
25755.59004347,71.5,109.7,109.7,8033.2890625,0.0,0.0623381563692069
25756.593063099,70.4,110.6,110.6,7999.58203125,0.0,0.0
25757.599323959,70.6,110.3,110.3,8032.78515625,0.0,0.0
25758.602065472,72.2,109.7,109.7,7995.28125,0.0,0.0
25759.605485823,69.9,109.2,109.2,7995.859375,0.0,0.011678804389722297
25760.616367144,60.3,104.3,104.3,7995.28125,0.0,0.0
25761.618545909,70.8,111.8,111.8,7995.28125,0.0,0.12472824646206207
25762.620803943,67.5,108.6,108.6,7995.28125,0.0,0.0
25763.626051203,65.0,103.6,103.6,7999.6171875,0.0,0.0
25764.630457517,69.3,111.8,111.8,7995.28125,0.0,0.0
25765.644373311,69.4,108.5,108.5,7995.28125,0.0,0.007705274980660923
25766.659428133,68.6,108.1,108.1,7995.28125,0.0,0.0846629148863159
25767.661638263,66.8,110.7,110.7,7995.28125,0.0,0.0
25768.66390953,72.5,110.7,110.7,7995.28125,0.0,0.0
25769.666702199,66.0,105.4,105.4,8035.7265625,0.0,0.0
25770.672565129,64.6,111.7,111.7,7995.28125,0.0,0.0077669628405520885
25771.674988299,72.0,108.7,108.7,7995.28125,0.0,0.0
25772.677306885,66.0,109.7,109.7,7995.28125,0.0,0.08573870743320917
25773.679935017,67.8,112.6,112.6,7995.28125,0.0,0.0
25774.684237936,69.5,110.5,110.5,7995.28125,0.0,0.0
25775.68847195,65.1,107.7,107.7,8007.5390625,0.0,0.0
25776.690984578,67.8,109.7,109.7,7995.28125,0.0,0.046757515756795806
25777.693685997,70.5,110.6,110.6,7995.28125,0.0,0.0623316161876164
25778.697984257,71.9,107.6,107.6,7995.28125,0.0,0.0
25779.701035506,69.6,109.6,109.6,7995.28125,0.0,0.0
25780.706043811,71.7,109.5,109.5,7995.28125,0.0,0.0
25781.709026693,66.0,105.7,105.7,7995.28125,0.0,0.0
25782.710712275,68.7,110.8,110.8,7995.28125,0.0,0.09749191937560556
25783.712928466,70.9,106.7,106.7,7996.60546875,0.0,0.12082597655795227
25784.715718637,68.8,110.7,110.7,7995.28125,0.0,0.0
25785.717947342,67.9,108.8,108.8,7995.28125,0.0,0.0
25786.720228743,68.1,109.6,109.6,7995.28125,0.0,0.0
25787.725092235,64.7,107.4,107.4,7995.28125,0.0,0.06997219080987524
25788.734762258,72.2,107.1,107.1,8013.4609375,0.0,0.0
25789.74229377,66.3,111.2,111.2,7995.28125,0.0,0.0
25790.745076656,67.3,109.8,109.8,7996.2265625,0.0,0.0
25791.746769364,69.4,110.8,110.8,7995.28125,0.0,0.0
25792.749035025,74.2,110.6,110.6,7995.28125,0.0,0.08574323489653281
25793.753040318,68.2,109.7,109.7,7995.28125,0.0,0.0
25794.7557206,67.8,110.7,110.7,7995.28125,0.0,0.0
25795.757887908,68.3,109.8,109.8,7995.28125,0.0,0.007795604523943133
25796.760055197,69.6,111.6,111.6,7995.28125,0.0,0.0
25797.76444133,68.3,105.3,105.3,7995.28125,0.0,0.062227063821791655
25798.774960356,69.7,106.3,106.3,7995.28125,0.0,0.0
25799.778045298,64.9,109.6,109.6,7995.28125,0.0,0.0
25800.780841997,77.0,114.1,114.1,7995.28125,0.0,0.0
25801.792592634,65.7,111.3,111.3,7995.28125,0.0,0.0
25802.79472534,68.1,104.8,104.8,7995.65234375,0.0,0.0
25803.797632611,67.8,109.7,109.7,7995.65234375,0.0,0.0973731598363707
25804.801046894,67.8,110.5,110.5,7995.65234375,0.0,0.0
25805.805277169,67.2,105.6,105.6,8017.3984375,0.0,0.0
25806.809592127,70.4,113.9,113.9,7995.65234375,0.0,0.0
25807.818087635,65.5,112.5,112.5,7995.65234375,0.0,0.0
25808.825491424,73.7,104.4,104.4,7995.65234375,0.0,0.09693853752248822
25809.828260163,65.8,107.7,107.7,7995.65234375,0.0,0.01168639342671585
25810.831052973,50.9,100.8,100.8,7995.65234375,0.0,0.0
25811.833370446,63.8,91.3,91.3,7902.53515625,0.0,0.0
25812.844529663,86.7,131.4,131.4,7903.8515625,0.0,0.0
25813.856340864,88.7,132.7,132.7,7913.68359375,0.0,0.10037692792860957
25814.865159615,87.2,127.4,127.4,8007.3359375,0.0,0.0
25815.87460939,80.0,127.9,127.9,7973.234375,0.0,0.0077393647445238994
25816.888967461,74.7,126.0,126.0,7977.59765625,0.0,0.0
25817.893495044,79.1,126.5,126.5,7962.48828125,0.0,0.0
25818.908898256,82.5,122.3,122.3,7976.953125,0.0,0.10771583023149191
25819.923100568,86.8,134.2,134.2,8000.3046875,0.0,0.0
25820.93460106,79.1,130.2,130.2,7985.32421875,0.0,0.00772367394955463
25821.936713546,70.3,116.6,116.6,8043.59765625,0.0,0.0
25822.940625384,72.0,120.5,120.5,7994.65234375,0.0,0.0
25823.94505529,63.8,113.5,113.5,7994.65234375,0.0,0.06222435196969101
25824.949254498,75.3,71.6,71.6,7994.65234375,0.0,0.1594865328757563
25825.956433014,69.2,116.5,116.5,7994.65234375,0.0,0.0
25826.959185519,69.1,109.7,109.7,7994.65234375,0.0,0.0
25827.961404372,69.6,110.7,110.7,7994.859375,0.0,0.0
25828.963986637,70.7,109.7,109.7,7994.65234375,0.0,0.15974374930683283
25829.966237696,70.3,111.7,111.7,7994.65234375,0.0,0.18707887441625828
25830.969096984,64.2,104.7,104.7,8016.25390625,0.015580451003399495,0.11685338252549621
25831.973343085,68.9,110.6,110.6,7994.65234375,0.0,0.0
25832.988567299,64.9,109.3,109.3,7994.65234375,0.0,0.0
25833.990699831,69.4,109.8,109.8,7994.65234375,0.0,0.0
25834.993171925,69.3,110.7,110.7,7994.65234375,0.0,0.09351881270405327
25835.996584179,64.5,104.7,104.7,8001.953125,0.0,0.00778593242096646
25836.998728633,66.9,109.8,109.8,7994.65234375,0.0,0.0
25838.000900081,68.5,109.8,109.8,7994.65234375,0.0,0.03508007544038058
25839.003214651,74.5,108.7,108.7,7994.65234375,0.0,0.003897229589310538
25840.005410741,69.3,109.7,109.7,8033.08203125,0.0,0.0350792128913182
25841.007765608,67.1,110.8,110.8,7994.65234375,0.0,0.08573560405531361
25842.009936181,68.0,109.8,109.8,7994.65234375,0.0,0.015591158252863798
25843.012081319,69.8,108.7,108.7,7994.65234375,0.0,0.0
25844.014873914,68.4,108.7,108.7,7994.65234375,0.0,0.0
25845.017142422,69.6,112.7,112.7,7994.65234375,0.0,0.0
25846.020892067,69.1,111.5,111.5,7994.65234375,0.0,0.0
25847.025726405,69.1,109.5,109.5,7994.65234375,0.0,0.10884878816707032
25848.029536186,63.5,105.7,105.7,7994.66015625,0.0,0.0077828490495706
25849.031680018,66.2,108.8,108.8,7994.65234375,0.0,0.0
25850.034016131,69.2,110.7,110.7,7994.65234375,0.0,0.007794291653936476
25851.036664182,70.8,109.7,109.7,7994.8359375,0.0,0.0
25852.039588575,69.6,109.7,109.7,7976.08203125,0.0,0.08958177767641003
25853.042520949,64.6,106.7,106.7,7983.61328125,0.0,0.0
25854.045231731,66.0,108.7,108.7,7999.60546875,0.0,0.007791379269302934
25855.047411632,65.9,109.8,109.8,7983.61328125,0.0,0.0
25856.04961404,69.7,108.7,108.7,7983.61328125,0.0,0.0
25857.052037776,71.3,110.7,110.7,7983.61328125,0.0,0.07403929828723621
25858.054950639,66.5,110.7,110.7,7983.61328125,0.0,0.0
25859.058054844,68.8,104.7,104.7,7983.61328125,0.0,0.007788323447416457
25860.060185283,68.2,107.7,107.7,7983.61328125,0.0,0.0
25861.063037243,68.1,110.6,110.6,7985.57421875,0.0,0.0
25862.067116857,69.8,106.1,106.1,7985.57421875,0.0,0.08558833263975787
25863.080044302,66.8,105.1,105.1,8011.90625,0.0,0.0
25864.082752255,67.0,110.7,110.7,7985.57421875,0.0,0.0
25865.084880967,66.8,107.8,107.8,7985.57421875,0.0,0.007795904763979381
25866.087075052,69.2,111.7,111.7,7990.7890625,0.0,0.0
25867.089728836,65.0,108.7,108.7,7990.7890625,0.0,0.06233457749568623
25868.091936263,69.1,106.1,106.1,7990.7890625,0.0,0.0
25869.102048418,68.3,109.6,109.6,7990.7890625,0.0,0.11988148979361672
25870.104640597,75.5,113.1,113.1,7990.7890625,0.0,0.0
25871.116925564,64.7,110.2,110.2,7990.7890625,0.0,0.03087075380818294
25872.119252319,69.2,110.8,110.8,7990.7890625,0.0,0.12470983077785701
25873.121468236,68.6,107.7,107.7,7990.7890625,0.0,0.0
25874.124244806,67.9,108.1,108.1,7990.7890625,0.0,0.0
25875.13692289,71.4,112.1,112.1,7990.7890625,0.0,0.0
25876.140673696,67.2,109.5,109.5,7990.7890625,0.0,0.0
25877.14586099,65.8,109.6,109.6,7990.7890625,0.0,0.07383574229711032
25878.148143781,66.8,108.9,108.9,7990.7890625,0.0,0.0
25879.164032846,68.8,106.1,106.1,7990.7890625,0.0,0.0
25880.166999117,68.3,109.7,109.7,7990.7890625,0.0,0.0
25881.169537895,72.7,110.7,110.7,7990.7890625,0.0,0.0
25882.1718931,69.3,109.7,109.7,7990.7890625,0.0,0.09742678993714372
25883.174382793,70.1,108.7,108.7,7990.7890625,0.0,0.007793097579501566
25884.180318011,68.3,109.4,109.4,7990.7890625,0.0,0.0
25885.18287166,70.7,110.7,110.7,7990.7890625,0.0,0.0
25886.185038001,68.4,109.8,109.8,7990.7890625,0.0,0.0
25887.187214446,69.7,107.4,107.4,7990.7890625,0.0,0.0
25888.195731571,70.5,108.9,108.9,7990.7890625,0.0,0.06971869714165316
25889.208066369,66.3,109.2,109.2,8012.578125,0.0,0.0
25890.210751528,69.6,107.7,107.7,7990.7890625,0.0,0.0
25891.213522006,68.2,111.7,111.7,7990.7890625,0.0,0.0
25892.21524969,67.2,110.5,110.5,7990.7890625,0.0,0.0
25893.223376483,63.6,103.4,103.4,7993.07421875,0.0,0.09299425493991649
25894.225606156,68.0,109.8,109.8,7990.7890625,0.0,0.0
25895.227789252,70.9,109.7,109.7,7990.7890625,0.0,0.0
25896.230491991,68.2,108.8,108.8,7990.7890625,0.0,0.0
25897.245378254,65.0,107.3,107.3,8008.6328125,0.0,0.0
25898.248042983,67.9,108.7,108.7,7990.7890625,0.0,0.06233389705685068
25899.250259389,72.3,107.8,107.8,7990.7890625,0.0,0.011692833932723787
25900.252465879,68.8,110.7,110.7,7990.7890625,0.0,0.0
25901.257050884,67.2,105.8,105.8,7990.7890625,0.0,0.0
25902.272897064,70.8,115.0,115.0,7990.7890625,0.0,0.015381265695191788
25903.276078045,70.7,110.6,110.6,7992.86328125,0.0,0.0
25904.279034539,67.7,106.4,106.4,8028.5390625,0.0,0.13631573335254135
25905.284718576,69.4,110.4,110.4,8000.94140625,0.0,0.0
25906.302998752,64.3,107.3,107.3,7978.15625,0.0,0.0
25907.305239224,69.1,108.7,108.7,7961.2421875,0.0,0.0
25908.308067104,68.7,108.6,108.6,7961.2421875,0.0,0.0
25909.312651864,67.8,105.6,105.6,7962.0546875,0.0,0.10887583044784964
25910.316042121,67.7,110.6,110.6,7965.47265625,0.0,0.007786103109406882
25911.318306033,72.9,110.7,110.7,7965.47265625,0.0,0.0
25912.320891216,63.7,109.7,109.7,7965.47265625,0.0,0.0
25913.323105707,69.6,108.7,108.7,7967.8515625,0.0,0.007795237516677203
25914.325808646,70.8,109.7,109.7,7967.8515625,0.0,0.0
25915.328469622,69.8,110.2,110.2,7967.8515625,0.0,0.06233413037516072
25916.340546717,57.1,105.1,105.1,7967.8515625,0.0,0.0
25917.344896774,50.7,99.6,99.6,7967.8515625,0.0,0.0
25918.347507097,66.4,93.4,93.4,7875.796875,0.0,0.0
25919.356304144,83.2,129.3,129.3,7882.46484375,0.0,0.0
25920.359429375,79.9,131.3,131.3,7878.74609375,0.0,0.08566976220339823
25921.368038566,79.5,132.2,132.2,7952.6015625,0.0,0.0077458148009159206
25922.37057555,79.9,126.1,126.1,7946.234375,0.0,0.0
25923.381042657,74.5,125.2,125.2,7953.80078125,0.0,0.0
25924.386048786,77.2,124.2,124.2,7969.4296875,0.0,0.0
25925.397490949,85.2,131.3,131.3,7986.28515625,0.0,0.06179295493743338
25926.404158266,84.6,131.5,131.5,8002.84375,0.0,0.007760756575746618
25927.407762726,81.2,130.5,130.5,7957.93359375,0.0,0.0
25928.410965667,76.1,117.2,117.2,7968.8671875,0.0,0.0
25929.420919415,72.6,122.2,122.2,7959.484375,0.0,0.11990029270153554
25930.424771819,63.9,114.6,114.6,7962.35546875,0.0,0.08560770453637118
25931.428359458,76.0,71.4,71.4,7976.94140625,0.0,3.7132407327334325
25932.441688934,72.0,118.6,118.6,7956.55859375,0.0,0.0
25933.448636478,67.3,108.6,108.6,7972.49609375,0.0,0.0
25934.450804631,69.6,109.8,109.8,7972.49609375,0.0,0.04287578872997135
25935.452615225,68.8,110.6,110.6,7972.49609375,0.0,3.899190149710718
25936.457243834,66.0,106.3,106.3,7972.49609375,0.0,0.0
25937.46983419,70.3,107.4,107.4,7972.49609375,0.007715360860101726,0.09258433032122071
25938.484090153,71.2,114.9,114.9,7972.49609375,0.0,0.0
25939.488741782,63.2,105.6,105.6,7972.49609375,0.0,0.0
25940.494346041,67.3,108.4,108.4,7972.49609375,0.0,0.1398412931741025
25941.496628074,69.3,109.7,109.7,7973.69921875,0.0,0.0
25942.499554411,71.4,115.7,115.7,7973.69921875,0.0,0.00778970469893666
25943.502066087,61.8,105.7,105.7,7973.69921875,0.0,0.0
25944.504436684,69.1,108.7,108.7,7973.69921875,0.0,0.0
25945.506866836,70.5,110.7,110.7,7973.69921875,0.0,0.12080018718365404
25946.509869463,70.5,109.7,109.7,7973.69921875,0.0,0.0
25947.512061756,71.6,109.8,109.8,7982.5390625,0.0,0.015590820353688417
25948.515203557,72.5,109.2,109.2,7990.32421875,0.0,0.0
25949.527033986,63.9,105.2,105.2,7990.19140625,0.0,0.0
25950.529865846,70.4,109.7,109.7,7990.19140625,0.0,0.128542236382272
25951.547519179,63.5,109.1,109.1,7968.078125,0.0,0.0
25952.5500732,68.6,110.7,110.7,7968.078125,0.0,0.0
25953.553158354,68.6,110.7,110.7,7968.078125,0.0,0.007788471366413422
25954.555434492,68.3,108.7,108.7,7968.078125,0.0,0.0
25955.558201074,67.0,107.2,107.2,7972.9921875,0.0,0.08570040280805785
25956.568078858,66.8,107.4,107.4,8001.1328125,0.0,0.0
25957.571044768,65.2,111.6,111.6,7972.9921875,0.0,0.0
25958.577309603,77.7,106.4,106.4,7973.140625,0.0,0.007763860693794614
25959.579561254,65.1,109.8,109.8,7973.140625,0.0,0.0038974742482122244
25960.581803355,69.8,109.7,109.7,7973.140625,0.0,0.08964276187397169
25961.585053326,70.1,111.6,111.6,7973.74609375,0.0,0.0
25962.587750421,65.5,105.7,105.7,7979.71484375,0.0,0.0
25963.591776921,64.8,109.6,109.6,7978.48046875,0.0,0.1244987059605901
25964.594063028,70.5,109.8,109.8,7978.48046875,0.0,0.007794680526292036
25965.595955481,70.0,109.7,109.7,7978.48046875,0.0,0.066280816669562
25966.598932434,68.8,109.7,109.7,7978.48046875,0.0,0.06231449268399531
25967.603112667,66.8,111.1,111.1,7978.48046875,0.0,0.0
25968.609603733,72.4,109.5,109.5,7978.48046875,0.0,0.0
25969.615239246,69.7,109.4,109.4,7978.48046875,0.0,0.011653078922243489
25970.620289262,67.0,105.1,105.1,7978.48046875,0.0,0.1243719198150348
25971.632104815,68.5,110.3,110.3,7978.48046875,0.0,0.0
25972.633888496,69.7,114.9,114.9,7978.48046875,0.0,0.0
25973.64493519,63.9,103.6,103.6,7978.48046875,0.0,0.0
25974.647796683,70.1,111.6,111.6,7978.48046875,0.0,0.0
25975.652070426,70.2,108.7,108.7,7978.48046875,0.0,0.08168216143424348
25976.653892191,67.4,108.8,108.8,7978.48046875,0.0,0.0
25977.656590202,70.4,110.2,110.2,7982.3125,0.0,0.0
25978.667031236,74.0,105.5,105.5,7978.48046875,0.0,0.0
25979.682097261,66.9,108.2,108.2,8019.55859375,0.0,0.0
25980.684885612,64.8,109.7,109.7,7978.48046875,0.0,0.09738470725403905
25981.687109566,67.8,109.7,109.7,7978.48046875,0.0,0.007795163914051399
25982.689898586,68.2,110.7,110.7,7978.48046875,0.0,0.0
25983.69206408,70.0,109.7,109.7,7978.48046875,0.0,0.0
25984.695051294,71.3,108.2,108.2,7981.109375,0.0,0.0
25985.7046122,68.7,110.3,110.3,7978.48046875,0.0,0.054169589645297084
25986.707832249,70.2,110.7,110.7,7978.48046875,0.0,0.0077874241127555
25987.710565659,65.1,109.8,109.8,7978.48046875,0.0,0.0
25988.712475374,69.5,104.6,104.6,8024.78515625,0.0,0.0
25989.717322706,70.8,112.3,112.3,7980.328125,0.0,0.0
25990.724835029,66.9,108.5,108.5,7980.328125,0.0,0.08529672346267035
25991.72705367,65.6,110.7,110.7,7980.328125,0.0,0.007795205238036764
25992.729986125,68.8,109.7,109.7,7980.328125,0.0,0.0
25993.732832462,67.1,110.7,110.7,7980.328125,0.0,0.0
25994.735464868,69.6,109.7,109.7,7980.328125,0.0,0.0
25995.737701456,69.8,109.8,109.8,7980.328125,0.0,0.062360525197699995
25996.739856626,77.5,109.7,109.7,7980.328125,0.0,0.0
25997.742523589,68.3,111.4,111.4,7980.328125,0.0,0.0077917197716721375
25998.748040605,70.8,108.6,108.6,7980.328125,0.0,0.0
25999.752041448,63.4,105.6,105.6,7980.328125,0.0,0.0
26000.754797633,70.4,111.7,111.7,7980.328125,0.0,0.0
26001.757714295,68.3,109.7,109.7,7980.328125,0.0,0.12853136744468333
26002.761262388,68.2,108.3,108.3,7980.328125,0.0,0.007784878526977928
26003.767217878,70.7,109.1,109.1,7987.19921875,0.0,0.0
26004.777043843,63.9,104.5,104.5,8012.171875,0.0,0.0
26005.779564528,70.1,110.5,110.5,7982.14453125,0.0,0.0
26006.788043092,71.6,114.3,114.3,7980.328125,0.0,0.06197454485489892
26007.79019745,65.9,104.8,104.8,7997.4140625,0.0,0.0
26008.792397453,70.1,108.7,108.7,7980.328125,0.0,0.011693025309236797
26009.795606157,70.3,112.4,112.4,7980.328125,0.0,0.0
26010.801795359,72.2,110.6,110.6,7980.328125,0.0,0.0
26011.80477361,69.8,106.9,106.9,7980.328125,0.0,0.12462882407970842
26012.819023555,62.3,106.3,106.3,7980.328125,0.0,0.0
26013.822047437,71.0,110.6,110.6,7980.328125,0.0,0.0
26014.825469837,70.0,107.3,107.3,7980.328125,0.0,0.007785853694308812
26015.836643302,63.0,109.2,109.2,7980.328125,0.0,0.0
26016.839526213,67.7,110.7,110.7,7980.328125,0.0,0.062320336017677044
26017.842658503,63.8,110.7,110.7,7980.328125,0.0,0.011682158093032793
26018.84486023,68.0,103.7,103.7,7980.328125,0.0,0.0
26019.847558417,70.1,108.7,108.7,7980.328125,0.0,0.0
26020.849754582,70.9,112.7,112.7,7980.328125,0.0,0.007795380059166644
26021.852644079,66.2,109.7,109.7,7980.328125,0.0,0.10126988098251943
26022.855577041,50.9,101.6,101.6,7980.328125,0.0,0.0
26023.860270072,50.9,99.7,99.7,7980.328125,0.0,0.12052810785325554
26024.8624591,74.7,97.4,97.4,7898.39453125,0.0,0.0
26025.873224316,83.6,130.0,130.0,7900.01171875,0.0,0.00772929249674202
26026.876389161,86.6,126.4,126.4,7904.59765625,0.0,0.06230282122784233
26027.882358827,88.2,128.5,128.5,8009.9296875,0.0,0.0
26028.885845393,79.8,123.5,123.5,8002.6171875,0.0,0.0
26029.889275884,74.6,123.1,123.1,7968.9140625,0.0,0.0
26030.899756818,79.8,126.7,126.7,7985.15625,0.0,0.0
26031.906533341,84.5,131.6,131.6,7968.06640625,0.0,0.09311897710974312
26032.91546603,85.2,134.3,134.3,8013.9296875,0.0,0.0
26033.923844205,76.8,126.4,126.4,7959.91015625,0.0,0.0
26034.927447548,71.5,117.0,117.0,7986.96484375,0.0,0.0
26035.937952197,72.5,122.1,122.1,7957.62890625,0.0,0.0
26036.947902386,60.7,112.0,112.0,7957.62890625,0.0,0.06575200512191212
26037.952190025,80.9,79.4,79.4,7965.56640625,0.0,0.2022577916046997
26038.958696998,70.3,111.7,111.7,7945.37890625,0.0,0.0
26039.960871137,69.3,109.7,109.7,7952.15234375,0.0,0.0
26040.963848986,67.7,111.6,111.6,7952.15234375,0.0,0.0
26041.967842293,69.7,105.0,105.0,7952.328125,0.0,0.0
26042.984235237,70.7,112.8,112.8,7957.1484375,0.0,0.36895179390432375
26043.988418376,65.7,106.7,106.7,7957.1484375,0.015559910730573728,0.10502939743137267
26044.990581706,66.5,110.4,110.4,7963.1484375,0.0,0.0
26045.997192641,67.9,108.6,108.6,7963.1484375,0.0,0.0
26046.999706946,69.4,109.7,109.7,7963.1484375,0.0,0.0
26048.004663519,67.4,111.0,111.0,7964.6796875,0.0,0.15936633910639242
26049.015209313,69.3,105.4,105.4,7979.6953125,0.0,0.05798228081108126
26050.020040254,69.3,110.4,110.4,7995.328125,0.0,0.0
26051.02299944,70.8,115.6,115.6,7944.81640625,0.0,0.0
26052.026626674,70.6,107.6,107.6,7944.81640625,0.0,0.0
26053.031023384,67.8,109.4,109.4,7947.41015625,0.0,0.06222640852741769
26054.03639788,68.1,110.4,110.4,7944.81640625,0.0,0.0
26055.041735198,69.9,109.6,109.6,7944.81640625,0.0,0.007771023576004479
26056.045560446,70.9,110.6,110.6,7952.8671875,0.0,0.0
26057.048790822,66.9,104.7,104.7,7973.46875,0.0,0.0
26058.052035623,62.3,111.6,111.6,7952.8671875,0.0,0.06229785585487236
26059.054679798,72.9,108.7,108.7,7952.8671875,0.0,0.0
26060.057624359,65.8,107.7,107.7,7969.5390625,0.0,0.007789563156110697
26061.063427252,67.7,110.4,110.4,7952.8671875,0.0,0.0
26062.065620913,63.7,109.7,109.7,7952.8671875,0.0,0.0
26063.068804159,67.3,109.7,109.7,7952.8671875,0.0,0.0856648078430206
26064.071190154,69.5,110.6,110.6,7964.58984375,0.0,0.0
26065.081582803,68.7,110.9,110.9,7952.8671875,0.0,0.007732142556413587
26066.085905483,67.9,109.6,109.6,7952.8671875,0.0,0.0
26067.093583635,69.1,108.5,108.5,7953.21484375,0.0,0.0
26068.109059232,64.1,107.8,107.8,7952.8671875,0.0,0.06154751545449045
26069.114612264,71.9,109.8,109.8,7952.8671875,0.0,0.0
26070.116746713,69.7,109.8,109.8,7952.8671875,0.0,0.0
26071.118693063,65.7,109.7,109.7,7952.8671875,0.0,0.011695985518593563
26072.121724529,69.2,109.7,109.7,7952.8671875,0.0,0.0
26073.123497968,68.2,107.1,107.1,7952.8671875,0.0,0.15597339070562724
26074.134788406,70.2,113.4,113.4,7952.8671875,0.0,0.0
26075.137576526,70.3,109.5,109.5,7952.8671875,0.0,0.0
26076.142624727,67.9,105.5,105.5,7983.15625,0.0,0.0
26077.148185284,61.5,110.5,110.5,7952.8671875,0.0,0.007769298373532738
26078.150511649,68.4,109.6,109.6,7952.8671875,0.0,0.062354939650816454
26079.154850682,72.4,107.6,107.6,7952.8671875,0.0,0.0
26080.157599087,69.3,108.7,108.7,7952.8671875,0.0,0.0
26081.160340629,70.7,110.7,110.7,7952.8671875,0.0,0.0
26082.162485106,68.1,109.8,109.8,7952.8671875,0.0,0.0
26083.166070325,72.8,105.6,105.6,7963.546875,0.0,0.0973073817260736
26084.168878343,71.2,113.5,113.5,7956.0703125,0.0,0.0
26085.175648243,66.5,104.2,104.2,7991.81640625,0.0,0.0
26086.182175669,64.6,109.6,109.6,7956.0703125,0.0,0.0
26087.184941339,68.6,109.7,109.7,7956.0703125,0.0,0.0
26088.187163562,68.8,108.8,108.8,7956.0703125,0.0,0.05456624164279837
26089.189411077,69.4,107.8,107.8,7956.0703125,0.0,0.019487451660083976
26090.1918038,66.5,108.5,108.5,7956.0703125,0.0,0.0
26091.195961295,72.0,109.7,109.7,7993.80078125,0.0,0.0
26092.199513533,71.9,115.5,115.5,7967.70703125,0.0,0.0
26093.204601697,61.2,103.6,103.6,7967.70703125,0.0,0.09716187444808674
26094.207347886,67.8,109.7,109.7,7948.01953125,0.0,0.0
26095.209880881,70.5,110.7,110.7,7948.01953125,0.0,0.007792760975410245
26096.212667072,67.7,110.6,110.6,7948.01953125,0.0,0.0
26097.217119882,66.7,109.3,109.3,7948.01953125,0.0,0.0
26098.226447301,68.3,107.3,107.3,7979.39453125,0.0,0.08514333246303302
26099.229922074,71.5,110.5,110.5,7973.09765625,0.0,0.0
26100.237041298,66.9,109.4,109.4,7956.0,0.0,0.0
26101.239216542,68.8,109.8,109.8,7935.0234375,0.0,0.007795542792337268
26102.244058709,66.9,110.5,110.5,7943.1796875,0.0,0.0
26103.245811749,66.0,109.7,109.7,7947.1796875,0.0,0.0
26104.250047147,63.5,103.7,103.7,7947.1796875,0.0,0.13225235862445703
26105.252186913,65.2,111.7,111.7,7947.1796875,0.0,0.0
26106.254753926,70.8,107.7,107.7,7951.43359375,0.0,0.0
26107.257171521,68.2,109.7,109.7,7951.43359375,0.0,0.011690487136769222
26108.259881766,69.0,106.2,106.2,7951.43359375,0.0,0.0
26109.270458012,68.1,109.4,109.4,7952.63671875,0.0,0.22032602773036442
26110.27303909,69.0,109.7,109.7,7974.890625,0.0,0.0
26111.275228622,69.8,108.8,108.8,7952.63671875,0.0,0.0
26112.277498245,71.9,109.7,109.7,7956.8125,0.0,0.0
26113.280086275,63.5,106.7,106.7,7956.8125,0.0,0.015584666415748172
26114.283355122,65.5,109.6,109.6,7956.8125,0.0,0.0778704534021438
26115.286280787,67.6,110.5,110.5,7957.66796875,0.0,0.0
26116.298119537,66.1,105.0,105.0,7978.140625,0.0,0.0
26117.30082521,66.0,110.1,110.1,7956.8125,0.0,0.0
26118.312537375,70.4,113.1,113.1,7970.13671875,0.0,0.0
26119.317082817,67.5,106.7,106.7,7956.8125,0.0,0.007777149418396045
26120.320036526,69.9,109.6,109.6,7956.8125,0.0,0.08568441317752612
26121.323543851,67.9,109.8,109.8,7956.8125,0.0,0.0
26122.32532967,69.4,110.5,110.5,7958.90625,0.0,0.0
26123.331987204,69.2,110.6,110.6,7956.8125,0.0,0.0
26124.333637111,70.4,111.8,111.8,7956.8125,0.0,0.0
26125.336483828,68.2,109.7,109.7,7956.8125,0.0,0.0701129083919199
26126.339417773,71.3,107.0,107.0,7956.8125,0.0,0.0
26127.355035928,64.0,107.6,107.6,7956.8125,0.0,0.0
26128.378043589,69.5,110.9,110.9,7956.8125,0.0,0.0
26129.380223782,54.9,100.7,100.7,7956.8125,0.0,0.0
26130.38318193,50.9,99.7,99.7,7956.8125,0.0,0.0856840339462473
26131.385617885,68.2,103.3,103.3,7916.26953125,0.0,0.0
26132.395060777,80.1,133.1,133.1,7902.7890625,0.0,0.0
26133.402203409,80.4,131.2,131.2,7903.3984375,0.0,0.0
26134.405500563,83.0,128.9,128.9,7985.26953125,0.0,0.01168023845507356
26135.417577751,77.6,129.0,129.0,7963.5234375,0.0,0.07333309245584518
26136.421588321,76.0,122.4,122.4,8015.41796875,0.0,0.007781292581390689
26137.426398958,80.0,128.2,128.2,7964.1875,0.0,0.0
26138.435811414,86.6,130.3,130.3,7981.25390625,0.0,0.05417755613657496
26139.453210579,85.7,130.9,130.9,8011.5546875,0.0,0.019197234155439873
26140.464175275,76.2,127.8,127.8,7964.4453125,0.0,0.08886932486900762
26141.475038472,70.0,120.1,120.1,7993.44140625,0.0,0.0
26142.477624466,70.9,120.7,120.7,7993.44140625,0.0,0.01168852354823921
26143.480605126,58.5,110.7,110.7,7993.44140625,0.0,0.0
26144.483863313,85.7,87.8,87.8,7993.44140625,0.0,0.18299750989223154
26145.485656704,69.0,110.8,110.8,7993.44140625,0.0,0.13647399875860047
26146.487950127,65.2,106.1,106.1,7993.44140625,0.0,0.0
26147.500350488,64.9,108.3,108.3,7993.44140625,0.0,0.0
26148.503371136,71.8,110.6,110.6,7993.44140625,0.0,0.007788972256527145
26149.507564708,68.5,107.0,107.0,7993.44140625,0.0,0.0
26150.521600106,66.9,107.2,107.2,8021.234375,0.0,0.1309742246297544
26151.524470133,64.6,109.7,109.7,8034.0859375,0.0,0.0
26152.527066271,69.1,112.7,112.7,8004.55859375,0.0,0.0
26153.529284531,69.9,111.8,111.8,7993.44140625,0.0,0.0
26154.532049035,68.4,109.7,109.7,7993.44140625,0.0,0.007790961854795891
26155.534908552,66.1,105.2,105.2,7993.44140625,0.0,0.06232178978260784
26156.545901509,64.1,107.2,107.2,7993.44140625,0.0,0.0
26157.550795459,68.5,109.6,109.6,8015.8984375,0.0,0.0
26158.552975925,71.0,107.7,107.7,7995.14453125,0.0,0.0
26159.555331794,71.7,110.8,110.8,7995.14453125,0.0,0.007794138031822141
26160.557064815,69.9,110.4,110.4,7996.65234375,0.0,0.0
26161.567032718,61.7,110.3,110.3,7995.14453125,0.0,0.0850893377348955
26162.569134105,65.0,103.7,103.7,7995.14453125,0.0,0.0
26163.571811696,68.8,109.7,109.7,7995.14453125,0.0,0.0
26164.574210974,68.7,110.7,110.7,7995.14453125,0.0,0.007793800505932885
26165.576956054,69.1,109.7,109.7,7995.14453125,0.0,0.0
26166.580073993,68.3,109.7,109.7,7995.14453125,0.0,0.06230573452048273
26167.582929041,68.6,110.7,110.7,7995.14453125,0.0,0.0
26168.585974799,71.4,109.5,109.5,7995.14453125,0.0,0.0
26169.591044538,67.9,111.2,111.2,7995.14453125,0.0,0.12048293297588947
26170.597551937,69.2,107.1,107.1,7995.14453125,0.0,0.0077619896363956
26171.608948752,65.7,107.3,107.3,7995.14453125,0.0,0.08496912262869707
26172.614251655,70.0,109.4,109.4,7995.953125,0.0,0.0
26173.61642531,65.4,110.7,110.7,8032.796875,0.0,0.0
26174.619092427,67.8,113.7,113.7,7995.14453125,0.0,0.0
26175.621899138,65.6,108.7,108.7,7995.14453125,0.0,0.04284848668111073
26176.624090156,69.7,110.4,110.4,7995.14453125,0.0,0.09744275117816956
26177.630221605,67.9,110.7,110.7,7995.14453125,0.0,0.0
26178.6329206,73.1,105.6,105.6,7995.14453125,0.0,0.0
26179.636965263,71.0,109.6,109.6,7995.14453125,0.0,0.0
26180.641037329,68.9,109.5,109.5,7995.14453125,0.0,0.0
26181.64574971,67.3,110.6,110.6,7995.14453125,0.0,0.13607750096990326
26182.650166596,62.4,104.6,104.6,7995.14453125,0.0,0.0
26183.653032178,70.1,111.7,111.7,7995.14453125,0.0,0.0
26184.65519641,68.3,109.6,109.6,7995.14453125,0.0,0.0
26185.661151785,67.7,106.7,106.7,7995.14453125,0.0,0.042714369909311684
26186.673050358,68.5,114.3,114.3,7995.14453125,0.0,0.06176508364338669
26187.678236361,68.7,109.6,109.6,7995.14453125,0.0,0.0
26188.680399406,66.5,104.8,104.8,7995.14453125,0.0,0.0
26189.682938173,70.1,108.6,108.6,7995.14453125,0.0,0.0
26190.687643753,69.6,107.9,107.9,7995.14453125,0.0,0.0
26191.702358236,64.4,106.8,106.8,7995.14453125,0.0,0.0
26192.712419913,71.5,109.8,109.8,8041.421875,0.0,0.09281611423817636
26193.722146355,64.8,109.4,109.4,7997.328125,0.0,0.0
26194.724306197,67.8,111.7,111.7,7997.328125,0.0,0.0
26195.727247773,65.3,104.7,104.7,8017.50390625,0.0,0.0
26196.729507823,67.5,112.4,112.4,7997.328125,0.0,0.0
26197.738909934,71.1,112.1,112.1,7997.328125,0.0,0.0696575717782857
26198.75419287,69.8,103.4,103.4,7997.328125,0.0,0.0
26199.757039064,66.5,109.7,109.7,7997.328125,0.0,0.0
26200.759192605,70.9,108.7,108.7,8022.79296875,0.0,0.0
26201.761727931,67.8,110.7,110.7,7997.328125,0.0,0.0
26202.765035563,69.9,110.6,110.6,8026.3515625,0.0,0.09733430394162074
26203.767205704,68.4,108.8,108.8,7997.328125,0.0,0.0
26204.769431906,69.0,109.7,109.7,7997.328125,0.0,0.12082476965622728
26205.772649665,72.4,111.6,111.6,7997.328125,0.0,0.0
26206.776996385,61.2,109.6,109.6,7997.328125,0.0,0.007778688220329636
26207.77978726,63.8,105.7,105.7,7997.328125,0.0,0.05453529879807452
26208.782427263,73.9,109.7,109.7,7997.328125,0.0,0.011687893924972938
26209.784580554,69.1,107.8,107.8,7997.328125,0.0,0.0
26210.786861776,70.2,110.8,110.8,7997.328125,0.0,0.0
26211.7892412,68.9,110.7,110.7,7997.328125,0.0,0.0
26212.792175194,68.9,109.2,109.2,7997.328125,0.0,0.007789645227631676
26213.803316868,68.0,111.1,111.1,7997.328125,0.0,0.139075466490946
26214.807909717,69.9,106.4,106.4,7997.328125,0.0,0.0
26215.811807892,71.9,109.8,109.8,7997.328125,0.0,0.0
26216.814033028,64.8,109.8,109.8,7997.328125,0.0,0.0
26217.816213487,67.3,108.8,108.8,7997.328125,0.0,0.042875262248567914
26218.818518939,72.7,109.8,109.8,7997.328125,0.0,0.08573983093539012
26219.820685183,69.6,110.7,110.7,7997.328125,0.0,0.007795612800534593
26220.823537809,67.3,108.4,108.4,8003.23828125,0.0,0.0
26221.830602179,67.7,110.5,110.5,7997.328125,0.0,0.0
26222.832972805,71.2,108.8,108.8,7998.49609375,0.0,0.0
26223.835081667,69.3,111.7,111.7,7998.49609375,0.0,0.0
26224.837666793,68.1,107.6,107.6,8003.04296875,0.0,0.09350826934173231
26225.842036859,66.8,106.6,106.6,8040.4140625,0.0,0.0
26226.845041898,66.8,111.7,111.7,7998.49609375,0.0,0.0
26227.848219732,68.2,108.5,108.5,7998.49609375,0.0,0.0
26228.853922161,71.7,109.5,109.5,7998.49609375,0.0,0.0
26229.856311136,68.8,108.8,108.8,7998.49609375,0.0,0.08573268675457987
26230.857995472,69.0,109.8,109.8,7998.49609375,0.0,0.007799363251705748
26231.86087654,69.2,110.7,110.7,7998.49609375,0.0,0.0
26232.862710252,70.0,108.8,108.8,7998.49609375,0.0,0.0
26233.865268531,71.4,110.7,110.7,7998.49609375,0.0,0.0
26234.867695232,58.1,104.7,104.7,7998.49609375,0.0,0.0
26235.870173971,51.1,99.8,99.8,7998.49609375,0.0,0.07013864460599886
26236.872618508,59.6,87.5,87.5,7969.22265625,0.0,0.0
26237.879069922,80.7,112.8,112.8,7873.34375,0.0,0.0
26238.894400368,83.1,126.9,126.9,7882.1484375,0.0,0.007694539281056824
26239.897983916,78.6,132.5,132.5,7911.02734375,0.0,0.0
26240.903049622,83.1,127.2,127.2,8001.78125,0.0,0.07773123640918574
26241.907904283,74.8,123.7,123.7,7976.80859375,0.0,0.007774756194307748
26242.925232297,77.6,124.8,124.8,7988.921875,0.0,0.0
26243.936336074,87.4,134.5,134.5,8003.83984375,0.0,0.011590056596136296
26244.940562495,85.2,130.2,130.2,8032.3125,0.0,0.0
26245.945420769,81.6,132.1,132.1,7986.4375,0.0,0.07385991827950963
26246.95653553,70.0,116.1,116.1,8025.203125,0.0,0.011589930690364252
26247.960602539,71.6,120.5,120.5,7974.796875,0.0,0.0
26248.965114938,66.0,113.6,113.6,7984.26953125,0.0,0.0
26249.967398845,77.7,70.5,70.5,7984.26953125,0.0,0.167585999163296
26250.981049573,66.4,113.8,113.8,7984.26953125,0.0,0.3545353345811176
26251.987022802,68.5,111.6,111.6,7984.26953125,0.0,0.0
26252.989928923,69.0,110.7,110.7,7984.26953125,0.0,0.0
26253.992951997,68.7,109.7,109.7,7984.26953125,0.0,0.0
26254.995888537,68.9,108.1,108.1,7984.26953125,0.007789625453267419,0.09347550543920903
26256.004590262,73.3,109.2,109.2,7984.26953125,0.0,0.0
26257.016111952,63.2,108.1,108.1,7984.26953125,0.0,0.05406458461600824
26258.02012307,67.5,110.8,110.8,7984.26953125,0.0,0.0
26259.024046903,77.4,109.5,109.5,7990.53515625,0.26847778799592686,0.0
26260.030216283,67.9,107.4,107.4,7968.17578125,0.0,0.0
26261.032418484,68.6,107.6,107.6,7971.37109375,0.0,0.007795333109646201
26262.037030067,66.1,111.6,111.6,7971.37109375,0.0,0.08554301130322388
26263.039186059,65.6,104.8,104.8,7981.859375,0.0,0.0
26264.04160787,72.7,111.7,111.7,7981.859375,0.0,0.0
26265.043822475,71.9,110.6,110.6,7981.859375,0.0,0.0
26266.048458094,60.7,104.7,104.7,7981.859375,0.0,0.0
26267.05075621,69.3,108.7,108.7,7981.859375,0.0,0.05456210994214711
26268.053764852,69.5,108.7,108.7,7981.859375,0.0,0.0
26269.056301816,70.7,109.7,109.7,7981.859375,0.0,0.0
26270.058937794,70.8,110.6,110.6,7981.859375,0.0,0.0
26271.064076185,64.7,104.6,104.6,7981.859375,0.0,0.0
26272.066794581,65.7,110.4,110.4,8019.02734375,0.0,0.07791320106608025
26273.072070081,67.8,111.6,111.6,7981.859375,0.0,0.0
26274.076427618,68.8,111.3,111.3,7985.82421875,0.0,0.0
26275.082366746,67.6,104.5,104.5,8017.43359375,0.0,0.0
26276.087066391,68.2,111.5,111.5,7985.82421875,0.0,0.0
26277.104546602,63.4,109.1,109.1,7985.82421875,0.0,0.05374797407231893
26278.107329843,69.1,109.5,109.5,7985.82421875,0.0,0.011686224421081583
26279.112080463,71.9,102.5,102.5,8021.76953125,0.43154365010382334,0.0
26280.117159995,67.5,110.7,110.7,7985.82421875,0.0,0.0
26281.119489142,67.8,110.7,110.7,7985.82421875,0.0,0.0
26282.12215194,68.5,110.6,110.6,7985.82421875,0.0,0.24544019234657016
26283.126449639,65.2,109.5,109.5,7985.82421875,0.0,0.0
26284.130682872,62.6,104.7,104.7,7985.82421875,0.0,0.003889783639529279
26285.132869206,69.5,109.7,109.7,7985.82421875,0.0,0.0
26286.136047476,70.4,110.6,110.6,8016.31640625,0.0,0.0
26287.141027417,67.4,109.5,109.5,7985.82421875,0.0,0.06219029599512302
26288.143415686,68.9,110.7,110.7,7985.82421875,0.0,0.04286637356885361
26289.14557422,69.2,105.7,105.7,7985.82421875,0.0,0.0
26290.149522714,69.5,109.4,109.4,7985.82421875,0.0,0.12061749255448562
26291.157070922,72.2,109.5,109.5,7985.82421875,0.0,0.0
26292.15978872,69.7,109.7,109.7,7985.82421875,0.0,0.0
26293.162370691,68.5,109.6,109.6,7986.53125,0.0,0.07792380300051951
26294.166790346,64.2,105.7,105.7,7986.53125,0.0,0.0
26295.168611349,66.1,110.7,110.7,7986.53125,0.0,0.0
26296.171874035,68.1,109.7,109.7,7986.53125,0.0,0.0
26297.174623801,69.1,109.6,109.6,7986.53125,0.0,0.0
26298.178026726,66.5,110.7,110.7,7986.53125,0.0,0.08564605290525766
26299.179644106,67.8,104.8,104.8,7986.53125,0.0,0.0
26300.182365297,70.1,109.6,109.6,7986.53125,0.0,0.0
26301.187039416,62.6,105.6,105.6,7986.53125,0.0,0.0
26302.19004437,69.0,110.7,110.7,7986.53125,0.0,0.0
26303.192245071,69.3,111.8,111.8,7986.53125,0.0,0.1091348268772332
26304.194420075,67.5,108.8,108.8,7986.53125,0.0,0.0
26305.196834337,68.5,108.7,108.7,7986.53125,0.0,0.0
26306.199412381,69.8,109.7,109.7,7986.53125,0.0,0.0
26307.201607626,70.3,109.7,109.7,7986.53125,0.0,0.0
26308.204184751,69.3,109.7,109.7,7986.53125,0.0,0.05454692575395306
26309.2069664,72.0,109.7,109.7,7986.53125,0.0,0.003895414324638898
26310.208645452,68.5,110.7,110.7,7986.53125,0.0,0.0
26311.211671073,65.1,105.1,105.1,7986.53125,0.0,0.0
26312.222583086,72.0,109.8,109.8,7986.53125,0.0,0.0
26313.233585862,68.6,108.9,108.9,7986.53125,0.0,0.10432093017336302
26314.244479992,69.3,115.0,115.0,7999.93359375,0.0,0.03477738069358562
26315.249456023,64.2,106.8,106.8,7986.53125,0.0,0.0
26316.251622419,72.4,109.6,109.6,8014.73046875,0.0,0.0
26317.259271527,69.4,109.1,109.1,8017.01953125,0.0,0.0
26318.264495941,69.4,113.6,113.6,7986.53125,0.0,0.058289222967548966
26319.267034272,72.6,107.5,107.5,7996.88671875,0.0,0.0
26320.271826584,69.3,108.7,108.7,7986.53125,0.0,0.0
26321.274021569,64.9,110.8,110.8,7986.53125,0.0,0.0
26322.276396078,67.6,112.1,112.1,7986.59375,0.0,0.0
26323.286538486,65.8,105.5,105.5,7986.53125,0.0,0.0
26324.288548654,70.4,108.7,108.7,7989.30078125,0.0,0.20271750376122807
26325.291037226,66.0,110.7,110.7,7986.53125,0.0,0.0
26326.293229106,66.3,111.7,111.7,7986.53125,0.0,0.0
26327.295696329,67.3,109.7,109.7,7986.53125,0.0,0.0
26328.298582975,67.6,109.7,109.7,7986.53125,0.0,0.0
26329.301479201,71.1,106.7,106.7,7986.53125,0.0,0.07789938577351513
26330.304267686,70.7,110.6,110.6,7990.8125,0.0,0.0
26331.310864006,72.2,110.2,110.2,7990.8125,0.0,0.0
26332.316064041,64.3,104.6,104.6,8003.671875,0.0,0.0
26333.318247995,64.3,110.7,110.7,7973.8046875,0.0,0.0
26334.321085651,68.0,109.6,109.6,7973.8046875,0.0,0.015580787086035323
26335.325812524,68.8,109.6,109.6,7973.8046875,0.0,0.03887872520364957
26336.32802043,68.8,110.7,110.7,7973.8046875,0.0,0.0
26337.331021309,69.9,110.1,110.1,7973.8046875,0.0,0.0
26338.341561891,71.0,108.4,108.4,7973.8046875,0.0,0.0
26339.344842214,71.9,110.7,110.7,7982.1015625,0.0,0.0
26340.347159888,69.2,110.7,110.7,7982.1015625,0.0,0.08184156792592817
26341.349530819,57.6,105.7,105.7,7982.1015625,0.0,0.0
26342.35248137,50.9,99.7,99.7,7982.1015625,0.0,0.0
26343.35521492,64.2,93.4,93.4,7936.59765625,0.0,0.0
26344.36207019,87.8,132.8,132.8,7944.05078125,0.0,0.0
26345.376454644,87.4,132.1,132.1,7939.625,0.0,0.06546457779213209
26346.393292902,87.3,131.1,131.1,8023.73046875,0.0,0.0
26347.401032291,79.5,130.2,130.2,8009.46875,0.0,0.0
26348.405390113,76.0,120.0,120.0,7990.703125,0.0,0.0
26349.417064676,83.1,132.2,132.2,8015.3828125,0.0,0.007722344996824752
26350.432641807,84.1,131.8,131.8,7977.50390625,0.0,0.11923638914607577
26351.448332883,87.2,132.1,132.1,8007.1484375,0.0,0.0
26352.456089783,72.4,123.9,123.9,7976.59375,0.0,0.0
26353.460984904,72.3,120.8,120.8,7989.234375,0.0,0.0
26354.47335886,70.0,117.2,117.2,8022.93359375,0.0,0.0
26355.477050718,57.0,108.6,108.6,7989.234375,0.0,0.054486344154398125
26356.481043664,85.1,81.7,81.7,7989.234375,0.0,0.0855957209085873
26357.485041252,71.9,110.6,110.6,8015.6171875,0.0,0.0
26358.487841375,72.3,109.7,109.7,8012.203125,0.0,0.0
26359.490418895,68.2,111.8,111.8,7993.28515625,0.0,0.0
26360.492344141,67.9,105.7,105.7,8001.265625,0.0,0.21053217377444103
26361.497906531,70.1,110.1,110.1,8030.03125,0.0,0.0
26362.504411885,63.3,109.6,109.6,7993.28515625,0.0,0.0
26363.506584019,68.0,109.6,109.6,7993.28515625,0.0,0.0
26364.511034203,63.7,104.6,104.6,8022.16796875,0.0,0.0
26365.517261001,73.4,113.7,113.7,7993.28515625,0.0,0.054349079261793255
26366.526097024,66.8,107.7,107.7,8031.82421875,0.0,0.0
26367.528887196,68.0,108.7,108.7,7998.0625,0.0,0.0
26368.531343795,70.9,108.6,108.6,7998.0625,0.0,0.0
26369.535704041,66.0,109.2,109.2,7998.0625,0.0,0.0
26370.545506687,64.3,108.3,108.3,7998.0625,0.0,0.07736660258265754
26371.551076414,75.8,110.5,110.5,7974.9296875,0.0,0.0
26372.568017673,67.8,108.3,108.3,8012.26953125,0.0,0.0
26373.580995414,66.2,110.3,110.3,7989.4453125,0.0,0.0
26374.583185723,64.9,111.7,111.7,7978.78515625,0.0,0.0
26375.585998319,70.8,111.6,111.6,7978.78515625,0.0,0.06232470578194329
26376.590433325,66.2,105.7,105.7,8015.953125,0.0,0.0
26377.593033003,69.3,110.7,110.7,8009.42578125,0.0,0.0
26378.596040239,67.9,109.6,109.6,7993.4609375,0.0,0.0
26379.600433924,67.8,107.6,107.6,7986.8359375,0.0,0.0
26380.60267665,71.4,109.7,109.7,7998.72265625,0.0,0.05066761641924855
26381.605510971,68.9,110.7,110.7,7998.72265625,0.0,0.1597035987363767
26382.608728421,67.7,109.2,109.2,7975.203125,0.0,0.0
26383.616912918,69.5,109.6,109.6,7975.203125,0.0,0.0
26384.619115588,69.9,111.8,111.8,7975.203125,0.0,0.12082760665577427
26385.621285193,70.7,108.8,108.8,7984.82421875,0.0,0.0
26386.623477674,70.1,112.7,112.7,7984.82421875,0.0,0.05456786100160181
26387.626324003,68.1,107.1,107.1,7985.57421875,0.0,0.0
26388.639158294,73.5,109.6,109.6,7985.57421875,0.0,0.0
26389.650945584,60.2,106.4,106.4,7985.57421875,0.0,0.0
26390.653120479,69.6,107.7,107.7,7992.22265625,0.0,0.0
26391.656215539,67.5,110.7,110.7,7992.22265625,0.0,0.0
26392.659249166,69.4,110.7,110.7,7992.22265625,0.0,0.0778887146918912
26393.661451235,67.5,109.8,109.8,8003.44140625,0.0,0.0
26394.66374817,68.2,109.8,109.8,7992.22265625,0.0,0.0
26395.665996581,70.1,107.7,107.7,7992.22265625,0.0,0.0
26396.668850559,68.5,109.7,109.7,7992.22265625,0.0,0.0
26397.671016504,71.0,109.7,109.7,7993.5625,0.0,0.05456930588479629
26398.673365547,71.7,108.8,108.8,7993.5625,0.0,0.0
26399.675506159,69.3,110.2,110.2,7994.1328125,0.0,0.0
26400.685699546,65.8,105.1,105.1,8019.859375,0.0,0.0
26401.691062037,66.5,111.7,111.7,7993.5625,0.0,0.0
26402.693294581,67.1,109.8,109.8,7993.5625,0.0,0.0779509710273049
26403.695499594,68.9,108.7,108.7,7993.5625,0.0,0.0
26404.698067718,69.7,110.7,110.7,7993.5625,0.0,0.0
26405.700730313,68.0,108.7,108.7,7993.5625,0.0,0.0
26406.703310604,75.5,109.7,109.7,7993.5625,0.0,0.003896196678780989
26407.705587736,69.0,110.7,110.7,7993.5625,0.0,0.0
26408.708569896,71.1,109.7,109.7,7993.5625,0.0,0.058419533603662574
26409.711066366,68.6,109.6,109.6,7993.5625,0.0,0.0
26410.715174788,67.7,108.2,108.2,7993.5625,0.0,0.0
26411.724387376,67.9,107.5,107.5,8027.61328125,0.0,0.03483532648920659
26412.728938807,67.1,110.5,110.5,7993.5625,0.0,0.0
26413.731084041,66.8,109.8,109.8,7993.5625,0.0,0.12863030789000204
26414.733302949,70.3,109.7,109.7,7993.5625,0.0,0.0
26415.736632584,66.7,109.8,109.8,7993.5625,0.0,0.0
26416.751390059,65.2,107.3,107.3,7993.5625,0.0,0.0
26417.754318093,66.9,109.6,109.6,7993.5625,0.0,0.0
26418.758470572,69.4,105.2,105.2,8021.7109375,0.0,0.054461350386239005
26419.768744607,64.2,108.4,108.4,7993.5625,0.0,0.0
26420.771924414,67.5,108.7,108.7,7993.5625,0.0,0.0
26421.774165847,69.8,109.8,109.8,7993.5625,0.0,0.0
26422.7764989,68.4,108.7,108.7,7993.5625,0.0,0.0
26423.778949474,68.0,108.6,108.6,8005.01171875,0.0,0.07793401692439007
26424.784245301,68.8,110.6,110.6,7995.08203125,0.0,0.0
26425.787043168,71.6,109.5,109.5,7995.08203125,0.0,0.0
26426.792082382,62.8,105.7,105.7,8010.48828125,0.0,0.0
26427.794812594,71.5,109.7,109.7,7995.08203125,0.0,0.0
26428.796976234,68.8,108.7,108.7,7995.08203125,0.0,0.0545694313953724
26429.800163021,69.0,109.6,109.6,7995.08203125,0.0,0.0
26430.804591188,62.8,105.6,105.6,7995.08203125,0.0,0.0
26431.807692648,64.8,110.7,110.7,7995.08203125,0.0,0.0
26432.809847235,71.9,109.8,109.8,8000.23828125,0.0,0.0
26433.81202927,70.9,110.7,110.7,7995.08203125,0.0,0.07795489968038474
26434.814424665,67.3,110.8,110.8,7995.08203125,0.0,0.0
26435.817093578,72.6,107.7,107.7,8011.55859375,0.0,0.0
26436.820032128,69.6,107.7,107.7,7995.08203125,0.0,0.007789609842011517
26437.822169115,65.8,110.8,110.8,8005.00390625,0.0,0.0
26438.825041363,75.3,105.5,105.5,7995.08203125,0.0,0.05842593622142597
26439.831136759,70.1,109.5,109.5,7995.08203125,0.0,0.10094718692080605
26440.83331084,69.8,108.8,108.8,7995.08203125,0.0,0.0
26441.835667798,69.0,110.7,110.7,7995.08203125,0.0,0.0
26442.840042514,66.4,107.6,107.6,7995.08203125,0.0,0.0
26443.844191765,64.2,106.5,106.5,7995.08203125,0.0,0.06613185234534745
26444.847407608,69.6,111.6,111.6,7998.28125,0.0,0.08176829599796091
26445.850242117,68.7,109.7,109.7,7997.8515625,0.0,0.0
26446.852408223,57.6,104.8,104.8,7997.8515625,0.0,0.0
26447.854605818,50.6,100.8,100.8,7997.8515625,0.0,0.003897684468100058
26448.858165607,67.6,91.3,91.3,7950.234375,0.0,0.0
26449.866502775,84.4,127.6,127.6,7951.890625,0.0,0.0
26450.880838209,82.0,131.3,131.3,7948.28515625,0.0,0.08087191598594577
26451.891724931,81.0,131.0,131.0,8021.45703125,0.0,0.0
26452.8959639,79.6,129.5,129.5,7994.75,0.0,0.0
26453.899786974,74.9,122.3,122.3,7998.92578125,0.0,0.0
26454.909066545,81.0,131.4,131.4,8007.92578125,0.0,0.0
26455.919542396,83.7,132.3,132.3,8042.04296875,0.0,0.05412054127344949
26456.92203366,84.4,130.7,130.7,8056.19921875,0.0,0.0
26457.925449066,76.9,124.5,124.5,8020.38671875,0.0,0.0
26458.929770617,73.2,114.3,114.3,8009.4765625,0.0,0.0
26459.937814085,72.6,122.6,122.6,7972.015625,0.0,0.0
26460.950910304,60.1,113.1,113.1,7990.73828125,0.0,0.07711508397198731
26461.955096837,83.7,83.5,83.5,7981.109375,0.0,3.722696060100727
26462.962776914,72.6,114.8,114.8,7981.109375,0.0,0.0
26463.975038719,63.4,106.2,106.2,7982.10546875,0.0,0.0
26464.977225128,68.5,110.7,110.7,7981.109375,0.0,0.0
26465.980034011,68.4,109.7,109.7,7981.109375,0.0,0.0
26466.982199124,70.4,110.7,110.7,7981.109375,0.015591243196710458,4.042029798747186
26467.985270014,67.9,110.7,110.7,7981.109375,0.0,0.003894291060520275
26468.987682999,71.1,107.3,107.3,7981.109375,0.0,0.0
26469.997754494,65.1,107.9,107.9,7981.109375,0.0,0.11988631557188631
26471.007818927,68.3,114.4,114.4,7981.109375,0.0,0.0
26472.009550321,62.7,103.8,103.8,7981.109375,0.0,0.08188946706800027
26473.012485826,66.7,110.7,110.7,7981.109375,0.0,0.007789633491942573
26474.015039875,71.0,109.7,109.7,7981.109375,0.0,0.0
26475.017865252,77.0,113.6,113.6,7981.109375,0.0,0.0
26476.022069982,66.3,104.3,104.3,7983.50390625,0.0,0.12836650351199838
26477.028387171,66.1,109.7,109.7,7981.109375,0.0,0.0
26478.031041305,68.5,108.7,108.7,7989.1640625,0.0,0.12856502120631844
26479.033584396,70.4,109.7,109.7,7981.109375,0.0,0.0
26480.035733117,71.0,108.7,108.7,7981.109375,0.0,0.0
26481.041488082,75.6,108.3,108.3,8015.27734375,0.0,0.0
26482.04415018,75.4,116.6,116.6,7981.6328125,0.0,0.0
26483.048311633,66.9,103.7,103.7,7981.6328125,0.0,0.12059191242447856
26484.05061327,63.3,110.7,110.7,7982.43359375,0.0,0.0
26485.053732536,71.0,109.2,109.2,7986.79296875,0.0,0.0
26486.065269773,66.3,107.3,107.3,7986.79296875,0.0,0.0
26487.067852047,67.8,109.7,109.7,7986.79296875,0.0,0.0
26488.070630515,65.5,108.7,108.7,7986.79296875,0.0,0.06622225358736325
26489.073815363,70.9,106.2,106.2,7986.79296875,0.0,0.0
26490.084872243,68.2,108.6,108.6,7986.79296875,0.0,0.0
26491.097040793,65.2,108.3,108.3,7986.79296875,0.0,0.0
26492.099929546,68.1,112.7,112.7,7986.79296875,0.0,0.0
26493.102867187,68.8,110.7,110.7,7986.79296875,0.0,0.09347540282397991
26494.105161397,65.2,107.2,107.2,7986.79296875,0.0,0.0
26495.116838298,64.5,107.3,107.3,7986.79296875,0.0,0.0
26496.119025503,70.8,108.8,108.8,7986.79296875,0.0,0.0
26497.12120362,69.4,111.6,111.6,7986.79296875,0.0,0.0
26498.125589084,68.8,111.5,111.5,7986.79296875,0.0,0.05833791119070128
26499.130038115,67.1,104.7,104.7,7986.79296875,0.0,0.011666843850047848
26500.132204925,63.9,110.8,110.8,7986.79296875,0.0,0.0
26501.134650064,69.0,109.7,109.7,7986.79296875,0.0,0.0
26502.136921683,69.7,109.8,109.8,7986.79296875,0.0,0.0
26503.139151278,69.1,108.7,108.7,7986.79296875,0.0,0.12472192062934392
26504.141726385,70.4,111.3,111.3,7986.79296875,0.0,0.12078272156791124
26505.149039271,71.1,111.5,111.5,7986.79296875,0.0,0.0
26506.153873536,65.0,105.6,105.6,7987.234375,0.0,0.0
26507.156069966,65.4,109.8,109.8,7987.234375,0.0,0.0
26508.158412775,69.4,108.1,108.1,7987.234375,0.0,0.07014815626823527
26509.172520925,69.4,107.2,107.2,8017.09375,0.0,0.06548241427698293
26510.178120267,64.5,111.4,111.4,7987.234375,0.0,0.0
26511.180253826,67.4,109.8,109.8,7987.234375,0.0,0.0
26512.182424756,69.3,110.8,110.8,7987.234375,0.0,0.0
26513.18504269,69.9,110.5,110.5,7987.59375,0.0,0.0
26514.203285874,68.2,109.9,109.9,7987.234375,0.0,0.08439781512937058
26515.210029635,68.9,105.6,105.6,8020.47265625,0.0,0.0
26516.216228832,67.8,109.2,109.2,8011.73828125,0.0,0.0
26517.220265603,66.8,110.6,110.6,7987.234375,0.0,0.0
26518.224330077,67.5,107.7,107.7,7987.234375,0.0,0.0
26519.226491607,72.1,106.7,106.7,7987.234375,0.0,0.07795649469778806
26520.229229897,68.4,112.6,112.6,7987.234375,0.0,0.0
26521.233886559,66.2,105.4,105.4,7987.234375,0.0,0.0
26522.24284436,72.7,112.1,112.1,7987.234375,0.0,0.0
26523.248485404,70.7,112.3,112.3,7987.234375,0.0,0.0
26524.252772272,67.8,109.6,109.6,7987.234375,0.0,0.054454062621514525
26525.255579505,69.1,110.6,110.6,7987.234375,0.0,0.0
26526.261057789,69.7,110.2,110.2,7987.234375,0.0,0.0
26527.268117126,69.0,106.9,106.9,7987.234375,0.0,0.0
26528.281369711,67.4,107.3,107.3,8007.79296875,0.0,0.0
26529.284056672,70.7,115.9,115.9,7987.23828125,0.0,0.07791564370399814
26530.294037307,66.1,105.7,105.7,7987.234375,0.0,0.0
26531.296214862,67.3,109.8,109.8,7987.234375,0.0,0.0
26532.298462622,70.4,109.8,109.8,7987.234375,0.0,0.0
26533.300625308,68.1,110.7,110.7,7987.234375,0.0,0.0
26534.303972768,71.4,110.4,110.4,7987.234375,0.0,0.0038932176097711962
26535.312476398,71.4,112.0,112.0,7988.234375,0.0,0.061973004499706975
26536.320892967,69.9,108.3,108.3,7987.234375,0.0,0.0
26537.32538387,61.1,105.6,105.6,7987.234375,0.0,0.0
26538.328238637,66.1,110.7,110.7,7987.234375,0.0,0.0
26539.330578793,72.3,108.7,108.7,7987.234375,0.0,0.0038971301075987922
26540.334611037,70.2,109.6,109.6,8018.81640625,0.0,0.08170180837339944
26541.337147119,69.3,109.7,109.7,7987.234375,0.0,0.0
26542.339567753,68.5,109.7,109.7,7987.234375,0.0,0.0
26543.341726536,68.3,109.8,109.8,7987.234375,0.0,0.0
26544.344112743,67.9,107.1,107.1,7987.234375,0.0,0.007793902136156743
26545.356071043,70.7,109.9,109.9,7987.234375,0.0,0.0
26546.368483163,70.1,110.6,110.6,7987.234375,0.0,0.09645898944766447
26547.378067335,62.0,109.5,109.5,7987.234375,0.0,0.0
26548.381048775,71.0,109.6,109.6,7987.234375,0.0,0.0
26549.384184477,72.0,108.7,108.7,7987.234375,0.0,0.0
26550.386908407,69.6,110.6,110.6,7987.234375,0.0,0.0
26551.39106185,65.4,110.7,110.7,7987.234375,0.0,0.10114241076181628
26552.393280599,60.7,104.8,104.8,7987.234375,0.0,0.0
26553.395390255,50.9,99.8,99.8,7987.234375,0.0,0.0
26554.397510682,60.7,94.3,94.3,7987.234375,0.0,0.0
26555.41012524,83.9,128.7,128.7,7947.45703125,0.0,0.0
26556.417639957,84.3,127.0,127.0,7944.734375,0.0,0.0
26557.427298059,90.0,132.4,132.4,7960.53515625,0.0,0.058033258866435795
26558.439961304,89.1,127.8,127.8,8038.76953125,0.0,0.0
26559.448091405,74.9,124.3,124.3,7995.4921875,0.0,0.0
26560.452420054,75.9,121.4,121.4,8015.7578125,0.0,0.003889414091582103
26561.45595191,83.1,130.5,130.5,8014.8046875,0.0,0.0
26562.472312363,88.8,135.0,135.0,7999.96875,0.0,0.08071078499557363
26563.485410563,82.1,130.2,130.2,8034.796875,0.0,0.0
26564.492839654,69.7,120.6,120.6,8000.1484375,0.0,0.12020076755934658
26565.504345757,72.2,117.5,117.5,7999.96875,0.0,0.007723631104992245
26566.514498756,66.6,119.5,119.5,7999.96875,0.0,0.0
26567.517053844,69.1,77.6,77.6,8030.23046875,0.0,0.31559986457379735
26568.527918004,78.6,116.1,116.1,7999.96875,0.0,0.0
26569.530114693,68.7,111.7,111.7,7999.96875,0.0,0.0
26570.532785643,67.6,108.6,108.6,7999.96875,0.0,0.0
26571.53903672,67.2,103.5,103.5,7999.96875,0.0,0.031055867381684657
26572.541349825,66.5,111.7,111.7,8002.11328125,0.0,0.11301982328164414
26573.544016867,69.4,109.7,109.7,7999.96875,0.0,0.0
26574.546271729,66.1,111.7,111.7,7999.96875,0.0,0.0
26575.550064991,66.3,101.6,101.6,8047.9765625,0.0,0.007782977128612587
26576.552858521,66.2,112.7,112.7,7999.96875,0.0,0.0
26577.556080326,71.7,108.6,108.6,7999.96875,0.0,0.09734263102464517
26578.558962917,69.8,109.7,109.7,7999.96875,0.0,0.0
26579.561648373,67.5,111.7,111.7,7999.96875,0.0,0.0
26580.564517345,66.3,104.2,104.2,8025.12109375,0.0,0.0
26581.575055091,68.1,108.4,108.4,8002.26953125,0.0,0.007731032344815325
26582.581044268,64.3,110.4,110.4,7999.96875,0.0,0.0
26583.584073356,71.2,111.6,111.6,8014.2421875,0.0,0.08957242723565642
26584.586983126,68.9,111.4,111.4,8014.2421875,0.0,0.0
26585.593043654,63.5,106.7,106.7,8014.2421875,0.0,0.0
26586.596040398,64.7,109.6,109.6,8014.2421875,0.0,0.0
26587.598242835,68.5,108.8,108.8,8014.2421875,0.0,0.007795331273967471
26588.599994539,72.2,108.7,108.7,7983.12890625,0.0,0.08968664554428789
26589.603510365,67.3,109.5,109.5,7983.12890625,0.0,0.0
26590.608290946,70.4,110.5,110.5,7993.703125,0.0,0.0
26591.611474596,67.9,108.2,108.2,7993.703125,0.0,0.0
26592.622149108,68.8,110.1,110.1,7993.70703125,0.0,0.0
26593.63005911,63.8,109.4,109.4,7993.70703125,0.0,0.0077511880867227045
26594.632412268,72.1,108.8,108.8,7993.70703125,0.0,0.06625035245306166
26595.634651925,70.0,109.7,109.7,7993.70703125,0.0,0.0
26596.637452109,69.6,111.7,111.7,7999.1484375,0.0,0.0038953423247474086
26597.639731622,68.3,110.7,110.7,7999.1484375,0.0,0.0
26598.642599446,71.5,107.7,107.7,7999.1484375,0.0,0.0
26599.64504394,69.2,110.6,110.6,7999.1484375,0.0,0.13638535681370864
26600.649062064,69.6,112.4,112.4,7999.1484375,0.0,0.0
26601.655752897,67.8,107.5,107.5,7999.1484375,0.0,0.0
26602.658507486,68.3,108.5,108.5,7999.1484375,0.0,0.0
26603.662822919,70.6,112.5,112.5,7999.1484375,0.0,0.0
26604.668018112,68.3,107.2,107.2,7999.1484375,0.0,0.07772122324504875
26605.678033839,66.8,113.3,113.3,7999.1484375,0.0,0.0
26606.680226552,63.5,105.7,105.7,7999.1484375,0.0,0.0
26607.684034529,68.6,109.6,109.6,7999.1484375,0.0,0.03891431518273566
26608.686591333,73.7,107.7,107.7,7999.1484375,0.0,0.0
26609.688696192,65.7,111.6,111.6,7999.1484375,0.0,0.0
26610.693370545,68.6,108.2,108.2,7999.1484375,0.0,0.10886612131919639
26611.704033913,67.8,106.2,106.2,7999.1484375,0.0,0.0
26612.706190196,67.9,108.8,108.8,8034.71484375,0.0,0.0
26613.708417779,68.2,110.8,110.8,8005.859375,0.0,0.0
26614.710582194,68.0,108.7,108.7,7983.1328125,0.0,0.0
26615.715572282,70.2,110.2,110.2,7987.2734375,0.0,0.058302813828329164
26616.723201104,69.3,105.6,105.6,7989.7265625,0.0,0.011630026597226385
26617.734176149,70.2,116.1,116.1,7995.53125,0.0,0.0
26618.74598981,67.9,106.4,106.4,8004.98828125,0.0,0.0
26619.748148772,68.5,108.6,108.6,8004.98828125,0.0,0.0
26620.753039896,66.3,104.6,104.6,8028.2109375,0.0,0.0
26621.757164394,62.3,110.6,110.6,7983.1328125,0.0,0.08947471173055824
26622.7589945,69.7,109.8,109.8,7994.16796875,0.0,0.011697342623071488
26623.761169138,69.2,108.7,108.7,7994.16796875,0.0,0.0
26624.764089374,68.2,110.6,110.6,7994.16796875,0.0,0.12074115732589841
26625.768771778,64.9,105.6,105.6,7994.16796875,0.0,0.0
26626.771860046,67.5,110.6,110.6,8005.921875,0.0,0.10124981344111515
26627.777046369,73.2,109.5,109.5,8038.19921875,0.0,0.0
26628.78010424,68.8,106.6,106.6,7994.16796875,0.0,0.0077886832114846495
26629.783723223,69.8,110.7,110.7,7994.16796875,0.0,0.0
26630.786262866,68.5,110.6,110.6,7994.16796875,0.0,0.011689063950570948
26631.79105084,67.5,104.5,104.5,7994.16796875,0.0,0.09719090248608014
26632.797553152,69.7,110.3,110.3,7994.16796875,0.0,0.0
26633.800358422,64.7,109.7,109.7,7994.16796875,0.0,0.0
26634.803234425,70.4,110.2,110.2,8003.35546875,0.0,0.00779009566150735
26635.823939632,69.1,105.9,105.9,7994.16796875,0.0,0.0
26636.83389509,69.0,110.9,110.9,7994.16796875,0.0,0.0618839172607694
26637.844415863,63.2,108.3,108.3,8003.22265625,0.0,0.0
26638.846580451,72.9,107.8,107.8,7994.16796875,0.0,0.0
26639.848857439,71.3,109.8,109.8,7994.16796875,0.0,0.007794751444514209
26640.851032056,67.9,111.8,111.8,7994.16796875,0.0,0.0
26641.85325237,70.4,110.6,110.6,7994.16796875,0.0,0.08574711448128208
26642.858068851,69.2,109.2,109.2,7994.16796875,0.0,0.046650309669850655
26643.870081934,63.4,107.1,107.1,7994.16796875,0.0,0.0
26644.872367844,68.7,111.7,111.7,7994.16796875,0.0,0.0
26645.87482651,69.2,110.7,110.7,7994.16796875,0.0,0.007793338782906692
26646.877532579,68.7,108.2,108.2,7994.16796875,0.0,0.06233132712787734
26647.887941716,64.0,108.4,108.4,7994.16796875,0.0,0.0
26648.890995615,69.9,106.2,106.2,7994.17578125,0.0,0.0
26649.900340277,75.1,114.9,114.9,7994.16796875,0.0,0.0
26650.907217834,65.7,106.7,106.7,8019.76953125,0.0,0.0
26651.909961392,67.3,110.7,110.7,7994.16796875,0.0,0.08570237057547006
26652.912414895,65.0,109.7,109.7,7994.16796875,0.0,0.0
26653.914587742,70.7,110.8,110.8,7994.16796875,0.0,0.0
26654.916854044,66.7,109.8,109.8,7994.16796875,0.0,0.0
26655.919588849,72.6,109.2,109.2,8000.79296875,0.0,0.0
26656.931315742,68.9,112.9,112.9,7994.16796875,0.0,0.0
26657.937187069,68.6,111.5,111.5,7994.16796875,0.0,0.06990208201842386
26658.943053488,66.5,108.6,108.6,7994.16796875,0.0,0.0
26659.945171899,50.6,99.8,99.8,7994.16796875,0.0,0.0
26660.947410549,58.1,89.5,89.5,7964.62890625,0.0,0.0
26661.959050414,85.3,126.5,126.5,7936.00390625,0.0,0.0
26662.966922487,89.1,132.8,132.8,7938.921875,0.0,0.08526627763785705
26663.977231788,79.8,131.4,131.4,7938.91796875,0.0,0.0
26664.990565855,83.9,131.0,131.0,7985.01953125,0.0,0.0
26665.995159092,75.9,120.7,120.7,7990.69140625,0.0,0.0
26667.01028079,77.5,123.9,123.9,8007.546875,0.0,0.0
26668.014334467,86.6,135.0,135.0,7990.109375,0.0,0.054466709552259386
26669.023943823,87.1,129.8,129.8,7993.7734375,0.0,0.0
26670.033346241,82.9,129.2,129.2,8022.0703125,0.0,0.0
26671.03833661,69.3,116.5,116.5,8040.60546875,0.0,0.0
26672.041316057,70.7,120.3,120.3,7994.14453125,0.0,0.0
26673.050476628,69.3,118.3,118.3,7982.171875,0.0,0.08128661816293656
26674.056043561,61.4,89.2,89.2,7981.99609375,0.0,0.0854617402181847
26675.062125859,81.5,111.6,111.6,7981.99609375,0.0,0.08153532783845491
26676.065936975,66.6,105.6,105.6,8007.45703125,0.0,0.0
26677.069104637,70.4,112.0,112.0,7981.99609375,0.0,0.0
26678.081956865,72.6,106.6,106.6,7981.99609375,0.0,0.015426732121491291
26679.09433725,68.4,109.3,109.3,7981.99609375,0.0,0.3549802083531572
26680.096491371,68.3,107.7,107.7,7981.99609375,0.007795707103612137,0.12083346010598812
26681.099337306,68.6,108.7,108.7,7981.99609375,0.0,0.0
26682.101630852,67.7,110.6,110.6,7981.99609375,0.0,0.0
26683.107032999,70.6,106.6,106.6,7981.99609375,0.0,0.0
26684.123629089,66.7,110.0,110.0,8006.01953125,0.0,0.10758943603635607
26685.127610361,69.4,108.4,108.4,8004.57421875,0.0,0.007781519653694772
26686.132952513,66.5,109.7,109.7,7981.99609375,0.0,0.0
26687.135685495,69.2,108.7,108.7,7981.99609375,0.0,0.0
26688.139225691,69.8,108.1,108.1,7981.99609375,0.0,0.0
26689.15262579,70.4,105.1,105.1,8014.19140625,0.0,0.0
26690.155244771,68.5,110.7,110.7,7981.99609375,0.0,0.17142603846273882
26691.157956652,66.4,110.7,110.7,7981.99609375,0.0,0.0
26692.16080384,67.4,108.7,108.7,7981.99609375,0.0,0.0
26693.163592514,69.9,111.7,111.7,7981.99609375,0.0,0.0
26694.166235644,68.1,106.0,106.0,7981.99609375,0.0,0.0662311923486112
26695.1786763,70.1,108.3,108.3,8031.984375,0.0,0.09645627071706796
26696.184776903,66.2,110.3,110.3,8008.28125,0.0,0.0
26697.190435527,64.3,110.4,110.4,7983.62890625,0.0,0.0
26698.192675171,70.5,107.3,107.3,7983.62890625,0.0,0.0
26699.203311351,72.3,110.3,110.3,7983.62890625,0.0,0.0
26700.20558026,68.3,109.7,109.7,7983.62890625,0.0,0.09743517844669378
26701.209090626,69.1,110.3,110.3,7985.01953125,0.0,0.007785171199735737
26702.216033994,68.6,109.5,109.5,7984.48828125,0.0,0.0
26703.218614943,67.3,108.7,108.7,7984.48828125,0.0,0.0
26704.220833925,69.3,109.8,109.8,7989.265625,0.0,0.0
26705.222530778,70.9,110.8,110.8,7989.265625,0.0,0.09359118950931831
26706.224782106,69.5,109.8,109.8,7989.265625,0.0,0.0
26707.226931392,69.7,109.6,109.6,7989.265625,0.0,0.007795744715027368
26708.231557553,61.6,104.7,104.7,7992.00390625,0.0,0.0
26709.233864341,70.8,108.7,108.7,7989.265625,0.0,0.0
26710.236522075,64.1,110.7,110.7,7989.265625,0.0,0.20648247450719867
26711.239489146,66.0,105.7,105.7,7989.265625,0.0,0.0
26712.241639431,65.0,109.8,109.8,7989.265625,0.0,0.0
26713.243840823,69.8,109.6,109.6,7989.265625,0.0,0.0077953394021835565
26714.248671145,71.2,108.4,108.4,7989.265625,0.0,0.0
26715.253836288,70.9,110.7,110.7,7989.265625,0.0,0.09326825611974913
26716.255994085,70.0,104.2,104.2,7989.265625,0.0,0.0
26717.268555883,63.6,110.2,110.2,7989.265625,0.0,0.0
26718.270763288,70.3,109.3,109.3,7989.265625,0.0,0.0
26719.28009248,71.3,108.8,108.8,7989.265625,0.0,0.007740289354488772
26720.29311188,62.7,107.1,107.1,7989.265625,0.0,0.08483302491531469
26721.296876924,68.6,110.7,110.7,7989.265625,0.0,0.0
26722.299228753,73.7,110.2,110.2,7989.265625,0.0,0.0
26723.311992817,69.4,109.1,109.1,8010.6796875,0.0,0.0
26724.31778752,67.1,108.2,108.2,7989.265625,0.0,0.007767489704109189
26725.321082455,68.0,110.8,110.8,7989.265625,0.0,0.0934421143072028
26726.323256968,68.1,110.8,110.8,7989.265625,0.0,0.0
26727.325500046,69.2,108.7,108.7,7989.265625,0.0,0.0
26728.328236534,70.5,109.7,109.7,7989.265625,0.0,0.0
26729.330986097,72.3,111.2,111.2,8006.16796875,0.0,0.0
26730.344622238,61.2,106.1,106.1,8024.27734375,0.0,0.09248880955198435
26731.350147345,68.1,110.4,110.4,7989.265625,0.0,0.0
26732.352345352,68.3,109.8,109.8,7989.265625,0.0,0.0
26733.35474231,70.5,110.6,110.6,7989.265625,0.0,0.0
26734.359458926,71.6,104.2,104.2,7989.265625,0.0,0.0
26735.368795782,70.3,113.1,113.1,7989.265625,0.0,0.007740230581644436
26736.379303971,64.7,106.8,106.8,8006.99609375,0.0,0.061850067797937155
26737.38863266,64.4,109.4,109.4,7989.265625,0.0,0.0
26738.390819398,72.5,109.7,109.7,7989.265625,0.0,0.0
26739.393203159,71.4,108.8,108.8,7989.265625,0.0,0.05455744808286849
26740.395333297,68.6,108.8,108.8,7989.265625,0.0,0.0
26741.397889587,66.3,109.1,109.1,7989.265625,0.0,0.07792579905933293
26742.409639774,66.8,111.2,111.2,7989.265625,0.0,0.0
26743.413789353,67.1,107.7,107.7,7989.265625,0.0,0.0
26744.427035696,73.0,113.4,113.4,7989.265625,0.0,0.0
26745.429774505,68.7,109.7,109.7,7989.265625,0.0,0.0
26746.431789935,70.8,110.6,110.6,7989.265625,0.0,0.0
26747.437037587,65.4,111.2,111.2,7990.84765625,0.0,0.12823332612972954
26748.443526989,66.6,104.7,104.7,7989.265625,0.0,0.0
26749.445933699,70.1,109.7,109.7,7989.265625,0.0,0.0
26750.448685976,71.1,111.7,111.7,7989.265625,0.0,0.0
26751.452029595,66.4,109.7,109.7,7989.265625,0.0,0.0
26752.45446708,69.4,109.7,109.7,7989.265625,0.0,0.10910904833133105
26753.457137769,70.8,109.7,109.7,7989.265625,0.0,0.0
26754.460116999,68.4,109.7,109.7,7989.265625,0.0,0.0
26755.462818457,68.7,109.6,109.6,7989.265625,0.0,0.0
26756.468069481,66.7,105.3,105.3,7989.265625,0.0,0.0
26757.476519155,70.7,114.1,114.1,7989.265625,0.0,0.06197632029787143
26758.482042001,73.8,103.0,103.0,7989.265625,0.0,0.011654384628466026
26759.494038798,65.1,116.3,116.3,7989.265625,0.0,0.0
26760.49625697,65.1,106.8,106.8,7989.265625,0.0,0.0
26761.498453028,70.0,112.7,112.7,7989.265625,0.0,0.0
26762.501221545,71.0,108.7,108.7,7989.265625,0.0,0.14413221750574437
26763.504028533,64.9,105.8,105.8,7989.265625,0.0,0.01947657947515041
26764.505685709,66.7,110.8,110.8,7989.265625,0.0,0.0
26765.507914248,56.1,105.7,105.7,7989.265625,0.0,0.0
26766.512320089,50.9,100.5,100.5,7989.265625,0.0,0.0
26767.517085052,71.1,99.2,99.2,7948.64453125,0.0,0.07386677753812995
26768.526936012,85.2,122.9,122.9,7946.34375,0.0,0.007736290115528851
26769.534841273,85.9,129.9,129.9,7954.20703125,0.0,0.12014398047654683
26770.546950159,89.3,127.6,127.6,8032.16796875,0.0,0.0
26771.560979082,78.6,131.2,131.2,7993.40234375,0.0,0.0
26772.573184601,76.0,123.0,123.0,7981.69921875,0.0,0.08490123634691762
26773.585889422,79.2,126.7,126.7,8004.61328125,0.0,0.0
26774.59504931,87.6,134.0,134.0,8019.234375,0.0,0.007741587921702975
26775.606055424,84.3,131.4,131.4,8021.84375,0.0,0.0
26776.614605618,74.4,122.2,122.2,8036.0390625,0.0,0.0
26777.618566007,69.3,118.6,118.6,8022.453125,0.0,0.062253452113040404
26778.622239522,74.6,120.6,120.6,7983.47265625,0.0,0.0
26779.634250751,64.9,115.6,115.6,7989.15625,0.0,0.007719776002585843
26780.638353387,72.6,69.4,69.4,7999.45703125,0.0,0.08947665983440968
26781.646599681,70.8,117.7,117.7,7989.15625,0.0,0.0
26782.649186378,70.3,109.7,109.7,7989.15625,0.0,0.22208179169587436
26783.65176064,70.9,110.6,110.6,7989.15625,0.0,0.0
26784.655968366,64.0,104.7,104.7,7989.15625,0.0,0.0
26785.658051429,65.9,111.8,111.8,7991.7265625,0.0,0.031185039597913654
26786.660678759,70.8,110.6,110.6,7991.7265625,0.0,0.0
26787.665689127,68.1,107.1,107.1,7991.7265625,0.0,0.08550906810143097
26788.677040359,65.1,105.2,105.2,7991.7265625,0.0,0.0
26789.682207377,68.0,109.5,109.5,7991.7265625,0.0,0.0
26790.685098585,71.8,111.7,111.7,7991.7265625,0.0,0.007789977554590777
26791.687690029,67.8,108.7,108.7,7991.7265625,0.0,0.0
26792.689943032,67.8,108.0,108.0,7991.7265625,0.0,0.12861647669215312
26793.703991383,68.4,114.1,114.1,7991.7265625,0.0,0.0
26794.708209434,72.6,109.6,109.6,7991.7265625,0.0,0.0
26795.711101397,67.8,109.5,109.5,7991.7265625,0.0,0.0
26796.717051358,69.0,104.4,104.4,7991.7265625,0.0,0.007766290872197982
26797.724037032,68.7,109.4,109.4,8026.0,0.0,0.062066424194169044
26798.726572603,69.8,108.7,108.7,7993.94921875,0.0,0.0
26799.728972838,69.4,110.7,110.7,7991.7265625,0.41307103245038695,0.0
26800.73129096,69.3,110.7,110.7,7991.7265625,0.0,0.0
26801.733999273,68.1,110.3,110.3,7991.7265625,0.0,0.0077913984542721405
26802.742404691,71.3,108.9,108.9,7974.1953125,0.0,0.08909487037312688
26803.751208043,69.4,109.6,109.6,7975.7890625,0.0,0.0
26804.754068295,67.8,105.0,105.0,7975.7890625,0.0,0.12074837920691724
26805.767039743,68.9,115.7,115.7,7977.1484375,0.0,0.0
26806.788192072,67.9,105.2,105.2,7997.4375,0.0,0.0
26807.791116869,64.5,110.7,110.7,7977.1484375,0.0,0.07010744994063298
26808.793295745,71.8,108.7,108.7,7977.1484375,0.0,0.0
26809.795896654,67.4,110.5,110.5,7983.0390625,0.0,0.0
26810.80138362,70.1,112.3,112.3,7994.5390625,0.0,0.0
26811.807393355,69.3,110.4,110.4,7972.484375,0.0,0.0
26812.813389189,62.7,104.6,104.6,7972.484375,0.0,0.08930827242381867
26813.815642147,69.1,109.7,109.7,7977.171875,0.0,0.0
26814.81789268,70.9,110.8,110.8,7983.62890625,0.0,0.0
26815.820418249,68.3,111.6,111.6,7983.62890625,0.0,0.0
26816.825058958,66.5,104.4,104.4,8010.59765625,0.0,0.0
26817.830140818,64.4,112.7,112.7,7983.62890625,0.0,0.0
26818.832699209,73.9,108.7,108.7,7983.62890625,0.0,0.12468101720780647
26819.835525069,67.7,105.8,105.8,7991.80078125,0.0,0.0
26820.853740122,65.9,109.0,109.0,7991.80078125,0.0,0.0
26821.855452384,67.1,110.8,110.8,7991.80078125,0.0,0.0
26822.858236238,70.2,107.1,107.1,7991.80078125,0.0,0.0
26823.872033728,62.4,107.2,107.2,7972.48828125,0.0,0.1117395250210317
26824.874189474,67.2,109.7,109.7,7985.82421875,0.0,0.0
26825.877363744,68.9,108.7,108.7,7985.82421875,0.0,0.0
26826.880232304,68.0,110.7,110.7,7985.82421875,0.0,0.0
26827.88271739,69.8,109.6,109.6,7985.82421875,0.0,0.011689700089973089
26828.887646617,73.0,108.6,108.6,7985.82421875,0.0,0.0
26829.890394023,68.4,108.7,108.7,7985.82421875,0.0,0.13634415724422574
26830.893348505,67.5,104.7,104.7,8017.359375,0.0,0.0
26831.899163267,65.8,111.4,111.4,8018.9453125,0.0,0.0
26832.901388603,72.9,108.6,108.6,8006.33984375,0.0,0.050668495572722745
26833.905589524,63.3,110.7,110.7,7985.82421875,0.0,0.0
26834.90778399,70.0,109.6,109.6,7985.82421875,0.0,0.0896470226570843
26835.912241287,66.5,109.4,109.4,7985.82421875,0.0,0.0
26836.918034067,67.0,108.6,108.6,7987.5625,0.0,0.0
26837.922071737,67.7,107.6,107.6,8014.27734375,0.0,0.0
26838.924752679,71.6,106.7,106.7,7987.5625,0.0,0.0
26839.926925498,67.8,111.7,111.7,7987.5625,0.0,0.0
26840.929523734,70.1,112.8,112.8,7987.5625,0.0,0.10129930051042765
26841.931637517,68.9,110.4,110.4,7996.0390625,0.0,0.0
26842.937288738,66.0,105.7,105.7,7987.5625,0.0,0.0
26843.93949734,66.2,108.7,108.7,7987.5625,0.0,0.0
26844.942250686,67.8,110.7,110.7,7987.5625,0.0,0.0
26845.944591449,72.4,108.7,108.7,7987.5625,0.0,0.07404542720370715
26846.946794524,69.3,110.7,110.7,7987.5625,0.0,0.0
26847.949484848,68.3,111.6,111.6,7987.5625,0.0,0.0
26848.953994797,65.4,104.5,104.5,7987.5625,0.0,0.0
26849.959032581,68.4,106.6,106.6,8021.52734375,0.0,0.0
26850.961191406,71.5,111.8,111.8,7987.5625,0.0,0.09744588139490563
26851.964093477,66.2,109.4,109.4,7993.625,0.0,0.0
26852.97150125,66.1,110.4,110.4,7987.5625,0.0,0.0
26853.974253527,69.1,109.7,109.7,7987.5625,0.0,0.0
26854.976977465,69.0,108.7,108.7,7987.5625,0.0,0.0
26855.979214167,68.9,109.7,109.7,7987.5625,0.0,0.0
26856.982314894,72.3,110.7,110.7,7987.5625,0.0,0.0778835045146302
26857.985030631,69.4,109.7,109.7,7987.5625,0.0,0.0
26858.987501492,71.4,110.6,110.6,7987.5625,0.0,0.0
26859.992058131,67.9,106.9,106.9,7987.5625,0.0,0.0
26861.006067147,67.5,110.1,110.1,7987.5625,0.0,0.0
26862.010740706,67.7,107.6,107.6,7990.32421875,0.0,0.09331389202009029
26863.016528655,71.0,110.4,110.4,7987.5625,0.0,0.015535083727652065
26864.019148781,66.3,110.7,110.7,7987.5625,0.0,0.0
26865.021333695,68.5,109.0,109.0,7987.5625,0.0,0.12082974739337964
26866.034015755,63.8,110.0,110.0,7987.5625,0.0,0.0
26867.042114191,69.9,107.4,107.4,7988.58984375,0.0,0.05424817462968414
26868.044939074,64.7,110.7,110.7,7987.5625,0.0,0.038952463847127056
26869.04758258,73.9,108.6,108.6,7987.5625,0.0,0.0
26870.052393696,68.9,110.5,110.5,7987.5625,0.0,0.0
26871.058071827,66.4,104.5,104.5,8025.94140625,0.0,0.0
26872.060635246,62.1,111.7,111.7,7987.5625,0.0,0.08571776944097173
26873.063554429,50.7,99.7,99.7,7987.5625,0.0,0.0
26874.065712546,66.9,93.7,93.7,7944.578125,0.0,0.007795676019082258
26875.071830515,85.3,126.1,126.1,7942.10546875,0.0,0.0
26876.077528649,85.8,129.7,129.7,7945.03125,0.0,0.0
26877.090491889,80.1,131.0,131.0,7991.296875,0.0,0.061700165940738565
26878.093964207,79.7,124.2,124.2,7991.50390625,0.0,0.0
26879.106053563,79.3,123.2,123.2,8012.5546875,0.0,0.011578770125929937
26880.130547554,76.6,125.6,125.6,8008.8125,0.0,0.0
26881.137536203,84.9,131.3,131.3,8043.75390625,0.0,0.0
26882.149399142,85.5,132.6,132.6,8003.25390625,0.0,0.0
26883.160680575,81.3,134.1,134.1,8003.25390625,0.0,0.1236055522436515
26884.165221508,70.3,115.5,115.5,8037.640625,0.0,0.0
26885.169626838,72.4,121.6,121.6,8017.2890625,0.0,0.019445585777592082
26886.17264582,62.3,115.7,115.7,7994.57421875,0.0,0.0
26887.175788169,76.8,79.4,79.4,7994.57421875,0.0,0.17133660060443198
26888.187471166,66.8,112.2,112.2,7994.57421875,0.0,0.3050300844388059
26889.190149777,73.2,111.3,111.3,7994.57421875,0.0,0.0
26890.197953913,68.7,109.5,109.5,7994.57421875,0.0,0.0
26891.200773825,69.4,109.7,109.7,7994.57421875,0.0,0.04284792262885468
26892.2029518,68.9,109.7,109.7,7994.57421875,0.015591043097873536,0.14031938788086182
26893.205241013,69.2,106.1,106.1,7994.57421875,0.0,0.09743320464129958
26894.218363047,69.8,115.9,115.9,7994.57421875,0.0,0.0
26895.225061901,65.9,110.2,110.2,7994.57421875,0.0,0.0
26896.232656888,68.1,106.4,106.4,7994.57421875,0.0,0.0
26897.235726593,72.0,109.8,109.8,8005.51953125,0.0,0.019471478305711335
26898.246545609,66.8,105.7,105.7,8014.3046875,0.0,0.0
26899.249247829,64.7,107.7,107.7,7978.015625,0.0,0.1051845182908701
26900.251407156,70.5,109.8,109.8,8001.1875,0.0,0.0
26901.253744667,68.1,109.7,109.7,7978.015625,0.0,0.0
26902.256366942,69.5,109.3,109.3,7978.015625,0.0,0.019480167643352746
26903.263543966,69.7,110.6,110.6,7978.015625,0.0,0.0
26904.266429076,68.6,110.6,110.6,7986.73828125,0.0,0.136325436121044
26905.270471412,64.2,106.2,106.2,8004.53515625,0.0,0.0
26906.278987271,67.2,110.6,110.6,7986.73828125,0.0,0.0
26907.281200158,68.8,110.7,110.7,7986.73828125,0.0,0.0077952499926257
26908.283782522,68.9,109.7,109.7,7986.73828125,0.0,0.0
26909.286027095,72.2,107.8,107.8,7986.73828125,0.0,0.08574503900064477
26910.288049389,70.7,111.7,111.7,7986.73828125,0.0,0.0
26911.290714919,66.4,109.7,109.7,7986.73828125,0.0,0.0
26912.293848869,69.0,107.2,107.2,7986.73828125,0.0,0.0
26913.307029403,66.7,108.1,108.1,8008.66796875,0.0,0.007710866659829743
26914.310078138,63.0,109.7,109.7,7995.91015625,0.0,0.0934650498311761
26915.312220681,68.7,109.8,109.8,7986.73828125,0.0,0.0
26916.314373965,72.2,107.7,107.7,7986.73828125,0.0,0.0
26917.317374237,69.6,108.7,108.7,7986.73828125,0.0,0.0
26918.319914477,69.1,109.7,109.7,7986.73828125,0.0,0.0
26919.322092054,73.0,108.7,108.7,7986.73828125,0.0,0.09354629573795542
26920.324973791,68.8,107.7,107.7,7986.73828125,0.0,0.0
26921.330367902,68.9,108.3,108.3,7986.73828125,0.0,0.0
26922.335031504,70.2,110.4,110.4,7986.73828125,0.0,0.0
26923.340855854,67.2,106.9,106.9,7986.73828125,0.0,0.0
26924.358025899,67.3,105.9,105.9,7986.73828125,0.0,0.06144498681136506
26925.360156992,69.8,108.6,108.6,7986.73828125,0.0,0.12863212298329568
26926.370711396,63.1,108.9,108.9,7986.73828125,0.0,0.0
26927.375493026,69.8,110.6,110.6,7986.73828125,0.0,0.0
26928.378178207,71.0,111.5,111.5,7986.73828125,0.0,0.0
26929.383270858,72.3,108.7,108.7,7986.73828125,0.0,0.0855020678087709
26930.385824842,69.3,109.7,109.7,7986.73828125,0.0,0.007792597829832351
26931.388759232,70.1,109.6,109.6,7986.73828125,0.0,0.0
26932.395403598,65.3,105.4,105.4,8009.3046875,0.0,0.0
26933.402047318,66.3,109.3,109.3,8014.4921875,0.0,0.0
26934.404287627,68.9,109.8,109.8,7998.19140625,0.0,0.06236029367280311
26935.406411554,66.3,109.8,109.8,7987.0625,0.0,0.0
26936.408589782,70.8,108.2,108.2,7987.0625,0.0,0.007795519580959652
26937.42006751,65.6,109.7,109.7,7987.0625,0.0,0.0
26938.431329459,74.7,107.2,107.2,7987.0625,0.0,0.0
26939.439041901,65.0,105.4,105.4,8002.12890625,0.0,0.08527978460725388
26940.441193755,72.0,109.8,109.8,8015.953125,0.0,0.0
26941.443381448,67.9,110.8,110.8,7987.0625,0.0,0.0
26942.445714497,68.3,107.2,107.2,7987.0625,0.0,0.007794315480061227
26943.457456551,64.9,109.3,109.3,7987.0625,0.0,0.0
26944.459614028,64.9,109.7,109.7,7987.0625,0.0,0.0
26945.462194416,67.8,110.7,110.7,7987.0625,0.0,0.09740490754562073
26946.464647204,70.0,109.7,109.7,7987.0625,0.0,0.0
26947.467466238,70.3,110.7,110.7,7987.0625,0.0,0.0
26948.470617319,71.2,108.4,108.4,7987.0625,0.0,0.007787959508760088
26949.476800188,68.8,111.4,111.4,7987.0625,0.0,0.0
26950.482255889,66.2,108.6,108.6,7987.0625,0.0,0.08547119471744426
26951.484461468,64.4,104.8,104.8,7987.0625,0.0,0.0
26952.487034732,70.9,109.7,109.7,8002.15625,0.0,0.0
26953.489224958,66.9,108.8,108.8,7987.0625,0.0,0.0
26954.491361909,70.5,110.8,110.8,7987.0625,0.0,0.01169376100573023
26955.493561547,70.7,109.7,109.7,7987.0625,0.0,0.10133958958801273
26956.496363901,66.2,109.7,109.7,7987.0625,0.0,0.0
26957.498613102,70.3,108.7,108.7,7987.0625,0.0,0.0
26958.500866976,71.7,109.8,109.8,7987.0625,0.0,0.0
26959.503077113,72.7,110.8,110.8,7987.0625,0.0,0.0
26960.505408164,66.7,112.6,112.6,7987.0625,0.0,0.09742913771105978
26961.510038648,70.6,105.6,105.6,8011.2578125,0.0,0.0
26962.512555487,64.6,108.7,108.7,7987.0625,0.0,0.0
26963.514747144,69.9,109.7,109.7,7998.328125,0.0,0.0
26964.517563861,67.0,109.6,109.6,7998.328125,0.0,0.0
26965.521557828,65.6,110.7,110.7,7998.328125,0.0,0.07392350197269436
26966.523214265,65.7,106.8,106.8,7998.42578125,0.0,0.011699370729470167
26967.525454304,70.7,109.7,109.7,7998.42578125,0.0,0.0
26968.529039798,68.2,110.6,110.6,7977.16796875,0.0,0.0
26969.532052996,64.6,105.7,105.7,7985.3359375,0.0,0.0
26970.535069003,67.8,109.7,109.7,7985.3359375,0.0,0.12462413274349814
26971.538310204,71.4,109.7,109.7,7985.3359375,0.0,0.019468149813347255
26972.54110578,69.8,108.2,108.2,7985.9453125,0.0,0.0
26973.550929007,67.9,112.1,112.1,7985.3359375,0.0,0.0
26974.555864065,64.5,105.7,105.7,7985.3359375,0.0,0.0
26975.559022237,67.8,111.7,111.7,7985.3359375,0.0,0.0
26976.560741001,68.2,106.8,106.8,7985.3359375,0.0,0.07409140436143388
26977.575884136,66.7,108.3,108.3,7997.16015625,0.0,0.007695959053114585
26978.581763078,63.9,108.4,108.4,7985.3359375,0.0,0.007766839202803538
26979.584080982,51.4,100.7,100.7,7985.3359375,0.0,0.0
26980.587572659,64.0,95.2,95.2,7968.65234375,0.0,0.0
26981.598035819,81.2,132.7,132.7,7932.87109375,0.0,0.08118183150778786
26982.607079027,79.9,135.6,135.6,7935.74609375,0.0,0.0
26983.615602385,80.3,128.4,128.4,7952.36328125,0.0,0.058098555214449975
26984.63227736,91.3,127.3,127.3,8000.94140625,0.0,0.11910763319432432
26985.643508964,73.6,123.2,123.2,8001.625,0.0,0.0
26986.648024368,79.4,127.9,127.9,7982.77734375,0.0,0.06221905582633837
26987.658980261,87.6,135.2,135.2,8005.328125,0.0,0.0
26988.66203582,88.5,130.3,130.3,8023.3203125,0.0,0.0
26989.672859328,77.3,124.9,124.9,7955.78515625,0.0,0.007728846765229152
26990.675621077,70.6,117.3,117.3,7984.6640625,0.0,0.0
26991.684673291,72.1,119.2,119.2,8017.86328125,0.0,0.08516655412626063
26992.689347727,60.8,114.6,114.6,7977.6875,0.0,0.0
26993.692204868,80.2,77.7,77.7,7977.78515625,0.0,3.7393162462398664
26994.698641842,73.8,120.3,120.3,7977.78515625,0.0,0.0
26995.701568694,68.1,108.3,108.3,7977.78515625,0.0,0.0
26996.709036786,69.0,109.5,109.5,7977.78515625,0.0,3.931576127770308
26997.712517564,69.1,108.0,108.0,7991.7265625,0.0,0.0
26998.722050525,72.2,105.6,105.6,7977.78515625,0.0,0.007738727017146291
26999.727353977,64.6,110.5,110.5,7977.78515625,0.00777128536111856,0.10879799505565985
27000.729598188,69.3,109.6,109.6,7977.78515625,0.0,0.0
27001.733487286,70.2,109.4,109.4,7985.45703125,0.0,0.05447563890172634
27002.743098415,69.5,109.5,109.5,7985.45703125,0.0,0.0
27003.759802609,63.7,106.0,106.0,7985.45703125,0.0,0.0
27004.762661884,66.2,111.7,111.7,7968.96484375,0.0,0.007790225602700531
27005.765518622,71.8,109.7,109.7,7974.8671875,0.0,0.0
27006.767947002,69.8,109.7,109.7,7975.3046875,0.0,0.0
27007.770794655,68.8,109.6,109.6,7975.3046875,0.0,0.058427369127095986
27008.775397817,68.8,105.7,105.7,7975.3046875,0.0,0.0038883512891017174
27009.777719584,64.5,110.8,110.8,7975.3046875,0.0,0.0
27010.780066761,70.0,108.8,108.8,7975.3046875,0.0,0.0
27011.781746005,69.3,109.8,109.8,7975.3046875,0.0,0.0
27012.783885659,70.6,109.8,109.8,7975.3046875,0.0,0.07795819643319851
27013.78593373,71.3,109.4,109.4,7987.51953125,0.0,0.0
27014.805000509,68.4,112.2,112.2,7993.24609375,0.0,0.0
27015.815441707,66.5,105.9,105.9,7974.875,0.0,0.0
27016.818111986,68.5,109.1,109.1,7994.046875,0.0,0.0
27017.829033586,60.8,107.5,107.5,7994.046875,0.0,0.0540966777244621
27018.831649063,71.9,109.7,109.7,7975.85546875,0.0,0.0
27019.834610218,69.0,109.1,109.1,7975.85546875,0.0,0.04284188852750514
27020.846597653,69.0,111.3,111.3,7956.68359375,0.0,0.01157993626671659
27021.848566301,69.7,106.4,106.4,7956.68359375,0.0,0.0
27022.859031759,69.6,113.2,113.2,7956.68359375,0.0,0.12370536668074077
27023.863041742,62.8,104.6,104.6,7978.01171875,0.0,0.0
27024.865693762,65.4,109.7,109.7,7957.80078125,0.0,0.0
27025.867842015,68.8,110.6,110.6,7957.80078125,0.0,0.0038978763753861547
27026.873061426,65.4,105.5,105.5,7962.39453125,0.0,0.0
27027.875734409,70.8,109.7,109.7,7988.76171875,0.0,0.05843754742901956
27028.881339724,71.4,106.4,106.4,7962.39453125,0.0,0.0
27029.883039201,66.0,110.8,110.8,7968.83203125,0.0,0.0
27030.885796835,65.5,110.5,110.5,7968.83203125,0.0,0.07401464469928945
27031.891039183,64.5,106.6,106.6,7968.83203125,0.0,0.0
27032.894043466,70.8,110.6,110.6,7974.14453125,0.0,0.0
27033.90045314,70.3,109.4,109.4,7969.75390625,0.0,0.1513734952434217
27034.902631157,65.6,111.7,111.7,7969.75390625,0.0,0.0
27035.905431273,68.7,106.0,106.0,7969.75390625,0.0,0.0
27036.918780081,69.1,114.2,114.2,7969.75390625,0.0,0.0
27037.923756433,70.9,107.3,107.3,7991.7734375,0.0,0.0
27038.934014979,71.8,111.4,111.4,7991.87890625,0.0,0.05413218251553841
27039.945126798,67.9,104.4,104.4,8026.83984375,0.0,0.054086500595056264
27040.952535513,66.7,111.3,111.3,7991.7734375,0.0,0.0
27041.954747674,68.0,108.7,108.7,7988.87109375,0.0,0.0
27042.957320488,68.9,110.3,110.3,7988.3359375,0.0,0.0
27043.966722086,66.4,107.9,107.9,7988.3359375,0.0,0.061917873048619884
27044.979557306,65.2,108.1,108.1,7966.66015625,0.0,0.0
27045.981793909,67.7,110.8,110.8,7966.66015625,0.0,0.0
27046.983966716,70.8,109.8,109.8,7966.66015625,0.0,0.0
27047.986160363,69.1,110.7,110.7,7970.7734375,0.0,0.0
27048.988910139,72.7,108.7,108.7,7970.7734375,0.0,0.07791076285428768
27049.991713843,68.4,110.6,110.6,7970.7734375,0.0,0.0
27050.998045197,67.3,106.3,106.3,8009.8359375,0.0,0.0038816737493751366
27052.002492743,71.9,112.4,112.4,7970.7734375,0.0,0.0
27053.009036098,66.7,107.9,107.9,7970.7734375,0.0,0.0
27054.020827692,64.6,107.4,107.4,7970.7734375,0.0,0.08107524364357858
27055.023043552,67.5,110.7,110.7,7970.7734375,0.0,0.0
27056.025976975,69.5,110.7,110.7,7970.7734375,0.0,0.05452754763751175
27057.028924428,68.3,108.7,108.7,7970.7734375,0.0,0.0
27058.031744824,68.2,109.7,109.7,7970.7734375,0.0,0.0
27059.034215617,77.2,112.5,112.5,7971.640625,0.0,0.12079528984312903
27060.038800162,66.0,103.7,103.7,7984.25,0.0,0.0
27061.041653656,70.7,110.7,110.7,7984.25,0.0,0.0
27062.044271578,68.7,110.6,110.6,7960.09375,0.0,0.0
27063.048636716,68.8,108.7,108.7,7960.09375,0.0,0.0
27064.062983103,65.7,107.3,107.3,7960.09375,0.0,0.05391402848280737
27065.066035342,66.5,110.7,110.7,7979.46484375,0.0,0.0
27066.068290561,69.1,109.7,109.7,7965.45703125,0.0,0.011692381119918462
27067.070843192,69.5,110.7,110.7,7972.96484375,0.0,0.0
27068.073043332,68.7,110.8,110.8,7972.96484375,0.0,0.0
27069.075233957,73.2,108.8,108.8,7982.08984375,0.0,0.08964736623830134
27070.077802287,70.8,109.7,109.7,7982.08984375,0.0,0.12078353801569455
27071.09509486,72.0,112.1,112.1,7987.80859375,0.0,0.0
27072.09917316,66.1,107.9,107.9,7966.7109375,0.0,0.0
27073.110960337,64.7,106.4,106.4,7966.7109375,0.0,0.0
27074.11387627,68.6,110.7,110.7,7966.7109375,0.0,0.0
27075.116084789,68.9,109.7,109.7,7971.25390625,0.0,0.05456698777076845
27076.118782411,68.9,110.7,110.7,7971.25390625,0.0,0.0
27077.121238746,69.7,108.2,108.2,7971.26171875,0.0,0.0
27078.133887826,68.0,111.1,111.1,7971.26171875,0.0,0.0
27079.136569802,71.3,105.0,105.0,7971.26171875,0.0,0.0
27080.149913387,70.7,110.6,110.6,7971.26171875,0.0,0.07709625950832921
27081.16315022,69.0,107.7,107.7,7971.26171875,0.0,0.0
27082.173740012,66.7,110.5,110.5,7972.0546875,0.0,0.0
27083.188921224,67.2,106.3,106.3,7988.76171875,0.0,0.0
27084.192192471,67.0,112.6,112.6,7972.0546875,0.0,0.0
27085.195619139,55.1,102.7,102.7,7972.0546875,0.0,0.05450074404433412
27086.197736617,50.7,99.8,99.8,7972.0546875,0.0,0.0
27087.199878145,80.2,107.6,107.6,7904.12890625,0.0,0.0077958050651789415
27088.207040152,84.0,131.6,131.6,7868.27734375,0.0,0.0
27089.219080205,81.3,126.5,126.5,7868.17578125,0.0,0.0
27090.23116224,85.4,127.6,127.6,7954.03515625,0.0,0.0849115951354893
27091.24413949,77.4,128.1,128.1,7962.19140625,0.0,0.04241827740947082
27092.260066023,77.6,122.1,122.1,7974.73828125,0.0,0.0
27093.270918289,82.2,132.2,132.2,7984.40625,0.0,0.0
27094.273912096,84.5,131.9,131.9,7921.7734375,0.0,0.0
27095.284034824,85.3,134.7,134.7,7967.78515625,0.0,0.05413946096264856
27096.294703408,69.9,118.8,118.8,7934.19921875,0.0,0.0
27097.305521904,71.3,119.3,119.3,7980.3203125,0.0,0.0
27098.308145221,71.6,120.0,120.0,7971.78515625,0.0,0.0
27099.322048295,60.6,99.1,99.1,8003.859375,0.0,0.0886117739495747
27100.328268587,83.1,90.4,90.4,7994.484375,0.0,0.08152414600665171
27101.33354969,71.3,112.0,112.0,7971.78515625,0.0,0.33417269955386275
27102.343289711,69.2,109.7,109.7,7971.78515625,0.0,0.03481713041857231
27103.354346539,70.2,109.7,109.7,7971.87890625,0.0,0.0
27104.367703789,70.8,111.9,111.9,7971.87890625,0.0,0.0
27105.378053768,67.6,112.2,112.2,7971.87890625,0.015464938214270441,0.2358403077676242
27106.379734334,62.2,103.8,103.8,7971.87890625,0.0,0.08969301496846334
27107.382325827,71.0,110.6,110.6,7971.87890625,0.0,0.0
27108.385906004,71.6,106.1,106.1,7971.87890625,0.0,0.0
27109.396906655,70.7,110.1,110.1,7971.87890625,0.0,0.0
27110.402961691,68.6,107.0,107.0,7982.73046875,0.0,0.0077654797406175435
27111.417704872,72.9,112.0,112.0,7982.73046875,0.0,0.0
27112.422024925,63.2,108.6,108.6,7982.73046875,0.0,0.08167839500478105
27113.424354236,69.6,109.8,109.8,7964.13671875,0.0,0.0
27114.42655831,69.2,109.6,109.6,7968.578125,0.0,0.0
27115.431062284,64.6,107.0,107.0,7969.01171875,0.0,0.0
27116.443705759,67.4,107.3,107.3,8003.31640625,0.0,0.0
27117.445964218,69.2,112.7,112.7,7974.65625,0.0,0.06235916438392808
27118.448936291,73.5,104.7,104.7,7974.65625,0.0,0.0
27119.451909724,68.7,108.0,108.0,7974.65625,0.0,0.0
27120.466181562,66.4,110.5,110.5,7974.65625,0.0,0.0
27121.478097272,67.3,108.5,108.5,7974.65625,0.0,0.0
27122.494162574,71.0,108.8,108.8,7974.65625,0.0,0.12686807604427436
27123.503041035,62.7,109.3,109.3,7989.34765625,0.0,0.0
27124.506040752,74.0,109.5,109.5,7974.65625,0.0,0.0
27125.510659317,77.1,113.2,113.2,7977.71875,0.0,0.0
27126.522255768,69.1,106.6,106.6,7977.71875,0.0,0.0
27127.536569906,68.9,114.5,114.5,7978.11328125,0.0,0.16559835233223272
27128.545023016,63.6,105.6,105.6,7977.71875,0.0,0.0
27129.548044689,73.8,110.7,110.7,7983.34765625,0.0,0.00389448214843896
27130.550231916,68.2,110.7,110.7,7983.34765625,0.0,0.0
27131.552844486,67.3,108.1,108.1,7983.34765625,0.0,0.0
27132.564581237,62.1,108.3,108.3,7983.34765625,0.0,0.08107963847214229
27133.569797632,71.1,110.4,110.4,8034.84765625,0.0,0.0
27134.574308834,69.0,110.5,110.5,7998.8828125,0.0,0.0
27135.578048527,69.6,108.8,108.8,7998.8828125,0.0,0.0
27136.592595376,69.6,108.7,108.7,8006.68359375,0.0,0.0
27137.599030947,62.3,109.7,109.7,7998.8828125,0.0,0.0
27138.601472434,72.1,108.6,108.6,7969.4453125,0.0,0.08183145955542082
27139.606602652,60.5,103.6,103.6,7969.4453125,0.0,0.0
27140.609039788,67.7,111.6,111.6,7969.4453125,0.0,0.0
27141.613303321,72.3,111.6,111.6,7979.85546875,0.0,0.0
27142.61506132,68.8,109.7,109.7,7979.85546875,0.0,0.0
27143.620049973,67.4,105.1,105.1,7979.85546875,0.0,0.10105835493452124
27144.628079481,63.1,109.6,109.6,7979.85546875,0.0,0.0
27145.63104291,69.7,109.6,109.6,7979.85546875,0.0,0.0
27146.635159604,70.7,109.6,109.6,7979.85546875,0.0,0.0
27147.63799915,68.5,109.7,109.7,7979.85546875,0.0,0.0
27148.641042339,69.6,109.7,109.7,7979.85546875,0.0,0.0
27149.644028711,65.7,103.7,103.7,7979.85546875,0.0,0.07789238436424097
27150.648020779,67.7,109.4,109.4,7979.85546875,0.0,0.0
27151.652268973,69.5,110.7,110.7,7979.85546875,0.0,0.0
27152.654490569,71.0,108.8,108.8,7979.85546875,0.0,0.0
27153.656907982,69.2,111.7,111.7,7979.85546875,0.0,0.007793659506182518
27154.660165134,62.3,106.7,106.7,8009.71484375,0.0,0.06229708891233625
27155.66233753,66.8,110.7,110.7,7979.85546875,0.0,0.0
27156.665072373,69.8,110.5,110.5,7979.85546875,0.0,0.0
27157.670029177,66.6,110.6,110.6,7979.85546875,0.0,0.042756812859094155
27158.6721863,67.0,103.8,103.8,7979.85546875,0.0,0.0
27159.674396633,68.1,109.7,109.7,7979.85546875,0.0,0.0
27160.678042525,67.6,111.3,111.3,7979.85546875,0.0,0.08173325936352402
27161.685342932,67.3,105.6,105.6,7994.58984375,0.0,0.0
27162.688624453,71.7,113.2,113.2,7983.82421875,0.0,0.0
27163.701261715,67.4,107.1,107.1,7983.82421875,0.0,0.0
27164.703701461,67.7,109.8,109.8,7983.82421875,0.0,0.0
27165.705962796,66.8,109.7,109.7,7983.82421875,0.0,0.1831795197405271
27166.708870955,70.2,111.7,111.7,7983.82421875,0.0,0.0
27167.711425476,68.4,109.6,109.6,7983.82421875,0.0,0.0
27168.71624935,72.7,108.6,108.6,7983.82421875,0.0,0.0
27169.719040218,70.4,111.7,111.7,7983.82421875,0.0,0.0
27170.721388695,69.7,110.7,110.7,7983.82421875,0.0,0.0
27171.724024693,69.3,110.7,110.7,7983.82421875,0.0,0.07791960407947114
27172.726850994,68.5,108.7,108.7,7983.82421875,0.0,0.0
27173.730027424,70.5,107.7,107.7,7983.82421875,0.0,0.0
27174.732349656,71.5,109.7,109.7,7998.5703125,0.0,0.0
27175.735493551,71.3,115.1,115.1,7983.82421875,0.0,0.0
27176.743308103,64.8,104.6,104.6,7983.82421875,0.0,0.05426345540612099
27177.746490959,73.2,110.3,110.3,8010.625,0.0,0.0
27178.753035946,68.3,108.6,108.6,7983.82421875,0.0,0.0
27179.75514951,68.8,110.8,110.8,7983.82421875,0.0,0.0
27180.757339723,67.2,109.7,109.7,7983.82421875,0.0,0.0
27181.760220835,69.9,109.7,109.7,7983.82421875,0.0,0.0
27182.763180645,70.0,108.1,108.1,7984.93359375,0.0,0.07789444723605594
27183.776030251,64.2,109.2,109.2,7984.93359375,0.0,0.01542677205723157
27184.778231,65.9,109.7,109.7,7984.93359375,0.0,0.0
27185.781079934,67.8,107.1,107.1,7984.93359375,0.0,0.0
27186.794531966,68.6,108.1,108.1,7984.93359375,0.0,0.0
27187.802038557,68.7,111.3,111.3,8012.98046875,0.0,0.12794581311052117
27188.805042944,69.6,108.7,108.7,7984.93359375,0.0,0.0
27189.807781374,71.8,110.7,110.7,7984.93359375,0.0,0.0
27190.809994137,65.9,110.8,110.8,7984.93359375,0.0,0.0
27191.812160995,50.7,99.8,99.8,7984.93359375,0.0,0.0
27192.81503407,55.7,87.4,87.4,7928.1171875,0.0,0.07790118405547616
27193.822577565,80.5,120.2,120.2,7869.484375,0.0,0.05427805377288141
27194.82887203,83.8,128.2,128.2,7882.7421875,0.0,0.0
27195.835348658,88.5,131.7,131.7,7882.35546875,0.0,0.0
27196.847206657,89.4,130.7,130.7,7996.2734375,0.0,0.0
27197.860825037,74.1,126.7,126.7,7968.37109375,0.0,0.05395275093558974
27198.866177366,80.5,122.5,122.5,7989.5859375,0.0,0.0
27199.879754273,82.4,132.1,132.1,7996.7421875,0.0,0.0
27200.883375799,83.5,133.7,133.7,7971.2578125,0.0,0.0
27201.89697109,84.2,132.4,132.4,7980.75390625,0.0,0.0
27202.909447373,69.3,118.2,118.2,8000.8203125,0.0,0.077162301292004
27203.914457515,73.6,121.4,121.4,7995.98828125,0.0,0.0
27204.916726439,67.3,119.7,119.7,7956.23828125,0.0,0.0
27205.921036023,68.0,72.4,72.4,7958.45703125,0.0,0.08945822227684139
27206.92794956,78.6,116.7,116.7,7956.23828125,0.0,0.0
27207.931039203,67.8,106.7,106.7,7981.3671875,0.0,0.190816694535476
27208.933693498,68.5,109.7,109.7,7985.5859375,0.0,0.0
27209.936441991,69.3,109.7,109.7,7956.23828125,0.0,0.042850974396685705
27210.938721517,68.9,107.7,107.7,7956.23828125,0.0,0.0
27211.944065244,64.3,107.4,107.4,7956.23828125,0.0,0.0
27212.946335097,67.7,107.5,107.5,7956.23828125,0.0,0.1208195074783645
27213.951427334,66.0,111.7,111.7,7956.23828125,0.0,0.0
27214.954316531,69.9,108.7,108.7,7956.23828125,0.0,0.0038949965875457954
27215.957335601,68.1,106.3,106.3,7956.23828125,0.0,0.0
27216.966383592,68.3,109.4,109.4,7958.4375,0.0,0.0
27217.969293245,70.1,111.7,111.7,7961.79296875,0.0,0.0
27218.9714859,72.0,110.7,110.7,7961.79296875,0.0,0.05846555520805598
27219.973807263,69.2,108.6,108.6,7942.16015625,0.0,0.003897203176751891
27220.979469635,66.0,110.6,110.6,7954.17578125,0.0,0.0
27221.993085756,69.2,107.8,107.8,7953.890625,0.0,0.0
27223.004925539,71.8,111.1,111.1,7953.890625,0.0,0.0
27224.010035425,64.5,104.6,104.6,7966.390625,0.0,0.08550060167264655
27225.012423081,65.3,109.7,109.7,7953.890625,0.0,0.0
27226.014581908,72.0,110.8,110.8,7953.890625,0.0,0.12083289268886932
27227.016738996,68.2,109.7,109.7,7953.890625,0.0,0.0
27228.019384521,64.0,105.7,105.7,7982.265625,0.0,0.0
27229.021578673,72.0,110.6,110.6,7953.890625,0.0,0.07795395716904817
27230.026482385,70.4,111.6,111.6,7953.890625,0.0,0.03498469513064811
27231.03203137,68.6,107.7,107.7,7953.890625,0.0,0.0
27232.048071935,66.2,107.5,107.5,7953.890625,0.0,0.0
27233.061879686,70.4,109.8,109.8,7953.890625,0.0,0.0
27234.08432651,73.3,113.7,113.7,7953.890625,0.0,0.05348688921149596
27235.087853096,68.7,109.7,109.7,7953.890625,0.0,0.0
27236.098805985,64.1,104.7,104.7,7953.890625,0.0,0.0
27237.10204124,71.0,109.5,109.5,7973.15625,0.0,0.0
27238.109982277,66.3,109.3,109.3,7953.890625,0.0,0.0
27239.112516651,73.7,106.7,106.7,7953.890625,0.0,0.0
27240.114684932,69.6,112.8,112.8,7953.890625,0.0,0.07795596955236783
27241.116871681,70.1,109.7,109.7,7953.890625,0.0,0.0
27242.11920567,67.8,105.4,105.4,7953.890625,0.0,0.0
27243.127334339,68.0,111.2,111.2,7975.6875,0.0,0.0
27244.134265698,66.7,110.5,110.5,7953.890625,0.0,0.0
27245.137251627,67.0,111.6,111.6,7953.890625,0.0,0.05452469313770339
27246.140385663,66.9,110.6,110.6,7953.890625,0.0,0.007788091839801824
27247.144524509,62.9,106.7,106.7,7953.890625,0.0,0.0
27248.146692315,70.7,108.8,108.8,7953.890625,0.0,0.0
27249.148825451,71.7,109.8,109.8,7953.890625,0.0,0.0
27250.151036027,70.6,111.8,111.8,7953.890625,0.0,0.0
27251.153132588,68.8,109.2,109.2,7953.890625,0.0,0.13253463305740454
27252.164383253,67.6,109.2,109.2,7953.890625,0.0,0.0
27253.169310371,68.1,107.6,107.6,7953.890625,0.0,0.0
27254.179168106,72.1,108.1,108.1,7953.890625,0.0,0.0
27255.194095356,64.6,111.1,111.1,7953.890625,0.0,0.0
27256.196852307,70.6,108.7,108.7,7953.890625,0.0,0.09738775672685548
27257.199670088,69.4,110.5,110.5,7953.953125,0.0,0.0
27258.21606463,64.7,104.4,104.4,7990.92578125,0.0,0.0
27259.218753974,70.9,106.7,106.7,7953.890625,0.0,0.0
27260.221656076,69.9,110.7,110.7,7953.890625,0.0,0.0
27261.224237521,69.3,108.5,108.5,7969.01953125,0.0,0.0
27262.230497543,73.9,115.2,115.2,7978.93359375,0.0,0.07763897828779967
27263.239458863,63.9,106.4,106.4,7969.01953125,0.0,0.0
27264.241676149,65.0,108.8,108.8,7969.01953125,0.0,0.0
27265.244035935,60.7,105.7,105.7,7995.078125,0.0,0.050661699231328454
27266.246600674,64.7,111.7,111.7,7969.01953125,0.0,0.0
27267.249138472,74.1,114.8,114.8,7969.01953125,0.0,0.05454906549059423
27268.251255118,70.5,106.1,106.1,7969.01953125,0.0,0.0
27269.265650394,71.1,110.1,110.1,7969.01953125,0.0,0.0
27270.267844085,67.6,108.8,108.8,7938.40234375,0.0,0.0
27271.270195529,65.9,109.7,109.7,7938.40234375,0.0,0.0
27272.273051479,69.4,109.7,109.7,7938.40234375,0.0,0.0779025143143394
27273.275507651,69.3,111.7,111.7,7938.40234375,0.0,0.0
27274.278237892,68.8,108.7,108.7,7938.40234375,0.0,0.0
27275.280619821,75.5,109.7,109.7,7938.40234375,0.0,0.0
27276.283516978,71.0,114.7,114.7,7938.40234375,0.0,0.0
27277.285644815,70.5,111.8,111.8,7945.20703125,0.0,0.05457138099635065
27278.288036661,67.1,103.8,103.8,7957.89453125,0.0,0.0
27279.290197957,70.1,105.7,105.7,7945.20703125,0.0,0.0
27280.293165293,68.3,108.7,108.7,7945.20703125,0.0,0.0
27281.29537376,68.7,109.7,109.7,7945.20703125,0.0,0.023385853115087212
27282.297734993,71.8,108.8,108.8,7945.20703125,0.0,0.0
27283.303510415,68.5,110.3,110.3,7945.20703125,0.0,0.10486312122273145
27284.306071902,68.0,104.4,104.4,7948.83203125,0.0,0.0
27285.315038622,66.9,110.4,110.4,7956.421875,0.0,0.0
27286.317197514,69.7,117.7,117.7,7948.83203125,0.0,0.0038978349952154536
27287.319437522,68.8,106.7,106.7,7951.65234375,0.0,0.0
27288.325347777,70.5,112.4,112.4,7951.65234375,0.0,0.05824948071533472
27289.327547393,71.4,106.8,106.8,7955.48046875,0.0,0.0
27290.32990185,68.8,103.8,103.8,7955.48046875,0.0,0.0
27291.335188833,65.9,110.4,110.4,7955.48046875,0.0,0.0
27292.337990926,67.3,109.4,109.4,7955.48046875,0.0,0.0
27293.345734619,69.6,108.6,108.6,7961.26171875,0.0,0.0
27294.362843848,71.6,112.0,112.0,7941.22265625,0.0,0.07681082598846893
27295.365818468,69.9,109.6,109.6,7948.80078125,0.0,0.0
27296.37005254,60.4,105.7,105.7,7941.22265625,0.0,0.0
27297.372871497,70.2,109.7,109.7,7941.22265625,0.0,0.0
27298.377051945,58.7,104.2,104.2,7941.22265625,0.0,0.0
27299.389572812,52.1,99.1,99.1,7941.22265625,0.0,0.07715890362980898
27300.393081208,66.8,95.9,95.9,7941.22265625,0.0,0.0
27301.407402739,86.5,128.7,128.7,7858.66015625,0.0,0.034659867631202504
27302.42132675,86.8,126.2,126.2,7865.0703125,0.0,0.0
27303.43506723,86.0,124.7,124.7,7977.328125,0.0,0.0
27304.443176806,83.6,133.4,133.4,7954.08984375,0.0,0.0
27305.459135564,76.1,122.6,122.6,7983.8203125,0.0,0.053828464560463384
27306.464316904,79.4,126.3,126.3,8022.2265625,0.0,0.0
27307.469027424,83.3,130.6,130.6,7974.6640625,0.0,0.0
27308.490274862,86.7,126.7,126.7,7960.15625,0.0,0.0
27309.500779535,80.1,130.1,130.1,7967.4140625,0.0,0.0
27310.504328699,68.9,115.6,115.6,7967.40234375,0.0,0.07784870218866624
27311.508097292,71.9,121.0,121.0,7977.203125,0.0,0.12063911029340615
27312.518961458,65.3,118.3,118.3,7948.40234375,0.0,0.007728535903006373
27313.52217228,71.1,78.3,78.3,7980.3515625,0.0,0.17132490622191096
27314.53351133,75.6,120.3,120.3,7953.16015625,0.0,0.0
27315.538074511,69.4,107.3,107.3,7953.16015625,0.0,0.0
27316.556039449,69.1,109.7,109.7,7953.16015625,0.0,0.3338462232979132
27317.573235359,68.6,111.3,111.3,7953.9140625,0.0,0.06144342440381491
27318.585878957,70.9,104.3,104.3,7953.16015625,0.0,0.007714955207750638
27319.602537431,69.0,110.0,110.0,7993.46484375,0.007684488153885224,0.11142507823133575
27320.607042207,65.1,110.4,110.4,7959.09375,0.0,0.0
27321.613022983,66.7,106.6,106.6,7957.71875,0.0,0.15143803304634848
27322.614623371,69.5,109.7,109.7,7957.71875,0.0,0.0
27323.620990044,70.3,109.4,109.4,7957.71875,0.0,0.019407687599329156
27324.623194241,68.6,107.7,107.7,7957.71875,0.0,0.0077953175843623115
27325.626194869,69.2,108.7,108.7,7957.71875,0.0,0.0
27326.628389627,70.9,110.7,110.7,7957.71875,0.0,0.07795391003240694
27327.631502248,68.3,109.7,109.7,7957.71875,0.0,0.0
27328.633739493,70.3,111.7,111.7,7959.42578125,0.0,0.0
27329.637036616,65.5,106.1,106.1,7959.42578125,0.0,0.007786825877307945
27330.649161406,67.3,109.3,109.3,7959.42578125,0.0,0.0
27331.651477925,69.0,109.8,109.8,7959.42578125,0.0,0.08573888424564235
27332.653818628,68.7,111.6,111.6,7959.42578125,0.0,0.0
27333.657472562,69.0,109.4,109.4,7959.42578125,0.0,0.0
27334.664164579,62.6,105.6,105.6,7959.42578125,0.0,0.007760566159337556
27335.6663651,73.8,110.3,110.3,7959.42578125,0.0,0.0
27336.675035159,63.2,108.5,108.5,7959.42578125,0.0,0.061962779049834195
27337.677557779,67.2,108.7,108.7,7985.01953125,0.0,0.06623915378602452
27338.679712902,70.6,110.7,110.7,7959.42578125,0.2611559268549231,0.0038978496545510914
27339.682601616,67.8,110.7,110.7,7959.42578125,0.0,0.038949984634099
27340.684971364,73.2,103.8,103.8,7989.57421875,0.0,0.023382090338204337
27341.687418126,73.3,115.7,115.7,7959.42578125,0.0,0.0701408819554742
27342.690136198,68.8,109.7,109.7,7959.42578125,0.0,0.0
27343.69305172,67.5,105.2,105.2,7959.42578125,0.0,0.0
27344.704552097,72.1,112.9,112.9,7959.42578125,0.0,0.0
27345.717193475,70.8,111.8,111.8,7960.12109375,0.0,0.007714972121143909
27346.725606969,63.8,110.1,110.1,7960.7265625,0.0,0.06197854389278555
27347.730484443,68.8,104.6,104.6,7960.12109375,0.0,0.0
27348.732715159,70.6,110.8,110.8,7960.12109375,0.0,0.0
27349.735077903,69.3,109.7,109.7,7960.12109375,0.0,0.0
27350.737832153,69.8,109.6,109.6,7964.30859375,0.0,0.007791041523860247
27351.742164082,64.5,106.7,106.7,7960.12109375,0.0,0.08556683056540684
27352.744732719,70.2,110.7,110.7,7960.12109375,0.0,0.0
27353.748289388,67.7,108.6,108.6,7962.609375,0.0,0.0
27354.750499741,67.6,111.7,111.7,7960.12109375,0.0,0.0
27355.753265365,68.9,109.7,109.7,7960.12109375,0.0,0.0
27356.755580131,68.2,110.8,110.8,7960.12109375,0.0,0.07015011888993467
27357.757792094,70.5,109.7,109.7,7960.12109375,0.0,0.0
27358.760771573,74.1,110.1,110.1,7960.52734375,0.0,0.0
27359.771742355,67.7,106.4,106.4,7993.62890625,0.0,0.0
27360.774696793,60.4,107.8,107.8,7960.12109375,0.0,0.0
27361.776332582,71.0,109.8,109.8,7961.08984375,0.0,0.007799741269015735
27362.778671501,73.1,108.7,108.7,7961.08984375,0.0,0.08573696817620251
27363.780893745,68.7,111.7,111.7,7961.08984375,0.0,0.0
27364.783135852,69.2,107.4,107.4,7961.08984375,0.0,0.0
27365.79426837,67.7,105.2,105.2,7998.640625,0.0,0.0
27366.796726881,64.9,112.5,112.5,7961.08984375,0.0,0.0
27367.80192305,69.3,108.6,108.6,7961.08984375,0.0,0.11269566428275693
27368.804288441,72.9,108.7,108.7,7961.08984375,0.0,0.0
27369.807272299,68.0,110.7,110.7,7961.08984375,0.0,0.0
27370.81146546,67.7,106.8,106.8,7961.59375,0.0,0.12058810466253499
27371.825412848,68.5,106.2,106.2,7996.359375,0.0,0.0
27372.829892223,71.5,111.9,111.9,7961.08984375,0.0,0.1399978969206934
27373.842200211,67.8,111.2,111.2,7961.08984375,0.0,0.0
27374.846948346,61.6,104.6,104.6,7961.08984375,0.0,0.0
27375.849308032,67.8,109.7,109.7,7961.08984375,0.0,0.0
27376.851665062,70.3,109.7,109.7,7981.4140625,0.0,0.0
27377.854091076,68.0,109.7,109.7,7961.08984375,0.0,0.0
27378.857142292,72.1,107.7,107.7,7983.375,0.0,0.13240849308721864
27379.859868471,69.4,109.7,109.7,7961.08984375,0.0,0.0
27380.862963641,65.4,108.4,108.4,7975.70703125,0.0,0.0
27381.86836427,68.3,110.7,110.7,7961.08984375,0.0,0.0
27382.87104286,73.7,110.7,110.7,7989.9375,0.0,0.0
27383.874691375,65.2,110.6,110.6,7961.08984375,0.0,0.10897739434194524
27384.877490301,70.5,111.5,111.5,7967.140625,0.0,0.0
27385.88537098,68.0,108.0,108.0,7964.421875,0.0,0.0
27386.898065034,68.4,108.1,108.1,7984.27734375,0.0,0.0
27387.903702931,67.2,110.4,110.4,7986.48828125,0.0,0.0
27388.908064034,73.6,108.1,108.1,8004.9765625,0.0,0.08556434507786562
27389.917161197,64.8,113.4,113.4,7964.421875,0.0,0.007742069135108493
27390.919378908,68.5,109.7,109.7,7964.421875,0.0,0.0
27391.923165764,67.2,105.9,105.9,7964.421875,0.0,0.0
27392.936178403,64.6,110.3,110.3,7964.421875,0.0,0.0
27393.938976012,67.5,111.7,111.7,7964.421875,0.0,0.08569775120007754
27394.94121267,69.9,110.8,110.8,7964.421875,0.0,0.007795065105260159
27395.943431113,68.3,110.7,110.7,7964.421875,0.0,0.0
27396.947277539,64.7,104.4,104.4,7993.03515625,0.0,0.0
27397.955052652,66.1,111.1,111.1,7977.3984375,0.0,0.0
27398.961196515,72.2,112.7,112.7,7964.421875,0.0,0.0
27399.962902823,65.2,105.8,105.8,7965.63671875,0.0,0.08579111393585055
27400.965075387,72.9,110.7,110.7,7965.63671875,0.0,0.0077955636390786495
27401.968326899,70.7,111.7,111.7,7965.63671875,0.0,0.0
27402.970649356,65.2,106.8,106.8,7965.63671875,0.0,0.0
27403.97307358,65.7,127.7,127.7,7965.63671875,0.0,0.0
27404.975281981,50.7,99.8,99.8,7965.63671875,0.0,0.19098447968447846
27405.977475622,54.5,90.7,90.7,7972.984375,0.0,0.007795399691615628
27406.980642366,84.5,118.4,118.4,7876.90234375,0.0,0.0
27407.990203324,85.7,130.3,130.3,7877.78125,0.0,0.0
27409.002995811,80.7,130.3,130.3,7877.78125,0.0,0.019284552611429286
27410.014881373,87.8,126.1,126.1,8026.328125,0.0,0.08492808201548258
27411.026563332,76.6,127.2,127.2,7975.3203125,0.0,0.0
27412.037058373,76.3,125.0,125.0,7990.2734375,0.0,0.007731359069589386
27413.050042575,85.1,131.3,131.3,8021.703125,0.0,0.0
27414.065912874,89.5,137.0,137.0,8001.8046875,0.0,0.0076904502550000035
27415.076968261,86.4,137.3,137.3,7968.47265625,0.0,0.0540895194300598
27416.08132366,70.6,115.2,115.2,7964.375,0.0,0.0
27417.091090113,71.9,118.9,118.9,7981.58984375,0.0,0.007736937562925138
27418.099188308,65.5,120.3,120.3,7986.4296875,0.0,0.0
27419.103066292,72.9,72.5,72.5,7986.4296875,0.0,0.0933878434373833
27420.108873286,76.5,115.7,115.7,7986.4296875,0.0,0.22525444876700923
27421.111729578,69.6,110.6,110.6,7986.4296875,0.0,0.0
27422.115851596,68.2,107.9,107.9,7986.4296875,0.0,0.0
27423.128084101,62.8,106.5,106.5,7986.4296875,0.0,0.0
27424.130859494,70.7,107.7,107.7,7986.4296875,0.0,0.0
27425.133302891,70.2,110.7,110.7,7986.4296875,0.0,0.05455420242529652
27426.136775012,67.6,108.6,108.6,7986.4296875,0.0,0.0
27427.142045638,64.2,109.5,109.5,7986.4296875,0.0,0.0
27428.144197686,64.1,106.7,106.7,7986.4296875,0.0,0.0
27429.146928336,71.8,106.7,106.7,7986.4296875,0.0,0.0
27430.149805367,70.0,109.7,109.7,7986.4296875,0.0,0.07790087676248347
27431.152041089,67.9,107.8,107.8,7986.4296875,0.0,0.0
27432.154296957,69.9,110.7,110.7,7986.4296875,0.0,0.0
27433.15680819,69.9,109.7,109.7,7986.4296875,0.0,0.0
27434.159167463,69.1,109.7,109.7,7986.4296875,0.0,0.0
27435.161669144,68.1,108.6,108.6,7986.4296875,0.0,0.05455103072293414
27436.165845264,70.2,108.9,108.9,7986.4296875,0.0,0.0
27437.179019119,68.7,110.3,110.3,7986.4296875,0.0,0.0
27438.181944635,70.1,109.9,109.9,7986.4296875,0.0,0.0
27439.193884623,69.2,111.4,111.4,7986.4296875,0.0,0.0
27440.19701744,67.7,104.7,104.7,7986.4296875,0.0,0.07788101303831926
27441.199181868,63.0,109.8,109.8,7986.4296875,0.0,0.0
27442.201383793,68.4,110.7,110.7,7986.4296875,0.0,0.0
27443.204051168,70.5,111.5,111.5,7994.89453125,0.0,0.0
27444.209597751,69.1,107.1,107.1,7994.89453125,0.0,0.0
27445.220730937,67.8,108.8,108.8,7994.89453125,0.0,0.030905918659100893
27446.23023357,63.4,109.4,109.4,7994.89453125,0.0,0.05417271655585753
27447.23325299,65.3,110.7,110.7,7994.89453125,0.0,0.0
27448.235549295,63.9,104.7,104.7,7994.89453125,0.0,0.015589202436504999
27449.238436175,70.8,108.7,108.7,7994.89453125,0.0,0.0
27450.241607669,68.0,110.5,110.5,7994.89453125,0.0,0.0155756020715181
27451.246841806,67.0,105.3,105.3,7998.8125,0.0,0.136006871401755
27452.252851648,71.6,116.7,116.7,7970.42578125,0.0,0.0
27453.258045942,66.4,106.5,106.5,7970.42578125,0.0,0.0427467110155721
27454.2606916,67.7,108.7,108.7,7970.42578125,0.0,0.0
27455.262868139,69.4,109.8,109.8,7970.42578125,0.0,0.0
27456.26507183,68.3,109.8,109.8,7970.42578125,0.0,0.0
27457.267356788,70.0,109.5,109.5,7970.42578125,0.0,0.09743361827427623
27458.272778157,69.4,110.6,110.6,7970.42578125,0.0,0.0
27459.274980998,71.7,110.6,110.6,7970.42578125,0.0,0.0
27460.279068599,66.5,103.7,103.7,7992.90625,0.0,0.0
27461.282258274,67.3,115.6,115.6,7970.42578125,0.0,0.0
27462.284927855,72.0,107.4,107.4,7978.3671875,0.0,0.08181284398634568
27463.290332061,65.7,108.7,108.7,7978.3671875,0.0,0.0
27464.292577655,69.9,110.7,110.7,7978.3671875,0.0,0.0
27465.295366869,67.3,107.2,107.2,7978.3671875,0.0,0.0
27466.308356493,66.3,108.2,108.2,7978.3671875,0.0,0.11954095790427133
27467.310514922,66.4,109.8,109.8,7978.37109375,0.0,0.0
27468.312247103,69.1,110.8,110.8,7978.37109375,0.0,0.0545929351549364
27469.314455574,69.5,110.6,110.6,7978.37109375,0.0,0.0
27470.320107074,65.5,104.5,104.5,8005.0,0.0,0.0
27471.326154395,67.1,109.4,109.4,7978.37109375,0.0,0.0
27472.329031296,70.8,110.7,110.7,7978.37109375,0.0,0.0
27473.332053742,69.2,110.6,110.6,7978.37109375,0.0,0.07788958294169009
27474.334720212,69.6,109.6,109.6,7978.37109375,0.0,0.0
27475.339263396,67.8,107.5,107.5,7978.37109375,0.0,0.0
27476.343232758,68.1,106.2,106.2,8022.09375,0.0,0.0
27477.351041969,64.7,109.7,109.7,7987.34765625,0.0,0.0
27478.353196568,68.3,108.7,108.7,7978.37109375,0.0,0.07795703385265465
27479.358996644,69.9,107.4,107.4,7978.37109375,0.0,0.007767448210055505
27480.361801426,69.2,111.7,111.7,7978.37109375,0.0,0.02726727124847211
27481.364266827,69.0,106.8,106.8,7978.37109375,0.0,0.0
27482.367078439,70.9,110.6,110.6,7987.2578125,0.0,0.0
27483.370031512,66.7,109.7,109.7,7978.37109375,0.0,0.0
27484.373069939,67.5,110.7,110.7,7978.37109375,0.0,0.08567717615473823
27485.375707064,69.4,109.7,109.7,7978.37109375,0.0,0.0
27486.378524385,69.4,110.7,110.7,7978.37109375,0.0,0.0
27487.380484572,70.9,109.6,109.6,7984.80859375,0.0,0.0
27488.384914629,70.5,108.6,108.6,7991.05859375,0.0,0.0
27489.390553708,67.2,104.4,104.4,7991.05859375,0.0,0.07768691733604847
27490.393354786,63.5,110.7,110.7,7991.05859375,0.0,0.0
27491.396415519,69.9,110.1,110.1,7968.86328125,0.0,0.0
27492.405148977,66.4,107.2,107.2,8015.26171875,0.0,0.0
27493.410925656,62.5,110.7,110.7,7975.05078125,0.0,0.0
27494.413161859,68.2,110.8,110.8,7985.546875,0.0,0.054565480508817904
27495.416273412,70.0,107.0,107.0,7985.546875,0.0,0.0
27496.42769403,69.3,115.4,115.4,7985.546875,0.0,0.0
27497.431063376,65.5,104.7,104.7,8020.83203125,0.0,0.0
27498.435042548,67.9,109.6,109.6,7985.546875,0.0,0.0
27499.437714416,67.3,110.7,110.7,7985.546875,0.0,0.07791681655132805
27500.440794062,71.0,110.7,110.7,7985.546875,0.0,0.0
27501.445433889,68.5,109.5,109.5,7985.546875,0.0,0.0
27502.447851251,68.7,107.5,107.5,7985.546875,0.0,0.0
27503.456861477,63.7,109.2,109.2,8020.30078125,0.0,0.0
27504.459038055,67.4,109.8,109.8,7985.546875,0.0,0.0
27505.461209554,68.4,110.7,110.7,7985.546875,0.0,0.05456900346355801
27506.463773327,69.3,109.7,109.7,7985.546875,0.0,0.0
27507.470900737,67.2,109.7,109.7,7985.96484375,0.0,0.0
27508.482585347,72.7,107.2,107.2,7985.546875,0.0,0.0
27509.485330092,69.8,109.5,109.5,7986.62890625,0.0,0.011686673062532014
27510.492972395,63.6,106.2,106.2,7985.546875,0.0,0.12405195735409906
27511.501735316,54.0,105.3,105.3,7985.546875,0.0,0.0
27512.503916451,51.2,99.8,99.8,7985.546875,0.0,0.0
27513.506071607,72.5,99.5,99.5,7925.08984375,0.0,0.0
27514.514221529,82.9,126.6,126.6,7932.44140625,0.0,0.0
27515.526330827,86.1,128.6,128.6,7925.08984375,0.0,0.05403319592856948
27516.54304606,87.5,135.8,135.8,7971.58203125,0.0,0.04226232538410157
27517.550527477,76.6,126.9,126.9,7970.94140625,0.0,0.0
27518.561064727,78.6,120.3,120.3,8021.20703125,0.0,0.0
27519.563873319,79.6,125.7,125.7,7990.1953125,0.0,0.0
27520.585396583,86.1,131.6,131.6,8021.62109375,0.0,0.08030287012629166
27521.594702315,78.6,126.7,126.7,7987.51171875,0.0,0.0
27522.606038344,74.3,123.3,123.3,7989.8828125,0.0,0.0
27523.608311778,70.1,116.2,116.2,7998.71484375,0.0,0.0
27524.616905617,73.0,125.0,125.0,7977.7421875,0.0,0.0
27525.627408852,59.3,110.3,110.3,7986.65625,0.0,0.1352976866026272
27526.631079384,80.8,86.3,86.3,7986.65625,0.0,3.7829894162991202
27527.640459219,73.5,114.4,114.4,7986.65625,0.0,0.0
27528.642705102,72.7,108.7,108.7,7986.65625,0.0,0.0
27529.645800803,70.7,110.7,110.7,7986.65625,0.0,0.0
27530.64867333,68.4,109.7,109.7,7986.65625,0.0,0.011685183993453337
27531.651726844,67.6,111.5,111.5,7986.65625,0.03115486817387925,4.15917490121288
27532.657068335,70.5,110.5,110.5,7986.65625,0.0,0.0
27533.662071247,70.8,107.5,107.5,7986.65625,0.0,0.0
27534.665173617,67.9,108.6,108.6,8045.453125,0.0,0.0
27535.669132412,64.3,110.7,110.7,7999.6328125,0.0,0.0
27536.671507733,68.3,110.7,110.7,7988.77734375,0.0,0.0857338545747553
27537.673850695,70.9,110.8,110.8,7989.20703125,0.0,0.0
27538.676030294,65.1,104.8,104.8,7992.48828125,0.0,0.0
27539.678158138,68.4,108.8,108.8,7989.20703125,0.0,0.0
27540.680427599,70.4,110.7,110.7,7989.20703125,0.0,0.01169221497409443
27541.683401596,69.5,111.7,111.7,7989.20703125,0.0,0.12852401995006185
27542.685834698,67.0,105.7,105.7,8010.8984375,0.0,0.0
27543.688689536,63.9,109.7,109.7,7989.20703125,0.0,0.0
27544.690939396,67.1,107.8,107.8,7972.46484375,0.0,0.0
27545.693112938,69.9,110.5,110.5,7972.46484375,0.0,0.0
27546.697972332,71.7,107.3,107.3,7973.3125,0.0,0.05442303702038912
27547.712219184,69.2,109.5,109.5,7972.984375,0.0,0.0
27548.721566752,69.5,104.4,104.4,7974.28125,0.0,0.015480296872317754
27549.724032568,64.0,109.7,109.7,7972.52734375,0.0,0.0
27550.727062597,69.2,110.6,110.6,7972.52734375,0.0,0.0
27551.729897635,68.2,109.7,109.7,7972.52734375,0.0,0.0
27552.73246459,69.3,108.7,108.7,7972.52734375,0.0,0.15974618872190818
27553.735142043,68.5,110.7,110.7,7972.52734375,0.0,0.0
27554.737726853,70.8,110.7,110.7,7972.52734375,0.0,0.0
27555.740663946,72.3,111.7,111.7,7972.52734375,0.0,0.0
27556.742938136,68.0,109.8,109.8,7972.52734375,0.0,0.0
27557.745211307,70.1,110.7,110.7,7972.84765625,0.0,0.05456346790721414
27558.748856911,73.4,109.4,109.4,7972.84765625,0.0,0.0
27559.753318383,64.7,104.7,104.7,7978.8125,0.0,0.0
27560.755481569,64.1,109.7,109.7,7972.84765625,0.0,0.0038978182940359474
27561.758280583,69.4,111.6,111.6,7972.84765625,0.0,0.0
27562.762680043,71.0,110.6,110.6,7973.56640625,0.0,0.08167193757735258
27563.765419827,68.6,109.7,109.7,7973.56640625,0.0,0.0
27564.768156599,67.5,107.6,107.6,7973.56640625,0.0,0.0
27565.776227146,66.6,111.0,111.0,7973.56640625,0.0,0.07362455953174472
27566.795867261,69.9,113.0,113.0,7973.56640625,0.0,0.0
27567.801568284,71.7,106.4,106.4,7979.57421875,0.0,0.12817551842129388
27568.804031945,66.2,109.4,109.4,7973.56640625,0.0,0.0
27569.811792542,68.8,110.4,110.4,7973.56640625,0.0,0.0
27570.81592561,67.0,108.6,108.6,7973.56640625,0.0,0.0
27571.818297851,69.8,109.7,109.7,7973.56640625,0.0,0.007794010728191798
27572.821029025,68.1,107.7,107.7,7973.56640625,0.0,0.11686831230427423
27573.823676533,69.1,107.6,107.6,7974.49609375,0.0,0.0
27574.841621578,68.0,114.0,114.0,7974.49609375,0.0,0.0
27575.845782384,64.2,104.6,104.6,7974.49609375,0.0,0.0
27576.84874728,70.1,109.7,109.7,7976.1875,0.0,0.0
27577.850919144,67.2,110.7,110.7,7974.49609375,0.0,0.05456898358912288
27578.853460998,72.1,109.5,109.5,7974.5,0.0,0.0
27579.858534445,72.7,108.6,108.6,7974.5,0.0,0.0
27580.861205974,68.5,108.2,108.2,7974.5,0.0,0.0
27581.872219066,65.7,108.2,108.2,7996.20703125,0.0,0.0
27582.876564217,68.6,113.2,113.2,7974.5,0.0,0.08167635390920508
27583.884598016,64.9,110.5,110.5,7974.5,0.0,0.0
27584.890027271,67.2,109.5,109.5,7974.5,0.0,0.0
27585.89253594,63.3,105.8,105.8,7986.01171875,0.0,0.0
27586.894722804,67.3,107.8,107.8,7974.5,0.0,0.0
27587.897285419,70.9,110.7,110.7,7974.5,0.0,0.0
27588.899546981,72.9,108.8,108.8,7974.5,0.0,0.054564099905087295
27589.901758134,68.5,110.7,110.7,7974.5,0.0,0.0
27590.904347047,68.5,107.9,107.9,7974.5,0.0,0.0
27591.919041772,65.1,109.2,109.2,7997.06640625,0.0,0.0
27592.921659809,69.1,108.7,108.7,7974.5,0.0,0.0
27593.924477813,67.1,108.7,108.7,7989.95703125,0.0,0.07790546209598755
27594.926934575,69.6,111.7,111.7,7974.5,0.0,0.0
27595.929078628,68.3,110.5,110.5,7974.5,0.0,0.0
27596.935056108,67.7,112.4,112.4,7974.5,0.0,0.0
27597.939374986,66.9,105.4,105.4,7980.484375,0.0,0.0
27598.94616368,70.5,108.5,108.5,7975.32421875,0.0,0.0
27599.948856393,69.8,109.4,109.4,8012.7265625,0.0,0.07791519673697377
27600.957062642,71.9,113.9,113.9,7975.32421875,0.0,0.0
27601.964282545,73.4,109.6,109.6,7975.32421875,0.0,0.0
27602.967035112,71.4,111.6,111.6,7989.328125,0.0,0.015582109200406601
27603.970928561,75.2,106.7,106.7,7989.328125,0.0,0.0
27604.988045049,71.2,110.9,110.9,7989.328125,0.0,0.1267369583727059
27605.993033454,63.7,106.6,106.6,8023.375,0.0,0.0
27606.99525678,67.9,109.7,109.7,7989.328125,0.0,0.0
27607.997984533,68.7,111.7,111.7,7972.52734375,0.0,0.0
27609.001134496,70.0,102.2,102.2,7972.52734375,0.0,0.031151872753490115
27610.011937607,64.5,110.4,110.4,7972.52734375,0.0,0.0
27611.015055716,69.7,108.7,108.7,7972.52734375,0.0,0.07788215495157669
27612.017209154,68.8,109.8,109.8,7972.52734375,0.0,0.12473139866639744
27613.019415981,66.8,109.8,109.8,7972.52734375,0.0,0.01948824281954537
27614.021701542,69.4,108.7,108.7,7972.52734375,0.0,0.0
27615.024424717,68.4,110.7,110.7,7972.52734375,0.0,0.0
27616.027131644,69.3,110.7,110.7,7972.52734375,0.0,0.07791409224003784
27617.029301749,58.0,106.8,106.8,7972.52734375,0.0,0.0
27618.031686537,50.9,99.8,99.8,7972.52734375,0.0,0.0
27619.034105237,68.5,92.5,92.5,7957.94921875,0.0,0.0
27620.042463056,85.7,126.7,126.7,7961.890625,0.0,0.0
27621.055797394,85.1,126.5,126.5,7962.9921875,0.0,0.07709696303608202
27622.064117671,85.9,126.8,126.8,7954.94140625,0.0,0.0
27623.077040246,85.1,130.9,130.9,7988.3046875,0.0,0.0
27624.079776656,73.9,123.2,123.2,7963.16015625,0.0,0.0
27625.091069553,78.4,125.1,125.1,7976.1015625,0.0,0.0
27626.109962788,85.0,131.1,131.1,8001.125,0.0,0.0536734351760018
27627.122405992,84.4,132.8,132.8,8001.4609375,0.0,0.0
27628.125411709,80.6,127.9,127.9,7973.12109375,0.0,0.0
27629.137190893,71.9,117.3,117.3,7968.36328125,0.0,0.0
27630.139728314,73.2,122.7,122.7,7979.23828125,0.0,0.0
27631.141875373,64.6,114.7,114.7,7961.9140625,0.0,0.07795762038952558
27632.145057621,76.5,76.4,76.4,7964.015625,0.0,0.09345261061664012
27633.159783326,71.7,115.6,115.6,7964.015625,0.0,0.003849562478570946
27634.170063497,67.5,110.2,110.2,7964.015625,0.0,0.0
27635.173204295,69.2,110.7,110.7,7969.6953125,0.0,0.0
27636.176033263,70.7,110.7,110.7,7969.6953125,0.0,0.1986567563929288
27637.178212185,69.7,109.1,109.1,7969.6953125,0.0,0.0
27638.190549089,66.3,110.3,110.3,7969.6953125,0.0,0.003858646251633313
27639.193471566,67.8,104.7,104.7,7992.8515625,0.0,0.0
27640.196032866,66.8,111.7,111.7,7969.6953125,0.0,0.042858975306555996
27641.199200114,71.0,110.7,110.7,7969.6953125,0.0,0.1168175099751715
27642.201811534,69.4,109.7,109.7,7969.6953125,0.0,0.0
27643.204595836,68.9,108.6,108.6,7969.6953125,0.0,0.0
27644.209035211,67.3,105.6,105.6,7988.32421875,0.0,0.0
27645.211631216,65.7,108.7,108.7,7969.6953125,0.0,0.0
27646.214428016,69.5,109.7,109.7,7969.6953125,0.0,0.05453497657753592
27647.217143987,68.1,111.7,111.7,7969.6953125,0.0,0.0
27648.219574304,68.4,109.7,109.7,7969.6953125,0.0,0.0
27649.222402288,71.2,106.1,106.1,7969.6953125,0.0,0.0
27650.235896435,68.2,108.6,108.6,7969.6953125,0.0,0.0
27651.251029349,65.7,114.8,114.8,7969.6953125,0.0,0.07696036540866157
27652.253265972,63.8,104.7,104.7,7969.6953125,0.0,0.0
27653.256015601,69.0,109.7,109.7,7969.6953125,0.0,0.0
27654.258351103,76.1,110.8,110.8,7969.6953125,0.0,0.0
27655.261042776,68.5,108.7,108.7,7969.6953125,0.0,0.0
27656.265749671,70.5,110.5,110.5,7971.80859375,0.0,0.05443129759745644
27657.268518276,69.3,109.7,109.7,7971.80859375,0.0,0.0
27658.271608311,71.3,111.6,111.6,7971.80859375,0.0,0.0
27659.275846713,66.9,102.7,102.7,7997.65625,0.0,0.0
27660.27838634,68.1,110.7,110.7,7971.80859375,0.0,0.0
27661.281037141,67.3,109.6,109.6,7971.80859375,0.0,0.0
27662.285699197,68.5,104.3,104.3,7971.80859375,0.0,0.07776246702413032
27663.294199772,70.6,108.4,108.4,8019.71484375,0.0,0.0
27664.296790165,65.8,109.7,109.7,7971.80859375,0.0,0.0
27665.298978023,71.0,109.7,109.7,7971.80859375,0.0,0.0
27666.30188038,66.4,106.5,106.5,7971.80859375,0.0,0.0
27667.311345916,67.3,109.2,109.2,7986.78125,0.0,0.054174707357178414
27668.314214268,65.5,111.7,111.7,7971.80859375,0.0,0.0
27669.316549789,72.0,107.7,107.7,7971.80859375,0.0,0.03897148128706766
27670.319327162,68.8,110.6,110.6,7971.80859375,0.0,0.0
27671.324050124,68.2,107.4,107.4,7971.80859375,0.0,0.12052451728485494
27672.328054536,71.5,111.7,111.7,7971.80859375,0.0,0.0
27673.331832074,66.2,107.5,107.5,7971.80859375,0.0,0.17511972857067357
27674.351814335,66.7,113.0,113.0,7971.80859375,0.0,0.0
27675.354027085,72.7,104.3,104.3,7971.875,0.0,0.0
27676.365690462,72.0,111.5,111.5,7971.875,0.0,0.0
27677.378053444,65.3,107.4,107.4,7971.875,0.0,0.05016110911091543
27678.379968026,66.4,110.6,110.6,7971.875,0.0,0.05458299637759616
27679.386452706,69.6,108.5,108.5,7971.875,0.0,0.0
27680.388592231,69.1,109.8,109.8,7971.875,0.0,0.0
27681.391033775,71.1,110.7,110.7,7971.875,0.0,0.0
27682.394062166,69.9,108.6,108.6,7983.38671875,0.0,0.0
27683.400317581,68.7,110.4,110.4,7971.875,0.0,0.07763933374716316
27684.402512525,72.3,110.7,110.7,7993.8359375,0.0,0.0
27685.405017995,67.4,109.7,109.7,7975.203125,0.0,0.0
27686.407823066,67.9,105.7,105.7,7991.34375,0.0,0.0
27687.410558916,61.9,110.7,110.7,7975.203125,0.0,0.0
27688.412783248,74.6,109.6,109.6,7978.7421875,0.0,0.05456612681790532
27689.41721632,68.4,103.2,103.2,7978.7421875,0.0,0.0
27690.428915469,62.0,111.2,111.2,7978.7421875,0.0,0.0
27691.431344765,68.5,108.7,108.7,7978.7421875,0.0,0.0
27692.434070481,69.9,110.5,110.5,7961.98046875,0.0,0.0
27693.439705135,64.7,108.4,108.4,7961.98046875,0.0,0.07768725917430873
27694.444392444,70.0,107.0,107.0,7961.98046875,0.0,0.0
27695.458479253,63.8,109.1,109.1,7961.98046875,0.0,0.0
27696.46067899,68.4,108.7,108.7,7961.98046875,0.0,0.0
27697.46337711,70.1,109.7,109.7,7961.98046875,0.0,0.0
27698.465533423,73.1,109.7,109.7,7961.98046875,0.0,0.0
27699.46815339,67.7,108.7,108.7,7961.98046875,0.0,0.07792084994459623
27700.470350005,71.0,111.6,111.6,7961.98046875,0.33909888031371277,0.007795376558935925
27701.475569699,72.1,110.6,110.6,7973.53125,0.0,0.0
27702.48087734,70.3,109.5,109.5,7973.59375,0.0,0.0
27703.499154068,63.5,105.9,105.9,7973.53125,0.0,0.0
27704.502059186,66.4,111.2,111.2,7975.69140625,0.0,0.07010882558863621
27705.513760866,63.2,104.2,104.2,8010.96875,0.0,0.13899848421726943
27706.517638913,68.6,110.9,110.9,7950.51171875,0.0,0.0
27707.531821865,68.2,110.1,110.1,7974.2265625,0.0,0.0
27708.534075572,72.4,108.7,108.7,7974.2265625,0.0,0.0
27709.536765809,69.3,109.6,109.6,7950.51171875,0.0,0.10518577533522128
27710.540068429,63.5,106.7,106.7,7950.51171875,0.0,0.0
27711.542271668,68.9,109.4,109.4,7965.59765625,0.0,0.0
27712.552150258,66.4,110.3,110.3,7950.51171875,0.0,0.0
27713.554348478,68.4,108.8,108.8,7950.51171875,0.0,0.0
27714.556522273,70.7,110.4,110.4,7950.51171875,0.0,0.06236443250837315
27715.562199414,68.2,109.7,109.7,7955.875,0.0,0.0
27716.564577007,68.3,108.7,108.7,7955.875,0.0,0.0
27717.567334861,67.5,108.6,108.6,7955.875,0.0,0.0
27718.571293981,70.9,108.3,108.3,7955.875,0.0,0.0
27719.576745308,69.8,111.3,111.3,7961.50390625,0.0,0.17482820428948537
27720.584024647,69.3,107.1,107.1,7961.50390625,0.0,0.0
27721.595050916,70.2,112.3,112.3,7961.50390625,0.0,0.0
27722.598185087,69.0,109.6,109.6,7970.5234375,0.0,0.0
27723.602894722,57.0,103.6,103.6,7961.50390625,0.0,0.0
27724.605217305,50.8,99.8,99.8,7961.50390625,0.0,0.0545607780643501
27725.607422374,82.7,109.3,109.3,7948.796875,0.0,0.0
27726.619088694,88.2,135.2,135.2,7951.09765625,0.0,0.0
27727.632051504,87.9,136.0,136.0,7960.1953125,0.0,0.0
27728.646906676,88.5,123.1,123.1,7960.99609375,0.0,0.0
27729.651239548,76.2,126.3,126.3,7963.265625,0.0,0.0
27730.658166611,77.7,127.1,127.1,8010.9453125,0.0,0.0931050554154204
27731.663165647,84.5,131.6,131.6,7976.72265625,0.0,0.0
27732.675797249,85.7,136.1,136.1,7990.6328125,0.0,0.0
27733.681869273,79.4,127.6,127.6,7973.62890625,0.0,0.0
27734.693810575,68.4,118.2,118.2,7973.62890625,0.0,0.0
27735.697174279,72.3,121.1,121.1,7961.68359375,0.0,0.12847410115210461
27736.709272562,64.4,117.0,117.0,7953.546875,0.0,0.0
