split,kernel_family,tensor_path,baseline_smape_lut,candidate_smape_lut,delta_smape_lut,delta_absolute_error_lut,baseline_smape_ff,candidate_smape_ff,delta_smape_ff,delta_absolute_error_ff,baseline_smape_dsp,candidate_smape_dsp,delta_smape_dsp,delta_absolute_error_dsp,baseline_smape_bram,candidate_smape_bram,delta_smape_bram,delta_absolute_error_bram,baseline_smape_cycles_max,candidate_smape_cycles_max,delta_smape_cycles_max,delta_absolute_error_cycles_max,baseline_smape_interval_max,candidate_smape_interval_max,delta_smape_interval_max,delta_absolute_error_interval_max
test,2layer,2layer/archive_1/0bc7e3b8-c2a6-427a-ab7b-97c8d1f26de3.pt,16.416309984992335,16.86173330872139,0.4454233237290559,0.005299099228747249,23.16248035800406,23.99799205327696,0.8355116952728991,0.01073730355169807,0.0,0.0,0.0,0.0,23.061114054136887,28.64882807193858,5.587714017801694,0.05897579193115234,9.411403278955655,0.07174115790228855,-9.339662121053367,-0.09803304895450896,3.662551818528696,3.1848374487343465,-0.47771436979434956,-0.005958521920482783
test,2layer,2layer/archive_1/0ceedcf7-5069-43e5-b761-a592699392fc.pt,5.4026110308076465,9.21009096200489,3.8074799311972427,0.03544043698697666,15.254285004661583,20.29768394736148,5.043398942699898,0.0425411091122251,8.036024210631686,1.7955917938602133,-6.240432416771473,-0.05740499496459961,11.529191805520131,9.66057325136171,-1.868618554158422,-0.01736307144165039,9.427538175716355,6.934464832199245,-2.4930733435171106,-0.027101594258130083,5.723104907324297,4.354419816403614,-1.3686850909206827,-0.013020972376891628
test,2layer,2layer/archive_1/11fe5594-fbbe-4031-ac3a-4b43ba75a01f.pt,34.93538089158538,38.40306372255161,3.4676828309662255,0.024764498858384682,27.976388607721386,25.757737579652996,-2.2186510280683898,-0.01724253149896856,67.43631763815696,69.5275685830779,2.0912509449209296,0.011121392250061035,17.19272130506394,14.489950313830857,-2.702770991233084,-0.023909449577331543,13.904065009826038,9.423624082134706,-4.4804409276913315,-0.05051891424499444,6.851123866694729,2.7436359486960242,-4.1074879179987045,-0.04310237233231708
test,2layer,2layer/archive_1/6979d03f-7ff1-4738-886e-3ee059a69d8a.pt,27.32141406691448,15.797921817718773,-11.523492249195705,-0.1449081946359913,17.792268318468675,14.42500399277047,-3.367264325698205,-0.03983149509803922,25.83879904084577,24.27582924568933,-1.562969795156441,-0.017023404439290363,0.5144086562576488,3.151552697376835,2.6371440411191864,0.021490192413330077,2.08498028671891,14.049671070982157,11.964690784263247,0.11062710087913712,2.496695107503686,2.98162114225589,0.48492603475220397,0.00409478375813449
test,2layer,2layer/archive_1/80788302-2292-4caa-a003-821aed591a4a.pt,17.172802577611172,26.478408621358543,9.305606043747371,0.0756770178260449,28.280710102264152,28.834072852133023,0.5533627498688709,0.004237104032015632,0.0,0.0,0.0,0.0,53.15703496271075,50.49888904083727,-2.6581459218734835,-0.03632473945617676,0.912418858332658,6.903722927920204,5.991304069587546,0.05764289367165738,2.2826118715583457,4.5652350019228285,2.282623130364483,0.021537887139221973
test,2layer,2layer/archive_1/81ae65ee-db11-4ff1-835c-a62e010c7087.pt,13.181201926579254,9.60454828183981,-3.5766536447394444,-0.040220333751619174,12.543583959084804,5.780031660372799,-6.763552298712005,-0.07430549845181926,21.130817374197104,15.301500648005192,-5.829316726191912,-0.05881627400716146,1.8005638209325585,8.097962687046888,6.297398866114329,0.05518968900044759,22.75228973484957,22.259133843529888,-0.49315589131968096,-0.003984136132253448,4.748892746436908,2.0978534248956615,-2.651039321541247,-0.02518328661969539
test,2layer,2layer/archive_1/b7ff2436-119d-4ba9-9b49-189b5fabbe4c.pt,0.518557669432793,6.655919395738684,6.137361726305891,0.059214430966709135,16.333380995608614,11.836968666115087,-4.496412329493527,-0.052039923077475306,12.088946362226828,11.551343909056616,-0.5376024531702122,-0.005060513814290364,2.4936198561460547,9.031117157565456,6.5374973014194016,0.05546483993530273,19.359674665094733,12.163015624970187,-7.196659040124546,-0.08482788530291212,4.061803503572954,3.3772243388445955,-0.6845791647283588,-0.00659696611419646
test,2layer,2layer/archive_1/b9c55cc1-33b8-4573-98e9-76d328fb262d.pt,7.664355079434323,21.933402331474277,14.269047252039954,0.12383832214853645,18.29847863480004,17.17768012103821,-1.1207985137618302,-0.009455861627824524,19.862037173146664,18.264730844370455,-1.5973063287762095,-0.011649906635284424,15.844097026969267,24.50956597263687,8.665468945667604,0.08044040203094482,14.116026561114069,23.02818926677437,8.9121627056603,0.07463996662424177,3.1786518074472117,1.124303911215244,-2.0543478962319677,-0.020987197937753038
test,2layer,2layer/archive_1/d18488ed-9367-45dc-9e7e-03a6dad1662e.pt,9.262891827783823,7.247850074437341,-2.015041753346482,-0.02192297627355199,23.609673919700036,19.422414685928,-4.187259233772036,-0.05258159554563013,8.545670440990682,5.568093497210011,-2.9775769437806705,-0.029329299926757812,19.917528291754536,16.109497235238543,-3.8080310565159934,-0.036797618865966795,11.388605819898444,7.152251591263715,-4.236354228634729,-0.04658203125,3.9276032088852464,3.9276032088852464,0.0,0.0
test,2layer,2layer/archive_1/d8705803-c54c-4ad6-bdd4-bea949213cf1.pt,4.003158919994556,2.275950701253326,-1.72720821874123,-0.01834526766202772,24.476607853690144,19.45444829087929,-5.022159562810852,-0.0633879800697371,31.00114491044697,28.945118935291944,-2.056025975155027,-0.02370762825012207,30.65378593442265,34.35946638194564,3.7056804475229868,0.023993462324142456,0.35264223766913744,5.84521903636817,5.492576798699033,0.053267431242240156,0.028646708579381112,0.6560997449410779,0.6274530363616968,0.006295219918706819
test,2layer,2layer/archive_1/e2d32045-fe85-41fa-87fd-34469cfd2b33.pt,13.453988735737449,23.237121543213004,9.783132807475555,0.08212107946796471,17.986882396293286,16.86567950346265,-1.1212028928306346,-0.009486480765667462,30.95922750943156,24.77646571741925,-6.182761792012311,-0.042874479293823244,24.985132156847577,16.501046423307326,-8.484085733540251,-0.0580590565999349,13.027743014002729,20.09606096390455,7.06831794990182,0.060293593384360376,1.549048373688416,0.17934373123931116,-1.3697046424491048,-0.013812754689126757
test,2layer,2layer/archive_1/e71cebc8-9c8d-4db4-af21-b5ffd3e7d1e9.pt,61.53044345534708,48.264894423909155,-13.265549031437928,-0.2525286240737821,27.895483856873902,23.45106049795955,-4.444423358914353,-0.05850353114652318,0.4207575173958964,2.073244555703542,1.6524870383076458,0.013600826263427734,6.251500799181579,12.448467870042558,6.196967070860979,0.05116128921508789,17.6710337689996,10.776047383996229,-6.894986385003371,-0.07992356115107914,5.298353602367684,8.03474805859186,2.7363944562241764,0.025621484680016918
test,2layer,2layer/archive_1/ecfce556-484f-4093-a80c-893fda981e41.pt,6.7473580767805155,5.851206337170576,-0.8961517396099392,-0.008422447484469233,7.960797950526105,4.857345960362666,-3.103451990163439,-0.03312427259024651,7.291450473435205,2.180018118078584,-5.111432355356621,-0.04390616416931152,0.7382794918090576,0.4203265572854294,-0.3179529345236282,-0.002634326616923014,1.7972440148364617,1.6989743126122985,-0.0982697022241632,-0.001288656052582683,4.419304642229846,4.419304642229846,0.0,0.0
test,2layer,2layer/archive_1/f8730447-91f8-4ba9-8e61-8f68f3e2bcf2.pt,13.764262341319194,9.069985946785925,-4.694276394533269,-0.052805477125494465,15.488603591517414,9.299364519181422,-6.189239072335992,-0.0703564943279197,3.8819383767807647,1.3446209726322351,-2.5373174041485296,-0.02295243740081787,43.71872871021409,49.32464443629113,5.605915726077043,0.03321199417114258,5.88597623144349,2.890702659279091,-2.9952735721643986,-0.03131105470000801,0.7283674007894257,3.467135376423622,2.7387679756341963,0.027969070351145535
test,2layer,2layer/archive_2/09ec4d4c-915c-43e4-9a54-58a2827cf9ab.pt,8.224400376190085,8.672231340436467,0.447830964246382,0.004122508676657686,9.594730828684723,2.825029548410195,-6.769701280274528,-0.0628967974040632,1.7081075022258623,14.46797216778948,12.759864665563617,0.12717262903849283,10.394801378764763,65.96298963317724,55.56818825441248,0.6559526920318604,20.786346405040895,3.3755146647408503,-17.410831740300043,-0.19756226898521506,18.02991367664975,4.033730375956089,-13.996183300693659,-0.15688701740746358
test,2layer,2layer/archive_2/2ac8c174-e837-49a4-8c42-d36055b4f958.pt,24.503061887922502,25.82741924786098,1.3243573599384781,0.010448599861251734,29.820774943629527,32.85123733415286,3.0304623905233363,0.022651164032950248,0.0,0.0,0.0,0.0,31.407561922154144,19.917528291754536,-11.490033630399608,-0.12110490798950195,12.397867887842395,8.412985596384916,-3.9848822914574793,-0.04434276860520693,6.689138747815911,2.8955157283594564,-3.793623019456455,-0.040656393470749716
test,2layer,2layer/archive_2/2b32602e-3d8f-4da0-b7a4-3ea8d164b7c6.pt,21.803968482106367,5.741363122573584,-16.062605359532782,-0.18560166002159081,13.995119734807405,12.307889265229715,-1.68723046957769,-0.01933046144859813,0.0,0.0,0.0,0.0,39.916457792762685,42.38420647577026,2.467748683007578,0.014852672815322876,0.1315882531565467,6.85842535470537,6.726837101548823,0.06498682067337704,6.257654312972795,0.0964655032353339,-6.161188809737461,-0.0636207407493492
test,2layer,2layer/archive_2/35d85fb7-eceb-4bbb-8fcf-e217cf41c819.pt,9.104914189926431,18.03321844317175,8.92830425324532,0.07833037288795931,14.97871769684072,17.784056054253313,2.8053383574125927,0.023966646702767068,6.076810865759581,8.187556883935127,2.1107460181755453,0.017219483852386475,7.731187892985224,10.973661828043792,3.242473935058568,0.02854928970336914,11.388605819898444,2.659872091391412,-8.728733728507033,-0.09379432624113475,1.4660232577677634,1.9579220706338556,0.49189881286609216,0.004620059443566382
test,2layer,2layer/archive_2/3886fc72-587a-462e-b4bf-d0a55ef58761.pt,40.60758095052999,38.452476366939614,-2.1551045835903793,-0.015024707347907767,51.262301091467215,41.10468618097326,-10.157614910493955,-0.06706629483578219,52.27595280700512,41.73236115632138,-10.543591650683737,-0.06483495235443115,92.53824072654209,81.53538505541492,-11.002855671127165,-0.04809415340423584,1.1949288181416426,7.186552632181254,5.991623814039611,0.05747952565225857,7.82037870670539,4.056236099503315,-3.764142607202075,-0.03996329252975416
test,2layer,2layer/archive_2/5d0eb902-1bc3-48ca-b0d4-3d6de45181de.pt,6.026840934645052,12.292856000457785,6.266015065812733,0.05730378875651068,7.945429192955004,10.200262788172145,2.254833595217141,0.02063383439180292,0.0,0.0,0.0,0.0,16.284540925138565,12.064286173294503,-4.220254751844061,-0.04190799168178013,10.538085308903092,14.51781457930574,3.9797292704026486,0.04529630767052412,0.38551592703512116,0.38551592703512116,0.0,0.0
test,2layer,2layer/archive_2/7e1727a1-0ff8-4992-b05a-0691712f8fd0.pt,2.543694088606754,10.160545256424255,7.616851167817501,0.07157408330151814,3.6632796501124707,5.35694907063455,1.6936694205220792,0.016197646383346767,10.62847697506863,11.000403457459385,0.3719264823907551,0.0031083651951381137,13.549758191252566,17.383089387824064,3.833331196571498,0.036026525497436526,11.659137979309099,2.9310673686853237,-8.728070610623774,-0.09404900678465557,1.6591681489031431,7.818937154012081,6.159769005108938,0.05877829262524027
test,2layer,2layer/archive_2/8c8e656f-83a3-47e2-9829-8045a8142667.pt,22.01400599701607,21.349082956145693,-0.6649230408703772,-0.008364262363117428,17.511177853721694,9.6405170241485,-7.870660829573195,-0.09062405748949252,41.59032690871426,34.06228147825786,-7.528045430456402,-0.09546279907226562,2.02829282891682,0.4814903448598914,-1.5468024840569288,-0.013093675885881697,6.197309725821214,5.698275970167549,-0.4990337556536657,-0.004705960181451613,1.9537406118082272,4.892923706862069,2.939183095053842,0.030804248335798815
test,2layer,2layer/archive_2/aa3e8729-4585-46ef-9832-c3b7f47e4df1.pt,7.205018161486973,7.652916862017095,0.44789870053012226,0.004163836050724638,15.108250786802097,4.121636143491887,-10.98661464331021,-0.12134064202197596,22.095330371197143,11.134067756580022,-10.961262614617121,-0.11417937278747559,15.082369785308954,14.178824854859881,-0.9035449304490726,-0.009015492030552455,8.076035411682033,8.076035411682033,0.0,0.0,9.625719352195844,1.4161413924384292,-8.209577959757414,-0.07776811971127022
test,2layer,2layer/archive_2/b461a518-3d3b-479a-938a-0c154da7735b.pt,39.940081110401515,35.397564778476436,-4.5425163319250785,-0.03216958985043955,12.738575066074741,16.671124110036093,3.9325490439613517,0.034125205427622804,37.730319161714526,37.238641764723596,-0.49167739699093005,-0.0032380649021693637,16.783390717968782,16.1684318594447,-0.6149588585240835,-0.006086111068725586,0.873563054168108,1.3730260592113035,0.4994630050431955,0.005050861825374399,3.2595289585185028,8.732477322052759,5.472948363534256,0.05816857372329773
test,2layer,2layer/archive_2/c6918bf7-28f9-40a7-a1c4-3bcf2f4e385f.pt,12.458923076837745,13.798819672549433,1.3398965957116875,0.011798706847170244,13.258512738317947,12.69599310756551,-0.5625196307524369,-0.006432534115546487,0.0,0.0,0.0,0.0,27.77800247227823,13.810819268088512,-13.96718320418972,-0.130673348903656,30.000742346174512,18.43645863438813,-11.56428371178638,-0.14981047453703702,7.1363144247203465,3.8207043805049508,-3.3156100442153957,-0.036493878955027315
test,2layer,2layer/archive_2/f2428e9d-edd8-42e7-99c6-e046e4644daf.pt,5.516349266028145,5.06814006331114,-0.44820920271700526,-0.004728917029774873,5.213531200012745,3.5197915410422143,-1.6937396589705305,-0.017701574474599035,0.0,0.0,0.0,0.0,1.0619379482185094,6.588562207312903,5.526624259094394,0.04924624306815011,0.13294022967516556,5.625542047487744,5.492601817812578,0.053383645857970674,8.518697621527322,4.414535407774274,-4.104162213753048,-0.04382871540081718
test,2layer,2layer/archive_2/f3afd05a-bc98-4606-93b9-ee33d6762e32.pt,6.917241515958941,6.0210346516928235,-0.8962068642661176,-0.008409091267140553,11.429532040982773,10.021446138891859,-1.4080859020909138,-0.012683700134253932,0.0,0.0,0.0,0.0,54.78013745831801,45.80946915566758,-8.97066830265043,-0.052086830139160156,5.458543279784778,2.0321968670053714,-3.4263464127794068,-0.035995706387004174,12.966043835260397,4.081169696457615,-8.884874138802783,-0.09696782623523229
test,2layer,2layer/archive_2/fe60de96-e0a9-4ea9-8814-8ce712e4cdfc.pt,23.57580053723819,22.247791200591738,-1.3280093366464527,-0.010690271754336877,24.592140075717953,22.642685369248692,-1.9494547064692611,-0.01559397420189885,0.0,0.0,0.0,0.0,58.511748365620306,50.1617076229555,-8.35004074266481,-0.04695207422429865,1.8701392838413493,7.859828041128148,5.989688757286799,0.057092608738714946,9.767357394835575,3.611501997323901,-6.155855397511674,-0.06589721002772643
test,2layer,2layer/archive_3/019ce398-6703-4c14-a1d4-a1d4f721aa96.pt,24.030314245833083,15.592600657300595,-8.437713588532487,-0.1040033844299524,6.332214746755662,9.152309853123175,2.8200951063675124,0.0305177861065474,8.85437741651919,15.834713228800837,6.980335812281647,0.06609718004862468,13.130326172878824,19.20519631722303,6.074870144344207,0.05394279956817627,8.355794784808284,0.9929472069643192,-7.362847577843964,-0.07720901747881356,0.17934373123931116,1.190378263248274,1.0110345320089629,0.010035692063053098
test,2layer,2layer/archive_3/0bd01774-a474-431b-b52c-aca5c0745207.pt,36.480511373992876,13.993888576672303,-22.48662279732057,-0.2957085267176611,34.14996836651543,31.401407124421414,-2.7485612420940164,-0.0393152536682168,0.0,0.0,0.0,0.0,21.86878547510495,16.519104810239103,-5.349680664865847,-0.049104154109954834,24.210206394836455,14.997853147043928,-9.212353247792526,-0.11328336377164502,6.666882317734482,11.450918620001888,4.784036302267406,0.043778506372820145
test,2layer,2layer/archive_3/10d47412-3b99-4416-8957-0dd529a2c076.pt,17.292893970833067,13.72600858786888,-3.5668853829641876,-0.04191963360281924,9.598955953567105,18.5906573561432,8.991701402576096,0.104121915041413,44.058608149581644,53.71644894760206,9.657840798020416,0.14112432797749838,5.556355247917381,43.5611563227601,38.00480107484272,0.3748188018798828,14.827358423544771,0.11674278481515223,-14.71061563872962,-0.1589219930991425,1.0191966459422317,5.82986681128317,4.810670165340939,0.04637739676961399
test,2layer,2layer/archive_3/2620e563-4c2a-45a4-8260-a06013668b23.pt,17.934813413810236,18.824288613107285,0.8894751992970491,0.0074603482194662025,2.1270432304913296,1.8269549259555626,-0.30008830453576696,-0.0026084909046644026,1.7900251731584047,4.294505312715669,2.5044801395572645,0.022275765736897785,12.448467870042558,11.765254985963077,-0.6832128840794809,-0.0058057308197021484,0.4456360632463028,5.5646554124125895,5.119019349166287,0.049680842541212356,6.1099310026993905,1.316624409542863,-4.793306593156528,-0.0497453036591116
test,2layer,2layer/archive_3/39669ce2-ff95-4a24-9e66-156ceeae168f.pt,26.468486416587997,22.934918020256042,-3.5335683963319546,-0.04599866626279997,15.938279355842212,12.566263253366813,-3.372016102475399,-0.03909466336431048,0.0,0.0,0.0,0.0,18.018314159399186,4.464673575038047,-13.553640584361139,-0.12188577651977539,12.939868408303678,1.2200066385321815,-11.719861769771496,-0.12605807291666668,4.550543298967631,5.719612193518357,1.1690688945507253,0.009039028606290673
test,2layer,2layer/archive_3/73b18c1f-a08b-4490-9b1e-068dd5f1bc6f.pt,22.55870573409101,22.115772409069645,-0.4429333250213645,-0.005612905265119251,10.434756643486645,9.30773503848242,-1.1270216050042254,-0.012470327133194589,9.840191309953774,7.612207712887881,-2.2279835970658928,-0.01704704761505127,1.4838127793886788,7.158082129806216,5.674269350417537,0.0494073232014974,6.981637235212742,3.4878680826942894,-3.4937691525184524,-0.036840924611814,5.096979785873407,0.38006057409149874,-4.716919211781908,-0.04589015600591386
test,2layer,2layer/archive_3/8863bfbc-c561-4a7b-af1a-8de2d0557eb1.pt,23.754793472437047,20.209849391568227,-3.54494408086882,-0.04474783792896139,11.49959687866844,5.297544170341026,-6.202052708327414,-0.06759190038233213,26.358334982409396,18.491069923216124,-7.867265059193272,-0.0832052230834961,11.876575649259776,17.706756283947247,5.830180634687471,0.04423797130584717,1.2047455030588974,1.7040914150098458,0.49934591195094846,0.004921307963709678,6.4087823395353025,0.9328628773587206,-5.475919462176582,-0.05280728532663826
test,2layer,2layer/archive_3/88dc4815-a29e-4ae4-b3ea-5002f04e93f2.pt,9.249028936160983,6.561929106832663,-2.6870998293283197,-0.029128684977596807,16.06991470497015,14.385198316776222,-1.6847163881939267,-0.019737875930761047,0.0,0.0,0.0,0.0,22.120938498499306,13.549758191252566,-8.57118030724674,-0.08269948959350586,4.704175353473368,2.2875061937069368,-2.4166691597664314,-0.02555592549519808,2.4959661418786547,5.719939732121055,3.2239735902424007,0.03032897095163521
test,2layer,2layer/archive_3/96ddafdb-c1a1-464d-a77e-1f6956a91deb.pt,26.815244887972668,30.98730198531998,4.172057097347313,0.03185242856117174,7.119383246014856,7.683489609358926,0.5641063633440702,0.0052454696597670995,22.775047704964162,28.61892011098767,5.843872406023507,0.04381054097955877,34.83890478645005,29.721522440703215,-5.117382345746837,-0.05458855628967285,9.717871618623473,5.946161311541495,-3.771710307081978,-0.04084957272336322,4.888214376431176,2.834184190694477,-2.0540301857366985,-0.021349012803993195
test,2layer,2layer/archive_3/98c7083e-8b81-4b46-99a6-9214ede4dd8c.pt,7.413788545032273,9.31677054026618,1.9029819952339073,0.017532582829102715,13.276750678356576,0.26915210779914306,-13.007598570557432,-0.13950875749024527,5.946831249826503,6.267518641060807,0.320687391234304,-0.00046796798706054686,7.073973830710582,3.319102947430594,-3.7548708832799877,-0.03463459014892578,3.8397567789899707,3.8397567789899707,0.0,0.0,3.7225908656736606,4.493191497246905,0.7706006315732448,0.009417975407119864
test,2layer,2layer/archive_3/b1bf04f8-e2f7-4a52-bdde-c01f4bad1309.pt,35.08184081879111,33.77604770947481,-1.3057931093162978,-0.019052464690295604,22.83165567558924,20.598858656879678,-2.2327970187095616,-0.02809786342645059,0.0,0.0,0.0,0.0,29.877875039064616,32.32180685943597,2.4439318203713576,0.02741584777832031,9.789201451118126,1.8053717174263608,-7.983829733691765,-0.08470316109471253,0.6560997449410779,4.136831283229841,3.4807315382887634,0.03394229392741814
test,2layer,2layer/archive_3/cb71f7ec-d572-47de-9a42-bd8019b6f8dc.pt,9.629101720838957,11.641877284017923,2.012775563178966,0.01814649470899471,12.80732276138862,13.650889454314342,0.8435666929257213,0.00742123241719177,0.0,0.0,0.0,0.0,47.26242590070704,35.588580376404956,-11.673845524302088,-0.07287337563254616,6.208207019798473,0.28288054549215774,-5.925326474306315,-0.06124062458192116,10.573301737869595,3.7348228709079683,-6.838478866961627,-0.07356318255449708
test,2layer,2layer/archive_3/d5f86079-3543-44fc-98fa-3a44b519fadb.pt,10.691492691029206,7.782122019988844,-2.909370671040362,-0.03198044245368778,21.33631631059493,17.699714399871077,-3.6366019107238543,-0.044659546018624874,26.352759597746843,24.517334455964136,-1.8354251417827072,-0.021683883666992188,5.526805203939821,9.382256040114214,3.855450836174393,0.029863834381103516,0.665332162041504,3.5798738769266176,2.9145417148851136,0.028490409551259824,1.2042978841739658,0.1653742306292182,-1.0389236535447477,-0.010461224237226684
test,2layer,2layer/archive_3/f34246be-39d1-451b-80fe-ead3345822d9.pt,1.5836205718936616,2.0046947515736293,0.42107417967996774,0.003885270716149363,3.8665191755058754,10.072151085054816,6.205631909548941,0.06663203894504925,22.407790177648206,10.572171308451404,-11.835618869196802,-0.09266408284505208,17.19272130506394,23.851528044084883,6.6588067390209424,0.062036216259002686,1.933116419564001,2.5001060893832943,0.5669896698192933,0.00517137284458066,5.354359084683392,3.642826057681459,-1.7115330270019333,-0.017904633971162185
test,2layer,2layer/archive_3/fa89eaf8-f149-4239-a01e-f7c059112c6f.pt,10.416159845178727,6.610494967607743,-3.805664877570984,-0.04151888887872579,11.935768764686598,6.581381837204167,-5.354386927482431,-0.058877567589735405,0.3671252506335846,2.180018118078584,1.8128928674449991,0.016098403930664064,11.529191805520131,8.410874713173863,-3.1183170923462686,-0.028786182403564453,1.3601683457697764,3.1346714873959107,1.7745031416261343,0.0171668284615985,1.9600790062022262,3.329315571905731,1.3692365657035048,0.013335594273012553
test,2layer,2layer/archive_4/0531fe1b-e636-44ef-97b4-dfa2611005cd.pt,16.15518974415578,9.90241616565669,-6.25277357849909,-0.055122247229690925,7.7963474561426205,17.920111677839294,10.123764221696675,0.11570185829316389,23.753410485701906,33.04498462724043,9.291574141538526,0.10525623957316081,30.2508566014083,49.87634666171779,19.625490060309488,0.2053678830464681,25.432798859534405,19.266035286958743,-6.166763572575661,-0.07814550307190533,4.983511588774335,3.2713895622190203,-1.7121220265553148,-0.01642544154848017
test,2layer,2layer/archive_4/220abe4b-c84a-4896-a433-d724e728e262.pt,13.733267235213727,14.402767748121507,0.6695005129077796,0.007746284228460365,25.344015901428538,19.2081347481929,-6.135881153235637,-0.07772440060866984,28.354467292285403,25.61155225771174,-2.742915034573663,-0.03207230567932129,11.839928567160381,10.284254463017609,-1.5556741041427724,-0.014526685078938803,2.5584399257173236,3.057724185056627,0.4992842593393032,0.004855180853159712,1.9600790062022262,2.148489040545741,0.1884100343435149,0.002307316182880056
test,2layer,2layer/archive_4/247e4213-8ae5-462d-b957-a9f783755031.pt,20.153549813769573,20.153549813769573,0.0,0.0,28.780974633706695,29.88644330648793,1.1054686727812353,0.015180516335132614,0.0,0.0,0.0,0.0,16.746837300249375,20.86348199558096,4.116644695331583,0.04012894630432129,22.86928205517056,11.219975651774403,-11.649306403396158,-0.1393301173749625,0.5039647001031502,8.716366370198626,8.212401670095476,0.07848124893230184
test,2layer,2layer/archive_4/44856706-581b-4c89-8857-83ce12bad9ec.pt,0.5383773532831536,0.8072990269474849,0.2689216736643313,0.002642136866977625,5.432551442848154,8.253541665278323,2.8209902224301695,0.026374307650160578,0.0,0.0,0.0,0.0,30.18438932123873,32.62595590129318,2.4415665800544524,0.02748861312866211,25.250772848313332,18.34193596554585,-6.908836882767481,-0.08704496343085107,2.897401015009868,5.635281987453724,2.737880972443856,0.02624452781081369
test,2layer,2layer/archive_4/62878700-1b8b-452f-8cfd-c1c35028130d.pt,82.45444429663765,82.82639464287351,0.3719503462358631,0.0018623897839574715,61.69316915775614,57.05765672454517,-4.63551243321097,-0.027562805930881736,130.27203176819015,130.27203176819015,0.0,0.0,159.74716709678913,159.74716709678913,0.0,0.0,12.415621283516483,7.183173671345867,-5.232447612170616,-0.05784929004919983,15.034051816385459,8.891385406942653,-6.142666409442805,-0.06947086806281355
test,2layer,2layer/archive_4/62ea446b-b849-47d5-8216-a2f7c8cb4bac.pt,9.503613911746982,5.696558241480003,-3.807055670266979,-0.03533637826251293,8.789270017897934,9.071099217863397,0.28182919996546296,0.0025824466179421037,36.74675304403682,26.871823173800045,-9.874929870236777,-0.06828805378505162,11.218259713340807,8.410874713173863,-2.807385000166944,-0.025873184204101562,0.6183878263756738,4.613206478909703,3.994818652534029,0.038924176064623506,3.045446597010644,3.045446597010644,0.0,0.0
test,2layer,2layer/archive_4/b5944cf1-ec69-416a-918c-89e52b78fc28.pt,37.677213780326525,40.69650178585009,3.0192880055235634,0.02111041709043266,21.148215219704,23.936642103837826,2.788426884133827,0.022521283327282995,35.8798951568248,31.60457887198018,-4.275316284844621,-0.027390390634536743,13.905349102499033,1.693103867713917,-12.212245234785115,-0.09435427188873291,18.54442513312226,20.523302700236854,1.9788775671145942,0.016422909739367633,3.1733313130432577,7.279140112196325,4.105808799153067,0.043288926771198596
test,2layer,2layer/archive_4/c1a49590-4bb5-4f0e-8f35-7b55a980a2ab.pt,31.47467112354248,31.037106362994727,-0.43756476054775106,-0.003272737341337436,21.5484128837063,27.80582735080021,6.257414467093913,0.04959201698094305,71.2703904359968,77.38703474541273,6.116644309415932,0.03126448851365309,33.839563006747156,33.233359459141106,-0.6062035476060501,-0.007000541687011719,16.094846801787586,13.611362190402284,-2.483484611385302,-0.028978080519466123,6.066927871792036,1.9600790062022262,-4.106848865589809,-0.0394670175209205
test,2layer,2layer/archive_4/de7b06f7-2fcc-4ab6-8233-7ad7645abe6e.pt,2.6275816450373912,7.237247237092718,4.609665592055327,0.04321819046991624,17.72327145730383,13.793848630332631,-3.9294228269711997,-0.04630652744754388,10.10314148573723,11.134067756580022,1.0309262708427909,0.010060608386993408,8.38162278128946,9.031117157565456,0.6494943762759959,0.005679702758789063,16.14279708993802,5.437733934263771,-10.70506315567425,-0.11968811995557514,0.8996654361816336,6.376170599326286,5.476505163144652,0.05282436435990212
test,2layer,2layer/archive_5/01b1b34c-4116-423f-9b66-0a38ef57fe7d.pt,11.178179983724965,20.53675379675544,9.358573813030477,0.08037696261075891,13.688404308647796,16.777102652420854,3.088698343773059,0.026670406488070047,0.0,0.0,0.0,0.0,13.700024234120077,8.097962687046888,-5.602061547073189,-0.0522317091623942,1.7879328834697108,1.7879328834697108,0.0,0.0,11.674674018868242,2.10076122717197,-9.573912791696271,-0.10273566307271781
test,2layer,2layer/archive_5/16935233-3535-4f65-9ab1-90cc047d3786.pt,13.768725387099364,20.44732659203213,6.678601204932766,0.056686573123030166,25.872049629061777,24.76045011644305,-1.111599512618728,-0.008757994408700981,15.999945205702376,8.168569975651899,-7.831375230050478,-0.05805611610412598,39.4659394524512,21.714019054500007,-17.751920397951196,-0.11145182450612386,19.949354453181268,24.389392131111002,4.440037677929734,0.0359811109022811,3.1813917052243066,3.866013588474404,0.6846218832500974,0.007092470512472885
test,2layer,2layer/archive_5/282c6821-19c6-4f40-8807-d950291f0db9.pt,13.191471653254727,14.976768226632135,1.7852965733774084,0.01558106114909572,15.223331960135917,12.131091040863652,-3.0922409192722657,-0.027090839012304163,12.421241785579417,1.8691586214720537,-10.552083164107364,-0.08612680435180664,19.10411821111163,13.257622365106789,-5.84649584600484,-0.04170799255371094,0.16002469749640205,8.077025812282514,7.917001114786112,0.07602513486878001,7.4228656387776555,6.054784004838548,-1.3680816339391075,-0.014648734628549695
test,2layer,2layer/archive_5/3a732374-19a4-4146-a2be-4c53a08d1565.pt,21.0300079079571,21.916812552882263,0.8868046449251636,0.011129288417201283,8.826450469316276,10.517127016727244,1.690676547410968,0.018668187411053132,0.0,0.0,0.0,0.0,1.4838127793886788,7.158082129806216,5.674269350417537,0.0494073232014974,0.17805419367782221,10.80013622395672,10.622082030278898,0.10067433903883662,9.338295519388378,0.44236056995254625,-8.895934949435832,-0.09350299959327549
test,2layer,2layer/archive_5/437fc7ff-10a1-44c8-a656-32459d303c39.pt,7.875532501431263,9.66631307863781,1.7907805772065464,0.019587550885685995,5.3887420994695585,8.773715884342609,3.3849737848730506,0.03638043213787278,41.094162804620375,38.600958750103125,-2.49320405451725,-0.032403786977132164,2.884644628423982,3.596147478634481,0.7115028502104992,0.005167484283447266,11.731078555341261,5.747816209994563,-5.983262345346698,-0.06541729962384259,0.033506901919668396,2.5354499180372962,2.501943016117628,0.024687145365958882
test,2layer,2layer/archive_5/461bc232-725a-4036-874e-39b0c188268f.pt,14.387445079538116,5.888068639354036,-8.49937644018408,-0.09435570498710423,30.449773111883072,25.465471574837345,-4.984301537045727,-0.06736796303435662,0.0,0.0,0.0,0.0,29.075154005612998,11.08069825560714,-17.994455750005855,-0.1671777367591858,22.258752321616228,9.068709780261013,-13.190042541355215,-0.1554323191166361,1.9515369653234367,13.57411746057702,11.622580495253583,0.10775472738363363
test,2layer,2layer/archive_5/50dc66bb-87d2-4a12-8cc1-51e6e90d6204.pt,8.05849056531282,0.4596100869338321,-7.598880478378987,-0.07938030258110798,3.524808332071872,2.395297231895044,-1.129511100176828,-0.010967706101480327,33.29795310238929,21.91577058758363,-11.382182514805663,-0.08165856770106725,36.103244346137835,47.808790479631234,11.7055461334934,0.1407839059829712,8.2753316784266,15.243491898828799,6.968160220402199,0.06216554774547354,1.141634823697525,3.19602667811327,2.054391854415745,0.020100412193251534
test,2layer,2layer/archive_5/5478cbb6-59e4-411e-aeeb-344660d41274.pt,37.96662138069363,38.39880483672867,0.43218345603504105,0.0030471764457412646,46.268149542682785,42.50903780992407,-3.7591117327587185,-0.02517655728831412,0.0,0.0,0.0,0.0,74.87804768156042,60.512540216891715,-14.365507464668703,-0.07294904101978648,4.174628226144426,3.0680290364298113,-1.1065991897146148,-0.012416249371268173,10.213005824160359,3.3714404932521993,-6.841565330908159,-0.07329534715221774
test,2layer,2layer/archive_5/586681b2-cc72-4baa-b22f-34e7cabaa7fd.pt,34.42309037127595,31.368248048381737,-3.05484232289421,-0.02252879890775222,8.456852216850425,11.274234089373484,2.8173818725230593,0.025587656187093806,28.851546247666143,24.642606136679774,-4.208940110986369,-0.030408995492117747,6.530546123667929,5.587818757941746,-0.9427273657261832,-0.008354663848876953,14.586462621634075,12.10020662895874,-2.4862559926753356,-0.028542787168651555,3.684609018203254,5.053542309211363,1.3689332910081093,0.014305498538128805
test,2layer,2layer/archive_5/59d162be-b203-43c4-8116-38363d640224.pt,27.29726462896672,18.88954102245253,-8.407723606514189,-0.10751594094669117,2.2155402018496786,0.6087358917219402,-1.6068043101277385,-0.015805828651685394,36.008528967750266,42.1449569646757,6.136427996925434,0.03988300051007952,128.57392643861706,118.07189701132545,-10.502029427291617,-0.03768305480480194,12.965403397131766,2.3676650221167495,-10.597738375015016,-0.11464576198630137,3.7138234989628667,3.1358536673047888,-0.5779698316580779,-0.0069628347343262224
test,2layer,2layer/archive_5/6e7eedd6-a8b9-40b8-97e2-9be63e48750e.pt,4.449646734755934,1.7589698504690672,-2.6906768842868667,-0.027762151346845496,1.006196784333863,0.12357261127213374,-0.8826241730617294,-0.00877467872397879,0.0,0.0,0.0,0.0,8.738242404076201,8.094791867576168,-0.6434505365000334,-0.00493776798248291,20.543650795485405,26.944708792559492,6.401057997074087,0.05115207239794724,2.523104126230978,1.5854195712227457,-0.9376845550082324,-0.009822369962511715
test,2layer,2layer/archive_5/921e576c-e373-48dc-bf65-957fbb0ce868.pt,5.114619101710644,14.956120807777188,9.841501706066545,0.08928095571333235,11.811508815930294,6.73877013198477,-5.0727386839455235,-0.05578748252282078,5.945739096806803,7.0562815836366894,1.1105424868298863,0.008681058883666992,7.479703451421922,2.4936198561460547,-4.986083595275867,-0.03747963905334473,25.517683375931554,17.372099584978493,-8.145583790953062,-0.10223444667431193,9.533628726772996,9.533628726772996,0.0,0.0
test,2layer,2layer/archive_5/a0d9e94e-4271-42cc-8aee-8efffc692fb2.pt,4.641582554371376,8.002314660612344,3.3607321062409676,0.03158072753775355,3.7728556091381615,1.8753506780277969,-1.8975049311103647,-0.01987399322084325,11.648876031115265,7.518178668373821,-4.130697362741444,-0.039878010749816895,18.010705262840922,11.839928567160381,-6.170776695680541,-0.06006828943888346,0.8353989005118723,2.3337295280408057,1.4983306275289334,0.014747815933073142,2.0978534248956615,4.836093991937838,2.738240567042176,0.028354699398756834
test,2layer,2layer/archive_5/a6eac18f-9b96-45c1-a691-872eed687a1a.pt,16.344944671431684,10.540487811210538,-5.804456860221146,-0.06672485326856911,21.819707333955584,15.941864321601086,-5.877843012354498,-0.07168721593731373,16.899213422157118,8.85437741651919,-8.044836005637928,-0.07661986351013184,11.059720774574297,11.685961016066072,0.6262402414917752,0.0048057011195591515,8.430674195121371,3.4406535124562128,-4.9900206826651585,-0.053003842733739835,3.3229426869791983,3.3229426869791983,0.0,0.0
test,2layer,2layer/archive_5/aad8c516-1e8d-4558-9a32-aa6a11084cdf.pt,5.378827181593839,9.638902885296742,4.260075703702904,0.03668137570783696,0.9326790807969662,1.497540526424315,0.5648614456273487,0.005580407525279885,0.0,0.0,0.0,0.0,46.60299543179599,47.808790479631234,1.2057950478352453,0.015494883060455322,8.005601537030042,3.607417872686305,-4.398183664343737,-0.046647142511715346,3.5189124615414613,1.9602623898645792,-1.558650071676882,-0.01640042502752202
test,2layer,2layer/archive_5/e1ac2c16-4ef7-43a8-a0db-5527c6731024.pt,2.036650511174696,16.353995413799566,14.317344902624871,0.13101277473397518,12.29253772003701,9.194834750203292,-3.097702969833719,-0.027899516640293245,0.0,123.24369075561603,123.24369075561603,1.6056489944458008,34.20446541634201,41.09975448458606,6.895289068244047,0.07851928472518921,6.853106990208392,0.013213921249800469,-6.839893068958592,-0.07081045839821631,4.056236099503315,1.4234700078121705,-2.6327660916911446,-0.027253753312792665
test,2layer,2layer/archive_5/fa20fcd6-b58e-492c-83c5-a72dae89d539.pt,31.054689958105207,28.422891740710487,-2.6317982173947208,-0.019945695959345564,37.44248915839308,30.862412681733243,-6.580076476659837,-0.04801388566376107,48.72578216107342,28.35679039779917,-20.36899176327425,-0.13320180347987584,33.56853422030387,36.73313472497587,3.164600504672002,0.034938693046569824,7.250318775585935,12.233180611546596,4.9828618359606605,0.04530826235677718,1.2604879301240082,1.9452927858843119,0.6848048557603037,0.00695747163250366
test,2layer,2layer/archive_6/0bb1e31f-bbbb-496c-bf9a-e4d911f657c9.pt,8.818250878925998,3.7357336509285473,-5.08251722799745,-0.04638692664721118,32.814479782602454,32.814479782602454,0.0,0.0,0.0,0.0,0.0,0.0,51.80359251309057,69.45340923203146,17.64981671894089,0.24327961603800455,35.18481683045671,22.961325663910415,-12.223491166546296,-0.16745914987265523,5.174861235156648,1.1192989823851247,-4.055562252771523,-0.04183087274561308
test,2layer,2layer/archive_6/120a452c-a4f2-478d-92e7-6a6e87e48271.pt,33.41452856686321,30.792584340300586,-2.6219442265626256,-0.03720592439915335,36.36360455449629,28.11205501408615,-8.251549540410142,-0.11734067102906051,40.597164720210536,33.55403484548096,-7.043129874729573,-0.08848611513773601,31.712594450428877,32.32180685943597,0.6092124090070961,0.006908607482910156,12.265787090255294,10.772330316656916,-1.4934567735983784,-0.016814630681818182,6.886423285143898,1.4108902907596337,-5.475532994384264,-0.052555431363129186
test,2layer,2layer/archive_6/15b5fba9-08cd-410e-bb69-c9ebbe2a23c6.pt,43.38091941113961,26.431881656314,-16.949037754825607,-0.2493852354580049,15.519342393259018,12.14641057848541,-3.372931814773608,-0.03892918458657048,0.0,0.0,0.0,0.0,38.613728016569944,30.366405330061518,-8.247322686508426,-0.09037655591964722,6.609993964341995,0.2436695640973557,-6.366324400244639,-0.0659083686440678,0.22807409153077413,5.934073485575726,5.705999394044952,0.05533202852673592
test,2layer,2layer/archive_6/202fb70f-b728-4b2a-abec-17e0bb04b334.pt,0.8894193773999898,7.166098805325211,6.276679427925221,0.060325689823941736,8.639673565064516,4.125594012223488,-4.514079552841028,-0.04817047434187887,0.2965139553395298,1.8691586214720537,1.572644666132524,0.01361304521560669,22.747995098242747,20.548446495751342,-2.1995486024914044,-0.02212815284729004,8.984731910913052,3.9954722559281146,-4.989259654984937,-0.0532988574179165,1.1192389803445646,1.803952032995279,0.6847130526507144,0.006947228891058336
test,2layer,2layer/archive_6/30f458cb-23e2-4c18-b5c0-24c46a3792a8.pt,24.95943894159827,11.173332553435516,-13.786106388162752,-0.16683262229425633,26.576476527006562,23.239883466264576,-3.3365930607419862,-0.04353542706038616,23.753410485701906,21.130817374197104,-2.622593111504802,-0.027730226516723633,5.469997229123898,2.136843387138307,-3.333153841985591,-0.025680971145629884,10.413672204201376,0.06636075781535365,-10.347311446386023,-0.10917670107033639,0.44621336003849177,5.923293287668853,5.477079927630362,0.053064363464268814
test,2layer,2layer/archive_6/3b51d9f9-f5bd-4d59-9311-8fb6db1ec885.pt,3.0756068575166537,3.2998587419631358,0.22425188444648203,0.0023157030437044746,4.121858991529483,1.5262161535466978,-2.595642837982785,-0.026938544588367648,0.03968939600708374,4.795909172623949,4.756219776616865,0.042569239934285484,7.784872510206277,6.530546123667929,-1.2543263865383478,-0.011243184407552084,1.6042712897571685,4.101038501843399,2.4967672120862305,0.024269360515730067,3.452232109530388,0.7133856196198786,-2.738846489910509,-0.02682400695122409
test,2layer,2layer/archive_6/3bf3d581-9844-4ae9-b0a4-dedb9aed96b2.pt,36.50544802956379,36.071692344971694,-0.4337556845920929,-0.006473295277835372,18.80359815538867,21.599083799839672,2.795485644451002,0.03458960539949344,0.0,0.0,0.0,0.0,10.671908537849797,4.012948225973794,-6.658960311876003,-0.050301591555277504,0.5308188785195941,7.583333046756478,7.052514168236884,0.06772368924701633,4.45557841996958,2.393691860893621,-2.061886559075959,-0.02190650009527439
test,2layer,2layer/archive_6/3d370532-eca0-46a9-b448-cc93dd52b0b9.pt,11.556253891574976,7.5286835481532695,-4.027570343421706,-0.04441648362104557,6.311742943104763,11.666805277198794,5.355062334094031,0.049049417190615556,43.216675692170526,40.58291666616894,-2.6337590260015844,-0.03688156604766846,15.47111316494973,10.327134563149938,-5.143978601799791,-0.04703049659729004,19.25697471322245,14.545998769029572,-4.71097594419288,-0.05620987661037605,10.082965060448032,10.765939616703626,0.6829745562555942,0.006168626147012885
test,2layer,2layer/archive_6/401c6d2f-4572-431d-ae56-e4c72a88bcec.pt,23.38021160539056,24.26462838835917,0.8844167829686107,0.007061597969667319,24.531796244305283,26.754056832525798,2.2222605882205144,0.017458646153184394,0.0,0.0,0.0,0.0,8.097962687046888,1.693103867713917,-6.40485881933297,-0.05633993943532308,10.830962255001634,11.826729419405677,0.9957671644040431,0.008917931336466832,2.293251678045723,3.869431771753007,1.576180093707284,0.014758764449103656
test,2layer,2layer/archive_6/4c2a5a38-c2da-41c0-92e8-83ac6bb5dce2.pt,6.408931698684239,3.719348517828492,-2.689583180855747,-0.02558427733877946,2.256065597588065,3.950200581223093,1.6941349836350281,0.017479189679659144,3.444742403769532,6.481254634032008,3.0365122302624763,0.028979182243347168,0.10254392812707813,1.166867737149515,1.064323809022437,0.008926868438720703,4.474684779200714,7.967497697545288,3.4928129183445744,0.032852198056037334,6.265230021466083,7.6331603147166565,1.3679302932505735,0.014679715850820448
test,2layer,2layer/archive_6/4d8a6bcf-de42-441d-abb0-debeb59f6405.pt,12.144737929996328,13.484871711470923,1.340133781474595,0.011835864846150736,3.920598265176424,6.10340787097305,2.182809605796626,0.01923611797863924,8.55344401952029,2.9192320010527424,-5.634212018467547,-0.053010642528533936,20.149975644394438,21.367452714996627,1.2174770706021896,0.012631893157958984,23.805497642133876,23.805497642133876,0.0,0.0,19.16082215920165,10.99160182843502,-8.169220330766631,-0.07065975450994978
test,2layer,2layer/archive_6/4e514361-0597-4189-b05b-e9f2e3036c09.pt,19.217809723444237,2.231847233040642,-16.985962490403594,-0.1900282794731291,14.482833813657301,14.482833813657301,0.0,0.0,22.70646067219816,26.358334982409396,3.6518743102112374,0.039541006088256836,13.810819268088512,25.166155318441277,11.355336050352765,0.10465049743652344,2.6197936450702923,13.821704892421105,11.201911247350813,0.10340316427562354,3.104679612558373,1.3470798437446014,-1.7575997688137714,-0.01814923039389638
test,2layer,2layer/archive_6/5f32b2fe-fd31-4514-a5e8-50c72316df64.pt,14.94245591274212,9.580304436997574,-5.362151475744547,-0.06086455714062844,3.6458263781577966,7.87874576582004,4.232919387662243,0.039994110932221286,5.054268744121318,1.7755165041822618,-3.278752239939056,-0.02828240394592285,12.626068597944915,15.451340583128449,2.8252719851835337,0.021145003182547435,10.127513839866628,7.635066446592847,-2.492447393273781,-0.02729351886750621,6.060495635718863,0.5842526967972401,-5.476242938921622,-0.05299070821005917
test,2layer,2layer/archive_6/833686cb-ec8e-496f-ab76-dd9fcfa29801.pt,13.85402132150209,10.278760910390488,-3.5752604111116018,-0.040493157417208527,10.23911347439714,13.053936560228562,2.8148230858314225,0.03173691733589386,17.961109953980138,27.39525227314347,9.434142319163332,0.1000839074452718,23.021356655330482,17.801703533493427,-5.219653121837055,-0.03581893444061279,3.027953744219919,12.75088778048242,9.722934036262501,0.09002870501893939,7.97120635732122,5.919265509139962,-2.0519408481812578,-0.022018200921908895
test,2layer,2layer/archive_6/8c3999d4-26ed-4457-939a-d41bea818d1e.pt,9.542454704252203,9.094910028683378,-0.4475446755688246,-0.004923424889101103,17.32221953002832,10.577432306730733,-6.744787223297587,-0.07796340793530278,14.233155658497948,11.013151567055573,-3.220004091442375,-0.030572811762491863,22.01566050505318,14.635316011110692,-7.380344493942488,-0.054207563400268555,1.0246911590489758,1.5241406022339958,0.49944944318502005,0.005058414064678004,0.9894653758031596,5.856415889217061,4.866950513413902,0.050479193399910735
test,2layer,2layer/archive_6/8e8bfd47-cd90-43eb-bc3e-636277d88d17.pt,36.44128567197473,30.337111367462946,-6.104174304511787,-0.08798512608353033,34.82712606425488,30.428625295353733,-4.398500768901144,-0.06281285755148741,50.13589338223918,52.76654222117131,2.6306488389321316,0.03974088033040365,7.731187892985224,3.808569585609555,-3.922618307375669,-0.03327646255493164,1.6849171357451411,8.921609390961661,7.2366922552165205,0.0686893699309683,0.9234393393165049,0.44621336003849177,-0.47722597927801313,-0.004823885988523426
test,2layer,2layer/archive_6/a6c9e2e1-da7f-4447-aa1a-feceb910d743.pt,20.325867725398254,17.213717576069136,-3.1121501493291177,-0.026011068054080367,20.60649053088033,21.44440199893326,0.8379114680529298,0.006860599652005291,19.32944348982102,20.394742076971177,1.0652985871501564,0.00771331787109375,74.36649994464963,70.08020288476779,-4.286297059881846,-0.02148491995675223,1.9385160186365373,0.9396299234271814,-0.9988860952093559,-0.00984610829200343,1.698549815518623,11.273136328210484,9.57458651269186,0.10232344986721516
test,2layer,2layer/archive_6/b1b34be5-0a0b-4b70-9ca4-8920b6bd2a46.pt,15.702378027816401,8.328868856457486,-7.373509171358915,-0.08349220624522849,20.44432438295258,18.20591310162705,-2.2384112813255292,-0.02742847141645841,25.847753702016064,15.39119302877853,-10.456560673237535,-0.12080437796456474,30.366405330061518,25.821303699907787,-4.545101630153731,-0.04614853858947754,11.69137364395526,10.290688323298827,-1.4006853206564323,-0.015679575451285857,0.4666268583446748,1.1515965548297882,0.6849696964851133,0.006791683041522116
test,2layer,2layer/archive_6/be25cb9d-6e3f-42fd-92d0-2907defc6b40.pt,15.132686729027833,28.42464683951719,13.291960110489358,0.1081906563497492,3.9279198773214254,6.468005413885723,2.5400855365642974,0.024130287699909474,0.0,0.0,0.0,0.0,17.383089387824064,10.973661828043792,-6.409427559780273,-0.059416341781616214,19.888519862792453,11.948358204411058,-7.940161658381395,-0.09375735806585292,3.4702153066747092,3.3775105731779975,-0.09270473349671171,-0.002100219444123091
test,2layer,2layer/archive_6/c4b89ffd-5534-4864-b3c3-0365054a4bce.pt,46.73903799745266,36.87543420797128,-9.863603789481381,-0.15780382758755473,5.187674947424101,6.316528221842564,1.1288532744184625,0.011966356155163975,25.19464563713738,20.927599158417003,-4.267046478720378,-0.030018389225006104,11.08069825560714,15.844097026969267,4.763398771362127,0.04107487201690674,18.261833108126922,9.813287574906703,-8.44854553322022,-0.09775320218116719,10.37274684960728,11.738312285492533,1.3655654358852534,0.012259636465196438
test,2layer,2layer/archive_6/d306205e-ea7c-4434-8f63-b495776541d2.pt,42.75131298911905,29.741967737828137,-13.009345251290913,-0.1943562596104562,24.922987537439866,20.462339009062735,-4.460648528377131,-0.05676046522615598,19.548983457661553,14.233155658497948,-5.315827799163605,-0.05285938580830892,2.136843387138307,1.175039558274624,-0.961803828863683,-0.007458162307739258,12.538296289420423,0.3172629705582859,-12.221033318862137,-0.13057360886613983,3.4509304490208703,8.240408479039546,4.789478030018676,0.045210209282388863
test,2layer,2layer/archive_6/dcdc9aa9-839d-4232-a871-59efea32b862.pt,15.218146300575732,17.445994431870577,2.227848131294845,0.01904160921771257,16.403939729367472,17.24532126073286,0.8413815313653892,0.0071584986326182695,0.0,0.0,0.0,0.0,42.33355982719221,31.65172977284665,-10.68183005434556,-0.12073105573654175,2.800620340106566,8.88307855335894,6.082458213252375,0.057421240868506494,5.696558517023633,3.5486943361576735,-2.1478641808659598,-0.023757127296996965
test,2layer,2layer/archive_6/dd583f5e-f725-41a9-a595-841848c3ce8e.pt,42.44352803795556,45.00629881056028,2.562770772604722,0.04197332373699851,10.364642586701382,13.179271100299726,2.8146285135983433,0.03177559595253415,4.509153822293802,2.8705680112106537,-1.6385858110831486,-0.014173269271850586,14.409956134514008,17.336540464467483,2.9265843299534744,0.018841028213500977,22.478133698087873,19.76091296422991,-2.717220733857964,-0.0339526130157767,14.755480427861524,10.234255624187279,-4.5212248036742455,-0.04003202843637455
test,2layer,2layer/archive_6/fb7dd362-2b16-405f-9a87-d0a17c25fe87.pt,18.846478673625302,26.373543066104244,7.527064392478941,0.06077266665273831,41.36976993509395,42.98895798061912,1.6191880455251706,0.01104266826923077,7.771473438523389,4.509153822293802,-3.262319616229586,-0.028937498728434246,47.928384138023226,42.38420647577026,-5.544177662252963,-0.032290488481521606,21.44971841560163,27.353734468485484,5.904016052883854,0.046902391387195125,2.2973724566067943,1.612682303060149,-0.6846901535466454,-0.006713906910999024
test,2layer,2layer/archive_7/32e688bb-49ca-4f24-a4d9-cd525bd2fbed.pt,9.063393175017207,5.4798341517790154,-3.583559023238192,-0.03859292561004857,23.501665177710866,13.422909012016245,-10.078756165694621,-0.12241855854861045,17.430493896987944,7.771473438523389,-9.659020458464555,-0.09174148241678874,4.820635412324256,1.6783537848543413,-3.142281627469915,-0.025839601244245256,16.824303173878793,16.328262485181334,-0.4960406886974589,-0.005897018855527238,17.80298828849282,9.625719352195844,-8.177268936296976,-0.07163404677910545
test,2layer,2layer/archive_7/4814f779-f723-4f2c-99ba-a4f4fc2e66a8.pt,47.516106034762785,43.68911076321138,-3.8269952715514037,-0.0642218520104807,33.75160944352842,30.72557446167716,-3.0260349818512644,-0.04300896485550873,0.0,0.0,0.0,0.0,18.65246747207664,7.731187892985224,-10.921279579091417,-0.1002312183380127,8.913058874182136,0.5712379506162865,-8.34182092356585,-0.087581835847866,0.23896587972252736,7.974556414736065,7.735590535013538,0.07428210349551828
test,2layer,2layer/archive_7/48ee80f0-80eb-478b-9be8-3c5b9b13a3a8.pt,4.230415972073506,11.395592328296779,7.165176356223273,0.06638322303783965,0.3756699131391326,3.8604446724421244,3.484774759302992,0.034108203683082615,7.659460339550029,9.244519399647592,1.5850590600975627,0.012767553329467773,19.28553538394449,17.383089387824064,-1.9024459961204272,-0.018447113037109376,18.5927212743363,13.133453511123898,-5.4592677632124005,-0.06441068539066112,1.2654053450919038,1.2654053450919038,0.0,0.0
test,2layer,2layer/archive_7/4ecb664d-beee-412d-8844-423c09123665.pt,7.517348673346492,9.30835137495374,1.7910027016072476,0.01649322819985857,14.27999235096158,14.982333824340417,0.7023414733788371,0.006098345083946011,0.0,0.0,0.0,0.0,71.96117065805424,61.10128323832533,-10.859887419728913,-0.05680475916181292,7.589414266608554,0.3984103389524023,-7.191003927656151,-0.07490443136941922,7.767798695460657,0.23896587972252736,-7.52883281573813,-0.07841039406394214
test,2layer,2layer/archive_7/585ec3ca-b257-424e-bd28-9b6dce078a41.pt,6.331266253792631,3.641637452911826,-2.6896288008808047,-0.028289871862823744,18.510265713734608,21.027224865861427,2.5169591521268195,0.020845155101599653,0.0,0.0,0.0,0.0,28.032574272171615,19.28553538394449,-8.747038888227124,-0.09006829261779785,12.181937920677363,8.19675664127688,-3.985181279400484,-0.0442457256340036,0.6560997449410779,5.5055319483119565,4.8494322033708785,0.04699072661647642
test,2layer,2layer/archive_7/7358a772-2e4f-4117-8453-ab4303472db6.pt,18.744417885861598,17.854783627872077,-0.8896342579895204,-0.010778218431933842,15.085880152386407,17.610797336099015,2.524917183712608,0.029944447124962647,1.8691586214720537,10.10314148573723,8.233982864265178,0.07690209150314331,7.0797829873857765,10.327134563149938,3.247351575764162,0.028398561477661132,2.527334312567002,4.963758526277683,2.4364242137106813,0.022836128197447614,2.235181238472995,0.8656275970963976,-1.3695536413765974,-0.013907817228377587
test,2layer,2layer/archive_7/7b3e958a-1753-452d-a385-f2cd3a4c86e5.pt,9.528479695100543,12.211730641077564,2.6832509459770204,0.02413781074996216,2.106357370186766,0.41187640527203745,-1.6944809649147288,-0.016733055535403368,17.73381779041996,21.50151723351243,3.7676994430924715,0.029512776268853083,21.86878547510495,19.873213933905692,-1.9955715411992578,-0.018658220767974854,7.543620443424433,2.301835542638904,-5.241784900785529,-0.05509237287448079,4.797923663248611,0.33876539358165886,-4.459158269666951,-0.045754275438262194
test,2layer,2layer/archive_7/c0dd7391-0ec2-4e44-9543-0bb964ba2a22.pt,37.59901069285698,23.80872507017444,-13.79028562268254,-0.19277250013041664,34.56146019686808,34.28734535798039,-0.27411483888769084,-0.003999255952380952,0.0,0.0,0.0,0.0,0.21505095671192098,6.530546123667929,6.315495166956008,0.05446418126424154,8.741551837222062,4.960597798505809,-3.780954038716253,-0.04053394516928277,6.20152219699435,9.620975494292146,3.419453297297796,0.031631553107923496
test,2layer,2layer/archive_7/d2449a07-06ea-4f64-9d53-836a4dad503a.pt,12.099198852651154,9.863169890283833,-2.236028962367321,-0.025033869522246045,0.10513314728470141,5.470048223035612,5.36491507575091,0.052191265297754225,16.367283995344632,15.301500648005192,-1.0657833473394405,-0.010474522908528646,1.3746738281205928,4.012948225973794,2.638274397853201,0.022748549779256184,4.141916023573336,2.644005552688577,-1.4979104708847593,-0.01549942216876552,1.2110163529805387,5.31848269181952,4.107466338838981,0.04244781034773502
test,2layer,2layer/archive_7/e5fca277-9faf-4678-8224-504302ba787f.pt,73.39665003452652,66.30873453158159,-7.087915502944924,-0.03893955148381295,57.56474164889724,43.82893352124731,-13.735808127649932,-0.08748378023008574,119.26145191499738,109.68199922447512,-9.57945269052226,-0.03761605655445772,152.4131065619398,143.77424554493305,-8.638861017006747,-0.027334282795588177,0.04239542410251897,4.787465277563312,4.745069853460793,0.04631771613023952,8.420731427901247,6.53948750767513,-1.881243920226117,-0.020291002143044717
test,2layer,2layer/archive_7/f3d467ed-4806-486d-a26b-d45eae2641ee.pt,2.5023282002257683,14.51701977436911,12.014691574143342,0.11000262743270928,18.793272625407425,17.112286889146365,-1.6809857362610607,-0.020288225907346226,0.0,0.0,0.0,0.0,28.08064301318696,29.982498735834497,1.9018557226475359,0.012431042534964425,7.2904536199374705,2.132414870238762,-5.158038749698708,-0.05409660577137133,1.3309870245005437,3.8056813410714496,2.474694316570906,0.023937788165983607
test,2layer,2layer/archive_8/0a5ddc5a-2124-4b86-a9c9-4b7b630f6409.pt,54.154359958776986,49.97299865551926,-4.181361303257724,-0.07643536851581623,35.91930679899489,25.719925188963202,-10.199381610031686,-0.1426609347890913,23.753410485701906,13.162292557912373,-10.591117927789533,-0.1072100003560384,9.036116602455124,12.460770074878798,3.4246534724236746,0.0318751335144043,16.841394090889544,15.352682966248004,-1.48871112464154,-0.017606070336888657,16.07044458626058,9.250947013383364,-6.819497572877218,-0.06032597375546761
test,2layer,2layer/archive_8/0a65055e-4eb6-41b9-a98b-842fd98b830a.pt,31.346717708201137,28.93576540906659,-2.4109522991345465,-0.018208081109911577,12.382365127827661,14.06949263084076,1.687127503013098,0.014842995579093488,22.659714817969064,16.361521053717816,-6.298193764251248,-0.047936439514160156,56.653451914144746,55.77727727320774,-0.876174640937009,-0.0048048973083496095,2.2033037871173837,0.20554584531945294,-1.9977579417979308,-0.020219028502493536,3.7348228709079683,5.788004557053193,2.0531816861452246,0.02154237201767937
test,2layer,2layer/archive_8/0d722481-0f97-4265-b346-ead8195cf783.pt,15.616192514833891,8.018345852993773,-7.5978466618401175,-0.08585286101206802,15.676994903971515,12.304452872862944,-3.372542031108571,-0.038991003703123604,14.983755064766116,16.51609772062554,1.5323426558594253,0.015798509120941162,8.094791867576168,7.451925425102806,-0.6428664424733617,-0.004963874816894531,3.6883726409229514,10.671369313539179,6.982996672616228,0.06508568483701233,2.235181238472995,2.558311179721935,0.3231299412489399,0.0026550412131491606
test,2layer,2layer/archive_8/0fff9bc7-9cd9-44cc-983a-5ce7fc6bc781.pt,18.761183771621006,0.8742188665182815,-17.886964905102726,-0.19824463521096006,23.302501868878604,21.070776076996484,-2.23172579188212,-0.028233406115975697,0.0,0.0,0.0,0.0,27.447021954878167,28.08064301318696,0.633621058308794,0.0041876861027308875,16.930792519220518,8.97368868104101,-7.957103838179508,-0.09100255496556557,3.6667165248473172,8.455648890665824,4.788932365818507,0.045112230007321834
test,2layer,2layer/archive_8/14cb3f45-2033-46ef-898c-f9130b1c12a9.pt,11.651219733449407,12.991775633541605,1.3405559000921983,0.015223355288193212,23.059401080418997,15.505589846279493,-7.553811234139504,-0.09255467830521773,40.597164720210536,32.02459648075786,-8.572568239452679,-0.1067205270131429,23.29607421154871,19.669452597763726,-3.626621613784984,-0.026288085513644747,11.28399885717987,9.78975632645877,-1.4942425307211007,-0.013483629590243377,2.409862294244945,5.805418942764648,3.3955566485197033,0.035974255851645494
test,2layer,2layer/archive_8/2210331c-e22f-4e60-b04b-69115deb16c8.pt,19.650822027632845,16.536728500424953,-3.114093527207892,-0.02618895150273224,7.576446495895522,7.858419911948677,0.2819734160531553,0.002614014501565936,25.807152260819525,18.59406591338463,-7.213086347434896,-0.052607488632202146,8.410874713173863,7.158082129806216,-1.252792583367647,-0.011302789052327475,5.29141290402355,9.281706229753398,3.9902933257298487,0.03714766468075539,6.255126020135946,8.99022500427287,2.7350989841369246,0.029558789879707115
test,2layer,2layer/archive_8/38a328a9-39b0-4514-a70f-e64723431305.pt,9.764555115165736,8.421680849549485,-1.342874265616251,-0.012285971716466304,12.849979236251503,10.879910971173198,-1.9700682650783055,-0.01755571353095269,0.0,0.0,0.0,0.0,56.79193447688481,47.84300183366301,-8.948932643221802,-0.05113055489280007,5.960669096042562,1.7794463429721497,-4.181222753070412,-0.043795250487618724,12.751834186986969,3.866013588474404,-8.885820598512565,-0.09675933771691975
test,2layer,2layer/archive_8/43034ef5-dec9-4c96-a19e-f9b280e3b801.pt,50.352077580245194,43.1442188299315,-7.20785875031369,-0.12281973934492144,13.568012458262274,7.935900529013997,-5.632111929248277,-0.06291283620412576,0.0,0.0,0.0,0.0,4.464673575038047,10.17031067211605,5.705637097078004,0.04089236259460449,26.503575553496802,13.279162038196652,-13.22441351530015,-0.16325759747706423,10.477747947898,20.00810001051659,9.53035206261859,0.08230640390722616
test,2layer,2layer/archive_8/656a93a9-4e0b-4860-9329-e6076dbbe1f2.pt,21.899193813883205,13.890919250474873,-8.008274563408332,-0.09663882610186249,12.837117899343655,8.894829737958297,-3.942288161385358,-0.04408568289022299,26.940622491562895,25.933696346533882,-1.0069261450290128,-0.007200717926025391,14.831699418226172,14.831699418226172,0.0,0.0,9.142349545913484,2.155904072424449,-6.986445473489035,-0.0740001576431253,4.011915288736777,8.116904286146532,4.104988997409755,0.03866591902194124
test,2layer,2layer/archive_8/736a5903-52d0-4dff-9cdc-12d869652081.pt,6.070879877705691,6.966961886803276,0.8960820090975847,0.00840391003928328,10.985131605564883,12.392459032370429,1.407327426805546,0.012561792121062707,3.4582666911391846,2.7200673949307776,-0.738199296208407,-0.007071495056152344,43.5611563227601,38.613728016569944,-4.9474283061901545,-0.05878812074661255,10.06780320615556,5.829034673910212,-4.238768532245348,-0.04596807538300836,1.4788508018978712,2.163656635370694,0.6848058334728226,0.006723399276323817
test,2layer,2layer/archive_8/956172ba-b659-457b-97c7-ca510c0c8f09.pt,9.577431374753193,10.69589851980192,1.1184671450487276,0.012410655305488596,18.05465291530427,9.6235063147817,-8.43114660052257,-0.09735924011341396,17.535178237709484,8.036024210631686,-9.499154027077799,-0.09491920471191406,7.902564367107451,6.987518481451433,-0.915045885656018,-0.007442295551300049,3.3431216083034596,3.8424222526599316,0.49930064435647203,0.005177034798506542,7.77657812694593,0.43665001162060424,-7.339928115325326,-0.0704719913395212
test,2layer,2layer/archive_8/97d77693-1c13-481c-96c6-8e7d60ca95ec.pt,9.471220044728247,9.918696615282078,0.4474765705538317,0.004070466062653563,6.816820385764517,7.098966593611401,0.2821462078468837,0.002634848652044004,0.0,0.0,0.0,0.0,34.05066373620995,43.000838705130654,8.950174968920706,0.055078476667404175,20.68959147525925,13.391397153108445,-7.298194322150804,-0.08722362719469079,7.967210059849996,2.987541556756641,-4.979668503093355,-0.053520453081214975
test,2layer,2layer/archive_8/9d369262-a6f5-44c0-a737-a31c6e4ea9dc.pt,37.83360970395285,41.28154783572922,3.447938131776368,0.02403320265416325,46.03407485744218,44.42608436156648,-1.607990495875697,-0.010695144001033191,55.454536420773515,63.471253774524286,8.01671735375077,0.04526195526123047,90.36375797435768,92.53824072654209,2.174482752184403,0.009215807914733887,1.9442404742132373,6.438103235175406,4.493862760962169,0.043106792129088786,4.740887759119375,0.9741393568355701,-3.766748402283805,-0.03875071895730359
test,2layer,2layer/archive_8/c4b1d89b-bb5c-4422-8d81-601305127d28.pt,15.213162757964463,7.165402959771807,-8.047759798192656,-0.09033567050309035,0.8775626632666109,4.830787934624698,3.953225271358087,0.040686899320206284,19.32944348982102,8.715912933711873,-10.613530556109147,-0.08114755153656006,10.394801378764763,14.489950313830857,4.095148935066094,0.034927964210510254,16.08293455238367,20.91140429993727,4.828469747553601,0.040453895335851205,0.11394420644903222,0.7988557328060805,0.6849115263570482,0.006815764527081978
test,2layer,2layer/archive_8/cb2fee39-ad33-4e07-835c-6704df593935.pt,24.105751003240332,24.768535047745953,0.6627840445056208,0.0052630299494360175,4.601730049580147,7.705518850683859,3.103788801103712,0.029213325826124292,9.063738385396706,8.309903516350786,-0.7538348690459191,-0.006346861521402995,1.693103867713917,2.3304813910452142,0.6373775233312973,0.0052062273025512695,11.328910635487647,12.821913858977371,1.4930032234897244,0.013277214188320327,4.553903461076564,2.5001600630088747,-2.053743398067689,-0.019828777428336882
test,2layer,2layer/archive_8/d023220a-5b17-40a8-a21c-89ea13af5e34.pt,3.006725666292008,9.992713540912149,6.985987874620141,0.06464412913602942,2.6573487995317877,5.4805485067483195,2.823199707216532,0.027117685257231783,100.0,100.0,0.0,0.0,19.917528291754536,13.549758191252566,-6.36777010050197,-0.060688018798828125,30.95907629232505,23.11448801044353,-7.844588281881521,-0.1049241530112898,0.44236056995254625,7.0878512251098655,6.645490655157319,0.06400530436550976
test,2layer,2layer/archive_8/d11e566d-0fda-40a3-a6f0-8ef31207f1c6.pt,2.660578163717548,2.660578163717548,0.0,0.0,2.2002235676883455,1.7537655272388193,-0.4464580404495262,-0.004069830138966611,0.0,0.0,0.0,0.0,10.671908537849797,1.4838127793886788,-9.188095758461118,-0.07197002569834392,24.300001800200842,16.39112888823552,-7.908872911965322,-0.09803562538296569,4.669817007776615,2.5214687358308487,-2.1483482719457663,-0.022903905572419773
test,2layer,2layer/archive_8/d4e16d82-5701-4653-8056-ad3933acdf8a.pt,39.436831060416715,36.84333368508034,-2.5934973753363764,-0.01829267388270808,46.64833379286827,33.64292906817328,-13.00540472469499,-0.09026781346959804,24.77646571741925,10.36749115465638,-14.40897456276287,-0.10969986915588378,52.694637997864874,6.167926203720339,-46.52671179414453,-0.2976898153622945,0.6326758644020956,13.850274878055775,13.217599013653679,0.12318206743944483,9.868911995298827,4.223902520107602,-5.645009475191225,-0.06061829911901596
test,2layer,2layer/archive_8/dcb7a9e5-155f-438f-a75b-6e5987b95275.pt,124.75615789353542,125.30270589706609,0.546548003530674,0.0020693709168731695,99.5899367114299,94.4066253884136,-5.183311323016298,-0.023506202210292013,165.2845053293173,162.83902740310074,-2.4454779262165687,-0.0072613377724924395,164.4947225100842,164.948887590591,0.4541650805068116,0.001323007047176361,3.0680290364298113,4.316532225420891,1.24850318899108,0.01203349619515836,9.871389071843636,9.529658383674205,-0.34173068816943086,-0.0037726204799687826
test,2layer,2layer/archive_8/dd241f43-15fd-42c5-b6b1-b0785d9fc45d.pt,22.64741454498639,8.833974685155532,-13.813439859830858,-0.1629668943842832,1.3901644434563871,0.8692493706346534,-0.5209150728217338,-0.005343863918405336,0.0,0.0,0.0,0.0,7.158082129806216,5.902271982010657,-1.2558101477955592,-0.011183579762776693,18.897285773741086,16.91548664628623,-1.981799127454856,-0.016693923478010873,3.517777126128159,0.590564063413022,-2.927213062715137,-0.02991516028155509
test,2layer,2layer/archive_8/f7c47578-a557-4ba9-b400-fcfe43105585.pt,52.58400623496384,45.84223758512986,-6.741768649833979,-0.04342630436063957,38.37870615416522,30.707130067039675,-7.671576087125548,-0.05579410411331626,8.168569975651899,2.6250506073008957,-5.543519368351003,-0.04380826155344645,17.336540464467483,17.336540464467483,0.0,0.0,17.25215838751282,16.011767436776456,-1.2403909507363657,-0.010569056648224709,5.325838537373283,1.8667815707101065,-3.4590569666631765,-0.03301176510179617
test,3layer,3layer/archive_1/1779f702-f865-451f-89d0-4f6b42a09e77.pt,17.165503861360182,26.911740036904792,9.74623617554461,0.07911165737317112,24.943364040243225,24.665222117878955,-0.27814192236427004,-0.0022014398838228846,0.0,0.0,0.0,0.0,4.328295222103011,1.3746738281205928,-2.9536213939824183,-0.02548956871032715,2.435601636900523,9.607595488001394,7.17199385110087,0.06700470124057789,12.606951558471446,0.390744154378707,-12.216207404092739,-0.1305928021855486
test,3layer,3layer/archive_1/182b1883-c1ef-4e91-b811-6a3d11a6d43f.pt,44.66491377211823,37.00936454840526,-7.655549223712974,-0.05280742004887378,27.44459609706614,13.61750929500387,-13.827086802062269,-0.11383357937565261,55.83891498401099,54.53138684341543,-1.3075281405955579,-0.007897758483886718,140.31942695952586,139.84314031518136,-0.47628664434449774,-0.0015973466815370502,8.988774669281815,0.7528259217158958,-8.235948747565919,-0.08654510689273867,3.5912703887567563,2.915746657293906,-0.6755237314628504,-0.007827099187229828
test,3layer,3layer/archive_1/1aefc079-3d88-4736-ab6a-8821bf651cfa.pt,68.88155762133654,64.49633678919258,-4.385220832143958,-0.024663932965691044,52.253290942253,39.413999600989456,-12.839291341263547,-0.08503567473577868,62.53581125760454,63.211557877512845,0.6757466199083026,0.0037337649952281604,8.151190979329625,7.479703451421922,-0.6714875279077033,-0.004975461959838867,23.102206043696533,27.281100630631098,4.178894586934565,0.03295731533253772,5.42221275581786,1.0854493928775941,-4.336763362940266,-0.04490533923426419
test,3layer,3layer/archive_1/652d7823-3b2f-48c4-b58a-bf36a9040d34.pt,23.180136693160453,11.446155572233186,-11.733981120927266,-0.09945923049091779,21.221768875317334,11.93232392868364,-9.289444946633694,-0.07925327491648586,41.55941124527217,31.88086404877893,-9.678547196493245,-0.06719652811686198,41.903116325844444,40.722854689696,-1.180261636148444,-0.014998626708984376,10.476322707303828,0.4964980671082206,-9.979824640195607,-0.10556667115747917,4.6839141263012,2.848407208460849,-1.8355069178403514,-0.019873451988775014
test,3layer,3layer/archive_1/7964a722-8bad-4458-9c56-7a00af65391c.pt,2.4520631878747463,8.756102637577571,6.304039449702826,0.05906182160591722,0.9695682797908839,4.075710770434195,3.1061424906433106,0.030293221835328555,0.0,0.0,0.0,0.0,27.41512967692728,12.263730422826386,-15.151399254100893,-0.14964141845703124,22.214381528856322,12.17649819703821,-10.037883331818112,-0.12022054756637168,0.08543612425054065,14.102733679587004,14.017297555336464,0.13084313453993598
test,3layer,3layer/archive_1/7dff1db2-d16a-4a01-829b-05b72a41623c.pt,11.89204758135429,13.036970791400645,1.144923210046354,0.013021647050654445,15.323839539269747,11.018054946809075,-4.305784592460672,-0.049348115909422584,26.841010045667797,24.517334455964136,-2.3236755897036616,-0.027529525756835937,9.615145438221097,8.719436939190766,-0.8957084990303308,-0.008608579635620117,5.653267747651035,10.63926805706382,4.986000309412785,0.046038088192840644,7.572410099694661,8.939619361938465,1.3672092622438043,0.014873064672285862
test,3layer,3layer/archive_1/88cf0a0e-91b2-4947-96d7-9eed8547d6cd.pt,12.244013560294883,3.063761440683088,-9.180252119611795,-0.09930807119711421,0.07135030021192985,0.9171571069724882,0.8458068067605583,0.008415704061491471,0.0,0.0,0.0,0.0,31.712594450428877,24.31076477763639,-7.401829672792488,-0.08011102676391602,15.538659320793132,5.8282701320433645,-9.710389188749767,-0.10842669415739269,1.2558594312813793,11.061372925942273,9.805513494660893,0.09214871070876708
test,3layer,3layer/archive_1/9e767c1a-c86e-47d2-9618-8ef0d7eff20c.pt,7.125908381118339,2.741313839437099,-4.38459454168124,-0.041764486621534494,9.000354344659238,6.039086946388102,-2.9612673982711355,-0.03197289433854209,4.626100837902011,1.2242338758635145,-3.4018669620384965,-0.03267506190708706,4.602861185467226,4.306667578031959,-0.2961936074352671,-0.002754158443874783,8.117149262783295,3.1269345114721983,-4.990214751311097,-0.05283677951307251,6.261387854444389,8.99632498266694,2.7349371282225503,0.02955956453402367
test,3layer,3layer/archive_1/bd7b1de0-0728-4813-a20e-2217a437ae55.pt,6.364646251931778,6.414841007761241,0.05019475582946331,-0.003583542270205244,10.790542395978097,4.163221128102852,-6.627321267875245,-0.07153959627974213,0.0,0.0,0.0,0.0,19.84503242790619,9.66057325136171,-10.18445917654448,-0.09900148709615071,25.10313716373382,19.183525550620928,-5.919611613112892,-0.07486720619019138,2.8431716403668497,6.057137132277028,3.2139654919101788,0.029944398494201642
test,3layer,3layer/archive_1/c12178a4-9a41-4408-bb6e-2a2b0220f271.pt,19.23031602412701,8.519521360033645,-10.710794664093365,-0.12377136682059085,10.36976007359651,8.115102240252805,-2.254657833343705,-0.024784361214156808,0.6509814181401896,13.96309854673948,13.312117128599292,0.11162705421447754,20.149975644394438,15.24436280663733,-4.905612837757108,-0.04921118418375651,22.76794395877678,17.825076266264457,-4.942867692512323,-0.06123062817431525,5.854786166918566,7.906774723828622,2.0519885569100564,0.01917531457911484
test,3layer,3layer/archive_1/cac2ba37-2e08-4ee6-a30f-40100774fba2.pt,32.120257919994096,21.329801701460177,-10.790456218533919,-0.1438918671350354,18.299241677623947,16.477349695298724,-1.8218919823252229,-0.021853462713824243,23.10276280828924,10.10314148573723,-12.999621322552008,-0.1354440450668335,0.753541031629785,3.578347674222858,2.8248066425930727,0.023649079459054128,1.891537293977295,2.603457191826256,0.7119198978489609,0.006603555185671418,1.803952032995279,0.4344984398149137,-1.3694535931803653,-0.013847061658232388
test,3layer,3layer/archive_1/e15f45e8-e937-4419-b661-351b6a4e3b24.pt,1.8748928788001382,0.6413449509624114,-1.2335479278377268,-0.012492037321542323,7.385986237019673,3.85846960990793,-3.5275166271117433,-0.03734736390560361,5.693999856285956,0.1418005746303264,-5.552199281655629,-0.05147242546081543,0.9055975560861778,3.921244135652916,3.0156465795667384,0.02703702449798584,1.3874278483375946,4.383353738091953,2.995925889754359,0.02911322233282354,7.572410099694661,8.939619361938465,1.3672092622438043,0.014873064672285862
test,3layer,3layer/archive_1/e512b35b-2fc9-49ce-87f4-274643a853bd.pt,48.93314537010301,40.84137896107034,-8.091766409032672,-0.13461226826092762,28.18243013223838,29.84140700480127,1.6589768725628886,0.022696397569444443,0.8203846302350939,7.659460339550029,6.839075709314935,0.057399213314056396,1.166867737149515,1.166867737149515,0.0,0.0,27.634751696365964,22.719413144188447,-4.915338552177516,-0.0643355822185802,19.700581307262357,25.783591261924883,6.083009954662526,0.049044957287308226
test,3layer,3layer/archive_1/ffdcecc5-d14c-43be-b3c4-2857c53c08f1.pt,21.541953369039966,3.0106127278957873,-18.53134064114418,-0.2108502683897797,11.134041523865625,13.947205403659234,2.81316387979361,0.03202188040110446,55.82147004397181,52.37613551972575,-3.445334524246057,-0.05665552616119385,11.619202051917346,28.032574272171615,16.413372220254267,0.16213059425354004,16.60307745245943,5.673709557516233,-10.929367894943198,-0.12264077002973543,0.5608360395590141,7.313302790972203,6.752466751413189,0.06490085730838031
test,3layer,3layer/archive_2/1b0f0ba7-0377-4474-b62e-4b95e0367519.pt,6.841588188010776,21.11888154867329,14.277293360662515,0.12486335364541964,6.644962263161106,11.559414105203725,4.914451842042619,0.04496436913361305,0.0,0.0,0.0,0.0,6.474583421219152,0.9055975560861778,-5.568985865132975,-0.05058795213699341,0.2682414432826874,3.7269588596090415,3.458717416326354,0.03390000178868769,7.572410099694661,4.836093991937838,-2.7363161077568234,-0.029140894501757355
test,3layer,3layer/archive_2/212e820a-7f1a-4ca0-846a-920f20a79783.pt,59.079769959772094,61.93218097922757,2.8524110194554737,0.016812969984997074,61.40697022303257,49.41761694851267,-11.9893532745199,-0.0735535648304783,110.12138781546017,103.77936996142857,-6.342017854031596,-0.02642892908166956,176.25175609702967,173.869572682522,-2.382183414507665,-0.0066835467020670575,2.359406988422114,9.688631516550842,7.329224528128728,0.06907856292348645,11.797789029580583,3.2488907501177358,-8.548898279462847,-0.09230380099513688
test,3layer,3layer/archive_2/326bc530-45c2-4c48-9584-277b3c01d4c1.pt,13.99727268593352,5.3843528650627,-8.61291982087082,-0.09517089678845829,6.5209095864039375,5.639174029551553,-0.8817355568523846,-0.009378734230528131,0.0,0.0,0.0,0.0,3.2168783954533287,0.44498557823127094,-2.771892817222058,-0.024201325007847378,0.17353551469260972,7.66168950256081,7.4881539878682,0.07205072120003843,8.10660237391897,1.4763353536002701,-6.6302670203186995,-0.06982134650735294
test,3layer,3layer/archive_2/39ede89b-4430-4736-a43a-4d76b5fa631b.pt,15.60521091849435,14.8247707596001,-0.7804401588942511,-0.009142384265671996,19.856922990487337,26.439272441625832,6.582349451138494,0.08420894692588168,18.162993456786523,13.6633581761361,-4.499635280650423,-0.050705302845348015,29.57104864161687,23.998779746178393,-5.5722688954384765,-0.05944604873657226,2.9350311312613497,4.182185549804821,1.247154418543471,0.011175915384212731,2.95803580386944,3.5486943361576735,0.5906585322882334,0.004841734198829141
test,3layer,3layer/archive_2/4b6b637a-e175-4c06-b927-b1f1a0bf1694.pt,27.87988869325936,19.478192125987793,-8.401696567271568,-0.10815710033492001,26.05726607760377,22.64882581307902,-3.4084402645247494,-0.04419376951199474,36.471288582804874,23.35427412355057,-13.117014459254303,-0.1589300036430359,14.178824854859881,9.333120385391327,-4.845704469468554,-0.046892098018101284,1.199669986118363,5.69327079741372,4.493600811295357,0.04342918185585612,3.9496550570139664,5.31848269181952,1.368827634805554,0.014343487068659472
test,3layer,3layer/archive_2/598e9e38-fc65-430b-84cb-365d55e367a2.pt,32.50378436442282,18.861347181855326,-13.642437182567495,-0.10723786255070829,39.34823605385195,23.1533670848729,-16.194868968979048,-0.12128217084271772,69.67076516869467,61.244024383844746,-8.426740784849926,-0.0471203832915335,181.1546168020141,181.2103728930072,0.05575609099309986,0.00015218033749833066,7.847681667538718,0.5149236072396948,-7.332758060299024,-0.07653357643350465,8.508808693767376,2.0066401964028793,-6.502168497364497,-0.06856856061134033
test,3layer,3layer/archive_2/5e8ea48b-db26-40f2-8fbe-99c095cf4c68.pt,30.458652971665444,27.446500078720934,-3.01215289294451,-0.02298582305278542,7.3058187386736355,11.673524215628307,4.367705476954671,0.03981323681605472,27.99994433595109,31.539614693894134,3.539670357943045,0.025143980979919434,13.403897030364705,12.523092286834812,-0.8808047435298931,-0.007062175057151101,6.249989161859393,7.24766852756759,0.9976793657081968,0.00933577546568052,0.9328628773587206,4.544316448046047,3.611453570687326,0.037210617328565634
test,3layer,3layer/archive_2/9dadd0df-130d-4cad-bbca-0e76e22635c8.pt,22.190158951763387,12.509539880068607,-9.68061907169478,-0.11614966765919535,8.807705997095603,6.410462906291273,-2.39724309080433,-0.025906452234995356,0.0,0.0,0.0,0.0,12.795521572523057,18.014206652656693,5.2186850801336355,0.039371490478515625,19.073389328202325,11.128531774356981,-7.944857553845344,-0.09298994569740346,1.2731530877165502,10.16703763344665,8.8938845457301,0.08408533609148382
test,3layer,3layer/archive_2/baf77b73-37f4-46f9-b8f0-93d69797cd82.pt,15.21914684036313,20.558305432934638,5.339158592571508,0.04499055263722127,28.522226428507036,23.246272687015264,-5.275953741491772,-0.04136564327915832,0.0,0.0,0.0,0.0,59.36999735176083,45.51862929286219,-13.851368058898643,-0.07909623059359464,0.10775277225114603,12.485675243196363,12.377922470945217,0.11642349610036404,6.166850660298485,3.7634318536231133,-2.403418806675372,-0.026678258384146343
test,3layer,3layer/archive_2/d6607975-b0f4-45d8-9501-72d777ee383b.pt,8.503829797717794,3.6306450476706202,-4.873184750047173,-0.045910345673031476,15.548593157252215,8.796097979949762,-6.752495177302453,-0.0765838398392096,1.3476858030960732,5.178853381619607,3.8311675785235337,0.03444508143833706,21.48497540941176,18.886269069013245,-2.5987063403985147,-0.028578440348307293,11.99568676733694,7.01284301147803,-4.98284375585891,-0.05493177746416847,1.754981576873018,4.493191497246905,2.7382099203738877,0.028256700021302785
test,3layer,3layer/archive_2/dde3b4b7-3312-479a-bdc3-87fa33a93df5.pt,30.975502656799513,22.828664223390977,-8.146838433408536,-0.10881599393685173,10.390572161808684,10.95383851748793,0.5632663556792448,0.00628538316376764,0.0,0.0,0.0,0.0,29.877875039064616,24.31076477763639,-5.567110261428226,-0.05960378646850586,0.24859183172183305,11.599319920269972,11.350728088548138,0.10713617088723905,9.88466510289069,3.8056813410714496,-6.07898376181924,-0.0666137981191452
test,3layer,3layer/archive_3/05df7d2d-f518-4f33-afc3-8514d2a19475.pt,17.185501363519066,20.297757223665467,3.1122558601464014,0.02601844854194069,36.80989767791325,27.179689300982815,-9.630208376930433,-0.07159975977876708,38.89587528049061,33.53981261291009,-5.356062667580517,-0.06990313529968262,4.801706264215397,8.8234650725407,4.021758808325302,0.030092144012451173,3.2231279703133473,10.457369253201731,7.234241282888384,0.0676415140816537,4.786105925149442,6.856450772459054,2.0703448473096113,0.017247773067342532
test,3layer,3layer/archive_3/0ac9befc-ac0d-4a71-ae58-22e7e1bdffc2.pt,55.46117167175683,41.965831963977614,-13.495339707779216,-0.23631281452627503,38.80196874409403,37.713546763693365,-1.0884219804006676,-0.01664139642353356,17.025890972834695,13.190512079095912,-3.835378893738783,-0.039272427558898926,12.907243439173794,7.0797829873857765,-5.827460451788017,-0.05166478157043457,21.536768112748415,18.322322601425125,-3.214445511323291,-0.03964990912313749,5.98268435959265,15.541430890723504,9.558746531130854,0.08609668070422306
test,3layer,3layer/archive_3/0b9292d5-b52f-4bcf-9d7f-8ec507a82838.pt,32.89389446022975,27.854818839435197,-5.039075620794556,-0.07006647312874714,21.80544841735113,22.920989643388083,1.115541226036953,0.014140572674533133,30.585154938894362,33.53981261291009,2.9546576740157278,0.03667020797729492,7.471572098253989,6.216497496474588,-1.255074601779401,-0.011213382085164389,6.643112556845323,10.133188334011239,3.4900757771659157,0.032147086664716586,9.338295519388378,2.496695107503686,-6.841600411884692,-0.07265836835683297
test,3layer,3layer/archive_3/146dcf3a-693e-4216-9880-5d5271eef9ef.pt,19.501868979846094,20.168082751408985,0.6662137715628909,0.0055140869531862665,21.90638717029912,21.62723865439892,-0.27914851590020007,-0.0022703480389913507,3.711197248905535,8.828704745961332,5.117507497055797,0.04330677986145019,7.902564367107451,2.7285934453215197,-5.173970921785932,-0.04296523332595825,17.987803119930884,17.49226465440064,-0.4955384655302453,-0.004180604186992913,6.255126020135946,7.623033120373315,1.3679071002373693,0.014678197459030684
test,3layer,3layer/archive_3/2552149a-df3f-4a43-bbb0-f50f0aa86a1d.pt,33.60646210436591,48.422420225384165,14.815958121018255,0.1021191045730014,44.82468224802803,39.29130400530541,-5.53337824272262,-0.03777972829970121,96.40366533974408,98.96248860558387,2.5588232658397914,0.01129938208538553,142.18230226075997,129.33250209768383,-12.84980016307614,-0.04403766270341544,2.5860561330452096,7.245013082856383,4.658956949811174,0.04370953480804788,6.851123866694729,0.6812535536441517,-6.169870313050577,-0.06412067692454268
test,3layer,3layer/archive_3/2a171325-74e9-44cd-ad59-2d6e0df0ca79.pt,4.507960669687522,11.178842912498197,6.670882242810675,0.05975054518144437,2.549759127407854,8.405426551444238,5.855667424036384,0.05548621202816422,0.0,0.0,0.0,0.0,2.4149551845288895,2.1217876217329263,-0.2931675627959631,-0.0030183792114257812,9.28208025898315,6.290072390409896,-2.9920078685732543,-0.032393200438622226,2.3117521579328995,0.42723698715478114,-1.8845151707781183,-0.019122295384222544
test,3layer,3layer/archive_3/45890d72-3caf-40a6-931a-638e3aad7bea.pt,33.6216699734417,17.304008541201593,-16.317661432240104,-0.21472191874592006,9.46325039504817,10.026695259560972,0.5634448645128014,0.006226188060054258,27.109897797427386,25.61155225771174,-1.4983455397156469,-0.01739370822906494,18.018314159399186,19.28553538394449,1.267221224545306,0.01233053207397461,9.574844404161345,3.0884800717240624,-6.486364332437283,-0.06918302326802628,0.930290110628308,9.142659476781189,8.212369366152881,0.07814745133567091
test,3layer,3layer/archive_3/5e9ac136-7284-4f22-a5ee-61b5b7e7063d.pt,19.67894380882311,7.628193383719926,-12.050750425103185,-0.13895478240496692,7.335180063780065,1.407358561614196,-5.92782150216587,-0.061969071814300065,0.0,0.0,0.0,0.0,1.7186766261317448,12.939611448913745,11.220934822782,0.08956527709960938,5.457095187064616,1.4626702986161986,-3.9944248884484175,-0.04136362702673094,5.715784081905856,3.869431771753007,-1.8463523101528487,-0.020875800108714947
test,3layer,3layer/archive_3/a1851e40-5a08-4219-a3f1-8d948236f276.pt,18.808944635917673,9.578087057059022,-9.23085757885865,-0.08051675696465466,0.8648944160611047,1.0061317552531088,0.1412373391920041,0.001425653443750231,9.297442305158903,10.521652725270673,1.2242104201117705,0.010496192508273654,14.221603301070296,13.481144223392965,-0.7404590776773308,-0.00747913122177124,9.055138747618232,2.0689817843695417,-6.98615696324869,-0.07393584502519514,4.066623032651075,4.066623032651075,0.0,0.0
test,3layer,3layer/archive_3/b682c296-4570-4878-873f-d5e1915cbc27.pt,8.482803730505958,12.173434064759988,3.6906303342540294,0.03337276456866917,9.64181833982493,2.4912894498896856,-7.150528889935244,-0.0673758420324768,0.0,0.0,0.0,0.0,96.61470090391667,83.84726694464375,-12.767433959272921,-0.05708963730755974,11.576777268480843,0.64820107699071,-10.928576191490134,-0.1163999018503705,8.85067208432353,2.445576464831888,-6.405095619491643,-0.06841393095589875
test,3layer,3layer/archive_3/becbb122-65be-480b-acb2-ebe38341ad8a.pt,17.241346121033995,15.31981335230157,-1.9215327687324262,-0.016431443167757902,0.5320104465275594,3.885282561864702,3.3532721153371425,0.03280577146948531,10.008695228839812,12.73645033903024,2.7277551101904276,0.022677830287388394,10.509548960479021,11.551345118618636,1.041796158139615,0.010211050510406494,0.42900017004953317,3.4254544103955595,2.9964542403460266,0.029395500566155922,4.066623032651075,8.171250715636125,4.1046276829850505,0.04367750240205802
test,3layer,3layer/archive_3/c2ce15f0-780c-406b-b005-bb243ccf18e1.pt,12.385574897281051,0.2904719929040387,-12.095102904377013,-0.12912024200851485,1.0542863492267067,7.123585280873567,6.069298931646861,0.05829670154716576,0.0,0.0,0.0,0.0,9.429396190791202,19.5522872784287,10.122891087637498,0.07705432176589966,35.72396300693901,28.91493675100604,-6.80902625593297,-0.09689810084858029,9.485585330784625,16.98445340862655,7.498868077841925,0.06598000838999303
test,3layer,3layer/archive_3/cf982a72-c60b-4b7d-9087-1e193c4ab155.pt,34.701011864848454,33.17634822502336,-1.5246636398250928,-0.022115303573617753,18.353511886057685,25.190393150695108,6.836881264637423,0.08612112775247123,30.832234938430346,39.619940245578164,8.787705307147817,0.11336410045623779,7.6227433883417275,6.999249102216938,-0.6234942861247896,-0.004973956516810826,5.097654116799497,10.582979996044148,5.485325879244652,0.05079759746261986,6.34200907963869,0.5039647001031502,-5.83804437953554,-0.060458217920246
test,3layer,3layer/archive_3/d5ca8453-257a-4d9c-a648-cf8ccbc5ec86.pt,23.40645071035884,21.41333031740334,-1.9931203929555004,-0.01611715699899165,20.03882345976475,10.538083479450977,-9.500739980313773,-0.082031088658048,31.569666332719382,34.3344709674374,2.764804634718015,0.019894872392926897,75.78268926056386,77.12352229257174,1.340833032007879,0.006477869473970854,2.2455183028140686,8.052635973235805,5.807117670421737,0.05468953376833575,9.187934854753571,0.28909974785230286,-8.898835106901268,-0.09335971796549818
test,3layer,3layer/archive_3/d7c36037-4ea5-4170-9880-b18dc15b2262.pt,32.14590359548367,46.37067437653098,14.224770781047312,0.09948234045324995,13.828636890747246,18.59820945953433,4.769572568787085,0.04081430831826401,0.0,0.0,0.0,0.0,46.60299543179599,29.721522440703215,-16.881472991092775,-0.1938897967338562,28.15359713524162,15.805016044439283,-12.348581090802336,-0.1560090459494227,5.517143284248217,19.159378533608287,13.64223524936007,0.12110661455283958
test,3layer,3layer/archive_3/f28597de-38ba-4ad3-93a2-3851c0324492.pt,18.154223957699582,12.133916874688824,-6.020307083010758,-0.07048809369322606,15.68413317998394,13.858377062653899,-1.825756117330041,-0.021285352874268793,8.21871541153171,5.946831249826503,-2.2718841617052066,-0.021976661682128907,9.66057325136171,7.471572098253989,-2.1890011531077205,-0.01991136868794759,30.59267000870791,27.169374494009496,-3.423295514698413,-0.04676268008665148,15.278971043646175,18.67827718502387,3.3993061413776946,0.028878348214285716
test,3layer,3layer/archive_4/02a91569-c36f-4708-a341-a13f8737a0a3.pt,23.889124559928128,30.054072433237128,6.164947873309,0.047876205214070135,36.529685795106104,32.07542244406786,-4.454263351038243,-0.03245734822321396,0.0,0.0,0.0,0.0,121.70389321772338,112.30985777965132,-9.394035438072052,-0.03577379558397376,1.0775098890379915,12.144756408520262,11.067246519482271,0.10364318307522125,9.529658383674205,0.7384426831861487,-8.791215700488056,-0.09265898864301508
test,3layer,3layer/archive_4/04992b4f-8e3a-4ba6-ab8e-f7067efbefd1.pt,15.068825264386774,2.8444749279598454,-12.224350336426928,-0.13491827043630894,15.453412163529736,8.255531468391574,-7.197880695138162,-0.08136253191932878,0.0,0.0,0.0,0.0,9.837208679224265,14.734835550983242,4.897626871758977,0.0391294002532959,17.594333575385786,15.610275929606239,-1.9840576457795471,-0.023594776079233503,0.9328628773587206,2.3022942320584194,1.3694313546996988,0.013474244427115034
test,3layer,3layer/archive_4/11cb1446-553d-4d42-beb0-8cef419745d7.pt,8.853716381573264,21.226468289039612,12.372751907466348,0.10711248809334815,22.27970093166348,16.47465973701084,-5.805041194652642,-0.04825576978968506,55.83112875723682,56.92538086240012,1.0942521051632994,0.006520390510559082,135.27906636149856,112.23959935133463,-23.039467010163932,-0.0849959110391551,10.220670229704625,2.722689391151067,-7.497980838553558,-0.08083374267090819,11.370092375523305,1.7919520403060676,-9.578140335217237,-0.10241829496564835
test,3layer,3layer/archive_4/18e0db09-f70f-4bc2-88f2-22eefb41fbed.pt,30.03962674165921,29.079812237899628,-0.9598145037595813,-0.013215920099938813,3.158874137833366,16.58930373360242,13.430429595769056,0.14879863251155623,37.34296527530248,52.966480640724726,15.623515365422243,0.25041834513346356,98.62379496203417,55.72486403519421,-42.89893092683996,-0.21221960915459526,6.239654490950189,6.119420024076415,-0.12023446687377337,-0.005027563750679102,3.0860366405921846,6.159550041465803,3.073513400873618,0.028397306116615853
test,3layer,3layer/archive_4/37086fe8-6c4f-463e-a764-7d76835deeec.pt,35.47536493906442,22.415680125441003,-13.059684813623416,-0.1787912976839237,8.602000607934945,12.755814545242778,4.153813937307833,0.04636057733689103,28.73560392467612,25.930671319479014,-2.8049326051971057,-0.03575334548950195,88.08057586428089,59.75804696243109,-28.3225289018498,-0.1413011868794759,5.408291036759604,5.9214454751170305,0.513154438357426,0.0019253024516764383,3.777669279874071,3.7565012899360855,-0.02116798993798552,-0.0016307415777258752
test,3layer,3layer/archive_4/397c597b-baf0-4982-b73e-1b96cc21c475.pt,7.338415485930952,6.784988499360223,-0.5534269865707291,-0.010555545832909073,12.762473587987454,17.500951205966036,4.738477617978582,0.04095763888888889,0.0,0.0,0.0,0.0,47.75502417425777,51.5059764853645,3.7509523111067296,0.02247333526611328,18.274137819269054,16.291327491986,-1.9828103272830546,-0.02375598465801061,9.625719352195844,8.258942228900823,-1.3667771232950212,-0.012521866863492654
test,3layer,3layer/archive_4/3a67d407-0d04-48d4-ab09-4d2496cfd57c.pt,5.02464800391096,3.0069932113927056,-2.017654792518254,-0.019390239789792072,0.3731149665950982,8.87663601799609,8.503521051400991,0.08914875412419362,9.083498050728027,11.449515749126457,2.36601769839843,0.020737826824188232,32.32180685943597,28.032574272171615,-4.289232587264358,-0.04759998321533203,14.17902609941272,7.08189267830325,-7.09713342110947,-0.07917599001458411,0.12414917698973327,5.944802932745016,5.820653755755282,0.05646678332339549
test,3layer,3layer/archive_4/40ee2292-d986-48fb-a072-30da3405f278.pt,20.86766901949409,8.93922971149121,-11.928439308002881,-0.13940814795602532,17.14154089469912,12.331456289633714,-4.810084605065406,-0.05606523702925256,0.0,0.0,0.0,0.0,14.78138221188169,6.894140708597415,-7.887241503284275,-0.0756063461303711,1.2398929204820937,4.253428246472793,3.0135353259906994,0.029170490043878294,7.2287766265832785,0.3841319065576804,-6.844644720025598,-0.07113920766234008
test,3layer,3layer/archive_4/4eac11b2-3e2f-46dd-9793-f7933d08a32a.pt,30.581569310057162,17.323179965318428,-13.258389344738735,-0.17135303496270188,27.874625378696965,20.640246968537905,-7.23437841015906,-0.09372870083512931,0.0,0.0,0.0,0.0,14.009307729317573,2.1171365603704455,-11.892171168947128,-0.10770614941914876,17.680724396682475,13.709695673794828,-3.971028722887647,-0.04676227346475477,3.6667165248473172,13.23497891618678,9.568262391339463,0.08811379161751545
test,3layer,3layer/archive_4/8317e9db-920e-420b-b398-f733d751e9ee.pt,28.573979256207203,15.507268215661478,-13.066711040545725,-0.16525613969515754,14.324587833860809,14.324587833860809,0.0,0.0,19.218047575740595,17.481302690439858,-1.7367448853007375,-0.01894855499267578,28.032574272171615,30.490623151366783,2.458048879195168,0.026983642578125,5.334943534869594,0.3414379400813096,-4.993505594788284,-0.051385228413654616,0.10916305788328066,6.270825017871362,6.161661959988081,0.059696255223584675
test,3layer,3layer/archive_4/ce983836-13b7-4d8c-a35b-d4fc2c45396e.pt,13.984739026318975,0.12176567589967784,-13.862973350419297,-0.12948772289282814,0.3472067280139516,17.039796022961298,16.692589294947346,0.18278541579180665,18.676485545370582,9.27776422352651,-9.398721321844071,-0.07998742555317126,35.65090299247278,35.34977295500024,-0.3011300374725394,-0.0035610198974609375,19.618126551186965,11.053726732398255,-8.56439981878871,-0.1004962113340042,1.1219870860794354,5.383846973078356,4.26185988699892,0.0411275309309948
test,3layer,3layer/archive_4/d05cbfc7-ebfe-45c5-8fa0-01326d535bf0.pt,49.143839024684425,40.41116090049306,-8.732678124191366,-0.14508561738788514,30.111545326819673,25.680711570621543,-4.43083375619813,-0.05984336212996474,8.036024210631686,2.3940366539103604,-5.641987556721325,-0.052558720111846924,9.66057325136171,10.90712691860241,1.2465536672407005,0.01154478391011556,26.55955430188186,23.117315186701752,-3.442239115180108,-0.04487668418453725,11.534332230633913,15.623952463226388,4.089620232592475,0.03585952482130404
test,3layer,3layer/archive_4/f2a1eb9a-a5c2-486a-b0b8-03bc9bbe3ae7.pt,9.835360456002944,12.853244911470364,3.0178844554674207,0.02702692688739912,5.233332752417037,7.137849462937408,1.9045167105203706,0.020280147954381884,22.257369898985598,19.685549655483882,-2.5718202435017155,-0.02980531964983259,7.6227433883417275,12.626068597944915,5.0033252096031875,0.03885800497872489,26.563016857481475,19.417120345685785,-7.145896511795691,-0.09125151169040581,3.8699609205849774,11.391577134759505,7.521616214174527,0.06979550651842759
test,3layer,3layer/archive_4/ff48aa19-6b53-4584-b397-c63f0808b898.pt,8.958548608625735,2.7407142974652507,-6.217834311160484,-0.05870735124509354,3.3740157362049406,3.8680570975050768,0.4940413613001362,0.005124191486161251,4.905669844004379,0.8063733541240398,-4.099296489880339,-0.03955674171447754,4.823497659354671,7.822437084295513,2.9989394249408416,0.02798372507095337,3.932732754661242,2.060178719728656,-1.8725540349325862,-0.019723390845992665,8.0544051162533,8.0544051162533,0.0,0.0
test,3layer,3layer/archive_5/2f5c06b1-a292-4619-89f7-36deca73383c.pt,18.872701168802646,8.606998542500628,-10.265702626302017,-0.11844793816094919,9.958544055812002,5.58764941050903,-4.370894645302972,-0.04732000824133702,0.0,0.0,0.0,0.0,3.2168783954533287,7.934655544571831,4.717777149118502,0.037392071315220425,1.1839164864835243,8.171907389046611,6.987990902563086,0.06673644362420034,11.1262845961913,0.8656275970963976,-10.260656999094904,-0.10910197432643498
test,3layer,3layer/archive_5/3ccada1a-2dab-4eee-9270-e563f39266e4.pt,29.256202323922803,11.065455796282059,-18.190746527640744,-0.22554754149666173,23.503637900590846,26.56161979074532,3.0579818901544726,0.03995688992518192,34.030036701474415,32.557453045715896,-1.4725836557585197,-0.018546104431152344,9.679613134013572,19.28553538394449,9.60592224993092,0.08937392234802247,9.900643556137572,18.596457657955607,8.695814101818035,0.0757954023906605,0.723869194170145,8.253751448018733,7.529882253848587,0.07202558197331187
test,3layer,3layer/archive_5/3ff0b042-bb64-4262-b94a-c186372bd8ad.pt,2.2427361687799765,5.381380510200719,3.1386443414207426,0.030224500536613557,4.176858324678516,4.176858324678516,0.0,0.0,28.851231271868226,26.86053641627169,-1.9906948555965371,-0.023512721061706543,15.24436280663733,17.090554240428943,1.8461914337916134,0.018210490544637043,12.042113016973614,9.053735343724203,-2.9883776732494116,-0.03330330415932729,1.8112009862069764,1.612682303060149,-0.19851868314682752,-0.0022793343739830785
test,3layer,3layer/archive_5/42934296-1ebd-47bf-94a7-84de823eb76e.pt,23.483993782627678,19.493776245726973,-3.9902175369007047,-0.03253739198121101,11.117953005077682,7.542531808330754,-3.5754211967469285,-0.032639722092161226,0.4693755164387425,1.015248232088829,0.5458727156500864,0.0051174163818359375,12.182810304263475,7.597453887722651,-4.585356416540824,-0.036434173583984375,5.570637121848677,11.054836868315805,5.4841997464671275,0.05055782530737705,4.889147943790599,2.8354952099129265,-2.0536527338776724,-0.021349911531935665
test,3layer,3layer/archive_5/50b83494-c5ef-4246-9831-1a079cc70165.pt,28.75110094089258,22.68606389174477,-6.065037049147811,-0.07989360672242875,32.982913665861446,36.509323753689046,3.5264100878275997,0.051656338059175765,0.0,0.0,0.0,0.0,35.091473184965714,27.832868402919896,-7.258604782045818,-0.048184500800238714,4.169392311947589,6.691683595778787,2.5222912838311977,0.022165463996793915,4.412543425113402,6.885761498465149,2.473218073351747,0.021436537922033566
test,3layer,3layer/archive_5/5b2339aa-14dd-404f-8730-b9f6df622dbd.pt,46.78590935511331,36.489970848760485,-10.295938506352826,-0.1643841390420536,41.159291460412206,40.0761173972873,-1.0831740631249076,-0.017055148285559932,0.0,0.0,0.0,0.0,14.831699418226172,0.8094874887676744,-14.022211929458498,-0.12170777320861817,7.03796054038658,3.94842546314684,-3.08953507723974,-0.034218906428775744,5.482423153808268,7.870026743807255,2.387603589998987,0.019341773056402438
test,3layer,3layer/archive_5/682da5ca-0781-43f7-9f77-e37ed7e473a2.pt,9.75123314003057,9.415542933589784,-0.33569020644078584,-0.003056881567925678,5.70966263279114,4.48810422506778,-1.2215584077233599,-0.011615613020631434,0.7895391244880638,5.070874167188768,4.281335042700704,0.04048323631286621,16.284540925138565,14.480192769151657,-1.804348155986908,-0.01815087454659598,11.10753075293358,3.1275232360440723,-7.980007516889507,-0.08582961490976711,7.623033120373315,4.886634245031521,-2.736398875341794,-0.02915672398012552
test,3layer,3layer/archive_5/6cda3159-fc6a-4495-9858-fa59bdf2dfdf.pt,17.2347922745688,8.525750751624187,-8.709041522944613,-0.09954410750125439,13.372430288551978,12.809977046245617,-0.5624532423063613,-0.006439824297510081,0.0,0.0,0.0,0.0,35.04833207468811,27.41512967692728,-7.633202397760833,-0.08580198287963867,2.0944160477164746,4.398074572778975,2.3036585250625,0.021866066787941788,10.70226984535098,2.299983012934029,-8.402286832416952,-0.0903089444991686
test,3layer,3layer/archive_5/6ed608e1-70cd-4e70-a049-02dcdc67a5bb.pt,37.75491199672341,40.7736735443016,3.018761547578194,0.021093275254644366,18.05751738092786,14.129197312660704,-3.928320068267155,-0.033651840135945875,33.97537333864794,29.099357752610437,-4.876015586037504,-0.034111618995666504,11.372785382973277,11.372785382973277,0.0,0.0,18.03584798995953,19.521001659344986,1.4851536693854541,0.012410580966601657,10.501488970840853,4.346997816970334,-6.154491153870519,-0.06638302602194747
test,3layer,3layer/archive_5/7358c73b-1361-4dc7-870d-f6a2094bae6f.pt,10.871872306000453,1.238698818875482,-9.63317348712497,-0.10250160292149867,0.5447467709340672,4.356869744121868,3.8121229731878006,0.03720607768523837,0.0,0.0,0.0,0.0,17.704202565412242,5.587818757941746,-12.116383807470495,-0.11395978927612305,2.5329411590326427,9.020074822063782,6.487133663031139,0.06129020938321648,13.510597833831651,1.2042978841739658,-12.306299949657685,-0.13274844168340028
test,3layer,3layer/archive_5/829a0c10-65ab-47db-b1b9-47c1f0f019a0.pt,28.644806297120343,16.247746494406986,-12.397059802713358,-0.15748275988866764,23.146891689056396,18.397563414269236,-4.74932827478716,-0.059147779839932225,0.0,0.0,0.0,0.0,25.866517511155266,7.0797829873857765,-18.78673452376949,-0.1789539337158203,29.87035383562143,19.172262723044973,-10.698091112576456,-0.1390716981579947,2.9847558288850276,18.003998315688346,15.019242486803318,0.13572333685023857
test,3layer,3layer/archive_5/8ab6e31d-30e6-48c9-89b5-8a4d1b30d732.pt,10.156150238265903,8.589640074347187,-1.566510163918716,-0.01724339490296937,1.4795034155354603,8.53515034229225,7.055646926756789,0.07424900220788043,35.39305721995613,30.04968478119881,-5.343372438757317,-0.0721575419108073,27.10599336875466,22.120938498499306,-4.985054870255354,-0.051869869232177734,5.224672837852586,11.146006770690418,5.921333932837832,0.054650811551647194,1.4941088837304521,6.971211061900609,5.477102178170157,0.052510985269405897
test,3layer,3layer/archive_5/a59c2dc5-1172-4fd3-bbf5-58b15b1a12fc.pt,58.38822344801002,44.5743545569624,-13.813868891047619,-0.25103698069754105,44.89165066196814,48.895116470221886,4.003465808253743,0.0683222405638288,53.6109631808938,50.26227056268877,-3.3486926182050283,-0.056742804391043525,44.746643730382736,10.927174360929504,-33.81946936945323,-0.2329297595553928,15.020815755893555,1.279169886373291,-13.741645869520264,-0.14966178544630948,0.33876539358165886,10.945883610845785,10.607118217264127,0.10034816834984756
test,3layer,3layer/archive_5/b290b65e-3231-4d36-8e2a-17267f7fed19.pt,6.1633367597342845,7.619314468760868,1.455977709026583,0.015617425906965788,5.253143671583737,13.705677662352722,8.452533990768984,0.09318908625135722,8.282590684752138,8.759781632987206,0.4771909482350676,0.004221035883976863,30.490623151366783,25.5559481255798,-4.934675025786984,-0.053402137756347653,3.0884800717240624,1.7814330028983532,-1.3070470688257092,-0.013710066261839291,4.412543425113402,2.4361274131950315,-1.9764160119183702,-0.02104459787885441
test,3layer,3layer/archive_5/c5127614-61a4-42b1-b141-7b9811447c6b.pt,10.090888492448942,15.897080004203652,5.80619151175471,0.05120191691036889,2.122425706818555,6.356847900322623,4.234422193504068,0.044201608452209704,16.137239481593852,20.927599158417003,4.790359676823151,0.035112082958221436,26.02379344255947,23.556577765750582,-2.4672156768088875,-0.017089664936065674,12.066127931025829,9.576171899227594,-2.4899560317982345,-0.027828309198280447,3.329315571905731,6.751056278329129,3.421740706423398,0.03255358154637378
test,3layer,3layer/archive_5/d4bbee90-05fc-476b-a91d-3aaf8b4db3db.pt,31.051572711397572,16.9104545112462,-14.141118200151372,-0.18285589253402565,16.29050406059269,8.977345124732883,-7.313158935859805,-0.08335454666194439,0.0,0.0,0.0,0.0,24.933921936790032,7.731187892985224,-17.20273404380481,-0.16354475021362305,25.978769652956593,19.075427955335687,-6.903341697620906,-0.08769089353273898,12.813308299039015,25.70006391508977,12.886755616050756,0.1072971831071847
test,3layer,3layer/archive_5/dc4e69b6-074a-49cd-b7be-6f480ce18c49.pt,56.4062236737562,55.57948001360965,-0.8267436601465548,-0.015945627455585924,20.1681308848401,32.92657019434966,12.758439309509559,0.16984764978626585,49.705024360631015,53.299219221475944,3.5941948608449295,0.057054877281188965,0.14709912572919154,10.327134563149938,10.180035437420747,0.08593940734863281,19.009854288272567,7.7612989973600195,-11.248555290912549,-0.1292826955944614,3.421050494821645,15.549561293145223,12.128510798323578,0.11058915301067074
test,3layer,3layer/archive_5/dc6cc1b0-0a74-422f-bae6-33414158b513.pt,32.67339871868348,20.782574724512727,-11.890823994170752,-0.15860282173667734,31.531816210635707,30.1532470036564,-1.3785692069793072,-0.01927040821284204,14.983755064766116,10.618831875472363,-4.364923189293753,-0.043601155281066895,4.886321368355803,7.451925425102806,2.565604056747003,0.02012046178181966,22.51572402559069,20.293807999605903,-2.221916025984786,-0.027861342216810966,5.035263395631981,13.916805654027362,8.881542258395381,0.08098054501084599
test,3layer,3layer/archive_5/ebe30e20-cffb-4ba4-a398-69d7e8a33410.pt,5.489162607087061,7.5054141257675635,2.0162515186805026,0.018913780293955032,1.708381277369217,4.673105804147787,2.96472452677857,0.030617203138404346,7.802229022617656,10.2777637508839,2.4755347282662434,0.024892807006835938,12.150458458051567,11.529191805520131,-0.6212666525314354,-0.005849281946818034,9.859740751556489,5.870274469943248,-3.9894662816132405,-0.04322816998242827,8.654855818622478,3.1813917052243066,-5.473464113398171,-0.058122521522505424
test,3layer,3layer/archive_5/f4f35a65-0a4a-4371-ada8-9ad5aa304919.pt,31.125187523937768,16.762802283010767,-14.362385240927,-0.1856494179614719,25.417557140018204,18.86239927795494,-6.555157862063265,-0.08291181918832218,0.0,0.0,0.0,0.0,4.445063333946697,2.6018986777309525,-1.8431646562157447,-0.016370637076241628,26.706390696267444,23.757414676452356,-2.9489760198150883,-0.038619134593897285,7.833167482444663,11.931540076890471,4.098372594445808,0.03721452818148851
test,3layer,3layer/archive_6/016c01e0-8a05-4284-9908-27b7c03bce72.pt,15.12733048189133,10.884215674637012,-4.243114807254317,-0.048543837720839776,18.569793865940337,21.64510705743903,3.0753131914986938,0.03801362523983798,34.57998759242632,35.77618385191223,1.1961962594859088,0.015851879119873048,11.999226668317789,15.451340583128449,3.45211391481066,0.02591282980782645,4.673625035231637,0.6786208233993806,-3.995004211832256,-0.04104060326452771,1.2604879301240082,6.270825017871362,5.010337087747353,0.048105294789378965
test,3layer,3layer/archive_6/045e2ed2-c48b-447f-9614-08dd71f71d34.pt,49.55699394842082,50.60803196667612,1.051038018255305,0.006722155125344222,34.40396627892724,27.790175484778537,-6.613790794148706,-0.04954520043492532,55.694402739460266,52.62942024870907,-3.0649824907511984,-0.0182494383591872,27.10599336875466,25.245069879718866,-1.8609234890357946,-0.019709205627441405,8.387229368693154,9.384155366104522,0.9969259974113687,0.009138221602420558,4.576048810622008,1.5869249802372405,-2.9891238303847674,-0.031079060894988894
test,3layer,3layer/archive_6/3975b759-0df3-48ab-9d47-3cf5beb7ca49.pt,0.6484672200634329,10.730547759802649,10.082080539739216,0.0953757013308977,5.757668451329878,8.860235054973312,3.1025666036434343,0.02887738638755855,0.0,0.0,0.0,0.0,35.65090299247278,26.176811454258786,-9.474091538213994,-0.10612373352050782,26.39859606323867,19.003774408370052,-7.394821654868618,-0.09412465344210601,1.4788508018978712,13.784574610556808,12.305723808658936,0.1142497698000549
test,3layer,3layer/archive_6/4ea0e5ed-21b5-4a77-9e9a-b58aff994a62.pt,6.145369091173633,11.293596426368747,5.148227335195115,0.04727711033828644,5.140619812228301,2.674667302045891,-2.46595251018241,-0.02372379960402627,0.0,0.0,0.0,0.0,10.346494905460194,6.987518481451433,-3.3589764240087607,-0.02700197696685791,15.422902525881051,5.962049869880955,-9.460852656000096,-0.10565496919886082,6.34200907963869,2.558311179721935,-3.7836978999167554,-0.040229150905408045
test,3layer,3layer/archive_6/66b90bf1-7b41-4a7c-b50e-0e50baab3720.pt,16.492176763063696,32.82686228730844,16.33468552424474,0.12962235381257173,40.23453172065812,33.1390801574839,-7.095451563174215,-0.050672502939026316,17.200656023017842,26.796350973856658,9.595694950838816,0.06817847490310669,11.520181024752095,6.809003552022482,-4.711177472729613,-0.03446340560913086,33.801365522599426,44.02687038191105,10.225504859311627,0.0716798988771645,6.723038294971488,2.5214687358308487,-4.201569559140639,-0.04464883134350607
test,3layer,3layer/archive_6/6cb1964c-9c77-45c6-941f-9f7007776305.pt,6.114630933984925,6.170658790768483,0.05602785678355815,0.0005273778601663559,0.6388420450911618,1.991188748794046,1.3523467037028842,0.013306411086791441,5.507945437299729,12.190315150099854,6.682369712800125,0.057465553283691406,7.504861652999883,9.941232112951553,2.4363704599516707,0.022832257407052175,21.242653882485705,15.299573641127834,-5.943080241357871,-0.0719957286354468,8.118649121537487,8.80226674307427,0.6836176215367828,0.0062916775627615065
test,3layer,3layer/archive_6/91b9701f-3dac-429a-884b-24551090a0f2.pt,4.834768809154778,8.391552848202737,3.556784039047959,0.030990436731652225,5.471076890444077,10.37028655483579,4.899209664391713,0.04533581835511982,0.0,0.0,0.0,0.0,5.274207341475259,1.5154223143588448,-3.7587850271164145,-0.03423905372619629,2.4543803624795784,1.5411032314510962,-0.9132771310284822,-0.009555025669766412,8.99022500427287,4.886634245031521,-4.103590759241349,-0.044037316400801954
test,3layer,3layer/archive_6/bd92edbe-72e6-44e8-b1ab-fe60006443a1.pt,6.95879722276369,1.3547114312587647,-5.604085791504925,-0.05845563557696778,0.677015455003834,4.206823984034434,3.5298085290306003,0.03617781451728876,7.926170129592771,10.15416829818391,2.2279981685911388,0.022403558095296223,23.68650925431609,19.28553538394449,-4.4009738703715975,-0.044199800491333006,3.3335059987966544,0.5867101037297807,-2.7467958950668736,-0.02801220543515841,4.336607190564661,3.880702764293136,-0.4559044262715246,-0.006257107719255438
test,3layer,3layer/archive_6/cb847a16-0ed7-4276-8f23-cdaf3e713616.pt,4.415715653826672,7.578610876917564,3.1628952230908913,0.027864614685092184,7.912228590590019,4.782180972501221,-3.130047618088798,-0.03338732718089563,0.0,0.0,0.0,0.0,9.764303470357621,4.973771544375813,-4.790531925981808,-0.04519253969192505,12.020779942207577,6.039973909426755,-5.980806032780822,-0.06561058768147582,7.572410099694661,4.836093991937838,-2.7363161077568234,-0.029140894501757355
test,3layer,3layer/archive_6/d0f08578-f032-48f8-984f-b976572b7102.pt,17.886205495768127,16.38353678398842,-1.5026687117797088,-0.01274862591124228,10.731343313954588,12.735556137284341,2.0042128233297536,0.01788240164769746,20.777352264651416,23.10567541686283,2.3283231522114143,0.01772594451904297,54.88158724906595,52.35128495142635,-2.530302297639601,-0.014525340153620793,16.916102664272337,13.440144681152512,-3.475957983119825,-0.04070398686600296,2.148489040545741,3.517777126128159,1.369288085582418,0.014087424816945606
test,3layer,3layer/archive_6/dd3383b4-608d-479d-9de0-179e78a5e976.pt,13.087755371630207,5.593586336800034,-7.494169034830173,-0.06842423711942323,3.657012914159644,8.982237590207834,5.32522467604819,0.056793601389548184,2.83260671923834,0.9115431937405652,-1.9210635254977748,-0.01799930225719105,22.5812564634285,24.093257870868225,1.512001407439726,0.016149123509724934,15.74403216508274,7.282620518890748,-8.46141164619199,-0.0953065911319169,4.001682411158279,0.791522535656854,-3.2101598755014247,-0.03294313751901623
test,3layer,3layer/archive_6/f80c54c9-9f67-4987-a2e8-d9b399a296f1.pt,1.0554774295659348,2.4009378602694595,1.3454604307035247,0.013224990358420586,1.5662401492442017,2.042857862535303,0.47661771329110114,0.004681224218410769,8.722660359116862,5.946831249826503,-2.775829109290359,-0.026922225952148438,31.14376055775084,34.19087116709907,3.047110609348227,0.020639896392822266,10.291510202805618,5.304829831233713,-4.9866803715719055,-0.05400172558603617,3.7376687195570595,5.106510794244754,1.3688420746876941,0.014313030847170637
test,3layer,3layer/archive_7/0f99dd78-bee4-41a2-bbf3-b5d1c177a646.pt,7.231449991869722,4.542495616454498,-2.688954375415224,-0.028546037037423776,9.25789461933171,12.355540178593726,3.0976455592620162,0.03461751947317889,12.622315245891933,14.959318786496402,2.337003540604469,0.024714152018229168,10.284254463017609,9.036116602455124,-1.248137860562485,-0.01148382822672526,3.759534720535353,8.250577441954478,4.4910427214191255,0.04233154165545992,10.501488970840853,3.6624281685238387,-6.8390608023170145,-0.0735096676452319
test,3layer,3layer/archive_7/1dbee308-28c6-4ef8-a795-f276f07acd1b.pt,31.98699069440318,30.893353168970098,-1.0936375254330812,-0.008166817758303744,37.04805579125873,30.773837260677,-6.274218530581734,-0.04587636576196185,64.35772412007152,61.990001643187355,-2.3677224768841683,-0.013247251510620117,34.444544767831125,34.142212052932045,-0.3023327148990802,-0.0035233497619628906,9.020074822063782,12.008570122762027,2.9884953006982453,0.026973238250438212,5.368283889569634,0.5756472228467775,-4.792636666722856,-0.04937836482735481
test,3layer,3layer/archive_7/2a192a41-f287-461b-8173-9c09d97dde20.pt,7.519853781744975,17.125245987243506,9.605392205498532,0.08526996495278506,5.2758802059035075,9.50639202659468,4.230511820691173,0.0393463490769865,30.335001995568184,37.238641764723596,6.903639769155411,0.046925408499581475,28.340841512967174,24.31076477763639,-4.030076735330784,-0.04276132583618164,26.72235227481997,22.787896644366747,-3.934455630453222,-0.05124538414046968,22.245100883507167,26.966077750406388,4.720976866899221,0.037430802051626084
test,3layer,3layer/archive_7/2c09f6df-c87f-45d6-aa8a-2b149a0ca32b.pt,3.3192206267448445,8.920481452284106,5.601260825539262,0.05274447519392372,8.133977673242825,3.1956212453696127,-4.938356427873212,-0.04670592982482543,50.287855527186636,53.41438643653625,3.1265309093496114,0.049863457679748535,21.806987918357063,18.018314159399186,-3.788673758957877,-0.037386846542358396,2.4100949147765296,3.6586103882528347,1.248515473476305,0.012113352951345234,6.949041331027581,1.2667305029544977,-5.682310828073083,-0.059386363902965464
test,3layer,3layer/archive_7/3c514ace-be43-40ba-8c00-c29da7b7c673.pt,17.205687531507888,14.754454855133735,-2.4512326763741523,-0.028955058639648826,4.28368569093909,1.223070331794869,-3.0606153591442213,-0.029631845875736477,68.31739507667079,66.49662541680972,-1.820769659861071,-0.037285232543945314,4.643447967428402,1.3746738281205928,-3.2687741393078094,-0.02823774019877116,7.580497186881694,3.5878491726837685,-3.992648014197926,-0.042251022809731135,3.5381199554632294,10.719888290237792,7.181768334774563,0.06695743280335069
test,3layer,3layer/archive_7/5d76b6ab-7c7f-4e4b-9707-a1ad425bb202.pt,11.990207558899908,1.3397941807422098,-10.650413378157698,-0.1142379127889185,6.057021316484876,2.4576969002983473,-3.599324416186529,-0.03757831901058685,0.0,0.0,0.0,0.0,6.229899368352484,2.081637412730563,-4.148261955621921,-0.03845924801296658,6.988384106389478,3.993933648011919,-2.9944504583775586,-0.03165953758122011,5.106510794244754,5.106510794244754,0.0,0.0
test,3layer,3layer/archive_7/623c721b-90b3-4114-975f-305f422d10e9.pt,26.876452764325787,24.89179628379168,-1.984656480534106,-0.01555883532146461,12.394779726429597,9.341277873497095,-3.053501852932502,-0.027469495462730656,28.679978618068205,28.679978618068205,0.0,0.0,18.010705262840922,18.62303694965606,0.6123316868151392,0.006183544794718425,6.733135913011013,0.7420029007190577,-5.9911330122919555,-0.062224091376650095,7.28737566319259,3.1813917052243066,-4.105983957968283,-0.043291905334869846
test,3layer,3layer/archive_7/7cc2c2ca-7965-4b99-a1a6-0a2591e5b817.pt,25.93282531348354,15.296787725045533,-10.636037588438008,-0.08746175361815253,9.811363508498284,2.0170107222505425,-7.794352786247741,-0.07355545383748674,17.819451502030986,10.191232696160958,-7.628218805870029,-0.06408236576960637,21.974814105771383,23.489162645556704,1.5143485397853205,0.016063928604125977,10.587294271851926,1.6068261967719522,-8.980468075079974,-0.0955842871110221,7.983074758951948,1.8238651952657963,-6.159209563686152,-0.06472904976927697
test,3layer,3layer/archive_7/9f6c12c7-cb3e-4618-80eb-f44135fa7ff1.pt,22.103157428288103,26.30180133202773,4.198643903739626,0.033413218681116824,27.439794472438482,26.469236698051354,-0.9705577743871281,-0.007536940307647087,7.291450473435205,10.36749115465638,3.0760406812211745,0.025394201278686523,6.999249102216938,2.3380637938604045,-4.661185308356533,-0.03815603256225586,13.749267316644483,13.749267316644483,0.0,0.0,6.8916844714015095,4.154695927170984,-2.7369885442305257,-0.02894299396910795
test,3layer,3layer/archive_7/beaa7d8c-adf4-48f3-920d-f4bf9f918429.pt,32.246385234614436,40.70082645300461,8.454441218390173,0.06049383662933875,28.761109138570536,26.68355111337435,-2.0775580251961863,-0.016025108454109056,0.0,0.0,0.0,0.0,25.5559481255798,26.486826996138536,0.9308788705587361,0.009841346740722656,2.723870001408888,13.629842426879744,10.905972425470857,0.10071227541428696,7.697805990661796,2.573317934362108,-5.124488056299688,-0.054626933893942124
test,3layer,3layer/archive_7/ca31b05c-fbd5-40ce-88b4-f46c75bcbc1e.pt,1.262396931822908,3.783304911049628,2.52090797922672,0.02442607523308164,3.676648704119721,0.09364566354364139,-3.5830030405760795,-0.03516597858497464,0.0,0.0,0.0,0.0,0.44498557823127094,3.52413769224034,3.079152114009069,0.026926040649414062,1.6807529549141145,7.306517398344488,5.6257644434303735,0.05353514914385119,6.94123296670188,3.3283899808459196,-3.61284298585596,-0.039159212126611304
test,3layer,3layer/archive_7/d68b257b-0fa6-41ab-a024-1f0342d08288.pt,44.430729012243326,33.32731861492949,-11.103410397313837,-0.077873741934751,19.419140552859858,12.122482170104073,-7.296658382755785,-0.06270690450010269,45.99282836841276,38.20573155776724,-7.787096810645522,-0.05159361222211052,100.94790624380671,99.80063645553182,-1.1472697882748975,-0.004831981658935547,14.111702854126678,4.64456478245533,-9.467138071671348,-0.10427118993238087,4.001682411158279,2.8458341000643075,-1.1558483110939712,-0.012772169751521298
test,3layer,3layer/archive_7/e444df1b-dba5-4b96-af63-7c600172ba0f.pt,13.244294206030327,1.3143198259700006,-11.929974380060326,-0.1287746272765348,9.640708701482339,11.049079665729021,1.4083709642466822,0.015661650650726392,14.991158241670023,15.739290921524763,0.7481326798547396,0.007900524139404296,22.120938498499306,26.486826996138536,4.365888497639229,0.04526529312133789,5.156295580857892,10.392748776414148,5.2364531955562565,0.04852069320467689,5.5806722243356095,2.636389365901583,-2.9442828584340264,-0.031378302130255255
test,3layer,3layer/archive_7/e7ffdfea-f78c-4e70-bb97-044278626dd8.pt,6.491308267242638,2.608968607189961,-3.882339660052677,-0.03711820921515524,3.1494896675764803,6.430808817240128,3.2813191496636476,0.03444498378037342,0.8887914619149909,1.7331603396332047,0.8443688777182138,0.007917404174804688,20.75916538456509,21.974814105771383,1.2156487212062927,0.012698968251546225,6.109428656703861,0.3816974878959101,-5.727731168807951,-0.05920486930031447,3.317090506728844,0.10674773547613801,-3.210342771252706,-0.03265680463995943
test,3layer,3layer/archive_8/46176ed8-1229-4591-9cb0-0dd9a6b51ee9.pt,8.482335538086403,8.370378000882205,-0.11195753720419788,-0.001220208340872901,16.9045263972363,17.18495143415563,0.2804250369193291,0.0033510046210461263,22.647823610915975,22.769043168171514,0.12121955725553946,0.0014140605926513672,12.4891317819499,11.570400392354733,-0.9187313895951679,-0.00715261697769165,2.4021198209896184,8.390823860492324,5.988704039502705,0.05678965159335727,8.309331591676672,4.204638506719561,-4.104693084957112,-0.04373776119142804
test,3layer,3layer/archive_8/467f300e-5033-403b-9da3-1cd9417dfa1c.pt,68.44208173719556,68.04569901700116,-0.3963827201944099,-0.0022034900406347866,54.963873375657876,46.77650400632591,-8.187369369331968,-0.05204928830949413,85.98124676409637,81.9696268559302,-4.011619908166168,-0.01934663454691569,27.723976227713994,28.032574272171615,0.3085980444576215,0.003333282470703125,20.41379694936294,19.177245783193833,-1.2365511661691073,-0.010237584871169917,6.389728588623662,1.5977999267889806,-4.791928661834681,-0.049885500361649474
test,3layer,3layer/archive_8/50750ae5-4ea6-4048-93d3-be824cdcdd50.pt,2.6323876575420653,4.706136498897754,2.073748841355689,0.019997214182055943,7.5077286317041905,0.1680851778157913,-7.3396434538883994,-0.07632146484193128,29.347419472211534,22.599321892489616,-6.748097579721918,-0.07801556587219238,5.101688203698931,2.1507254682750765,-2.9509627354238543,-0.02562251091003418,3.457958586822452,6.452735192600233,2.994776605777781,0.028517511317907446,4.6235809392271,8.727389050964488,4.103808111737388,0.043921646555177246
test,3layer,3layer/archive_8/70d29659-4642-4d5b-96b6-7a74fca8c16a.pt,4.826324721844192,12.101417448592533,7.275092726748341,0.06698269865741996,2.850377511254873,3.5831578381054405,0.7327803268505675,0.008381794897840725,14.75972583889527,13.341468164128349,-1.4182576747669202,-0.01199495792388916,14.627262066320444,43.74673681038081,29.119474744060366,0.3351099491119385,10.872466980004893,3.7648855758443953,-7.107581404160497,-0.07659137531442714,0.9884880030362478,4.1480475107097705,3.1595595076735226,0.030691678406762294
test,3layer,3layer/archive_8/7bacd5b5-55bb-4d26-bf4c-7764fa23808d.pt,1.9552542840463762,16.718514584080122,14.763260300033746,0.1349210761467711,0.6675299174667381,0.6675299174667381,0.0,0.0,16.02037881457552,25.807152260819525,9.786773446244005,0.07222867012023926,57.52863967862624,58.4028383233619,0.8741986447356567,0.004729223251342773,9.08096298938148,6.587372323052269,-2.4935906663292107,-0.02700852896165396,1.1548148141407026,5.007601688712789,3.852786874572087,0.03722986922766556
test,3layer,3layer/archive_8/8a877a05-b348-4ada-bd64-135f5d01b99f.pt,0.5761804116690543,10.851210342896639,10.275029931227586,0.0971471782601443,1.8247520299567324,6.764772097904552,4.9400200679478194,0.04735068027661491,0.0,0.0,0.0,0.0,8.51304781042724,16.170291969986035,7.657244159558795,0.059458136558532715,15.273717766795416,9.801540851327964,-5.472176915467452,-0.06229466992700448,3.329315571905731,10.85163152960368,7.522315957697948,0.07017364289138772
test,3layer,3layer/archive_8/93992fae-9f2f-4090-b665-60319a12f4d5.pt,6.656465679276315,5.002555250571894,-1.653910428704421,-0.02005066139247502,10.764811969808296,2.3019438786350865,-8.46286809117321,-0.07938846053899198,1.2730988133734094,2.3940366539103604,1.120937840536951,0.009489059448242188,7.479703451421922,2.4936198561460547,-4.986083595275867,-0.03747963905334473,7.828328359324034,19.32395220974613,11.495623850422096,0.10085741596411586,0.3462602766097561,8.553926140344311,8.207665863734555,0.07852390196265244
test,3layer,3layer/archive_8/a8758474-f0d6-4d87-8475-cd9ca7c6b01c.pt,21.511255811579574,13.053684399753974,-8.4575714118256,-0.1013831939017007,22.366909402624863,24.177821195289415,1.8109117926645517,0.023192291203188727,0.0,0.0,0.0,0.0,27.10599336875466,28.64882807193858,1.542834703183921,0.016664886474609376,0.5323515793954738,11.879101826158463,11.346750246762989,0.10677483931260758,9.251424316859335,2.3868268298323656,-6.86459748702697,-0.07337973314066935
test,3layer,3layer/archive_8/c1851e04-b785-4659-88f0-6fed3ac4e617.pt,25.905913272410114,22.148380060888393,-3.7575332115217215,-0.0485410131141356,24.95245160079557,20.35236971680818,-4.600081883987389,-0.0585102166171828,11.648876031115265,0.2965139553395298,-11.352362075775735,-0.10564088821411133,11.458561330956334,15.683829420438554,4.2252680894822205,0.04168667112077985,25.876221449901838,23.41692689051283,-2.459294559389008,-0.031991287416144085,13.239160996647371,11.875028895552045,-1.3641321010953256,-0.012076070038293772
test,3layer,3layer/archive_8/c45cc892-5984-49be-b0a4-69099c67d658.pt,21.661691418240725,20.33085617052738,-1.3308352477133454,-0.016613247863247863,18.183706153225582,21.678965767731547,3.495259614505965,0.04312099682821396,13.703465370109353,10.10314148573723,-3.6003238843721217,-0.03561943769454956,27.39870429195471,26.50012326947037,-0.8985810224843398,-0.01000213623046875,15.168415425085874,9.696026440718997,-5.4723889843668765,-0.06222761860455168,1.3281699320422664,0.041359585871250576,-1.2868103461710159,-0.012955374023679644
test,3layer,3layer/archive_8/c47aeee5-856c-40ab-bac6-5775ed12c297.pt,23.404072369500422,17.968551386721533,-5.43552098277889,-0.044648995699409125,2.85094319603826,1.667699169340434,-1.183244026697826,-0.01238239912533295,10.227524477150817,15.135083824450458,4.907559347299641,0.04069077968597412,9.442861447260128,11.275820539790242,1.832959092530114,0.015062765641645952,0.6387928665192195,3.356471576292422,2.7176787097732027,0.026601260269601978,4.410114849536347,8.514146243336983,4.104031393800636,0.043826870660663916
test,3layer,3layer/archive_8/cdcb2c6a-74df-4514-9588-eebaf6d1fdfc.pt,2.5040984898395755,11.350958961670928,8.846860471831352,0.08268058307526768,10.512795486859941,14.732182396426435,4.219386909566493,0.03733567970866456,17.202322791393687,28.35679039779917,11.154467606405483,0.08353063038417272,11.458561330956334,8.724354064900023,-2.734207266056311,-0.025994300842285156,15.005786951457818,11.027167218629273,-3.9786197328285446,-0.04552010320201983,4.698336110235668,4.698336110235668,0.0,0.0
test,3layer,3layer/archive_8/cedba305-cc6e-4ce6-aa86-cb6670a47f11.pt,14.184977887884182,17.750383978616878,3.5654060907326954,0.03057824591573517,8.779422467976053,8.074652237069097,-0.7047702309069557,-0.006489153766039598,19.313638523739783,16.51609772062554,-2.7975408031142415,-0.02953392267227173,12.770910654406624,16.476012891253728,3.705102236847104,0.03594287236531576,5.372664931486037,6.3707571497427695,0.9980922182567324,0.009419080064297067,2.4959661418786547,0.24310879488508896,-2.252857346993566,-0.02284323645460462
test,3layer,3layer/archive_8/d1d53b14-d13b-4ed5-9b33-b4b148f55fe3.pt,33.73143174618325,44.29981174485344,10.568379998670196,0.07403228497854424,35.790574729348165,39.06097998567084,3.2704052563226753,0.023206922743055556,0.0,0.0,0.0,0.0,12.795521572523057,18.014206652656693,5.2186850801336355,0.039371490478515625,29.401665531453745,29.401665531453745,0.0,0.0,6.602386535672215,1.8112009862069764,-4.791185549465238,-0.04999218241539213
test,3layer,3layer/archive_8/f674eebb-8d43-4bae-a253-36053dbf2ef4.pt,33.01354899713288,24.89039267446634,-8.123156322666539,-0.1111171263409684,27.016485033714666,27.9863121506411,0.9698271169264352,0.013036792332384913,0.0,0.0,0.0,0.0,31.102203747092876,29.57104864161687,-1.5311551054760066,-0.017021656036376953,10.106729085749482,0.7487759236904622,-9.357953162059019,-0.09897060474350178,3.30291062882598,7.994060519645045,4.691149890819066,0.043268344127555765
test,conv1d,conv1d/archive_1/40a8e82a-f9f5-4c4d-b727-a0478a1b75eb.pt,5.392022541294629,9.402088454965968,4.010065913671339,0.03438409573631215,8.04509637820383,11.601778350370207,3.556681972166377,0.025833365934901188,1.2272309950822708,5.945739096806803,4.718508101724533,0.03782729307810465,3.155704185797175,7.917845721673256,4.762141535876081,0.047415845534380746,44.21427130788111,30.727183204689485,-13.487088103191628,-0.2045778437608169,41.68959422948899,25.733708449789802,-15.955885779699187,-0.23134139948593074
test,conv1d,conv1d/archive_1/652e0143-09a7-4bb0-afe0-afe109e97397.pt,5.277474128399473,15.324969409730071,10.047495281330598,0.08813426085458305,4.003431868551741,5.985280428060525,1.9818485595087845,0.017261181982283758,0.0,0.0,0.0,0.0,95.20977732023745,69.36593494718173,-25.843842373055722,-0.12723413426825342,72.83991780205162,58.59391666840304,-14.246001133648576,-0.08076555530396633,69.9941694104451,57.70237421866549,-12.291795191779606,-0.07066460455327203
test,conv1d,conv1d/archive_1/79d43e81-55cb-41d8-8da5-72ce41fcafad.pt,19.004975534740264,3.3653961171623217,-15.639579417577943,-0.17689886564026044,5.899632207792828,18.277190037587683,12.377557829794856,0.11015853320451578,0.0,0.0,0.0,0.0,38.139253441510526,47.26342880766684,9.124175366156315,0.1291745901107788,33.45039766912797,48.74815960546407,15.297761936336094,0.1053733102070515,37.43811540874302,50.464818159641496,13.026702750898473,0.08761824610028211
test,conv1d,conv1d/archive_1/82b35702-e1ac-446c-aabc-45ec3ed80610.pt,0.12727793743954638,16.65485587610819,16.527577938668642,0.15246814361741673,15.73875700996905,0.16725660274612003,-15.57150040722293,-0.16915364177826223,10.831833155767889,3.8819383767807647,-6.949894778987124,-0.055269837379455566,3.4982607717594116,17.71386818005976,14.215607408300347,0.12223148345947266,75.31805409248933,50.15516947635182,-25.16288461613751,-0.5387294671474359,64.99548360073477,55.030005167729996,-9.965478433004776,-0.2036701454973455
test,conv1d,conv1d/archive_1/a4d19761-4b0a-42ab-9d53-c66d8f00f10b.pt,0.5100831516422387,26.691762147202684,26.181678995560446,0.23036811793418233,2.4647486038859414,11.659298420459677,9.194549816573737,0.08582112252821769,0.0,0.0,0.0,0.0,58.12521014145184,70.41360008634348,12.288389944891641,0.24062061309814453,2.9303895596165996,40.45345887562007,37.52306931600347,0.478222368184075,10.19428649263095,46.447308158728234,36.25302166609728,0.5079678114382234
test,conv1d,conv1d/archive_1/d1c94bd8-9b95-4896-90ef-9820b72e9c80.pt,10.902340062945852,3.4401903108378264,-7.462149752108026,-0.08148650914407586,7.206747563080417,0.8552211185211117,-6.351526444559306,-0.06617123151441408,4.283301895515691,22.767711571032958,18.484409675517266,0.13539393742879233,41.126453782502,39.53729168178726,-1.5891621007147378,-0.010699801974826388,10.274418468455279,12.265727990916922,1.991309522461643,0.017845601929877684,5.988798900457283,3.251630035740288,-2.737168864716995,-0.02615066272459794
test,conv1d,conv1d/archive_2/21f8ce76-3ba1-4feb-ac27-b94c3aec3243.pt,9.129185596700115,15.050341968673798,5.921156371973684,0.052662887406786284,41.737827948074894,48.17286749635501,6.435039548280116,0.04290515371634854,45.82875661329263,17.789619608010458,-28.039137005282175,-0.3493463397026062,75.94854051029736,55.78148973605634,-20.16705077424102,-0.11322107047678154,52.773213305685545,25.93706699682287,-26.836146308862673,-0.18795808553640292,53.724468021852985,13.971765236507126,-39.75270278534586,-0.2928918177383119
test,conv1d,conv1d/archive_2/47b8d120-10a1-4744-8bdb-07a551ff3128.pt,16.807441703353263,10.333989966013394,-6.473451737339868,-0.07452293473837786,7.878449311334492,1.1043057187334697,-6.774143592601023,-0.07091018521271956,48.57047749914615,35.241983563953724,-13.328493935192427,-0.1602674126625061,7.424499043805673,6.348365937206974,-1.0761331065986992,-0.00989470943327873,44.96064918911021,13.756858463837236,-31.20379072527297,-0.2383691663770723,44.187077788093674,12.048395800748393,-32.13868198734528,-0.24827300278016273
test,conv1d,conv1d/archive_2/d19f3c15-b218-471a-a743-35e62285e6be.pt,3.15952490380093,13.193103088655716,10.033578184854786,0.09166245195225571,0.26093834427730556,13.233194472389409,12.972256128112104,0.12151184630658188,15.490021390677011,4.477547383299876,-11.012474007377136,-0.11169848442077637,42.88437434852883,38.6842204983921,-4.200153850136729,-0.06297273635864258,8.239427361025756,2.2508922849366155,-5.988535076089141,-0.06316912204851705,4.572849581557738,9.113716694940463,4.540867113382725,0.05078189856687202
test,conv1d,conv1d/archive_2/f12c4085-2898-49f4-a61b-7368d7a1cf59.pt,15.009002272405619,35.731573346013576,20.72257107360796,0.1635391514315281,9.946204060124217,24.93398063706031,14.987776576936092,0.1269487599077443,21.68958343213557,2.435072474182631,-19.254510957952938,-0.19729900360107422,48.787004326623226,53.91345737750798,5.126453050884756,0.031770462685442986,23.097657426038037,4.765858594600671,-18.331798831437368,-0.21458435229178313,16.503513411132353,0.1086822393828894,-16.394831171749463,-0.17879012245859485
test,conv1d,conv1d/archive_2/fbf509e8-3766-4b18-829f-8a91ea220962.pt,11.32160510588582,8.621550918823035,-2.7000541870627845,-0.03735606468575773,6.983169670216102,20.610358760974293,13.62718909075819,0.1193708903810069,16.48650953237447,5.244367640910482,-11.242141891463987,-0.1157153606414795,40.910682776390146,50.96083886719653,10.050156090806382,0.0642758051554362,42.22466069810579,28.68616253871871,-13.538498159387078,-0.2003524152432454,28.50269611427493,31.180368447879474,2.6776723336045443,0.03699413224583458
test,conv1d,conv1d/archive_3/0f93f762-11c1-47f6-b745-fbd2342bdcb3.pt,4.037002208110999,10.6435331981913,6.606530990080301,0.07121489271645903,0.19888666821842113,7.256304506575458,7.057417838357037,0.0733031479498164,41.06338955529016,29.347419472211534,-11.715970083078624,-0.1511852741241455,23.237316173781284,30.711332771692568,7.474016597911284,0.09646185513200431,59.188159034267144,75.12599303468275,15.937834000415606,0.36255539100030665,44.97258569353328,77.14884425210708,32.1762585585738,0.6757780556833283
test,conv1d,conv1d/archive_3/1e92fe49-0718-4869-9cdc-06e2f36d672d.pt,1.1479681324226525,24.295943805751595,23.147975673328943,0.2052244150883336,6.136618567814093,15.295932979039852,9.15931441122576,0.07878262183880623,0.0,0.0,0.0,0.0,49.57585647303832,38.66454715387962,-10.911309319158704,-0.07180793762207031,56.92340035739492,34.22724634539722,-22.6961540119977,-0.15085869311097258,73.51436989080293,30.3280981113136,-43.186271779489324,-0.2742065275098876
test,conv1d,conv1d/archive_3/2666c285-a04a-423b-95a2-bd2757ede047.pt,8.318657075375482,2.8902540984903173,-5.428402976885165,-0.05830364879468806,15.19053488163951,18.555494027661503,3.3649591460219934,0.028618413984270917,9.394974245192458,18.814268609061628,9.41929436386917,0.06115424633026123,50.50901560106774,44.66855715918229,-5.8404584418854455,-0.08803200721740723,61.99425744666028,82.79129314409563,20.797035697435355,0.11227996017950825,67.12524767291993,74.31282422433706,7.187576551417138,0.03923557780432461
test,conv1d,conv1d/archive_3/2c782213-ca6b-4c07-aeda-6ac96ff8af05.pt,14.96737616320067,3.7310978631652905,-11.23627830003538,-0.12515049378606302,4.807676890719169,11.573997431095917,6.766320540376747,0.0624594412619699,3.204034694558193,19.132592492077595,15.928557797519403,0.13022089004516602,38.88891103827128,44.12242486678715,5.233513828515868,0.03513255017869016,68.79610343725591,96.83224900013543,28.036145562879526,0.14055413493528654,81.37544238546903,94.61512946598873,13.239687080519701,0.0638845523635876
test,conv1d,conv1d/archive_3/6d261423-eeff-4955-9e53-5d9faf751e88.pt,0.037980386884009704,31.54423085489785,31.506250468013842,0.27207879533758933,5.059170290531484,26.093002356273207,21.033832065741723,0.18146826936933397,0.0,0.0,0.0,0.0,22.44348151497141,38.663559818081865,16.220078303110455,0.19817638397216797,30.279352544909333,24.398614584976965,-5.880737959932368,-0.07892585775940603,9.88934612373179,23.482488094058468,13.593141970326677,0.16202263863584604
test,conv1d,conv1d/archive_3/70fbcd6f-2675-4ff8-9b2f-a5085342bae5.pt,15.512005393152863,28.715727808484395,13.203722415331532,0.10714807771913484,10.830362466206994,6.666941019899794,-4.1634214463072,-0.04998509503714605,18.471123746165905,2.84313139157668,-15.627992354589225,-0.16218880244663783,0.5359043004622731,6.5012092709161475,5.965304970453874,0.060277366638183595,14.266189000554128,17.627127535736236,3.3609385351821075,0.060145073581144466,24.337257627834163,11.133763818403786,-13.203493809430377,-0.09906863822925828
test,conv1d,conv1d/archive_3/7a9bd2a0-5adb-4472-a529-8003407ae3b2.pt,14.481657733444724,2.5379459003784746,-11.94371183306625,-0.13105478785876826,2.259688195695345,8.256025184501596,5.9963369888062505,0.05643094190519168,24.638455391668316,7.109940821136717,-17.5285145705316,-0.15546125173568726,5.994969228724184,7.695244200380279,1.7002749716560954,0.016927446637834822,17.73422684219531,21.69072711526706,3.9565002730717502,0.032786425809794593,20.122369958535323,17.407739593959548,-2.7146303645757754,-0.022689693441348798
test,conv1d,conv1d/archive_3/df0dc612-a890-445b-9073-5be3bf35dd8a.pt,0.26398707463614796,12.727099381429433,12.463112306793285,0.11700839634083403,3.7638050888631747,18.25847286151659,14.494667772653417,0.13036423498485417,50.63545662240165,14.23269765078677,-36.40275897161488,-0.393585205078125,74.38925176719616,76.60631397751062,2.2170622103144666,0.01117644102677055,23.019849896613337,28.911510236557486,5.891660339944149,0.07782988023127753,19.761353987642817,30.54026351943895,10.778909531796131,0.14116089253751893
test,conv1d,conv1d/archive_3/e28af083-279c-4728-846a-678e6d7bb22f.pt,26.763626279196504,6.2893963670057715,-20.474229912190733,-0.24403794642857143,20.62342175926381,6.467309900889215,-14.156111858374594,-0.16310716286683694,19.37812639553133,34.13270030166543,14.754573906134102,0.09575247764587402,68.46734283423787,81.21044972067078,12.743106886432912,0.28998194800482857,10.232815926101702,47.286331403893556,37.053515477791855,0.5114326953746264,17.292961104134267,56.81084723414709,39.517886130012826,0.604207901865688
test,conv1d,conv1d/archive_3/ef35d294-89ef-47da-86cb-d957605c64ea.pt,0.9470831829148881,12.325608945331997,11.378525762417109,0.10658345382207861,0.9484299247261033,1.5132774692480733,0.56484754452197,0.005718600684321348,10.8236629050861,23.415403190080095,12.591740284993994,0.09802226225535075,29.337756336507578,15.912680821342638,-13.42507551516494,-0.10609079443890115,65.36430054735993,70.66377549167856,5.299474944318632,0.029513429277853744,71.75473954153304,59.54271834430417,-12.212021197228871,-0.06925657931488417
test,conv1d,conv1d/archive_4/01128dcc-6b66-45c7-a0e1-d9d109f813d3.pt,6.752710013678332,24.572676569667124,17.819966555988792,0.153514047972229,16.968436486432296,23.676056101753705,6.707619615321409,0.055284824467298016,0.0,0.0,0.0,0.0,31.88877406682644,53.53726417781536,21.64849011098892,0.32824681599934896,125.51635888314097,96.7176284604863,-28.79873042265467,-0.1192660215944856,128.39752289721494,92.63833187465859,-35.75919102255635,-0.14883879946607256
test,conv1d,conv1d/archive_4/05082297-dd7d-4ca1-aab6-ee914f6721e0.pt,8.65086023360866,22.023240666160497,13.372380432551838,0.11546196541829293,13.289639252726635,15.607512697146785,2.317873444420149,0.0201608120649115,6.481254634032008,8.715912933711873,2.2346582996798654,0.014469146728515625,19.79561130573837,16.264820724036333,-3.5307905817020355,-0.03910080591837565,22.85968488473079,59.10018674571506,36.24050186098427,0.25104603063528963,32.459069886668686,53.33733816922606,20.87826828255737,0.14181010186554263
test,conv1d,conv1d/archive_4/3375cb54-0deb-4187-9594-bd3c7cd8d03b.pt,5.0784843053900515,30.409597639363177,25.331113333973125,0.21442837398055206,7.776244918179687,18.3198038402842,10.543558922104515,0.09297176319136714,0.0,0.0,0.0,0.0,82.9140668781784,51.2726635758174,-31.641403302361006,-0.17461549318753755,98.11545876798968,82.22015410858201,-15.895304659407671,-0.07557114424065937,92.96365234677957,74.94192435357296,-18.02172799320661,-0.08949553828331146
test,conv1d,conv1d/archive_4/710883e5-9170-4f91-b626-b67ced91a3fc.pt,26.19557873325877,14.000801009392287,-12.194777723866483,-0.17058068440343782,18.430267006267723,1.1130852322561688,-17.317181774011555,-0.1918107923525778,0.0,0.0,0.0,0.0,32.266611280761786,5.144628953082559,-27.121982327679227,-0.21429179696475759,48.03403033083867,0.9518483694308768,-47.08218196140779,-0.3777522990693937,54.016111419762105,2.1235593111206903,-51.89255210864141,-0.4038313603161032
test,conv1d,conv1d/archive_4/a4e94a46-08df-49ef-a586-a3a56af160f8.pt,7.94897909950957,12.19914937097563,4.250170271466059,0.04713549484932638,20.165475421886587,22.39922807846389,2.233752656577302,0.027975271175992234,29.515850895956493,18.112054974920884,-11.40379592103561,-0.13790905475616455,1.743501268675489,27.054227621245893,25.310726352570406,0.291232613956227,39.84688414795146,69.3513086182156,29.50442447026414,0.564030848159239,5.271142377186362,53.254885492448786,47.98374311526242,0.6716705739946451
test,conv1d,conv1d/archive_4/a8bcd0b2-d8c3-407a-be63-5dc0e58e4d06.pt,8.943901797671927,29.588752273782365,20.644850476110438,0.17214044058542133,22.016577076070362,34.74187935346706,12.7253022773967,0.09766684294761774,0.0,0.0,0.0,0.0,88.15508857531708,61.44980619923316,-26.70528237608392,-0.1386381361219618,60.76105573030812,22.68903739898121,-38.072018331326916,-0.26225456976777894,60.10804674121054,18.152767607171835,-41.955279134038705,-0.295754139704049
test,conv1d,conv1d/archive_5/1311725d-da94-4ee4-ae4a-92938bb1a40a.pt,25.307545366181568,15.321326394184526,-9.986218971997042,-0.12381009810692233,26.851834166240728,20.93636650633659,-5.915467659904138,-0.07631552318138461,24.14698095834244,36.008528967750266,11.861548009407826,0.0832829475402832,63.95875887906607,88.28176206099616,24.32300318193009,0.5690232382880317,147.54659811384496,142.82420588335782,-4.722392230487145,-0.6298296905992667,145.9039310374308,144.60988038417696,-1.2940506532538336,-0.17274289900811543
test,conv1d,conv1d/archive_5/3ba702e8-e4f0-40ea-b2fa-9e77a9d44e8c.pt,11.75606579277697,16.00654704529811,4.250481252521139,0.023301099597094196,17.72395767311639,33.31735968373688,15.59340201062049,0.12278370109676194,0.0,0.0,0.0,0.0,3.970643639203904,10.312745819896808,6.342102180692904,0.06514733632405599,60.532013888360346,92.7735691798265,32.24155529146615,0.8623679768289549,45.35578840853612,95.28672731746143,49.930938908925306,1.2333528693920808
test,conv1d,conv1d/archive_5/681fe6ce-81a8-4e93-b8f1-4403f6c299ab.pt,21.48151336829336,12.576956805378863,-8.904556562914497,-0.10645092880147228,19.782860455405412,18.296110574169504,-1.4867498812359088,-0.012395109439428408,0.0,0.0,0.0,0.0,2.2221741515536824,19.901061828284803,17.678887676731122,0.18658488988876343,11.260509422869442,18.63937017221127,7.378860749341827,0.09894540979507888,37.2323067737041,0.697822398556101,-36.534484375148004,-0.3069292561747613
test,conv1d,conv1d/archive_6/29834e19-769b-486a-ada1-57fd82b46d8e.pt,20.37911416412522,10.124621450893633,-10.254492713231587,-0.12026309207312491,15.356305850032395,7.175436439232508,-8.180869410799888,-0.09190767887383573,10.302492241995656,24.660920162277016,14.35842792028136,0.10636603832244873,35.489787078645094,31.372801504988402,-4.116985573656692,-0.028850382024591618,49.193961486033544,63.888644747659065,14.69468326162552,0.08938414468221684,53.15878321848653,63.18380606833069,10.025022849844156,0.06018547389702548
test,conv1d,conv1d/archive_6/4ab1322c-0c0c-4cde-86f9-a7afa221a971.pt,7.392271589464852,18.12238999248176,10.73011840301691,0.08940396093516302,19.742995563728,28.02419224691114,8.28119668318314,0.06610705322632596,8.85437741651919,10.956648231344227,2.1022708148250366,0.009358723958333334,14.665406868257978,16.87894728307173,2.213540414813753,0.022827625274658203,2.1955347557534166,3.797060143942064,1.6015253881886475,0.015063972914948546,6.656086839200685,12.496466080080825,5.84037924088014,0.06887546724573765
test,conv1d,conv1d/archive_6/52a5445d-a8f6-43cc-a9f6-ca3916e885e5.pt,18.297114414786265,27.92084507349486,9.623730658708595,0.07736874409422247,22.46220208336012,25.524062067907256,3.0618599845471373,0.024411366751748913,4.1345372691432205,11.74434606837322,7.60980879923,0.06380340031215123,61.66045480571127,46.00023460410557,-15.660220201605696,-0.09569406509399414,55.908595971205614,77.19279879958664,21.284202828381027,0.12001891797924563,65.32226061076366,77.26941218337619,11.947151572612526,0.06496027560109839
test,conv1d,conv1d/archive_6/57c0b055-5fbf-4cea-abe5-ed18161f1edd.pt,1.4726466964274068,7.942684062023148,6.470037365595742,0.06155605197161848,27.68817511466354,22.40655351447181,-5.28162160019173,-0.04171907249742002,10.10314148573723,13.481951801133413,3.3788103153961817,0.017411351203918457,32.94937292964824,31.874658105309223,-1.0747148243390185,-0.014456007215711806,14.613362490570024,28.429589761211712,13.816227270641688,0.11272986895571532,20.202785560705752,20.202785560705752,0.0,0.0
test,conv1d,conv1d/archive_6/83289e04-5a56-4f1a-a25a-f0f62ef352c6.pt,8.964467791983633,13.88230307868485,4.917835286701216,0.04401228887855804,1.9289115573587319,9.79380615478503,7.864894597426297,0.07425948776353726,38.55127855127855,36.41424603811591,-2.1370325131626373,-0.013262450695037842,16.815114464293544,2.5769884525793607,-14.238126011714183,-0.120941162109375,110.78130885710368,91.50041004972047,-19.28089880738321,-0.7966864716636197,103.67925613469218,82.26511403287678,-21.4141421018154,-0.7553005225484816
test,conv1d,conv1d/archive_6/c1d40982-b0f9-4ba7-879b-f1930c83ecaa.pt,7.364609534455408,16.60888402206145,9.244274487606042,0.10466757798947612,27.122920627023667,40.83045435694444,13.707533729920776,0.19925851838890302,9.368994409810417,7.775024524328424,-1.593969885481993,-0.013740599155426025,16.38622359096162,54.84380262569013,38.45757903472851,0.563089231165444,157.12066668312062,156.34984443474553,-0.7708222483750831,-0.16472907311254562,151.80903582339388,157.31818002446627,5.509144201072388,1.0713353349080874
test,conv1d,conv1d/archive_6/e2cfcf2e-33f8-487d-906a-e157edf05128.pt,14.272518134426216,18.393728613138563,4.121210478712348,0.03522668644985657,16.840072706482633,20.200047326704457,3.3599746202218235,0.028147168633342618,12.499097290082098,4.200111197313101,-8.298986092768997,-0.0828859011332194,49.28990335750769,52.37148512356305,3.0815817660553577,0.05214253593893612,107.50812509837208,114.41920301624279,6.911077917870713,0.028591668914889387,112.9312685482622,116.60458963066273,3.673321082400534,0.014830373852344723
test,conv1d,conv1d/archive_6/ea0baf51-face-4cbb-9b71-4edb7fc39111.pt,5.823149279791644,15.772283150888951,9.949133871097306,0.0896081965443716,32.95743627217853,35.83516355997095,2.8777272877924176,0.020951716513694475,5.407648388105878,15.135083824450458,9.72743543634458,0.07980358600616455,47.53729140585583,46.22683769610001,-1.3104537097558193,-0.020761217389787947,22.037127836661472,27.637947874623915,5.600820037962443,-0.0048360680384580135,4.700831970136299,38.62700159115779,33.926169621021494,0.2756018518518519
test,conv1d,conv1d/archive_7/0c857231-f439-4f07-83c3-744caff6eba4.pt,39.08490755324396,15.787657254655157,-23.2972502985888,-0.3143601838601294,8.527665278619098,4.670017904671481,-3.857647373947617,-0.04343881180037314,0.0,0.0,0.0,0.0,48.31226855136646,32.66973413261588,-15.642534418750579,-0.21912384033203125,50.72935983749142,35.49954685047513,-15.229812987016295,-0.24808829566781357,34.94288986696276,32.2815883892096,-2.661301477753156,-0.03845318315817459
test,conv1d,conv1d/archive_7/1114fb8d-b7f5-4f86-970e-fc323d6a087d.pt,20.682057343830333,22.898127423371232,2.2160700795408985,0.018020249484174255,10.79408040910998,8.680975343177547,-2.1131050659324337,-0.019214672889126136,20.139117418439223,16.534950212359064,-3.6041672060801595,-0.027219629287719725,82.1278994734704,46.68141824364668,-35.446481229823725,-0.19948363304138184,87.28613237430439,72.17919843205691,-15.10693394224748,-0.07727982952672102,83.35296970385629,61.99670607125436,-21.35626363260193,-0.11506972946346379
test,conv1d,conv1d/archive_7/24e34349-628c-4029-8714-2aab57cff71c.pt,16.792477646772582,2.9049193819290084,-13.887558264843573,-0.1546713013088303,9.375288704938933,0.3441519171068016,-9.031136787832132,-0.09491176443757907,0.0,0.0,0.0,0.0,49.14674295196659,45.66229714331806,-3.4844458086485304,-0.02125380833943685,12.047662390396939,8.062506572950872,-3.985155817446067,-0.03613034234163788,22.39285386322675,8.787639757315763,-13.605214105910989,-0.11720168426152591
test,conv1d,conv1d/archive_7/3d01a5e4-3994-4731-816c-aca25e99331e.pt,22.06234664314703,3.414836484437931,-18.6475101587091,-0.21439590354150864,3.2155037081145457,5.69687478467676,2.4813710765622146,0.022710002835931532,0.0,0.0,0.0,0.0,5.9135124172906615,15.414496925338227,9.500984508047566,0.1004488468170166,116.78371745877115,88.22207899183744,-28.561638466933715,-1.228159808168317,97.2962100866862,79.70405042295357,-17.59215966373263,-0.5695315507782422
test,conv1d,conv1d/archive_7/49b1ffed-658f-4cc0-9f91-8cc3ed4dc012.pt,7.971165036870718,1.6955905702299436,-6.275574466640775,-0.06591745739380155,5.205403883324524,5.364176354153884,0.1587724708293594,0.0016750414258520252,3.8819383767807647,5.54979218978604,1.6678538130052756,0.012610256671905518,21.535701207912346,29.738293762804474,8.202592554892128,0.098163518038663,4.460161293532056,1.532188699576352,-2.9279725939557038,-0.030413354498563593,0.0035199184276759046,5.4725781893813705,5.469058270953695,0.056229799216454456
test,conv1d,conv1d/archive_7/88bcce91-1017-4a71-9439-112b661703b9.pt,38.11124491435512,1.3952743214179948,-36.715970592937126,-0.4567720596813881,39.316684098345334,7.6349481635641885,-31.681735934781145,-0.4099835515771253,0.0,0.0,0.0,0.0,10.997811739688117,49.69613402126426,38.69832228157614,0.2878110846694635,8.359058772409327,15.576964572371619,7.217905799962292,0.08868866639786716,31.38635136921191,9.42645917619497,-21.95989219301694,-0.17236088653270135
test,conv1d,conv1d/archive_7/966e3a6f-fa25-4f8e-847b-d0a8779fdb7e.pt,32.46870165149053,17.90826588411591,-14.560435767374617,-0.19091355130969914,27.464164048821836,16.86640138401106,-10.597762664810777,-0.134158941064544,26.262373428775152,28.39867670926706,2.1363032804919087,0.014468550682067871,18.6790555048,22.487509890312754,3.8084543855127535,0.0451781532981179,40.41201849445118,44.22835273282574,3.8163342383745587,0.06140603687457375,28.730686143694236,34.07279172756571,5.342105583871472,0.07519146788493133
test,conv1d,conv1d/archive_7/d3eb2a0b-abf0-4caf-b9dd-ee5ee60b6660.pt,17.00924274330018,5.376129986919372,-11.63311275638081,-0.13354393316549754,8.522155302132983,6.456838938090318,-2.0653163640426655,-0.026464848465642957,13.194350586371586,17.687526754837045,4.4931761684654585,0.032271782557169594,35.69626983658566,34.382487039721454,-1.3137827968642029,-0.017380905151367188,22.904092126797174,3.027612179301385,-19.87647994749579,-0.2279194678778456,8.378048169432613,5.64266867806804,-2.735379491364573,-0.029378337995930825
test,conv1d,conv1d/archive_7/f913937e-c7e7-43f9-bb1c-35768e80b5ef.pt,30.702699712159795,0.22693487006675456,-30.475764842093042,-0.36043163442397824,13.798521685325843,10.036213878827274,-3.762307806498569,-0.0526432992410815,15.695660305710351,16.10963862786368,0.41397832215332997,-0.01946600278218587,59.059450365842764,66.98036261784031,7.9209122519975494,0.04491136588302313,61.8251542657939,82.63621862366682,20.811064357872922,0.11249008188475937,71.24189007566123,82.89561826572334,11.653728190062111,0.060749264532360576
test,conv1d,conv1d/archive_8/1d47abd7-6438-489c-9525-26c94ecb8914.pt,4.823523436918359,27.085307008349385,22.261783571431025,0.191439397494085,24.317416537352273,23.760793501859197,-0.5566230354930752,-0.004435706672421009,0.0,0.0,0.0,0.0,82.13533781359408,51.48429611706088,-30.6510416965332,-0.16703735987345378,10.925233784854559,16.889008752470716,5.963774967616157,0.05214512464954282,9.824714928684683,18.000009187167613,8.17529425848293,0.07149057415805912
test,conv1d,conv1d/archive_8/2819e928-6c51-47c0-a091-3f0f063ae6f5.pt,19.60498237975008,8.449274867368148,-11.155707512381932,-0.1291331768420125,1.9123723405720094,0.9118209493682604,-1.0005513912037491,-0.010231381939014855,51.14876680510295,26.903864460499744,-24.244902344603208,-0.2822941541671753,9.07985861114447,0.8408630880158106,-8.23899552312866,-0.083129088083903,40.92849289285637,27.358066383411867,-13.570426509444502,-0.09909536405557462,44.27468393706979,23.007637561732768,-21.26704637533702,-0.15615911969571478
test,conv1d,conv1d/archive_8/2f97827f-f98c-4810-af91-427147b869d8.pt,2.0192694990703965,10.08311699783037,8.063847498759973,0.07559070446555782,1.335717958430204,0.8414343255525628,-0.4942836328776411,-0.004889372553059963,0.0,0.0,0.0,0.0,53.02814538031272,12.182401614037168,-40.845743766275554,-0.29163873195648193,94.11813239156596,65.67816376952437,-28.43996862204159,-0.14558300875389235,100.62576154654515,62.026733440878886,-38.599028105666264,-0.19600349313595966
test,conv1d,conv1d/archive_8/67ba21b6-1d46-404f-9ebe-de7a02bf5eb6.pt,20.889696769992202,8.849409869285731,-12.040286900706471,-0.1406648816173943,8.980045310420383,5.416395661316456,-3.563649649103927,-0.04128550178261708,2.282612372020681,10.68938440031554,8.406772028294858,0.06737995147705078,35.17040431490562,39.710577672697994,4.540173357792376,0.06444120407104492,102.62129131213158,109.79042758906051,7.169136276928938,0.32643568250868055,96.37107838921538,102.55385953436523,6.182781145149846,0.24489824529667148
test,conv1d,conv1d/archive_8/81f65a50-3fde-4146-bd9c-21290c4dfb17.pt,33.375182816608934,46.03025791088362,12.655075094274686,0.08816123325554882,6.943003341252958,20.430688439262706,13.487685098009749,0.11826905218456349,18.67495323458449,2.781604324557687,-15.893348910026802,-0.16507659639630998,14.669316468084666,11.956855705946086,-2.71246076213858,-0.023249340057373048,24.005390032842552,31.839424250277816,7.8340342174352635,0.10588103155130854,5.738589132866511,22.082274731784374,16.34368559891786,0.18914745210934136
test,conv1d,conv1d/archive_8/ad944cbd-edb1-4446-aeb3-d297b20c77a5.pt,12.614704086762323,16.48734904499413,3.872644958231806,0.017677133906897045,17.773618008477246,33.357482609606144,15.583864601128898,0.12265897820481585,0.0,0.0,0.0,0.0,5.397186301676432,22.514517035486012,17.11733073380958,0.1810366153717041,86.25188811844988,58.55974158433781,-27.692146534112076,-0.14965972789265775,102.120241833484,53.83456441971179,-48.28567741377221,-0.25185196343942756
test,conv1d,conv1d/archive_8/bd23edc9-b58a-4baa-a16e-6ccea8c27a15.pt,16.821424662704796,1.9781690113941552,-14.843255651310642,-0.16406606019868758,4.263153231257659,15.966688296634626,11.703535065376967,0.10429965255332903,15.999945205702376,26.167451594358226,10.16750638865585,0.06937603155771892,32.12529373567844,28.78359952308626,-3.3416942125921807,-0.04133743709988064,57.49228892581117,47.261475597930286,-10.230813327880881,-0.1880052134389168,46.86912133693413,44.27263394979267,-2.596487387141458,-0.043551708095938245
test,conv1d,conv1d/archive_8/e34e7689-796f-4b93-ad2c-2c9fee9ec9fe.pt,19.768805733310504,28.38730087206842,8.618495138757915,0.1114569124390527,9.421754206407941,11.111777165353379,1.6900229589454376,0.018778973461479928,33.30933686667551,0.044905701253754496,-33.264431165421755,-0.3770274586147732,22.11910728968334,8.285013984750613,-13.834093304932725,-0.11845970153808594,46.50328049960194,19.341031566221993,-27.16224893337995,-0.20094713980890574,59.518577116124675,25.62991573809614,-33.88866137802853,-0.23149838763128378
test,conv2d,conv2d/archive_1/3bbaf020-b175-4605-a2b0-72afa319294a.pt,0.5267476814350861,12.090123111666335,11.563375430231249,0.10875432720561229,31.76803732298298,17.870297689540095,-13.897739633442885,-0.11009064163843175,1.3841802648082129,23.745795401594325,22.361615136786114,0.17848677635192872,5.531134190897829,24.27576789463846,18.744633703740632,0.2201775619664143,17.27605315499681,6.650650244155909,-10.6254029108409,-0.09022985761974887,20.437009416570827,6.876035675971237,-13.56097374059959,-0.11421414160209141
test,conv2d,conv2d/archive_1/3f18bf56-0827-4c9d-9732-8b84acf35b7e.pt,13.740533958000757,0.866368882284346,-12.87416507571641,-0.1388375477401249,22.56579530826611,20.332430777470176,-2.233364530795935,-0.018217089894445405,17.481302690439858,14.74156834881066,-2.739734341629198,-0.029169273376464844,10.292684236506284,32.60223247257685,22.30954823607057,0.2754969877355239,73.27402461470598,118.80713854863795,45.53311393393197,1.7701233482206575,83.92401093601396,112.83578520923959,28.91177427322563,1.1430199166521708
test,conv2d,conv2d/archive_1/4a8852f6-e3bd-4fa4-8621-03eb844a9adb.pt,2.6723398951092827,13.640668109265745,10.968328214156461,0.11930469146081363,46.173482475497146,6.349856712391155,-39.823625763105994,-0.31358415287390484,48.68724147546137,30.06505441812548,-18.62218705733589,-0.2689971923828125,33.38994398552709,0.3039767714695203,-33.08596721405757,-0.28218986414655856,95.87177259349333,8.535436121318396,-87.33633647217493,-0.566202175159445,91.21444116691394,5.349894446046444,-85.8645467208675,-0.5743365449786368
test,conv2d,conv2d/archive_1/c7e3cc32-3d80-43bf-8f4a-499e99ad26e5.pt,11.202963167275426,0.44773806801839144,-10.755225099257034,-0.11420636295652446,33.62682108704188,30.738165691507152,-2.8886553955347303,-0.02143423221779133,0.0,0.0,0.0,0.0,15.203127227907965,21.32910097735355,6.125973749445587,0.09282093956356957,47.15432732549949,45.047723944883856,-2.1066033806156312,0.19986178379852887,68.92238281135481,42.50577330453277,-26.41660950682204,0.027193638298115864
test,conv2d,conv2d/archive_3/0dee8f31-23cc-4ade-8f8f-7392e5f8b02a.pt,8.722215300332179,21.05054443366195,12.328329133329772,0.09925799442781104,28.038424367775495,5.064256836555059,-22.974167531220434,-0.27413965799926104,0.0,0.0,0.0,0.0,43.991513997966685,57.07859910230301,13.087085104336325,0.2285996487266139,0.45459219093722136,3.5404546899212974,3.085862498984076,0.03150696069731569,20.19890761298185,1.64177372130095,-18.5571338916809,-0.16690688891904665
test,conv2d,conv2d/archive_3/5aeb5ea1-80ed-4fc9-ba99-bf5ec16837d4.pt,34.47031882946472,28.676393187647655,-5.793925641817069,0.040735650164240966,98.62459162069914,19.853778274574456,-78.77081334612468,-0.47991631739090485,25.194130187023667,9.606797038139312,-15.587333148884355,-0.13110408498280085,5.755029689100651,34.20027050844383,28.445240819343176,0.3559829444216009,20.31842751782789,75.5583514542868,55.23992393645891,1.0299115058684585,15.617128025934855,78.4958856387183,62.87875761278345,1.1472093189998809
test,conv2d,conv2d/archive_3/63ab54a4-4b88-4b0f-a9b1-49881d75887a.pt,4.371716928128676,12.083076458685603,7.711359530556927,0.06925144641974927,12.626001751146275,23.26915159457918,10.643149843432907,0.08967706890435488,45.96278872959514,51.14876680510295,5.185978075507812,0.06785374879837036,6.365857366828084,6.365857366828084,0.0,0.0,15.435071170763226,0.5157960762349458,-14.919275094528281,-0.16211382849553083,14.404390765108772,2.0029901033838606,-12.401400661724912,-0.11413371098760154
test,conv2d,conv2d/archive_3/6d63ea05-3a8a-4c82-86ac-340c3b591f84.pt,9.19030559762616,11.985776895593174,2.7954712979670138,0.025215047734990708,5.923926504276789,5.359510384228236,-0.5644161200485529,-0.005976535292965349,33.784999116279,21.590770814139564,-12.19422830213944,-0.1439245343208313,33.16301362993085,32.1068091429446,-1.0562044869862532,-0.007669616163822643,61.94143724347754,61.94143724347754,0.0,0.0,68.93472876606265,68.93472876606265,0.0,0.0
test,conv2d,conv2d/archive_3/d7d87110-ebb4-4d29-ab8b-083e9566ca37.pt,12.801509649178271,27.006792512094815,14.205282862916544,0.11762171289808271,42.32422077194038,41.24379180066338,-1.0804289712770014,-0.007392635582370887,14.767629275227756,7.612207712887881,-7.155421562339876,-0.07176562150319417,33.73997504440357,34.808024794069574,1.0680497496660024,0.0075736690211940455,59.9370513248296,59.9370513248296,0.0,0.0,52.72639581704183,42.39395114737073,-10.332444669671105,-0.06746686532221473
test,conv2d,conv2d/archive_4/38f47c2b-0eb1-45b2-bc5b-2838a5b7e752.pt,10.131795606943314,42.66814643954419,32.536350832600874,0.435651423202145,21.237648108705496,9.459879650199863,-11.777768458505633,-0.09269199601953142,0.0,0.0,0.0,0.0,23.358359351755396,2.1238191624799247,-21.23454018927547,-0.17559814453125,119.23876112759555,83.96774516071176,-35.271015966883795,-0.15562985569991103,130.68722752439444,77.95617851057766,-52.731049013816786,-0.22947333792059485
test,conv2d,conv2d/archive_4/957f4b2f-281a-4361-88c4-a1cfefa780fe.pt,8.102064999540634,18.37133004770844,10.269265048167806,0.09038920687025741,10.689259014018347,5.967089003978465,-4.722170010039882,-0.04352651710503696,0.0,0.0,0.0,0.0,54.848129058222526,37.277161553809506,-17.57096750441302,-0.1129091535295759,107.13659050921518,95.25781584236009,-11.878774666855094,-0.05239604912491946,114.73665614432817,90.63233534907992,-24.104320795248242,-0.10540555484370134
test,conv2d,conv2d/archive_4/ee3c4ae3-2164-4ac0-bcff-177130994af6.pt,7.555595913866627,2.483954066483781,-5.071641847382846,-0.053986805055899936,7.688468054211036,4.169029087512685,-3.5194389666983508,-0.03146040744166399,0.0,0.0,0.0,0.0,60.53028044322136,71.98568918965807,11.455408746436717,0.25006396953876203,124.33226011697373,124.33226011697373,0.0,0.0,147.03300468922913,133.13529651430392,-13.897708174925214,-0.04808523410085325
test,conv2d,conv2d/archive_5/6220ef78-be93-4007-83b5-3ba447273eca.pt,0.10368419551120522,9.516111150128825,9.41242695461762,0.08980021604646769,20.48429304423352,11.92808306116257,-8.556209983070952,-0.07324343062374977,9.244519399647592,16.137239481593852,6.89272008194626,0.05334270000457764,29.23038999089791,0.1974824230353986,-29.03290756786251,-0.24332105196439302,107.25425759479346,130.39202625037538,23.137768655581922,0.09117041549161807,122.40420594726596,125.77271470017487,3.368508752908909,0.01282868676170618
test,conv2d,conv2d/archive_5/6d484cfe-9973-4890-bf75-ebdd937c0244.pt,19.795912703539422,16.97458062363997,-2.8213320798994523,-0.03421608201312355,11.34756080640774,9.09411926962297,-2.25344153678477,-0.025027630292797795,6.406176715676441,0.13291249995509713,-6.273264215721344,-0.06021935599190848,33.72326643102593,47.868144828459464,14.144878397433537,0.21301896231515066,63.22922301427118,50.37984847860319,-12.849374535667984,-0.0779844556564875,71.67471268952598,54.425987126327165,-17.24872556319881,-0.09981730930263125
test,conv2d,conv2d/archive_5/76447e63-5aa3-4e0c-8292-5730c75ac521.pt,38.78480404317819,18.372619061944206,-20.412184981233985,-0.2788363087302998,38.893355382650654,20.12172814662369,-18.771627236026966,-0.2590971435723196,0.0,0.0,0.0,0.0,25.166226390003395,29.40780532710154,4.241578937098144,0.05538870158948397,87.85971099730634,122.27141717004208,34.41170617273575,1.5791490765367748,82.40530547166946,118.8920097740422,36.48670430237273,1.5301803262593234
test,conv2d,conv2d/archive_5/97c5666c-0528-49c6-a2b8-0c6b394f7c96.pt,1.0628440848694527,16.393819395117976,15.330975310248524,0.14083029220187204,15.747233806767335,10.967641465528622,-4.779592341238713,-0.05489011025404227,0.0,0.0,0.0,0.0,51.65588476497261,79.24585390204334,27.589969137070725,0.5852783203125,46.50229358134588,11.397627030700953,-35.10466655064493,-0.26946582168185035,70.92196121084763,13.86697171303108,-57.05498949781655,-0.39388152214852307
test,conv2d,conv2d/archive_5/c6d69160-10d0-41e0-8a32-4438b13a35f5.pt,22.09870879370475,8.727172092316914,-13.371536701387834,-0.15717958248585073,28.33501093040153,30.407546643235335,2.0725357128338047,0.028475061605349072,20.394742076971177,19.32944348982102,-1.0652985871501564,-0.00771331787109375,100.17468536493251,74.11453734682253,-26.060148018109984,-0.1250624289879432,117.53023091216735,97.72178901555702,-19.808441896610333,-0.9393597987448647,107.0200509986135,103.05377896512607,-3.966272033487428,-0.17600372709701892
test,conv2d,conv2d/archive_6/74697782-f7f8-4d36-9ccf-9afa43ce5f7d.pt,18.864399070670814,25.95013646175166,7.085737391080848,0.08990136786279654,31.989020740858898,6.141652422032848,-25.84736831882605,-0.21241799657388574,37.964635118994515,38.85496274553742,0.8903276265429056,0.013459556981136924,32.105788551261625,48.37296227285197,16.267173721590346,0.11276497044661703,156.5442948676604,114.71281645437388,-41.83147841328652,-0.14911978459439673,164.13203541466243,126.7939503033928,-37.33808511126962,-0.12551022830678554
test,conv2d,conv2d/archive_6/80538264-b68d-4fc9-a441-d471cc6183f9.pt,1.3554024984545607,6.68091815579648,5.325515657341919,0.05100234248305919,27.50465827996597,25.2845710348642,-2.2200872451017695,-0.017326293064232424,26.718990256139943,9.729494327228847,-16.989495928911097,-0.18550710678100585,37.08397631186101,28.744411815454505,-8.339564496406503,-0.060980435075431036,1.4123058474987904,10.564092639202128,9.151786791703337,0.09750803901643515,6.739535963295831,28.45749124455261,21.717955281256778,0.2620378239648337
test,conv2d,conv2d/archive_7/1a82859a-895f-46c9-98d5-0a80a2cdef58.pt,1.238049638065825,21.276731170760726,20.038681532694902,0.17984831995138667,0.636879113078012,13.464019705647747,12.827140592569735,0.1197576221705352,0.0,0.0,0.0,0.0,7.519841493317445,8.274824349359914,0.754982856042469,0.013450568062918528,101.39130124269154,93.78366068202673,-7.607640560664805,-0.034367767146955275,132.29299335402533,87.11624391761877,-45.17674943640655,-0.18940686464184323
test,conv2d,conv2d/archive_7/2dd7e64e-cf97-4d44-8c6b-12915b6cd67a.pt,5.027488165650449,5.923943208672331,0.8964550430218825,0.008493056444387559,12.721527279541647,17.77540326000126,5.053875980459612,0.04363759623867191,7.570735621382331,5.424439947982769,-2.146295673399562,-0.021291460309709822,19.33886780801998,24.7359379044905,5.397070096470518,0.06555821345402645,97.41181231546521,115.9449674419859,18.533155126520683,0.07889316933776142,114.95274305424661,120.32483610272139,5.372093048474781,0.021299392480017526
test,conv2d,conv2d/archive_7/d847b9e8-56b2-4595-92ad-95b070c3a75f.pt,12.07796343510447,16.353563132923213,4.275599697818743,0.022631839283267095,55.227529583372686,53.65860120320023,-1.5689283801724585,-0.009693580698279166,0.0,0.0,0.0,0.0,11.137778265750727,30.295688532214676,19.15791026646395,0.23421532767159597,4.6293212504590535,92.8316931362575,88.20237188579844,1.6850559702514065,39.962856640174756,93.91603171688206,53.9531750767073,1.437522097191662
test,conv2d,conv2d/archive_8/a84c5724-20dd-469c-95f8-a1ce6c7da7de.pt,3.1766541085441187,26.12715325784331,22.95049914929919,0.19981014891009694,5.524860734721705,20.423504310211445,14.89864357548974,0.1315466493779277,0.0,0.0,0.0,0.0,46.566758010234466,16.256081439210355,-30.31067657102411,-0.2222125313498757,145.86500977937402,121.82596560436679,-24.039044175007234,-0.08638720517573645,152.8375157957952,112.49895287065617,-40.338562925139044,-0.14633797371277138
test,conv2d,conv2d/archive_8/ef0ed8fd-07b0-4ede-849d-71d359a3447d.pt,4.89219690296473,15.038954668540342,10.146757765575611,0.08972132832302272,2.8217042301480246,3.3912503883726783,0.5695461582246537,0.004726154244231493,21.9937034512763,40.15350289778988,18.159799446513578,0.11922010779380798,0.7466698947080238,14.954769673148036,14.208099778440012,0.1486340250287737,29.13414590315164,13.341453114802773,-15.792692788348868,-0.12922629598382415,43.947129573176504,19.960307201323122,-23.986822371853382,-0.17881027057557772
test,dense_latency,dense_latency/archive_1/16e51304-7de9-4fd9-9d2c-2f48c1c4cd2e.pt,1.363891607245276,37.25592630964987,35.892034702404594,0.3005089803721699,21.620775878847184,49.00178383690489,27.381007958057708,0.19846760039731534,12.693141677210576,30.78853493203708,18.095393254826504,0.1474448365190702,0.0,0.0,0.0,0.0,28.829525366847616,10.49554806087532,-18.333977305972297,-0.21800885881696427,1.1610267197961124,8.374524354731953,7.213497634935841,0.05679529905319214
test,dense_latency,dense_latency/archive_1/4325e22a-7bf5-466c-8183-1e5d2d85e4ae.pt,27.073654424284843,17.329402451063935,-9.744251973220909,-0.1233890253200907,22.586873517026405,10.740682856183572,-11.846190660842833,-0.14111898891167043,0.0,0.0,0.0,0.0,0.0,0.0,0.0,0.0,13.89116637498002,1.6274121643238075,-12.263754210656213,-0.12937575892398231,8.201055842051801,1.6007884259349605,-6.60026741611684,-0.05803036689758301
test,dense_latency,dense_latency/archive_1/61e64dcb-4e3d-4410-88e3-2e494e292c5b.pt,23.214222120882145,38.09861839124049,14.884396270358348,0.1120241680229163,7.667547892089366,32.24099446533241,24.573446573243046,0.20380617397899714,44.937699024273066,43.18861003345976,-1.7490889908133056,-0.011720865714449842,0.0,0.0,0.0,0.0,19.578110652736495,5.619486676520898,-13.958623976215597,-0.1587409303899397,0.9958347826018372,4.553274216326736,3.557439433724899,0.03406857221554487
test,dense_latency,dense_latency/archive_1/70e760e8-e3c0-402f-a5ba-4876fa9c460c.pt,3.0858455814937282,15.720231923863583,12.634386342369854,0.11440427927927928,2.5844446248422543,6.450775385954027,3.8663307611117728,0.036309298327408354,16.929893548900033,10.552486256115087,-6.377407292784946,-0.08456786019461496,0.0,0.0,0.0,0.0,1.4669306856129594,17.912291223531312,16.445360537918354,0.1497342469262295,12.335014323444549,2.0292706015195643,-10.305743721924983,-0.1103669024528341
test,dense_latency,dense_latency/archive_1/7766208b-d8e9-4390-8311-3a01b04b6115.pt,3.816949596099153,14.100881289125208,10.283931693026055,0.11424955873090276,2.4000574089365903,17.6054345937802,15.20537718484361,0.16875479100967886,24.099623866978195,31.323877262530637,7.2242533955524415,0.09674479166666666,0.0,0.0,0.0,0.0,7.270287163313158,17.234180018204093,9.963892854890934,0.08839871021027261,0.17642317410769542,5.7050120964050555,5.52858892229736,0.05640104705212163
test,dense_latency,dense_latency/archive_1/777e4ee2-ce18-47a2-9f62-0061ca24e3b7.pt,12.6477497325699,30.36966195814752,17.72191222557762,0.1447049806141657,2.022439873326205,5.883744363638221,3.861304490312016,0.036724584309710484,29.1722403196875,67.01883404893941,37.84659372925191,0.6659220377604167,0.0,0.0,0.0,0.0,17.89054180038614,5.690825634251655,-12.199716166134483,-0.1346227555047898,11.92874526240742,18.92799239846251,6.999247136055091,0.06165933609008789
test,dense_latency,dense_latency/archive_1/7bb9a774-9792-4539-b976-d6b1b2a46fe4.pt,13.733445041838637,15.07210695407099,1.3386619122323538,0.011648554805788112,7.782645171831352,17.205445208105488,9.422800036274136,0.08351191347023461,0.0,0.0,0.0,0.0,0.0,0.0,0.0,0.0,7.053691847553959,7.053691847553959,0.0,0.0,11.42847637249573,17.81728963222696,6.388813259731229,0.061989148457845054
test,dense_latency,dense_latency/archive_1/87cc04e1-24d9-48e9-99d9-a4d1cc1907d9.pt,72.86243415855739,45.50614731066691,-27.35628684789048,-0.5570727627281571,67.07762354925931,14.952709813228727,-52.124913736030585,-0.8475109409190372,0.0,0.0,0.0,0.0,0.0,0.0,0.0,0.0,0.16582997606568206,8.128535960338507,7.962705984272825,0.07372065952845983,11.559704439122937,8.201055842051801,-3.358648597071136,-0.019802967707316082
test,dense_latency,dense_latency/archive_1/a16f76eb-446f-48ed-ba0d-9471cdce0bc5.pt,3.8837031899693777,44.42279684561418,40.539093655644805,0.3238819225263279,2.8620449339179515,56.11033197749906,53.24828704358111,0.40993625144804297,0.0,0.0,0.0,0.0,0.0,0.0,0.0,0.0,28.829525366847616,0.16582997606568206,-28.663695390781932,-0.3232207979474749,1.6007884259349605,18.271258725013553,16.67047029907859,0.12628094355265299
test,dense_latency,dense_latency/archive_1/c3eb7dbd-6363-473b-bbf4-15ba765437b9.pt,18.378813517554093,41.484169468802435,23.10535595124834,0.1411892141254794,89.94248626211481,53.71685795835663,-36.225628303758185,-0.899958816459276,15.597691990521996,22.85944671391351,7.261754723391514,0.06044750036313081,0.0,0.0,0.0,0.0,31.24722889730699,3.8704289639177762,-27.376799933389215,-0.31725458665327594,9.909103534389892,2.4966581903555123,-7.41244534403438,-0.05231589078903198
test,dense_latency,dense_latency/archive_1/c4bf7d33-025d-449e-a839-c5e10c2f4438.pt,9.022069702499207,7.116421096196327,-1.9056486063028801,-0.02576364139466646,0.24689298391390108,19.321711568149894,19.07481858423599,0.17371813131386438,0.0,0.0,0.0,0.0,0.0,0.0,0.0,0.0,8.543559974209057,23.953432442417586,15.40987246820853,0.12235768636067708,20.976889125672074,1.6854381230835178,-19.291451002588555,-0.18112564086914062
test,dense_latency,dense_latency/archive_1/d8d26a1e-5908-4c54-b96b-718ace33552c.pt,14.147467319280363,28.332674766853607,14.185207447573244,0.11604176060893165,15.070576287199009,28.46101614493216,13.390439857733151,0.10900874578802061,10.94780294686343,11.050746634095836,0.10294368723240588,-0.011080138076691937,0.0,0.0,0.0,0.0,5.214845856278279,19.21445356018628,13.999607703908,0.12167446551001547,11.596995245213437,6.968316503367309,-4.6286787418461275,-0.0554808775583903
test,dense_latency,dense_latency/archive_1/dd85badd-94ca-4169-802a-d7af9c51156c.pt,14.729276356322229,0.4945024056091232,-14.234773950713105,-0.15406890434219309,0.12449143634669374,10.034609526938011,9.910118090591318,0.09430344781433449,0.0,0.0,0.0,0.0,0.0,0.0,0.0,0.0,3.9643623650473776,14.152974079183737,10.18861171413636,0.09143714904785157,8.201055842051801,8.201055842051801,0.0,0.0
test,dense_latency,dense_latency/archive_1/f7736eb2-b054-42b3-b4a7-c0c273cb49b5.pt,31.491326695056465,34.98044085385996,3.4891141588034955,0.05018987079608067,23.549575856584006,42.21972097087247,18.670145114288466,0.2682444392948275,31.76817839317727,19.124134720846587,-12.644043672330682,-0.16570328503120235,0.0,0.0,0.0,0.0,4.448184053612155,2.5500669959182396,-1.8981170576939155,-0.020293054501872416,21.036415313842895,1.1603656585875113,-19.876049655255382,-0.22219261756310096
test,dense_latency,dense_latency/archive_1/fc104bca-438b-44ec-94c3-56102fe6a07c.pt,40.76643763068166,13.291602417989738,-27.47483521269192,-0.3696483897566324,22.183154250376866,17.784941731962082,-4.398212518414784,-0.08617395088975996,0.0,0.0,0.0,0.0,0.0,0.0,0.0,0.0,18.882860135135115,20.92603806272707,2.0431779275919553,0.016456051876670437,47.65032028444236,25.30521875134412,-22.345101533098237,-0.14016520977020264
test,dense_latency,dense_latency/archive_2/0dabb4ae-b0c5-4f3f-a84d-3a5d566b255c.pt,13.67983297546976,2.936012402955104,-10.743820572514656,-0.11704443285446839,3.4397208680891134,5.595995660979326,2.1562747928902124,0.019437627397515776,5.8179974648935575,3.351202698299289,-2.4667947665942687,-0.026935121548250788,0.0,0.0,0.0,0.0,10.603016650307211,7.397743320592296,-3.205273329714915,-0.040547688802083336,17.88971568353345,8.218020180746674,-9.671695502786775,-0.10909120964281487
test,dense_latency,dense_latency/archive_2/1ad6ae8f-0ebc-4220-9103-11fa1f6d3ed2.pt,54.92739494131305,46.11090326618849,-8.81649167512456,-0.15796299091781366,53.95893951470565,38.73414720059304,-15.224792314112605,-0.25856065916267423,0.0,0.0,0.0,0.0,0.0,0.0,0.0,0.0,0.8160902291299149,5.373504735612664,4.557414506482749,0.04275554418563843,25.30521875134412,18.929994754949355,-6.375223996394766,-0.045236289501190186
test,dense_latency,dense_latency/archive_2/2205f54b-dc20-4fd0-a6f2-41c5eb908c76.pt,47.545723633939424,25.016961139844803,-22.52876249409462,-0.3377977889952262,78.5323212608726,68.6462401396086,-9.886081121264013,-0.2478274704667343,28.33547537862888,21.11811615662576,-7.217359222003122,-0.0939992598240441,0.0,0.0,0.0,0.0,16.653449622597833,0.16582997606568206,-16.487619646532153,-0.17357260840279715,13.661895769308234,4.7850265980903925,-8.876869171217841,-0.05914512276649475
test,dense_latency,dense_latency/archive_2/27a5a38a-ef05-4e2e-94ad-7cfbdda203bd.pt,14.609462148210788,8.351099681776915,-6.258362466433873,-0.05598547752208338,2.034793425268458,8.243515806985007,6.20872238171655,0.05902850061151734,43.341334450432875,29.168984614492416,-14.172349835940459,-0.10164397109532053,0.0,0.0,0.0,0.0,7.053691847553959,9.090867904926942,2.0371760573729825,0.02161927656693892,18.92799239846251,29.143353571584722,10.215361173122211,0.09905850887298584
test,dense_latency,dense_latency/archive_2/60b4242d-9f39-46bb-b95c-9e0ef3f57629.pt,17.082513123166517,56.11102018190355,39.028507058737034,0.25139690001564763,18.284252811804958,31.806902129358203,13.522649317553245,0.07318288178224078,3.75148275213814,39.69709164336,35.94560889122186,0.2929572416877104,0.0,0.0,0.0,0.0,23.204506605649932,9.554592280365,-13.649914325284932,-0.16627300486845129,6.1869757226165225,1.1610267197961124,-5.02594900282041,-0.03625139594078064
test,dense_latency,dense_latency/archive_2/86ae87ef-364a-46a8-bc0b-509bb4dad66c.pt,21.737469512213988,1.1905968427963773,-20.54687266941761,-0.23190267770470735,9.262966710292783,5.314379044933398,-3.948587665359385,-0.042533343995190605,36.574026578778785,16.71535053106904,-19.858676047709746,-0.2638266651900773,0.0,0.0,0.0,0.0,7.20548339165029,0.7979456294704724,-6.4075377621798175,-0.06666428480691057,14.339116214124141,7.706890129987804,-6.632226084136337,-0.07963902400090145
test,dense_latency,dense_latency/archive_2/89c9b340-063b-4cd2-a23c-85b131415035.pt,28.19987411122136,23.5467176539349,-4.65315645728646,-0.1176208388293948,33.22150679447272,23.69098587338499,-9.530520921087728,-0.18656178807767412,0.0,0.0,0.0,0.0,0.0,0.0,0.0,0.0,38.78573994256964,20.73542442344999,-18.05031551911965,-0.2409087589808873,2.4966581903555123,11.92874526240742,9.432087072051907,0.07664602994918823
test,dense_latency,dense_latency/archive_2/b353ae35-92a2-4d68-b8e6-23f5d0639450.pt,5.189011840569373,0.19235968542428133,-4.9966521551450915,-0.05135045322488485,2.1646959639265546,7.809238762904603,5.644542798978049,0.05374250406613391,3.685754793722743,12.838169902539462,9.152415108816719,0.08438023158482143,0.0,0.0,0.0,0.0,9.811487211717965,7.194858067059933,-2.6166291446580328,-0.0336523223341557,10.9885867871179,4.287035744320616,-6.701551042797283,-0.07317780003403172
test,dense_latency,dense_latency/archive_2/b7f1ecfa-28aa-472c-b57f-d289894fd824.pt,2.4100126642594235,24.71035437877552,22.300341714516097,0.19611723560827748,11.69447698587425,20.67125601192251,8.97677902604826,0.07686427157959257,2.7714542461621963,21.027242514849675,18.25578826868748,0.16181485406283674,0.0,0.0,0.0,0.0,15.579624456217983,12.378202500679127,-3.201421955538857,-0.05231920361195799,8.165833410279761,24.75475251931386,16.5889191090341,0.13444415728251138
test,dense_latency,dense_latency/archive_2/c91c98af-711f-4ffd-bc4a-04c2b17b8030.pt,4.035867459014532,5.828915769536025,1.7930483105214936,0.018849087053736197,0.9318262636879114,4.320236097103134,3.3884098334152224,0.03479426002766252,0.4554407578335152,5.0472295112693,4.591788753435785,0.04461181931962261,0.0,0.0,0.0,0.0,14.765868160321855,13.183891264541867,-1.581976895779988,-0.035707654127892355,27.95903036398133,0.8084993469351617,-27.15053101704617,-0.31453687227689303
test,dense_latency,dense_latency/archive_2/f8d29a54-99a1-44ed-90b6-df6c4e96a710.pt,2.943331348692282,9.216597363966837,6.273266015274555,0.0667453106192323,7.746874077927705,17.061078402350887,9.314204324423182,0.11194184793001981,10.137341008986274,0.9563042272924434,-9.18103678169383,-0.09686358051915323,0.0,0.0,0.0,0.0,5.250497830840297,4.751399405389972,-0.4990984254503248,-0.007497467609666149,6.468596370836193,25.075638168082637,18.607041797246445,0.15515072471217106
test,dense_latency,dense_latency/archive_3/384cb427-12c5-435b-99ec-b5f2f583ac85.pt,4.790008042583452,14.917254192805864,10.127246150222412,0.0897430040219356,4.75687119965637,16.020334155705036,11.263462956048667,0.10185868924729746,26.38939549858885,10.014528190599156,-16.374867307989696,-0.1981470877664131,0.0,0.0,0.0,0.0,30.178412910177798,1.6075764635620449,-28.570836446615754,-0.3387946931740983,17.078920857581036,15.964592526089369,-1.1143283314916665,-0.03859170766977164
test,dense_latency,dense_latency/archive_3/67083295-7970-4ba4-91c9-e7e19d374787.pt,18.616388680277964,11.816766625989507,-6.799622054288458,-0.09369524312830489,6.559875861694604,6.991253686164325,0.4313778244697213,-0.0002721215113398657,31.916636208547924,10.137341008986274,-21.779295199561652,-0.27210486627394154,0.0,0.0,0.0,0.0,16.56148821931086,5.415603600620246,-11.145884618690614,-0.127583251953125,15.709846701062986,11.840064227490403,-3.8697824735725828,-0.058255709134615384
test,dense_latency,dense_latency/archive_3/689c2400-5bd1-4c0d-b855-3f218a468546.pt,7.585785377200939,28.915389991065233,21.329604613864294,0.179543462569602,11.457563788608411,23.4421547278735,11.98459093926509,0.08828901773731818,28.391126002245826,39.0972187261852,10.70609272393937,0.07827611306342937,0.0,0.0,0.0,0.0,17.060991912611243,4.90181721114651,-12.159174701464732,-0.13847103512744285,8.220997522785177,5.461656168656721,-2.7593413541284564,-0.029310226440429688
test,dense_latency,dense_latency/archive_3/8cafb42c-79c2-426d-9177-ef015f498188.pt,16.596462323477063,27.22959810338209,10.633135779905029,0.08641789930910299,24.626436424229972,34.5687635368555,9.942327112625527,0.07547705531540186,69.9766483329907,77.93952750937355,7.962879176382842,0.19765287457090436,0.0,0.0,0.0,0.0,9.072631047256026,1.0587222162480356,-8.01390883100799,-0.08406935471754808,6.085027179923273,6.085027179923273,0.0,0.0
test,dense_latency,dense_latency/archive_3/9bdde29f-91ec-4b64-9214-5466930df099.pt,13.310960884126882,14.203748012330072,0.8927871282031905,0.010295590148027334,2.1038714659504114,2.4147408751806454,0.310869409230234,0.0036228076288446582,13.514762621737095,11.687732714528895,-1.8270299072081997,-0.020785610071209628,0.0,0.0,0.0,0.0,15.194381194213655,5.78976545922142,-9.404615734992234,-0.10795634984970093,19.26458394157487,4.054555606581737,-15.210028334993133,-0.16919245864405777
test,dense_latency,dense_latency/archive_3/9cf44455-22be-4b10-9851-1b9aaaaa3d2d.pt,2.083959272213531,38.256437623522324,36.17247835130879,0.30007632098738485,3.571242966897942,39.4007016623874,35.82945869548946,0.2927933902877698,0.0,0.0,0.0,0.0,0.0,0.0,0.0,0.0,28.491804730045946,7.960982740061177,-20.53082198998477,-0.25036096572875977,30.305259682307053,14.634192907536125,-15.671066774770928,-0.16606545448303223
test,dense_latency,dense_latency/archive_3/a02e0246-9ce3-4c41-8b88-a592f528e17a.pt,31.829512956839782,16.812034795826484,-15.017478161013297,-0.19498740785715507,24.824411364809535,2.2172289388860342,-22.6071824259235,-0.26099249375706746,0.0,0.0,0.0,0.0,0.0,0.0,0.0,0.0,2.2419898351977525,24.227295523754897,21.985305688557144,0.1893921693166097,15.446778526041888,18.92799239846251,3.481213872420623,0.03125208616256714
test,dense_latency,dense_latency/archive_3/b94cb66c-8ed1-4eb0-90f5-796b4b749e8c.pt,3.53893636261546,26.26251215874873,22.72357579613327,0.19736689394568127,0.12297362191274133,33.45157514403574,33.328601522123,0.2853448946339685,0.0,0.0,0.0,0.0,0.0,0.0,0.0,0.0,19.409275059830872,1.0278008185794452,-18.381474241251425,-0.19904083675808376,4.7850265980903925,15.446778526041888,10.661751927951496,0.0887799859046936
test,dense_latency,dense_latency/archive_3/ba755c1f-e34a-4291-9237-ad5f1195fdc2.pt,5.183690475551833,11.845836903137574,6.662146427585741,0.058618218316336464,3.021874479193216,15.418050663933352,12.396176184740135,0.11337620153780187,14.75335853925534,31.03619730831975,16.282838769064412,0.13115939508119134,0.0,0.0,0.0,0.0,5.804848039011797,8.216084940202517,2.41123690119072,0.019076835818407013,4.054555606581737,9.847629996653273,5.793074390071536,0.05167550751657197
test,dense_latency,dense_latency/archive_3/c5584439-a7f5-49cb-a95c-3529d25692d4.pt,4.635193622691079,37.38353056889603,32.74833694620495,0.2696605708528125,9.7134477128844,37.514106383937225,27.800658671052823,0.22325350189933524,2.011675528938033,22.104349261454907,20.092673732516875,0.17891195546025815,0.0,0.0,0.0,0.0,9.196947978613691,2.8178924085225803,-6.379055570091111,-0.06840718587239583,6.831068217835173,2.8962684528003906,-3.9347997650347826,-0.04153806513006037
test,dense_latency,dense_latency/archive_3/c58ce5f8-2396-45d7-b9df-a546fd57b27f.pt,5.591157925670818,13.226884148201759,7.63572622253094,0.06654418721906254,2.9049298994797517,10.641259886619935,7.7363299871401825,0.0715590409759617,41.610953144530065,55.42664964989454,13.815696505364478,0.08944042504824821,0.0,0.0,0.0,0.0,4.738429749430814,1.2734960786606695,-3.4649336707701446,-0.03576019287109375,5.499792228744277,8.297494695382168,2.797702466637891,0.029298691522507442
test,dense_latency,dense_latency/archive_3/d5223328-d519-4361-be89-a8306066a0a5.pt,29.884373096074366,7.564173476337608,-22.32019961973676,-0.27845579779305135,35.84872005431964,11.33666260555704,-24.512057448762604,-0.32948583927982183,0.0,0.0,0.0,0.0,0.0,0.0,0.0,0.0,35.19615501283287,15.09003477501406,-20.106120237818807,-0.2561507505529067,24.111957666472843,11.42847637249573,-12.683481293977113,-0.12746906280517578
test,dense_latency,dense_latency/archive_3/e5fb8228-fee2-402f-8e51-092cebb0d68f.pt,4.095199961633623,8.234603217803949,4.139403256170326,0.037281276838912844,7.239548116092062,14.198430158876441,6.958882042784379,0.057455877805830405,0.0,0.0,0.0,0.0,0.0,0.0,0.0,0.0,8.958662358709331,3.3746501606240895,-5.584012198085242,-0.058818761040182674,8.201055842051801,14.634192907536125,6.433137065484324,0.06031505266825358
test,dense_latency,dense_latency/archive_3/fe6bef32-0225-4046-bcf6-888cb82b7d41.pt,20.131055445914996,56.72666350881399,36.595608062899,0.2590205462681765,26.59534535214827,64.22224703199058,37.626901679842305,0.2513779266360498,0.0,0.0,0.0,0.0,0.0,0.0,0.0,0.0,23.449677243845,19.515008525608753,-3.934668718236246,-0.08540179994371203,12.57628702307431,34.88758206129115,22.31129503821684,0.15639322996139526
test,dense_latency,dense_latency/archive_4/153109f7-21cf-4526-92c2-d966688b0219.pt,22.900792839420312,13.561342899689086,-9.339449939731226,-0.11314262822316515,8.858996544294694,4.3452851188165,-4.513711425478194,-0.04230321817999244,0.8108229630441264,12.025416760023797,11.21459379697967,0.10510379695550515,0.0,0.0,0.0,0.0,12.94015904406386,12.94015904406386,0.0,0.0,5.443215916073455,1.5055537323979056,-3.937662183675549,-0.04039059263287169
test,dense_latency,dense_latency/archive_4/15af50fe-1cda-4014-a76b-8eaccc9b9eea.pt,21.962169788595876,3.067088001563447,-18.895081787032428,-0.2165053281962735,16.10183061173046,2.5802919777059574,-13.521538634024502,-0.14897621129746208,15.937185120228119,4.22606502229042,-11.711120097937698,-0.13149473215514867,0.0,0.0,0.0,0.0,14.429862255326997,8.54893863369505,-5.880923621631947,-0.07341754247271826,18.446305668592196,6.327828077227137,-12.118477591365059,-0.14077606201171874
test,dense_latency,dense_latency/archive_4/36ded062-de09-4ccc-b708-0eef6262530b.pt,44.758343847497144,12.321022733384922,-32.43732111411222,-0.4453266809234481,123.27877943387796,88.9636575718085,-34.31512186206946,-1.6111648981141808,11.891646977505065,19.17639713621519,7.284750158710125,0.06273938776413873,0.0,0.0,0.0,0.0,46.823838423336724,26.843812645226112,-19.980025778110612,-0.2862532615661621,8.374524354731953,11.92874526240742,3.5542209076754663,0.02958625555038452
test,dense_latency,dense_latency/archive_4/4bcf3d62-d610-46e7-9ae1-524b1d8c6bbc.pt,13.13259914242155,27.332729233410863,14.200130090989314,0.11723029126046368,1.1993006100336132,27.016190840733326,25.816890230699713,0.2260891053734756,0.874272605565312,4.637546066085278,3.763273460519966,0.03865959740787572,0.0,0.0,0.0,0.0,16.48452961725857,3.4892854539642126,-12.995244163294357,-0.14509002572935886,13.248800635660842,11.867878701930266,-1.3809219337305763,-0.01550345950656467
test,dense_latency,dense_latency/archive_4/4f07cf09-d712-4ceb-9fcb-52c45bc4d1cc.pt,2.055518455499974,10.04662060542731,7.991102149927337,0.08543333683942614,2.8433694381888595,6.389426121727968,3.546056683539109,0.03715817134381415,0.0,0.0,0.0,0.0,0.0,0.0,0.0,0.0,25.25633839978489,9.294566594300479,-15.961771805484412,-0.19569813121448865,29.143353571584722,18.92799239846251,-10.215361173122211,-0.09905850887298584
test,dense_latency,dense_latency/archive_4/5381b722-522d-4448-946c-ca91317da97e.pt,56.12478848820644,35.48173668754547,-20.64305180066097,-0.34883779969395473,73.98752333682437,24.44741552916948,-49.54010780765489,-0.8956509160693049,0.0,0.0,0.0,0.0,0.0,0.0,0.0,0.0,37.169073735386604,11.006019808889079,-26.163053926497525,-0.3300643247716567,20.976889125672074,1.6854381230835178,-19.291451002588555,-0.18112564086914062
test,dense_latency,dense_latency/archive_4/9c74343d-9e29-4c36-bfc8-0cce69068fe4.pt,5.2378838814548585,32.75119036708197,27.51330648562711,0.23038424409953856,3.4953884644851128,34.56356649093985,31.068178026454735,0.2591291765553315,12.046209432421774,26.598041101227047,14.551831668805272,0.12088962412474066,0.0,0.0,0.0,0.0,11.769983344621721,2.224707771076987,-9.545275573544734,-0.10286849584334935,9.09759878518453,10.480665653005682,1.3830668678211513,0.015084447087468329
test,dense_latency,dense_latency/archive_4/a2f76092-966a-406c-852d-ab73d9713457.pt,0.7165951018365805,0.7165951018365805,0.0,0.0,40.012664542643954,42.91817941540099,2.9055148727570383,0.01993349631874186,23.359920482052583,1.4769831085699465,-21.882937373482637,-0.19449201457792703,0.0,0.0,0.0,0.0,43.19230030551732,25.163221965755483,-18.02907833976184,-0.2510903098366477,4.7850265980903925,8.374524354731953,3.5894977566415607,0.02878648042678833
test,dense_latency,dense_latency/archive_4/a3238af5-b80b-474b-88e0-02f68a61affa.pt,3.013666749026203,5.703528772426376,2.6898620234001727,0.025764500692047484,1.1546148576163575,7.928644225220927,6.7740293676045695,0.06478298731634012,43.70553643500974,50.66523507801928,6.959698643009538,0.11818972500887784,0.0,0.0,0.0,0.0,1.0686346771563577,12.917310848589166,11.848676171432809,0.11044360878011288,1.2065533655485694,5.7050120964050555,4.498458730856486,0.04627392338771446
test,dense_latency,dense_latency/archive_4/acb52788-5d13-4ae2-9005-2b21e56c5752.pt,28.81301441825451,1.6536941376402796,-27.15932028061423,-0.3199496132950183,16.157364316856782,6.32906431666378,-9.828300000193002,-0.11442181352962871,0.0,0.0,0.0,0.0,0.0,0.0,0.0,0.0,5.131973132117132,19.515008525608753,14.383035393491621,0.12165403366088867,1.6007884259349605,8.201055842051801,6.60026741611684,0.05803036689758301
test,dense_latency,dense_latency/archive_4/d4fd6441-4e9c-4adf-a1a1-71018c2543d5.pt,25.735130029244964,23.968698822385672,-1.7664312068592913,-0.02303330427889573,19.425678263045054,18.30600741980809,-1.119670843236964,-0.013650636649283563,12.8302357216153,1.844550934591156,-10.985684787024143,-0.11837316850462545,0.0,0.0,0.0,0.0,2.5846507175485787,4.422181961373544,1.837531243824965,0.017042160034179688,12.371936834798296,4.054555606581737,-8.317381228216558,-0.0891216162479285
test,dense_latency,dense_latency/archive_4/de113925-04dd-418f-9f74-7df76d9fd168.pt,9.23671108812304,17.27396350667011,8.037252418547071,0.07071653543307087,12.314519691186227,26.85306316576993,14.538543474583705,0.1207410683397111,125.00982266775007,133.57626219157123,8.56643952382116,0.6722772771661932,0.0,0.0,0.0,0.0,14.580717661946323,0.5835201141612633,-13.99719754778506,-0.1509645760777485,3.6389453697903833,0.5273617770636263,-3.111583592726757,-0.03134972708565848
test,dense_latency,dense_latency/archive_4/eb5aa7ed-d99d-442a-b132-f8cd52d23d74.pt,13.46155020949371,44.99396500093703,31.532414791443323,0.24118007911728256,4.822690259659625,43.6495585170264,38.826868257366776,0.3112056556463596,18.879097933007284,2.3918899934958806,-16.487207939511404,-0.1836123399331536,0.0,0.0,0.0,0.0,16.57137445374968,2.5869783254815264,-13.984396128268154,-0.15401063482445407,0.5273617770636263,3.6389453697903833,3.111583592726757,0.03134972708565848
test,dense_latency,dense_latency/archive_4/fc077044-0a65-4a54-9331-c22d89bc894d.pt,18.273715740399417,11.267098967391991,-7.006616773007426,-0.09445010063579248,5.444162259356194,9.233981572747282,3.7898193133910887,0.032299499013336966,10.712158674481476,11.311252094041015,0.599093419559539,-0.0061101118723551435,0.0,0.0,0.0,0.0,17.755245341729427,8.212697436887954,-9.542547904841474,-0.11573288932679192,12.966960713996531,15.964592526089369,2.9976318120928376,0.009114309457632211
test,dense_latency,dense_latency/archive_5/18f300f9-f237-409b-ba9e-5208201f2b6a.pt,9.721162991281975,1.0362572812714321,-8.684905710010543,-0.09186872577252254,1.6055358190896898,6.300230841315578,4.694695022225888,0.04489287176568102,0.9989439910010516,4.667066591360868,3.6681226003598164,0.03562619302278203,0.0,0.0,0.0,0.0,18.54519346808107,4.422181961373544,-14.123011506707527,-0.16078077043805802,16.512868379866227,1.2753261746611742,-15.237542205205052,-0.16462164214163116
test,dense_latency,dense_latency/archive_5/35f59421-fe3b-467d-bf83-8fcb92e61c5b.pt,17.407442669866445,27.79677691657919,10.389334246712746,0.053378544422188305,24.215438569371937,35.44666488293859,11.231226313566655,0.025587349552251067,0.0,0.0,0.0,0.0,0.0,0.0,0.0,0.0,18.151219791704676,3.7153054275476505,-14.435914364157025,-0.15555147024301383,21.645162197199376,1.6854381230835178,-19.959724074115858,-0.14859668413798013
test,dense_latency,dense_latency/archive_5/375785d0-eb31-4117-b3cb-038d1e530a06.pt,47.54561761898394,1.1511085878850629,-46.39450903109888,-0.6121480657162446,45.10279220784716,11.150013399924099,-33.95277880792306,-0.4767099166542363,0.0,0.0,0.0,0.0,0.0,0.0,0.0,0.0,14.605083654624341,3.979845792197071,-10.62523786242727,-0.11430113656180245,14.909002574263381,1.6854381230835178,-13.223564451179863,-0.10145791371663411
test,dense_latency,dense_latency/archive_5/578eb9aa-c092-467a-8b93-62bbc4d5571f.pt,11.352159497844044,2.393410518176411,-8.958748979667632,-0.09612870322336413,5.296193493177742,8.681056661937356,3.3848631687596145,0.0363469160427946,25.792219407390988,0.2247122509461221,-25.567507156444865,-0.2930897817561764,0.0,0.0,0.0,0.0,9.06418722472045,18.020839066131114,8.956651841410663,0.07852641907317362,4.190973054578406,5.445367187859335,1.254394133280929,0.010148172793181046
test,dense_latency,dense_latency/archive_5/5c54238a-189e-4f73-8213-2300d305ef27.pt,7.100632625468385,16.03996507846869,8.939332453000304,0.07991864483773062,12.919453107605017,24.116557035523407,11.19710392791839,0.09385866741861205,52.876064319936155,57.99201108024237,5.115946760306215,0.09654748099190848,0.0,0.0,0.0,0.0,6.512815954534599,8.513279629664675,2.000463675130076,0.01853460598486075,15.785135600645786,10.268507772695763,-5.516627827950023,-0.04814743041992187
test,dense_latency,dense_latency/archive_5/6bff17e4-029f-46e6-90fe-7555bbbc41e6.pt,9.056754035439706,9.768109835909478,0.7113558004697715,-0.001730846331008573,7.519735939626506,7.159728607265521,-0.36000733236098537,-0.009012313962500762,8.880413090312212,9.464521663484934,0.5841085731727222,-0.002556904424888811,0.0,0.0,0.0,0.0,10.740658554718465,0.730945045294329,-10.009713509424136,-0.10581186930338542,10.492578853289675,11.88893173454386,1.3963528812541846,0.015276336669921875
test,dense_latency,dense_latency/archive_5/6d997492-bcf4-45b5-a67a-c4fe3f6f6c99.pt,1.7216615181517692,21.81894107626986,20.09727955811809,0.17965701300630582,1.1187803014299535,15.793743933005898,14.674963631575944,0.13512649888548717,2.034867625629387,7.557052744230084,5.522185118600698,0.052414544738165224,0.0,0.0,0.0,0.0,10.136335132519545,0.12368333183478102,-10.012651800684763,-0.1051733608903556,2.240366550570593,0.8531162079114212,-1.3872503426591718,-0.013904370759662828
test,dense_latency,dense_latency/archive_5/7c5af378-982c-4ad4-8615-56fce9f6bdf4.pt,5.675556300893118,27.782944547609695,22.107388246716578,0.18552828392711448,1.74542473641103,38.508427846888395,36.763003110477364,0.30529631863708173,0.0,0.0,0.0,0.0,0.0,0.0,0.0,0.0,3.616285912858503,17.898992244314012,14.28270633145551,0.1259671916132388,8.374524354731953,15.446778526041888,7.072254171309934,0.05999350547790527
test,dense_latency,dense_latency/archive_5/7e0c6d3c-ff42-4d23-8d23-b69ec0e2c269.pt,5.437215669371367,32.07185852958307,26.6346428602117,0.22346250827860256,8.413148561832282,24.115878803032192,15.70273024119991,0.1344735177042386,14.653078333269143,12.842280477356063,-1.81079785591308,-0.03736671568855407,0.0,0.0,0.0,0.0,10.18735184891442,10.788450707043717,0.6010988581292978,-0.004973751535363346,10.277794957293187,4.8537039184528865,-5.4240910388403005,-0.060634450709566155
test,dense_latency,dense_latency/archive_5/888bcfa1-4079-4dab-9e35-b2eda845ca09.pt,18.406296276224545,6.793784213846497,-11.612512062378048,-0.13239249847998827,7.5718428751967775,2.5916316633495375,-4.98021121184724,-0.05311295755377973,7.352396669474349,14.666660724619874,7.314264055145525,0.06566517653974514,0.0,0.0,0.0,0.0,19.385324319110342,9.566662405091735,-9.818661914018607,-0.12312092152676841,17.88971568353345,1.2753261746611742,-16.614389508872275,-0.1808537569912997
test,dense_latency,dense_latency/archive_5/91076273-ad1d-484d-b57a-52e9c7d6e698.pt,17.35439658053898,23.312877559085944,5.958480978546962,0.01875751038504967,8.334904873220825,33.151224854828875,24.81631998160805,0.1973971959375283,0.0,0.0,0.0,0.0,0.0,0.0,0.0,0.0,21.004002043977295,23.57366136310755,2.569659319130256,-0.02338123321533203,27.22173490254389,1.6854381230835178,-25.536296779460372,-0.24842365582784018
test,dense_latency,dense_latency/archive_5/c4e58a82-e082-4694-b902-2716f293313b.pt,4.363602174618534,18.903346386405616,14.539744211787081,0.12810003287263996,6.166346584472499,26.348726406478647,20.182379822006148,0.17299588782849482,11.642045306537986,29.773565394156435,18.131520087618448,0.14902171426767055,0.0,0.0,0.0,0.0,5.195551688219556,2.8178924085225803,-2.3776592796969758,-0.025476351651278407,5.443215916073455,4.287035744320616,-1.1561801717528386,-0.013772444291548296
test,dense_latency,dense_latency/archive_5/cced5b5f-9e68-4862-8578-6b2a7b17c40b.pt,8.30883012265232,47.2906949905048,38.98186486785248,0.29577994238232264,15.072591083997196,58.527039571689436,43.45444848769224,0.31260935941475115,20.41818099313218,16.179471183635382,-4.238709809496797,-0.07758728612345248,0.0,0.0,0.0,0.0,25.833987783572873,4.054756541327326,-21.779231242245547,-0.2562620980398996,13.753854450821574,1.2753261746611742,-12.4785282761604,-0.13281700827858664
test,dense_latency,dense_latency/archive_5/fb17827f-9776-4548-87e6-5c49d979ca76.pt,30.930474102206322,10.985049187152821,-19.9454249150535,-0.24965395055445025,19.181627674028583,1.8003669516135548,-17.38126072241503,-0.1943149815060058,0.0,0.0,0.0,0.0,0.0,0.0,0.0,0.0,15.866226681013057,4.537682760324245,-11.328543920688812,-0.12491680326915923,18.92799239846251,22.371551185545492,3.4435587870829814,0.03211921453475952
test,dense_latency,dense_latency/archive_5/fc5d324e-3ea7-47ed-bdc2-0c7661003d39.pt,3.178313374918848,86.73854046548,83.56022709056116,1.4993503478533474,1.4468224012980102,63.243857119585904,61.7970347182879,0.9105390685049961,9.141028321006887,84.21998649895129,75.0789581779444,1.3672783206965198,0.0,0.0,0.0,0.0,60.420655573812496,69.56840361070046,9.147748036887961,0.1918522227894176,48.63612692826706,25.776862464146188,-22.859264464120873,-0.07148776948451996
test,dense_latency,dense_latency/archive_6/03d09fd5-cafb-4fab-887c-9773b571a64c.pt,4.743550759080306,6.91494205406693,2.1713912949866243,0.018250532212691545,0.8725558846487264,11.028627076867577,10.156071192218851,0.09583443114523738,11.0186818787659,11.0186818787659,0.0,0.0,0.0,0.0,0.0,0.0,3.8458880468327763,9.162841619131784,5.316953572299008,0.04829100169003282,1.7785625631773572,3.1659528965037795,1.3873903333264224,0.01336376483623798
test,dense_latency,dense_latency/archive_6/09552afe-2f1c-4c05-b8c8-e4f1f275121f.pt,110.76536200399258,72.05218902480776,-38.71317297918482,-0.1831612887594777,60.08996227793519,30.691616381207798,-29.398345896727395,-0.19598636188561552,13.76992663371386,13.76992663371386,0.0,0.0,0.0,0.0,0.0,0.0,13.15665843701958,59.99091049445395,46.83425205743437,0.6998508626764471,32.84923205178308,60.56329365921466,27.714061607431574,0.4399011433124542
test,dense_latency,dense_latency/archive_6/3afa77ed-2c49-4fa9-aa12-b07a4a4b8a9a.pt,5.10424094705795,18.508433352974176,13.404192405916227,0.11963453875400026,9.872593927878125,7.061868232498058,-2.810725695380067,-0.03564202613390376,24.783671283248335,33.78341767795043,8.999746394702097,0.06829824847375561,0.0,0.0,0.0,0.0,9.17362049422741,2.8265248372089355,-6.347095657018475,-0.06815427099436837,5.9665604122330835,5.9665604122330835,0.0,0.0
test,dense_latency,dense_latency/archive_6/5bcbef5d-11fb-45a7-b6d7-262d946c3278.pt,37.930410310760806,4.080921756982301,-33.84948855377851,-0.4264122445988544,25.611296394622702,6.1604406851800935,-19.450855709442607,-0.2339531683152722,0.0,0.0,0.0,0.0,0.0,0.0,0.0,0.0,11.09686747520076,7.4377807543459244,-3.6590867208548357,-0.0443459153175354,8.224479307740028,8.201055842051801,-0.02342346568822684,0.005434115727742513
test,dense_latency,dense_latency/archive_6/6ae8a093-3500-4364-84c1-669abafc03c1.pt,4.674605939377964,16.301256942628143,11.626651003250178,0.10504860270129998,5.009631568648699,8.540573009420434,3.530941440771735,0.030524501519362254,33.76092750570815,37.32369334144531,3.56276583573716,0.025618047662120048,0.0,0.0,0.0,0.0,12.997485542038616,0.99983922194507,-11.997646320093546,-0.12874977405254656,17.38199856768456,13.248800635660842,-4.133197932023716,-0.04780409071180555
test,dense_latency,dense_latency/archive_6/706e8d64-c2e7-44ca-a466-34b26ac409c0.pt,47.824051933926825,38.43902992054285,-9.385022013383974,-0.30610903801294675,66.73564392151054,4.994386630541061,-61.741257290969486,-0.9502386028353483,22.44632243708593,0.5487452361938212,-21.89757720089211,-0.2472815414717651,0.0,0.0,0.0,0.0,40.92751107065156,1.9399855493225797,-38.98752552132898,-0.47023763656616213,13.661895769308234,9.909103534389892,-3.752792234918342,-0.02510252594947815
test,dense_latency,dense_latency/archive_6/9a68c415-fbf5-47e4-8595-d66e3ad819aa.pt,20.305344144117264,7.812409281073085,-12.492934863044178,-0.14469805091299803,11.65986647060783,16.156632494274923,4.496766023667094,0.05194790494301497,36.62860456141458,14.971725650915232,-21.65687891049935,-0.2855890734442349,0.0,0.0,0.0,0.0,2.2930115258846877,7.703527262289263,5.410515736404576,0.0509227663971657,12.720879168407647,9.281794372648383,-3.439084795759264,-0.046894524687079976
test,dense_latency,dense_latency/archive_6/cb60f469-f922-46e7-affb-6f7899f98461.pt,9.115233252220284,18.043233154145323,8.92799990192504,0.10281883279336818,10.318703928408102,20.98252256409711,10.663818635689008,0.125617437016465,75.99471947339526,79.12803479050679,3.1333153171115242,0.08242318289620536,0.0,0.0,0.0,0.0,4.2439450590712715,2.243366501836292,-2.0005785572349795,-0.02063446044921875,11.817142156769957,13.193813983384807,1.3766718266148494,0.01550141970316569
test,dense_latency,dense_latency/archive_6/ef83a3a8-0dcf-4806-9135-9b15fee7741b.pt,17.016625374056662,8.056198325017197,-8.960427049039465,-0.10854809019788311,8.0615577156817,2.101340551892747,-5.960217163788952,-0.06320634877182076,22.82601808710717,6.390632169108276,-16.435385917998893,-0.1910884183995864,0.0,0.0,0.0,0.0,16.56148821931086,4.415281172505216,-12.146207046805644,-0.13709332275390626,21.175380622480564,9.085376496584892,-12.090004125895671,-0.14876931997445914
test,dense_latency,dense_latency/archive_6/fcc6a19b-a122-43f8-85eb-6e457dc77c28.pt,17.67353965192921,23.884808725638607,6.211269073709396,0.07737356559309155,1.776076847797696,8.386209357350092,6.610132509552396,0.06992777603278591,3.857478449566701,2.0233425839350208,-1.8341358656316804,-0.01886988510320216,0.0,0.0,0.0,0.0,5.001636491392971,15.982836168902478,10.981199677509508,0.096511360228531,12.371936834798296,2.8962684528003906,-9.475668381997906,-0.1017624248157848
test,dense_latency,dense_latency/archive_7/06e5b474-8150-4013-a8e4-6b6c3f04daca.pt,2.721387134887834,12.512547763782793,9.791160628894959,0.09016849955161184,28.487045793230752,15.51791743487411,-12.969128358356642,-0.16394951496096663,18.98846830873229,50.90225344076006,31.913785132027773,0.47262855901074374,0.0,0.0,0.0,0.0,28.31482444224127,22.234940737407907,-6.079883704833364,-0.07662010192871094,1.1610267197961124,8.374524354731953,7.213497634935841,0.05679529905319214
test,dense_latency,dense_latency/archive_7/4e776fd1-f7e7-4e52-b26b-5e61a2071898.pt,24.22139052189678,3.707409091116293,-20.513981430780486,-0.2378141382478517,15.850904415161542,2.5039250507216315,-13.34697936443991,-0.14679258949865845,0.0,0.0,0.0,0.0,0.0,0.0,0.0,0.0,7.731772335605329,14.768482383751625,7.036710048146296,0.055742808750697544,8.201055842051801,8.201055842051801,0.0,0.0
test,dense_latency,dense_latency/archive_7/764777c3-b8a6-4563-b65a-f886346e08ff.pt,16.835360480499304,10.362085593797,-6.473274886702304,-0.07454404685257633,15.550223926556779,18.91419401054543,3.363970083988651,0.04028495125693562,33.80072924011275,50.55149731252904,16.750768072416285,0.11380278462111348,0.0,0.0,0.0,0.0,9.284248553394757,13.279522519270307,3.9952739658755494,0.03570140491832386,7.3272638117770414,4.553274216326736,-2.7739895954503053,-0.025828434870793268
test,dense_latency,dense_latency/archive_7/769fbf17-9bf3-4e17-b833-bc0dde74be32.pt,2.988784276623991,9.115342823637633,6.126558547013642,0.06605819585570502,3.591259081818186,18.78706739814645,15.195808316328264,0.17077752128659301,12.902776039971446,7.389440072581369,-5.513335967390077,-0.04969440806995739,0.0,0.0,0.0,0.0,1.6440735812636247,1.6440735812636247,0.0,0.0,11.838525812313826,9.08245648249225,-2.7560693298215764,-0.0303814697265625
test,dense_latency,dense_latency/archive_7/8e9f58ac-e7f9-4a25-992e-0ed4db395b8f.pt,21.075644738854535,3.9967702608975233,-17.07887447795701,-0.19479660473816945,1.4953804284616887,1.4700644479151663,-0.0253159805465224,-0.00047306760693282683,34.430175468446485,18.149210152340604,-16.28096531610588,-0.21483220280827703,0.0,0.0,0.0,0.0,7.240197570545315,1.208805910729891,-6.031391659815425,-0.05747644524825247,12.734146594790728,5.719810197471632,-7.014336397319096,-0.06258464994884673
test,dense_latency,dense_latency/archive_7/f1ab0b82-ed17-49d8-a2bf-fa8fddbc48eb.pt,12.015580011990778,1.7135152200891928,-10.302064791901586,-0.11055215749988054,30.156589056360332,3.714642400259333,-26.441946656101,-0.31863359708785544,0.0,0.0,0.0,0.0,0.0,0.0,0.0,0.0,38.301504555202996,11.987685646686616,-26.31381890851638,-0.3329034218421349,24.111957666472843,20.976889125672074,-3.13506854080077,-0.0331879456837972
test,dense_latency,dense_latency/archive_7/f62862de-1b81-468e-94c7-0a334f2a7ec5.pt,9.617496508536835,19.431406060924274,9.81390955238744,0.11419093827540135,19.2187765673982,24.798463114025196,5.579686546626995,0.07046503203172666,7.476421686505433,32.55326091801823,25.0768392315128,0.3166263364284329,0.0,0.0,0.0,0.0,9.090867904926942,2.972603704067689,-6.118264200859253,-0.06358441439541904,11.92874526240742,22.371551185545492,10.442805923138073,0.09377855062484741
test,dense_latency,dense_latency/archive_8/0aefcef2-eca8-48d5-99d9-faf59c19dec8.pt,11.142926603689398,19.16920029020131,8.026273686511912,0.09400834345588172,17.705600268784742,25.520019656784555,7.814419387999813,0.09827313328358618,14.633757882800321,7.29344827312399,-7.340309609676331,-0.06571922617510331,0.0,0.0,0.0,0.0,4.799695115522785,6.2072244477469996,1.4075293322242146,0.01100430507891574,17.374792803331676,7.71345247860485,-9.661340324726826,-0.10856226328256968
test,dense_latency,dense_latency/archive_8/888b057b-0c99-4a3a-a5aa-ab35616197d8.pt,16.5457667836163,39.38659195632442,22.840825172708122,0.1762467682118535,15.515230693970155,24.461028442798796,8.94579774882864,0.07397048875561645,14.444772005275105,50.18341743566029,35.73864543038518,0.26561722665462856,0.0,0.0,0.0,0.0,6.598948516019162,46.53631250963034,39.93736399361118,0.5417709350585938,15.591547410953055,35.125532772370335,19.53398536141728,0.2787422767052284
test,dense_latency,dense_latency/archive_8/944bb685-0b73-43e1-b135-01c7bf118027.pt,73.77396492781297,69.07838300405241,-4.695581923760557,-0.11365399015832263,74.30177387243232,65.84728974751961,-8.45448412491271,-0.20053827422272194,0.0,0.0,0.0,0.0,0.0,0.0,0.0,0.0,46.13394395167832,30.32772773109679,-15.806216220581529,-0.23286320612980768,11.92874526240742,11.92874526240742,0.0,0.0
test,dense_latency,dense_latency/archive_8/b8a0084a-58cd-4f03-aba9-0ca4f7cec394.pt,11.594553142106287,47.04219882914611,35.447645687039824,0.27125012751703004,9.755685686662764,53.805696904744956,44.05001121808219,0.33096499832071324,0.0,0.0,0.0,0.0,0.0,0.0,0.0,0.0,27.228688489148357,6.908287847261438,-20.32040064188692,-0.23647869334501379,14.634192907536125,17.81728963222696,3.1830967246908344,0.031418959299723305
test,dense_resource,dense_resource/archive_1/420d552f-1af1-4c78-9f42-27e07f3e0308.pt,7.760224184063633,4.3992948334748485,-3.3609293505887843,-0.03575207052905878,1.2916419880065053,3.5507529378114615,2.259110949804956,0.02314876344005511,0.0,0.0,0.0,0.0,0.10140452877553456,7.447377679427577,7.345973150652042,0.0720995267232259,0.3313023193685544,7.157650974269432,6.826348654900877,0.06577973982022428,1.3737478921989172,4.105795001475125,2.732047109276208,0.026386659203506097
test,dense_resource,dense_resource/archive_1/51ee691c-fc3e-4344-b26f-c6ede458e30a.pt,12.971425429560897,5.3630871160717275,-7.60833831348917,-0.06958282544817486,21.365608561730888,10.141712269172517,-11.22389629255837,-0.09651136280223147,0.0,0.0,0.0,0.0,5.15265326265117,8.84033166471494,3.68767840206377,0.03991148206922743,7.563983818322784,1.573972825410184,-5.9900109929126,-0.05726195955053919,2.058716200666899,0.6887440620700841,-1.369972138596815,-0.013883265053353659
test,dense_resource,dense_resource/archive_1/84aee444-abc3-4b80-a992-0a2f895f8ff8.pt,9.315257081849454,4.806248540014991,-4.509008541834463,-0.05076823430714568,4.942895092537765,1.5547793719935123,-3.3881157205442527,-0.03501169955189361,1.614856204556328,26.011464485570663,24.396608281014334,0.2088054475330171,14.012294712021433,15.105049871750907,1.0927551597294745,0.01218120257059733,5.112396106390028,17.55471362734821,12.442317520958182,0.11152522305731365,1.023783194203446,1.0312695141084782,0.007486319905032124,0.0001803663300304878
test,dense_resource,dense_resource/archive_1/a6570df3-719e-4db4-9750-b3ac3b7b999f.pt,3.4291925238939047,13.594218913091796,10.165026389197891,0.11214161959369254,10.232884861620034,17.259512074088093,7.026627212468059,0.08104836951351009,16.400278339664624,27.265643082517514,10.86536474285289,0.136960868158284,0.0,0.0,0.0,0.0,43.85951980990768,18.36659326989557,-25.49292654001211,-0.19045265861179517,85.15532757309595,73.41326279548697,-11.742064777608974,-0.05977915250338041
test,dense_resource,dense_resource/archive_1/b02245d7-4c51-4718-8119-88b8af7948e0.pt,4.164742534598649,9.09313179505095,4.9283892604523,0.04617868664749933,9.936564818635977,11.626129834007092,1.6895650153711141,0.01521161124735909,14.821543470669685,31.32481289541484,16.503269424745156,0.13129566991051964,36.67578698353067,39.30532314955242,2.629536166021751,0.0181919020049426,2.298092796128847,10.429093981265362,8.131001185136515,0.07586616225256598,2.0512427293865345,23.85921098247799,21.807968253091456,0.19276438643292684
test,dense_resource,dense_resource/archive_1/cccd1536-edbc-42ca-b615-841872d98b81.pt,8.522819475530552,9.071441579440656,0.5486221039101036,-0.002243343511747316,6.485503128756914,10.29143236991366,3.805929241156745,0.035059305091699536,90.22685747349121,67.74564607591871,-22.481211397572494,-0.516169548034668,4.539736558793532,5.782430240936392,1.2426936821428605,0.008861541748046875,4.581450814490286,7.638233170206829,3.0567823557165426,0.028777452798740354,1.9526653945138144,2.1593003031829743,0.2066349086691599,0.0016415839539169104
test,dense_resource,dense_resource/archive_1/dc9570ca-cbb7-4de5-b079-cc6cb2340763.pt,28.28703997535319,37.01727211103906,8.730232135685874,0.06453887000189987,34.82572801333529,39.1896339034989,4.363905890163615,0.031077426820098644,74.8325485264761,63.79279935917327,-11.03974916730283,-0.23311500549316405,37.75418505465569,45.73486017192226,7.980675117266564,0.052876687818957914,3.468665579287756,6.463592229574659,2.994926650286903,0.028514418690342505,0.3462602766097561,4.4481837394563986,4.101923462846642,0.04002590272484756
test,dense_resource,dense_resource/archive_1/f8404942-926e-4a43-b971-da3cc743f93c.pt,21.570867129980137,0.9965202661624379,-20.5743468638177,-0.23186777482914062,8.366196404015968,9.13304127439763,0.7668448703816626,2.751380951514269e-05,0.0,0.0,0.0,0.0,2.467697920804676,1.3415617451157493,-1.1261361756889265,-0.010399986715877758,6.6889459850653195,19.47021679662643,12.781270811561111,0.10821109458917344,13.739072548440474,1.8166757553832056,-11.922396793057269,-0.12939554255375854
test,dense_resource,dense_resource/archive_2/1e3d358c-cd3b-4686-a00b-a416bf0c840f.pt,22.525352363512354,14.07574199878773,-8.449610364724624,-0.10242852092318269,12.33631548717355,6.701036534550882,-5.635278952622668,-0.06213881745905257,27.510914157232996,20.214810275115656,-7.29610388211734,-0.0929335594177246,17.306204169631695,22.162447959574358,4.856243789942663,0.05772623522528287,8.235356887947965,9.983163914930955,1.74780702698299,0.009193885842179521,15.498971866218957,1.0103403267529747,-14.488631539465983,-0.15770104242811891
test,dense_resource,dense_resource/archive_2/21428f86-33ad-4ebc-9ab1-748f2da43d6c.pt,13.453606683367603,1.7765017473234908,-11.677104936044113,-0.1266292102786413,15.732470701365989,4.467302206185025,-11.265168495180964,-0.1250624501863616,17.249928984908586,6.819130517108073,-10.430798467800512,-0.12126384637294671,8.26371346124314,1.167310748133175,-7.096402713109965,-0.07205526290401336,11.266747640011962,3.7056569235847876,-7.561090716427175,-0.08299952975376197,11.683619824421125,2.1593003031829743,-9.524319521238152,-0.10262252480430678
test,dense_resource,dense_resource/archive_2/30d22924-7147-4f00-94ce-ce7a59518c23.pt,8.861695448344445,7.742293623349012,-1.1194018249954336,-0.010319509293597248,20.807190313584517,16.88847928743945,-3.9187110261450684,-0.03273040726074869,0.0,0.0,0.0,0.0,21.83721979769235,5.8639305259494225,-15.973289271742926,-0.13452603266789362,4.422684347844929,10.40750449577874,5.984820147933811,0.05565339790885033,2.736177376376211,2.0512427293865345,-0.6849346469896767,-0.00668504668445122
test,dense_resource,dense_resource/archive_2/450f2622-632b-4946-9f5a-ef0bfd7aa4b8.pt,39.76823436430277,34.136630008925195,-5.631604355377576,-0.0847592506197728,36.465204599798966,34.8245348371096,-1.6406697626893632,-0.024295200522679965,40.708260880900056,28.4410129445645,-12.267247936335558,-0.17394506931304932,8.251622931334003,6.595503725172179,-1.656119206161824,-0.017051003196022728,4.08191303824458,17.027732943300713,12.945819905056133,0.11690240877080665,0.3462602766097561,24.871608767207377,24.525348490597622,0.2176323718559451
test,dense_resource,dense_resource/archive_2/538f328e-21a3-448f-8f27-a223a2f5d3e8.pt,7.712014175777317,15.756936649281029,8.04492247350371,0.07180500728877869,10.580975015478021,11.707101152000657,1.126126136522636,0.010103924105812631,0.0,0.0,0.0,0.0,0.0,0.0,0.0,0.0,5.742226031027085,15.734603925060185,9.9923778940331,0.08976898193359376,55.800457214169285,68.26211416570207,12.461656951532788,0.07235833101494368
test,dense_resource,dense_resource/archive_2/650196ad-cdbb-45fa-86ef-a6b8bfe11e45.pt,14.335994745483905,25.65648335074887,11.320488605264966,0.09362222902937689,34.37540968333814,41.99397580183122,7.618566118493078,0.05372970152739977,0.0,0.0,0.0,0.0,12.547281187533741,6.1553101051050465,-6.391971082428695,-0.05569822138006037,10.456883801434888,8.010005939832668,-2.4468778616022195,-0.033318471332008506,23.726297962029506,9.142164857182797,-14.584133104846709,-0.1732286003365619
test,dense_resource,dense_resource/archive_2/8d9a1922-e704-4100-beec-ce44ff32a60a.pt,16.418449117297058,3.728615041514884,-12.689834075782175,-0.14226297813506802,4.3141220828132685,15.580187395477342,11.266065312664074,0.10231093087595662,0.38239025000047594,33.97460454689041,33.592214296889935,0.2810703424307016,9.692006240701028,13.565602096582161,3.873595855881133,0.0331571896870931,22.058889099526066,7.285572819511064,-14.773316280015003,-0.17229459805846423,14.49819400953191,3.4943478121726765,-11.003846197359232,-0.12063069185550682
test,dense_resource,dense_resource/archive_3/0adfecee-a185-4930-b01a-59f8441724dc.pt,37.34587672517293,35.61138564208291,-1.7344910830900204,-0.025946461125344895,16.850137268629595,30.834459148025825,13.98432187939623,0.18053897230621221,0.0,0.0,0.0,0.0,6.274153902795494,5.675041602319978,-0.5991123004755154,-0.005020989312065972,14.708993499945663,8.112057908913876,-6.596935591031787,-0.07419466566353494,12.419720927198544,0.1536903992291085,-12.266030527969436,-0.13075467531676413
test,dense_resource,dense_resource/archive_3/3d06cf4d-8b4e-4524-b0a8-262cc79dde5a.pt,7.621988903299651,17.171028312738784,9.549039409439132,0.0847107433594071,14.598614556626327,12.349423311278077,-2.24919124534825,-0.019742585085888584,0.0,0.0,0.0,0.0,1.555768971551413,3.7104854363509356,2.154716464799523,0.019376681401179388,8.569209252905779,18.01559418548461,9.44638493257883,0.08308952028824036,2.401205505815014,11.628765266946933,9.22755976113192,0.08555217463795732
test,dense_resource,dense_resource/archive_3/426328fd-523a-4227-b143-f7e658889514.pt,70.66027305125445,55.732228901535585,-14.928044149718865,-0.3200055033116419,6.32437104146332,8.072965064385516,1.7485940229221955,0.012288369831628303,49.85124609895807,28.731750456436373,-21.1194956425217,-0.14780229415148385,0.0,0.0,0.0,0.0,41.94211385519721,34.19337275438426,-7.748741100812957,-0.054468464647602834,64.84045564845707,74.6150016608906,9.774546012433532,0.053345078688401444
test,dense_resource,dense_resource/archive_3/4e2815db-5a28-41e9-8cfb-91cd73df0b11.pt,8.850836316712012,26.41882686127864,17.567990544566626,0.14860402323306743,27.182537113746147,35.99302865186094,8.810491538114793,0.06573311611374408,17.044942767443167,49.574393642839745,32.52945087539658,0.23498584913170856,17.62841995187308,21.9769440531051,4.3485241012320195,0.03494728312772863,6.318830488409883,20.730452427111437,14.411621938701554,0.12657444257206701,1.023783194203446,4.1132532806002144,3.0894700863967683,0.03179502905868902
test,dense_resource,dense_resource/archive_3/51797543-2176-45df-b553-44507e9154e5.pt,14.327483770319995,12.988119996780805,-1.3393637735391906,-0.011736063161701848,19.079013762939542,16.27690067276071,-2.802113090178832,-0.023655532337341367,0.0,0.0,0.0,0.0,15.282742936559327,2.6236075328214783,-12.65913540373785,-0.11178263911494503,5.087620472136569,8.0811475587402,2.993527086603631,0.028057233479131534,2.393691860893621,2.401205505815014,0.007513644921393059,0.0006497117949695122
test,dense_resource,dense_resource/archive_3/711e93cd-511e-4756-9b93-ae71a6b8271e.pt,3.7408385857125555,10.236252034158095,6.4954134484455395,0.06065648095540603,10.395499933642595,9.832089753801167,-0.5634101798414282,-0.005104737941951807,82.54290775685895,81.93791948096661,-0.6049882758923388,-0.01526951789855957,4.06063888438589,0.9454264570388882,-3.115212427347002,-0.028856368291945683,9.654725216130778,19.588612968045247,9.933887751914469,0.08630487035702171,0.6812535536441517,0.6812535536441517,0.0,0.0
test,dense_resource,dense_resource/archive_3/8b7348d6-554c-45b9-87c3-c65a9a22b926.pt,16.445892100889555,20.226446025771796,3.7805539248822413,0.03172442158203777,29.480473909963248,33.3367773038427,3.856303393879454,0.02880715006850797,0.0,0.0,0.0,0.0,18.557717409825422,5.812116152757471,-12.74560125706795,-0.10517825251040251,12.763968076140527,25.134267558297626,12.3702994821571,0.10329377599107577,2.0512427293865345,1.708780938292553,-0.34246179109398156,-0.0033594940929878047
test,dense_resource,dense_resource/archive_3/99473309-3d9b-4bac-900a-ee4b46a0b522.pt,24.780102149755397,13.673152814280778,-11.106949335474619,-0.1360793346791587,15.120500198915334,6.674149562713751,-8.446350636201583,-0.09452522158092222,59.07717047453457,42.54449491531614,-16.532675559218426,-0.2901897430419922,12.179504689574568,9.449197754066446,-2.7303069355081213,-0.029385107534903067,6.086020641359292,6.397266566273085,0.3112459249137931,-0.0007803723070314566,9.441332313002052,3.0158864863440336,-6.425445826658018,-0.06931261802509747
test,dense_resource,dense_resource/archive_3/b748069e-67f0-493d-80d0-209353429744.pt,18.571697977265586,24.556155155138505,5.984457177872919,0.048771073585661275,12.71707044152658,10.465218924381242,-2.2518515171453384,-0.02011935271724585,29.94676155674418,25.847753702016064,-4.099007854728114,-0.05140910829816546,1.5795016967120763,8.84033166471494,7.260829968002864,0.07231691148546007,20.65037665736824,10.724602793034844,-9.925773864333397,-0.116946472802629,2.393691860893621,6.159550041465803,3.765858180572182,0.03608374618902439
test,dense_resource,dense_resource/archive_3/dd0cc135-42f2-4392-bde5-506bac3b1b21.pt,33.217688074223915,39.290529571601624,6.072841497377709,0.09062599561046408,14.069899856503202,13.788781740088778,-0.2811181164144241,-0.003247784886946872,2.83260671923834,22.40173745510058,19.569130735862238,0.21414635398171164,1.8398557593782425,23.957282725350034,22.11742696597179,0.23701527913411458,39.737404446892796,75.54608197667017,35.80867752977737,0.718004776068593,10.269703792258683,61.63208184784812,51.36237805558944,0.7822059594131098
test,dense_resource,dense_resource/archive_4/087f031a-8321-43ef-80d2-7caae4ac6983.pt,11.963184029832655,26.124844130388738,14.161660100556082,0.1181845193231051,15.781862066508412,19.704593880129384,3.922731813620972,0.03309713276592482,14.32520547718459,9.282031690494522,-5.043173786690067,-0.06286732355753581,8.247394272395306,15.446217504905007,7.198823232509701,0.06040517021627987,8.234917072628162,27.911258115130384,19.676341042502223,0.16581839605781964,2.401205505815014,26.051122269069847,23.649916763254833,0.20608434165396342
test,dense_resource,dense_resource/archive_4/48890e95-d651-4944-b5fa-de8ebefb583d.pt,7.911612622464294,26.265767404812188,18.354154782347894,0.15605988242919444,21.417489910574595,22.812344367890397,1.3948544573158017,0.011309244680649502,2.2120293233289603,30.335001995568184,28.122972672239225,0.22426918574741908,1.7711018081273768,4.6810607816966385,2.9099589735692617,0.0260164554302509,0.907482499751909,10.388231932178481,9.480749432426572,0.08970985665226615,1.3737478921989172,4.105795001475125,2.732047109276208,0.026386659203506097
test,dense_resource,dense_resource/archive_4/567a8d26-0155-4b47-989b-f79ccf3b90d3.pt,19.47043371937924,30.943950990914367,11.473517271535126,0.09054651623521762,23.14107920368249,32.00533823872185,8.864259035039357,0.0684893835813454,11.037666742095485,1.966108422951999,-9.071558319143486,-0.09587923685709636,31.48480614030722,36.7820320445256,5.297225904218379,0.037835303773271274,14.43449336551421,0.025393080795049167,-14.40910028471916,-0.15529877284787735,15.637342528046155,1.5243186661227779,-14.113023861923377,-0.15412614313017786
test,dense_resource,dense_resource/archive_4/7b0fcb53-c9ad-4d6a-9f21-7670f881d26a.pt,31.777157697312003,84.67482519054249,52.897667493230486,0.32068339796655065,2.8583761852076797,58.17868012563537,55.320303940427685,0.42250299216446346,61.17172579428451,51.04545107294026,-10.126274721344252,-0.061775077462323975,0.0,0.0,0.0,0.0,83.36943539168134,108.02950907482504,24.660073683143708,0.9086409069242931,123.37535630394758,131.57691003061913,8.201553726671548,0.5996551513671875
test,dense_resource,dense_resource/archive_4/849b3a99-d7de-4194-ad7f-d34808c4fcd0.pt,12.856125559196414,23.52939688021334,10.673271321016927,0.12927336578852583,6.9179179135897275,17.884814641007377,10.96689672741765,0.1295454139012086,98.33233446689515,61.601246212783586,-36.73108825411156,-0.18824812032408633,0.0,0.0,0.0,0.0,52.41344762672842,87.44911908861074,35.03567146188232,0.8373780891076842,46.16787434837821,97.32435538484084,51.15648103646263,1.2758969393643467
test,dense_resource,dense_resource/archive_4/8debd97a-bde5-42b1-93ed-9c833fd6ba45.pt,15.529374206228159,5.242960833710757,-10.286413372517401,-0.11452506397975024,4.16381635247222,10.36852412145344,6.20470776898122,0.05778560048776127,7.882888241060487,17.095612117847168,9.212723876786681,0.08096216492733713,5.616027756271101,2.3516560501182586,-3.264371706152842,-0.03055723089920847,10.895846380835657,7.071996261257564,-3.8238501195780925,-0.0469254939032516,16.11611874666036,2.723523366142655,-13.392595380517704,-0.14753065797088208
test,dense_resource,dense_resource/archive_4/96462bb2-db31-4199-b1c3-89935e1aa544.pt,21.118275904515713,14.659811134693348,-6.458464769822365,-0.09952763034780926,3.2562566317556465,20.13365424092946,16.877397609173812,0.1508798467931797,0.0,0.0,0.0,0.0,0.0,0.0,0.0,0.0,97.308416519475,110.48536234733187,13.17694582785687,0.5644252300262451,153.05776185244775,160.52874143387498,7.47097958142723,1.4515609741210938
test,dense_resource,dense_resource/archive_4/af7ad561-9a50-4a94-b1e0-5bfbd976e1e4.pt,10.480836724259879,19.666822046721055,9.185985322461176,0.06845483596912748,3.2974978085021203,13.725930484876423,10.428432676374303,0.09600291638913558,22.40528968619587,25.178345391000367,2.773055704804495,-0.0262983242670695,5.904019550136744,20.509672162842527,14.605652612705782,0.1187753677368164,4.581814027138993,24.931572943728327,20.349758916589334,0.1768680181447957,1.3737478921989172,17.59069437064037,16.216946478441454,0.14778147627667684
test,dense_resource,dense_resource/archive_5/3608e31f-b504-40e6-bba5-a2e5ca4377eb.pt,2.3594830551402026,18.63987947450773,16.280396419367527,0.14662906680431323,14.52463926677302,23.200553956047962,8.675914689274942,0.07247675887308963,40.58237903735476,12.741328082970027,-27.841050954384734,-0.3357452392578125,3.828508909665591,15.148640608733166,11.320131699067574,0.09637063344319662,2.283478776885068,19.70166559657696,17.41818681969189,0.15675379501059072,1.3737478921989172,15.719801632567874,14.346053740368957,0.1318459413109756
test,dense_resource,dense_resource/archive_5/82904f0c-a075-4cdb-a56c-8702e9b9fbe1.pt,19.901172083797587,10.090648446317685,-9.810523637479902,-0.11473388434692931,2.869198312236287,3.343712715016873,0.4745144027805859,0.003777689006073629,17.571917097663675,6.511485957230831,-11.060431140432843,-0.12394604153103299,11.527927104250065,15.324452681135499,3.7965255768854345,0.04222303821194556,13.677143757249585,4.032881316299416,-9.644262440950168,-0.1072644005048009,13.103208348923276,0.10333675852934128,-12.999871590393935,-0.13905016209414595
test,dense_resource,dense_resource/archive_5/9e2a7ab3-5495-4f15-8870-0f15d4501410.pt,11.18085934796368,8.538111421619147,-2.6427479263445335,-0.03654389271393117,2.00881511279582,4.768372374581402,2.7595572617855817,0.02628130934501719,131.4106312433685,135.4764758668291,4.065844623460606,0.3672906436979709,0.0,0.0,0.0,0.0,33.95150771782225,30.048350005627032,-3.9031577121952203,-0.02895415683962264,63.340261563286674,26.851441365621877,-36.48882019766479,-0.24337413699127908
test,dense_resource,dense_resource/archive_5/ad8a2271-602b-4503-9b1e-321213a5fd0a.pt,11.044308155562037,12.38533705158464,1.3410288960226033,0.011967314060925917,20.31961644272823,23.66764465091585,3.348028208187621,0.02717630219871511,0.0,0.0,0.0,0.0,5.938499270263198,13.116472664673267,7.17797339441007,0.07539839971633185,7.888887260927564,0.5982764250917365,-7.290610835835828,-0.07615434455780278,17.519431943172584,1.866994418601633,-15.652437524570951,-0.17299956977948344
test,dense_resource,dense_resource/archive_5/c0a11391-cce4-4736-9deb-8a4a1a7b295c.pt,2.49822386315793,17.194950450667562,14.696726587509632,0.16344893748673214,20.499270032068424,12.174744321179562,-8.324525710888862,-0.056295596915982626,0.0,0.0,0.0,0.0,0.0,0.0,0.0,0.0,85.30620919019952,66.45062930728828,-18.855579882911243,-0.09904560153767214,85.8834077802279,69.47869632181283,-16.404711458415065,-0.0848454615866491
test,dense_resource,dense_resource/archive_6/0edcceb3-745e-4c76-892c-edad35980ab2.pt,12.320525176411477,4.70770605174091,-7.612819124670567,-0.0852979002914422,11.146962795699118,26.257102426670887,15.11013963097177,0.1265139014219803,0.0,0.0,0.0,0.0,4.15803115192164,6.5192163027805545,2.3611851508589146,0.025087356567382812,10.850651685342104,14.959554264031041,4.108902578688937,0.024450429559145673,16.754228057162827,0.06801468607674611,-16.68621337108608,-0.1820027907224659
test,dense_resource,dense_resource/archive_6/55552ba0-beb9-4213-a06c-7fd833a61fbd.pt,27.389908294533697,6.03127597335966,-21.358632321174035,-0.2551731361796756,9.564167581616827,3.984443223131894,-5.579724358484933,-0.06137864467444089,0.0,0.0,0.0,0.0,0.0,0.0,0.0,0.0,27.44112363738113,63.40258985269278,35.961466215311646,0.23974293034251143,15.289003827274398,37.57671846469268,22.287714637418283,0.17362538419028586
test,dense_resource,dense_resource/archive_6/8ade5ddb-ce02-4a5a-9a71-7cb2032a5e50.pt,0.987716657103463,0.35792027362951995,-0.6297963834739431,-0.0062429590914731565,4.619549764013819,1.2312636644185107,-3.388286099595308,-0.032915091634841284,0.0,0.0,0.0,0.0,3.443924586984498,20.239211952223098,16.7952873652386,0.18108258928571427,7.625946629376805,15.589324437218314,7.96337780784151,0.07115782714090856,3.0785954646580302,0.003765104204024801,-3.0748303604540053,-0.03026682783917683
test,dense_resource,dense_resource/archive_6/d0373380-4b81-4431-91bb-54eaffccb268.pt,2.14289796965645,9.312966407896115,7.170068438239665,0.06778387265935414,11.07362980867027,13.324653124107055,2.2510233154367842,0.019996925994365394,3.5302815992495886,25.69100229691049,22.160720697660903,0.1906214458186452,17.90100246747,11.433524569143318,-6.467477898326683,-0.055028533935546874,7.139001368953966,19.070981076108993,11.931979707155026,0.10517197089584322,1.708780938292553,1.716255593760327,0.0074746554677740384,0.0003678782393292683
test,dense_resource,dense_resource/archive_6/d69358f7-05cf-40b2-b019-6c3cbd05371f.pt,11.170407990839193,47.123342619760265,35.95293462892107,0.2630625812391681,7.860285690283436,37.44160843720062,29.581322746917184,0.23355575035228918,37.483728747997105,74.48904900030111,37.005320252304,0.22704689757560367,0.0,0.0,0.0,0.0,6.350395816040412,8.354798417715577,2.0044026016751646,0.021494701655224116,30.958781567022086,41.668202556182294,10.709420989160208,0.07615849421574519
test,dense_resource,dense_resource/archive_6/da58088c-9d3c-4f74-99bf-3db5689cde2c.pt,6.719870760764058,5.779311287292293,-0.9405594734717653,-0.013364854141475212,12.299549973350398,20.154410504108213,7.854860530757815,0.06722294481228247,0.0,0.0,0.0,0.0,4.6810607816966385,5.315400192558542,0.6343394108619034,0.00818325923039363,1.8479778609171975,13.502801902209699,11.654824041292501,0.10815824737055016,9.67632077454992,4.214899408937369,-5.4614213656125505,-0.06034485220211988
test,dense_resource,dense_resource/archive_6/e1387127-2383-4483-9738-3992af8ca88f.pt,17.298688812121043,14.624596403989722,-2.6740924081313207,-0.031582161395190114,5.644987019033164,6.7736239639221765,1.1286369448890126,0.012021252479261864,0.0,0.0,0.0,0.0,0.0,0.0,0.0,0.0,50.31132335774671,67.6711739261671,17.35985056842039,0.10347922054337866,34.91312633206686,40.22701451959274,5.313888187525883,0.037519469741703004
test,dense_resource,dense_resource/archive_6/e91c6a8b-d728-43d8-94b0-c9556f6680e4.pt,6.902136627709416,8.35771477165049,1.455578143941075,0.01573336287224962,4.7400498793177315,2.4814401850850203,-2.258609694232711,-0.021792616696783833,0.0,0.0,0.0,0.0,10.63404144485224,5.21512910193795,-5.4189123429142905,-0.04478947321573893,9.424988162889397,2.688382738350617,-6.73660542453878,-0.06347088300171287,1.4386992116003992,4.8999324457114035,3.4612332341110044,0.03330383895665814
test,dense_resource,dense_resource/archive_6/ef734284-2cdd-473e-b823-1dd1be45a384.pt,6.747032704137555,3.118167697919787,-3.6288650062177683,-0.039122662151122305,6.270175674902435,0.058914985258188564,-6.211260689644247,-0.06414145356812276,32.23459798513528,11.102030360727698,-21.132567624407585,-0.26160702338585484,3.0995468895021863,2.5546747622103325,-0.5448721272918537,-0.00544121686150046,9.635530815841651,31.3587835017467,21.72325268590505,0.17914473358503238,3.7634318536231133,17.760594619219148,13.997162765596034,0.12611959317835367
test,dense_resource,dense_resource/archive_6/fd7c4c3b-ff38-47b5-a6df-2c8e39dd4a92.pt,2.657486067781335,22.743358959110434,20.0858728913291,0.17798342310071127,19.608154486010363,31.825325994690097,12.217171508679733,0.09598840100459208,25.987126681171507,3.035468445134053,-22.951658236037453,-0.26087435554055605,6.362106551506344,11.907868508512628,5.545761957006284,0.04852203700853431,15.99264269466623,0.2926631089190563,-15.699979585747174,-0.17086824723974764,16.732950773989973,6.790185526797484,-9.94276524719249,-0.11220962494669834
test,dense_resource,dense_resource/archive_7/19562878-78d1-4775-bbb5-2e95c66fdc1e.pt,4.005830508761789,6.695089874088988,2.6892593653271994,0.025510112376686305,20.075878375446415,10.531387184846682,-9.544491190599732,-0.08239831619248249,0.0,0.0,0.0,0.0,2.823951995040506,2.167420859408582,-0.6565311356319241,-0.005822268399325284,10.951760346915473,17.164016036725137,6.212255689809664,0.05423579280316715,2.7436359486960242,17.760594619219148,15.016958670523124,0.13523639958079267
test,dense_resource,dense_resource/archive_7/85d29b74-b464-4dd9-824f-0999f5d1698a.pt,27.565780387991015,15.376909412165654,-12.188870975825361,-0.1531471701686017,0.5677665619510399,6.208435236538193,5.640668674587153,0.05452087766595735,16.544108617637637,1.6705919509516414,-14.873516666685996,-0.16048593874330874,5.10744125686088,5.938499270263198,0.831058013402318,0.00837080819266183,3.7207761246496425,12.745213559963151,9.024437435313509,0.08189081580153715,14.966762307278621,0.7030150866674284,-14.263747220611194,-0.15461739880299707
test,dense_resource,dense_resource/archive_7/9de9e719-4daf-4538-92be-62f9c3447d89.pt,16.710617635563125,20.490172075776634,3.7795544402135093,0.03163931345675968,29.897590447857638,33.202272110875036,3.304681663017398,0.024655819828342657,0.0,0.0,0.0,0.0,16.743735759926256,6.375753672586341,-10.367982087339914,-0.08783506092272307,0.1432185157919899,3.639421511760712,3.496202995968722,0.034306599492146365,8.2016258480105,8.494141145912657,0.29251529790215614,-0.004038611815454435
test,dense_resource,dense_resource/archive_7/c91f743d-5e55-45c9-931e-db186a7ec453.pt,12.147344035504323,19.278983775102187,7.131639739597864,0.06132162584424677,22.89714397706321,19.546283419835,-3.3508605572282093,-0.027389406883348687,0.0,0.0,0.0,0.0,0.0,0.0,0.0,0.0,25.19218266744109,21.236596873631736,-3.9555857938093553,-0.03166831623424183,21.444580403850512,26.895053197080085,5.450472793229572,0.04305766179011418
test,dense_resource,dense_resource/archive_8/05c96cec-e2f2-4106-8a29-fb0ade772d8f.pt,4.512978932525702,12.961330810986198,8.448351878460496,0.0755526208905252,5.149777267875272,19.212711093887407,14.062933826012134,0.1250826441313651,12.92469303337599,8.341479619977715,-4.5832134133982745,-0.057496070861816406,7.807473153878053,3.995922251743242,-3.8115509021348113,-0.03924606785629735,20.330478898686493,3.32450205259147,-17.005976846095024,-0.19358074027659272,12.939641021351164,0.5820236692475408,-12.357617352103624,-0.1323808517604776
test,dense_resource,dense_resource/archive_8/274d870d-d3d5-488e-94c0-49af4670d15e.pt,2.5337598605621516,7.016457400340196,4.482697539778044,0.04276561145449837,10.056269801215125,8.929087699049818,-1.1271821021653068,-0.01027348091379265,7.09615466950464,5.891217184094659,-1.2049374854099808,-0.01613587599534255,6.178559604410549,4.554277398630126,-1.624282205780423,-0.015070376188858696,2.458683125878726,6.9512438512800445,4.492560725401319,0.04288588056680162,3.428482292217626,3.421050494821645,-0.007431797395980766,-0.001247022675304878
test,dense_resource,dense_resource/archive_8/5142e7c9-650a-4643-b55e-af3d28563403.pt,1.1132073539964762,11.517431355940843,10.404224001944367,0.09770735246549742,13.27990821659319,15.527534373043524,2.247626156450334,0.01955814942338007,0.0,0.0,0.0,0.0,9.017069054885413,10.292705828746906,1.2756367738614927,0.010883092880249023,11.85158793300253,23.24783776307254,11.396249830070008,0.09637586632304806,2.0512427293865345,13.334729687573576,11.28348695818704,0.10465701219512195
test,dense_resource,dense_resource/archive_8/be585285-ccfd-4f92-94c8-5844cf725757.pt,16.035364547339135,2.3890659716296128,-13.646298575709523,-0.150149941006817,9.821329744840524,15.446873309315206,5.6255435644746825,0.049777373756647626,15.956835266237809,51.52675956492954,35.56992429869173,0.2568967525775616,15.512240671217874,25.081083650299423,9.568842979081548,0.07618483181657462,1.1732857975143844,9.309043594442134,8.135757796927749,0.07714014440503314,2.0512427293865345,20.814768932531578,18.763526203145044,0.16814072027439025
test,dense_resource,dense_resource/archive_8/e83af3fb-9c79-4c99-b283-2a810f79bf75.pt,17.471799278932572,16.13566400418066,-1.3361352747519106,-0.015925026731291297,2.7842622624815454,5.042826846265422,2.2585645837838766,0.023496852915194346,17.54562947799386,9.253877982607124,-8.291751495386736,-0.0941925935967024,13.984970507518828,4.8092564183467195,-9.175714089172107,-0.08210447722790289,16.157017281146853,29.950479023190965,13.793461742044112,0.11099412891050982,4.790492583891146,20.306379860588237,15.515887276697091,0.1374952958269817
test,dense_resource,dense_resource/archive_8/ea988e42-72cb-4673-a9f6-2ccfb46ee6e2.pt,21.943622239805528,14.38218240428694,-7.561439835518588,-0.06356671119026418,31.780788732388924,22.91371079825238,-8.867077934136542,-0.06864738248661105,0.0,0.0,0.0,0.0,43.15388426698534,28.317927422346827,-14.83595684463851,-0.10307659421648298,2.153857218074531,5.648708166820511,3.4948509487459805,0.033623715925538755,2.736177376376211,13.164204739210222,10.42802736283401,0.09647276343368902
test,dense_resource,dense_resource/archive_8/f7d82616-34cc-4391-8b9e-a2971436bbcb.pt,21.369003631750907,15.142248852126075,-6.226754779624832,-0.0754265499192043,4.868245729303802,0.35038931662038575,-4.517856412683416,-0.04638673363374958,0.43171796048937056,2.340380811616484,1.9086628511271133,0.01864721007266287,4.352569394334919,4.333775404287269,-0.01879399004765059,0.0016565322875976562,6.889889314948005,13.316896369959052,6.427007055011047,0.05349207873593009,18.15676583336108,2.8520338397271185,-15.304731993633963,-0.17059754488760964
test,rule4ml,rule4ml/archive_1/037fc21461f5f182fb4b02c9497faae1.pt,29.79251734579185,43.655501015033884,13.862983669242034,0.20837743546530746,14.521314779441223,5.154911644860372,-9.366403134580851,-0.10366650049066478,20.88878635351167,24.789531049734467,3.900744696222798,0.09368081014664446,106.23676481877568,16.690879006985767,-89.54588581178992,-0.5328485537797977,4.751399405389972,11.241517107690616,6.490117702300643,0.07258577524505047,4.645904267397918,4.645904267397918,0.0,0.0
test,rule4ml,rule4ml/archive_1/06c168b45dc8eaa94acbd977714bcbbe.pt,49.13093085479039,22.252654602631637,-26.878276252158756,-0.4008824992629717,73.09832809239307,72.11742619717988,-0.9809018952131936,-0.02417328381147541,8.026028647383248,21.813527308252095,13.787498660868847,0.11857120574466766,26.07269319410058,58.72676671827351,32.65407352417293,0.22160519898392772,125.74314903756371,126.34645976714586,0.603310729582148,0.0022691096503303964,27.22173490254389,20.976889125672074,-6.244845776871816,-0.06729801495869954
test,rule4ml,rule4ml/archive_1/0ee4c8dcd8015f1b089d2ca174605fab.pt,53.71865051768103,66.76522629133734,13.046575773656315,0.2676643450004589,53.309058991507385,134.6428156122789,81.33375662077151,3.3721845626831053,52.45775904523738,69.33541613203316,16.87765708679578,0.3398857116699219,12.72433396636887,5.821885349361998,-6.902448617006873,-0.05791282653808594,136.93665482654538,171.45011014688367,34.513455320338295,7.5967356363932295,60.67706020906879,25.776862464146188,-34.90019774492261,-0.127221018075943
test,rule4ml,rule4ml/archive_1/185abbf195c85cb50f2e2f3698494035.pt,14.781430717606975,40.253740405965125,25.472309688358152,0.36632805710457705,44.018031735558424,8.904712987337353,-35.11331874822107,-0.2675790952383103,48.34719278132906,21.663789009435526,-26.683403771893538,-0.19344768265253817,173.3222279719761,140.91923592671068,-32.40299204526542,-0.10161513364028096,86.8340659048916,55.06291733314337,-31.771148571748235,-0.17364826608211437,11.446777100847129,3.7339743112868216,-7.712802789560307,-0.08400474275861468
test,rule4ml,rule4ml/archive_1/2084ff9e1c3f7347ba0aea77dc91149a.pt,20.282093424168952,59.3312495003814,39.049156076212455,0.6178399262212976,94.7127909463317,171.15704793563577,76.44425698930408,10.055997298599838,45.35311306618633,135.78798049549457,90.43486742930824,3.2785430908203126,123.96377824115686,133.42200551600106,9.458227274844205,0.03489240010579427,25.47432528136245,8.606188188035492,-16.868137093326958,-0.14329814505069813,42.209459222214974,42.209459222214974,0.0,0.0
test,rule4ml,rule4ml/archive_1/216f00238b09a3abf19c0eea1e8cf8c6.pt,81.60355153300985,48.012971079331535,-33.590580453678314,-0.19238203078777016,66.35284763396577,26.442408233923533,-39.910439400042236,-0.26468541819701613,32.485633735518356,36.59392464783003,4.1082909123116735,0.1680447677681349,43.274182780249745,123.85712638379734,80.58294360354759,2.455503897233443,116.52669777767727,82.13088474730124,-34.39581303037603,-0.15399764211554276,26.6923146100025,15.26777045217003,-11.424544157832472,-0.06852617717924572
test,rule4ml,rule4ml/archive_1/3219ffd8661622e8c83c7ceec7993204.pt,35.43585574308068,74.54238644625114,39.10653070317046,0.7576453877005348,57.955342676232405,126.72064564050424,68.76530296427184,2.6419398106888226,0.0,0.0,0.0,0.0,0.0,0.0,0.0,0.0,52.97331645825198,58.504333640631216,5.531017182379237,0.03381802850278168,42.209459222214974,60.56329365921466,18.353834436999684,0.2502591609954834
test,rule4ml,rule4ml/archive_1/3bdfe2f8b21e2434dc6258e8e7ae38be.pt,42.27114067218146,67.12720578220515,24.856065110023692,0.47431517676483814,51.00257891204458,20.445070955209257,-30.55750795683532,-0.4567717713007794,85.21727555665314,54.980575706112475,-30.23669985054066,-1.0397288673802425,170.93895835980672,0.0,-170.93895835980672,-5.882065773010254,105.90506527248783,90.75941374668244,-15.145651525805391,-0.5871673813439849,81.70964466376806,47.10616045091897,-34.60348421284909,-0.9724626541137695
test,rule4ml,rule4ml/archive_1/466d99f5bafd16bc2656bb493e26d3a3.pt,3.5985562935767685,33.31686431376827,29.7183080201915,0.3644104630946736,18.45294204574101,13.296311427414388,-5.1566306183266235,-0.060851775470680526,30.06607513558055,132.7747843766379,102.70870924105736,0.5345368939776753,26.138346667855206,65.1444849285193,39.0061382606641,0.7087174143110003,0.9483413339272273,45.26135700794665,44.313015674019425,0.5746369392641129,84.83318496910161,62.068923209612336,-22.764261759489273,-0.9162438710530599
test,rule4ml,rule4ml/archive_1/72287c9cac676de50d6937c1591c013c.pt,134.61431332962349,126.37958322596535,-8.234730103658137,-0.030160565230832645,84.19308915457444,77.93937131224412,-6.2537178423303175,-0.03166865894833522,68.51621242746285,79.6324140847334,11.116201657270551,0.059084654933187215,66.77893282613866,48.58194923961279,-18.196983586525867,-0.3350612095424107,21.335585220108296,22.32308523537064,0.987500015262345,0.008023735617293793,66.24093032091281,93.29595883232037,27.055028511407556,0.13841259176961057
test,rule4ml,rule4ml/archive_1/8d2cdad9082523fa3ea68740ce1050fe.pt,9.650900258684551,2.7057936176428385,-6.945106641041713,-0.07397237602311026,8.704099707670839,54.3354318110798,45.631332103408965,0.3438546782614915,81.02926657173566,81.02926657173566,0.0,0.0,4.553161880694178,66.82231936792117,62.26915748722699,0.9113466171991258,25.403845074626457,23.433807221450287,-1.9700378531761693,-0.015633520136024745,78.6164620509239,173.37211080104947,94.75564875012557,0.3629679463126443
test,rule4ml,rule4ml/archive_1/b00aea7a22b1f54c6cfb728ea20d9048.pt,79.06980366704526,66.6778649039997,-12.391938763045559,-0.30743075710998147,11.151790546217574,0.28969224926536774,-10.862098296952206,-0.11519806699454889,26.63110449365179,15.750837922526381,-10.880266571125409,-0.13605272330913598,76.28475413009089,49.06184850590688,-27.22290562418401,-0.1550802230834961,21.88769223240937,27.799639465279633,5.911947232870261,0.07690476398078763,35.15244084307306,57.302126802514046,22.149685959440987,0.3389768600463867
test,rule4ml,rule4ml/archive_1/b46ba552ba805cad9fe028c9b2beb67b.pt,21.65747290217444,6.48989326818219,-15.16757963399225,-0.17579873387104067,4.9011176967129195,2.077796602223121,-2.8233210944897986,-0.027274365428115847,3.378247409821611,50.07499513177351,46.6967477219519,0.3664275984958286,72.90859372826014,65.41651695805311,-7.492076770207035,-0.04127588406415053,74.23863957732624,61.87189504160965,-12.366744535716592,-0.06885666213669143,119.0239802651207,153.49624310202861,34.472262836907916,0.1218073440320564
test,rule4ml,rule4ml/archive_1/b7f8ba9933ca67bf4e89522e4957ce7d.pt,79.1675969710998,101.76156449307335,22.593967521973553,0.7613023755259467,83.05197786082628,98.77227242246857,15.72029456164229,0.5311240388553768,19.969729448950794,121.4117688954653,101.44203944651451,2.783619936774759,29.396369292068464,41.906274120115825,12.509904828047361,0.0891002927507673,24.43483631136981,26.892563024883316,2.4577267135135052,0.019295119411774676,21.444580403850512,37.67617720658499,16.231596802734476,0.12240999661959134
test,rule4ml,rule4ml/archive_1/c26968f68714ae3b753593e66c7a2d4c.pt,76.26464306996286,69.85212634887253,-6.412516721090327,-0.1592720309505957,136.89615755004235,66.54923515297071,-70.34692239707164,-3.3378509715863856,0.0,0.0,0.0,0.0,58.27860759412353,71.24536325311722,12.96675565899369,0.07208728790283203,0.48724888254938303,21.473894451081566,20.986645568532182,0.23488387527999344,18.929994754949355,25.30521875134412,6.375223996394766,0.045236289501190186
test,rule4ml,rule4ml/archive_1/c63e2a6582295344fbe9e1c6ece8e0a0.pt,76.03691407071652,86.519772016263,10.482857945546485,0.29787134862208103,47.01526371142556,131.43852309116176,84.4232593797362,0.41091041853933624,27.61299469058275,11.760924699953717,-15.852069990629031,-0.18888975779215494,34.101736296829,30.11676591452739,-3.9849703823016114,-0.05184467633565267,69.49257839442862,52.74996120203691,-16.742617192391712,0.20049036611424814,68.77917080362367,25.776862464146188,-43.00230833947748,-0.16191235184669495
test,rule4ml,rule4ml/archive_1/e76bf57773bcf57b1f19da562e9ff10b.pt,30.19579878146293,77.89528452199202,47.6994857405291,0.9201737644810623,45.79768525908015,97.0805823627254,51.28289710364525,1.2924537777112295,58.38543861729796,69.9766483329907,11.591209715692749,0.24798699581261838,1.2402072641446913,32.031169889592725,30.790962625448035,0.25873247782389325,29.613765373211116,74.12349821989291,44.50973284668179,0.8286488492723921,24.088545303057053,9.824514499289661,-14.264030803767392,-0.16107569800482857
test,rule4ml,rule4ml/archive_1/ecf7f5a60f0ef8948e0f8b3c91eab2f1.pt,12.790306703810872,4.348604594337654,-8.44170210947322,-0.09407918614120812,1.539669579873021,1.8220378530668773,0.28236827319385616,0.0028716966763610097,73.90976834715144,121.00111230560738,47.09134395845594,0.2138677343166729,53.61223261951692,94.18273661180378,40.57050399228686,0.2160322228256537,41.90534850405949,28.35282771642336,-13.55252078763613,-0.09810524249569505,91.43934078506233,54.52658385930425,-36.912756925758075,-0.19827527778093204
test,rule4ml,rule4ml/archive_1/eea79f2ee33e9eba8e086cce0a1f286d.pt,41.806009940100225,2.199493958365473,-39.60651598173475,-0.5067716250882242,15.985212319063637,1.7031794881887783,-14.282032830874858,-0.1568458629414298,0.0,0.0,0.0,0.0,4.375736622447893,10.77239689692833,6.396660274480436,0.06849766636753941,42.32095333216226,28.772701665111107,-13.548251667051154,-0.09769602571980338,24.088545303057053,22.095253200544754,-1.9932921025122994,-0.07073916329277886
test,rule4ml,rule4ml/archive_1/f6d8bf0745d1fb17117a04ab71839702.pt,112.88398340858333,12.135596497949384,-100.74838691063395,-2.475282245856288,139.30482708190078,124.27891558948771,-15.025911492413073,-3.769190011705671,0.0,0.0,0.0,0.0,0.0,0.0,0.0,0.0,64.12828905400045,125.57409646203989,61.44580740803944,2.4136407640245228,74.68056666730739,29.143353571584722,-45.53721309572266,-0.6380245685577393
test,rule4ml,rule4ml/archive_2/0bf0bfeb622a31a1501e5c6366dfd796.pt,57.65563444636142,48.48471362569024,-9.170920820671178,-0.17008793857208226,17.03793023124368,24.857945307000872,7.8200150757571905,0.09761422788967618,32.12379749743688,83.2570903200245,51.13329282258762,1.032028283013238,34.526363371175854,36.586459556259925,2.0600961850840704,0.014803901647988218,79.84844139282757,67.32381183594634,-12.524629556881223,-0.06694379224844858,116.3422271419365,99.44519769601318,-16.897029445923323,-0.07080145615797777
test,rule4ml,rule4ml/archive_2/13132e1b5c320351b094a5efc7ff36c1.pt,2.3031491273441076,6.786082093566535,4.482932966222428,0.042864445476260234,29.171658126677233,3.3978447648799404,-25.77381336179729,-0.22117198178019423,13.255267072995153,5.941776399564229,-7.313490673430924,-0.08070206234934572,63.93737277356506,84.14886278872156,20.2114900151565,0.1074482063194374,38.07429374235732,0.44961398108731004,-37.62467976127001,-0.31508702871638955,4.645904267397918,1.7416462439439877,-2.90425802345393,-0.02657498253716363
test,rule4ml,rule4ml/archive_2/1b88ac7e24253f5b3e353fcddaf1f662.pt,15.301735147325678,17.084108758653674,1.782373611327996,0.02110292586422324,70.85724718377719,36.923773054945094,-33.933474128832096,-0.21151322238239403,45.053967766027554,38.04068682463581,-7.013280941391741,-0.048086594514525995,104.8498182791972,91.8804445708904,-12.96937370830679,-0.058087479144444766,22.728478862021092,62.972748316898944,40.24426945487785,0.7139152598605261,31.82498647923772,42.36180672598003,10.536820246742312,0.21907973289489746
test,rule4ml,rule4ml/archive_2/2f9cc1567c439b49764fbb077a79be8f.pt,37.46877797905716,71.79845276671526,34.3296747876581,0.2127527292051978,56.58159735380243,43.48266782344689,-13.09892953035554,-0.0838683170479822,143.66899479439314,177.4668506276877,33.79785583329456,9.585665130615235,19.450585721543987,13.071559083166031,-6.379026638377956,-0.07464667211605024,10.853794960277583,57.49129595204705,46.637500991769464,0.7026012645048254,93.58479602921628,15.73317273484871,-77.85162329436757,-0.4425065279006958
test,rule4ml,rule4ml/archive_2/90af6814f2d9e83b1dfadf3f34e10b66.pt,25.587366144106408,26.152662455858223,0.5652963117518155,-0.06212766164560342,100.41726529452278,8.22791213493869,-92.18935315958409,-1.9368849493178586,0.0,0.0,0.0,0.0,150.31322820432194,120.58899528004814,-29.724232924273807,-0.10426412929188121,74.73026700621863,40.92270472086801,-33.80756228535061,-0.6764197564894153,132.8453920718689,77.37420303759954,-55.47118903426936,-2.0208359956741333
test,rule4ml,rule4ml/archive_2/9ec01dc72e4c1c37aaa0bf44dc893f8a.pt,62.303882062427114,26.609122030030164,-35.69476003239695,-0.5980195529561401,52.489696297033625,37.48311181301525,-15.006584484018376,-0.25039102359283044,25.852984496712573,5.80204288540101,-20.05094161131156,-0.2366194228780755,28.541009821640714,61.81382309729114,33.27281327565043,0.5560521597814079,1.8595021332997939,20.77826545723608,18.918763323936286,0.2129045791342356,36.003420797282566,28.414839199754724,-7.588581597527842,0.025327121510225183
test,rule4ml,rule4ml/archive_2/bd5548e90a3ec8de981c3cb0530b5ae2.pt,31.90948416268978,20.894300860390526,-11.015183302299253,-0.08600908563999919,26.616709110728195,70.6037495612421,43.9870404505139,0.21477962761153,2.6734214974122334,101.64823924001567,98.97481774260343,0.6418799180250901,69.31237928010862,18.61163296259206,-50.700746317516554,-0.33728837966918945,137.84378817716797,110.4037765639263,-27.440011613241666,-0.10461765172037465,35.859338744352996,71.7956188880069,35.9362801436539,0.213020396232605
test,rule4ml,rule4ml/archive_2/bd56911d8db491293bb34d2850d4b2d3.pt,11.215911347685038,70.03326814965885,58.817356801973816,0.9588841184973472,59.71807208462623,91.53598601595432,31.817913931328093,0.8364454860579132,31.671023250607337,53.724596997913075,22.053573747305737,0.14909922612177862,7.27992907794821,32.82623553976018,25.546306461811966,0.32090439214939026,19.39474273260469,78.49490548149888,59.100162748894185,1.0755581325954862,3.4697360165323214,38.00271907057224,34.53298305403992,0.39156441688537597
test,rule4ml,rule4ml/archive_3/1c29f9266b396141408469049d75c8f2.pt,199.51664582065882,199.08703204972207,-0.42961377093675424,-356.9674479166667,158.7847328465847,119.94630939329568,-38.83842345328901,-4.3721738542829245,0.0,0.0,0.0,0.0,192.68222333463908,193.8876590609047,1.2054357262656197,5.389982223510742,107.75473869971911,98.96122857583391,-8.793510123885198,-0.038211544811497244,22.371551185545492,18.92799239846251,-3.4435587870829814,-0.03211921453475952
test,rule4ml,rule4ml/archive_3/1edc30fd6622623a89f5fda4dd11ebfe.pt,111.40364602505925,70.90098413563315,-40.50266188942609,-1.4164449499731164,83.88367484537471,37.54525481740579,-46.33842002796892,-0.9825864749797784,47.34208223498995,16.947421395371148,-30.394660839618805,-0.22594879485748626,11.75500681680305,2.08241370037757,-9.67259311642548,-0.0894457499186198,101.80612710646481,87.47603096606882,-14.330096140395995,-0.5181476879350787,24.87945323653194,19.280768558519043,-5.598684678012898,-0.10696569303186929
test,rule4ml,rule4ml/archive_3/21c3a4f2724d539a5b374e7547f9f313.pt,28.11504534450126,15.178844429063059,-12.936200915438203,-0.1860475349388493,2.9866227571831945,24.888279312476396,21.9016565552932,0.19189646057993084,0.0,0.0,0.0,0.0,15.713385915918986,0.7272030494165829,-14.986182866502403,-0.13377609252929687,28.125040978183513,17.254857465934997,-10.870183512248516,-0.1380000114440918,19.18963321520367,75.56502312991614,56.37538991471247,0.9816877577039931
test,rule4ml,rule4ml/archive_3/21c90068f0dffca11fa298c7f994dc8e.pt,92.9657541495247,71.38818338583278,-21.577570763691924,-0.10855611812595156,45.202913862842095,9.275188409037247,-35.92772545380485,-0.2800557233709492,23.477929686133233,0.294554962057081,-23.183374724076153,-0.2066954875963306,8.126120712814236,44.0093751231954,35.88325441038116,0.4603717803955078,93.44238071282585,141.1656671998141,47.72328648698824,0.19064713913413397,103.5959245593121,195.6745582968024,92.07863373749029,0.30644973168615736
test,rule4ml,rule4ml/archive_3/25da25e7068fe20631b338579576ad40.pt,69.46056081212753,39.64754178566657,-29.813019026460957,-0.18467017428638646,80.77252284807606,55.36104740677261,-25.411475441303452,-0.14176826097928005,98.00103256143649,126.68495276130335,28.68392019986686,0.11780530383437231,46.86608852492351,106.389616281572,59.52352775664849,1.5854402021928267,100.27128918526955,120.68702484139173,20.41573565612218,0.08479265830354936,146.4490405237532,185.5071338113695,39.05809328761629,0.11691692535431562
test,rule4ml,rule4ml/archive_3/260fafadf39d0ec006d93ca93b77f5a6.pt,31.319093019948273,10.711115974273868,-20.607977045674403,-0.1691178806264096,55.54936508891732,5.098438804224911,-50.45092628469241,-0.3823605065027653,12.481300891487281,26.12097570691623,13.639674815428949,0.1102141772999483,168.27793589541568,117.6573548504204,-50.620581044995276,-0.17053691078634822,26.746030893476846,39.39726742910324,12.651236535626392,0.18134562174479166,21.890282837584454,14.664109551269846,-7.226173286314609,-0.035157299041748045
test,rule4ml,rule4ml/archive_3/28b3efaa5e7a4539ed294b76f1972bfd.pt,56.484281864320856,27.360374283795522,-29.123907580525334,-0.47017769434940565,35.02784723593142,16.432858915188344,-18.594988320743074,-0.14621977200533057,14.893219697544367,60.63200324470228,45.738783547157915,0.32648580238301916,12.480799085505154,41.669897463888105,29.18909837838295,0.39316382774939906,36.81438547435824,37.78053669100672,0.966151216648484,0.014554665305397728,31.131780937045125,15.73317273484871,-15.398608202196415,-0.1111750602722168
test,rule4ml,rule4ml/archive_3/2d3bf7dd79e86541e033b67df6595805.pt,61.986101622924984,31.095617262786096,-30.89048436013889,-0.20408563820193726,77.68188686299015,16.003570289890096,-61.67831657310006,-0.4113186211130627,28.662662352533093,7.918154925570881,-20.744507426962212,-0.1676917521158854,48.49566480796354,34.46397177615069,-14.03169303181285,-0.09470024755445577,55.87172476940253,21.006515565250666,-34.86520920415187,-0.2018481663295201,48.91200174512504,39.546448791767745,-9.365552953357295,-0.061745413418473866
test,rule4ml,rule4ml/archive_3/32f5263cb2d5718fcffc2cc2a52dbd6b.pt,53.17993303543815,27.182458325560045,-25.9974747098781,-0.1807919631565925,128.39432092244195,112.47265861802587,-15.921662304416074,-0.061944785484900844,0.0,0.0,0.0,0.0,162.73135224034723,72.60224307524692,-90.12910916510032,-0.3571541552640954,106.8834655295526,64.83274439565729,-42.05072113389531,-1.3323462283972538,93.31539678761536,17.444387599794116,-75.87100918782124,-0.3568732962012291
test,rule4ml,rule4ml/archive_3/3b4a2eeffa1a0bbf553f4a9831fe105a.pt,60.3037358780717,41.4437101573157,-18.860025720756,-0.34056981551397975,101.82633739622523,103.90352614931143,2.0771887530862045,0.0880549400716385,0.0,0.0,0.0,0.0,122.23552399798353,158.46332985866079,36.22780586067725,3.3647310733795166,78.99506398177556,51.340540339190966,-27.654523642584593,-0.15760311550564235,23.55073156446562,31.131780937045125,7.581049372579503,0.0022005081176757813
test,rule4ml,rule4ml/archive_3/4e566ce04c16e75d4f6d6e76474c2b03.pt,19.503374550364548,24.76906121429908,5.265686663934531,0.004287667146952093,16.28702577645616,20.112522824859212,3.825497048403051,0.005438082077420801,39.19548221338308,118.4562479683585,79.26076575497541,2.3467365713680493,87.54775958534448,156.53475266162613,68.98699307628165,0.2686091607490194,57.03118154559436,26.7712428261458,-30.259938719448556,-0.48847525235423117,42.222180348210394,46.16787434837821,3.945694000167819,0.06404125329219934
test,rule4ml,rule4ml/archive_3/58e6e657e9b7e1346033523402c72911.pt,23.32550143040452,51.62542373821504,28.299922307810522,0.4869864286562889,40.93605228340645,21.655282523668735,-19.280769759737712,-0.096960695549279,24.04598500577881,5.80204288540101,-18.2439421203778,-0.21308415615720447,85.5790428144562,38.82752839250138,-46.75151442195482,-0.27349341036093355,27.290059159257655,2.4687572292278555,-24.8213019300298,-0.21559040747995628,104.46045090305383,38.02071470808791,-66.43973619496592,-1.6218909157647028
test,rule4ml,rule4ml/archive_3/966e50713000ee3b08ff128a6c5274b4.pt,119.71908877752597,95.61786180293603,-24.101226974589935,-0.10199905215892913,115.0111643375526,74.11588932804153,-40.89527500951107,-0.18943861584239688,160.57418996800814,181.80151679177692,21.227326823768777,0.06164688110351563,67.50572362850565,100.87293559334852,33.367211964842866,0.9238423434170809,130.73272477831668,106.23363166499976,-24.499093113316917,-0.09674153219101828,187.33277272847033,167.8574476194988,-19.475325108971532,-0.05464366696915537
test,rule4ml,rule4ml/archive_3/a1ed438b788ebb7aa9872e6ef999c1f6.pt,12.891922204019087,24.311292357068307,11.41937015304922,0.15563826785388543,24.493868654104453,17.140922328020817,-7.352946326083636,-0.030736006869106235,0.0,0.0,0.0,0.0,116.25385187966347,114.82311906190675,-1.43073281775672,-0.0762176513671875,74.03308962350862,100.64658184204818,26.613492218539562,0.847952896023389,39.003887322660574,25.776862464146188,-13.227024858514387,-0.1414692997932434
test,rule4ml,rule4ml/archive_3/b1358f2811672ae9199bcb77fb6c90b4.pt,66.49476246648427,59.628696025762395,-6.86606644072188,-0.14655001922543556,6.142797229813947,46.51208199720056,40.36928476738662,0.5426876690230042,61.090143188706044,40.54030869163867,-20.549834497067373,-0.3709133241234756,78.30571602040708,56.068489472413354,-22.23722654799372,-0.1229226083466501,50.43351294731584,32.26134819158056,-18.17216475573528,-0.12487471015102619,12.697967219660324,45.12107153782987,32.42310431816955,0.21964491738213432
test,rule4ml,rule4ml/archive_3/c6d0b4fd5343f820c2b660707f83d401.pt,15.807391850976366,14.0225659998282,-1.784825851148165,-0.02083284190695451,44.959728546894446,11.813841999904637,-33.14588654698981,-0.45402068287291303,0.0,0.0,0.0,0.0,27.646489443526836,43.317329824972795,15.67084038144596,0.11165771484375,6.669754021615833,3.3324281898576986,-3.3373258317581342,-0.03615985985184992,20.976889125672074,4.904428221169847,-16.072460904502226,-0.15539832909901938
test,rule4ml,rule4ml/archive_3/cb1e46588ece96ac3c91b7a0958b514a.pt,44.4886535980455,52.22091609945948,7.732262501413977,-0.1580347905964612,76.9187901427296,39.86424165141556,-37.054548491314044,-0.7515391474184783,0.0,0.0,0.0,0.0,100.99457359178622,70.4258882727852,-30.56868531900102,-0.1484739614087482,68.60965348802011,71.24609046137903,2.6364369733589115,0.06203251258999694,21.645162197199376,17.81728963222696,-3.8278725649724166,0.00023698806762695312
test,rule4ml,rule4ml/archive_3/d653309bc56cb162499c966cbd83ea0f.pt,45.77058492854818,14.38135618957007,-31.38922873897811,-0.45937050236778576,17.962233497913722,6.839960089746853,-11.122273408166869,-0.13120765023220435,13.267123289270895,39.52571978668247,26.258596497411578,0.18732168160232843,23.97448867440816,10.08228907152668,-13.89219960288148,-0.1747649718667859,3.5681874144972254,13.54221765170696,9.974030237209734,0.09172789600562635,116.17838441049604,21.51650227925793,-94.6618821312381,-2.45649595821605
test,rule4ml,rule4ml/archive_4/0738bafc8ad3b680b6474edd42e1f770.pt,48.577452118512426,19.23158606946902,-29.345866049043405,-0.21539693106204885,43.44771233335046,32.55951181183026,-10.888200521520197,-0.07691515400329825,4.9844570343149055,86.63208350282439,81.64762646850949,1.433769001680262,96.99892087895742,87.7197963362242,-9.279124542733214,-0.3098718051252694,115.48665417838328,134.86658920755278,19.379935029169502,1.39956815743152,20.976889125672074,28.423290178311646,7.4464010526395725,0.01209723949432373
test,rule4ml,rule4ml/archive_4/0dc6384344c2510488d9b96d5f4a0119.pt,13.930009441450844,20.068895585073104,6.13888614362226,0.03265860510217177,7.647083016275227,26.695450872394442,19.048367856119214,0.16186295289647096,4.955549667374428,68.2348685192631,63.279318851888675,0.45964744795992524,55.741277780687696,47.803974893615525,-7.937302887072171,-0.04996480305989583,53.406762456841584,52.94235807199631,-0.4644043848452739,-0.0028971354166666668,58.71587415089172,156.5124612186423,97.79658706775058,0.42276652147815486
test,rule4ml,rule4ml/archive_4/45b172326f621f3e4360220256d1bb36.pt,113.95888837348144,82.8760565620224,-31.082831811459045,-0.13999447057563677,87.4555683555305,42.01718528912756,-45.43838306640294,-0.2612527109970277,0.0,0.0,0.0,0.0,18.73080505891964,58.85655075263359,40.12574569371395,0.6147866821289063,27.84466341569582,13.004822062315734,-14.839841353380086,-0.1840778932733051,11.559704439122937,52.33333512813516,40.77363068901222,0.25459539890289307
test,rule4ml,rule4ml/archive_4/69665507dcb361898217e89a5528c662.pt,115.97375436970708,55.59527900401693,-60.37847536569015,-1.990397611858124,75.46914201221799,14.373494947733517,-61.09564706448447,-1.05716061642136,50.15203209548632,23.8972367977923,-26.25479529769402,-0.45501910851623295,48.803202227101266,1.5089401263612736,-47.29426210073999,-0.6194863812676792,103.9923993982857,105.44446507118309,1.4520656728973904,0.0636982875587666,33.535619684162356,16.53282494650793,-17.002794737654426,-0.20877182483673096
test,rule4ml,rule4ml/archive_4/6d921084af61c745a871657370e2e04b.pt,9.855209732641088,6.27284002153334,-3.5823697111077477,-0.03310306302995401,15.937545806162182,11.129836684457326,-4.807709121704857,-0.029755455941660087,1.5419386016723697,16.78046234802219,15.23852374634982,0.1674920681914593,81.172128150362,58.72256417529429,-22.44956397506771,-0.5256826466527479,41.78852504076685,83.0675308626222,41.27900582185536,0.890716798843876,52.62805337720062,99.45878145691262,46.830728079711996,1.1739436558314733
test,rule4ml,rule4ml/archive_4/7995683a142977361077baf936df47da.pt,3.6780494216871595,2.7812107899571497,-0.8968386317300099,-0.009264799350428182,11.174981207856572,0.6757706733669253,-10.499210534489647,-0.09905079755606251,0.0,0.0,0.0,0.0,23.58145023100532,61.49661224942127,37.91516201841595,0.25651842753092446,82.51710724653326,108.64823748153621,26.131130235002956,0.9704491751534599,90.24614900237474,92.57415419035188,2.3280051879771406,0.06581640243530273
test,rule4ml,rule4ml/archive_4/7b51fb383116913efca11f5c6eb5d2d3.pt,34.90942150471727,36.21251212404201,1.3030906193247347,0.01927652102781579,15.616001181948711,76.01249947176153,60.39649828981282,0.3813948948075059,13.600544091980145,107.59071502232246,93.99017093034232,0.5712869612897029,13.620367120679784,17.849162050644836,4.228794929965051,0.03620123094128024,46.162842464495625,17.47458896742853,-28.688253497067095,-0.21422622644072242,142.74946315729125,176.75287697154695,34.00341381425571,0.10493031415072354
test,rule4ml,rule4ml/archive_4/93a91b27f1ee47370c6f82a451490fe9.pt,72.91626547140085,48.53157695799609,-24.38468851340476,-0.5067124589447367,63.93623119734937,51.51501945158779,-12.421211745761582,-0.24591941202176548,19.846140891238164,34.27253774870919,14.426396857471026,0.11178768382352941,63.429388343024705,94.98813757409634,31.558749231071637,0.8518119319792716,18.55577291397716,49.55978056822954,31.00400765425238,0.45351505621359767,8.410875422658394,8.792767778613209,0.38189235595481463,0.010745048522949219
test,rule4ml,rule4ml/archive_4/b2b008a9c8861976b3750110cd50a594.pt,32.36432348578845,59.068574852271006,26.70425136648256,0.45212024536337697,25.826545181773792,64.65949209883185,38.83294691705805,0.6589250033581839,24.136810805888114,85.03035022622545,60.89353942033733,1.1583497707660382,27.05604366256673,23.680790400544637,-3.375253262022092,-0.10076602602186312,21.113884943995064,29.962853730589316,8.848968786594252,0.11624031985092997,14.664109551269846,75.2978136579729,60.63370410670305,0.9444587707519532
test,rule4ml,rule4ml/archive_4/ba6831d32130cc46375684ccd169a5c1.pt,49.029859566558144,10.051220878584282,-38.97863868797386,-0.2879201570093329,97.5802787344092,45.9438452693241,-51.636433465085105,-0.2821949571666151,93.60976593026564,127.84527735636735,34.23551142610171,1.6055091857910155,82.07356220725421,115.52716492977541,33.4536027225212,1.119420846303304,2.176315688386709,77.84705863102606,75.67074294263935,1.2503678284769766,27.22173490254389,75.52435349471061,48.30261859216672,0.7486449877421061
test,rule4ml,rule4ml/archive_4/c54b44680120057d74e92cbe9b65068b.pt,4.348224305305299,22.19879786619754,17.850573560892244,0.20525408478431306,16.324133556660744,31.39019170151163,15.066058144850885,0.2214164162332518,27.827880263804467,60.17704250046368,32.34916223665921,0.5216950809254366,143.45697662011005,139.19628184984083,-4.260694770269225,-0.48155081612723216,27.74893344434779,29.706998172612415,1.958064728264624,0.014962121212121211,10.46220464506344,18.415959738520414,7.953755093456973,0.0976702372233073
test,rule4ml,rule4ml/archive_4/ca02d7a10b3146eaf8c98872094f1492.pt,11.483068012033966,33.16217896243002,21.67911095039605,0.2889379986997688,29.969740213846123,7.221332798060066,-22.748407415786055,-0.1857198516766982,51.72311574747149,74.87188668385421,23.148770936382725,0.13350400057705966,72.86826542216647,91.44982594194006,18.58156051977359,0.09319134416251347,87.22244182421771,83.95645754353146,-3.2659842806862542,-0.016012947954050855,39.571345650586636,38.685987089950984,-0.8853585606356518,-0.16659910028631036
test,rule4ml,rule4ml/archive_4/e41facf92ea26a1185ddcd75a697bab5.pt,20.695876377778273,40.06916260575638,19.37328622797811,0.1462604095853161,42.40583850480609,36.12489619721995,-6.280942307586145,-0.043892786153761965,12.031594306638777,104.0147265457172,91.98313223907842,0.5690129440023292,105.2204160142744,48.89815096590425,-56.322265048370156,-0.2959224155970982,0.37093929941247217,11.352581245036957,10.981641945624485,0.10366729018669513,25.2528664118745,170.91466162384071,145.66179521196622,0.6276971450218788
test,rule4ml,rule4ml/archive_4/f54618f2acd7fbf62346bc0077ed8f50.pt,67.87852368273704,111.55709088524368,43.67856720250664,1.495130069987465,53.35758093959028,101.50056828216823,48.14298734257795,1.33316890910002,22.34016563610971,47.192887955719236,24.852722319609526,0.3659287034044092,29.98487329741606,8.336407134727548,-21.64846616268851,-0.1759708806088096,35.64795427102342,82.76290393274371,47.11494966172029,0.9757382319523737,46.419647486503195,43.416325496247396,-3.003321990255799,-0.22299747467041015
test,rule4ml,rule4ml/archive_4/f74ec97ba9d6a34e7e99c60e60d1b19a.pt,79.60525845298653,50.826487778424955,-28.778770674561578,-0.6409576377859629,48.65284792970752,54.97546253295696,6.322614603249441,0.11522231770624548,88.9029300489036,12.581248649818567,-76.32168139908504,-1.4809306144714356,101.02626734240536,95.30775748819318,-5.718509854212186,-0.025586036639024982,39.85761223565521,22.5025316168593,-17.35508061879591,-0.0787131241926058,102.17187096279936,95.68507003717504,-6.486800925624323,-0.028600692749023438
test,rule4ml,rule4ml/archive_5/1205dd1b7efafedf8cc2c30b03f99871.pt,11.651651773180596,62.03348303845267,50.381831265272076,0.36336647814182577,44.12699929236437,62.220257186163614,18.093257893799247,0.11305340532011107,0.0,0.0,0.0,0.0,101.2918458692624,111.24830253567474,9.956456666412336,0.042356788011213724,62.55652180137703,44.94704279415231,-17.60947900722472,-0.10945935930524553,10.792830438153597,6.137424516419349,-4.655405921734248,-0.037935425253475416
test,rule4ml,rule4ml/archive_5/19027ba5f9d2c24cf57a9449fa195db9.pt,103.00850901015069,72.73560096662601,-30.27290804352468,-0.9801616734699394,104.47083692658735,104.47083692658735,0.0,0.0,0.0,0.0,0.0,0.0,81.76581217971338,87.90461111907533,6.138798939361948,0.029698461856482165,32.68995391973021,22.869968398520104,-9.819985521210103,-0.13207293571309842,17.444387599794116,51.57677629179858,34.13238869200447,0.4009101390838623
test,rule4ml,rule4ml/archive_5/1a0f607fcebb5036c84db82eeda023d4.pt,61.93121067990133,2.7998852859314467,-59.13132539396989,-0.8694886118413309,72.93999688048783,58.850807755483935,-14.089189125003891,-0.3142349343294432,50.11155323781652,43.16446289770549,-6.947090340111032,-0.04562053973858173,54.15936127607111,78.89638181112981,24.737020535058704,0.13872428562330164,130.05153855379962,92.86862479529208,-37.18291375850754,-1.9821916491256477,50.07443327282999,14.011947502429782,-36.06248577040021,-0.5289080648711233
test,rule4ml,rule4ml/archive_5/20a95776ba9475fb64c5ac1fd3cedf35.pt,62.93122434666951,107.95238805791935,45.02116371124984,1.4270956776749917,47.326254587387965,107.1952090076778,59.86895442028984,1.6898979404060874,17.257543011511217,17.989258874103996,0.7317158625927789,-0.02347525428323185,101.9084693239927,98.57968402527999,-3.3287852987127167,-0.014371794623297613,2.5109238233804905,63.24302280260767,60.73209897922718,0.8987388956582798,130.33418476017388,6.327828077227137,-124.00635668294674,-0.7221692158625677
test,rule4ml,rule4ml/archive_5/2edc14465a30a29c9f9e65d751bdbf3f.pt,31.991598382132445,22.971708529762015,-9.01988985237043,-0.12130499971992505,16.48228459223114,1.4852444335238109,-14.997040158707328,-0.13730659562588163,36.611332826977424,144.5657814888799,107.95444866190249,4.2908485412597654,28.281326514163716,36.71106391895006,8.429737404786344,-0.0187882317437066,65.2893828628619,24.64378813693656,-40.645594725925335,-0.27261500344996437,67.37190748168707,33.26880324639135,-34.103104235295724,-0.21540257425019235
test,rule4ml,rule4ml/archive_5/4832cdee7e347ead4b584b82e4f99fa8.pt,32.07381451704392,36.42776096290042,4.353946445856501,0.031739395233505205,40.2498948180716,53.58870391768832,13.338809099616718,0.08757059737874676,0.0,0.0,0.0,0.0,60.17632363241428,37.88177251828249,-22.294551114131792,-0.14239349365234374,72.49654873363734,103.0440015054507,30.547452771813354,0.9845817625060562,83.30914617774634,22.095253200544754,-61.21389297720159,-0.3675247033437093
test,rule4ml,rule4ml/archive_5/4bea146a978cd831ec3a45f03d2a9855.pt,52.27867994935483,65.78379541347488,13.505115464120045,0.2724426279396315,34.49691091750552,42.65350103760111,8.156590120095593,0.1252755489864865,15.533849073344685,126.83833961088118,111.3044905375365,0.6295607071514278,28.77559397269478,67.19149642341824,38.415902450723465,0.7421913601103283,57.11382741566983,36.348514993823514,-20.765312421846318,-0.35480981943558676,50.432335008878994,104.63002317994464,54.19768817106565,0.01246035649226262
test,rule4ml,rule4ml/archive_5/4d42d4bf595699055d028ac9ac01a848.pt,90.12335092379195,133.74422940928517,43.62087848549322,0.18020102547557482,3.171138594788276,46.10381206444448,42.93267346965621,0.3434504012826367,3.9668571896005367,123.55099227329286,119.58413508369233,0.7216112300821019,7.4533128784173375,74.91095229316011,67.45763941474277,1.087353650261374,63.38331763221351,138.12596685271492,74.74264922050142,0.3356524740983191,58.373889639050994,195.5592757708961,137.18538613184512,0.5366394102264562
test,rule4ml,rule4ml/archive_5/4f94592d4b2c68a1ff7ee38ca1737d5e.pt,14.21556344301347,22.69192976841995,8.47636632540648,0.10292563872102807,46.59274319357659,114.30154285640079,67.70879966282419,2.2887078723768246,27.812290157293923,135.81991536875086,108.00762521145694,3.6301727294921875,74.95307353442745,104.86638710812964,29.913313573702197,0.8800868988037109,152.69734669304987,108.73575457065608,-43.96159212239378,-0.16144085619823043,11.559704439122937,27.22173490254389,15.662030463420953,0.1715210278828939
test,rule4ml,rule4ml/archive_5/61a7b2feee46b9098f7092e394d2dbbf.pt,36.478816115482765,33.870827676874036,-2.6079884386087286,-0.018862398358140374,6.9884587097626865,6.9884587097626865,0.0,0.0,3.9668571896005367,11.30004909556143,7.333191905960893,0.0791166832004737,23.73359241570033,75.58822587862994,51.85463346292961,0.9283219796639902,0.46234199689496897,1.5380050139659363,1.0756630170709673,0.010614450793683687,5.64787147431503,3.4697360165323214,-2.178135457782709,-0.021612882614135742
test,rule4ml,rule4ml/archive_5/6838c9a8f7bcbf61a70ade0866bfa42e.pt,2.5087468779709576,20.157736173768832,17.648989295797875,0.15834277016050283,60.680609592723705,60.16728763352781,-0.513321959195892,-0.003027475849441122,0.0,0.0,0.0,0.0,5.277719331782481,13.418980595912775,8.141261264130293,0.08699686387005974,109.19325463656098,106.3514056483217,-2.8418489882392777,-0.011992252894810268,98.38333633656279,53.586905652755796,-44.796430683806996,-0.22365490595499674
test,rule4ml,rule4ml/archive_5/6883dbd2b4f142e6610e9cd320b95f28.pt,76.3847030925835,70.1723635468959,-6.2123395456876125,-0.033278197898507514,62.53487000742764,51.11598670073794,-11.4188833066897,-0.06928210990112812,9.468974109483739,2.1309211342698577,-7.338052975213881,-0.07768076900982748,81.63301050296789,16.24123920048006,-65.39177130248783,-0.4276223328436306,17.280369033501657,4.672121243954454,-12.608247789547203,-0.11111863513160947,32.49528000658525,40.757071121566234,8.261791114980987,0.11701011657714844
test,rule4ml,rule4ml/archive_5/74c3cca364bfc99f6ff61e3511a78895.pt,65.16484700179062,60.71986831496054,-4.444978686830076,-0.025718081549219757,38.38454553040006,45.13662791732224,6.752082386922176,0.04621765137715845,12.769735949029938,39.86267216869389,27.092936219663954,0.35921817355685765,53.628864518901416,20.61344688052988,-33.01541763837153,-0.23411516989431075,72.45050908668195,24.759205422957553,-47.6913036637244,-0.31128092831785575,19.026742889186455,51.36218175521822,32.335438866031765,0.21815088817051478
test,rule4ml,rule4ml/archive_5/8f2f4106d2df9339753adde24403d1d2.pt,29.097304538474507,55.0420940234972,25.944789485022692,0.41889931104884354,38.33586796707453,41.454571812949354,3.118703845874826,0.048668597523283605,23.925824521027188,53.90434502306999,29.978520502042805,0.15051807056773792,186.30842611839725,168.0377780273835,-18.270648091013754,-0.05121729950612203,147.09257487356928,126.47061668728006,-20.62195818628922,-0.07276586321676735,21.99271184493344,82.18563070647724,60.1929188615438,0.3569004535675049
test,rule4ml,rule4ml/archive_5/946176de533ee08d06a169e25e736d58.pt,29.501997286352644,26.64389846224253,-2.8580988241101153,-0.038678908070324085,23.13916864058214,33.9266858905547,10.78751724997256,0.1469070474852772,72.95757878761307,19.715339976818655,-53.24223881079442,-0.9087083989923651,99.42537702439117,100.2380792907551,0.8127022663639281,0.030374526977539062,24.92871008364557,73.45175428116052,48.52304419751495,0.8746532809349798,2.3210936106559688,32.51690161712171,30.195808006465743,0.35461027481976676
test,rule4ml,rule4ml/archive_5/99fbab35ddfc4d0065726720e01c4d1a.pt,3.671467734084983,17.086605178977795,13.415137444892812,0.1213626998049934,101.75310328321392,105.88045867157103,4.127355388357117,0.01788471838875719,0.0,0.0,0.0,0.0,77.09594024443291,27.35176720220054,-49.74417304223237,-0.22871576655994763,89.67522135554987,72.11863378742896,-17.556587568120904,-0.49531974044500615,42.273955021681026,78.08920564949197,35.81525062781095,0.20082304212782118
test,rule4ml,rule4ml/archive_5/9d0a1cb63a575d7636db596fdaeabb19.pt,14.272549585788441,26.806773358974787,12.534223773186346,0.08269066970424646,9.804640805653385,23.263173240596227,13.458532434942843,0.11492751347741538,9.468974109483739,9.468974109483739,0.0,0.0,88.13295735065597,80.20978563669765,-7.923171713958325,-0.03908323205035666,96.12521322792735,87.43567423908962,-8.689538988837725,-0.04080161920757996,54.614914005212086,22.371551185545492,-32.243362819666594,-0.3745667338371277
test,rule4ml,rule4ml/archive_5/a38528e7ff9f044f73e957941453871a.pt,75.85410137600726,67.30119941178633,-8.552901964220936,-0.20766291055206149,85.43585272078562,83.87097837486772,-1.5648743459179002,-0.04704651170334233,0.0,0.0,0.0,0.0,63.83045375670547,148.9739798698683,85.14352611316282,4.551507404872349,87.24591066487011,73.42564872926587,-13.820261935604236,-0.3866887496689619,56.491189815679846,1.5055537323979056,-54.98563608328194,-0.7606401154489228
test,rule4ml,rule4ml/archive_6/001409555a1d47a9c88976188b0db707.pt,90.92150182698607,4.196660555706957,-86.72484127127912,-0.5820961276611166,51.20181465138842,95.22138703617983,44.01957238479142,1.409322240447353,15.502141011580878,135.36515704027994,119.86301602869906,3.7972009446885853,114.81788572403616,71.80459989138396,-43.0132858326522,-0.19669852049454398,37.545847025861974,47.11091459170838,9.565067565846405,0.15339532419413077,17.81728963222696,36.3905742524266,18.573284620199644,0.20770740509033203
test,rule4ml,rule4ml/archive_6/0cb057338b6002a0f975327e1b2f0f3f.pt,26.430087709642724,0.3269353701752986,-26.103152339467425,-0.23017548881910307,13.243279585440373,22.788151104218638,9.544871518778265,0.13297698909245878,65.67604444916647,68.92923046028548,3.2531860111190127,0.07374386334311368,4.9669051421079065,57.160265191844104,52.1933600497362,0.7482783121355413,55.24517522661513,37.2800679921336,-17.96510723448153,-0.1185766418227863,30.87428671041367,41.795163116276505,10.920876405862835,0.24227571487426758
test,rule4ml,rule4ml/archive_6/17a85b1be75ce0142aec4f9451bf4efd.pt,58.84332560498716,44.40821038795599,-14.435115217031168,-0.2628966084279678,20.164738817966434,32.23554785559708,12.07080903763065,0.16003382764622387,0.0,0.0,0.0,0.0,66.62514137439076,51.90906945916148,-14.716071915229286,-0.0868653491535018,48.50519305168747,6.502809346458265,-42.00238370522921,-0.3228831447673791,74.78123663094827,67.37190748168707,-7.409329149261197,-0.039728800455729164
test,rule4ml,rule4ml/archive_6/1d29116bb94d7316156894699a602c2a.pt,63.03014744034602,26.998378050571894,-36.03176938977413,-0.6823460405857866,44.08881308311699,122.71337612590696,78.62456304278997,0.39780064046817976,0.0,0.0,0.0,0.0,19.33681091764614,30.961921769607354,11.625110851961214,0.09077216254340278,19.464220407427216,14.4589825984458,-5.005237808981416,-0.021491596060739436,6.1869757226165225,9.909103534389892,3.72212781177337,0.02580001950263977
test,rule4ml,rule4ml/archive_6/1e617c0108e2d4ee454c839f9fc1c892.pt,64.15318249772659,47.974653171534804,-16.178529326191786,-0.3133440090891267,36.21769478980987,43.37097624305663,7.153281453246763,0.1115353949171594,0.0,0.0,0.0,0.0,85.24219328212996,74.3401238632481,-10.902069418881865,-0.05522945949009487,19.978100075149854,22.836488105457505,2.858388030307651,0.07610889379528986,54.72421917841238,34.99824185171235,-19.725977326700033,-0.1308006873497596
test,rule4ml,rule4ml/archive_6/2378b4a0679ba08165cd8d031b0db6ee.pt,26.11234917108174,37.97443447921594,11.862085308134198,0.23777430509028175,22.096951283897965,56.57833422203091,34.481382938132946,0.5899728775712739,44.042784359599224,135.78798049549457,91.74519613589534,3.298101615905762,89.74407706524948,66.98018109237384,-22.763895972875645,-0.5960182189941406,95.92473349372048,58.6984430671874,-37.22629042653308,-0.19436641104121574,48.213397797552915,20.976889125672074,-27.23650867188084,-0.3341085910797119
test,rule4ml,rule4ml/archive_6/307b634895c193a5d98acf87b0c99dc8.pt,78.30623234511681,19.845679348524968,-58.460552996591844,-1.0662188242716961,86.85079255256053,63.21565790000052,-23.635134652560012,-0.5890279497419085,0.0,0.0,0.0,0.0,10.454296297810583,19.685435771289402,9.23113947347882,0.0676753180367606,53.98199795088908,4.351809377804208,-49.63018857308487,-0.3821664052466824,21.255558023150495,9.909103534389892,-11.346454488760603,-0.07329189777374268
test,rule4ml,rule4ml/archive_6/32096e3a56110daaf1080abbc90bcf0f.pt,40.31132538099414,36.76439030870316,-3.546935072290978,0.1149367346390719,32.6070149099709,60.173493972488366,27.566479062517466,0.5796389466778362,105.47575502198744,60.70940016513317,-44.76635485685427,-0.22390559514363606,62.47268260805555,101.82375622008664,39.35107361203109,1.0200682878494263,33.100907847889545,5.375501262254953,-27.72540658563459,-0.23122474328795475,1.1610267197961124,42.209459222214974,41.04843250241886,0.39249610900878906
test,rule4ml,rule4ml/archive_6/344097cd7e86741639f3fc6d1411d01b.pt,14.704875823708974,45.115927580622774,30.4110517569138,0.23114004046123218,34.496441123903615,26.04480652325852,-8.451634600645097,-0.18631759625624267,0.0,0.0,0.0,0.0,10.051454972988266,40.49657448969501,30.44511951670674,0.4092751846832483,12.972844195495133,40.46142673570566,27.488582540210523,0.3847511420815678,6.1869757226165225,13.661895769308234,7.474920046691712,0.05090254545211792
test,rule4ml,rule4ml/archive_6/43974552bd8bb2f49d3289e89c238835.pt,60.53481345614068,63.77771932190419,3.242905865763511,0.0682273582175926,157.06832678730902,155.28859488344816,-1.7797319038608634,-0.34437670026506695,0.0,0.0,0.0,0.0,67.04044890249673,88.3231923916005,21.282743489103765,0.10675568416200835,100.18773420757717,73.46339052025475,-26.724343687322417,-0.8408146908408717,29.143353571584722,11.92874526240742,-17.2146083091773,-0.16071784496307373
test,rule4ml,rule4ml/archive_6/497d30d2d0ad2daa4fc2e609e64df438.pt,19.677404437632728,6.272288221297669,-13.40511621633506,-0.15743012261326472,9.717601530157927,33.141288006594735,23.423686476436806,0.29508426155373013,17.680006128035558,49.80117985337125,32.121173725335694,0.4659783350278253,40.20991007348286,2.0045649521980464,-38.205345121284815,-0.31202484130859376,87.43484170918619,84.99170705685464,-2.443134652331551,-0.07521776471819197,7.573927377038975,19.026742889186455,11.452815512147481,0.08823156356811523
test,rule4ml,rule4ml/archive_6/582d3207a87f10fbcc0985c7e4f40fda.pt,81.87761811833336,89.9226754571106,8.04505733877724,0.24748565648417986,50.71168696690233,6.085385137762656,-44.62630182913967,-0.6165702889406811,37.683347705746975,14.400063614868328,-23.283284090878645,-0.32759879291921423,51.783325956335105,0.3085232237440624,-51.474802732591044,-0.40040096869835484,54.351076357189164,130.42921824313316,76.078141885944,2.989306414568866,33.8256358048661,74.00161759891336,40.17598179404725,0.23291451590401785
test,rule4ml,rule4ml/archive_6/5b15f69bcf2c7f346c26d4909d63190f.pt,64.3333004862501,30.890153379817086,-33.44314710643301,-0.5830591285050724,42.24564469928433,35.31527317817904,-6.930371521105286,-0.10670153730873896,6.946788542128043,22.42532821968705,15.478539677559006,0.1290585472470238,69.10091768773451,97.46200629065335,28.36108860291884,0.8126960167518029,69.40719520132365,42.7553173799844,-26.651877821339248,-0.5184404550354338,110.5569779033938,97.46144307569017,-13.09553482770363,-0.554350684670841
test,rule4ml,rule4ml/archive_6/70e4d2de734c8ee41bc4c5e2b584c11b.pt,111.34449091903146,96.97906674844714,-14.365424170584319,-0.6286003413781089,21.173811279794236,34.83880016282424,13.664988883030006,0.2208083470662435,0.0,0.0,0.0,0.0,22.034731480440488,60.65316252775419,38.618431047313706,0.604584862204159,112.38368473788466,125.91207497243396,13.528390234549292,0.8281462819952714,4.7850265980903925,11.92874526240742,7.143718664317027,0.05837273597717285
test,rule4ml,rule4ml/archive_6/7e310dc25531e1b71bcd03d3545518c8.pt,2.8806951711388553,12.409853266302694,9.529158095163838,0.08761891795137408,85.73785552714467,36.918067752104115,-48.81978777504056,-1.0448294999356755,0.0,0.0,0.0,0.0,5.616027756271101,40.9049755126362,35.2889477563651,0.4474997269479852,68.23623367807372,46.223679558615956,-22.01255411945776,-0.1331959528182818,68.77917080362367,56.646982543732456,-12.132188259891215,-0.052762895822525024
test,rule4ml,rule4ml/archive_6/8b6d38413c6f2216c2a43783a38dd61c.pt,13.30641665516598,7.939356920695127,-5.367059734470853,-0.05987218349614648,3.3015492671970135,26.029922219601595,22.72837295240458,0.2656723863098408,32.485633735518356,11.30004909556143,-21.185584639956925,-0.1593348990738122,32.49128360315179,41.25594884434346,8.764665241191665,-0.04562547471788195,28.52438047003898,4.723121756578858,-23.801258713460122,-0.20332800823709238,88.95092777356622,95.68507003717504,6.734142263608817,0.031049757292776398
test,rule4ml,rule4ml/archive_6/9103c5ff855940d7d662364678b53447.pt,9.582300282481429,35.23373008641872,25.65142980393729,0.20812137928030516,22.15117921956985,22.15117921956985,0.0,0.0,31.4617239067078,44.493155875526924,13.031431968819124,-0.009383870797798493,5.1649080081762255,31.598974436872094,26.434066428695868,0.31894188320513855,5.770865534889846,58.04732318311427,52.27645764822443,0.39352320389781925,107.30224104487839,187.47747370195555,80.17523265707716,0.26847430247410087
test,rule4ml,rule4ml/archive_6/bc6bb6e33f8b03b6704517f576375075.pt,106.72595770120893,101.16156917477353,-5.564388526435394,-0.24142465217575168,92.2106406489641,106.49817598660998,14.287535337645878,0.5670060237753837,0.0,0.0,0.0,0.0,46.319644984685254,76.58307660315144,30.263431618466186,0.6136938241811899,65.93456817472747,95.94645053523296,30.01188236050548,0.8562539672851562,39.003887322660574,57.6104724648379,18.606585142177323,0.24349749088287354
test,rule4ml,rule4ml/archive_6/d05a59391d3c9bf0ed991813ac518547.pt,69.9650177498195,48.72480992859452,-21.240207821224978,-0.12652948605211564,6.105926177487454,102.60084506583118,96.49491888834373,2.0474931813825177,45.323546082381704,48.7856746016912,3.462128519309495,0.022688554647529603,7.209334883761303,8.760780052621199,1.5514451688598951,0.021901758705697407,80.01157587414583,102.8872909993155,22.875715125169663,0.7824659075055803,7.165069702942445,16.318278803132273,9.153209100189828,0.10075684956141881
test,rule4ml,rule4ml/archive_6/d269502d2e3a7e239990e5ee6c8a088b.pt,4.254704458173897,4.938866049683131,0.6841615915092341,0.008978309309936634,23.69794337122769,54.16899738123424,30.47105401000655,0.15740418706074297,21.905404125764363,99.81714764555616,77.9117435197918,0.4668408728934623,65.83679616427264,28.131033304710744,-37.7057628595619,-0.24528890113308005,46.353182334773045,82.9138094667388,36.56062713196575,0.8106172206038136,11.64175478634862,28.492519392984562,16.85076460663594,0.12006534229625355
test,rule4ml,rule4ml/archive_7/1a61f143fd0596914c6180472652b380.pt,22.108016102813043,87.62895927806049,65.52094317524745,0.4101790793450755,44.303360544229754,46.44726858545217,2.143908041222417,0.03584752628459266,0.0,0.0,0.0,0.0,49.85159843656546,37.29404655535295,-12.557551881212511,-0.08270477113269624,9.115059906789858,9.115059906789858,0.0,0.0,14.909002574263381,20.976889125672074,6.067886551408693,0.07966772715250652
test,rule4ml,rule4ml/archive_7/1f992b4e914c1ab39d6dd763eb707181.pt,78.86141845087543,47.785841943603856,-31.075576507271577,-0.674112183368242,65.91809040073193,44.95726564167446,-20.960824759057466,-0.4033069539791508,93.701322696846,66.01336345129701,-27.687959245548996,-0.7738710550161508,60.65592046098862,71.11564186887945,10.459721407890832,0.05897367000579834,49.90309878271701,49.90309878271701,0.0,0.0,133.9690400331538,14.827885067818753,-119.14115496533503,-3.852138716599037
test,rule4ml,rule4ml/archive_7/3be8815af5e75a5231b9579149c20dd5.pt,73.6074448933315,90.04327311502558,16.43582822169408,0.47303446313816494,41.78884592529729,76.93442374840197,35.14557782310468,0.7220014017366262,6.401257893719956,49.07712654477655,42.67586865105659,0.3229737715287642,31.294373350302564,3.2600576356508317,-28.034315714651733,-0.23310340534556995,3.9018867321016155,51.88533605848009,47.98344932637848,0.6613612892353429,45.38391081543927,25.06259953764013,-20.321311277799143,-0.14495450800115411
test,rule4ml,rule4ml/archive_7/44414783cd0146469f847844c0dd87cf.pt,0.4859651045984639,11.239129518885951,10.753164414287488,0.10156320938890402,0.02706995345150489,10.131555280323424,10.104485326871918,0.09615907458574777,33.185067617970766,86.51373066306311,53.32866304509235,0.20536614710988563,58.69249815499481,90.87470136642011,32.1822032114253,0.8102520213407629,14.31403701557289,57.635782462685555,43.32174544711266,0.31370161950218667,169.65839958058072,8.631534429129593,-161.02686515145112,-10.673534540029673
test,rule4ml,rule4ml/archive_7/502ef73aec52b66aad8c49b80e24e8eb.pt,43.05084524671656,52.35523183863506,9.304386591918501,0.16060855263157894,20.228540521239744,8.43093185544868,-11.797608665791063,-0.13702467294234386,46.6872684369157,32.78105605035792,-13.906212386557783,0.01355651059852188,147.85223318155187,142.7749055000646,-5.077327681487276,-0.01698899577138344,148.8557805824983,138.72833297105402,-10.127447611444296,-0.03427190403973777,19.210243227854978,21.99271184493344,2.782468617078461,-0.013348851885114397
test,rule4ml,rule4ml/archive_7/552a8b1d8eaf665093b1d298281b83f1.pt,0.6422300425416034,5.350669243045226,4.708439200503622,0.045709941010527076,11.86833423325582,7.60205834945579,-4.266275883800031,-0.052931650514999234,0.0,0.0,0.0,0.0,76.8112841920945,119.94141032214338,43.13012613004888,1.6243408748081751,74.3600491113437,109.59857620326736,35.23852709192366,1.2371780960648149,3.4697360165323214,15.73317273484871,12.263436718316388,0.10057682991027832
test,rule4ml,rule4ml/archive_7/5f003892d2e7f403c508c23527f35a1a.pt,68.22256283792495,60.58543079393208,-7.637132043992871,-0.16627782401371946,150.96397340976043,184.49711120118027,33.53313779141985,17.623419754861935,34.031507740377755,159.80174395689104,125.7702362165133,7.289231618245442,43.10098906830109,15.871845217734919,-27.22914385056617,-0.37062059822729077,92.57219145228576,76.15142528986904,-16.420766162416726,-0.0812584541162753,21.645162197199376,51.092824539884795,29.44766234268542,0.409102996190389
test,rule4ml,rule4ml/archive_7/746e809c8843f88e0daf72b69bbf4bc2.pt,61.09741568508287,71.47451450404817,10.377098818965301,0.23250617173098392,87.20132476513965,88.11403444530669,0.9127096801670405,0.028927195298986904,52.459716797179,26.826008037065513,-25.633708760113485,-0.3977880645216557,6.972748268806543,41.28806296781275,34.31531469900621,0.4511554333590722,98.58212887352352,74.25438196358269,-24.327746909940828,-0.11878116500453309,17.81728963222696,67.68599322730094,49.86870359507398,0.689594586690267
test,rule4ml,rule4ml/archive_7/79605b31ef727da0c105be76a8e4bb0e.pt,7.810922067581854,83.19386604762545,75.38294398004359,0.512331870988147,28.468918392045417,155.74922904702063,127.28031065497521,0.6262570831463196,11.350076200597051,89.44252369327641,78.09244749267936,0.5086012946234809,36.37858635111229,14.118766552927507,-22.259819798184783,-0.16859138011932373,7.603025107275632,91.36459047511696,83.76156536784133,1.5985031127929688,13.661895769308234,4.7850265980903925,-8.876869171217841,-0.05914512276649475
test,rule4ml,rule4ml/archive_7/9020e0eeaa6d7a8122c89ed438daaffb.pt,40.14011308143549,35.81641470288425,-4.323698378551235,-0.06588922954396086,0.8603330356202467,18.294493265555207,17.43416022993496,0.19278341633558593,33.65681560872152,198.4496124031008,164.79279679437926,0.7052770806837452,61.56780853420054,42.965216409328995,-18.602592124871542,0.07443478232935856,8.227747022372757,3.233278669219241,-4.994468353153517,-0.05289199977245146,37.67617720658499,105.64567871700959,67.9695015104246,0.3713782970721905
test,rule4ml,rule4ml/archive_7/a3c6bd5b396e78c227adf1351c95d7b6.pt,24.879535661924308,42.30523698826357,17.425701326339265,0.1279047296307151,1.8156101003225433,2.94546046097953,1.1298503606569865,0.011031555392327674,0.0,0.0,0.0,0.0,73.24586686967133,63.81245535424378,-9.43341151542755,-0.21430340935202205,53.96815229249447,71.97325843669854,18.00510614420407,0.10418371385143649,17.81728963222696,11.42847637249573,-6.388813259731229,-0.061989148457845054
test,rule4ml,rule4ml/archive_7/af18a12a4a360c0322e9e18cca858888.pt,113.09266727334766,102.60381175840539,-10.488855514942273,-0.49565949622494143,47.18897796553214,29.243877617844017,-17.945100347688122,-0.275086533017654,39.07887227381218,10.253008472952061,-28.82586380086012,-0.3774790710676115,47.53270525407874,72.93221368895597,25.399508434877227,0.5085213401100852,15.1625413663367,46.33366185939716,31.17112049306046,0.4383178159415004,60.428088006057926,50.394503946472234,-10.033584059585692,-0.4344237148761749
test,rule4ml,rule4ml/archive_7/b80d919f5512ee5b6f8ca9a78b5f9eb6.pt,65.99177354880467,100.89352087624074,34.90174732743607,1.0511474609375,39.26819483938562,68.40380756254312,29.1356127231575,0.5509710759876456,54.391334993477486,0.6182062141660596,-53.77312877931143,-0.42027913525117844,81.37147431480643,98.29538837960601,16.923914064799575,0.07979750125966173,13.683694632868312,29.49109161789249,15.807396985024178,0.19870867047991073,11.236545096543313,42.71533738289551,31.4787922863522,0.2418695507627545
test,rule4ml,rule4ml/archive_7/d541d87541180a0b73fc6d811cd26fb3.pt,40.359006787902466,52.24065372839862,11.881646940496154,0.20148172000944817,23.642325783119205,7.93350566895655,-15.708820114162656,-0.1351211486982994,25.463456316511113,60.32749439824598,34.86403808173487,0.23753557477678572,6.858979086080255,36.47000150268236,29.611022416602104,0.37638801440858005,58.1814572302332,102.25701297438403,44.075555744150826,1.2694323590693584,12.697967219660324,4.053768774483603,-8.64419844517672,-0.08897781372070312
test,rule4ml,rule4ml/archive_7/efe86c6a21b3739064d7a430e7f522d4.pt,129.36315862121515,142.368717407267,13.005558786051864,0.04613385892636818,76.5359972767878,48.04976487313656,-28.486232403651236,-0.1661129858630825,31.50042325430763,26.720812676772546,-4.779610577535085,-0.1381502181764633,116.35089508350194,85.55306230050164,-30.797832783000302,-0.13605529360317575,20.295918446589017,20.5592775071123,0.26335906052328184,0.04483857207245879,54.24658760641217,36.77058806990179,-17.47599953651038,-0.10782871927533831
test,rule4ml,rule4ml/archive_8/0bd5d5e1d49a402879a4e5e3d15e138d.pt,51.4568358883796,71.72974389375894,20.272908005379335,0.11867886585724557,53.271982009620544,143.1162740919446,89.84429208232406,0.413540339908104,114.50505352013381,174.39123069912785,59.88617717899403,0.2033345587170685,45.486706995501784,112.64287378611488,67.1561667906131,1.8906246185302735,97.06945830373526,161.84829526799322,64.77883696425796,0.24101019210995428,105.12419204313005,196.15290594400244,91.02871390087239,0.3010653288740861
test,rule4ml,rule4ml/archive_8/2b9cc23c7ff35dcad1a25ed478ca391c.pt,18.215291118567727,22.013475318077713,3.7981841995099863,-0.002097532420368986,2.5158053314485898,19.400277981596467,16.884472650147877,0.15200207731603224,36.59392464783003,14.375006814797937,-22.218917833032094,-0.3130686488086821,54.6484519484036,112.12441532262571,57.47596337422211,1.7512943164722339,17.43906153905037,70.3283462035461,52.88928466449573,0.3597361799053708,13.698262516486196,174.8012083560986,161.1029458396124,0.8020033623762192
test,rule4ml,rule4ml/archive_8/2ffba5acb0114a7839a56d383afdfed1.pt,82.94585523271493,92.89237040727018,9.946515174555245,0.3173203949513815,75.72588072202963,98.65524743408899,22.929366712059362,0.728173828125,31.940285831727216,117.0247333876369,85.08444755590969,2.4180306911468508,102.11512735419363,32.06374565556463,-70.051381698629,-0.3822889742643937,21.15287866784214,48.80591255029964,27.6530338824575,0.4534082564096602,84.32870333482205,41.37564922607796,-42.95305410874409,-0.2465524384469697
test,rule4ml,rule4ml/archive_8/424af037c560eae534e8f3632d5fa730.pt,23.17848246641985,30.330724234618632,7.152241768198781,0.14974520099696828,59.2045764772604,42.27941960551567,-16.925156871744733,-0.30404679581925675,0.0,0.0,0.0,0.0,81.76771793562342,148.62776421142433,66.86004627580091,3.3023521900177,140.81486582061814,138.24785709001074,-2.567008730607398,-0.008904624166893362,24.111957666472843,4.904428221169847,-19.207529445302995,-0.18858627478281656
test,rule4ml,rule4ml/archive_8/55e99c7ddea5f750aa4bdb3d18e997de.pt,11.238198749017181,66.08738455362739,54.84918580461021,0.39033002531056005,37.79856805438573,55.41164118140661,17.613073127020876,0.11599607517698024,54.07006172145673,131.8863461860323,77.81628446457557,0.36878002174126573,124.85377218201646,118.11627999139903,-6.737492190617431,-0.026022163820473145,33.32739536142254,32.8414058711481,-0.4859894902744415,-0.006972955197704082,56.65771684307669,158.0739036091046,101.41618676602792,0.4408762552652014
test,rule4ml,rule4ml/archive_8/84168ccc3848aa9141383ecf3ee4b114.pt,78.17929700340427,53.12021239812074,-25.05908460528353,-0.5601764092894006,63.05525254777321,48.44499029120535,-14.610262256567857,-0.28156898363779337,0.0,0.0,0.0,0.0,52.30673836983431,24.343335643998486,-27.96340272583582,-0.19531179028888082,18.079364896393592,27.940454442318327,9.861089545924735,0.1259038397606383,12.371936834798296,22.008010984941667,9.63607415014337,0.11366618763316762
test,rule4ml,rule4ml/archive_8/852acd7f62df6424ade2530d3c896746.pt,37.87873469011332,5.614135253429574,-32.264599436683746,-0.260707572195644,57.9288695381347,21.704771520043714,-36.224098018090984,-0.2533848288506341,57.81595629715918,143.4467301067285,85.63077380956932,4.0230709711710615,66.52860135040099,42.71731187143983,-23.811289478961157,-0.4426392345893674,86.45252740474922,88.07196778340686,1.619440378657643,0.050804876512096774,3.1528526855606476,27.57339565408156,24.420542968520913,0.2518198490142822
test,rule4ml,rule4ml/archive_8/92f0646e6f2cdc9bc44cdd6dec968e4f.pt,3.3376907314238857,14.079688658328504,10.741997926904618,0.09870751759882154,21.238307643735656,110.40909125712379,89.17078361338814,0.5193791006329991,42.026481656385904,132.9719500374362,90.94546838105029,0.45093112880900754,41.26294928561742,75.22294616033119,33.959996874713774,0.6797035762241909,10.07405257988052,62.71608788694196,52.64203530706144,0.37109830614546657,22.142312005643245,176.10856003360837,153.96624802796512,0.6848840641252922
test,rule4ml,rule4ml/archive_8/c755414c331135b8cab7434e73d3fc6b.pt,20.595720534898224,23.918092110305846,3.3223715754076224,0.042068410709416235,24.902261291650014,148.96791753181907,124.06565624016906,5.5515122835855,23.705210627062346,168.75167935826778,145.04646873120544,9.946663114759657,45.62951522459259,74.65108763759943,29.021572413006844,0.1714162132292415,61.572369368708316,36.232678347183935,-25.33969102152438,-0.16392105081835143,14.909002574263381,45.30287788819875,30.393875313935368,0.37245885531107586
test,rule4ml,rule4ml/archive_8/d10a79d145f235e42c81bfba92d64309.pt,169.18346306159253,183.93900916204706,14.755546100454524,11.898401532854352,57.63665022096558,172.93053404038216,115.29388381941658,11.506812462439903,178.80021984711587,193.16573243536416,14.365512588248293,19.83023166656494,16.212899235967036,40.468226156668095,24.25532692070106,0.18415159928171257,7.506576159616687,1.4881257839318258,-6.018450375684861,-0.057304325810185186,17.444387599794116,4.7850265980903925,-12.659361001703722,-0.08356952667236328
exemplar,exemplar,exemplar/archive_1/0273888c-6100-46de-ba53-476666388e81.pt,26.795692181867945,33.42550718676413,6.629815004896184,0.09191456523716404,13.684748941564001,48.66751560282401,34.98276666126001,0.5150924904487787,0.0,0.0,0.0,0.0,51.60625814706682,35.4673091918052,-16.13894895526162,0.019170602162679035,91.73369400998575,2.8788984628806547,-88.8547955471051,-0.6004604557449879,44.53441388760435,10.012393282736111,-34.52202060486824,-0.2587381449679549
exemplar,exemplar,exemplar/archive_1/08ceef03-f529-483b-9de4-b4b67e848d56.pt,95.25973679049915,47.92640426399561,-47.33333252650354,-1.432244166090244,70.96902051322712,42.36581274790105,-28.60320776532607,-0.7503818905279503,77.76192253857275,114.05900469377012,36.29708215519737,1.2833352770124162,120.33485048292309,114.25005928869916,-6.084791194223925,-0.26721739768981934,129.4087011903899,108.59310346438384,-20.81559772600606,-1.2891567215720057,93.7334233286491,135.4442051286827,41.710781800033615,2.425771130181347
exemplar,exemplar,exemplar/archive_1/0971e6d6-d73b-4833-aefc-bbae6dc5b505.pt,37.85531346053915,58.94323008403038,21.087916623491232,0.13695405087059356,17.526526433141196,2.198109040263935,-15.328417392877261,-0.13891760217144808,2.226306752391918,27.012855910200056,24.78654915780814,0.21435558262156018,0.0,0.0,0.0,0.0,40.757483585688206,53.773306216986526,13.01582263129832,0.3965814898090978,5.855810449620256,38.38306281115916,32.5272523615389,0.4124344036143313
exemplar,exemplar,exemplar/archive_1/0b264399-9786-4e1d-95f5-b15ae9eef489.pt,75.84792938271185,1.8038885819853585,-74.04404080072649,-1.203901693529319,49.340224760518666,40.49181127592988,-8.84841348458879,-0.1472713616870295,30.535811257950545,70.72768416656595,40.19187290861541,0.7256652116775513,12.952509971940945,32.647211212897034,19.69470124095609,0.24166207313537597,78.58859775785245,79.43190227156204,0.8433045137095831,0.02302081068277833,33.15912008391398,75.80759250546073,42.64847242154675,0.8201237168422965
exemplar,exemplar,exemplar/archive_1/0ca740a3-feef-4ee0-91b6-46f493ae36b2.pt,105.66793989311388,36.339505205711234,-69.32843468740265,-1.9325319204757463,83.43308954775222,19.868742429379502,-63.564347118372716,-1.2107481181423834,133.33333333333334,133.33333333333334,0.0,0.0,90.31686296537752,101.79464267805378,11.477779712676252,0.319671630859375,84.86042878367999,58.13152328041098,-26.72890550326901,-0.6539047065822557,39.858590634803015,131.6490449179998,91.79045428319677,3.345666915023883
exemplar,exemplar,exemplar/archive_1/0e85b020-3749-4e4d-ac93-a44f053ea57b.pt,35.14927010183045,65.19918195946276,30.04991185763231,0.06525098058403397,5.105020067352017,70.7923666841262,65.68734661677418,0.4703810183092224,150.0,150.0,0.0,0.0,46.29439306535258,19.10411821111163,-27.19027485424095,-0.35666124025980633,20.927701198747275,69.50360000760107,48.57589880885379,0.32627483704169835,64.9582941551992,92.99612280506989,28.03782864987069,0.14439530535442074
exemplar,exemplar,exemplar/archive_1/1096f607-c024-4e57-a794-4bf4d2886e54.pt,127.54930723889395,98.79489582444563,-28.754411414448313,-1.5685040622075794,126.2056816183203,138.26088139372678,12.055199775406479,1.0581170756516747,109.74630876620432,184.8236400653729,75.07733129916858,0.2516437006222693,18.070895286677366,50.49888904083727,32.4279937541599,0.3823734521865845,130.27481883210484,147.78269850070797,17.507879668603124,1.886497790996845,15.446778526041888,122.40295846417095,106.95617993812907,2.2405794262886047
exemplar,exemplar,exemplar/archive_1/12d641dd-5146-4c9f-911d-cf810823fff7.pt,22.756383511384474,47.12500781603008,24.368624304645603,0.12458525695995533,3.016661302938035,51.54583628526594,48.52917498232791,0.3800486327451276,166.66666666666666,57.071468700861296,-109.59519796580537,-0.42632190386454266,56.925336846652165,5.526805203939821,-51.39853164271234,-0.6183010339736938,24.438678684083268,73.36903388075561,48.93035519667234,0.3189427960414783,64.80498379735788,122.05905567615288,57.254071878795,0.26840635718368905
exemplar,exemplar,exemplar/archive_1/14689274-3866-4b30-b586-c404fc0eb7e3.pt,42.57309805142124,64.21953265354237,21.646434602121133,0.40459792486159674,65.67177265572225,46.953909012925756,-18.717863642796495,-0.36365178201050885,0.0,0.0,0.0,0.0,144.70835043770043,170.6296226194055,25.921272181705064,3.192399501800537,188.8542999954442,179.9559523422249,-8.898347653219304,-15.463635612936582,192.71687686753248,193.89246579640434,1.1755889288718606,7.928539276123047
exemplar,exemplar,exemplar/archive_1/182f2870-c640-40ba-987d-d85d5a889c32.pt,16.54769742531732,51.309303473081464,34.76160604776415,0.5094930173851284,188.45722464854592,163.23538054876275,-25.22184409978317,-0.07134030972208295,77.01148081929936,60.23307461331478,-16.778406205984588,-0.3416250944137573,0.0,0.0,0.0,0.0,155.3934806249435,152.95675670978684,-2.436723915156648,-0.45647561961206895,72.84829329304151,28.959149757353554,-43.88914353568795,-0.2107653021812439
exemplar,exemplar,exemplar/archive_1/1c3965f8-aac2-4e66-ae41-f24c4f7586e5.pt,23.611129515609143,59.131638531638345,35.5205090160292,0.5718061327651615,19.046561177813008,86.62604943660992,67.57948825879691,1.317564855708744,162.6537632000273,171.97006416456753,9.316300964540233,0.02761863552214269,37.48491019896299,78.88381826635762,41.39890806739463,0.8224429686864217,113.87933847707676,127.84207624542863,13.962737768351872,0.887790214724657,71.94358191459881,106.36166884423386,34.41808692963505,0.8610987663269043
exemplar,exemplar,exemplar/archive_1/1d3a9271-bb21-46f7-a928-48272ce7193f.pt,10.426158865603144,72.85409928739696,62.42794042179382,0.42400952714896906,57.10973084147504,89.83218029500891,32.72244945353387,0.17564457714560905,150.6271302022943,170.43472561628045,19.80759541398615,0.060764224030250724,28.714831330528288,6.136765537382526,-22.57806579314576,-0.17437362670898438,8.734233556987009,66.77703051786519,58.04279696087818,0.40921925743612353,25.2131025862209,94.0674451862671,68.8543426000462,0.35109541730182925
exemplar,exemplar,exemplar/archive_1/206dfc0c-9319-43c0-b4e3-b5bf034ef1bd.pt,96.04235211636951,3.723549648988106,-92.3188024673814,-1.8096015119683457,82.2312067339652,120.49885469586937,38.267647961904174,0.16917729922555086,5.054268744121318,133.33333333333334,128.27906458921203,0.6234557628631592,3.596147478634481,22.531117742322774,18.934970263688292,0.16394248604774475,162.7429542716629,152.56466696953765,-10.178287302125256,-2.282361065899884,43.06360269200424,87.67667280534948,44.613070113345245,0.9734084789569561
exemplar,exemplar,exemplar/archive_1/247d9155-f7f3-4ed7-92d8-cb8bf564eaeb.pt,112.22152330732477,132.35372780431146,20.132204496986688,1.355128628973284,183.66515834472474,180.9903342780411,-2.674824066683641,-3.230257034301758,16.137239481593852,150.0,133.86276051840616,0.6193414926528931,125.62744853966231,156.77366076337705,31.14621222371474,1.9376444816589355,186.99956400606254,148.75400552740112,-38.24555847866142,-22.484320958455402,182.3335351917373,147.52671577329681,-34.80681941844048,-11.26413106918335
exemplar,exemplar,exemplar/archive_1/250eb325-6f3c-4c11-9d82-2353ec7b3655.pt,35.02440439005679,34.253158480262414,-0.7712459097943736,-0.13213559122696975,21.171550708490653,67.13075527541646,45.959204566925806,0.3111195042586372,166.66666666666666,40.73822080404255,-125.9284458626241,-0.5230928659439087,59.479771110009246,3.381738984503254,-56.098032125505995,-0.6768051783243815,41.47289286246968,76.78072270023756,35.30782983776788,0.21127655591490702,81.7711348814114,127.09647043279818,45.325335551386786,0.1966150497808689
exemplar,exemplar,exemplar/archive_1/275c93ce-d31a-4833-97ca-00657c0684ec.pt,69.12354367335688,47.821479782803294,-21.302063890553583,-0.12775278141361257,55.149732856415866,39.155388628842,-15.994344227573869,-0.10483793705800482,0.0,0.0,0.0,0.0,0.0,0.0,0.0,0.0,159.07378037175664,155.84549768453,-3.2282826872266526,-0.7108257092927631,104.17692674224175,144.8439396509666,40.66701290872486,2.308342218399048
exemplar,exemplar,exemplar/archive_1/2b1ebd37-082b-44ce-80f1-5789f44e794d.pt,36.74023587278092,30.33275703907474,-6.4074788337061825,0.04717085153543918,123.14785940745644,24.87291602817616,-98.27494337928027,-0.4780955861528116,123.2311409686251,149.42949670008838,26.19835573146328,0.09275966369887165,3.697428398046552,57.397975714806286,53.70054731675973,0.6394488016764323,106.9121925300609,133.01979092406015,26.10759839399924,1.6544695598323171,48.49625187243832,110.60914789597199,62.112896023533665,1.375899076461792
exemplar,exemplar,exemplar/archive_1/2db30ca7-c3d9-421a-bd5f-13c2711d4758.pt,66.05572086579387,75.27768292304349,9.221962057249613,0.22080369409820397,11.95343926340183,69.65170476620858,57.69826550280675,0.9414896250891958,76.61509679533256,60.975659422883645,-15.639437372448917,-0.7100478808085123,30.0811463740774,114.03012720241351,83.94898082833612,1.9156065781911213,126.16094606287857,136.40252583316303,10.24157977028446,0.8622266192768895,1.6007884259349605,140.81699253811962,139.21620411218467,3.9523466428120932
exemplar,exemplar,exemplar/archive_1/30e2c5f7-5a29-4903-8934-750ea19679e8.pt,67.61262895941108,84.47672780545918,16.864098846048094,0.4410040848611936,76.03053359052598,21.20244395892604,-54.82808963159994,-0.9888525849643801,0.0,0.0,0.0,0.0,113.74400638585357,164.30992532516544,50.56591893931187,3.285119414329529,183.51335609465045,163.1066569066982,-20.406699187952256,-13.161922161395733,137.78746770600748,60.087493109352074,-77.69997459665541,-3.273089567820231
exemplar,exemplar,exemplar/archive_1/317b26f4-5f81-4d40-a851-b24c3c44654c.pt,38.26184539314811,86.48734233125246,48.22549693810436,1.0501898527145386,26.770944162966135,77.79819398606074,51.02724982309461,0.9358339870677275,65.1279650900444,85.55583353809948,20.42786844805508,0.48526493708292645,9.162466008043983,0.0,-9.162466008043983,-0.048011865466833115,83.99757839515246,78.14219724667721,-5.855381148475246,-0.029622318180462785,81.01540864429504,60.56329365921466,-20.452114985080378,0.2190709337592125
exemplar,exemplar,exemplar/archive_1/34c6a605-582c-4ac3-a672-21a86b84164d.pt,97.44223352205442,123.34065373996128,25.89842021790686,1.3175462805706522,74.18486024977506,111.16042171057073,36.975561460795674,1.3231124307964248,136.98593322687722,161.74806933862845,24.762136111751232,3.424332936604818,159.05677712531076,180.35857013261733,21.30179300730657,5.2977447509765625,137.08831252887032,113.0765155792336,-24.011796949636718,-1.7534628356529387,32.57021631727693,47.82838576344554,15.258169446168608,-0.003075948575647866
exemplar,exemplar,exemplar/archive_1/36213331-74e8-44ed-8da9-e209c6703607.pt,43.66197515096489,45.003598877750825,1.341623726785933,-0.1911748588317224,3.957422396113867,7.336341634731544,3.378919238617677,0.030392753936788027,150.0,67.41069295584443,-82.58930704415557,0.13973021507263184,19.376187376456095,49.8695491723916,30.493361795935506,0.39357686042785645,15.968368418288621,52.95757334154102,36.9892049232524,0.2707787705482706,53.23595740987024,39.217139787167476,-14.018817622702763,-0.09252131764481707
exemplar,exemplar,exemplar/archive_1/36b4d64d-8c42-4320-adc4-a82339843784.pt,66.37422031668753,53.521115604613506,-12.853104712074021,-0.5710034286766722,52.70983166040938,39.29697341242414,-13.412858247985241,-0.3871461785605848,133.33333333333334,133.33333333333334,0.0,0.0,157.3419925998705,97.82080099189956,-59.52119160797095,-2.7311059832572937,81.92344445337508,28.372850886361974,-53.55059356701311,-1.0559847020828335,25.51131229824104,57.58258480731364,32.0712725090726,0.5148956615072457
exemplar,exemplar,exemplar/archive_1/371d50bf-1f3d-4d55-9d2d-9421bc2a01e2.pt,97.38696084115345,94.62563554825431,-2.7613252928991443,-0.10214929698400772,91.6870669507309,113.27772998306246,21.590663032331562,0.9194008291559804,126.0760414629173,163.2722537621652,37.196212299247904,0.12557541334894723,111.93748846284149,168.18662204398987,56.249133581148385,6.692582448323567,153.67705411896227,183.36505031157094,29.687996192608665,15.23560818758878,107.8615994365774,196.4183410058966,88.5567415693192,89.4489959081014
exemplar,exemplar,exemplar/archive_1/37a7c317-89f4-4554-91c5-68afcaf539c1.pt,98.91684080588949,109.99802284460941,11.081182038719916,0.4871228329284452,40.9590817536432,125.75042016202596,84.79133840838276,0.43189999631316184,0.0,0.0,0.0,0.0,98.36030634852484,166.2731970555113,67.91289070698646,3.9622665643692017,190.4815161292242,152.7282782939629,-37.7532378352613,-33.16223580496652,7.764146067421172,66.85645848052779,59.09231241310662,0.4125063860857928
exemplar,exemplar,exemplar/archive_1/38f204fc-3e79-4077-93a0-3892a3ab85d2.pt,85.38283888874342,107.36025252966846,21.977413640925036,0.8279153508112354,157.39206456314125,173.23611694609323,15.844052382951986,5.557216810053981,105.7278669841417,133.73381943434285,28.00595245020115,0.1097690235789066,118.81945330471072,173.41347910159337,54.59402579688265,8.431607564290365,40.8122173396448,77.32529617433805,36.513078834693246,0.9208382024300679,101.52556228960655,195.39521694461234,93.86965465500579,69.00352573394775
exemplar,exemplar,exemplar/archive_1/3a3f2dca-5b03-44d4-9918-2282eb4440fb.pt,115.08301395735651,48.4825604521398,-66.6004535052167,-0.34024055912649454,83.33921122709322,35.177624306521416,-48.1615869205718,-0.1613924681190223,186.19043205549067,132.6461209439149,-53.54431111157578,-0.16643118858337402,152.1994848768035,188.58413341126987,36.38464853446638,13.335420608520508,188.2184217998764,180.20201493269178,-8.016406867184628,-13.419917515345983,190.76564831317663,196.2565625538359,5.490914240659265,52.94761657714844
exemplar,exemplar,exemplar/archive_1/4107d0be-42b6-4158-9f36-c8a56530d5de.pt,41.882267791156934,68.60066144430513,26.718393653148198,0.5143850010489778,72.1685098430775,105.32194176752955,33.15343192445205,1.09562854306842,65.5002190421999,22.599321892489616,-42.90089714971029,-0.6292997598648071,121.47089787731538,136.27622774710352,14.805329869788139,0.8875794410705566,141.3271754243087,136.134873500871,-5.192301923437697,-0.5469741821289062,62.28816355697091,123.20613450995809,60.91797095298718,1.9201111793518066
exemplar,exemplar,exemplar/archive_1/45c61271-60eb-4ff5-ba6f-246ba575185f.pt,35.951660449942466,86.7242573753436,50.77259692540113,1.0926552024307115,68.75512675781538,3.2550492879167026,-65.50007746989867,-0.4769283451446115,0.0,0.0,0.0,0.0,0.0,0.0,0.0,0.0,89.41156352746428,16.960594541062466,-72.45096898640182,-1.42263156552858,148.82341845036242,15.446778526041888,-133.37663992432053,-4.236508905887604
exemplar,exemplar,exemplar/archive_1/46c56634-0933-47cc-9e72-89614aaa7251.pt,102.30927494734425,33.84498415695155,-68.46429079039271,-1.8048178699185846,76.45050388100611,21.70418353822313,-54.74632034278298,-0.9939710478566086,133.33333333333334,100.72891035130709,-32.60442298202625,1.0244754155476887,41.46295275885496,54.47983991028226,13.016887151427298,0.18807538350423178,114.16811752825494,89.06931570136736,-25.09880182688758,-1.052820009173769,88.20970085001544,148.95680739851488,60.747106548499445,4.236422037340931
exemplar,exemplar,exemplar/archive_1/4705b427-e733-41ed-bda3-6cc20c46fb96.pt,134.3386782696342,99.13743621921097,-35.20124205042322,-2.1259656211804847,135.78440689277363,120.89833267542225,-14.886074217351378,-1.1721327830390813,26.03477139650694,148.7401905363972,122.70541913989025,0.6219175713000287,132.40774503182976,133.51113140190353,1.103386370073764,0.0736551284790039,169.68870954162395,184.6471592378215,14.958449696197562,12.643117268880209,119.57788081868615,189.64935156826476,70.07147074957861,28.0593048731486
exemplar,exemplar,exemplar/archive_1/4d39c459-d8e1-4de1-a8de-a7b376d0e510.pt,26.48616984521062,99.31544515290724,72.82927530769663,1.6674938759220521,18.652120257254108,93.67639723835364,75.02427698109953,1.5563489880813615,133.81841324264948,145.10331264598693,11.284899403337448,0.039173112672818367,90.60167114566197,34.63306893889752,-55.968602206764444,-0.19188949465751648,20.1258823990431,0.8224728999944629,-19.303409499048637,-0.1742918524943607,32.762186100222465,41.192363604646594,8.43017750442413,0.11638641357421875
exemplar,exemplar,exemplar/archive_1/4d551fc6-7a68-4f90-a6b9-4c483baed59e.pt,13.517815602699054,53.475331659353856,39.9575160566548,0.5848804012826585,16.166655073916715,9.212191099909152,-6.954463974007563,-0.08780891475453576,22.829210597078756,104.01071769530022,81.18150709822146,0.47749574055043303,158.89388864834203,0.0,-158.89388864834203,-3.8654565811157227,62.393925949071736,34.70249581628486,-27.691430132786877,-0.48637531559641767,61.83079414560864,113.30367071789573,51.472876572287085,1.7055828387920673
exemplar,exemplar,exemplar/archive_1/4d7af3a5-68b9-46b1-9875-78271f4a712b.pt,38.66578965763933,58.073773263829416,19.407983606190086,0.1260309970585781,70.07722658582789,65.07334898586456,-5.003877599963332,-0.027956638533166517,134.58346087367687,172.4133867149192,37.82992584124233,0.1209704081217448,71.81438748343854,63.258902100078885,-8.555485383359652,-0.16269906361897787,14.289975730027454,38.161912159133955,23.8719364291065,0.18706875526116146,93.8002821009264,120.10344515473781,26.303163053811417,0.11181846060403963
exemplar,exemplar,exemplar/archive_1/4fe50b78-f06b-4441-a458-1445bd2d983a.pt,61.08940905202763,30.84793256585859,-30.241476486169038,-0.6122512159676388,31.38332086330514,7.892421415599309,-23.490899447705832,-0.29630016867503334,166.66666666666666,68.10834582621786,-98.5583208404488,0.11339298884073894,2.1133207686623816,45.25091300772672,43.13759223906434,0.49303674697875977,41.95559341228376,89.08534224323368,47.12974883094992,0.26947266862945946,62.92017011155901,80.91301455850493,17.992844446945917,0.09739847322789634
exemplar,exemplar,exemplar/archive_1/52c0f586-1dea-422b-84cb-fcc178db7048.pt,58.85014606630458,43.18351301557434,-15.66663305073024,-0.4786849279126686,32.15886483022239,11.88829791613446,-20.27056691408793,-0.2709782474481396,166.66666666666666,72.09218498142735,-94.5744816852393,0.1999812126159668,2.716453577623413,50.10530873015346,47.38885515253005,0.5608763694763184,43.13245171395546,88.36991601372581,45.23746429977035,0.25803985816524966,62.997359044245236,79.18609708653894,16.1887380422937,0.08814869950457317
exemplar,exemplar,exemplar/archive_1/568fa7df-b876-4e31-bcb8-7dd7426d9616.pt,23.509775153100847,57.28055112310888,33.77077597000803,0.17883449787265257,3.6930180263076964,55.80415614403125,52.111138117723556,0.3986101068327732,166.66666666666666,66.7814189633413,-99.88524770332536,-0.3744085629781087,57.86967437910086,7.451925425102806,-50.41774895399805,-0.6187300284703573,26.440095061961493,74.69372995892351,48.25363489696202,0.31024831908385303,66.18165746900698,118.11136839570727,51.929710926700295,0.24519221608231706
exemplar,exemplar,exemplar/archive_1/6346baef-4016-4baa-95ca-4d01f340d884.pt,19.873140606768164,59.36719983281323,39.49405922604507,0.6235293527144233,47.93630027503942,42.57662459786534,-5.359675677174081,-0.0895344199934555,83.40956539336047,112.99321111853119,29.583645725170726,1.069318453470866,107.59863527304122,0.0,-107.59863527304122,-1.1644701957702637,156.74174906389558,140.7612148949254,-15.980534168970195,-2.4647620064871654,81.88881489539683,177.26784610312188,95.37903120772505,12.433383703231812
exemplar,exemplar,exemplar/archive_1/641d2098-53ea-4e20-b11b-636ecfc4de3b.pt,81.45724566907408,31.474862974645518,-49.982382694428566,-0.3068439381361718,2.7268255570386275,106.36724604706829,103.64042049002967,2.2436977939197966,0.0,0.0,0.0,0.0,150.65677089384005,185.20319647058665,34.5464255767466,9.463191747665405,187.3917492178003,181.47872836114647,-5.913020856653844,-9.87525634765625,191.07088175655767,196.78759427888266,5.716712522324997,66.43334706624348
exemplar,exemplar,exemplar/archive_1/64239147-5c4d-4f1c-b543-1bb26a6df2a6.pt,124.69489022551075,18.657994248129196,-106.03689597738155,-3.1041054867057754,108.02654829274049,43.45548719099899,-64.57106110174149,-1.9906228214590247,46.99256760256847,61.58810076199631,14.595533159427838,-0.11947802702585857,129.83477823232423,0.0,-129.83477823232423,-1.8504149913787842,152.99930800061355,144.0309496823656,-8.968358318247965,-1.336431884765625,80.02458259432755,143.45679607060853,63.43221347628098,2.80516517162323
exemplar,exemplar,exemplar/archive_1/67c490e4-5293-4931-a67a-efe1c2b8a712.pt,74.95107415256838,86.58134989401496,11.630275741446582,0.3280038239892101,8.966058211429075,17.671281648226895,8.70522343679782,0.0684967046495134,11.870188571395506,172.3824146846037,160.5122261132082,0.8106296968090442,75.95779071949191,97.23935093166332,21.281560212171414,0.6010486602783203,83.73923238598003,1.73038569320219,-82.00884669277784,-1.4207987402029743,154.18570407823117,104.47769437858545,-49.708009699645714,-4.316225814819336
exemplar,exemplar,exemplar/archive_1/6f78ee34-8249-459a-900a-d8aee5f203ad.pt,50.41532188015642,48.30920399380138,-2.1061178863550367,-0.03712713309132854,118.93107975793332,134.13071573752094,15.199635979587626,1.138503816746976,58.58130784360934,126.04744986367075,67.46614202006141,0.32001100138423566,96.48942963195603,148.5251827874011,52.035753155445065,3.255375385284424,170.98202122283246,190.18452436347604,19.202503140643586,26.602991052576012,147.52671577329681,198.1248306479095,50.59811487461269,154.2683548927307
exemplar,exemplar,exemplar/archive_1/733d4346-c1e0-45cc-841d-62a798bbe60a.pt,28.19575961486715,46.78943622679719,18.593676611930043,0.2825523118090893,22.290638161496613,35.96553804991893,13.67489988842232,0.23795581781130296,53.32435581321307,90.1208589904663,36.796503177253236,0.19960001627604165,30.41531131018599,108.90381924175033,78.48850793156433,1.8290339469909669,88.79072941571428,105.32800278092593,16.537273365211647,0.6278391021816463,117.09230953088408,129.89787114863887,12.80556161775479,0.8768668126578283
exemplar,exemplar,exemplar/archive_1/74923cb9-abeb-4329-bb34-2e0714e33867.pt,127.60045370864943,95.94120918224286,-31.659244526406567,-1.680804530506346,118.54648366894585,107.00169449274082,-11.544789176205029,-0.609490338688667,60.26384298818872,52.434638070234335,-7.829204917954385,-0.3725884755452474,99.21336131157311,104.85346741705642,5.640106105483312,0.1764463186264038,158.94015630815474,153.89078004901367,-5.04937625914107,-1.047067712854456,59.53865980123716,130.05983269470173,70.52117289346457,2.3928462664286294
exemplar,exemplar,exemplar/archive_1/7ad022f0-031e-4928-8967-2a10e6ead5a5.pt,22.125235017473322,17.684327435191964,-4.440907582281358,-0.036736449875589314,143.67478213768004,56.96050474429643,-86.71427739338361,-0.392523242888528,4.922846192500579,14.72794122055009,9.80509502804951,0.09495186805725098,23.19204593301274,74.57331152995613,51.38126559694339,0.6950792074203491,145.417516941448,101.81391373806746,-43.60360320338056,-3.1983500513537177,4.7850265980903925,17.444387599794116,12.659361001703722,0.08356952667236328
exemplar,exemplar,exemplar/archive_1/7ecb5102-3313-4c41-9586-c1ad1fd36c66.pt,100.40044955594442,7.11939917360945,-93.28105038233497,-1.9473267029668697,113.39933562853359,23.44638050950879,-89.95295511902481,-2.3532621430723397,127.92264651214454,130.06360789836503,2.1409613862204964,0.007911570046923043,0.0,0.0,0.0,0.0,65.21729700965777,95.63160929302455,30.414312283366783,0.15430942996517644,74.68056666730739,35.75738103307542,-38.92318563423197,-0.5673164129257202
exemplar,exemplar,exemplar/archive_1/7f402bb4-51cf-485d-bc52-6ee172ca14fa.pt,112.27513935621899,1.7698079842059853,-110.505331372013,-2.5419524359735415,93.2631177656756,0.6068679278861081,-92.65624983778949,-1.7413538649550266,72.97134089984316,90.91156549176657,17.94022459192341,0.48908445570203996,88.2197007532604,80.63638450420818,-7.583316249052217,-0.1894526481628418,144.47283489699197,137.1761945235379,-7.296640373454068,-0.8353965318674013,123.32633587670574,153.99237336383717,30.666037487131433,3.4593713504751933
exemplar,exemplar,exemplar/archive_1/8317cf35-eefa-4791-bcf7-f4065665fd13.pt,64.11178808996301,12.604301924107812,-51.5074861658552,-0.3668833749021909,36.22951948679406,134.56320103416087,98.33368154736681,3.6692482303747065,0.0,0.0,0.0,0.0,148.7938992731556,185.96616987921274,37.17227060605714,10.345492362976074,185.4261771654971,184.70764294762517,-0.7185342178719338,-1.257373046875,190.82750307477252,197.0192607351823,6.191757660409792,75.48855845133464
exemplar,exemplar,exemplar/archive_1/840fcf94-ccfc-43d8-b7c2-d33799fa8aa8.pt,7.662362763581059,25.393669349719925,17.731306586138867,0.14562926056502998,74.98161746315225,55.83279593694588,-19.14882152620637,-0.10886529198720866,166.66666666666666,24.42287010423593,-142.24379656243073,-0.6338204145431519,52.56086450299072,29.189246511614268,-23.37161799137645,-0.3093424638112386,25.274917315441066,51.27893137379964,26.00401405835857,0.18371980870644333,66.1053515362831,118.77947178471429,52.674120248431194,0.2482569550304878
exemplar,exemplar,exemplar/archive_1/84384e9c-dbd4-42f2-9768-d6071fed7642.pt,27.29802439543135,28.83695668727657,1.5389322918452173,0.020824157089068915,5.217486508933741,19.000052260069154,13.782565751135412,0.156370759794278,143.43324672781864,95.01637544690489,-48.41687128091375,-3.098114776611328,94.07905433037536,129.3708907918037,35.291836461428346,1.5724883079528809,77.32388865744456,88.48597518497304,11.162086527528487,0.32629911587822286,37.08276259366384,28.419298775187332,-8.663463818476504,-0.06397606009867654
exemplar,exemplar,exemplar/archive_1/85e17655-4ec7-4dde-bbe4-d48bacfaa343.pt,183.51094893328622,187.27955180976505,3.7686028764788375,7.089790962837838,192.60279291522377,192.60279291522377,0.0,0.0,0.0,0.0,0.0,0.0,115.10310788860954,161.70385235522042,46.60074446661088,2.866658568382263,173.41474155249247,163.27261058554285,-10.142130966949622,-4.006489345005581,146.20039963253714,92.63083846831098,-53.56956116422616,-2.782151222229004
exemplar,exemplar,exemplar/archive_1/86a7fb3e-bc83-41fa-894f-d57ab0a037c1.pt,126.59871574747665,129.3956659495023,2.7969502020256556,0.21586371227329365,114.50067456988708,144.86868653574146,30.36801196585438,2.5767324520758312,15.272238322071578,87.91450360999795,72.64226528792638,0.4679827201492795,185.8167879591702,188.9994413568995,3.182653397729297,4.079716682434082,173.23247321504977,183.00495131479096,9.772478099741193,8.388196672712054,92.57415419035188,146.29838307111754,53.724228880765665,3.104222138722738
exemplar,exemplar,exemplar/archive_1/8c5001d5-58f2-49e9-a6bb-2ae23830866f.pt,3.4836784739104893,8.845249316499004,5.361570842588515,0.0583039314516129,54.43489898093661,123.71068313098344,69.27578415004683,0.3364284487155107,117.51050603781707,157.3416299495171,39.83112391170005,0.13987955936165744,65.4768060335921,32.32029534690492,-33.15651068668718,-0.19967808042253768,153.40565216258398,40.15579100130857,-113.2498611612754,-6.071916287262692,5.778799722052927,60.0603908085198,54.281591086466875,0.7713564359224759
exemplar,exemplar,exemplar/archive_1/8d2bea12-85c5-4b4c-802c-3390a356a35e.pt,13.052751588567006,29.32932142679043,16.276569838223423,0.22115218452785326,5.032015044158765,41.96468900860902,36.93267396445026,0.47943072034567746,0.0,0.0,0.0,0.0,12.739685858798621,53.252167207630336,40.51248134883171,0.5159878134727478,2.421578490796562,90.37543776257813,87.95385927178157,1.6233167068221563,15.521850081717709,58.41248643735752,42.89063635563981,0.6545644825902478
exemplar,exemplar,exemplar/archive_1/8e75be00-7e3e-4f3d-8aa1-3e913ec040ec.pt,32.79203085282954,100.61950020080513,67.8274693479756,1.6326863530250957,20.480777496129416,55.855418139208375,35.37464064307896,0.5891982008890432,139.4596181906292,149.11864955750121,9.659031366872028,0.03259295663456729,49.03028976023748,85.46809346747598,36.4378037072385,0.9888361930847168,22.56672583622956,9.645653914401633,-12.921071921827926,-0.11058652790543301,18.62518903291414,4.176430740409379,-14.44875829250476,-0.12300090789794922
exemplar,exemplar,exemplar/archive_1/90c22023-a457-4031-8dcc-74aa8742c717.pt,161.08188262488363,169.56994603468834,8.48806340980471,2.8513289741847827,192.60279291522377,192.60279291522377,0.0,0.0,0.0,0.0,0.0,0.0,115.10310788860954,161.70385235522042,46.60074446661088,2.866658568382263,173.41474155249247,163.27261058554285,-10.142130966949622,-4.006489345005581,146.20039963253714,92.63083846831098,-53.56956116422616,-2.782151222229004
exemplar,exemplar,exemplar/archive_1/933de88a-1fe8-4497-b8cf-66fe9146b0e0.pt,69.1486865900777,47.84840141232872,-21.300285177748982,-0.1277163084078797,55.149732856415866,39.155388628842,-15.994344227573869,-0.10483793705800482,0.0,0.0,0.0,0.0,0.0,0.0,0.0,0.0,159.07378037175664,155.84549768453,-3.2282826872266526,-0.7108257092927631,104.17692674224175,144.8439396509666,40.66701290872486,2.308342218399048
exemplar,exemplar,exemplar/archive_1/93c8fe85-cd4d-4b53-a93f-688a737d92ef.pt,98.47395745636936,113.9077454524074,15.433787996038035,0.7061765831768598,5.138551731681612,109.37378378900132,104.2352320573197,0.6565417749276433,0.0,0.0,0.0,0.0,99.96179969726566,165.63054166322846,65.6687419659628,3.819883644580841,192.28099580700774,160.95130954911244,-31.329686257895304,-40.96511481789982,29.845769410226076,55.65263766851125,25.80686825828517,0.08264654332941229
exemplar,exemplar,exemplar/archive_1/93f027a8-36c7-4159-b997-fa581ea23d40.pt,7.786706416994601,6.666833262145063,-1.1198731548495378,-0.010431251006459231,6.482323240697359,25.015605891752948,18.53328265105559,0.2231266931824856,62.64445193350823,1.6978938399092218,-60.94655809359901,-0.8790433747427804,52.835905155861056,112.3209304662976,59.48502531043654,1.5366982618967693,102.52627806149329,131.23990036620404,28.713622304710753,1.7115621776627445,75.82986782781315,123.23461917027228,47.404751342459136,1.9797316331129808
exemplar,exemplar,exemplar/archive_1/94394a1c-cebb-41b5-97ba-053c2cbb4444.pt,9.497848305125991,97.3839449820195,87.88609667689352,0.5642244709071829,37.20993988658966,107.50148134080672,70.29154145421705,0.3854371027542373,104.68574749382536,183.17086773071796,78.4851202368926,0.2678650885589363,161.01344678335448,134.84711929879828,-26.166327484556206,-2.0602707862854004,12.486069781107023,26.83215254660086,14.346082765493836,0.11899583357093978,7.750613197427755,32.23710236411558,24.486489166687825,0.20222088717675024
exemplar,exemplar,exemplar/archive_1/9748b154-4100-4641-a2d4-c9e8328e837d.pt,44.394580087327654,33.39929410403286,-10.995285983294792,-0.16965090801171953,17.084410294240683,75.59966377753422,58.515253483293534,0.39121038438089994,74.49478609294216,140.49636344130033,66.00157734835817,0.2813721738120382,48.146748448932286,13.279400353054722,-34.86734809587756,-0.22123117446899415,24.862608526663067,64.64856842912975,39.785959902466686,0.2669900900377901,56.91285988064619,99.55614879891712,42.64328891827093,-0.1242678165435791
exemplar,exemplar,exemplar/archive_1/990eb8b7-92c6-40ca-b679-e3cbaa3024b6.pt,34.63953067387654,61.418403943008244,26.7788732691317,0.0509264719645804,34.296375971837435,96.11990890313012,61.82353293129269,0.35642893047051954,84.418155025757,60.89338402469188,-23.52477100106512,-0.5586561723188921,53.185588808230214,63.625250510868916,10.439661702638702,0.1824953556060791,23.692442663977335,17.704817811896127,-5.987624852081208,-0.0491721992744953,54.70147618564942,34.00258630352095,-20.69888988212847,-0.13884908536585366
exemplar,exemplar,exemplar/archive_1/9a9a9339-a608-467c-91a9-1a3f6a783e95.pt,60.40320195238669,21.418941885101578,-38.984260067285106,-0.2704486009853393,148.64880309762876,59.222344557365915,-89.42645854026284,-4.947184808626829,0.0,0.0,0.0,0.0,154.78408025556678,0.0,-154.78408025556678,-3.4232208728790283,63.87765474506423,106.8827333356756,43.00507859061137,1.3489503056169994,175.09197406839215,147.52671577329681,-27.565258295095333,-6.327115535736084
exemplar,exemplar,exemplar/archive_1/9bce92a8-b4b7-42eb-a5e4-15f5d4f3c872.pt,84.3271969352236,21.448865796328768,-62.87833113889483,-1.2177241426295489,43.75868715930606,8.004684628610846,-35.75400253069521,-0.47674276515641156,60.13360342940469,8.598865460264966,-51.53473796913972,-0.7630312177870009,20.47587007348623,42.265591813795126,21.789721740308895,0.28581019810267855,107.06943750333578,136.08355629513144,29.014118791795667,1.952211454994658,99.46082143879369,113.2864206574716,13.825599218677908,0.6323691421414014
exemplar,exemplar,exemplar/archive_1/9c3ee7e5-a98f-4ec9-9b34-0d1baaa3da26.pt,52.158369019193465,110.40882813129726,58.25045911210379,0.29767776517452604,102.27950950533267,126.07315290504103,23.79364339970836,0.09655923045154186,102.73140988038116,138.3703772244527,35.638967344071546,0.13864740684850893,3.777688727994674,24.582088962973025,20.804400234978353,0.22799277305603027,33.26505265717509,10.092187813542564,-23.172864843632524,-0.2926817379456615,47.05207210474378,38.14533769475596,-8.90673440998782,-0.2947718773818598
exemplar,exemplar,exemplar/archive_1/9c51cef1-e8be-4066-85b1-e69bbe003acc.pt,24.500528750334976,15.175575896467834,-9.324952853867142,-0.11499209869753058,108.06927293282536,80.93445370606916,-27.134819226756193,-1.7745803938726905,0.0,0.0,0.0,0.0,0.0,0.0,0.0,0.0,10.014530758235715,91.03513517925518,81.02060442101947,1.5560532535415097,51.57677629179858,36.76322852995218,-14.8135477618464,-0.2883356809616089
exemplar,exemplar,exemplar/archive_1/a2d0b7bd-e241-47cf-9b48-c8d5b31a4dfb.pt,7.501071927053551,11.081559536222434,3.580487609168883,0.03269846877426196,0.459821724714679,23.50971156964128,23.0498898449266,0.2618005566175989,60.53414051267948,7.647401328844427,-52.886739183835054,-0.7727996063232422,108.37524426400114,135.67064777293783,27.295403508936687,1.3892767429351807,89.64886025822952,133.40535917624896,43.756498918019446,2.37873437985852,51.091564171714815,122.42199869566312,71.3304345239483,2.4577790802600337
exemplar,exemplar,exemplar/archive_1/a7ab27fb-bd8e-4dfb-bc4f-fc37b71e548c.pt,10.967917174218426,43.470998031981594,32.503080857763166,0.4393147492666967,4.175007104528451,4.175007104528451,0.0,0.0,74.78519634819611,52.37613551972575,-22.40906082847036,-0.4243062734603882,126.41075202400724,0.0,-126.41075202400724,-1.7177883386611938,145.44886264650842,158.48908881925584,13.040226172747424,2.271458943684896,51.092824539884795,186.4765969871758,135.38377244729102,22.41009720166524
exemplar,exemplar,exemplar/archive_1/a7fcc3e0-563d-4404-9467-f86818191469.pt,57.219661806413,59.68122993009339,2.4615681236803866,0.0147403061633346,33.69413162609925,43.4816086192233,9.787476993124052,0.06879931302663256,0.0,0.0,0.0,0.0,0.0,0.0,0.0,0.0,171.8642619567819,150.47708515901118,-21.387176797770707,-6.107410952919408,126.02909805072406,164.14800177634316,38.118903725619106,4.3120856285095215
exemplar,exemplar,exemplar/archive_1/a84153c9-baad-493e-b043-331117736a38.pt,4.5209531738702875,7.809358008443348,3.2884048345730603,0.037055907689734276,29.611316741414125,106.35269716530749,76.74138042389336,0.43637023920306756,117.51050603781707,157.3416299495171,39.83112391170005,0.13987955936165744,77.93992833018231,46.07417712810281,-31.8657512020795,-0.17471832036972046,154.39359377504505,42.47465584714462,-111.91893792790043,-6.220529622964926,72.81719244467477,123.42418684219682,50.606994397522044,1.9052937825520833
exemplar,exemplar,exemplar/archive_1/ab107bcf-9e12-42e0-9b1a-bf08d137f970.pt,84.77795284565413,9.310257528020927,-75.4676953176332,-0.4977445843426738,17.60808807681561,28.75153282834515,11.143444751529543,0.08953631708704722,0.0,0.0,0.0,0.0,136.71683136348446,184.0648484028771,47.34801703939263,9.3904709815979,172.7910622211001,149.31733860314625,-23.47372361795385,-6.774418378117109,94.17945474495762,28.484747419876854,-65.69470732508077,-1.4116344451904297
exemplar,exemplar,exemplar/archive_1/af019597-795a-45fb-af20-0492e247f185.pt,103.2478828807608,34.05296306262349,-69.19491981813731,-0.3899361191281847,28.90185676039687,91.73709920152952,62.83524244113265,1.4419690591527818,184.07491012004607,126.04990971205282,-58.02500040799325,-0.18501392323920068,167.8850008020511,186.5481234067946,18.663122604743478,8.640194416046143,188.3284489690211,184.55356262399116,-3.7748863450299552,-8.11369514465332,193.6390498563668,197.18625778998128,3.5472079336144873,59.456809997558594
exemplar,exemplar,exemplar/archive_1/b19f2e4b-4590-4abd-a767-7530be27f889.pt,56.65161528440813,63.78837955433605,7.136764269927923,0.14619972326386385,22.700440357961213,71.9610588953153,49.26061853735409,0.867900969089174,75.59575644399308,52.650471901476195,-22.945284542516887,-0.7319943904876709,31.858143136477036,108.62497659147677,76.76683345499973,1.6655168533325195,133.78912066997418,146.48962783323913,12.700507163264945,1.4145062420819257,45.373737074590856,154.88021425288886,109.50647717829801,4.708805739879608
exemplar,exemplar,exemplar/archive_1/b43c3d48-b63e-4826-8f80-4f21daca2b4f.pt,9.56043655526556,68.57884357576069,59.018407020495125,0.9430841299203726,26.1636173997496,3.7153367611880173,-22.448280638561585,-0.19485784449755347,78.83958935023242,96.26033167395772,17.420742323725307,0.5081974665323893,140.1062424332468,186.66666666666666,46.560424233419866,0.1368996461232503,84.52138170033665,18.088067941030488,-66.43331375930616,-0.42785369419253894,58.859286109920255,190.4540651095468,131.59477899962656,34.18502688407898
exemplar,exemplar,exemplar/archive_1/b656d259-da97-4fd2-982a-eae002500fb2.pt,16.789992177802937,51.94077648592729,35.15078430812435,0.22899764400382971,30.167805950579442,43.26544156722757,13.097635616648127,0.09354989408843008,16.005808074715354,8.55344401952029,-7.452364055195064,-0.0740475058555603,66.51326670937678,51.38849913971728,-15.124767569659497,-0.2287280559539795,43.3791982005166,46.69987192496916,3.3206737244525613,0.05526654525969185,14.605110207328943,17.62696081244525,3.021850605116308,0.056973479514898256
exemplar,exemplar,exemplar/archive_1/b85933b6-f63c-4af0-aa76-bbf3f5b74598.pt,13.858132389874354,19.647890766209194,5.78975837633484,0.06898454159841766,8.03316160029723,33.71892954671319,25.68576794641596,0.32833248212461696,141.22982226022071,107.636893942114,-33.592928318106715,-2.3629195473410864,109.01965479864845,137.89274365587931,28.87308885723087,1.7032643953959148,35.3974111631086,52.96256132292454,17.565150159815943,0.290235355922154,62.872516203050914,42.33389943360515,-20.538616769445767,-0.12892741312235942
exemplar,exemplar,exemplar/archive_1/bb07fdf6-0145-43fa-b254-ae7790bd0390.pt,67.58106247718014,19.309773266748955,-48.271289210431185,-0.8445393366621247,50.788187902682765,29.103296877933484,-21.68489102474928,-0.15088182886884047,23.230282596529438,70.40180685225035,47.17152425572091,0.6863598028818766,23.19204593301274,21.01882080725041,-2.173225125762329,-0.054106712341308594,104.06622978715268,111.20243613274296,7.136206345590281,0.3283831787109375,87.71699380337674,8.374524354731953,-79.34246944864478,-1.1062663197517395
exemplar,exemplar,exemplar/archive_1/bfc05050-5933-4357-afc0-782c3c9871d3.pt,16.554762148548047,1.3490567640983058,-15.205705384449741,-0.1393090094026778,4.974230125188199,44.806078829822056,39.831848704633856,0.5288783813666729,65.8938641501828,19.342727404919312,-46.55113674526348,-0.7569298021721117,60.48043012289273,129.6913806069826,69.21095048408986,2.351851304372152,33.52760209368563,79.2221427164409,45.69454062275527,0.9085492676888464,67.70957941363459,122.13000423521504,54.420424821580454,2.1028583119216475
exemplar,exemplar,exemplar/archive_1/c50b7d06-2743-447e-8d30-7d44ffd86fa1.pt,48.97735759115593,36.61326672375637,-12.364090867399561,-0.3391040772121818,172.66776827219454,148.30738465158552,-24.360383620609014,-0.07502020208329117,0.4207575173958964,72.98343870810741,72.56268119071152,0.4420924186706543,21.86878547510495,10.776547741439709,-11.092237733665241,-0.10746002197265625,146.86301191132065,83.71907066368964,-63.14394124763102,-4.006012725830078,11.92874526240742,21.255558023150495,9.326812760743076,0.048961758613586426
exemplar,exemplar,exemplar/archive_1/c50bdf2e-0abe-43fc-8139-06cf5e73816b.pt,42.16000123198952,85.87752472589021,43.71752349390069,0.06656301776509572,25.584659735552766,66.57938046821987,40.994720732667105,0.2060520151241204,10.956648231344227,133.33333333333334,122.37668510198911,0.5801034768422445,152.38890158350483,99.43079654675086,-52.95810503675398,-2.2120208740234375,85.01901484053167,49.73012243375536,-35.288892406776306,-0.8157208066998106,38.276524561841825,90.95165280677469,52.675128244932864,1.1885816436452963
exemplar,exemplar,exemplar/archive_1/c547deb4-f314-4e7d-9e7b-88bda5d6f7ff.pt,27.79016451489476,104.45295885114295,76.6627943362482,1.863482476249746,174.68248281447322,196.68597942599925,22.00349661152603,104.08044242858887,85.8791105600651,105.70324478625153,19.82413422618643,0.09056997990262682,103.60118513223854,156.77366076337705,53.17247563113851,2.552094340324402,177.09518054828686,183.5850039592002,6.4898234109133455,6.674242146809896,4.7850265980903925,87.71699380337674,82.93196720528634,1.1350528001785278
exemplar,exemplar,exemplar/archive_1/c554422a-7e7f-40d8-88a4-8c54a0a92d59.pt,35.02440439005679,34.253158480262414,-0.7712459097943736,-0.13213559122696975,20.00135370392565,66.07919926599172,46.077845562066074,0.3148206102816217,166.66666666666666,40.73822080404255,-125.9284458626241,-0.5230928659439087,59.479771110009246,3.381738984503254,-56.098032125505995,-0.6768051783243815,41.47289286246968,76.78072270023756,35.30782983776788,0.21127655591490702,81.7711348814114,127.09647043279818,45.325335551386786,0.1966150497808689
exemplar,exemplar,exemplar/archive_1/c76f45c1-2e16-422b-b87f-0befcb5d1cc0.pt,31.15232979205575,49.42639803823517,18.27406824617942,0.28750468929296497,142.71765343024646,168.5479877429885,25.830334312742053,5.733033069483678,157.82849475448515,174.5628833999896,16.734388645504453,0.049930126832263305,26.47499441052645,100.81240904324729,74.33741463272084,1.2957144379615784,123.63784605303564,136.34726119820203,12.709415145166389,1.0278675473969558,1.1610267197961124,77.37420303759954,76.21317631780343,0.9377087354660034
exemplar,exemplar,exemplar/archive_1/cc933a28-ea40-4c6e-94eb-19bb770284e0.pt,21.823945734459677,70.08371892341215,48.25977318895247,0.2739974777195803,6.543636957039708,65.72592778239496,59.18229082535525,0.43131370905007926,89.8765760744236,41.164994222552764,-48.71158185187083,-1.0582539558410644,49.49868311921846,66.54475140431946,17.046068285100993,0.2970409393310547,2.811830592063224,4.122653672052375,1.3108230799891514,0.012663125905469032,29.913380167771734,15.379306170216923,-14.534073997554811,-0.11734571503429878
exemplar,exemplar,exemplar/archive_1/d2f9b92b-36b8-4913-bf89-d73b70e688b6.pt,154.6266415254954,156.05139137876964,1.4247498532742497,0.28388834635416665,164.92671714786962,150.90270129506493,-14.024015852804695,-2.4432034492492676,0.0,0.0,0.0,0.0,154.12098809928466,174.50782517792783,20.38683707864317,3.486253023147583,170.54613277670552,190.18624412995558,19.640111353250063,26.207892281668528,35.75738103307542,48.49625187243832,12.738870839362903,0.15358293056488037
exemplar,exemplar,exemplar/archive_1/d555c2bc-0669-45e4-91b5-39d9ebf234a6.pt,185.32912910139547,179.32156132295708,-6.007567778438386,-7.869655856838474,196.27144988493617,191.8611834665838,-4.410266418352364,-53.28868611653646,36.591755221750034,133.33333333333334,96.74157811158331,0.29345258076985675,134.84711929879828,126.02013468157186,-8.826984617226415,-0.36626482009887695,187.38715124888012,153.69323250362567,-33.69391874525445,-22.35453176498413,179.01170055420306,151.32993252903708,-27.68176802516598,-8.129725456237793
exemplar,exemplar,exemplar/archive_1/d624f608-06d4-4b6b-b0a4-1fd09b11f9a5.pt,79.81143113221316,15.489592830381483,-64.32183830183168,-0.40256293701346196,60.1699773436156,70.26337778988244,10.093400446266841,0.057415176942721635,0.0,0.0,0.0,0.0,136.71683136348446,184.0648484028771,47.34801703939263,9.3904709815979,173.2443608691738,150.21835374211454,-23.026007127059245,-6.879385092823775,102.38418798840276,38.99534939874896,-63.3888385896538,-1.5684827168782551
exemplar,exemplar,exemplar/archive_1/dcec6b57-a6cd-442a-b467-1dd0d8a02ccf.pt,35.63057200003486,62.14825614991407,26.51768414987921,0.46812160129285374,45.18546075856082,91.47101988055525,46.285559121994424,1.1018946480319871,35.72913852281028,66.48546230197181,30.756323779161526,0.19580025074016733,104.19568720884475,166.24087209363347,62.045184884788725,6.394558270772298,10.684681641654773,97.64173987099271,86.95705822933793,1.8047452069915377,93.55635162360298,197.0176350452846,103.46128342168163,114.06840443611145
exemplar,exemplar,exemplar/archive_1/dd09668d-3c30-4aad-9f96-919ce4bedbf0.pt,27.009339703284667,12.804281457789669,-14.205058245494998,-0.11761827829296882,30.80009359249974,2.4863865176093984,-28.31370707489034,-0.2423362018058519,51.137400333765996,12.909661804960516,-38.22773852880548,-0.5544572448730469,107.26525058050827,138.79414824576372,31.528897665255457,1.6664588451385498,120.37707627974976,150.38801640965355,30.010940129903787,3.0350715982255023,80.9079645603946,131.33304929342088,50.42508473302628,2.454139404296875
exemplar,exemplar,exemplar/archive_1/e0877d2d-c62b-4796-be5f-96c63aefb754.pt,135.82075924803797,99.24764975132867,-36.57310949670931,-2.2622963230697093,151.4617115972155,136.24594338927642,-15.215768207939078,-1.966574541892529,24.461535263907425,146.75042924887674,122.28889398496932,0.6277339683388764,132.8825771862428,126.64853513191318,-6.23404205432962,-0.379880428314209,174.2588174939079,187.47264669939764,13.21382920548973,16.06301025390625,147.52671577329681,192.41530934132766,44.88859356803084,33.83616495132446
exemplar,exemplar,exemplar/archive_1/e3f6f73c-985e-45e2-8dfd-c8eeaf9b40da.pt,173.71460052284382,170.94280439092154,-2.7717961319222866,-1.443180527797965,163.06329397674472,152.79386375758085,-10.269430219163866,-2.159539540608724,25.318523827779213,133.33333333333334,108.01480950555413,0.425098180770874,117.7574026085818,136.0432324951243,18.2858298865425,0.6952825784683228,185.1367915065875,144.820741816489,-40.31604969009851,-19.04852056503296,146.20039963253714,97.37492721361843,-48.82547241891871,-2.6529873609542847
exemplar,exemplar,exemplar/archive_1/e6a82969-b2e7-4bf3-ba16-00307a537ca0.pt,106.33622005693314,21.373176439099705,-84.96304361783343,-2.077336750746587,84.25633848347141,15.608522733283973,-68.64781575018743,-1.3110406259266276,69.68368133494127,95.30903722128407,25.625355886342803,0.7095750172932943,87.5289898893906,82.72825985936687,-4.800730030023729,-0.12132549285888672,143.68614006816122,136.83846099650148,-6.847679071659741,-0.7689263806371631,123.22005434744669,155.36887615838154,32.14882181093485,3.733318210877094
exemplar,exemplar,exemplar/archive_1/e78a5e99-9c04-4b9b-be44-a1b0d34a316b.pt,74.57743195502337,86.22807902781078,11.650647072787407,0.3265822905539448,7.613564698049595,18.874732842627246,11.26116814457765,0.09332032220083726,11.870188571395506,172.3824146846037,160.5122261132082,0.8106296968090442,75.95779071949191,97.23935093166332,21.281560212171414,0.6010486602783203,83.59304921090089,2.052937690185995,-81.54011152071489,-1.4131956038936493,154.18570407823117,104.47769437858545,-49.708009699645714,-4.316225814819336
exemplar,exemplar,exemplar/archive_1/e7919f10-29bd-4777-b4cc-29dbe353cd1c.pt,28.213633517254788,39.04426101445674,10.830627497201949,0.2378955735091711,32.00653346301122,150.90355016230205,118.89701669929083,5.7644094050480765,121.04041151695466,142.66678539841493,21.626373881460268,0.07861549858837237,4.328295222103011,55.29773885812109,50.969443636018084,0.6000470320383707,121.7005370515579,146.7649660579545,25.064429006396594,2.3688137170040244,48.49625187243832,104.17692674224175,55.680674869803426,1.150620937347412
exemplar,exemplar,exemplar/archive_1/e8403995-eed4-4ab2-bad9-4ab7a8a95220.pt,57.98994612889233,32.849876831030556,-25.14006929786177,-0.5345195597188719,4.198307284236953,32.784000740928256,28.585693456691303,0.23877736715682898,166.66666666666666,65.1279650900444,-101.53870157662226,0.05195967356363932,11.253874389486732,52.31853606055276,41.06466167106603,0.5156229734420776,54.17092744064276,85.42838192059605,31.257454479953296,0.1723117848285764,78.17220363251586,90.83305574771171,12.660852115195851,0.06256818073551829
exemplar,exemplar,exemplar/archive_1/e87f94ad-6357-4f1e-8148-702cc5865918.pt,102.07878510070208,123.970781909476,21.891996808773925,1.1754228026683018,183.66515834472474,180.9903342780411,-2.674824066683641,-3.230257034301758,16.137239481593852,150.0,133.86276051840616,0.6193414926528931,125.62744853966231,156.77366076337705,31.14621222371474,1.9376444816589355,186.99956400606254,148.75400552740112,-38.24555847866142,-22.484320958455402,182.3335351917373,147.52671577329681,-34.80681941844048,-11.26413106918335
exemplar,exemplar,exemplar/archive_1/e89c3f49-0a65-47bb-8ace-4c65db6d108b.pt,30.3134774223785,30.86103752486692,0.5475601024884185,0.007631160046564132,8.326149221726316,39.77149018550739,31.44534096378107,0.41649214019106284,0.0,0.0,0.0,0.0,54.73626928907374,9.719041869087247,-45.01722741998649,-0.3002943992614746,82.47925840484888,1.6464453200289357,-80.83281308481995,-0.5673226119174453,48.74521113625409,9.329062103027992,-39.4161490332261,-0.29396037128951424
exemplar,exemplar,exemplar/archive_1/e9e2bcad-ffaa-477a-93b0-5d0493070787.pt,14.759813542351543,81.18139105305686,66.42157751070532,0.41805827952524954,17.85518449267035,75.17567729679256,57.32049280412221,0.38245515450418993,89.50329364081709,39.34537430625117,-50.15791933456592,-1.0736940383911133,24.643793164911102,45.36874746539626,20.72495430048516,0.2751551628112793,3.501971772729311,2.565602590932941,-0.93636918179637,-0.009084359758851156,30.750078994066836,13.164204739210222,-17.585874254856613,-0.14294070360137195
exemplar,exemplar,exemplar/archive_1/f47f94f0-87d1-4681-9dcc-02c2cb74fd5a.pt,35.56132263337458,86.3965625944039,50.83523996102932,1.0882591823941103,68.75512675781538,3.2550492879167026,-65.50007746989867,-0.4769283451446115,0.0,0.0,0.0,0.0,0.0,0.0,0.0,0.0,89.41156352746428,16.960594541062466,-72.45096898640182,-1.42263156552858,148.82341845036242,15.446778526041888,-133.37663992432053,-4.236508905887604
exemplar,exemplar,exemplar/archive_1/f7965c2f-28df-4155-9306-bfef8953a6be.pt,1.0858422774542713,56.5509197630777,55.46507748562343,0.4298673321640983,59.71479210187478,57.64922031080376,-2.065571791071015,-0.012345196375706963,150.0,25.728483416044345,-124.27151658395566,-0.5505353808403015,38.58328731520155,10.595787962857429,-27.987499352344123,-0.3051439126332601,7.370451543678413,69.47017966132555,62.09972811764713,0.44443634044802355,53.53424911826866,105.39223196837224,51.85798285010358,0.2677744200171494
exemplar,exemplar,exemplar/archive_2/01525b57-2df4-49a4-8b44-6082bf153f1c.pt,119.1374684923276,42.424421919092225,-76.71304657323537,-0.3965958469363466,43.07956929528184,90.86632732856103,47.786758033279185,1.3105865478515626,187.29008348148355,124.06798593041565,-63.222097551067904,-0.20111542317404676,163.64245667295032,186.33277432327534,22.690317650325028,9.132626056671143,189.40950147273287,185.9720448449121,-3.4374566278207794,-8.965988159179688,194.1358797969892,197.88697427458243,3.7510944775932273,90.81793212890625
exemplar,exemplar,exemplar/archive_2/01f697c6-b10b-4565-8590-f81514e880c9.pt,35.44901738287074,84.83521581093387,49.38619842806313,1.042247001398451,23.895336742188327,40.3945490530242,16.499212310835873,0.23475974231280305,86.52290696743222,146.93833838571382,60.4154314182816,3.6790040334065757,153.52451079008154,186.66666666666666,33.14215587658512,0.09374783039093018,41.527533292692034,49.11798882711591,7.590455534423874,0.05041413147653346,79.45648578758748,182.73879155135728,103.2823057637698,17.373164176940918
exemplar,exemplar,exemplar/archive_2/0551c9ea-59f7-4e4a-87c0-37df99b26573.pt,5.376074590022649,52.98588077185025,47.6098061818276,0.363629735754002,58.397621292913904,63.77488897695678,5.377267684042877,0.03155680493342333,136.85277466509038,176.97863100456664,40.12585633947626,0.12590438635774362,60.486767860122846,13.446444744912597,-47.04032311521025,-0.319618648952908,31.26117826480717,63.15512770021765,31.893949435410477,0.10943768247188582,14.704550358154648,95.92569933225288,81.22114897409823,0.48935588557545734
exemplar,exemplar,exemplar/archive_2/05f0ccd2-98cf-4535-93c2-1d3e77a9b07c.pt,15.571947027244798,5.061538517300496,-10.510408509944302,-0.09510303965732213,74.99262561519807,11.815987323364725,-63.17663829183334,-0.4338373402132744,0.0,0.0,0.0,0.0,14.066824508666818,0.7355243235641906,-13.331300185102627,-0.11518205915178571,53.24411699288021,66.4969409850474,13.252823992167194,0.5753394727869335,76.0667230706588,59.35225369476967,-16.714469375889124,0.2918994772023168
exemplar,exemplar,exemplar/archive_2/0755003d-fac1-4914-9051-bc9a85e03624.pt,141.89329649114362,122.59821339936983,-19.29508309177379,-1.7159578882794457,129.58551493250383,106.47241216225817,-23.11310277024566,-1.403747271825397,149.85161303091797,82.91943688077488,-66.93217615014309,-4.2341718673706055,142.33669319267597,135.06002718796546,-7.276666004710506,-0.5829644203186035,161.0995082469616,168.95934954993893,7.859841302977344,2.6007160716828017,92.33163227254427,119.08905050517329,26.75741823262902,1.2271428390033983
exemplar,exemplar,exemplar/archive_2/085e0d62-34ae-4f6e-8eaf-6c9695beccbf.pt,118.99828288090139,91.93980113574473,-27.058481745156655,-1.2356654090137535,163.80650215665986,126.64810525182772,-37.158396904832145,-5.565218970889137,12.677104619540469,150.0,137.32289538045953,0.6315684914588928,133.8040992715033,138.20661303377645,4.402513762273145,0.2152571678161621,181.71122590317134,132.6463864900605,-49.06483941311083,-15.637487905996817,185.72685795117238,158.19114412928852,-27.53571382188386,-13.842984199523926
exemplar,exemplar,exemplar/archive_2/08899062-2fac-4cd8-8c35-4678076c0341.pt,120.58588613553654,89.09961818812913,-31.486267947407413,-1.4299758231096644,114.21432429372582,79.44384124260573,-34.770483051120095,-1.3447309052682541,128.56397814399307,32.844999858874,-95.71897828511908,-3.0282925499810114,107.47258075653001,107.86032426685178,0.38774351032176924,0.013644218444824219,142.95576795702857,165.98334810420397,23.0275801471754,4.738244982733243,118.1502624300471,152.56259822129616,34.41233579124905,3.524307071461397
exemplar,exemplar,exemplar/archive_2/118ec27f-9c9b-4bde-83fa-26ff090691b8.pt,5.192480016900366,24.801752069882905,19.60927205298254,0.17003982091051104,47.616574390704976,78.07553883826549,30.45896444756051,0.1769152149650621,15.750484821680852,150.0,134.24951517831914,0.6004020571708679,21.86878547510495,79.9987983583286,58.13001288322365,0.8158231973648071,181.45259460770896,164.50361506138677,-16.948979546322192,-10.224051339285714,3.685204775888978,49.58258482263055,45.897380046741574,0.6149648583453634
exemplar,exemplar,exemplar/archive_2/121c5201-0714-4c8a-b636-a8f195ba5a03.pt,31.413895001863523,37.838398097939,6.424503096075476,-0.05448648547209904,20.69789313301267,20.138889505136994,-0.5590036278756756,-0.004602191864164832,96.43592223133494,24.221640697036747,-72.2142815342982,-0.34378931919733685,3.319102947430594,60.53920930636419,57.2201063589336,0.7301337122917175,39.523267667304694,83.46134177231869,43.938074105013996,0.2588117278500956,65.11152043447224,88.91817254359954,23.8066521091273,0.12426332055068598
exemplar,exemplar,exemplar/archive_2/18aa6349-af5a-4ca3-83cd-47dc55381cf4.pt,24.58259361135745,36.94987838596345,12.367284774606002,0.09296012285637414,61.19847666252529,28.051619054648018,-33.146857607877266,-0.22258387154332737,73.497072862697,0.626101724948097,-72.8709711377489,-1.0731513840811593,31.266830356284398,68.91925855305476,37.65242819677036,0.5674562454223633,84.07923499801466,5.344741550573919,-78.73449344744074,-0.5398448479280614,50.03190306060157,3.3352101588269156,-46.696692901774654,-0.3672574763125241
exemplar,exemplar,exemplar/archive_2/1c92271f-850d-4e3c-968f-1dead1ccdaa5.pt,106.06121294280811,31.451818910237897,-74.60939403257021,-1.9860127089169444,83.3473877446121,19.7659661898723,-63.581421554739805,-1.2094919156032482,133.33333333333334,133.33333333333334,0.0,0.0,90.43544747610764,96.0105644683225,5.575116992214859,0.1467965841293335,84.60800128600143,56.012835446227825,-28.5951658397736,-0.6877587843764995,39.52917867535965,132.99712787474095,93.46794919938131,3.468219974498057
exemplar,exemplar,exemplar/archive_2/1d7221e2-8d8e-4e81-b2e3-b52c9202ec83.pt,59.19979780440736,58.790312815084796,-0.4094849893225643,-0.00823800355450237,25.537658218438086,59.41836575475702,33.88070753631894,0.5525120488761169,77.34828140459334,51.87377918744123,-25.474502217152107,-0.743193507194519,100.70277955247361,133.90135942052999,33.19857986805637,1.5174386501312256,155.34520657339056,155.7406621237841,0.3954555503935353,0.07882320519649622,54.614914005212086,140.58849109387725,85.97357708866517,2.986041307449341
exemplar,exemplar,exemplar/archive_2/1fb9d731-44fe-4908-bcb5-265067f24c3e.pt,47.764117244481056,95.09726154172571,47.33314429724466,0.2589525483446866,0.26626848096268757,14.535531953703433,14.269263472740747,0.15408575323471368,100.73018805205263,167.58598805888624,66.85580000683362,0.2418944391846289,0.0,0.0,0.0,0.0,106.4355698898272,65.12750493055843,-41.308064959268776,-1.3025452295939128,36.3905742524266,72.94644199183487,36.55586773940827,0.5861930847167969
exemplar,exemplar,exemplar/archive_2/1feebb8f-df74-4410-90ca-979c51199bfe.pt,101.35974604971484,18.795690523498166,-82.56405552621668,-1.8831545323221903,66.70129541063567,25.40810654881366,-41.293188861822,-0.7752845241250174,86.0243049422552,60.845619197982515,-25.178685744272684,-0.5896566935947963,122.01129099456226,118.72104017125868,-3.2902508233035803,-0.15571856498718262,128.18210152868812,113.31726236192863,-14.864839166759495,-0.9541966883097409,99.60779520362007,140.12108037297122,40.51328516935115,2.688790276878238
exemplar,exemplar,exemplar/archive_2/205c6f44-b54e-4065-8e6d-b654978246be.pt,152.94909820023446,158.58972398702977,5.640625786795312,1.1564992268880208,157.59596953115008,145.6352510103299,-11.960718520820166,-2.071676917109929,0.0,0.0,0.0,0.0,160.75460229815022,181.95376868266982,21.1991663845196,5.986507415771484,176.1381911928769,183.52850296256153,7.390311769684644,7.323259855571546,112.67260952349226,150.0909736496902,37.41836412619794,2.5755884647369385
exemplar,exemplar,exemplar/archive_2/249c5897-9354-48ad-b5a5-0cac1690c152.pt,94.10715442794447,119.0446716112782,24.93751718333374,1.1630006623122455,117.33666910987947,101.51136512101762,-15.825303988861847,-0.7730541010012572,21.148136463253312,166.66666666666666,145.51853020341335,0.6580138206481934,137.21737141570702,166.2369093990388,29.019537983331787,2.7380337715148926,22.447131722924485,65.91049001633468,43.463358293410195,0.24265472469798557,175.73767396573857,169.30281005061767,-6.4348639151209,-2.5919675827026367
exemplar,exemplar,exemplar/archive_2/2ab1a76c-9907-4d18-bf5d-09fe5d1a4db6.pt,51.08138883267459,34.43960913523327,-16.641779697441322,-0.3921945569352887,167.531335164417,139.33819069390302,-28.19314447051397,-0.09035194385070325,0.4207575173958964,72.98343870810741,72.56268119071152,0.4420924186706543,21.86878547510495,10.776547741439709,-11.092237733665241,-0.10746002197265625,148.75400552740112,87.12593500645573,-61.628070520945386,-4.172929922739665,11.92874526240742,21.255558023150495,9.326812760743076,0.048961758613586426
exemplar,exemplar,exemplar/archive_2/2fa8fb20-8946-461e-9867-f56d2b13bcff.pt,33.41223641743466,96.00888082237067,62.59664440493601,0.3623694015835785,66.6388898991315,96.6472575319623,30.008367632830797,0.15174314751059323,94.22889381461245,178.94588585220487,84.71699203759242,0.3027480960816376,152.7029292232143,145.72341822697834,-6.979510996235973,-0.5437612533569336,7.4818802436501555,1.9888851836208632,-5.492995060029292,-0.05760783174612226,17.62696081244525,28.201720121366137,10.574759308920886,0.053649429203003876
exemplar,exemplar,exemplar/archive_2/359b58b7-0326-4a93-956a-4b2eaa583f53.pt,69.62100442509835,4.467020320877767,-65.15398410422058,-0.4726906976724557,26.206780569178616,136.34073164537762,110.133951076199,3.980658818217157,0.0,0.0,0.0,0.0,144.70835043770043,186.11397540650097,41.40562496880054,10.785787582397461,186.50832680167164,184.41053332871505,-2.097793472956596,-3.8945762997581843,192.40337855843862,197.1963952186081,4.793016660169485,75.01539611816406
exemplar,exemplar,exemplar/archive_2/3748ff96-bb56-46fe-8e84-6d00af316083.pt,172.69871507681884,170.81500009185976,-1.8837149849590844,-0.941960334777832,119.28644035455949,64.70449351298856,-54.581946841570925,-1.9715372721354167,20.604212886390474,133.33333333333334,112.72912044694287,0.47524436314900714,126.41075202400724,148.6581832728391,22.24743124883186,1.1776717901229858,189.18669396141425,151.98238360397357,-37.204310357440676,-27.865041944715713,174.09252371262022,146.20039963253714,-27.89212408008308,-6.003419399261475
exemplar,exemplar,exemplar/archive_2/375a3000-6499-4100-b3f4-ed7ccfa6efa9.pt,19.080934075355255,27.486658991472975,8.40572491611772,0.06746283787689604,89.64750263876063,36.18964936458819,-53.457853274172436,-0.31248038511291804,1.7955917938602133,73.6041879881538,71.80859619429359,1.003225326538086,23.240599114150164,64.30251078238028,41.06191166823012,0.5546415150165558,177.19826907643773,169.82541341798847,-7.372855658449254,-4.236498455668604,0.07732327889016861,53.62713995291058,53.54981667402041,0.7038212556105393
exemplar,exemplar,exemplar/archive_2/3c4f0518-cd12-4c04-a710-7ac6af24b36b.pt,54.13830693626456,11.020518336259101,-43.11778860000546,-0.6378585496607108,2.4273906773880456,46.736553714731855,44.30916303734381,0.3548487317587662,45.79098050644019,9.079035550402276,-36.71194495603792,-0.49911171197891235,33.00608024610254,47.27769565253947,14.27161540643693,0.2051830291748047,0.3548828209912427,53.363266509028776,53.00838368803753,0.7239414663875804,36.88628793971267,103.34305689392544,66.45676895421276,1.6808340890066964
exemplar,exemplar,exemplar/archive_2/3c5398da-d7cf-47aa-97b4-bd7c74fcb34c.pt,5.908381347863523,57.06560824914264,51.15722690127912,0.38302886690599264,56.58512162587262,57.62308894588242,1.0379673200098054,0.0062798443150994575,150.0,40.68744000900934,-109.31255999099065,-0.4541681110858917,38.148984599336636,9.348457623083947,-28.80052697625269,-0.3111167748769124,8.182872793055887,68.40303432508112,60.22016153202524,0.43100963464986225,54.20954565824133,102.13494051654818,47.92539485830685,0.24947152486661586
exemplar,exemplar,exemplar/archive_2/4090a3d7-2624-4487-bc49-3a11e7cb7c9c.pt,37.646816334914725,20.53510558179108,-17.111710753123646,-0.23491152944978588,11.39758279759355,109.20170272049671,97.80411992290317,0.5854686893125324,118.1177457183182,155.87880627425233,37.76106055593412,0.13290079249892123,6.28407131175843,21.090000762111025,14.805929450352595,0.15735116004943847,124.05306402862773,43.4357230768625,-80.61734095176523,-2.707682935497429,3.204383493320382,16.97534474147689,13.770961248156507,0.1514895457141804
exemplar,exemplar,exemplar/archive_2/431255d8-05e7-48b2-8e7e-f16b51ca6522.pt,29.77251760787539,42.03127202905654,12.258754421181148,0.08817225570854784,61.24560198296888,28.137185962409294,-33.10841602055959,-0.22220225843978614,73.497072862697,0.626101724948097,-72.8709711377489,-1.0731513840811593,2.1217876217329263,37.7542545804797,35.632466958746775,0.38885068893432617,84.0278291773965,5.344741550573919,-78.68308762682258,-0.5395900247597615,50.03190306060157,3.3352101588269156,-46.696692901774654,-0.3672574763125241
exemplar,exemplar,exemplar/archive_2/49637ef4-da70-4343-b00b-3e757a368528.pt,83.20631157265429,79.08478077772658,-4.121530794927708,-0.1167317445498587,82.14476050389634,126.521276051537,44.376515547640665,2.0494534447079613,35.55358634042956,19.06388216175127,-16.48970417867829,-0.25791531517392113,171.43468920415756,185.58973167235362,14.155042468196058,6.877492904663086,170.26165066149184,185.24351306639002,14.98186240489818,13.254427741555606,114.6963901060408,150.0909736496902,35.394583543649404,2.494086742401123
exemplar,exemplar,exemplar/archive_2/49a75271-725b-4791-bf1f-7d5927b40ac3.pt,127.00403086361425,51.842603033266066,-75.16142783034817,-0.3650424062584585,85.29422846128303,44.826136640029596,-40.46809182125343,-0.02018256554236779,189.45025857101646,136.4376546521535,-53.012603918862965,-0.16156163607558158,148.7938992731556,188.27791916788536,39.484019894729755,13.15603256225586,189.20466561886303,180.75904009165853,-8.445625527204498,-15.876820882161459,191.36619924178905,196.4906493712342,5.124450129445165,56.37638600667318
exemplar,exemplar,exemplar/archive_2/4ae47494-a6f6-48d1-87e7-ebfcc0ae914c.pt,101.3537997440333,130.1364227255853,28.78262298155201,1.670412232683186,74.3998078181968,109.31865733155627,34.91884951335946,1.2262328579150321,137.23778398218437,166.3288795198156,29.09109553763122,4.588629404703776,159.1109289618019,180.25431205341212,21.143383091610218,5.237511157989502,136.09084018550973,110.2424314675289,-25.84840871798083,-1.799527863533266,30.059434609030223,57.41083547340914,27.35140086437892,0.09214438493002947
exemplar,exemplar,exemplar/archive_2/51118e02-295c-4b79-937d-7dbad6a2c0d2.pt,17.875349149456063,18.32019747424031,0.4448483247842461,0.0037407693723302783,49.196020521686236,113.11251533638729,63.91649481470105,1.9500109370218788,52.3944413934127,38.82964724297246,-13.564794150440235,-0.2090724309285482,44.093058942338914,21.671241129648237,-22.421817812690676,-0.09852711359659831,90.1687404111582,111.10091307069658,20.93217265953838,0.8445404515121923,57.6104724648379,18.92799239846251,-38.68248006637539,-0.45009708404541016
exemplar,exemplar,exemplar/archive_2/581844f6-d44a-43db-be68-0b45f3b7344d.pt,30.908475383780612,53.188086788387466,22.279611404606854,0.3586208879455062,56.020020871413,36.783495716562165,-19.23652515485084,-0.3269972257335875,0.0,0.0,0.0,0.0,144.70835043770043,170.6296226194055,25.921272181705064,3.192399501800537,189.5120855793861,181.11338489523337,-8.398700684152743,-16.430112838745117,192.71687686753248,193.89246579640434,1.1755889288718606,7.928539276123047
exemplar,exemplar,exemplar/archive_2/5983ca74-e282-412a-b2f0-489327a9ccea.pt,97.73121823456718,61.71441404827332,-36.01680418629386,-1.0184018871900378,26.75689413717388,149.94573159972958,123.18883746255571,0.6205817042813915,66.97166728545312,119.82997320150237,52.85830591604925,0.24647541399355288,132.38738142403793,0.0,-132.38738142403793,-1.958027720451355,15.46926981027965,28.323536118644085,12.854266308364435,0.10432039943568382,40.69995915216801,82.63180089483268,41.931841742664666,0.8024236261844635
exemplar,exemplar,exemplar/archive_2/5b16206e-bc49-4eb0-8532-21e989df898d.pt,77.84972984611562,97.04234948406085,19.192619637945228,0.610428433247354,32.732451953616255,30.80535700948661,-1.9270949441296459,-0.027236861175526223,30.06607513558055,145.09060131867508,115.02452618309454,0.5772688813911852,62.7125390164026,94.27132494145376,31.558785925051154,0.7827068328857422,39.22194174344585,18.23082691587402,-20.991114827571835,-0.32030749550969656,136.02084436023907,101.40723346227018,-34.61361089796888,-2.085196304321289
exemplar,exemplar,exemplar/archive_2/5f97c105-e8db-4856-99c8-6f244035d9f6.pt,28.884889847480434,16.714057821463758,-12.170832026016676,-0.0981448061168074,48.12555025816757,39.52265349926652,-8.602896758901053,-0.14116744516548366,50.93057759810586,77.62930067988873,26.698723081782866,0.5366559028625488,46.73915687505094,29.189246511614268,-17.54991036343667,-0.030901551246643066,0.1068234809604397,59.084087965249516,58.97726448428908,0.45461947836022265,33.462540039238135,68.78466150523126,35.32212146599312,0.619621992111206
exemplar,exemplar,exemplar/archive_2/6452b03d-2f7b-488d-90ed-e4c45432f442.pt,10.843704675128324,21.314031436580077,10.470326761451753,0.08975151400840096,38.735449891618835,14.843903938350666,-23.89154595326817,-0.18631795875606527,0.0,0.0,0.0,0.0,31.535624886649313,30.25076055322897,-1.284864333420341,-0.008951868329729353,71.49863976248086,52.85782290557352,-18.640816856907342,0.19164668703542173,60.23525991300074,76.32900308526094,16.093743172260197,0.768798617658944
exemplar,exemplar,exemplar/archive_2/64bda8fc-695e-49c2-8e02-09ed011f9f98.pt,126.34168187582583,129.1463015264638,2.80461965063796,0.21494121777639924,115.48637374236785,145.56487854360321,30.07850480123537,2.6149513985920034,15.272238322071578,87.91450360999795,72.64226528792638,0.4679827201492795,185.8167879591702,188.9994413568995,3.182653397729297,4.079716682434082,173.23247321504977,183.00495131479096,9.772478099741193,8.388196672712054,92.57415419035188,146.29838307111754,53.724228880765665,3.104222138722738
exemplar,exemplar,exemplar/archive_2/653010fa-d67d-4455-a52a-5586456f6387.pt,20.643937939459644,46.326205211931416,25.682267272471773,0.18900832778805376,58.99323681051466,33.36735587608626,-25.6258809344284,-0.43613713081046884,37.443155874557824,100.93295376693378,63.489797892375954,1.3798679113388062,13.130326172878824,57.51576206811605,44.38543589523722,0.5000991225242615,167.81388519633202,159.23071332712072,-8.583171869211299,-2.5859885992005816,85.40280426437644,73.66574070339334,-11.737063560983103,-0.31077130635579425
exemplar,exemplar,exemplar/archive_2/65f2dd57-ee52-4db0-87b2-6b1d5c5edfc4.pt,150.34525687282047,119.5477608006582,-30.797496072162275,-3.071195772992886,159.99389165891753,156.28268140756973,-3.711210251347808,-0.011445458730061848,96.61193724636757,50.8560134113183,-45.75592383504927,-0.9891221523284912,0.0,0.0,0.0,0.0,170.96266222218924,170.69195350757016,-0.27070871461907586,-0.12389012386924342,72.84829329304151,21.255558023150495,-51.59273526989101,-0.25638604164123535
exemplar,exemplar,exemplar/archive_2/6feffc6b-567e-4b36-bad3-e4c57ab9cec2.pt,45.73289712858121,62.36223009827045,16.629332969689244,0.31289621376129517,67.6815484595956,53.311067197465604,-14.37048126213,-0.2957144318077065,0.0,0.0,0.0,0.0,144.414860379958,171.58551624846524,27.170655868507254,3.440579891204834,187.5453713749897,178.49117704610978,-9.05419432887993,-13.163776598478618,192.61769574466527,194.17550538247613,1.5578096378108626,10.868896484375
exemplar,exemplar,exemplar/archive_2/71fc7a21-01aa-4f22-8f37-e9b5e3e23654.pt,67.13025339366119,67.13025339366119,0.0,0.0,183.9091474212808,176.80209632283857,-7.107051098442241,-7.4635888671875,20.58292828006043,57.84696057826773,37.264032298207304,0.5357243220011393,106.11939029030597,135.53332089383628,29.413930603530304,0.9720125198364258,164.8945139789175,143.2897760629922,-21.604737915925313,-4.263313838413784,144.8439396509666,143.45679607060853,-1.387143580358071,-0.13343477249145508
exemplar,exemplar,exemplar/archive_2/71ff4609-1463-4d28-9ef0-cef1641b5731.pt,14.947432847224611,18.955213702288482,4.007780855063871,0.04784972471499448,0.26915093130383566,38.47610226476568,38.206951333461845,0.4737134067712906,142.60541205146598,111.53654091385006,-31.068871137615915,-2.336400118741122,109.41298860526501,136.14429114095336,26.731302535688343,1.5403989156087239,38.24789803046454,57.189358470968706,18.941460440504166,0.3279177669153317,59.31957545344702,40.714558845677914,-18.60501660776911,-0.11918568935045039
exemplar,exemplar,exemplar/archive_2/720c1054-ed10-46fc-86fc-9d4dc4b5fc1d.pt,113.58861798900995,125.53320205482116,11.944584065811213,0.7424427801211977,114.97311722902403,129.85991253947083,14.8867953104468,0.9983854747953869,136.3525394922533,162.07045781708644,25.717918324833136,3.5510425567626953,162.7289296647064,178.90343220404625,16.17450253933984,4.1141228675842285,131.46659450790955,99.84482536441004,-31.621769143499506,-1.8396855485080477,25.868200745311462,59.606314179987706,33.738113434676244,0.1618114551464161
exemplar,exemplar,exemplar/archive_2/753db279-3897-4e89-a08d-a46c207dc829.pt,57.9396252413173,3.8215361303630466,-54.11808911095426,-0.410286349275755,0.7454692389518379,82.51474279860915,81.76927355965731,0.5766769245292185,0.0,0.0,0.0,0.0,152.89035052250406,0.0,-152.89035052250406,-3.2454147338867188,97.64413070567836,128.07341103644634,30.42928033076798,1.6444974858710106,163.97916061210034,113.87740579602062,-50.10175481607972,-5.383450826009114
exemplar,exemplar,exemplar/archive_2/7b0a48f6-26f7-4734-8ff2-b2389721cf8b.pt,3.7317947946173,13.132726720211828,9.400931925594527,0.10252843382673052,18.340309724609078,6.459366968622048,-11.88094275598703,-0.10124695604293336,144.39722971136482,96.64341325707197,-47.753816454292846,-3.1727079911665483,103.57916962624671,138.4663739439327,34.887204317685985,1.9600246747334797,79.28945102189734,87.53862681670444,8.249175794807101,0.24301052178579394,12.603315338555777,11.238357576488694,-1.3649577620670836,-0.012153740950596624
exemplar,exemplar,exemplar/archive_2/7eb90940-c8fc-46eb-b334-63c1540139b5.pt,177.96170319842912,165.4025275955847,-12.55917560284442,-6.5227978515625,12.826912771569663,49.61438184059038,36.787469069020716,0.19535164535045624,0.0,0.0,0.0,0.0,160.88423935618297,178.39481282321728,17.510573467034305,4.144007682800293,177.55312648223702,189.89498268099973,12.341856198762713,20.98714120047433,17.444387599794116,8.374524354731953,-9.069863245062162,-0.05478304624557495
exemplar,exemplar,exemplar/archive_2/88525790-1f2d-4b08-abd1-87d93fbfa721.pt,61.08940905202763,30.84793256585859,-30.241476486169038,-0.6122512159676388,31.38332086330514,7.892421415599309,-23.490899447705832,-0.29630016867503334,166.66666666666666,68.10834582621786,-98.5583208404488,0.11339298884073894,2.1133207686623816,45.25091300772672,43.13759223906434,0.49303674697875977,41.95559341228376,89.08534224323368,47.12974883094992,0.26947266862945946,62.958784660201786,80.91301455850493,17.95422989830314,0.09717517387576219
exemplar,exemplar,exemplar/archive_2/88562b99-cdec-44f1-a048-2808b2e91b5d.pt,7.5725651550857105,32.50859827185005,24.936033116764335,0.20089774706036548,74.98161746315225,58.94342034315263,-16.038197119999616,-0.0900853715726663,166.66666666666666,37.23732898993658,-129.42933767673009,-0.5455690224965414,52.00988053539608,27.697744922494458,-24.31213561290162,-0.31781776746114093,26.291553718790087,52.24356246006943,25.95200874127934,0.1818306441104934,67.01949713942332,117.43923070562226,50.41973356619894,0.2378181866901677
exemplar,exemplar,exemplar/archive_2/8858c4d4-cdcf-46ad-8093-195db8550140.pt,15.20616812272816,7.830512702933222,-7.3756554197949376,-0.06596115645247863,6.606644955159484,17.07762603960345,10.470981084443967,0.08900089459504368,30.796420789884404,166.66666666666666,135.87024587678226,0.49965182940165204,23.021356655330482,50.904369728088334,27.88301307275785,0.39699339866638184,101.14139710836945,0.04231728958679432,-101.09907981878266,-2.0439495255461835,31.594953061033173,22.152297801200078,-9.442655259833096,-0.02344187294564596
exemplar,exemplar,exemplar/archive_2/8fb92d64-ae75-49a3-83d4-b20cc8facacb.pt,25.810542720385527,68.49860732479478,42.68806460440925,0.21387657287912515,2.4506453946583764,71.2107618297779,68.76011643511951,0.500907762229936,74.72695517799222,67.75905968813804,-6.967895489854186,-0.15983123779296876,41.50572361039966,55.04366124147552,13.537937631075856,0.2062385082244873,9.735158308011453,20.41145684569635,10.676298537684897,0.09236270472088917,38.722721552073835,28.068868194480338,-10.653853357593498,-0.07823391053734756
exemplar,exemplar,exemplar/archive_2/8fc296f2-d676-4db0-8fca-4aad1c0f9562.pt,62.813089574043275,54.26263325813977,-8.550456315903503,-0.488873755600584,33.84982314889874,23.05347737375019,-10.796345775148552,-0.20074128880947062,150.0,112.21729067861718,-37.782709321382825,1.4871177673339844,29.877692676434634,47.772929219231486,17.89523654279685,0.2418534755706787,21.075399913935833,48.0467377360335,26.971337822097667,0.19670074242505226,57.644236493854926,44.37702461934945,-13.267211874505477,-0.0842455459222561
exemplar,exemplar,exemplar/archive_2/92338979-551d-417d-b540-907ba3e43cdf.pt,20.31002177447435,45.15745802909374,24.84743625461939,0.14233684237708305,27.270262009394845,69.47299579059147,42.20273378119663,0.275636582656941,45.79098050644019,9.079035550402276,-36.71194495603792,-0.49911171197891235,33.2802478261586,47.27769565253947,13.99744782638087,0.20157225926717123,0.3548828209912427,53.363266509028776,53.00838368803753,0.7239414663875804,36.88628793971267,103.34305689392544,66.45676895421276,1.6808340890066964
exemplar,exemplar,exemplar/archive_2/9313be69-b1d3-4511-8970-154a74b6e9a1.pt,79.15091052708028,33.501158795391994,-45.64975173168829,-1.0227249903036348,10.340073374818685,178.04126294059446,167.7011895657758,0.8407077397385688,0.0,0.0,0.0,0.0,0.0,0.0,0.0,0.0,1.083792209579022,51.90721517424142,50.8234229646624,0.6858613219442247,6.1869757226165225,22.371551185545492,16.18457546292897,0.14390870928764343
exemplar,exemplar,exemplar/archive_2/9484c0eb-623f-4785-b182-7fa5cc18e87e.pt,29.260616673719085,65.3758216003075,36.11520492658842,0.14994637555354268,2.3684277297544263,71.1389463206718,68.77051859091738,0.5013198139762912,74.72695517799222,67.75905968813804,-6.967895489854186,-0.15983123779296876,41.50572361039966,55.04366124147552,13.537937631075856,0.2062385082244873,9.735158308011453,20.41145684569635,10.676298537684897,0.09236270472088917,38.722721552073835,28.068868194480338,-10.653853357593498,-0.07823391053734756
exemplar,exemplar,exemplar/archive_2/9847d2cf-f15c-4505-8b8d-f64ac3998050.pt,48.330980674096004,69.99158136538315,21.66060069128715,0.4393932005633689,76.0556133179848,105.92373336481418,29.86812004682939,1.0245202895476944,65.66460955058236,23.10276280828924,-42.56184674229311,-0.6268693208694458,121.1995092955232,128.7523626460458,7.552853350522611,0.4035830497741699,147.68227455555896,146.30118840815933,-1.3810861473996283,-0.19365853974313446,99.6838980289219,136.04329100968644,36.35939298076454,1.700126051902771
exemplar,exemplar,exemplar/archive_2/991f13af-b7f2-4986-8d9a-67446552fda3.pt,113.71477751328847,61.533059884252374,-52.18171762903609,-1.746834781617349,23.504083027410175,97.17307772035188,73.66899469294171,0.4435340570648331,24.797531336370458,133.33333333333334,108.53580199696289,0.4307726224263509,9.018979734856599,49.00833402906823,39.98935429421163,0.41602790355682373,169.29041217158746,152.62215180728106,-16.668260364306406,-4.554196958188657,36.487587950647644,21.016538979547875,-15.47104897109977,-0.07317733764648438
exemplar,exemplar,exemplar/archive_2/9bf554fc-02eb-4516-9e17-0417c78bcfc4.pt,121.50286495849835,90.78494060312265,-30.7179243553757,-1.432361224084443,156.15363959551263,106.71310642652665,-49.44053316898598,-4.816739878260103,12.006033103837645,166.66666666666666,154.66063356282902,0.7162494659423828,130.57376319581195,138.20661303377645,7.6328498379645,0.35583698749542236,175.60824779103203,145.36337955837715,-30.24486823265488,-8.940345070578836,183.47044000596082,176.05447810842946,-7.415961897531361,-5.6208648681640625
exemplar,exemplar,exemplar/archive_2/9e988320-f57a-4fd9-9af6-e0dd6526b45f.pt,37.62702462901474,42.890626592840384,5.263601963825643,-0.1102793735255018,14.39417171968914,70.07519398864345,55.68102226895431,0.38460665797978877,166.66666666666666,50.67666084138592,-115.99000582528075,-0.46270763874053955,60.080692294841256,1.8005638209325585,-58.2801284739087,-0.7005178133646647,43.41426892608858,78.08445215797582,34.670183231887236,0.2048414918264637,82.76774630866294,122.70282471777226,39.93507840910932,0.17497257883955794
exemplar,exemplar,exemplar/archive_2/a191dd12-d602-4bc6-aaf3-c8cb908fd702.pt,7.160339815624217,0.09873927166911307,-7.0616005439551035,-0.07327284654957977,23.22821317309554,99.28654333445822,76.05833016136268,0.4553647751969357,120.51434908830625,155.87880627425233,35.36445718594608,0.12353522278541743,48.44133055679607,4.953971226105028,-43.48735933069104,-0.30745768547058105,94.40742381166268,5.053142487799838,-89.35428132386285,-1.73350337859123,60.772871717316214,103.46178400197894,42.68891228466273,1.206911849975586
exemplar,exemplar,exemplar/archive_2/a1fe7c8f-9a29-4f21-ae4d-1839cca18741.pt,37.67607110814457,42.41205331939243,4.735982211247858,0.032879775688690605,26.768200682566857,5.265439153659798,-21.502761528907058,-0.18200509739369783,79.61563927602224,89.54960741286354,9.933968136841301,0.28735058124248797,176.73267952870503,0.0,-176.73267952870503,-7.595746994018555,73.81494931917118,21.490795741240934,-52.32415357793025,-0.3450470370147865,147.52325689034123,141.59542590982304,-5.927830980518195,-0.019970407892803157
exemplar,exemplar,exemplar/archive_2/aa61c13f-4b69-4075-914c-dd0ce3023d0a.pt,84.10152415143855,75.81234819167648,-8.289175959762076,-0.23030704173918448,7.995092206949664,87.42841917656257,79.4333269696129,0.5248583798232469,138.9098720319881,198.2608695652174,59.350997533229304,0.17512324789296027,144.70835043770043,167.99108638498728,23.282735947286852,2.6310768127441406,96.90395985372805,4.2256621659065905,-92.67829768782147,-1.835127945784684,171.9776318338823,165.95051758118882,-6.02711425269348,-1.895026683807373
exemplar,exemplar,exemplar/archive_2/aacf0ac9-db95-4fcc-8c4d-aecbc270036b.pt,92.65061683075794,22.343543639227857,-70.30707319153008,-1.474552541928721,52.50397954340593,0.38324266969566534,-52.120736873710264,-0.7080749069892386,45.49479284533201,2.063262499877743,-43.43153034545426,-0.5579600157561125,15.726686402576949,26.29162624294096,10.564939840364012,0.12259115491594587,93.92078559636609,120.82612126330994,26.905335666943856,1.280309119591346,79.63390770794092,111.3881788093083,31.75427110136738,1.1871770065023293
exemplar,exemplar,exemplar/archive_2/ab159ae2-584e-4dcd-a535-87f562c45533.pt,29.088448061112384,92.20369014221288,63.11524208110049,1.3701813479503953,22.46666749347071,140.58349591442868,118.11682842095797,4.528517040307971,97.41476609131806,120.04605385777498,22.63128776645692,0.09493674431647454,101.53806860050288,156.25569187549567,54.71762327499279,2.5407814979553223,168.6572302740732,176.9638829552473,8.306652681174086,4.492353893461681,11.92874526240742,97.37492721361843,85.44618195121102,1.3281221389770508
exemplar,exemplar,exemplar/archive_2/aec95022-1104-4ae4-a2f5-570b3651b52c.pt,4.368100463504392,100.28323350917192,95.91513304566753,0.6251305295551083,59.19928505234194,127.19962651820498,68.00034146586304,0.32070202342110443,105.35758801119776,184.54624681992982,79.18865880873206,0.26870707578437275,161.1422354213344,132.92216620591316,-28.220069215421233,-2.1653655767440796,14.890123906308254,29.20025757704474,14.310133670736487,0.11615731783002337,11.180877461127878,24.143735168208092,12.962857707080214,0.1091171382933624
exemplar,exemplar,exemplar/archive_2/af819660-64bf-4cba-9691-9f108cad6317.pt,101.35974604971484,18.795690523498166,-82.56405552621668,-1.8831545323221903,66.70129541063567,25.40810654881366,-41.293188861822,-0.7752845241250174,86.0243049422552,60.845619197982515,-25.178685744272684,-0.5896566935947963,122.01129099456226,118.72104017125868,-3.2902508233035803,-0.15571856498718262,128.18210152868812,113.31726236192863,-14.864839166759495,-0.9541966883097409,99.60779520362007,140.12108037297122,40.51328516935115,2.688790276878238
exemplar,exemplar,exemplar/archive_2/af92a7a9-9199-47a1-b0a9-5342e82f3648.pt,32.988186686813044,97.38692229895342,64.39873561214037,0.3717708527484659,78.13684020671106,117.20122541991059,39.06438521319953,0.17711014262669375,115.1163863884207,133.3414042407316,18.225017852310913,0.06914235584771455,23.352642111222597,16.519743177280482,-6.832898933942115,-0.05369081497192383,1.0291430082671555,11.446254261571184,10.417111253304029,0.09790470346596813,9.58644565240326,50.619841636298005,41.03339598389475,0.3031184498856707
exemplar,exemplar,exemplar/archive_2/b09aaa61-8f84-4cf9-a06d-599c34d35835.pt,38.24034596025056,59.716523463710374,21.476177503459816,0.3785616100604439,141.6890686908736,160.7122788420094,19.0232101511358,3.3212967063090417,35.30724239292916,62.812338489077135,27.505096096147973,0.17786779449476212,105.01301526308016,162.38458896564006,57.3715737025599,5.3523634274800616,8.386488687865869,102.54970115036845,94.16321246250259,2.022271431340707,117.71239943061265,197.2530814184555,79.54068198784286,117.29726060231526
exemplar,exemplar,exemplar/archive_2/b2a102d6-2db3-4141-a7c7-ed4324a7263b.pt,78.0208799873354,65.12239334386423,-12.898486643471173,-0.06999545212953392,122.02918598527044,44.48280695975759,-77.54637902551286,-0.39397867280335236,28.55138781909873,63.49839383137556,34.94700601227683,0.1475499239834872,93.96936523103452,87.98470148344231,-5.984663747592208,-0.026862835884094237,26.409802830472426,21.32867609784509,-5.081126732627336,0.005452251202288625,79.58005357439338,29.07718630022338,-50.50286727416999,-0.22825533110519935
exemplar,exemplar,exemplar/archive_2/b880a011-7afd-4691-9c3b-f599fcac6507.pt,2.585805177444175,60.90799427686946,58.32218909942529,0.44068559651621386,68.55963463235888,75.92556133303039,7.365926700671508,0.039760219991529594,136.6037232451321,177.62308684738625,41.019363602254145,0.12858339058336363,34.60057309090421,13.621024753703757,-20.979548337200455,-0.13818025588989258,30.722236602203065,64.10043932955564,33.37820272735257,0.122423459477697,11.29422427650632,95.92569933225288,84.63147505574656,0.5283495498285061
exemplar,exemplar,exemplar/archive_2/b9edb958-f6ba-439a-ba1f-5dc57457d87b.pt,91.40512111880781,8.094006183084634,-83.31111493572318,-1.5989114125093598,57.25960203704538,107.38351642676038,50.123914389715,0.25345403301665265,5.054268744121318,133.33333333333334,128.27906458921203,0.6234557628631592,1.4653129558889069,23.851528044084883,22.386215088195975,0.19219881296157837,166.6113517004148,158.1213605214821,-8.489991178932684,-2.402873587101064,45.73360835730456,83.12646340474961,37.39285504744505,0.7976782872126653
exemplar,exemplar,exemplar/archive_2/ba32d4dc-3186-4b4c-b1d4-340affbac563.pt,35.8769849883259,44.615145695557715,8.738160707231813,-0.07240734004946307,15.617949965261545,71.15248210200636,55.534532136744815,0.37990283554406473,166.66666666666666,50.67666084138592,-115.99000582528075,-0.46270763874053955,60.080692294841256,1.8005638209325585,-58.2801284739087,-0.7005178133646647,43.41426892608858,78.08445215797582,34.670183231887236,0.2048414918264637,82.76774630866294,122.70282471777226,39.93507840910932,0.17497257883955794
exemplar,exemplar,exemplar/archive_2/ba3d991d-2cd4-44eb-8a4a-4686a9a792e5.pt,14.627989875948053,25.134512686388586,10.506522810440533,0.1511543443000477,6.296846648503854,42.634175207411765,36.33732855890791,0.47680252347879437,0.0,0.0,0.0,0.0,13.925534286796033,60.28023873891473,46.354704452118696,0.6240469217300415,2.7995955997417896,87.42193333488161,84.62233773513982,1.5237702639685222,17.56782581357071,72.48870654217713,54.92088072860642,0.9411248568830819
exemplar,exemplar,exemplar/archive_2/bd8316b7-d3b7-49ff-9167-f583a6f7f78a.pt,86.05177236130618,14.16722694404572,-71.88454541726045,-1.3578408542471043,52.059427556889204,0.09391544737531213,-51.965512109513895,-0.7028270560956195,45.49479284533201,2.063262499877743,-43.43153034545426,-0.5579600157561125,15.726686402576949,26.29162624294096,10.564939840364012,0.12259115491594587,93.92078559636609,120.82612126330994,26.905335666943856,1.280309119591346,79.63390770794092,111.3881788093083,31.75427110136738,1.1871770065023293
exemplar,exemplar,exemplar/archive_2/c3443d82-ae16-48f6-a622-6ce65bee8aca.pt,114.30625087274825,89.1396230386083,-25.166627834139945,-1.059088671057793,184.46104244736662,169.869445212172,-14.591597235194627,-12.32453086159446,15.082104825063773,166.66666666666666,151.5845618416029,0.6838046709696451,132.38738142403793,145.1456862380188,12.758304813980885,0.6879936456680298,5.259499167924023,87.07369162474963,81.81419245682561,0.5548563003540039,182.56682620194283,175.09197406839215,-7.474852133550684,-5.164259910583496
exemplar,exemplar,exemplar/archive_2/c3a185b3-0e34-4a6a-9e0f-ff2533cfe862.pt,95.00896834285089,49.085987527152234,-45.92298081569866,-1.415495146394269,58.84079452548517,0.37686296887074916,-58.463931556614426,-0.8298124242279225,133.33333333333334,133.33333333333334,0.0,0.0,85.98151860123545,92.78614776776054,6.804629166525089,0.16699349880218506,91.89460976534153,45.0776034781792,-46.81700628716233,-1.1170841377813698,48.66191171988836,129.38770207727777,80.7257903573894,3.013818770492633
exemplar,exemplar,exemplar/archive_2/c4f9c274-e5de-425d-b846-794493bdb601.pt,17.19999032733897,7.3710718870479965,-9.828918440290973,-0.08728698579707392,99.18005159875108,74.49859179107138,-24.6814598076797,-0.7798467642075079,30.88584228848746,166.66666666666666,135.7808243781792,0.4985059897104899,21.714019054500007,50.349818516815155,28.63579946231515,0.3975217342376709,103.53344342663684,6.195459805636071,-97.33798362100076,-2.0806759794189897,23.84682892407753,68.2846757329696,44.437846808892076,0.750140905380249
exemplar,exemplar,exemplar/archive_2/c7058331-3595-4e04-a0e6-5f31ca0ee832.pt,71.08021594506565,36.07559845781525,-35.00461748725039,-0.7970172505531803,31.776813147216753,19.85475022061338,-11.922062926603374,-0.197165402616443,150.0,109.57556136207684,-40.42443863792316,1.3706350326538086,29.23332436657094,42.1554843418493,12.922159975278362,0.1677917242050171,22.234432877119506,49.85384841473888,27.61941553761937,0.1989273413726702,58.78108361655696,44.58055236268032,-14.20053125387664,-0.08970119569359757
exemplar,exemplar,exemplar/archive_2/c91f1953-c631-4fc6-ac39-e58cdf044715.pt,160.72291000690603,172.6620483638278,11.939138356921774,4.421457806755515,142.11413554817742,156.67764555008173,14.56351000190432,1.7422189712524414,0.0,0.0,0.0,0.0,124.83580079776875,172.5466581349732,47.710857337204445,4.62424635887146,185.90524234827748,169.34335387525715,-16.561888473020332,-14.741926926832933,108.50560607952251,69.16334923996351,-39.342256839559,-0.9859539270401001
exemplar,exemplar,exemplar/archive_2/cb4208e9-f4ec-4508-a127-e61713fa4427.pt,22.181932609579412,61.4959452873506,39.31401267777119,0.6382173770468174,159.5863436734707,141.83420650596366,-17.752137167507044,-0.05761163131050442,61.78487755634058,43.21902977915718,-18.5658477771834,-0.3141501744588216,7.131133782735314,0.0,-7.131133782735314,-0.03697400167584419,141.46000162118116,140.95778053818646,-0.5022210829947085,-0.057267132927389705,81.01540864429504,51.57677629179858,-29.438632352496455,0.08880414813756943
exemplar,exemplar,exemplar/archive_2/cbe41495-f713-4951-a5ab-bfc09d0b62ef.pt,15.614045867107947,32.87384224630022,17.259796379192274,0.22403439763948926,102.44926262890577,149.46418157440752,47.01491894550175,0.17792201586109524,50.382901344740844,137.1010437004034,86.71814235566256,0.4093724479971006,0.8657854282576112,31.532744102165534,30.666958673907924,0.32908782958984373,20.63296900947928,82.25262223991953,61.61965323044025,0.35219291587928675,24.392576721741722,126.09258478346128,101.70000806171956,0.5281474351882934
exemplar,exemplar,exemplar/archive_2/cdbce098-85d7-472c-ab93-3fd7760cf305.pt,128.71952133934298,80.33367053329097,-48.385850806052005,-2.2688935903512273,123.05177745482678,92.06937036585016,-30.982407088976615,-1.492111937552565,129.6463029817749,38.385753482632275,-91.26054949914263,-3.032165633307563,114.04315073574467,103.14586851468998,-10.897282221054695,-0.3926818370819092,120.8875481665721,151.62141235449283,30.73386418792073,3.2061865234375,91.68218544461337,142.7037221566283,51.02153671201492,3.2686098397496237
exemplar,exemplar,exemplar/archive_2/cdfa8f37-89f2-4dd4-a946-19c2e5ded11b.pt,81.48767428942836,42.77125118627272,-38.716423103155634,-0.8309156902582229,55.7654893421258,161.80179823385924,106.03630889173346,0.4581437282298567,71.7492464715157,123.25490995843369,51.50566348691798,0.23350302378336588,132.38738142403793,0.0,-132.38738142403793,-1.958027720451355,15.46926981027965,28.323536118644085,12.854266308364435,0.10432039943568382,40.69995915216801,82.63180089483268,41.931841742664666,0.8024236261844635
exemplar,exemplar,exemplar/archive_2/cf9ebcf6-3e99-4143-965c-4e208570a8ed.pt,177.54934197461105,175.97873627236407,-1.5706057022469793,-1.1593357966496394,146.89088958694705,105.44821079388598,-41.44267879306108,-3.2261518998579546,20.604212886390474,133.33333333333334,112.72912044694287,0.47524436314900714,126.41075202400724,148.6581832728391,22.24743124883186,1.1776717901229858,189.18669396141425,151.98238360397357,-37.204310357440676,-27.865041944715713,174.09252371262022,146.20039963253714,-27.89212408008308,-6.003419399261475
exemplar,exemplar,exemplar/archive_2/d421446f-6e66-43e0-9f09-f49746ab729a.pt,17.732863533440106,57.89293200848247,40.160068475042365,0.2543813934204974,40.851939111932964,70.35253195110123,29.500592839168263,0.18121869208196045,149.18387136210964,170.59875371462172,21.41488235251208,0.06593727141387704,65.6216514718958,33.20414090389947,-32.41751056799633,-0.1988673686981201,10.011867123568333,65.52534219802429,55.513475074455954,0.388090571689903,25.886866245154046,95.92569933225288,70.03883308709882,0.3507813095464939
exemplar,exemplar,exemplar/archive_2/d8b32d50-b3cf-432b-bb5b-b8f535ce714c.pt,50.011100286597525,26.27101265092197,-23.740087635675554,-0.3644083574259355,45.77111293550079,34.93688180097788,-10.83423113452291,-0.17022226599844648,0.0,0.0,0.0,0.0,11.913496428169642,30.0655104762156,18.152014048045956,0.21726980209350585,58.98298701810241,40.4911268025801,-18.491860215522316,-0.11875100890686721,4.198262171750223,56.87017495998242,52.6719127882322,0.39975617937427715
exemplar,exemplar,exemplar/archive_2/dcb74e34-ca5a-486e-86d9-d9a6040d1c0e.pt,96.79624690069932,108.03837886949046,11.242131968791142,0.47373113992697596,37.900543216525385,123.80689689652672,85.90635368000133,0.4458587414411537,0.0,0.0,0.0,0.0,98.36030634852484,166.2731970555113,67.91289070698646,3.9622665643692017,190.4815161292242,152.7282782939629,-37.7532378352613,-33.16223580496652,7.764146067421172,66.85645848052779,59.09231241310662,0.4125063860857928
exemplar,exemplar,exemplar/archive_2/dd00795c-3e46-41f8-b2ef-d07178c68303.pt,7.816968945903331,52.32968902775407,44.51272008185074,0.6273284641940573,23.32254651113252,44.156273964243184,20.833727453110665,0.15282526131932408,24.644608676747346,101.96654958111677,77.32194090436943,0.45417300675266475,158.62096657040377,0.0,-158.62096657040377,-3.8333656787872314,61.296368943756924,29.62508410657865,-31.671284837178273,-0.5354373058640813,61.20838908270059,124.17405480183342,62.96566571913283,2.374811260516827
exemplar,exemplar,exemplar/archive_2/dd6967a6-6467-4056-a70b-bf30ac5ce5a8.pt,27.150847196494407,5.115087652263013,-22.035759544231393,-0.18917654073288917,118.27820560219736,27.29631720392381,-90.98188839827355,-0.5029728616318023,41.713408613564305,53.62752742611429,11.914118812549987,0.1885514259338379,79.68588097434325,35.384338720409694,-44.301542253933555,-0.11660138765970866,47.8660423671101,27.978859511314084,-19.887182855796013,-0.38346087346311475,59.23953731830759,59.34379503478096,0.10425771647337001,0.36920664527199487
exemplar,exemplar,exemplar/archive_2/df404ea2-7749-44ca-9f48-4e40bcbbcccc.pt,40.35627727761789,97.04436380200033,56.68808652438244,0.31759143183317085,85.85893876979942,111.30495265001879,25.44601388021937,0.11437675328643468,102.73140988038116,134.37205914915583,31.640649268774666,0.12456452668602787,26.55193787139909,1.0681223026596816,-25.48381556873941,-0.21247878074645996,34.27865365450865,10.011867123568333,-24.26678653094032,-0.30824221117834255,47.69853444819349,41.10755958325388,-6.590974864939611,-0.28524140148628047
exemplar,exemplar,exemplar/archive_2/e1d7bcd5-74f3-4ba8-98fa-8fd7e8e53d4c.pt,129.4334869766929,109.46257046178927,-19.970916514903635,-1.250222492930721,100.19868246423603,133.97116469775187,33.772482233515845,2.049387196876857,0.0,0.0,0.0,0.0,166.77165239551576,185.74150494612215,18.96985255060639,8.007768630981445,168.36572770656156,176.52545499482412,8.159727288262559,4.28533935546875,51.092824539884795,107.8615994365774,56.7687748966926,1.3792150020599365
exemplar,exemplar,exemplar/archive_2/e206f89f-6722-4b7b-aa5e-1da854f3c74f.pt,32.98349225409269,9.76565511096857,-23.217837143124118,-0.18046708653490096,50.76391738053942,97.42747936338627,46.66356198284685,1.4925545382212444,43.62327892664757,76.00411408385712,32.380835157209546,0.6123223304748535,52.694637997864874,64.17734808168457,11.482710083819697,0.43996256589889526,102.57943015945003,138.99104678105255,36.41161662160252,0.1418602972319632,40.69995915216801,1.1610267197961124,-39.5389324323719,-0.24487647414207458
exemplar,exemplar,exemplar/archive_2/e3ca47f3-9ba7-4a01-a793-27142befd25c.pt,96.0858280180841,93.30205148170387,-2.7837765363802305,-0.10042895131165186,91.88609375273785,113.44885565631472,21.56276190357687,0.9217217886611192,125.84668771826288,163.14526012292438,37.2985724046615,0.12605356818321262,111.93748846284149,168.18662204398987,56.249133581148385,6.692582448323567,153.67705411896227,183.36505031157094,29.687996192608665,15.23560818758878,107.8615994365774,196.4183410058966,88.5567415693192,89.4489959081014
exemplar,exemplar,exemplar/archive_2/e52443e5-a588-4cfc-9d56-0d24ba75bb95.pt,66.41335926980528,66.81222130531424,0.39886203550895516,0.008966500418526785,77.1132387472409,91.72176966929091,14.608530922050008,0.43911808328099766,80.04068139428729,111.57440542630411,31.53372403201682,1.0702020645141601,151.04706062640048,169.76187072355955,18.714810097159074,2.528609275817871,142.88275099875074,140.64498457564045,-2.237766423110287,-0.2629966735839844,59.51605477716659,23.463210025157252,-36.052844752009335,-0.5781419249786728
exemplar,exemplar,exemplar/archive_2/e871b1d9-adf7-4508-b8d5-8ba960b2e566.pt,77.55578754134851,86.32427301082977,8.768485469481263,0.2519815289265588,1.1020799073382148,58.89943828286437,57.79735837552615,0.8237143987341772,76.20797013279619,60.975659422883645,-15.232310709912547,-0.7002744674682617,30.970790049100355,114.03012720241351,83.05933715331315,1.9052815437316895,124.75040121631895,135.14872510452284,10.39832388820389,0.8426305597478693,1.6007884259349605,140.81699253811962,139.21620411218467,3.9523466428120932
exemplar,exemplar,exemplar/archive_2/e8e67ed2-6a32-4e3a-9a24-1a5b7a5d7691.pt,26.940295913864258,61.46596551754105,34.52566960367679,0.15879714995759076,2.831775239526504,68.83252665069254,66.00075141116604,0.4840768360341552,150.0,43.355872801854765,-106.64412719814524,-0.4382229447364807,45.44773390991325,18.452696179636142,-26.995037730277105,-0.3493177096048991,19.901442080907785,70.34732339563712,50.445881314729334,0.3393540304452917,64.72832728489415,99.32034667978817,34.592019394894024,0.17453693669016768
exemplar,exemplar,exemplar/archive_2/eaa44c08-a035-4803-ab47-513783efb3a7.pt,61.018661329040526,2.5465721323731834,-58.47208919666734,-0.4417448316615473,92.0008961216549,7.943321098009314,-84.0575750236456,-1.6207039519582371,0.0,0.0,0.0,0.0,152.6402929630315,0.0,-152.6402929630315,-3.222999095916748,106.16593904045322,138.87722373592553,32.7112846954723,2.267617834619729,177.5799057533397,139.10631271070122,-38.47359304263847,-8.454234600067139
exemplar,exemplar,exemplar/archive_2/ee25387d-83ea-4d27-a105-d01ae8728a92.pt,87.6068379031722,91.906033231174,4.299195328001801,0.1414465525793651,192.09151268001534,191.5478135263873,-0.5436991536280402,-3.0501937866210938,8.55344401952029,91.51145099771709,82.9580069781968,1.3979604840278625,101.01542108791011,134.84711929879828,33.83169821088816,1.0491863489151,170.169998137678,124.39460854250851,-45.775389595169486,-7.949551264444987,151.32993252903708,116.68092849997673,-34.64900402906035,-2.5633366107940674
exemplar,exemplar,exemplar/archive_2/f1752ca3-1640-4967-938c-5272dc274596.pt,57.568918017487974,2.3065055132155585,-55.26241250427242,-0.7855537676832979,2.05634801284431,41.53096356248917,39.47461554964486,0.32311468693490053,49.282293899797025,8.148745230260474,-41.13354866953655,-0.5666760206222534,33.82809358660533,44.89366536023351,11.065571773628186,0.15741936365763345,1.500276508360958,56.61537297703498,55.115096468674025,0.7742249156235546,37.548680438865276,96.59683731772212,59.048156878856844,1.401710841966712
exemplar,exemplar,exemplar/archive_2/f1d40b09-efc4-448c-b6d0-d6a3f43e3b8e.pt,175.2273747186166,161.27722587626005,-13.950148842356555,-5.795940896739131,180.1003279002348,158.56574396928877,-21.534583930946013,-10.29335381002987,39.600702768756236,133.33333333333334,93.73263056457711,0.2551862398783366,132.38738142403793,133.09949094539965,0.7121095213617252,0.0314861536026001,185.54126339968406,147.58054863472634,-37.960714764957714,-19.477674272325302,179.82804906709484,154.88021425288886,-24.947834814205976,-8.22316837310791
exemplar,exemplar,exemplar/archive_2/f5b0a3bb-2a24-4ea7-9add-17c93d3d1e7f.pt,113.34924490219373,41.78497033533736,-71.56427456685637,-0.37780654753261084,61.654585248283254,73.3536451722878,11.699059924004544,0.6870523312753217,187.6465031684273,127.82990227541768,-59.81660089300962,-0.18794079848698209,166.3818279457852,186.5481234067946,20.166295461009383,8.91865062713623,185.42588630874812,182.67651576038526,-2.7493705483628617,-4.252168201264881,190.05766572086853,196.77664959639262,6.7189838755240885,69.88540140787761
exemplar,exemplar,exemplar/archive_2/f724084e-64df-4b4c-88a0-1dc091f01bcd.pt,96.64248566407373,112.27285843725079,15.630372773177058,0.6894098207271299,16.827688050245385,117.33000302999257,100.50231497974718,0.5839288597282726,0.0,0.0,0.0,0.0,99.96179969726566,165.63054166322846,65.6687419659628,3.819883644580841,190.92983653207185,154.74870989513622,-36.18112663693563,-34.82034759521484,5.455664411452894,77.50171430628109,72.0460498948282,0.4935079983302525
exemplar,exemplar,exemplar/archive_2/fe04f4ae-8adb-4468-832b-52fe73541363.pt,127.34796723238308,99.5857637679213,-27.762203464461777,-1.522096309374173,120.59130988868841,106.04410249731332,-14.547207391375096,-0.7797436232921993,59.33954609069413,48.99909647899893,-10.340449611695199,-0.3751325209935506,100.04300810131545,101.84897757011532,1.8059694687998729,0.05522346496582031,161.04433362961143,157.75915132733684,-3.285182302274592,-0.7826043701171875,101.95111859337871,148.82341845036242,46.872299856983716,2.8023579120635986
exemplar,exemplar,exemplar/archive_3/06583efc-f9a7-4a60-af97-acc52a47cf4d.pt,8.762879318240968,75.26305009973512,66.50017078149416,1.1226866310854937,165.06701397338665,40.750264341326975,-124.31674963205967,-0.3923927573586734,20.544129379704103,55.8342612177928,35.2901318380887,0.24975679677501067,132.0284850338188,150.78721259568312,18.758727561864305,1.1215753555297852,153.73918792353038,170.8934291356452,17.154241212114812,4.974641345796131,17.444387599794116,80.02458259432755,62.58019499453344,0.8801753520965576
exemplar,exemplar,exemplar/archive_3/08d11c63-55b7-499f-975d-fd09bd12dc53.pt,73.46076897999802,64.772795626486,-8.687973353512021,-0.2030457961146427,105.6022397859726,7.819429983215157,-97.78280980275744,-2.153458292450385,135.063872692165,198.14814814814815,63.084275455983146,0.18827537254050927,144.85451271436025,164.9419477724705,20.08743505811026,2.0780534744262695,98.59850979612577,0.0016375151749275585,-98.59687228095083,-1.9410570694712663,172.34118037756235,164.14800177634316,-8.193178601219188,-2.478715419769287
exemplar,exemplar,exemplar/archive_3/0bd10243-a38d-4bdd-bbe8-5e29012bae94.pt,63.65779237115929,53.821930279258645,-9.835862091900644,-0.19731581069821102,110.85503102098231,77.6401979452444,-33.214833075737914,-1.2147158747134001,22.40528968619587,60.15125146070636,37.74596177451049,0.5572541554768881,102.57508668510614,142.31633730064289,39.74125061553674,1.4143232107162476,157.2810097099847,129.56852922154582,-27.71248048843887,-3.6300578397863053,147.52671577329681,150.0909736496902,2.564257876393384,0.29374170303344727
exemplar,exemplar,exemplar/archive_3/0d2973d0-80d2-4ac3-8942-1bfab430d8fb.pt,80.54470567481496,99.46709462586628,18.922388951051317,0.6302540903942696,23.602109995603616,21.650434943972126,-1.95167505163149,-0.024813898617024734,30.06607513558055,145.09060131867508,115.02452618309454,0.5772688813911852,77.46971981670679,43.56192679633817,-33.907793020368615,-0.19567670822143554,39.22194174344585,18.23082691587402,-20.991114827571835,-0.32030749550969656,136.02084436023907,101.40723346227018,-34.61361089796888,-2.085196304321289
exemplar,exemplar,exemplar/archive_3/0eb34ec2-1755-44cf-9fd1-ae1eda09f0b7.pt,75.52087476003162,62.48878304076998,-13.032091719261636,-0.07207814616696502,121.71255483174458,44.00381459565824,-77.70874023608634,-0.39596788447300707,28.55138781909873,63.49839383137556,34.94700601227683,0.1475499239834872,93.96936523103452,87.98470148344231,-5.984663747592208,-0.026862835884094237,26.409802830472426,21.32867609784509,-5.081126732627336,0.005452251202288625,79.58005357439338,29.07718630022338,-50.50286727416999,-0.22825533110519935
exemplar,exemplar,exemplar/archive_3/0f110dec-cdf6-4850-b898-f98be71240f5.pt,52.096454004536085,83.73853256896034,31.642078564424253,0.7355305757400142,12.146526481392648,85.92336520502496,73.77683872363232,1.3049100637435913,76.80390956221143,59.22187628802311,-17.58203327418832,-0.3548175096511841,0.0,0.0,0.0,0.0,162.1435167808067,164.47781169281797,2.3342949120112735,0.6798801422119141,76.92751581208192,36.76322852995218,-40.16428728212974,-0.18377268314361572
exemplar,exemplar,exemplar/archive_3/12ecbf82-8a28-44e1-b2ab-06f8e50cea97.pt,128.55608862194111,101.1160847321398,-27.440003889801318,-1.5535454296083728,120.59130988868841,106.04410249731332,-14.547207391375096,-0.7797436232921993,59.33954609069413,48.99909647899893,-10.340449611695199,-0.3751325209935506,100.04300810131545,101.84897757011532,1.8059694687998729,0.05522346496582031,161.04433362961143,157.75915132733684,-3.285182302274592,-0.7826043701171875,101.95111859337871,148.82341845036242,46.872299856983716,2.8023579120635986
exemplar,exemplar,exemplar/archive_3/1388fecd-67a1-45ac-8157-fc0f8d2f0a05.pt,43.07235746915337,56.63225777165291,13.559900302499543,0.08694908153085809,77.96835334931555,39.16350864215817,-38.80484470715738,-0.23348076506356377,79.76183445946914,14.784192449060853,-64.97764201040829,-1.0837244306291853,5.768739302271103,32.018035325606384,26.24929602333528,0.28449565172195435,90.82986722361514,26.277280580431725,-64.55258664318342,-0.3923383195477311,41.92208295391576,19.03228361006256,-22.889799343853202,-0.17272328043682536
exemplar,exemplar,exemplar/archive_3/13fb640f-1e24-47fd-bb39-25b8d08a824d.pt,77.43812423400492,13.274303384646581,-64.16382084935833,-1.1214346042471042,43.33786007554106,7.528245793660735,-35.80961428188032,-0.475022966116686,60.13360342940469,8.598865460264966,-51.53473796913972,-0.7630312177870009,20.75412984807645,42.265591813795126,21.511461965718677,0.2825983592442104,106.98032593827847,136.08355629513144,29.103230356852976,1.9563313802083333,99.33178341283917,113.2864206574716,13.954637244632423,0.6374530673767469
exemplar,exemplar,exemplar/archive_3/1850c071-2916-4efd-ae6e-47fc45672aeb.pt,38.09230296280322,4.92125400698637,-33.17104895581684,-0.27194672640844586,33.476465519845526,23.987228021681002,-9.489237498164524,-0.014202678618840272,50.68726745683876,3.6143463264303413,-47.07292113040842,-0.6324030558268229,70.67168517072506,130.32869449755515,59.65700932683009,2.206950823465983,77.5911430699816,113.4614343114986,35.87029124151701,1.353716601122607,88.40041646159031,127.36374530688262,38.96332884529231,1.9142164263808936
exemplar,exemplar,exemplar/archive_3/1b2d4669-b746-4295-9d6f-a209f5d3b340.pt,16.829577420650267,6.998440053317776,-9.831137367332492,-0.08761326739329443,72.65203225908745,44.84426005258694,-27.80777220650051,-0.5627336695823928,30.88584228848746,166.66666666666666,135.7808243781792,0.4985059897104899,21.714019054500007,50.349818516815155,28.63579946231515,0.3975217342376709,102.73188343505545,5.104421340774774,-97.62746209428067,-2.0581008331685124,1.2218117557282566,47.47828279623319,46.256471040504934,0.6001127243041993
exemplar,exemplar,exemplar/archive_3/1d4d5e23-1d85-41d4-a3f9-b1a83d23c34b.pt,116.80505645390143,45.8484075069954,-70.95664894690603,-0.3643880847733507,53.07625905462213,65.18056853843588,12.10430948381375,0.5474005937219059,186.04863150244282,126.34338878140139,-59.70524272104143,-0.18923248944582638,152.51476333993332,188.27791916788536,35.76315582795203,12.849981784820557,191.11477705552258,183.9483697167948,-7.166407338727794,-19.47088623046875,194.63081676537078,197.61093524980538,2.9801184844345983,69.6977310180664
exemplar,exemplar,exemplar/archive_3/1e583b76-4ef7-4e53-a161-03b8f8430ed8.pt,7.778971473564054,31.864571888542116,24.08560041497806,0.1939128272587269,123.20729558698015,18.817051913787026,-104.39024367319313,-3.000385379003099,50.171391239830925,150.0,99.82860876016908,0.16399753093719482,68.42648562102548,74.83570268163622,6.409217060610743,0.11675548553466797,174.79274075980072,158.43483409434768,-16.357906665453044,-6.1962127685546875,85.36422296509367,54.011157453252615,-31.35306551184106,-0.7402379105730754
exemplar,exemplar,exemplar/archive_3/21ae4549-1aff-4723-9c89-74015a97c167.pt,62.220908505357606,54.46925063936149,-7.7516578659961155,-0.47500556150458495,134.3768722390627,194.1192488722411,59.742376633178395,0.1811951016067365,0.0,0.0,0.0,0.0,0.0,0.0,0.0,0.0,7.255418233381711,22.774313711710178,15.518895478328467,0.18588184175037203,6.1869757226165225,22.371551185545492,16.18457546292897,0.14390870928764343
exemplar,exemplar,exemplar/archive_3/2259df4b-da56-4694-8ebf-a250b93cf8f5.pt,34.52614590921571,60.7099929349372,26.18384702572149,0.45440234680494,73.97820301954985,114.65198248979061,40.67377947024076,1.5126013394430737,35.13787652674477,65.94194642133174,30.804069894586966,0.19699885306214474,104.40051684710502,166.24087209363347,61.840355246528446,6.38710355758667,10.314989448683468,97.92383946265183,87.60885001396836,1.8188629999673875,117.71239943061265,197.86519161970443,80.15279218909178,152.09120591481528
exemplar,exemplar,exemplar/archive_3/232fe499-7681-4c8a-b15d-0864a56edfd4.pt,6.229578803109623,38.9254232005022,32.69584439739258,0.4189497623116018,4.004448532530436,8.519922812842301,4.5154742803118655,0.04244770647634756,74.79338226206944,52.37613551972575,-22.417246742343693,-0.42448902130126953,127.57026828228176,0.0,-127.57026828228176,-1.7612969875335693,145.38006016065833,165.00072521973695,19.62066505907862,4.046825735909598,51.092824539884795,140.81699253811962,89.72416799823483,3.393716255823771
exemplar,exemplar,exemplar/archive_3/2366c0f3-3d8a-4ba5-a1e5-4448a419d2fd.pt,10.607433989166797,44.26772777262846,33.66029378346167,0.2503967679440205,29.61979661894454,31.826362154340845,2.2065655353963045,0.01657769981025546,40.376254895115906,17.620994852170046,-22.75526004294586,-0.3152882258097331,79.23463804761268,60.93805085571827,-18.29658719189441,-0.32684409618377686,31.514576298078854,60.7782095155696,29.263633217490746,0.49859722765678055,16.2079142348437,14.841837581657579,-1.36607665318612,-0.01172718498277368
exemplar,exemplar,exemplar/archive_3/28eb748c-eb75-4d49-9730-91b175a03814.pt,79.34262094395241,7.6803635924121245,-71.66225735154029,-0.49405484715808606,23.258525181337987,134.1022813961912,110.8437562148532,3.805686600794744,0.0,0.0,0.0,0.0,144.56179599889157,184.88651946420433,40.32472346531276,9.625598669052124,189.38329706050155,186.4705762020075,-2.9127208584940547,-7.872721952550552,195.3758250514833,198.22448448252646,2.84865943104316,104.08857345581055
exemplar,exemplar,exemplar/archive_3/2911e90a-d77a-49df-ad2e-6d3041ef039d.pt,37.19034892997647,41.93107773494718,4.740728804970708,0.03304569451462979,25.891130670456583,6.157250228677298,-19.733880441779284,-0.16570622284769357,79.61563927602224,89.54960741286354,9.933968136841301,0.28735058124248797,176.73267952870503,0.0,-176.73267952870503,-7.595746994018555,73.89970176583323,21.58779294720577,-52.31190881862746,-0.34470864502032933,147.56916886715146,141.645653302517,-5.923515564634471,-0.01995030345532718
exemplar,exemplar,exemplar/archive_3/2b4a4eaf-94fc-43b7-bd1e-9ae39557e259.pt,8.730930770535233,4.922853211726864,-3.8080775588083684,-0.035611041187619014,0.29215963422672986,32.06854528128354,31.77638564705681,0.37899235637481404,62.64445193350823,10.076293624495973,-52.568158309012254,-0.7916478429521833,56.85772931860993,110.19571718146156,53.337987862851634,1.3830899397532146,106.86391454278467,134.71242699735717,27.8485124545725,1.8296537853422619,77.0018593946577,122.05845912027556,45.05659972561786,1.8709314786470854
exemplar,exemplar,exemplar/archive_3/2cba8c1f-4f72-400a-b18f-1905a649a686.pt,69.19894345313864,42.796380750235265,-26.402562702903374,-0.16157339878673674,55.149732856415866,33.69413162609925,-21.455601230316617,-0.1439213025221938,0.0,0.0,0.0,0.0,0.0,0.0,0.0,0.0,159.05424526388595,151.74117484136406,-7.313070422521889,-1.4726727803548176,104.17692674224175,151.32993252903708,47.15300578679533,3.0331828594207764
exemplar,exemplar,exemplar/archive_3/2eed692f-7176-4ea9-bbef-c95f4bd43b45.pt,5.376074590022649,52.98588077185025,47.6098061818276,0.363629735754002,58.397621292913904,63.77488897695678,5.377267684042877,0.03155680493342333,137.1010437004034,176.97863100456664,39.87758730416323,0.12503323074459105,60.620195873874785,13.446444744912597,-47.17375112896219,-0.3203611373901367,30.773689647653466,63.15512770021765,32.38143805256418,0.11626525667711937,14.023103785327272,95.92569933225288,81.9025955469256,0.49726187357088414
exemplar,exemplar,exemplar/archive_3/305dc971-6cb9-4479-8da4-3ed6a2167a44.pt,61.18199607617738,40.65198565484673,-20.530010421330644,-0.3712223679508836,58.918837192482684,50.55979556338929,-8.359041629093397,-0.15858205645763623,0.0,0.0,0.0,0.0,3.4777369305377053,22.763405873653074,19.28566894311537,0.2004185676574707,49.26456164430617,33.011651609435766,-16.252910034870403,-0.11192315749867061,10.012393282736111,42.740099720439034,32.72770643770292,0.2466513957992001
exemplar,exemplar,exemplar/archive_3/37871b96-f93e-4673-a7c8-d7a71505804b.pt,46.70087494014713,33.73658775127482,-12.964287188872312,-0.3205810584732129,65.6564041386874,88.70249149135977,23.04608735267236,0.6151963271103896,18.491069923216124,60.49431457416099,42.003244650944865,0.5529319445292155,27.77800247227823,27.71108874390546,-0.06691372837277143,-0.0593966543674469,126.71879009024337,133.66070282942343,6.941912739180054,0.55615234375,80.02458259432755,9.909103534389892,-70.11547905993766,-0.9297022819519043
exemplar,exemplar,exemplar/archive_3/37996d69-2677-4717-ae97-cde6bd8748be.pt,94.79199634927664,116.69241581354193,21.900419464265283,0.9989399015245585,78.54196097275022,35.09834354345676,-43.44361742929346,-0.8647762097810444,20.89620268388537,166.66666666666666,145.77046398278128,0.6599047978719076,136.88411927525226,161.77980567250822,24.895686397255957,2.064061164855957,179.0186334133454,154.12877984183254,-24.889853571512873,-10.192346011891084,178.44987346940454,170.85954903800408,-7.590324431400461,-3.6260643005371094
exemplar,exemplar,exemplar/archive_3/3864614f-2506-48de-b994-99ae08ca30de.pt,61.18199607617738,40.65198565484673,-20.530010421330644,-0.3712223679508836,58.918837192482684,50.55979556338929,-8.359041629093397,-0.15858205645763623,0.0,0.0,0.0,0.0,3.4777369305377053,22.763405873653074,19.28566894311537,0.2004185676574707,49.26456164430617,33.011651609435766,-16.252910034870403,-0.11192315749867061,10.012393282736111,42.740099720439034,32.72770643770292,0.2466513957992001
exemplar,exemplar,exemplar/archive_3/3a7ddf40-4818-4f21-9614-7429c3608ef7.pt,2.195190148077765,45.44883210643291,43.253641958355146,0.348085235813168,68.32668273885777,61.24812501794466,-7.0785577209131105,-0.04038628875294081,43.21902977915718,16.10963862786368,-27.1093911512935,-0.36872220039367676,63.74578378341503,54.61990285126298,-9.12588093215205,-0.13821053504943848,61.38414389270583,22.352640053090084,-39.031503839615745,-0.26850584813463974,65.9682001518848,45.67848984682652,-20.28971030505828,-0.1238192445743158
exemplar,exemplar,exemplar/archive_3/3c34c8dd-6143-4349-ba49-9db7514afb35.pt,18.600400663375407,0.7125002917570487,-17.887900371618358,-0.1630763584980725,0.25726839030576976,48.950241749486985,48.69297335918122,0.6455489421700945,65.8938641501828,26.66257585831697,-39.23128829186582,-0.6648459001020952,64.30823828049783,127.09321518909891,62.78497690860108,2.1155001322428384,38.03712835921397,83.11292797565201,45.07579961643804,0.951859742607623,69.78458012433188,121.34473125955307,51.56015113522119,2.003778943828508
exemplar,exemplar,exemplar/archive_3/3c3922e9-8e61-4c70-96f8-df25f0a19bf7.pt,123.34574149716634,119.52326879110964,-3.8224727060567005,-0.24783139375357893,148.59764124837977,157.47161250834785,8.873971259968073,1.6232695898888567,0.0,0.0,0.0,0.0,177.6384145260226,184.1489878082277,6.510573282205115,3.673581123352051,173.72749329902567,179.04170414729086,5.314210848265191,3.7639678955078124,83.04611067832076,126.69930297732353,43.65319229900277,1.6973522504170735
exemplar,exemplar,exemplar/archive_3/41564015-3c26-45b3-975a-6e027e49d63d.pt,51.31008774598115,80.0469686654977,28.73688091951655,0.6441520215040242,136.50062852057445,150.70816930670307,14.207540786128618,1.7820366753472223,65.98334182193094,83.60574537354137,17.622403551610432,0.4142344792683919,0.0,0.0,0.0,0.0,131.04061051229635,68.78595986113281,-62.254650651163544,-0.27959546770368304,21.255558023150495,35.75738103307542,14.501823009924923,0.18246424198150635
exemplar,exemplar,exemplar/archive_3/41c44d85-1b9b-468f-a8cd-379651170f92.pt,39.73749850995298,79.03561424370483,39.29811573375185,0.07056029916506762,14.408872491723665,68.57276657488772,54.16389408316406,0.3552374732868554,133.33333333333334,133.33333333333334,0.0,0.0,154.9632602432366,104.11017248973015,-50.85308775350644,-2.3550918102264404,75.59217692376762,17.02863932049836,-58.56353760326927,-1.028109793928443,20.433795897179657,44.44597887094706,24.012182973767402,0.34297243424647833
exemplar,exemplar,exemplar/archive_3/467481bc-1cd4-4fe9-89ba-205dac892ea5.pt,92.25389467945226,95.05559854984243,2.8017038703901704,0.09907455668071848,4.802252154199023,63.076787582352196,58.27453542815317,0.43003975771327707,131.41714701112713,151.84269157159756,20.425544560470428,0.06976956028049275,139.3410462289251,164.43958508056215,25.098538851637045,2.327108860015869,54.143625862329344,26.35845249880141,-27.785173363527935,-0.5085925000180178,97.37492721361843,131.19462667998272,33.819699466364284,1.4368623495101929
exemplar,exemplar,exemplar/archive_3/49f1f8f6-4127-4a44-9242-241f59f88c5e.pt,59.4205489527644,66.49116989042822,7.070620937663826,0.15068764400921658,22.700440357961213,71.9610588953153,49.26061853735409,0.867900969089174,75.59575644399308,52.650471901476195,-22.945284542516887,-0.7319943904876709,31.858143136477036,108.62497659147677,76.76683345499973,1.6655168533325195,133.78912066997418,146.48962783323913,12.700507163264945,1.4145062420819257,45.373737074590856,154.88021425288886,109.50647717829801,4.708805739879608
exemplar,exemplar,exemplar/archive_3/4df0be4b-66c4-43cd-95f6-183ce806d41e.pt,35.25433052904412,60.16978882449934,24.915458295455224,0.16282946959453054,25.823661895921795,6.761111952394699,-19.062549943527095,-0.1633052979205693,0.5429852449363225,28.82737132282121,28.28438607788489,0.24467308841534516,0.0,0.0,0.0,0.0,45.6420677921738,35.14785651842704,-10.494211273746757,0.05475861033754486,4.480378468355235,43.64850755223582,39.16812908388059,0.5097523350869456
exemplar,exemplar,exemplar/archive_3/513a25e1-b5eb-493a-81eb-2c6783edec5c.pt,97.51254929835974,5.642193092658876,-91.87035620570087,-1.8446727101023976,86.58616241321005,123.8206759358771,37.23451352266706,0.16044782042134287,5.054268744121318,133.33333333333334,128.27906458921203,0.6234557628631592,3.596147478634481,22.531117742322774,18.934970263688292,0.16394248604774475,165.28678726927953,155.71861669817565,-9.568170571103877,-2.464949951171875,44.40091646188729,87.67667280534948,43.27575634346219,0.9523450411283053
exemplar,exemplar,exemplar/archive_3/526a1c2b-6fb4-4058-81df-1804a76c3555.pt,157.0475661498434,162.55496197062695,5.507395820783557,1.3679840087890625,160.01424753977483,167.44354056272857,7.429293022953743,2.279218292236328,0.0,0.0,0.0,0.0,165.37711690707494,182.0014761667725,16.62435925969757,5.335495948791504,185.6639987781817,186.60067772062675,0.9366789424450417,1.893105899586397,129.5086489341463,163.2135712262219,33.704922292075594,3.8993401527404785
exemplar,exemplar,exemplar/archive_3/5339e381-b42d-4d17-af6e-9f012b8a4e95.pt,79.09848985056001,2.694111123100228,-76.40437872745979,-1.2811034054034989,16.298166265578867,10.627951170169393,-5.670215095409475,-0.07652201140000703,26.940622491562895,69.79439989993854,42.85377740837565,0.7650867303212484,38.979455815112466,18.265326583329102,-20.714129231783364,-0.11268453598022461,50.831390536342326,48.95663020485585,-1.8747603314864776,-0.01200326077922641,37.12012919896058,8.680001571270822,-28.440127627689762,-0.22918776991944875
exemplar,exemplar,exemplar/archive_3/58a5481a-b506-4e99-b4fb-49575de3138b.pt,5.8016469455339506,18.811423167591887,13.009776222057937,0.11218951175487267,95.09855863568613,20.774409715414084,-74.32414892027205,-1.6246830549568965,47.24029703175512,166.66666666666666,119.42636963491154,0.26638269424438477,11.839928567160381,35.091923887975376,23.251995320814995,0.2497868537902832,174.5642303984744,145.17665632266866,-29.38757407580573,-8.370359178999779,49.514086746677776,28.289801955896955,-21.22428479078082,-0.32472938715025434
exemplar,exemplar,exemplar/archive_3/59f7052a-5874-4452-a75a-0ac2831b9d84.pt,5.75715696467075,9.340333596124868,3.5831766314541182,0.03327440429325676,75.87075080394935,7.540801940959717,-68.32994886298962,-0.47731031379731914,54.40952785769306,38.185786387821416,-16.22374146987164,-0.25250665346781415,48.72424650510389,28.295083110782663,-20.42916339432123,-0.051846067110697426,72.22540931364776,90.6273647065683,18.40195539292054,0.5201251983642579,63.47309599352635,35.75738103307542,-27.71571496045093,-0.37080299854278564
exemplar,exemplar,exemplar/archive_3/5b52039c-4c2d-4e64-a978-c21785ee7c6b.pt,1.0858422774542713,56.5509197630777,55.46507748562343,0.4298673321640983,59.71479210187478,57.64922031080376,-2.065571791071015,-0.012345196375706963,150.0,25.728483416044345,-124.27151658395566,-0.5505353808403015,38.87249345606205,10.595787962857429,-28.276705493204624,-0.3088504473368327,7.386028084762912,69.47017966132555,62.08415157656263,0.44429148924482137,53.588917353475324,105.39223196837224,51.80331461489692,0.26743446908346036
exemplar,exemplar,exemplar/archive_3/62825ea7-7137-4533-92d7-d441af4c40ba.pt,43.64732651338057,18.385359719745843,-25.261966793634727,-0.38992789135748057,2.6019098014885667,0.907398862275313,-1.6945109392132536,-0.016651357722292457,19.384522990696066,24.100730889430537,4.716207898734471,0.0892021656036377,36.01078771097257,30.904551628517606,-5.106236082454966,0.05432910919189453,50.15509926620778,42.58945821279434,-7.565641053413437,-0.049845283761675505,35.1242138680222,16.890416040424792,-18.23379782759741,-0.14257670337368983
exemplar,exemplar,exemplar/archive_3/64224705-c771-420a-9f84-1c001366ba33.pt,70.02278913332547,0.4491090437464156,-69.57368008957906,-1.07292325615722,33.220595999205834,2.760866611970177,-30.459729387235658,-0.3711341586999477,59.29059373619954,14.193558930110756,-45.097034806088786,-0.6970559579354746,20.19746244270038,44.11965866503462,23.92219622233424,0.31702184677124023,105.94818663107803,135.03492385262768,29.086737221549654,1.902571188436972,99.07337447372521,115.82590424993026,16.75252977620505,0.7863308924325505
exemplar,exemplar,exemplar/archive_3/645258ad-eb6e-4363-bf0c-9fda5164f36b.pt,63.050659487749584,36.59763475861798,-26.453024729131606,-0.47281822297670384,59.579524609205166,47.52416558883245,-12.055359020372713,-0.22520749337955248,0.0,0.0,0.0,0.0,3.182717598214817,25.068548778939903,21.885831180725084,0.2297532081604004,47.63325481456704,31.567128449581674,-16.066126364985365,-0.1120604356154109,11.37832745200069,31.83254792458559,20.4542204725849,0.15391028763793851
exemplar,exemplar,exemplar/archive_3/69d67690-ef91-4389-b6a9-704f1e89952c.pt,41.937461539431176,50.5223517937251,8.584890254293924,-0.12728892709183862,6.780974539867444,75.21670271955935,68.4357281796919,0.48095421982378345,49.45965172211562,35.23273971546366,-14.226912006651965,-0.32774364948272705,82.76966089655144,32.93108319152193,-49.838577705029515,-0.7633983492851257,62.288281509585445,54.05394865490484,-8.234332854680602,-0.04940644153573895,69.62699754084736,45.02579566053797,-24.601201880309382,-0.14848763602120535
exemplar,exemplar,exemplar/archive_3/6ee6e354-d81a-46f4-a113-c16e881419db.pt,83.00613663496064,78.88056293260549,-4.125573702355155,-0.11644967025775271,82.14476050389634,126.521276051537,44.376515547640665,2.0494534447079613,39.23981656379745,15.272238322071578,-23.967578241725867,-0.3456788079898686,171.43468920415756,185.58973167235362,14.155042468196058,6.877492904663086,171.93753069481068,186.10678271701758,14.169252022206905,14.082829475402832,114.6963901060408,150.0909736496902,35.394583543649404,2.494086742401123
exemplar,exemplar,exemplar/archive_3/6f0ca42f-3067-45a1-a683-4042133a9202.pt,184.95999848447437,178.80958806563086,-6.1504104188435065,-7.670424062994462,196.27144988493617,191.8611834665838,-4.410266418352364,-53.28868611653646,36.591755221750034,133.33333333333334,96.74157811158331,0.29345258076985675,134.84711929879828,126.02013468157186,-8.826984617226415,-0.36626482009887695,187.38715124888012,153.69323250362567,-33.69391874525445,-22.35453176498413,179.01170055420306,151.32993252903708,-27.68176802516598,-8.129725456237793
exemplar,exemplar,exemplar/archive_3/714d7039-2846-4e1e-a836-7bbcc8b6289a.pt,164.50973146969778,158.2599856467114,-6.24974582298637,-1.6805914256198347,6.291939470497116,2.834938513687387,-3.457000956809729,-0.03663230428890306,25.318523827779213,133.33333333333334,108.01480950555413,0.425098180770874,116.4407952530496,142.31633730064289,25.875542047593285,1.0736737251281738,182.5543358572663,134.76458539618196,-47.78975046108434,-16.35467609606291,146.20039963253714,101.95111859337871,-44.24928103915843,-2.5165512561798096
exemplar,exemplar,exemplar/archive_3/765100ca-9941-475f-92bd-c0304625006e.pt,3.5169247385380547,60.339755896437104,56.82283115789905,0.42897859789182463,54.57644770172624,80.09105733736092,25.514609635634685,0.1431287931899128,65.91687125841038,121.85703174328671,55.94016048487633,0.2605701955159505,4.935796909379222,24.833325136322998,19.897528226943777,0.21999178992377388,101.79635327378824,105.96773334411849,4.171380070330244,0.18058316554706058,150.0749109676391,106.35830000255748,-43.71661096508163,-3.7259048343628876
exemplar,exemplar,exemplar/archive_3/7a8292e7-d54f-47e7-939d-07247297c66a.pt,111.41850830181343,123.7284697167394,12.309961414925965,0.72874876220966,114.04365479252796,129.0977095391733,15.054054746645349,0.9879510080089958,136.3525394922533,162.07045781708644,25.717918324833136,3.5510425567626953,162.7289296647064,178.90343220404625,16.17450253933984,4.1141228675842285,133.518726156647,102.38126155009512,-31.137464606551887,-1.9158375881947447,29.700920625144136,56.34056134582157,26.639640720677434,0.09060248775758604
exemplar,exemplar,exemplar/archive_3/7ca5352c-c08e-405a-81fc-ad9b893bbb74.pt,7.5725651550857105,25.48214262961143,17.90957747452572,0.1472958609899266,74.98161746315225,55.83279593694588,-19.14882152620637,-0.10886529198720866,166.66666666666666,24.42287010423593,-142.24379656243073,-0.6338204145431519,52.56086450299072,29.189246511614268,-23.37161799137645,-0.3093424638112386,25.274917315441066,51.27893137379964,26.00401405835857,0.18371980870644333,66.1053515362831,118.77947178471429,52.674120248431194,0.2482569550304878
exemplar,exemplar,exemplar/archive_3/7efb5b4e-0e1d-4b1e-a030-e65c830dba5d.pt,53.37901923157906,83.0142464738305,29.63522724225144,0.6910855817875211,48.93763987353475,115.01253535391051,66.07489548037576,2.058397529538998,103.69233209897675,31.53372217909909,-72.15860991987766,-1.6307438214619954,49.79410678342102,134.65530069127,84.86119390784899,2.8819772402445474,88.64305300321325,70.11715849689651,-18.525894506316746,-0.09495510079847268,29.143353571584722,157.11326016281055,127.96990659122582,5.239311218261719
exemplar,exemplar,exemplar/archive_3/7fde29f5-7a7e-4430-bd5a-d53d331c76fd.pt,57.82254589928075,61.09402733509473,3.271481435813982,0.06624396829044117,25.111221635118724,88.72755025694505,63.61632862182633,0.3913165101910582,128.9107428860367,149.97006751802263,21.05932463198593,0.07285670896547031,139.3410462289251,164.43958508056215,25.098538851637045,2.327108860015869,54.143625862329344,26.35845249880141,-27.785173363527935,-0.5085925000180178,97.37492721361843,131.19462667998272,33.819699466364284,1.4368623495101929
exemplar,exemplar,exemplar/archive_3/84f243ce-de91-4e4e-82df-037ca151348d.pt,18.321385093710237,55.90469186167395,37.58330676796372,0.23522217765687004,67.34701450582867,78.12547681287431,10.778462307045643,0.05798217578925279,99.89383685543069,176.52882047258342,76.63498361715273,0.2704174500103145,29.107858440917255,2.3015863203280564,-26.8062721205892,-0.21432692664010183,57.535468175037444,1.750496490618058,-55.78497168441939,-0.7899021785206388,115.14490519345212,14.214053094330747,-100.93085209912137,-2.5509771302688953
exemplar,exemplar,exemplar/archive_3/85ddd60e-a64f-419e-8b38-b5166d5ad1b1.pt,20.852021319680322,71.94414036634895,51.09211904666863,0.9347938407949603,90.78355402411552,24.562895798174573,-66.22065822594095,-0.34437757268475466,87.54863436961075,109.68570843686629,22.13707406725554,0.09941215172840852,46.07286856497119,27.941910037704755,-18.130958527266433,-0.046121222632271905,16.20649630598596,23.66810874971245,7.461612443726487,0.11832622036285932,4.205798249841741,33.45455736125029,29.248759111408546,0.33480119705200195
exemplar,exemplar,exemplar/archive_3/86d4e5a5-73ae-4efb-a82b-74835eb253df.pt,106.30581363510248,54.25696358760805,-52.04885004749443,-1.5241462849179377,53.62541910242067,30.680386943619318,-22.945032158801354,-0.466497522966119,113.68400949473148,145.99610805537358,32.3120985606421,0.11852975649254344,108.08651316101242,143.97170041245408,35.885187251441664,1.3936654329299927,20.71270538634106,50.19159903465328,29.47889364831222,0.1698575980497367,134.46146720878485,148.82341845036242,14.361951241577572,1.2845964431762695
exemplar,exemplar,exemplar/archive_3/8a1b09f4-8b12-4e3a-95b9-58b27dae1b27.pt,77.6528814532645,10.619920267497202,-67.03296118576729,-1.1571589164829974,48.31750610042276,44.308285357596795,-4.009220742825967,-0.06790357470714979,43.730654515495765,30.184815123593665,-13.5458393919021,-0.003063639005025228,30.360589554899757,32.577648540642485,2.217058985742728,0.1130178451538086,45.16168880176138,40.872653688685055,-4.289035113076324,-0.06957047943376068,16.003080105662598,28.87552148819739,12.872441382534792,0.16302243819147905
exemplar,exemplar,exemplar/archive_3/8be9ce88-19c5-490e-8054-80f1eb75f145.pt,165.40389684137782,152.24622770823325,-13.157669133144566,-3.1735350630665553,160.58084068106896,142.45247574455456,-18.1283649365144,-3.161055501302083,35.07643932169033,133.33333333333334,98.25689401164301,0.3121949831644694,110.48755245056711,134.84711929879828,24.359566848231168,0.8353769779205322,176.80286512595768,127.91406761534363,-48.888797510614054,-11.386823955335116,157.11326016281055,120.53378329348627,-36.57947686932428,-3.219980001449585
exemplar,exemplar,exemplar/archive_3/8db4404b-d427-4fdb-bb09-ea2dbd1df722.pt,19.6570901451222,81.92939555486117,62.272305409738976,0.36319623890789215,12.801602709912496,82.80205686116558,70.00045415125308,0.4652559608707969,71.88348779102088,71.06441180083327,-0.8190759901876135,-0.018842124938964845,16.19140612731735,33.342210273280244,17.150804145962894,0.2015559196472168,9.224657349421962,20.662042774819817,11.437385425397855,0.09907584658936958,38.06283259377512,23.352548038342654,-14.710284555432466,-0.11060802924923781
exemplar,exemplar,exemplar/archive_3/908de307-aeee-4cfe-95b0-46ab568997c4.pt,5.628531281134629,19.20539959806363,13.576868316929,0.11730946076000189,91.55448796933997,24.132499225373273,-67.4219887439667,-1.4729527202659505,47.41156554626001,166.66666666666666,119.25510112040665,0.2636885643005371,11.839928567160381,35.384338720409694,23.544410153249313,0.25337743759155273,174.78460004205195,145.8490180097188,-28.935582032333144,-8.41602042061942,51.742540043332596,30.619194161915424,-21.123345881417173,-0.33246103922526044
exemplar,exemplar,exemplar/archive_3/933b3c35-b647-4b59-9bcd-f042466674b6.pt,81.143750403458,72.73779135464133,-8.405959048816669,-0.22223966455734165,33.7610832039079,65.18324038232615,31.422157178418246,0.08538910547892252,134.55110594511038,198.11320754716982,63.56210160205944,0.1899922029027399,144.56179599889157,167.99108638498728,23.429290386095715,2.640639066696167,97.46666876428036,3.4892854539642126,-93.97738331031614,-1.8634314730598478,171.9776318338823,165.95051758118882,-6.02711425269348,-1.895026683807373
exemplar,exemplar,exemplar/archive_3/93d9e5bf-7351-4866-8514-29bc581b2375.pt,26.925496432447027,24.278435433107504,-2.647060999339523,-0.034814550734128355,13.283430295529175,9.060437008074006,-4.22299328745517,-0.04737998362865948,146.7448324646652,107.37929338953083,-39.365539075134365,-2.9927995204925537,137.91570262148747,149.24606709730568,11.330364475818214,1.0787322521209717,74.27908418966285,91.42675217173785,17.147667982074992,0.5023759689479775,47.838329345367896,25.695413492724068,-22.142915852643828,-0.15830570256668924
exemplar,exemplar,exemplar/archive_3/93e43f7b-8376-46b6-99c5-66025727bea6.pt,69.20202693808234,53.88832233600663,-15.31370460207571,-0.6334081109964622,57.84762993467928,37.20385130290632,-20.64377863177296,-0.4999999046325684,2.073244555703542,133.33333333333334,131.2600887776298,0.6495668888092041,154.72419925176206,94.52306912730232,-60.20113012445974,-2.5212215781211853,86.49059048621726,59.26383383221819,-27.226756653999068,-0.6807032066275646,36.28680350497953,100.72203948388278,64.43523597890325,1.5776202015041076
exemplar,exemplar,exemplar/archive_3/95c22d49-3c60-4de8-aaf1-50d771902c6f.pt,104.47963592783672,20.40956078581544,-84.07007514202128,-2.0012832928865585,50.882161944193804,75.23979828561622,24.357636341422413,-0.13563205365873532,51.334971200276414,133.33333333333334,81.99836213305693,0.0911561648050944,133.45272050597652,0.0,-133.45272050597652,-2.0053820610046387,146.9402089604451,133.76210325338045,-13.178105707064645,-1.4720515498408564,48.49625187243832,134.46146720878485,85.96521533634653,2.597310781478882
exemplar,exemplar,exemplar/archive_3/9842c884-7992-4951-a284-bf50d8e97b05.pt,29.670120928590343,7.683614177734033,-21.98650675085631,-0.18437453881345928,98.23730835983741,0.9681882586284051,-97.26912010120901,-0.6489160379257966,41.48121007855481,53.62752742611429,12.146317347559481,0.19194459915161133,80.33809103797547,35.384338720409694,-44.95375231756578,-0.11937415599822998,48.21026488234856,27.62062018210578,-20.58964470024278,-0.3921755384483547,39.415840559223696,77.96141287362602,38.54557231440232,0.8956970108879937
exemplar,exemplar,exemplar/archive_3/9f921d58-91bf-4b62-8e1d-b95c556b3e67.pt,39.14283357580763,6.01165336967,-33.13118020613763,-0.2689953492981233,35.54595410254364,21.882276213877553,-13.663677888666086,-0.05611107411113422,50.68726745683876,3.6143463264303413,-47.07292113040842,-0.6324030558268229,70.67168517072506,130.32869449755515,59.65700932683009,2.206950823465983,78.16663704310578,113.920581977489,35.75394493438321,1.3629255575928287,91.98916862193552,130.00363829375047,38.01446967181495,2.0020245193341455
exemplar,exemplar,exemplar/archive_3/a045e629-9ce5-4a46-98d1-f46171bbc5d7.pt,57.110025067297165,66.43965172573172,9.329626658434556,0.19554237415195472,10.984934826247384,47.9277611001936,36.94282627394622,0.5261945822372668,35.57262541910367,83.18038358048983,47.60775816138616,0.2843977800056116,72.11651710291358,125.98313182424062,53.86661472132704,2.0486936569213867,48.004783718767655,61.85136224549333,13.846578526725672,0.2637089279998836,52.17272771005261,55.66627800687664,3.4935502968240257,0.021669067059018568
exemplar,exemplar,exemplar/archive_3/aa38623f-8522-4555-a87c-1e5aee2b9c6c.pt,42.536069053304274,101.80151938611874,59.26545033281447,1.5327876539234462,33.41864723034621,93.65918392163195,60.24053669128574,1.3579244187607389,0.0,0.0,0.0,0.0,85.19942144045125,185.74150494612215,100.5420835056709,12.284574270248413,126.26734705742922,14.460296127198134,-111.80705093023109,-3.2489522298177085,185.34023430251182,124.2345699187402,-61.10566438377161,-16.504584789276123
exemplar,exemplar,exemplar/archive_3/acdcfe80-36b1-402d-9fda-579b9cd12e61.pt,124.90245139914096,91.59990762174084,-33.30254377740012,-1.6362630986780922,149.02077420612838,123.07793050802655,-25.942843698101825,-2.64568212180476,65.95561605261062,81.19395219640995,15.23833614379933,0.3189547856648763,109.57602551406852,87.8036658310955,-21.77235968297302,-0.64382004737854,160.69091152130437,151.31185641529163,-9.379055106012743,-1.921007080078125,129.5086489341463,153.7240434678546,24.21539453370832,2.2270069122314453
exemplar,exemplar,exemplar/archive_3/b379766c-1fc4-4ddd-8c8f-01671d294e2d.pt,74.00519175861251,101.44610612810051,27.440914369488,0.8826998197115384,104.70292758531504,143.5775960235639,38.87466843824886,2.8864836602156605,0.0,0.0,0.0,0.0,144.56179599889157,168.43283232177453,23.871036322882958,2.728076219558716,187.5453713749897,183.99582767070888,-3.549543704280836,-6.93564164011102,193.46435776631077,196.12502990858516,2.660672142274393,31.517807006835938
exemplar,exemplar,exemplar/archive_3/bb6cc7af-5692-4f06-a0d7-5ed5799c9d61.pt,54.41085566932174,74.48389198587006,20.07303631654832,0.4392860296483326,56.99277985932294,59.06385755877846,2.071077699455522,0.04103261416720361,0.0,0.0,0.0,0.0,0.0,0.0,0.0,0.0,6.447798549930931,58.27994749972729,51.83214894979636,0.3822924296061198,150.0909736496902,66.33979544523882,-83.75117820445138,-3.766439199447632
exemplar,exemplar,exemplar/archive_3/be33a535-98f4-49a5-99b7-fe08cd80c49a.pt,97.18008796360088,117.55237630373264,20.37228834013176,0.9606693405588418,14.785921128355973,12.530485527672502,-2.2554356006834713,-0.025895598750786494,16.137239481593852,150.0,133.86276051840616,0.6193414926528931,124.43682582005053,161.29621521214256,36.85938939209203,2.5206613540649414,185.23001798223018,140.30040598267948,-44.9296119995507,-20.01778302873884,182.3335351917373,150.0909736496902,-32.2425615420471,-10.970389366149902
exemplar,exemplar,exemplar/archive_3/c17d9415-d1da-404b-9550-d974901b0f77.pt,88.51880529569313,104.9833797186588,16.46457442296567,0.6217359951419462,39.04556061699218,80.48357607628935,41.438015459297176,0.8616368678084658,80.88464080342003,140.1853858978799,59.300745094459884,0.24817802584252052,97.23935093166332,160.64974645704513,63.4103955253818,5.645320320129395,89.45387333676003,122.58929691665143,33.13542357989141,1.5463787491913814,151.90007200402977,192.1204675257779,40.220395521748145,40.325991821289065
exemplar,exemplar,exemplar/archive_3/c3a84bad-a891-4ed4-9590-49b2e3825c7a.pt,6.164259247984379,22.443558800397476,16.279299552413097,0.14198815350688468,89.77875972506465,10.767668919759359,-79.01109080530529,-0.5173652127137246,38.17028270359837,60.681164588400286,22.51088188480192,0.34945595264434814,23.851528044084883,67.88187214890908,44.030344104824195,0.5675864815711975,94.11112453538546,108.98793267936055,14.876808143975097,0.6083959691664752,80.02458259432755,29.143353571584722,-50.88122902274283,-0.7446542978286743
exemplar,exemplar,exemplar/archive_3/c47a57ee-6f6c-4509-83a4-d911de7a608c.pt,12.548871024505992,11.207951117671394,-1.340919906834598,-0.01194767545740423,182.74871544392434,139.1666556404536,-43.58205980347074,-0.13426553507715736,4.922846192500579,12.677104619540469,7.75425842703989,0.07426959276199341,21.86878547510495,76.40161456001717,54.532829084912215,0.7430644035339355,139.42968129248698,82.80525692079388,-56.624424371693095,-3.1438490923713234,4.7850265980903925,2.4966581903555123,-2.2883684077348803,-0.01827329397201538
exemplar,exemplar,exemplar/archive_3/c5953b88-a18f-45ef-b053-a10de5b77f79.pt,81.42410032581753,25.282529812015103,-56.141570513802435,-0.3541706766590503,2.1926265801666873,104.34894363421088,102.1563170540442,2.159052658536813,0.0,0.0,0.0,0.0,150.78721259568312,184.72564601755732,33.93843342187421,9.029859066009521,189.2794928602424,183.4398337036745,-5.839659156567905,-12.77034086339614,194.66712524991746,198.0060410643494,3.3389158144319424,94.19961547851562
exemplar,exemplar,exemplar/archive_3/c87c3130-88ad-4825-9f55-68c8d961414d.pt,54.14391056074548,50.80271641446851,-3.341194146276969,-0.020967584769497918,31.70920411781322,29.502772327509604,-2.206431790303615,-0.016596504805237434,7.762971639330893,0.5429852449363225,-7.219986394394571,-0.06876743373586171,0.0,0.0,0.0,0.0,4.178880253521422,89.65523849937935,85.47635824585792,1.5827891114070072,37.0575158278512,27.014045577858774,-10.043470249992424,-0.1417612055296539
exemplar,exemplar,exemplar/archive_3/c9149d5a-b5b0-47f3-a3f7-0bfb26bcc26a.pt,76.58733377037109,1.3040462215686273,-75.28328754880246,-1.2279559842389614,47.36702305811911,41.19003099805715,-6.176992060061956,-0.101925975509287,43.23250034761739,29.901109857764958,-13.331390489852431,-0.0035838683446248374,30.658202316869662,33.89737074714628,3.239168430276621,0.12808566093444823,44.2005257843792,40.381832604974015,-3.8186931794051873,-0.06137012300037202,15.320776256409262,30.218109869420747,14.897333613011485,0.18945596825262034
exemplar,exemplar,exemplar/archive_3/ca8f38ac-e952-45d7-a4f5-d6e24a85588a.pt,47.3496481128442,94.07015545902746,46.72050734618326,1.155096035638762,10.218257665215422,63.179550195244786,52.96129253002937,0.7954588890075683,65.1279650900444,85.55583353809948,20.42786844805508,0.48526493708292645,9.162466008043983,0.0,-9.162466008043983,-0.048011865466833115,83.99757839515246,78.14219724667721,-5.855381148475246,-0.029622318180462785,81.01540864429504,60.56329365921466,-20.452114985080378,0.2190709337592125
exemplar,exemplar,exemplar/archive_3/cbef8382-effa-4dc5-a6bc-9614f1772d1c.pt,103.52180174635785,127.32909414392239,23.807292397564538,1.3574683377487025,164.3410911115157,151.6672338794101,-12.673857232105604,-2.8968667695016572,21.148136463253312,166.66666666666666,145.51853020341335,0.6580138206481934,138.36997157127917,162.0570122180411,23.687040646761943,2.0258948802948,21.222407863593745,64.3367197079884,43.11431184439465,0.24912417457217262,176.05447810842946,166.81952172312072,-9.234956385308749,-3.4869775772094727
exemplar,exemplar,exemplar/archive_3/ce72004b-1e4c-4a21-aed6-379cab5486bf.pt,35.38266969433141,33.887046694824676,-1.495622999506736,-0.140098327278414,21.423192091366424,20.864614306812253,-0.5585777845541706,-0.004568562517073004,96.43592223133494,24.221640697036747,-72.2142815342982,-0.34378931919733685,3.319102947430594,60.53920930636419,57.2201063589336,0.7301337122917175,39.523267667304694,83.46134177231869,43.938074105013996,0.2588117278500956,65.11152043447224,88.91817254359954,23.8066521091273,0.12426332055068598
exemplar,exemplar,exemplar/archive_3/cf4557ce-c04b-4f6e-95d5-2ef67749feec.pt,52.920193901329995,32.828516895276316,-20.09167700605368,-0.1364755799881303,40.51814850132444,22.35258062281709,-18.16556787850735,-0.1358677754800886,79.61563927602224,85.79144181682506,6.17580254080282,0.17276323758638823,181.27246226321918,187.83537378166062,6.562911518441439,5.761652946472168,26.2008987305938,18.89060889224522,-7.310289838348581,-0.023046697911515,111.19582992397848,139.95054573790378,28.7547158139253,0.10870412982793458
exemplar,exemplar,exemplar/archive_3/cfabdefd-a93f-4e93-b729-2f4c44a0e6df.pt,28.82306091173874,38.55352536949749,9.730464457758753,0.22567373342439148,32.00653346301122,150.90355016230205,118.89701669929083,5.7644094050480765,121.85012965756873,143.2939011152068,21.44377145763808,0.07761379096124352,4.643447967428402,55.29773885812109,50.65429089069269,0.5972988605499268,121.7005370515579,146.7649660579545,25.064429006396594,2.3688137170040244,48.49625187243832,104.17692674224175,55.680674869803426,1.150620937347412
exemplar,exemplar,exemplar/archive_3/d6b83ff5-29c7-47f9-819c-d07f83d82b93.pt,97.956818603124,44.59666484244148,-53.36015376068253,-1.5551323052027717,69.99523411150183,43.4265385326997,-26.568695578802128,-0.7199722627457003,77.76192253857275,114.05900469377012,36.29708215519737,1.2833352770124162,120.33485048292309,114.25005928869916,-6.084791194223925,-0.26721739768981934,129.4087011903899,108.59310346438384,-20.81559772600606,-1.2891567215720057,93.7334233286491,135.4442051286827,41.710781800033615,2.425771130181347
exemplar,exemplar,exemplar/archive_3/dab5f456-ccc2-4a72-9b87-e9bc7c20e029.pt,50.69103666214881,61.83500390773475,11.14396724558594,-0.20665142737464376,28.16755862513569,63.19273459861898,35.02517597348329,0.1523223983948919,25.86162975603712,26.262373428775152,0.4007436727380309,-0.05677264928817749,76.6611832150017,24.50956597263687,-52.15161724236483,-0.7228294014930725,36.954309383343784,44.61667936202258,7.662369978678797,0.1208588130890377,14.605110207328943,38.47491529230544,23.869805084976498,0.3389651276344477
exemplar,exemplar,exemplar/archive_3/dd896667-6c8d-4e6b-b951-01ef21962849.pt,100.639996455476,7.695229164474574,-92.94476729100143,-1.9516544264330373,181.4794218509063,148.76901658320577,-32.71040526770054,-13.788494249759152,127.47572436912965,127.47572436912965,0.0,0.0,0.0,0.0,0.0,0.0,49.32119918086804,69.55370460790823,20.232505427040188,0.11969637583537274,71.94358191459881,32.470333607780525,-39.473248306818284,-0.5519897937774658
exemplar,exemplar,exemplar/archive_3/dda9c4c0-57d6-4052-b555-2e8fb599475b.pt,82.00557807131555,71.12965773100458,-10.87592034031097,-0.8651305341086787,40.290417292877834,170.7008954259102,130.41047813303237,0.4160985684176104,0.0,0.0,0.0,0.0,0.0,0.0,0.0,0.0,72.3750596352525,35.06822276096663,-37.30683687428587,-0.23168309529622397,25.776862464146188,51.57677629179858,25.799913827652393,0.29931730031967163
exemplar,exemplar,exemplar/archive_3/de766c24-bdab-4176-a0dd-d9b2706491c9.pt,110.87428915072378,7.854593628791245,-103.01969552193253,-2.406059269449548,81.19422060549546,5.80063932869962,-75.39358127679584,-1.3070041528756084,81.76118850959519,50.7992536025462,-30.961934907048985,-0.6630304124620225,91.62788135513517,89.81961305162052,-1.8082683035146516,-0.050480047861735024,145.86142162171785,142.59550334941264,-3.265918272305214,-0.41971261160714285,132.4819030631835,158.3347454042691,25.85284234108562,3.657039367046553
exemplar,exemplar,exemplar/archive_3/e11131f2-d974-4ada-b80f-a2f1298bdd41.pt,51.56529911818363,83.26839410820581,31.70309499002218,0.7313573526152483,157.9281182431542,100.14033169346209,-57.7877865496921,-0.21327967392770866,76.90771560959742,59.22187628802311,-17.685839321574306,-0.3572133779525757,0.0,0.0,0.0,0.0,160.69091152130437,163.10565133938397,2.414739818079596,0.6526849365234375,72.84829329304151,36.76322852995218,-36.08506476308933,-0.16757655143737793
exemplar,exemplar,exemplar/archive_3/e11b3965-6e57-43b8-a3a0-e83e94e5b616.pt,88.84916882078316,10.34954399916805,-78.49962482161511,-1.5002169329135573,65.7956523521423,24.992667720767145,-40.80298463137515,-0.6948692143499101,46.217616336982985,73.12866659737014,26.911050260387157,0.7125979661941528,30.360589554899757,28.66349236435413,-1.6970971905456267,0.06389570236206055,36.53206692783676,37.014901920412015,0.4828349925752562,0.007242838541666667,6.422883943526279,38.870865916476475,32.447981972950195,0.41482866180609473
exemplar,exemplar,exemplar/archive_3/e2c16677-3f06-4890-b4e7-0efbd1d94f95.pt,3.822417407498546,81.9069075954894,78.08449018799085,0.5421095997399931,41.88895745882432,92.52929446350225,50.64033700467793,0.2862618538109324,98.06455901633562,39.7370534650361,-58.327505551299524,-1.3632379878651013,58.981268990135455,74.58926990300402,15.608000912868569,0.3088899850845337,15.274608572929031,1.390413625645028,-13.884194947284003,-0.1278843944428733,42.00904581439958,23.18357616228648,-18.825469652113096,-0.13934778725228658
exemplar,exemplar,exemplar/archive_3/e57ceb3b-5dc0-4127-bc68-868a6b1dee73.pt,118.42269356496398,8.756549345698335,-109.66614421926565,-2.810266551086168,100.08744234041461,50.53558820194418,-49.55185413847043,-1.5990572487911605,48.44791963595738,55.869277722828436,7.421358086871052,-0.16887915134429932,126.79930378862065,0.0,-126.79930378862065,-1.7322144508361816,153.82595433345858,136.93337970081652,-16.892574632642066,-2.2757533146784854,85.19586545295626,151.32993252903708,66.13406707608083,3.5508065223693848
exemplar,exemplar,exemplar/archive_3/eb42dbfe-9069-4c08-bb95-26221e0d0945.pt,22.12830973071279,67.76253078487606,45.63422105416328,0.7760381274856227,145.02813301007595,174.02424904983266,28.996116039756714,8.120028846153847,159.20484223210715,168.78188092436565,9.577038692258498,0.028911974726013614,34.18681465783719,74.44186960167609,40.2550549438389,0.7448445558547974,127.8211530766669,141.47310045255634,13.651947375889435,1.273088397401752,69.16334923996351,99.6838980289219,30.520548788958394,0.6976113319396973
exemplar,exemplar,exemplar/archive_3/ecc6822e-1712-420f-bf26-a16ab0ce3dba.pt,20.30081076920673,66.1213047996393,45.82049403043257,0.761826491973991,145.02813301007595,174.02424904983266,28.996116039756714,8.120028846153847,158.85866829053023,168.5098500806588,9.651181790128561,0.029185374014202868,34.18681465783719,74.44186960167609,40.2550549438389,0.7448445558547974,127.8211530766669,141.47310045255634,13.651947375889435,1.273088397401752,69.16334923996351,99.6838980289219,30.520548788958394,0.6976113319396973
exemplar,exemplar,exemplar/archive_3/ecf51998-8937-4724-9018-6a86368049b0.pt,148.5101145813165,124.42983952545984,-24.080275055856646,-2.47529605763382,147.21307816475715,126.4125688455884,-20.800509319168754,-2.141739922813036,97.11115768643783,159.23122600430037,62.12006831786253,0.232530707675688,142.61203843027252,148.87590397199992,6.263865541727398,0.6404972076416016,167.9639849353948,179.74563661196777,11.781651676572977,7.141835530598958,139.37298108880546,189.78724969228588,50.41426860348042,27.14084021250407
exemplar,exemplar,exemplar/archive_3/ee50ed59-19d1-41c1-8e61-3f822cfb42ff.pt,42.66378215127641,73.77246049162535,31.108678340348945,0.6264622610105054,68.44006847356287,32.54756319083374,-35.89250528272913,-0.22974962822892403,0.0,0.0,0.0,0.0,136.0432324951243,173.36976556044706,37.326533065322764,4.383148193359375,167.5568111233393,177.45011480314213,9.893303679802841,5.266857749537418,63.47309599352635,69.16334923996351,5.690253246437159,0.09556639194488525
exemplar,exemplar,exemplar/archive_3/f3a17e75-5fe1-4109-91ee-c0ad8c94ad33.pt,16.789992177802937,58.57087390892022,41.78088173111728,0.2697004611100597,30.167805950579442,45.41436878757019,15.246562836990748,0.10794506065567784,16.005808074715354,5.54979218978604,-10.456015884929315,-0.10498440265655518,66.78778620830532,49.30722364821284,-17.48056256009248,-0.26124030351638794,44.61667936202258,47.456194487553056,2.8395151255304754,0.047871180943080356,14.605110207328943,22.386655276242223,7.78154506891328,0.11552204457364341
exemplar,exemplar,exemplar/archive_3/f6040824-accb-468b-8f6b-ef5ae8b186f4.pt,36.39733007801645,30.67926955974777,-5.718060518268683,0.0544463296713274,123.28582264119622,24.653961542317226,-98.631861098879,-0.4814758074844659,123.11427352874028,149.3462617588253,26.231988230085022,0.0929344346149317,3.697428398046552,57.397975714806286,53.70054731675973,0.6394488016764323,106.9121925300609,133.01979092406015,26.10759839399924,1.6544695598323171,48.49625187243832,110.60914789597199,62.112896023533665,1.375899076461792
exemplar,exemplar,exemplar/archive_3/fb0ac19f-be36-46bf-8b05-dc7c4c7a44a9.pt,57.376945812955356,85.47563261304778,28.098686800092423,0.6877412560418904,126.71469558531074,142.73918723632056,16.024491651009825,1.5035934448242188,65.76977638645634,83.60574537354137,17.835968987085025,0.41858752568562824,0.0,0.0,0.0,0.0,131.04061051229635,68.78595986113281,-62.254650651163544,-0.27959546770368304,21.255558023150495,35.75738103307542,14.501823009924923,0.18246424198150635
exemplar,exemplar,exemplar/archive_3/fc0f1430-b62b-426d-b513-62314b7bd0ab.pt,103.37146326802242,2.6668927103228866,-100.70457055769954,-2.1130666745728037,81.50258652525741,6.169803266001246,-75.33278325925616,-1.3118420421000518,81.76118850959519,50.7992536025462,-30.961934907048985,-0.6630304124620225,91.62788135513517,89.81961305162052,-1.8082683035146516,-0.050480047861735024,145.86142162171785,142.59550334941264,-3.265918272305214,-0.41971261160714285,132.4819030631835,158.3347454042691,25.85284234108562,3.657039367046553
exemplar,exemplar,exemplar/archive_3/ff750069-8a1a-43e7-805d-ee4732963670.pt,136.45507234059073,100.3038542948074,-36.15121804578334,-2.282447096586706,151.35122481158146,136.25857618144008,-15.092648630141383,-1.9466173458863743,25.846099088141457,147.39648444131967,121.55038535317821,0.6189748897108921,132.8825771862428,126.64853513191318,-6.23404205432962,-0.379880428314209,174.2588174939079,187.47264669939764,13.21382920548973,16.06301025390625,147.52671577329681,192.41530934132766,44.88859356803084,33.83616495132446
exemplar,exemplar,exemplar/archive_4/0a377130-21b9-41f1-b1d8-8f948b575b71.pt,80.76271261050513,96.60122127968872,15.838508669183582,0.5135720118290961,183.47612830819955,184.5180861164319,1.041957808232354,1.5921700217507102,13.730296625942282,68.74207613397841,55.011779508036135,0.8250102996826172,100.49001084293194,143.97170041245408,43.481689569522146,1.5597761869430542,56.89500928478774,99.02280530595779,42.12779602117005,0.21915639629800812,137.59142377262108,143.45679607060853,5.865372297987449,0.4986457824707031
exemplar,exemplar,exemplar/archive_4/189bf1a2-3b24-4280-9e2d-16a482d64e05.pt,35.09471221783325,21.029960942986346,-14.064751274846902,-0.10826543137505684,122.88211705438815,122.17634100845366,-0.7057760459344848,-0.04701695297703599,49.912980951839394,79.04056605772033,29.127585105880932,0.588292121887207,45.41597904414128,27.09942925511308,-18.3165497890282,-0.047204931577046715,8.558207087289386,53.13226810843664,44.57406102114726,0.33008742026232796,25.16394653335467,61.2758795017073,36.11193296835263,0.5707479317982992
exemplar,exemplar,exemplar/archive_4/1ddc2346-a367-4cb9-b052-104862f3d153.pt,20.03067599485405,73.85637487248069,53.825698877626635,0.9482066981531381,159.9613557257929,116.57605256839817,-43.385303157394745,-0.15217262524712705,0.0,0.0,0.0,0.0,0.0,0.0,0.0,0.0,85.22451719918345,5.246903624733795,-79.97761357444966,-1.4254017784481956,148.82341845036242,25.776862464146188,-123.04655598621623,-4.140126526355743
exemplar,exemplar,exemplar/archive_4/2012f675-4b3a-4d44-a52c-533e1a5686ad.pt,27.68228086350062,100.2306663402788,72.54838547677818,1.6879356820461384,12.427111407583663,88.71598173515982,76.28887032757615,1.4618621523786062,133.50864870162866,144.83763915184485,11.328990450216196,0.03939296177455357,78.86794530437668,48.321101778505216,-30.54684352587146,0.06641200610569545,21.16730317129756,0.23016366062062715,-20.937139510676936,-0.1887859384357306,16.318278803132273,24.95399444318493,8.635715640052656,0.09975978306361608
exemplar,exemplar,exemplar/archive_4/218f0836-58b7-4a31-b3e5-feb2e0b8baf5.pt,19.225194791042338,72.37157777200721,53.14638298096487,0.9213122383373206,17.14928166450242,4.198321572935457,-12.950960091566964,-0.11682085315937009,39.00196090778235,52.9648410040072,13.96288009622485,0.092020966285883,0.0,0.0,0.0,0.0,14.820219381211889,8.148493157969527,-6.671726223242361,-0.08166952477880271,6.0881748199783345,80.99095932406719,74.90278450408886,1.288309067946214
exemplar,exemplar,exemplar/archive_4/24828ab5-d6f4-402b-8d0d-1f4316d3f0bc.pt,39.01111975758273,39.873351581521625,0.8622318239388918,0.006015647674262213,26.070753247565165,6.539025283826644,-19.531727963738522,-0.16304102249329078,80.39838673965292,93.22776019583165,12.829373456178729,0.3863996359018179,177.6384145260226,0.0,-177.6384145260226,-7.943909645080566,69.64824799069115,6.994241188814985,-62.654006801876164,-0.44893169881988615,145.41909031430595,143.28500020346428,-2.1340901108416688,-0.007197752815212487
exemplar,exemplar,exemplar/archive_4/2b3a7651-e925-4edc-8c91-4cce0c803daf.pt,28.15206873619206,23.078705104503644,-5.073363631688416,-0.06674619321891614,9.76852081751949,8.923116199448067,-0.8454046180714236,-0.009303097963902149,146.31608070363484,99.85342188677824,-46.4626588168566,-3.2408206462860107,137.62041357117226,149.12295413852868,11.50254056735642,1.0873031616210938,72.6743700655543,89.5542859988125,16.879915933258204,0.4800220196063702,49.40464145165679,24.30018982452371,-25.104451627133084,-0.17946134930918653
exemplar,exemplar,exemplar/archive_4/2d92e029-54c9-42a8-8400-ff86e21af205.pt,89.618279598383,108.84659433233313,19.22831473395013,0.7643028300816697,149.2069736761222,76.77758499548315,-72.42938868063905,-4.624525669642857,0.0,0.0,0.0,0.0,116.88199272571981,168.43283232177453,51.550839596054715,3.929479241371155,188.63927882409698,159.65499674228178,-28.984282081815195,-24.886569115423388,108.34623898247827,24.946288903111995,-83.39995007936628,-2.0860727209793892
exemplar,exemplar,exemplar/archive_4/2f6c8850-6475-4336-b996-f3d0d54f1cb0.pt,53.497963719450055,30.81151465961657,-22.686449059833485,-0.1550932987931266,38.11590307653658,24.345114995679197,-13.770788080857386,-0.1031124850978622,80.39838673965292,93.95365440066202,13.555267661009097,0.4110569587120643,181.5675451287748,187.57502508661747,6.007479957842662,5.246185302734375,25.33272574289458,21.23239579846318,-4.100329944431401,0.012692498893850839,110.9574473783705,144.4383183570274,33.48087097865691,0.1250175329107173
exemplar,exemplar,exemplar/archive_4/34caebe1-94b9-4f7c-bf8f-d1f1a14c9ae4.pt,45.68469647334141,49.35630924905638,3.6716127757149692,-0.1961940400668201,29.821756864421168,49.15229078242787,19.3305339180067,0.04407131473296927,49.005670958721915,44.22855211481732,-4.777118843904596,-0.2630065679550171,90.79058690380513,36.103244346137835,-54.6873425576673,-0.9165953397750854,27.11374507178324,33.94625098853982,6.832505916756585,0.09511785070033955,23.69199426538916,23.013933536787818,-0.6780607286013414,-0.005419950307526203
exemplar,exemplar,exemplar/archive_4/3824541e-ee56-4d65-9c02-4382bf7c0189.pt,13.117070150970383,2.5948717722847454,-10.522198378685637,-0.09747894937543802,75.31728950629362,12.192672020311718,-63.1246174859819,-0.4322003652524481,0.0,0.0,0.0,0.0,14.066824508666818,0.7355243235641906,-13.331300185102627,-0.11518205915178571,53.24411699288021,66.4969409850474,13.252823992167194,0.5753394727869335,76.0667230706588,59.35225369476967,-16.714469375889124,0.2918994772023168
exemplar,exemplar,exemplar/archive_4/3aab06a7-4eae-47b9-848f-f281514dd686.pt,25.423021206745005,30.71305344955523,5.2900322428102236,0.1372863247863248,9.646398564761276,40.07081488044264,30.424416315681363,0.4090557040531787,0.0,0.0,0.0,0.0,14.635316011110692,61.18543809443614,46.55012208332545,0.6520222425460815,6.571193971437999,89.02863564427211,82.45744167283411,1.5399746117510644,2.9932546735843344,31.089891311947696,28.09663663836336,0.3374646417025862
exemplar,exemplar,exemplar/archive_4/40416ef5-e7a5-4c4d-918e-702961928757.pt,62.57761099817795,87.42650088315744,24.848889884979492,0.6424849772499881,60.26257288714327,95.31617032360842,35.05359743646515,0.9584446603634765,65.5550154171458,22.599321892489616,-42.95569352465618,-0.6303603649139404,121.51605373745997,136.27622774710352,14.76017400964355,0.8853814601898193,139.99726875060085,134.7097879709204,-5.287480779680465,-0.53294920309996,62.28816355697091,123.20613450995809,60.91797095298718,1.9201111793518066
exemplar,exemplar,exemplar/archive_4/42238099-ebd6-4d1a-b7e3-eb0e58c08eaf.pt,57.21100343193094,66.13820686796544,8.927203436034496,0.18681854582640692,7.676255069290639,51.040655451868346,43.364400382577706,0.6113661494044342,35.57262541910367,83.18038358048983,47.60775816138616,0.2843977800056116,72.35867958933758,125.98313182424062,53.62445223490303,2.0433528900146483,47.27901678607618,60.92815952676331,13.649142740687132,0.2569965977822581,52.93441195865301,56.73528180095515,3.8008698423021414,0.023406454325347405
exemplar,exemplar,exemplar/archive_4/436700eb-9a0b-4657-a1ab-0c897ff2a318.pt,45.659015248270315,47.35614217292054,1.6971269246502274,0.028814363052165462,44.1847105300315,73.26949567445634,29.084785144424835,0.5891502774504027,59.70022996539858,130.0180818189651,70.31785185356652,0.3281056798275319,95.94519323963688,153.43683623991936,57.49164300028248,3.955294609069824,165.5781903053669,187.83770569938602,22.259515394019132,21.026310313831676,121.40905708271927,197.55759384234585,76.14853675962658,132.23606650034586
exemplar,exemplar,exemplar/archive_4/45ce74b6-c127-486c-baa4-e41f747036c4.pt,64.3716001202757,94.21555179079753,29.843951670521832,0.8320204160793853,66.52535838549628,104.93326336760222,38.40790498210595,1.210656211503285,58.83696009219022,16.676180398797957,-42.16077969339226,-0.5973655382792155,59.81381254594826,112.12936636582758,52.31555381987932,1.4156653086344402,124.75040121631895,125.36035719377149,0.6099559774525432,0.04294586181640625,45.30287788819875,140.81699253811962,95.51411464992087,3.47749916712443
exemplar,exemplar,exemplar/archive_4/48a0e69b-505b-4541-a94e-46f99b98f807.pt,38.688518098961424,84.43108584160831,45.742567742646884,0.11396803893822306,14.408872491723665,70.56031726041876,56.15144476869509,0.36617426166619954,133.33333333333334,133.33333333333334,0.0,0.0,154.72419925176206,103.08949171939048,-51.63470753237158,-2.35361111164093,74.99860467569334,18.821475797360947,-56.1771288783324,-0.9912467167295259,19.75457654395494,46.39727267884728,26.64269613489234,0.3839267869069786
exemplar,exemplar,exemplar/archive_4/4db9bc2c-66bc-4c7a-9a03-cd0862dc81bf.pt,80.51925947431498,70.72007919480416,-9.799180279510821,-0.05161329554214511,126.56307802415041,49.59483981566717,-76.96823820848324,-0.3777147591533568,28.55138781909873,70.12847735974256,41.57708954064383,0.1844701593572443,93.49614659085803,86.5263664358651,-6.969780154992932,-0.03149456977844238,26.261291431711307,17.02258299391634,-9.238708437794966,-0.046042521698771106,78.41514462584293,29.748790100138603,-48.66635452570432,-0.21308985743029366
exemplar,exemplar,exemplar/archive_4/4fdb2a6b-0614-43ed-97b8-dccd2ff200f7.pt,43.66197515096489,45.003598877750825,1.341623726785933,-0.1911748588317224,3.957422396113867,7.336341634731544,3.378919238617677,0.030392753936788027,150.0,67.41069295584443,-82.58930704415557,0.13973021507263184,19.376187376456095,49.8695491723916,30.493361795935506,0.39357686042785645,15.968368418288621,52.95757334154102,36.9892049232524,0.2707787705482706,53.23595740987024,39.217139787167476,-14.018817622702763,-0.09252131764481707
exemplar,exemplar,exemplar/archive_4/548bf9ee-eff8-4e75-b69a-c9db9b3d72e6.pt,16.853400091889487,13.028884383564673,-3.824515708324814,-0.01606768912334511,57.93663651225571,57.34258459280577,-0.5940519194499387,0.35462539466210796,61.02381641894207,87.67631621769827,26.652499798756203,0.626033624013265,61.28983943224226,63.39033957644825,2.100500144205988,0.38243136803309125,143.67130048427603,123.82521523313764,-19.84608525113839,-0.07126476252190421,69.16334923996351,51.57677629179858,-17.586572948164928,-0.27168846130371094
exemplar,exemplar,exemplar/archive_4/585d28bf-c9f5-4ff2-a8ad-c9fc4f31888c.pt,120.55930888190848,104.42007315224953,-16.13923572965895,-0.850158249190689,176.1977734637481,183.11417635586315,6.916402892115059,6.875795200892857,104.69896526866783,182.4241390357338,77.72517376706595,0.2665025087077767,14.409956134514008,47.808790479631234,33.39883434511722,0.3703932762145996,145.94188550712448,162.10589549660264,16.16400998947816,3.073227330258018,11.92874526240742,116.68092849997673,104.75218323756931,2.0054761171340942
exemplar,exemplar,exemplar/archive_4/596a91cf-3df6-463f-b1c6-65707df4f7a9.pt,44.83486695461188,21.148033617034212,-23.68683333757767,-0.38661588471511316,4.530061219622081,7.915949227102866,3.3858880074807844,0.036069255678031986,110.23789350733522,25.067124971179343,-85.17076853615588,-0.38873587052027386,3.33580772633225,51.046399554521095,47.710591828188846,0.5710155367851257,29.385168759109177,89.08534224323368,59.700173484124505,0.36005224485580406,54.829011953558485,77.15355440380885,22.32454245025037,0.12637504763719512
exemplar,exemplar,exemplar/archive_4/5c9ecfa4-a74b-40cf-af7a-b727ed7ca083.pt,139.76781594458424,83.28300440525561,-56.48481153932863,-3.2124702080146417,91.98641407246986,36.89687820747724,-55.08953586499261,-1.3907547750325062,70.23577669910128,127.8876749029298,57.65189820382852,0.259054042674877,99.43079654675086,0.0,-99.43079654675086,-0.988680362701416,62.4255860493561,30.283199814344396,-32.1423862350117,-0.2123575245762223,2.4966581903555123,63.47309599352635,60.97643780317084,0.6788750290870667
exemplar,exemplar,exemplar/archive_4/64424fcf-ad58-4dc1-82e0-e3868ab87fd6.pt,4.861595903895397,40.19829874037365,35.33670283647825,0.2872011519133264,58.85233775882359,39.76791967543976,-19.08441808338383,-0.12297613401172819,166.66666666666666,38.2385607538397,-128.42810591282696,-0.5390735467274984,50.349818516815155,22.278145982709432,-28.071672534105723,-0.35182682673136395,10.253334149089762,49.89961491787039,39.64628076878063,0.3017695559731013,52.568761998511405,111.9159230021229,59.34716100361149,0.3011832781535823
exemplar,exemplar,exemplar/archive_4/6d55b2ed-ab05-4aba-a4a8-3f15f3dfd306.pt,50.7782768681361,11.43373554138165,-39.34454132675445,-0.29680859121164754,69.3401125319003,53.95561751408273,-15.38449501781757,-0.6364251191356872,0.0,0.0,0.0,0.0,154.84388815036735,0.0,-154.84388815036735,-3.429079294204712,49.01405941816142,88.52900390625464,39.51494448809322,0.9339067247178819,160.64070855853336,126.69930297732353,-33.941405581209835,-3.9215087890625
exemplar,exemplar,exemplar/archive_4/77643d2e-ad72-4bcc-b6e9-1a147858d106.pt,5.853319523772574,65.96470300638676,60.11138348261418,0.4391660533731435,69.43954128597585,93.79634510496759,24.356803818991736,0.12307469942806326,66.73768685934728,126.42583971790991,59.68815285856263,0.2732934061686198,16.57624714738574,37.58016687525083,21.003919727865092,0.2643851041793823,99.6068446261898,103.59052169950087,3.983677073311071,0.16453889955098494,149.77480783206056,109.87537597739676,-39.8994318546638,-3.5121661045754604
exemplar,exemplar,exemplar/archive_4/78a6191a-884a-46bd-88ca-cc672b209ed2.pt,45.709408176021526,61.11120858499241,15.401800408970885,0.2874890974479067,48.65088651493769,93.24528874741965,44.59440223248196,1.1039948616232114,4.5200177066598295,95.25741166484954,90.73739395818971,0.5988534140743311,30.040180657083873,111.87578442516052,81.83560376807665,2.0489531755447388,121.94495808701323,147.97112680807095,26.026168721057715,2.5590302566002157,175.81468220319437,196.06591873776904,20.251236534574673,78.04190317789714
exemplar,exemplar,exemplar/archive_4/793ea687-01ef-44be-b851-29489b1d2453.pt,67.33617216395089,14.422717533392566,-52.91345463055833,-0.8596589116334443,2.1653643246391425,0.9412511527727467,-1.2241131718663958,-0.01196427229237408,19.636479273053755,22.769043168171514,3.132563895117759,0.07162205378214519,35.71368626338274,29.995522540105963,-5.718163723276778,0.04486789703369141,48.95663020485585,41.84702481461445,-7.1096053902413985,-0.04721066512849792,35.1242138680222,20.296895798075923,-14.82731806994628,-0.1141473995232434
exemplar,exemplar,exemplar/archive_4/7e1e21b3-d775-40d7-b923-9c251c8ff98f.pt,97.46636817429511,84.3098567899181,-13.156511384377012,-0.4436423317492487,139.1573041297656,145.8261194054939,6.668815275728292,0.8092612099136219,131.80443620184118,167.5338234747998,35.729387272958604,0.11716554404936462,151.88703334435826,172.69568927819944,20.80865593384118,4.751950740814209,159.1633306679855,186.88069552418426,27.71736485619877,20.38075302586411,110.60914789597199,196.0181529193893,85.40900502341732,71.98587083816528
exemplar,exemplar,exemplar/archive_4/81049602-6fd0-431d-9dbd-aef3d91e01e8.pt,44.22407672304978,36.267846709649575,-7.9562300134002015,-0.26076702546374797,4.30118065184906,4.735273886362215,0.4340932345131554,0.0023002542826552463,150.0,67.08432910247454,-82.91567089752546,0.13324856758117676,20.108288701164838,47.02534897711153,26.91706027594669,0.34234583377838135,15.489414507953505,89.16293103183457,73.67351652388106,0.47284655246321083,53.14641773912263,69.59247293947007,16.446055200347438,0.09634524461699695
exemplar,exemplar,exemplar/archive_4/88b89300-6a68-4bc1-b5ca-e93bef2c30ab.pt,174.64277980600534,158.4259724895173,-16.21680731648803,-6.101062322067002,109.5041697924653,132.95491749915752,23.450747706692212,0.08344036340713501,0.0,0.0,0.0,0.0,160.04709034066008,178.39481282321728,18.347722482557202,4.251142978668213,172.90284701481738,181.42600178363588,8.5231547688185,6.574554443359375,17.444387599794116,42.209459222214974,24.76507162242086,0.280917763710022
exemplar,exemplar,exemplar/archive_4/898dad40-db7b-47cd-af97-3522c21a66a7.pt,93.9298603832242,5.9287181997520175,-88.00114218347218,-1.709825959307945,65.74662120016369,9.6752039305278,-56.07141726963589,-0.8869258313301283,49.89541396087629,133.33333333333334,83.43791937245706,0.11265945434570312,34.83890478645005,36.73313472497587,1.8942299385258181,0.02107405662536621,151.62400231081094,131.30291035928235,-20.321091951528587,-2.4214413452148436,110.62675145233574,63.85235450968042,-46.77439694265532,-1.478485841017503
exemplar,exemplar,exemplar/archive_4/89d891b2-fb1f-42c9-a51c-82cb5df44342.pt,117.26052065987177,123.41065376094781,6.150133101076037,0.38817508375123316,114.04562239302139,126.89002352424325,12.844401131221858,0.8175049046458595,135.32778633775308,157.6790166906542,22.351230352901126,2.722116470336914,163.1214733178491,179.56301347008718,16.441540152238076,4.362968444824219,128.9075565780674,94.1565292581329,-34.75102731993451,-1.8443415111284165,21.794923583963737,54.253985152694355,32.45906156873062,0.18185626531051377
exemplar,exemplar,exemplar/archive_4/8b0e6e47-4421-4097-acfc-430e933fda9e.pt,181.45425544392998,183.83454548915276,2.380290045222779,3.151021957397461,197.30262826640003,194.94212428053294,-2.3605039858670978,-51.90593719482422,0.0,0.0,0.0,0.0,132.0284850338188,161.2449575434817,29.21647250966288,2.218209743499756,186.17477067789022,174.0742182468513,-12.10055243103892,-12.984572190504808,171.60954752571968,151.32993252903708,-20.279614996682596,-4.402979850769043
exemplar,exemplar,exemplar/archive_4/8b353157-f769-4d64-a2b9-0ec8c60ed8a1.pt,107.91450820482687,120.0151207575564,12.10061255272953,0.6570323493198874,133.8211867925662,48.94493400660682,-84.8762527859594,-3.394020830838921,0.0,0.0,0.0,0.0,117.32085771717335,169.82184016591748,52.500982448744125,4.208319544792175,184.76365547207695,143.69677097913097,-41.066884492945974,-18.909270095825196,92.52587441889341,54.58317204145902,-37.94270237743439,-1.2671613693237305
exemplar,exemplar,exemplar/archive_4/8c5381e4-a0a9-4d25-8d9f-a7dc0defa1fa.pt,20.489205439391295,70.3541337005732,49.8649282611819,0.8569650087268107,23.036317921674584,33.002529416244705,9.966211494570121,0.13488039604397695,37.22601896329027,53.82141314210121,16.595394178810935,0.10981720916984618,148.7938992731556,0.0,-148.7938992731556,-2.9057846069335938,17.019646172195017,0.9386549160783055,-16.08099125611671,-0.17646886313833843,6.0881748199783345,61.20838908270059,55.12021426272226,0.8129236074594351
exemplar,exemplar,exemplar/archive_4/8c92183a-750e-4a40-bed6-f6bf66068a7a.pt,45.43038005106718,82.31762940909064,36.88724935802346,0.8110876492608037,11.75141676977981,67.7295665201705,55.978149750390685,0.8991716454398015,94.5373019106737,133.22473926704313,38.68743735636943,1.977688980102539,150.65677089384005,170.59072321663965,19.9339523227996,2.7473342418670654,147.92982210552108,148.6050754997462,0.6752533942251091,0.10053815028464147,58.05517040358909,11.641243569598577,-46.41392683399051,-0.6904880652266941
exemplar,exemplar,exemplar/archive_4/90a548ee-6183-405f-a8d9-33388f78d5ca.pt,18.85351875420133,90.61881027272833,71.765291518527,0.4154550190658167,15.537598091949997,84.4884684492946,68.9508703573446,0.4497802406493419,90.4250371388834,50.50563498968656,-39.919402149196834,-0.9138588905334473,57.34795257792407,63.36961359969007,6.0216610217660005,0.10813319683074951,0.6489968104589079,11.249652015733442,10.600655205274535,0.0999756786256644,40.697243603170946,1.0312695141084782,-39.665974089062466,-0.32763523008765244
exemplar,exemplar,exemplar/archive_4/914614f2-637f-4b82-88d3-a9493d2e4e55.pt,12.206993130673343,57.89799803150152,45.691004900828176,0.3189898151569156,39.52188023355992,87.11980555122732,47.597925317667396,0.276843997989839,80.29598685780702,124.73668686079331,44.44070000298629,0.1946446990966797,4.787748101419097,3.1132496926734867,-1.67449840874561,-0.015297698974609374,68.66533066132264,85.8059108851166,17.14058022379396,0.45688153563580153,123.36547150289243,106.35830000255748,-17.007171500334948,-0.9443037639292635
exemplar,exemplar,exemplar/archive_4/93e7c6b7-e200-4cf5-a00f-14a34b93201c.pt,144.17123905756534,127.9180217643581,-16.253217293207243,-1.6154397409810823,135.0914323348517,111.47457889612281,-23.616853438728896,-1.6439234287464985,150.25645962305447,92.07302319630399,-58.183436426750475,-4.025390080043247,142.61203843027252,135.36596459768333,-7.24607383258919,-0.5860598087310791,161.27456574069996,169.10206028010342,7.82749453940346,2.613737831897779,92.41507672217692,116.7004032908185,24.28532656864158,1.0826726949439858
exemplar,exemplar,exemplar/archive_4/9534d794-7535-4fdc-b445-c2419b20ffaf.pt,54.76801926125564,84.25075131834814,29.482732057092498,0.7015196514772843,48.96192553545714,115.02982425101176,66.06789871555462,2.058929277802893,103.69233209897675,31.53372217909909,-72.15860991987766,-1.6307438214619954,49.79410678342102,134.65530069127,84.86119390784899,2.8819772402445474,88.64305300321325,70.11715849689651,-18.525894506316746,-0.09495510079847268,29.143353571584722,157.11326016281055,127.96990659122582,5.239311218261719
exemplar,exemplar,exemplar/archive_4/964aaac0-3bed-4318-bea6-21d50ad72c0e.pt,12.761149999874798,62.44106993147252,49.67991993159772,0.3395315100846437,47.63531354439257,76.5231315764046,28.887818032012028,0.16874232388438057,149.18387136210964,170.59875371462172,21.41488235251208,0.06593727141387704,55.52261980683205,22.2986989993293,-33.22392080750275,-0.22096374299791124,9.908246625079684,65.61805433757198,55.70980771249229,0.3897638340722318,25.886866245154046,95.92569933225288,70.03883308709882,0.3507813095464939
exemplar,exemplar,exemplar/archive_4/97dbcdf5-c848-49aa-9352-d36fb012c09e.pt,26.316260832531285,112.87875094811876,86.56249011558748,2.2877383550887505,122.81773155111225,13.352905672238126,-109.46482587887412,-0.6167672802902169,0.0,0.0,0.0,0.0,112.82586868004778,187.0375003832221,74.21163170317432,13.134864330291748,150.9263501967821,60.664431496851996,-90.2619186999301,-5.247652407045718,184.32847955770808,99.6838980289219,-84.64458152878618,-16.152458548545837
exemplar,exemplar,exemplar/archive_4/98139b78-5b5f-48a0-80de-d9b6e3d24d09.pt,103.67611092297851,23.27231242771379,-80.40379849526472,-1.943125796866443,54.767323773322886,76.50576523070244,21.73844145737955,-0.20069060787077872,51.334971200276414,133.33333333333334,81.99836213305693,0.0911561648050944,134.15361661029678,121.16782696370497,-12.985789646591812,-0.5003373622894287,149.57227899956234,142.07313157463707,-7.499147424925269,-1.006348876953125,48.49625187243832,127.78694388226371,79.29069200982539,2.174224376678467
exemplar,exemplar,exemplar/archive_4/9a1f36d7-2816-4b0f-b8b5-b2e65627cf2e.pt,15.661407112073013,73.92656471824063,58.26515760616761,1.002650962514832,21.5926025387854,0.9215586278892947,-20.671043910896106,-0.18559210682422173,78.83958935023242,96.26033167395772,17.420742323725307,0.5081974665323893,140.1062424332468,186.66666666666666,46.560424233419866,0.1368996461232503,84.52138170033665,18.088067941030488,-66.43331375930616,-0.42785369419253894,58.859286109920255,190.4540651095468,131.59477899962656,34.18502688407898
exemplar,exemplar,exemplar/archive_4/9a6997d9-2bd1-4ff6-9a73-f05621c1f081.pt,26.795692181867945,33.42550718676413,6.629815004896184,0.09191456523716404,13.719865074974347,48.66751560282401,34.94765052784966,0.5147849237446966,0.0,0.0,0.0,0.0,51.60625814706682,35.4673091918052,-16.13894895526162,0.019170602162679035,91.74909679116215,2.8788984628806547,-88.87019832828149,-0.6005328376556804,44.53441388760435,10.012393282736111,-34.52202060486824,-0.2587381449679549
exemplar,exemplar,exemplar/archive_4/9ada9795-eb64-47d0-aa19-a9162b706a25.pt,10.813150057455777,61.77383221330818,50.9606821558524,0.791215780249752,15.510039829166102,106.73386422035037,91.22382439118427,2.120550528090036,165.2913640603635,156.23155757469743,-9.059806485666059,-0.02784285922230724,40.78737160049909,102.95963686491004,62.172265264410946,1.4860106706619263,106.45031742316421,85.70274355524191,-20.7475738679223,-0.09469929632739486,71.94358191459881,114.6963901060408,42.752808191441986,1.1741325855255127
exemplar,exemplar,exemplar/archive_4/9b0c91ce-b9b1-429d-9742-7450ed142395.pt,116.50729880197326,18.31130712622027,-98.19599167575299,-2.6226834959745116,98.73536686978825,22.78460139216923,-75.95076547761903,-1.6926734720837915,133.33333333333334,148.76912639443165,15.435793061098309,4.173159917195638,46.716738006070365,52.28551696497969,5.568778958909327,0.08198245366414388,108.51805509013629,95.59815014648262,-12.919904943653663,-0.5402754114029256,80.02326790795375,149.03302372233685,69.0097558143831,4.490970100324178
exemplar,exemplar,exemplar/archive_4/9c54421a-7338-494a-8474-d9074a9ecf97.pt,69.97683736996267,28.017091459027043,-41.959745910935624,-0.7504071704010654,44.12499330010184,119.96625275910763,75.84125945900578,0.18347456754016145,70.19531139143432,123.30999155404179,53.11468016260747,0.24212212221963064,132.74438155031805,0.0,-132.74438155031805,-1.9737292528152466,13.613420448057251,16.599335480844005,2.985915032786753,0.025765268426192433,40.69995915216801,69.16334923996351,28.463390087795496,0.5393004715442657
exemplar,exemplar,exemplar/archive_4/9d448692-78f8-4d5c-8088-898eb5995a9b.pt,50.011100286597525,26.27101265092197,-23.740087635675554,-0.3644083574259355,45.77111293550079,34.93688180097788,-10.83423113452291,-0.17022226599844648,0.0,0.0,0.0,0.0,11.913496428169642,30.0655104762156,18.152014048045956,0.21726980209350585,58.98298701810241,40.4911268025801,-18.491860215522316,-0.11875100890686721,4.198262171750223,56.87017495998242,52.6719127882322,0.39975617937427715
exemplar,exemplar,exemplar/archive_4/9e38eb64-1cfe-4f12-9432-22bdf4a349e1.pt,143.34164176121365,127.16578072176057,-16.175861039453082,-1.5678494583514335,136.3246108837626,113.23203692291057,-23.092573960852036,-1.6717453342793505,149.85161303091797,92.07302319630399,-57.77858983461398,-3.9651102338518416,142.61203843027252,135.36596459768333,-7.24607383258919,-0.5860598087310791,161.42703960397913,169.29722316505345,7.870183561074327,2.6551306488317086,92.97327342484276,117.16828978363877,24.19501635879601,1.0903877022713777
exemplar,exemplar,exemplar/archive_4/a391283d-e967-49dc-b6bc-4b02d35e002e.pt,63.050659487749584,36.59763475861798,-26.453024729131606,-0.47281822297670384,59.70820812234725,47.52416558883245,-12.184042533514798,-0.22782022230570104,0.0,0.0,0.0,0.0,3.182717598214817,25.068548778939903,21.885831180725084,0.2297532081604004,47.63325481456704,31.567128449581674,-16.066126364985365,-0.1120604356154109,11.37832745200069,31.83254792458559,20.4542204725849,0.15391028763793851
exemplar,exemplar,exemplar/archive_4/a3ea0c4f-3403-453c-81e8-4c9371ba8d41.pt,41.356490600757944,63.49077364843111,22.134283047673165,0.1392187427726726,46.42671752869915,53.05010202674061,6.62338449804146,0.04248497964390083,0.0,0.0,0.0,0.0,0.0,0.0,0.0,0.0,86.4484067254172,60.53865102742587,-25.90975569799133,-0.6512415268841911,14.634192907536125,107.8615994365774,93.22740652904128,1.8194999694824219
exemplar,exemplar,exemplar/archive_4/aab521f7-157c-46ec-bffc-c37761dff1db.pt,5.735928768004141,13.008022008781222,7.272093240777081,0.06637571447206148,3.4598516036565172,18.795895847661217,15.3360442440047,0.17344264702438567,60.53414051267948,1.2245269775589025,-59.309613535120576,-0.83879638671875,105.2765394100305,137.47229888678746,32.19575947675696,1.6307594776153564,89.06387596659852,128.42150981091535,39.35763384431684,1.9800700801626112,52.30787907710317,119.33435583372305,67.02647675661987,2.2391517639160154
exemplar,exemplar,exemplar/archive_4/ab77bd50-b36b-4b19-913c-cd01ff0e8a94.pt,103.57902905423113,25.126977204151302,-78.45205185007983,-1.9251064359785692,83.14413738384448,16.947949738371772,-66.1961876454727,-1.2666982537421987,69.68368133494127,95.30903722128407,25.625355886342803,0.7095750172932943,87.5289898893906,82.72825985936687,-4.800730030023729,-0.12132549285888672,143.68614006816122,136.83846099650148,-6.847679071659741,-0.7689263806371631,123.22005434744669,155.36887615838154,32.14882181093485,3.733318210877094
exemplar,exemplar,exemplar/archive_4/acd0fc9a-5e08-4344-88ef-ada264891cb6.pt,30.52720674187546,19.49192489176148,-11.035281850113979,-0.14429229809647015,8.858679255560837,152.94997252695865,144.0912932713978,0.7818236991418948,0.0,0.0,0.0,0.0,0.0,0.0,0.0,0.0,0.12989483363515314,72.6108626607473,72.48096782711215,1.1323610093858507,54.614914005212086,32.84923205178308,-21.765681953429002,-0.3518727123737335
exemplar,exemplar,exemplar/archive_4/ad9bbfab-8ff4-49f3-8d9c-ab37947d788a.pt,54.523475072432035,87.51047541349845,32.98700034106642,0.8062884742572243,32.04760878412985,109.71726934681871,77.66966056268886,2.048671961517165,104.03649003095137,24.16118647342848,-79.8753035575229,-1.7356537183125813,48.399671621488714,139.88053462484015,91.48086300335143,3.345752000808716,88.73881835294615,76.28726570234764,-12.451552650598515,-0.06237555169439935,18.271258725013553,143.61581260448264,125.34455387946909,4.1056413650512695
exemplar,exemplar,exemplar/archive_4/b1e95b21-3d49-4f0f-9eb6-fc4835b0816b.pt,4.234614091940659,38.351851795513284,34.11723770357263,0.2785043797348485,69.3881346297881,59.2608423363445,-10.127292293443595,-0.0579941524665151,43.39234824052002,5.548306053474327,-37.844042187045694,-0.45848751068115234,141.08179414706768,136.5491054511018,-4.532688695965874,-0.24249267578125,60.39344533769656,20.779858346850602,-39.61358699084596,-0.2754954817108295,64.73753715842003,49.573044616950234,-15.16449254146979,-0.09152164814635093
exemplar,exemplar,exemplar/archive_4/b3e352b0-02aa-42e9-b905-77d4b7f1dfd1.pt,1.0858422774542713,61.46596551754105,60.38012324008678,0.4591713924669923,58.683709156281886,59.71479210187478,1.0310829455928925,0.006137776433810534,150.0,40.68744000900934,-109.31255999099065,-0.4541681110858917,38.148984599336636,9.348457623083947,-28.80052697625269,-0.3111167748769124,8.185777956588883,68.40303432508112,60.217256368492244,0.43098282741558225,54.212028881479874,102.13494051654818,47.92291163506831,0.24945616187118902
exemplar,exemplar,exemplar/archive_4/b3ee34d7-b26c-4327-9077-79e2513947cc.pt,162.30629332929894,167.20135058770114,4.895057258402204,1.5814844032243498,162.5095115700611,169.5144467138267,7.004935143765579,2.4474827299182045,0.0,0.0,0.0,0.0,165.37711690707494,182.0014761667725,16.62435925969757,5.335495948791504,184.82810541614597,185.81739111992934,0.9892857037833664,1.787933349609375,129.5086489341463,163.2135712262219,33.704922292075594,3.8993401527404785
exemplar,exemplar,exemplar/archive_4/b3ff10dc-d76f-4720-bd29-4bf354efbe46.pt,16.663810378471904,28.176193471955873,11.512383093483969,0.09314488810210683,9.499704295961191,92.35755334678649,82.8578490508253,1.6152605001857792,34.519583022730124,59.67181510178959,25.152232079059466,0.37909936904907227,28.42731632668401,60.37167825583554,31.94436192915153,0.4000311493873596,109.06267145224137,124.86952534260644,15.806853890365062,0.9094817062904095,74.68056666730739,4.7850265980903925,-69.89554006921699,-0.8571151494979858
exemplar,exemplar,exemplar/archive_4/b4dfdcc1-4667-49f1-ac5b-183e7ecc2ebc.pt,166.91731116231136,167.9909617336145,1.0736505713031477,0.40172879201061323,164.92671714786962,150.90270129506493,-14.024015852804695,-2.4432034492492676,0.0,0.0,0.0,0.0,154.06022734267646,174.50782517792783,20.447597835251372,3.492018699645996,170.54613277670552,190.18624412995558,19.640111353250063,26.207892281668528,35.75738103307542,48.49625187243832,12.738870839362903,0.15358293056488037
exemplar,exemplar,exemplar/archive_4/b5c285f0-db91-4f79-9db6-e8a7c94edf84.pt,6.952929866146595,10.534359957861017,3.581430091714423,0.03287849796357313,75.41118868610292,7.005241453822183,-68.40594723228074,-0.4798764982801004,53.7393834484317,38.185786387821416,-15.553597060610286,-0.2409673531850179,48.72424650510389,28.295083110782663,-20.42916339432123,-0.051846067110697426,70.47148798281941,90.6273647065683,20.15587672374889,0.5619850158691406,63.47309599352635,35.75738103307542,-27.71571496045093,-0.37080299854278564
exemplar,exemplar,exemplar/archive_4/b624fe6a-af6a-49d1-9462-76d216decf06.pt,78.40593141797962,0.647753327956123,-77.75817809002349,-1.2831297446334153,39.00171391296424,7.0198870769294,-31.98182683603484,-0.41666774086623454,53.72747902658197,14.309559591186902,-39.41791943539506,-0.5890589904785156,47.805154048259695,56.8918571183619,9.086703070102203,0.15297253926595053,112.48782547578787,134.6877321603819,22.199906684594026,1.5521019162155512,96.69543183822155,125.07543946261711,28.38000762439556,1.4609729855559592
exemplar,exemplar,exemplar/archive_4/b8f39c72-91d2-4d02-b05c-57c42cb15022.pt,93.10658493086818,27.13245219135786,-65.97413273951032,-1.4278204157488987,37.66180769766519,71.57980127221252,33.91799357454733,0.06312585312546037,126.47922914793266,198.1818181818182,71.70258903388553,0.21962373906915839,127.1858092060135,144.414860379958,17.229051173944484,0.8513666391372681,64.4124417158053,25.11354828011388,-39.298893435691426,-0.7256727393293555,178.16355895071618,173.40506414406065,-4.758494806655534,-2.4581594467163086
exemplar,exemplar,exemplar/archive_4/bba17e96-bfc6-4f7b-a3b3-e191e54db17e.pt,69.76425344639662,10.656637734629493,-59.10761571176713,-0.9701452678661658,38.22760002680037,7.822868142168326,-30.404731884632042,-0.39731405638042905,53.72747902658197,14.309559591186902,-39.41791943539506,-0.5890589904785156,47.805154048259695,56.8918571183619,9.086703070102203,0.15297253926595053,112.7574815083545,134.90323255077314,22.145751042418638,1.5582367063982214,96.69543183822155,125.07543946261711,28.38000762439556,1.4609729855559592
exemplar,exemplar,exemplar/archive_4/c0318fb8-5cf4-4868-a6e3-376c95dee192.pt,43.13168031180485,34.772928607742884,-8.358751704061966,-0.2536636966669892,118.23605596895122,77.1143863914081,-41.121669577543116,-0.1861149346157586,0.9710934289491581,77.51741545339065,76.5463220244415,0.4574875036875407,23.19204593301274,12.226543004162949,-10.96550292884979,-0.11034002900123596,157.77601943586944,111.15708058427884,-46.6189388515906,-4.840146516498766,15.446778526041888,28.959149757353554,13.512371231311667,0.06417524814605713
exemplar,exemplar,exemplar/archive_4/c21d74eb-cbc9-46a8-8b36-055d46bcd75f.pt,71.28512517452998,10.406240267496148,-60.878884907033836,-1.00869566314175,41.35179400372215,13.660916348568922,-27.690877655153226,-0.3934157538659794,41.96320252183087,2.063262499877743,-39.89994002195313,-0.5011779643871166,15.165781958142738,27.941910037704755,12.776128079562017,0.14921658379690989,92.79433383249845,118.5085979328164,25.714264100317948,1.176352835990287,79.0562028129577,116.12438516830139,37.068182355343694,1.4571059327688276
exemplar,exemplar,exemplar/archive_4/c3db69c9-fbf2-4375-ae82-034c48a2402e.pt,88.84916882078316,10.34954399916805,-78.49962482161511,-1.5002169329135573,65.7956523521423,24.992667720767145,-40.80298463137515,-0.6948692143499101,46.217616336982985,73.12866659737014,26.911050260387157,0.7125979661941528,30.360589554899757,28.66349236435413,-1.6970971905456267,0.06389570236206055,36.53206692783676,37.014901920412015,0.4828349925752562,0.007242838541666667,6.422883943526279,38.870865916476475,32.447981972950195,0.41482866180609473
exemplar,exemplar,exemplar/archive_4/c450d8f6-023f-4ab0-85f6-0934c9d8e967.pt,76.00219638360109,89.38509103400894,13.382894650407849,0.3898012525686259,93.99880952044187,126.03958068626319,32.040771165821326,1.6324531662632042,0.0,0.0,0.0,0.0,147.42037205100155,169.23710393533366,21.816731884332114,2.6975839138031006,185.14274918873517,182.8416848326075,-2.301064356127654,-3.520304870605469,191.9939733279039,196.04514426941893,4.051170941515039,38.38434600830078
exemplar,exemplar,exemplar/archive_4/c5aa81c6-cac5-44db-bb2d-0450c909ea9f.pt,2.335594076972315,13.528671155695255,11.19307707872294,0.12146903717627403,14.284574394774905,6.588308353985207,-7.696266040789698,-0.06519539543524416,144.39722971136482,104.29402416578394,-40.10320554558088,-2.8773997913707388,103.16647606882356,138.18013139646297,35.01365532763941,1.949675718943278,80.72691869689974,88.91692250642421,8.19000380952447,0.2472041214023702,11.083268160517978,12.448360784046773,1.3650926235287955,0.01217268995641253
exemplar,exemplar,exemplar/archive_4/ca4b5a45-6965-4ecb-9d2e-38ddff7463e5.pt,57.98994612889233,32.849876831030556,-25.14006929786177,-0.5345195597188719,4.198307284236953,32.784000740928256,28.585693456691303,0.23877736715682898,166.66666666666666,65.1279650900444,-101.53870157662226,0.05195967356363932,11.253874389486732,52.31853606055276,41.06466167106603,0.5156229734420776,54.17092744064276,85.42838192059605,31.257454479953296,0.1723117848285764,78.17220363251586,90.83305574771171,12.660852115195851,0.06256818073551829
exemplar,exemplar,exemplar/archive_4/cc1c90d0-9335-4c05-bf3a-b750ec5adc20.pt,103.37937639144968,25.402847304372514,-77.97652908707717,-1.914211175380609,76.41990422962058,22.78460139216923,-53.635302837451356,-0.9794923217538494,133.33333333333334,99.02097409144001,-34.31235924189333,0.9676822026570638,41.892526148511564,51.31949348357602,9.426967335064454,0.13367319107055664,114.70861457977765,87.30139286474832,-27.407221715029323,-1.1387824432465805,88.20970085001544,150.35137483509922,62.141673985083784,4.455404851854462
exemplar,exemplar,exemplar/archive_4/cc2d357e-c3ae-491b-b7d7-703727137e95.pt,18.321385093710237,55.90469186167395,37.58330676796372,0.23522217765687004,67.34701450582867,78.12547681287431,10.778462307045643,0.05798217578925279,99.19665323995328,176.52882047258342,77.33216723263014,0.27351341691128045,28.89349965564776,2.3015863203280564,-26.591913335319703,-0.21280867712838308,57.30625504644445,1.750496490618058,-55.555758555826394,-0.7853946930608227,114.7432688305852,14.214053094330747,-100.52921573625444,-2.5288563809653586
exemplar,exemplar,exemplar/archive_4/cd22e983-c9c3-4d45-929b-a53cb807295c.pt,32.15117997605203,94.6554904937844,62.50431051773237,1.413831258801962,22.323401379709814,140.65685814568565,118.33345676597582,4.537992391600145,92.36925367113045,115.79850193737745,23.429248266247,0.10131309281534223,101.53806860050288,156.25569187549567,54.71762327499279,2.5407814979553223,168.6572302740732,176.9638829552473,8.306652681174086,4.492353893461681,11.92874526240742,97.37492721361843,85.44618195121102,1.3281221389770508
exemplar,exemplar,exemplar/archive_4/d2dd5e51-59c3-41f2-aa1b-e0f82ffe6545.pt,90.02988112611442,1.0327843775699799,-88.99709674854444,-1.6269744642435453,66.8187333838205,29.58511981033587,-37.23361357348463,-0.6561727095472202,46.71421937231466,68.74207613397841,22.027856761663756,0.6130154530207316,30.062965618848658,24.43127782217916,-5.631687796669496,0.01526813507080078,37.99095855559862,37.99095855559862,0.0,0.0,7.1087794658732815,34.22841895095796,27.119639485084676,0.33819760150790956
exemplar,exemplar,exemplar/archive_4/d89b0478-e5aa-475d-af6f-3e044a842d22.pt,11.517704569471071,16.650198867301274,5.132494297830203,0.0447995164025935,21.052783851314803,69.02414390577866,47.97136005446386,0.3226217721779157,27.024510845595156,166.66666666666666,139.6421558210715,0.5469058354695638,26.296065466580547,41.46295275885496,15.166887292274414,0.24222123622894287,180.78932197886257,147.72637122040967,-33.0629507584529,-13.089408316263338,51.55118545773877,2.8287873417124723,-48.7223981160263,-0.37843622984709563
exemplar,exemplar,exemplar/archive_4/d8f74d4e-05f1-4955-86f0-830ca762b176.pt,52.028821905783225,47.638448635845435,-4.39037326993779,-0.3184718709399961,3.630555649323608,36.89487524481164,33.264319595488026,0.27450116149781467,166.66666666666666,69.79439989993854,-96.87226676672812,0.14939244588216147,11.253874389486732,56.95439301082991,45.70051862134318,0.5924293994903564,54.036158809050214,85.51370212622058,31.477543317170365,0.173565266361157,77.88162009241388,88.64291880455814,10.761298712144253,0.05364040467797256
exemplar,exemplar,exemplar/archive_4/d9f93158-6ccc-4d2b-a170-237f34ce5331.pt,29.23427618200032,105.52083612829956,76.28655994629925,1.891152251108476,55.32426418053888,173.81171019214736,118.48744601160848,12.497464006434686,87.62818968090255,107.2470672457657,19.618877564863155,0.08864295905363476,103.60118513223854,156.77366076337705,53.17247563113851,2.552094340324402,177.09518054828686,183.5850039592002,6.4898234109133455,6.674242146809896,4.7850265980903925,87.71699380337674,82.93196720528634,1.1350528001785278
exemplar,exemplar,exemplar/archive_4/da3f016e-20ab-4fd7-952a-595b8f71f7af.pt,23.728769770978385,32.08406224868795,8.355292477709565,0.06436428000220605,73.96050216712804,17.686618899712435,-56.273883267415606,-0.3773154486031886,1.7955917938602133,73.6041879881538,71.80859619429359,1.003225326538086,23.240599114150164,64.30251078238028,41.06191166823012,0.5546415150165558,177.70487642707346,170.483011754185,-7.221864672888472,-4.337367466517857,17.314563164064786,69.40029672455356,52.08573356048877,0.8335454247214578
exemplar,exemplar,exemplar/archive_4/db688f60-06c1-4a90-9135-f24939f749c1.pt,163.6101310695797,144.0826007294392,-19.527530340140487,-3.8166005803250718,152.79386375758085,140.09363278373155,-12.700230973849301,-1.6466890970865886,73.88897899029617,130.6782710609072,56.78929207061104,2.1653234163920083,0.0,0.0,0.0,0.0,154.50830489518336,176.73307106899392,22.224766173810565,8.136501789093018,6.1869757226165225,13.661895769308234,7.474920046691712,0.05090254545211792
exemplar,exemplar,exemplar/archive_4/de2b487d-3146-4596-8935-9b3df1e70a4f.pt,77.74277786201503,8.03994117456739,-69.70283668744764,-1.187946605645318,50.017983108248906,43.342545570919135,-6.6754375373297705,-0.1136376916604338,31.070168565976207,70.1381616013841,39.067993035407895,0.7098634839057922,12.061900553963556,30.904551628517606,18.84265107455405,0.22659263610839844,77.65633215110343,79.34698230326515,1.690650152161723,0.045767839321357286,33.82644972722244,76.39417650434677,42.567726777124335,0.8257584682730741
exemplar,exemplar,exemplar/archive_4/deae57f3-6e32-43b3-82ae-eb94666b0ec5.pt,170.62651563223628,153.66112168340456,-16.965393948831718,-4.949535425158515,12.826912771569663,49.61438184059038,36.787469069020716,0.19535164535045624,0.0,0.0,0.0,0.0,160.75460229815022,178.39481282321728,17.64021052506706,4.160897254943848,178.9301766320947,190.6259608475953,11.695784215500595,22.77552208533654,17.444387599794116,8.374524354731953,-9.069863245062162,-0.05478304624557495
exemplar,exemplar,exemplar/archive_4/dff07353-88f8-4592-9a88-cda83160792d.pt,82.45601191048186,72.74361574573722,-9.712396164744646,-0.05042850362819821,126.39362110085564,49.329721350376616,-77.06389975047902,-0.3787828845044454,28.55138781909873,70.12847735974256,41.57708954064383,0.1844701593572443,93.49614659085803,86.5263664358651,-6.969780154992932,-0.03149456977844238,26.261291431711307,17.02258299391634,-9.238708437794966,-0.046042521698771106,78.41514462584293,29.748790100138603,-48.66635452570432,-0.21308985743029366
exemplar,exemplar,exemplar/archive_4/e276239b-fb1a-42fe-a821-26f171cd3740.pt,15.950262726811909,71.06117861957972,55.110915892767814,0.37657230871236697,46.878600384040965,93.98721363542023,47.10861325137927,0.25961330867176685,140.02046047680886,174.21722448842655,34.19676401161769,0.10708523535913275,89.59207201128659,38.87249345606205,-50.71957855522454,-0.95035187403361,25.14704227666584,65.71219214355646,40.56514986689062,0.2711834763419545,106.13321203810185,122.27411516810045,16.140903129998605,0.06540938214557927
exemplar,exemplar,exemplar/archive_4/e950ae24-8149-4902-abb3-92bbe2aecd63.pt,67.44388641918937,59.02276550342235,-8.42112091576702,-0.5616552664670325,56.95873505657479,37.04664039065706,-19.912094665917728,-0.48364654974698484,133.33333333333334,133.33333333333334,0.0,0.0,157.51103630101724,98.8969745895217,-58.61406171149554,-2.728924512863159,81.7636477146604,31.11750550793634,-50.64614220672405,-1.013571786697797,26.18591579722976,62.881449441577715,36.695533644347954,0.6142786846259715
exemplar,exemplar,exemplar/archive_4/eaba7bd5-f8e5-45c7-8194-e722f3af20ff.pt,46.67194970190062,67.25533900284704,20.583389300946415,0.40443192929704186,68.3944826767295,74.31548265443516,5.920999977705662,0.14285863588934075,0.0,0.0,0.0,0.0,0.0,0.0,0.0,0.0,17.6974688047623,32.25623106724738,14.558762262485079,0.0830866813659668,148.82341845036242,54.614914005212086,-94.20850444515034,-3.7985708713531494
exemplar,exemplar,exemplar/archive_4/ead2ec1e-40d8-4acc-91c8-0d319af0c066.pt,8.773953602255602,4.965932250955783,-3.8080213512998196,-0.035595694357155684,1.4796666982602589,33.22443382758881,31.74476712932855,0.3835197759535934,62.64445193350823,10.076293624495973,-52.568158309012254,-0.7916478429521833,56.85772931860993,110.19571718146156,53.337987862851634,1.3830899397532146,106.14839476718552,134.16495350183206,28.016558734646537,1.811493450003877,75.36565343528018,120.85036386657598,45.484710431295795,1.835630884710348
exemplar,exemplar,exemplar/archive_4/eb5a1ea8-c51d-4bb9-b7b4-75eed4853c86.pt,24.658400408247505,69.3315166415354,44.6731162332879,0.23357448805434677,52.521314399242485,90.32376713028967,37.80245273104718,0.2062495503384187,119.92005964565502,168.8879761279336,48.96791648227858,0.16532900906348413,35.383498965884776,7.190527638657821,-28.192971327226957,-0.2147188867841448,41.73113777824641,5.364032614941416,-36.367105163305,-0.4748287601070804,100.84205719819082,29.81117887125652,-71.0308783269343,-1.677111958348474
exemplar,exemplar,exemplar/archive_4/ebce0d5b-5f05-4508-8ee8-3f25e158eb65.pt,124.6099844450767,42.16869435890502,-82.44129008617168,-0.4194636386537243,66.02616171957042,63.07046049028868,-2.9557012292817433,0.4247587157985077,189.92434133164207,134.32609008967907,-55.598251241963,-0.17031971045902797,149.19891748486737,187.96349248074125,38.764574995873886,12.679191589355469,191.8636408854993,184.55356262399116,-7.310078261508153,-22.539033889770508,194.98316071745026,197.76082431112843,2.77766359367817,74.17926788330078
exemplar,exemplar,exemplar/archive_4/ecd4a3ae-951b-4cf2-9c32-79bbf5637673.pt,9.14989139569874,45.65202254588507,36.50213115018633,0.5039678870808678,7.60594189574807,1.4303502401921588,-6.175591655555911,-0.0588509285013089,70.00426131064661,53.40372986020189,-16.60053145044472,-0.31940476099650067,128.71151796196344,0.0,-128.71151796196344,-1.8055022954940796,134.12911159010324,158.05091104495068,23.921799454847445,3.4206524360470656,58.859286109920255,183.40883111068396,124.54954500076371,18.61576533317566
exemplar,exemplar,exemplar/archive_4/ed65d0b7-0b0c-4b25-b9b3-bba6415e835f.pt,24.527328092609785,8.050754755085755,-16.47657333752403,-0.14108619082035084,28.258007858102715,5.935606234241222,-22.322401623861495,-0.18642283583455344,54.18267357318856,10.89518540353821,-43.287488169650345,-0.6284093856811523,59.212208082029896,114.59396589219013,55.38175781016023,1.5352953275044758,134.30204175603586,154.49297773258766,20.1909359765518,2.697997740934367,103.82851040039117,137.60833111507677,33.7798207146856,2.2408369475719976
exemplar,exemplar,exemplar/archive_4/ef021cd3-8378-4d1e-9f1f-070602c5f684.pt,14.050537021075986,19.83935241496017,5.788815393884185,0.06911804835188655,5.033636004118415,36.62878011566344,31.595144111545025,0.3993068712896299,141.22982226022071,107.636893942114,-33.592928318106715,-2.3629195473410864,109.01965479864845,137.89274365587931,28.87308885723087,1.7032643953959148,35.874169914039214,53.420124066250295,17.54595415221108,0.2916676524296209,62.29222549914332,41.71902724082809,-20.57319825831523,-0.12975920288443915
exemplar,exemplar,exemplar/archive_4/ef2865d0-3f5b-4b1f-8655-ff7d550736c2.pt,145.15341344763075,119.12053717959847,-26.032876268032282,-2.338613868656015,5.801421760220939,12.476038654736593,6.674616894515654,0.05701668317927871,78.47596142479593,139.83044374944447,61.354482324648544,2.796958605448405,0.0,0.0,0.0,0.0,144.99704069247738,169.5856513599354,24.588610667458028,5.724631460089433,1.1610267197961124,2.4966581903555123,1.3356314705594,0.009735524654388428
exemplar,exemplar,exemplar/archive_4/efa78183-092f-4770-86fd-d318cda4daa2.pt,148.5146629110321,124.43605377107428,-24.07860913995782,-2.475547025499341,146.561908801839,125.55981981109132,-21.00208899074768,-2.1116766024014884,98.37376236862319,159.83457560136097,61.46081323273778,0.22870978055425653,142.61203843027252,148.87590397199992,6.263865541727398,0.6404972076416016,167.9639849353948,179.74563661196777,11.781651676572977,7.141835530598958,139.37298108880546,189.78724969228588,50.41426860348042,27.14084021250407
exemplar,exemplar,exemplar/archive_4/f1369026-b6ce-4401-8f3a-9079a7bb9cfb.pt,42.63060039346749,62.24113584426661,19.61053545079912,0.36183140028070393,5.5424849514688965,62.162000617808786,56.61951566633989,0.8449447540605126,4.671529396671489,99.340320357752,94.66879096108052,0.6157400596009226,76.67002222562294,146.6613101053906,69.99128787976767,3.8303237915039063,116.81969904293935,142.06686062741545,25.247161584476103,2.092343081334594,159.9849539951208,194.724114951708,34.7391609565872,62.52940216064453
exemplar,exemplar,exemplar/archive_4/f2ac7800-495d-44fc-81ae-b3c9fdc3656d.pt,64.50815360191052,76.76979996868563,12.26164636677511,0.06699581735479623,99.76696329335707,73.2245112432888,-26.542452050068263,-0.12962460376146842,0.0,0.0,0.0,0.0,0.0,0.0,0.0,0.0,98.2490538723356,98.2490538723356,0.0,0.0,4.904428221169847,83.04611067832076,78.1416824571509,1.143567442893982
exemplar,exemplar,exemplar/archive_4/f9012451-79a9-4be9-be03-9b56617d2e21.pt,13.418586610422958,53.38276452677302,39.96417791635007,0.5842977350131998,17.876677419585352,7.49269596144647,-10.383981458138882,-0.12407921077633008,22.829210597078756,104.01071769530022,81.18150709822146,0.47749574055043303,158.89388864834203,0.0,-158.89388864834203,-3.8654565811157227,62.393925949071736,34.70249581628486,-27.691430132786877,-0.48637531559641767,61.83079414560864,113.30367071789573,51.472876572287085,1.7055828387920673
exemplar,exemplar,exemplar/archive_4/f91aaca3-3e17-40f5-8dbc-f91b66fb6ff6.pt,21.29535393395231,80.17083393726162,58.875480003309306,0.3339582041270082,11.396968204297425,81.51283013946431,70.11586193516689,0.47126772469823897,71.88348779102088,71.06441180083327,-0.8190759901876135,-0.018842124938964845,40.93487411290833,57.151242311695405,16.216368198787073,0.24978721141815186,9.380467248768555,20.662042774819817,11.281575526051261,0.0976534275650289,38.31038424148596,23.352548038342654,-14.957836203143309,-0.11235256288109756
exemplar,exemplar,exemplar/archive_4/fe7e730c-d073-4096-b2ee-40007ede4bd8.pt,51.66150589929568,113.65848440413687,61.99697850484119,1.9361936986778665,77.93201475160966,138.8618331805563,60.92981842894663,3.265397141364425,82.22808897718065,89.58149840357821,7.353409426397562,0.2073369026184082,71.53032194544741,133.33333333333334,61.80301138788593,-0.26131264368693036,95.83032241994323,91.9267823385515,-3.903540081391725,-0.01806337713974084,36.3905742524266,139.37298108880546,102.98240683637886,3.460726261138916
exemplar,exemplar,exemplar/archive_5/0005d2ec-d7b6-451f-8b60-8380567be609.pt,19.500829650844405,20.277951361220744,0.7771217103763384,0.009582173521588879,44.982224516396506,136.7452910944171,91.76306657802058,0.44491928908683803,114.42558520693859,164.4414368393106,50.015851632372005,0.17391436229380527,11.023363136885992,31.11405596418872,20.090692827302725,0.23758835792541505,168.50167965408446,61.982555888977906,-106.51912376510654,-9.78524907023762,11.649134344659124,14.589369371454731,2.940235026795607,0.04682098388671875
exemplar,exemplar,exemplar/archive_5/004fadab-4511-45a6-83aa-cee15591ed3f.pt,97.70381104948483,35.5606456612079,-62.14316538827693,-0.35443430519853664,56.25903708813287,66.13937859574591,9.88034150761304,0.5490433801810467,184.0560856240915,128.45923683881233,-55.59684878527918,-0.17598111048182835,170.04071781351664,186.68979947671917,16.649081663202537,8.350342273712158,183.80016740177504,181.12208199370582,-2.6780854080692222,-3.419435046968006,189.36806535810507,195.75534584449292,6.387280486387851,47.17806498209635
exemplar,exemplar,exemplar/archive_5/020a127d-a6fc-4a0c-9f36-5c82d526c402.pt,18.69667015272826,22.641863588916024,3.9451934361877647,0.08433975717672038,3.0161825361632144,141.88088257503702,138.8647000388738,4.85118012030171,118.55795077266865,151.802542016543,33.24459124387434,0.1186270308398042,62.90769122320904,84.50756284333667,21.59987162012763,0.4092661142349243,113.22509133974424,147.2784752958179,34.053383956073674,2.926071956239898,32.84923205178308,90.19524753190647,57.34601548012339,1.020509511232376
exemplar,exemplar,exemplar/archive_5/0293b666-44a9-40aa-9a69-e539fe7ae890.pt,66.6588396915471,70.61604610886613,3.9572064173190284,0.09173572933954435,110.7043348831407,150.14260471553288,39.43826983239218,0.14492898174459837,0.0,0.0,0.0,0.0,81.4943443538454,159.002549790111,77.5082054362656,3.190669000148773,190.26930017798227,162.77008606463565,-27.499214113346625,-29.779060950646034,57.90746710129935,7.573927377038975,-50.333539724260376,-0.6837504250662667
exemplar,exemplar,exemplar/archive_5/06295731-ef11-49c3-bd2e-19189605f869.pt,25.283831772081676,26.89836017087295,1.6145283987912755,0.0863145187745202,10.074189411714167,39.1160370445566,29.041847632842433,0.3903286269231374,0.0,0.0,0.0,0.0,14.021776766637824,65.4068015844521,51.38502481781427,0.7357761859893799,6.692714716186797,89.13133584175705,82.43862112557025,1.5421749221597814,2.306260331664316,41.704425729329245,39.398165397664926,0.50238037109375
exemplar,exemplar,exemplar/archive_5/09ca9bf5-b8d0-442e-8a3d-9eab5d58d05b.pt,21.935925878117793,75.514186274442,53.578260396324204,0.9666471240215383,159.9613557257929,116.57605256839817,-43.385303157394745,-0.15217262524712705,0.0,0.0,0.0,0.0,0.0,0.0,0.0,0.0,85.22451719918345,5.246903624733795,-79.97761357444966,-1.4254017784481956,148.82341845036242,25.776862464146188,-123.04655598621623,-4.140126526355743
exemplar,exemplar,exemplar/archive_5/0b93dc15-d08a-4cb4-a9a1-97f2082e6ead.pt,125.86673198841453,89.40774106685708,-36.458990921557444,-1.7786783062145175,149.7077654121378,124.47197795686085,-25.23578745527695,-2.656880956643896,67.07618853606665,133.33333333333334,66.25714479726669,-0.17436885833740234,108.88780580418351,96.0105644683225,-12.877241335861015,-0.40773534774780273,159.614840187145,142.07730256402613,-17.53753762311888,-2.9412020169771633,132.8453920718689,159.24391838439598,26.398526312527082,2.893561363220215
exemplar,exemplar,exemplar/archive_5/0d02b95b-0f3d-4ec6-9d1d-fef436406efd.pt,118.56655332541656,61.25815801229181,-57.308395313124755,-2.0287255226548035,121.89435809944834,18.408505906652795,-103.48585219279555,-2.9175961061507936,64.82909435353996,133.33333333333334,68.50423897979339,-0.13268057505289713,50.49888904083727,57.80315583597084,7.304266795133572,0.10307741165161133,161.6301929080979,142.44756319224203,-19.18262971585588,-3.449130787568934,52.945595075961485,1.822526420218003,-51.12306865574348,-0.6950691511046212
exemplar,exemplar,exemplar/archive_5/0d258a70-60a2-425a-9188-c5af9bfb9e2c.pt,27.69248864723209,53.353491993973414,25.661003346741325,0.09973096691806825,5.993400914988791,53.67485228116167,47.68145136617288,0.36132907228284833,166.66666666666666,66.7814189633413,-99.88524770332536,-0.3744085629781087,57.86967437910086,7.451925425102806,-50.41774895399805,-0.6187300284703573,26.37874217922071,74.69372995892351,48.314987779702804,0.31072697946323663,66.18165746900698,118.11136839570727,51.929710926700295,0.24519221608231706
exemplar,exemplar,exemplar/archive_5/0f0539aa-0f9d-4d57-ac73-5a76abfc625b.pt,36.51191573137535,30.84661198994359,-5.665303741431764,-0.08194296599059568,15.56867033267976,45.0347551555963,29.466084822916542,0.412389155830746,140.68578064793948,104.12760155005455,-36.55817909788493,-2.44295654296875,100.24009142425703,127.42229314810898,27.182201723851946,1.2514228820800781,33.12085890943529,54.03138296894273,20.910524059507438,0.3432918997371898,85.30842990026449,61.34811921948924,-23.960310680775244,-0.12850420790233646
exemplar,exemplar,exemplar/archive_5/11917de7-e8b0-4cce-97a9-e9b2d6d22fbd.pt,115.84352021177816,96.57000967972728,-19.273510532050878,-0.8851018132390203,166.5080357449272,135.3603676895143,-31.147668055412908,-5.713306371716485,7.518178668373821,150.0,142.48182133162618,0.681646466255188,135.53332089383628,132.0284850338188,-3.504835860017465,-0.15996885299682617,183.03296237875324,139.0296003947656,-44.003361983987645,-16.674271240234376,185.34023430251182,153.7240434678546,-31.616190834657203,-13.98132610321045
exemplar,exemplar,exemplar/archive_5/13fb14ae-4ff0-47bc-a0db-3c715258d666.pt,54.43545146297584,33.552354258371174,-20.883097204604667,-0.46056181826406123,35.631467555013096,13.38294934066594,-22.248518214347158,-0.17688235290367982,22.70646067219816,70.40180685225035,47.695346180052184,0.6919311682383219,23.19204593301274,21.01882080725041,-2.173225125762329,-0.054106712341308594,104.06622978715268,111.20243613274296,7.136206345590281,0.3283831787109375,87.71699380337674,8.374524354731953,-79.34246944864478,-1.1062663197517395
exemplar,exemplar,exemplar/archive_5/14c60dd4-a95a-430f-a51f-41dc2be5f295.pt,2.3882016222727556,13.58104436007988,11.192842737807123,0.12153296429013684,15.78334630887743,5.082302512358274,-10.701043796519155,-0.09413963299472887,144.39722971136482,104.29402416578394,-40.10320554558088,-2.8773997913707388,103.16647606882356,138.18013139646297,35.01365532763941,1.949675718943278,80.16106286213932,88.3744717760877,8.213408913948385,0.24554131341087443,11.963213904166562,13.327571207499552,1.3643573033329908,0.012065724315319274
exemplar,exemplar,exemplar/archive_5/14fc0e5f-63f1-4d61-b0ca-d81e0a7f69f2.pt,62.214306625486884,63.2253745207092,1.0110678952223182,0.005859375,77.27476535772084,45.196747251011395,-32.07801810670944,-0.18872852945501437,59.27755579258845,113.75363387828622,54.47607808569777,0.2654275200583718,82.84448036896664,77.73208801258838,-5.112392356378265,-0.024730563163757324,44.6438695566742,26.402578176999583,-18.241291379674614,-0.060751920729983415,50.05456273665114,61.223076389316816,11.168513652665673,0.4803124789533944
exemplar,exemplar,exemplar/archive_5/15e1762b-4903-47b0-9281-85d7946949e9.pt,35.702813227322345,18.542657075158914,-17.16015615216343,-0.23023320267648573,11.210041429212533,109.33368727017985,98.12364584096731,0.5881274578115455,118.1177457183182,155.87880627425233,37.76106055593412,0.13290079249892123,6.28407131175843,21.090000762111025,14.805929450352595,0.15735116004943847,123.66350378459921,42.83320318985222,-80.830300594747,-2.6906534830729165,0.5340942116025654,13.258060643348314,12.723966431745747,0.1354242498224432
exemplar,exemplar,exemplar/archive_5/16313ee3-5a21-4c67-9263-31d84b60fca5.pt,54.2255571008118,87.2501857176743,33.0246286168625,0.8036988868792049,31.745852343341312,109.50063634414252,77.75478400080121,2.0423391270147935,104.03649003095137,24.16118647342848,-79.8753035575229,-1.7356537183125813,48.399671621488714,139.88053462484015,91.48086300335143,3.345752000808716,88.73881835294615,76.28726570234764,-12.451552650598515,-0.06237555169439935,18.271258725013553,143.61581260448264,125.34455387946909,4.1056413650512695
exemplar,exemplar,exemplar/archive_5/1cc0f786-4bc4-4bbc-a214-f7ce139a8dce.pt,127.01349014212431,98.11257117278383,-28.90091896934048,-1.5544432839064914,124.29815619016462,136.6044129706363,12.306256780471685,1.0254317837859948,109.74630876620432,184.8236400653729,75.07733129916858,0.2516437006222693,18.070895286677366,50.49888904083727,32.4279937541599,0.3823734521865845,130.27481883210484,147.78269850070797,17.507879668603124,1.886497790996845,15.446778526041888,122.40295846417095,106.95617993812907,2.2405794262886047
exemplar,exemplar,exemplar/archive_5/1e417f81-b53a-4e58-990e-e57dec57dcad.pt,43.0012766919051,62.186821384444194,19.185544692539096,0.35468588634471915,14.14754805390439,69.35161255493905,55.204064501034665,0.9093984616873065,5.178193654163541,98.95794410768359,93.77975045352005,0.6087062184403582,77.14342753260136,146.6613101053906,69.51788257278925,3.8190759658813476,117.45141445426832,142.54160968997715,25.090195235708833,2.1125264551095255,160.47823473951308,194.724114951708,34.24588021219492,62.410874938964845
exemplar,exemplar,exemplar/archive_5/1f9f8204-f3d4-401d-9831-9f1620eef0ba.pt,94.91260197641658,12.561519110100145,-82.35108286631643,-1.6721583331294048,69.54649013836705,116.75199272468093,47.205502586313884,0.2210882188066298,5.054268744121318,133.33333333333334,128.27906458921203,0.6234557628631592,1.4653129558889069,23.851528044084883,22.386215088195975,0.19219881296157837,165.2998604569005,156.51594089170274,-8.783919565197749,-2.304797114158163,31.4515313261594,70.48160662467326,39.030075298513864,0.6913211822509766
exemplar,exemplar,exemplar/archive_5/261c61b2-d60e-4d97-8cf1-6f971956c528.pt,9.369768810001574,62.877929913373045,53.50816110337147,0.8275967602818496,16.9784033808299,107.7868399949352,90.8084366141053,2.1521259457016604,165.62851780940164,156.64627202271086,-8.982245786690783,-0.027547036238644816,40.126583452481455,102.95963686491004,62.83305341242858,1.489820162455241,106.45031742316421,85.70274355524191,-20.7475738679223,-0.09469929632739486,71.94358191459881,114.6963901060408,42.752808191441986,1.1741325855255127
exemplar,exemplar,exemplar/archive_5/277d1ef9-1fbb-4a28-8545-182f6b4ee856.pt,8.404535413876584,17.5594973452105,9.154961931333915,0.08076496448537294,127.89184827483245,48.23651743900537,-79.65533083582709,-2.910911847773082,53.51564901065619,166.66666666666666,113.15101765601047,0.16355514526367188,21.063421422992178,44.03095355850647,22.96753213551429,0.27431877454121906,63.636326106226264,21.9500791777394,-41.68624692848687,-0.734888667553927,47.55953556971738,31.651174190988794,-15.90836137872859,-0.244932407286109
exemplar,exemplar,exemplar/archive_5/296fc1bb-ccae-47a0-92bc-0cb924e81004.pt,18.296507374672125,31.1015240144579,12.805016639785777,0.10152674557714617,125.81416007657296,75.15637603511959,-50.65778404145337,-0.22598751555097865,1.7955917938602133,67.79080020710283,65.99520841324262,0.8814657926559448,26.217014881742667,64.58025747581021,38.36324259406754,0.5414944887161255,176.9114518491306,168.59634098974067,-8.315110859389932,-4.535109086470171,63.088273866680716,113.49733413036553,50.409060263684815,1.5809341158185686
exemplar,exemplar,exemplar/archive_5/2e7a57c3-cee6-49d3-a5f2-67536b0afd50.pt,181.92935569012155,188.86874866107237,6.93939297095082,13.674065607244318,181.66481977862057,179.09562902046048,-2.56919075816009,-2.010922431945801,0.0,0.0,0.0,0.0,135.36245182008392,174.64242608325338,39.279974263169464,4.793013095855713,189.59529924704526,167.09258835998358,-22.50271088706168,-25.349958147321427,152.5407885035583,97.37492721361843,-55.16586128993987,-3.397955298423767
exemplar,exemplar,exemplar/archive_5/3222c8ce-093d-473f-a983-3bd5e69e6b09.pt,28.321759333827465,28.76115141364082,0.4393920798133557,0.0033649080762546166,106.73123823417728,68.67461704064529,-38.056621193531996,-0.18468789104775432,31.273183673223095,33.94545985646937,2.672276183246275,0.03497179349263509,79.68588097434325,21.367452714996627,-58.31842825934662,-0.2754921118418376,176.81831015294404,153.29974566319214,-23.518564489751896,-8.602836303710937,13.41417927557579,98.39755477137994,84.98337549580415,1.6650469643729073
exemplar,exemplar,exemplar/archive_5/34015289-6a43-40b9-bd13-3d9287b17225.pt,81.59715602568299,107.94012140131412,26.342965375631124,0.9651951299649533,110.0494930213459,147.12162742488746,37.07213440354157,3.1112508304783555,0.0,0.0,0.0,0.0,144.414860379958,168.43283232177453,24.01797194181654,2.737612724304199,187.5453713749897,183.99582767070888,-3.549543704280836,-6.93564164011102,193.46435776631077,196.12502990858516,2.660672142274393,31.517807006835938
exemplar,exemplar,exemplar/archive_5/386c2977-9938-4c19-b8d7-33d1383c6291.pt,6.856926495248712,1.2527479326266295,-5.604178562622082,-0.05839604239660294,1.8318903946240699,78.2179572983928,76.38606690376874,0.5437711683406189,119.92005964565502,154.9432520443391,35.023192398684074,0.12289345172024513,77.02121104598538,41.27390041201473,-35.74731063397065,-0.19865308489118302,102.72371147417306,16.01340469715289,-86.71030677702016,-1.9346091910584333,87.36261370858064,124.31595168409163,36.95333797551099,1.6100600106375558
exemplar,exemplar,exemplar/archive_5/3f382f07-1b5e-4050-9cc2-315f829fc95e.pt,160.01625415137747,164.89391495813575,4.877660806758286,1.387799072265625,162.78761220020365,152.0951031626326,-10.692509037571057,-2.394315125512295,0.0,0.0,0.0,0.0,160.75460229815022,181.95376868266982,21.1991663845196,5.986507415771484,176.1381911928769,183.52850296256153,7.390311769684644,7.323259855571546,112.67260952349226,150.0909736496902,37.41836412619794,2.5755884647369385
exemplar,exemplar,exemplar/archive_5/4092a508-69b3-44f1-99fe-1627230ef037.pt,21.823945734459677,70.08371892341215,48.25977318895247,0.2739974777195803,6.543636957039708,65.72592778239496,59.18229082535525,0.43131370905007926,89.8765760744236,41.164994222552764,-48.71158185187083,-1.0582539558410644,49.49868311921846,66.54475140431946,17.046068285100993,0.2970409393310547,2.811830592063224,4.122653672052375,1.3108230799891514,0.012663125905469032,29.913380167771734,15.379306170216923,-14.534073997554811,-0.11734571503429878
exemplar,exemplar,exemplar/archive_5/4176a28b-a9d7-4e61-a4ed-ec74d23f40de.pt,24.69529854037298,27.781003910374764,3.085705370001783,0.04088228750187082,11.653599324284095,21.18957099338977,9.535971669105674,0.11325784673164625,143.88057071335564,102.763015970474,-41.11755474288164,-2.8632953643798826,94.1894970631767,129.3708907918037,35.181393728627,1.569203535715739,78.45374927527894,89.55389066860211,11.10014139332317,0.3306706817258589,36.313315482386756,30.320741781828715,-5.99257370055804,-0.044030136158615424
exemplar,exemplar,exemplar/archive_5/41aa96a8-51de-4828-89f3-27baf9351893.pt,10.101087599081449,26.327990957329465,16.226903358248016,0.1968045312322086,74.93878674151229,138.36591607575022,63.42712933423793,0.2727075766902075,49.51833348987409,135.34688028346517,85.82854679359107,0.4087035748385644,34.60057309090421,6.188995451518033,-28.41157763938618,-0.21816049303327287,27.60300125477703,71.0926305316457,43.48962927686867,0.2039077173957426,13.41417927557579,107.91606763966351,94.50188836408772,0.5173619985580444
exemplar,exemplar,exemplar/archive_5/43c1d637-b219-4c55-8f7e-80d2446bc51c.pt,62.22539263580623,1.2133841719228546,-61.012008463883376,-0.4623831584368636,92.0008961216549,7.943321098009314,-84.0575750236456,-1.6207039519582371,0.0,0.0,0.0,0.0,152.6402929630315,0.0,-152.6402929630315,-3.222999095916748,106.16593904045322,138.87722373592553,32.7112846954723,2.267617834619729,177.5799057533397,139.10631271070122,-38.47359304263847,-8.454234600067139
exemplar,exemplar,exemplar/archive_5/45a634af-1456-4237-b04a-df3323c1f3e0.pt,13.639977247580156,24.08466291276591,10.444685665185755,0.08726741246679091,38.32682560232899,14.42180010773378,-23.905025494595208,-0.18711030942677417,0.0,0.0,0.0,0.0,31.535624886649313,30.25076055322897,-1.284864333420341,-0.008951868329729353,71.49863976248086,52.85782290557352,-18.640816856907342,0.19164668703542173,60.23525991300074,76.32900308526094,16.093743172260197,0.768798617658944
exemplar,exemplar,exemplar/archive_5/48481532-2377-4eb1-8a63-76a830cb0840.pt,91.74128772228848,114.09168718787615,22.35039946558767,0.9607638543325372,100.20256376856153,60.63001999020099,-39.57254377836054,-1.1331550335061962,20.89620268388537,166.66666666666666,145.77046398278128,0.6599047978719076,136.88411927525226,161.77980567250822,24.895686397255957,2.064061164855957,179.6130214704005,155.34520657339056,-24.26781489700994,-10.50120498194839,178.44987346940454,170.85954903800408,-7.590324431400461,-3.6260643005371094
exemplar,exemplar,exemplar/archive_5/484ab287-0dd3-477b-84b3-9f0e5c898fbf.pt,96.48339830296547,9.225765910112962,-87.25763239285251,-1.7672187187812187,84.03546117897962,11.604214730244273,-72.43124644873535,-1.3257198430559962,49.89541396087629,133.33333333333334,83.43791937245706,0.11265945434570312,34.83890478645005,36.73313472497587,1.8942299385258181,0.02107405662536621,155.97262117428102,150.17840759444994,-5.79421357983108,-1.0448682996961804,122.14314313195909,106.2887785940331,-15.854364537925989,-0.8296921469948508
exemplar,exemplar,exemplar/archive_5/4dc8d15d-64ec-4038-9f7c-8df28c33d840.pt,55.1813454107272,51.84980491021507,-3.3315405005121264,-0.020734512845732,32.59532510191011,33.69413162609925,1.0988065241891363,0.00808536737323202,0.0,0.0,0.0,0.0,0.0,0.0,0.0,0.0,172.5609531008721,142.59354718937425,-29.96740591149785,-7.570273081461589,129.5086489341463,170.85954903800408,41.35090010385778,6.039126396179199
exemplar,exemplar,exemplar/archive_5/4f9f0fd5-3cb6-4ef0-9923-8c614eb57f73.pt,31.660757457019606,57.06560824914264,25.404850792123035,0.06781114775920127,0.5432882576698113,66.80705184585128,66.26376358818146,0.4952815078266275,150.0,43.355872801854765,-106.64412719814524,-0.4382229447364807,45.5890276167606,18.452696179636142,-27.13633143712446,-0.3512912591298421,19.901442080907785,70.34732339563712,50.445881314729334,0.3393540304452917,64.72832728489415,99.32034667978817,34.592019394894024,0.17453693669016768
exemplar,exemplar,exemplar/archive_5/53a1e619-e76a-4860-a38a-f3e7f58baed4.pt,41.634272849298206,31.9352514324724,-9.699021416825808,-0.2504020469317298,4.47844784111644,5.607412761001761,1.1289649198853215,0.011880706529195479,109.39809921125432,25.368769793341148,-84.02932941791317,-0.3819073438644409,3.6395697980252457,53.38527480228696,49.74570500426171,0.6059319972991943,29.735736984728295,88.77159364414246,59.035856659414165,0.3558887531374367,55.32872431948506,77.44506414438843,22.116339824903363,0.12482013981516768
exemplar,exemplar,exemplar/archive_5/56120ef6-a451-47d3-8f80-f0dc7b5f76c8.pt,41.87876260516368,83.16917501591229,41.29041241074861,0.057691218394364904,24.549415051832398,66.50979553273794,41.96038048090554,0.2191870843114241,11.515492966837945,133.33333333333334,121.8178403664954,0.5759286880493164,152.57756564729956,100.49001084293194,-52.08755480436763,-2.2075647115707397,85.26787964960955,48.136033967860556,-37.131845681749,-0.8511502807988222,38.276524561841825,89.0367440035095,50.76021944166767,1.1256070481133216
exemplar,exemplar,exemplar/archive_5/580c9b4a-808b-41f3-9ad9-e583674b686c.pt,57.49562465964463,28.997155005174754,-28.49846965446988,-0.553655766688036,16.84576273038908,13.033647610518639,-3.812115119870441,-0.061587156179765415,26.68890809080568,75.39127743825152,48.70236934744584,0.8933658202489217,38.979455815112466,22.336666864024686,-16.64278895108778,-0.06728992462158204,51.090653413261876,50.15509926620778,-0.9355541470540985,-0.0059550943409824725,36.455663023308645,0.24435509255896298,-36.21130793074968,-0.30495438664596275
exemplar,exemplar,exemplar/archive_5/5af486e3-8e8e-4280-9253-78e9ba6a6b38.pt,15.789489593187817,46.1403993701445,30.350909776956684,0.20344784877137206,27.344291661253134,32.86580094042283,5.521509279169695,0.041710533035122205,39.88087061789205,30.210885609988434,-9.669985007903616,-0.21603751182556152,79.23463804761268,58.94872515457402,-20.285912893038656,-0.35726988315582275,30.861333161364144,59.71518823709176,28.853855075727616,0.48600650076138774,16.2079142348437,12.105883071763325,-4.102031163080374,-0.03566841457201087
exemplar,exemplar,exemplar/archive_5/5b4dd40f-b895-46e1-a535-cfeab643d94f.pt,11.601949166094611,74.27789366964278,62.675944503548166,1.0582705396457677,25.4121275315027,1.5679824503189959,-23.844145081183704,-0.20963057189896822,78.83958935023242,98.42352782142471,19.583938471192297,0.5834687550862631,140.58859684356062,186.66666666666666,46.078069823106034,0.13528952598571778,83.02374147106659,22.23118087102625,-60.79256060004033,-0.3862597973315747,58.859286109920255,192.09117682603372,133.23189071611347,41.774576902389526
exemplar,exemplar,exemplar/archive_5/5bb475d0-68f2-4ab7-ab19-38c504862691.pt,46.4166768496822,50.638381112586444,4.221704262904247,0.07359862212800876,51.416111240926085,26.404435675916602,-25.011675565009483,-0.458337323418979,129.39302804049055,148.6609536006637,19.267925560173154,0.06681667825450067,139.66132807386276,160.62453189867063,20.963203824807863,1.7646808624267578,55.86821040143507,23.53611376572097,-32.3320966357141,-0.5635965103493598,97.37492721361843,126.02909805072406,28.654170837105625,1.132386565208435
exemplar,exemplar,exemplar/archive_5/5f536b5a-375a-4477-bf38-f292692bd173.pt,13.533169199654544,66.0680402831492,52.53487108349466,0.8598281024313914,157.1296818618905,184.77731117628747,27.647629314396966,16.93890303074554,161.92781182560066,152.1070626850525,-9.820749140548145,-0.03081865620975122,36.824908425446175,97.78698294355564,60.96207451810947,1.3353395064671834,107.07597894455515,81.4662735626729,-25.60970538188225,-0.1184081742804082,66.33979544523882,106.36166884423386,40.02187339899504,0.9593186378479004
exemplar,exemplar,exemplar/archive_5/61a10dcb-95d8-47df-83e5-caa0b328e276.pt,12.751582390723787,66.7664481925374,54.01486580181361,0.8823652287262952,157.1296818618905,184.77731117628747,27.647629314396966,16.93890303074554,162.01729109694256,152.21657590550996,-9.800715191432602,-0.030738642390080728,36.824908425446175,97.78698294355564,60.96207451810947,1.3353395064671834,107.07597894455515,81.4662735626729,-25.60970538188225,-0.1184081742804082,66.33979544523882,106.36166884423386,40.02187339899504,0.9593186378479004
exemplar,exemplar,exemplar/archive_5/63b2b8ca-a5ff-4efc-8e75-0ab62bda9f63.pt,42.6778341643489,101.40767395152368,58.729839787174775,1.5145315184707904,103.68493220135453,151.957447103056,48.272514901701484,4.172375665194746,80.4416956717195,90.33752364451017,9.89582797279067,0.2767488161722819,75.6976828751976,133.33333333333334,57.63565045813574,-0.3483007748921712,92.62127820567689,85.39645217981261,-7.2248260258642745,-0.03457206454107059,77.37420303759954,148.82341845036242,71.44921541276288,3.4155889749526978
exemplar,exemplar,exemplar/archive_5/655a3b22-d5b0-4889-8e9e-3d1d61f5c3dc.pt,12.224206665191499,25.33489969316848,13.110693027976982,0.10966133473937176,38.25438577349249,14.136233572578806,-24.11815220091368,-0.1890876516142123,0.0,0.0,0.0,0.0,30.25076055322897,33.24710577585466,2.996345222625692,0.02072286605834961,65.99319842130807,67.16265228675512,1.1694538654470534,0.5146859347675259,61.4858879741285,63.39078907366007,1.9049010995315712,0.45620096140894395
exemplar,exemplar,exemplar/archive_5/6630268b-1c53-4ea2-8524-3215670166f7.pt,26.905151324227386,44.26660181749199,17.361450493264602,0.12529335016950455,40.48889944713444,12.031806845569871,-28.45709260156457,-0.3941144904357164,45.580169022803574,64.48445291068847,18.9042838878849,0.3312374750773112,43.431722960186825,14.627262066320444,-28.80446089386638,-0.16584515571594238,164.07234396923698,135.8662807739743,-28.206063195262686,-4.851177639431423,59.34379503478096,75.4806527635371,16.136857728756134,0.3517870469526811
exemplar,exemplar,exemplar/archive_5/6949a0a6-582d-49e7-9017-1ebdd83e659f.pt,32.23445722089713,10.533164432836418,-21.70129278806071,-0.16641218269553698,50.76391738053942,97.42747936338627,46.66356198284685,1.4925545382212444,43.62327892664757,76.00411408385712,32.380835157209546,0.6123223304748535,52.694637997864874,64.17734808168457,11.482710083819697,0.43996256589889526,102.57943015945003,138.99104678105255,36.41161662160252,0.1418602972319632,40.69995915216801,1.1610267197961124,-39.5389324323719,-0.24487647414207458
exemplar,exemplar,exemplar/archive_5/69e8d980-18a2-4a57-8bd1-a3425e4ee7aa.pt,23.620459790055474,71.74904952965196,48.12858973959648,0.9076204341644795,121.33438193166525,12.20437551801207,-109.13000641365318,-0.6401545769333339,85.74665315580236,115.68054241640844,29.93388926060608,0.1327038375123439,11.171698129040017,64.97474174079176,53.80304361175174,0.7709417343139648,22.222749075166323,14.678904482065558,-7.543844593100765,-0.041520849450842126,41.54200080520288,4.470323653411069,-37.07167715179181,-0.28333563804626466
exemplar,exemplar,exemplar/archive_5/6be2d1fb-0714-4bc3-8b4e-8c8313a32942.pt,93.12662854037495,2.7213090099825434,-90.4053195303924,-1.7157881862372102,72.74825737954873,29.421566002085605,-43.32669137746313,-0.7983633387091748,150.0,106.53193741385441,-43.46806258614559,1.2445945739746094,4.215627763089389,23.367324836869,19.15169707377961,0.20097055435180664,61.419360377444264,77.65633215110343,16.236971773659164,0.38269018603418165,28.466986283114707,74.3344732408246,45.867486957709886,0.847841129746548
exemplar,exemplar,exemplar/archive_5/6c8e3150-a33e-4687-bd27-59ca3911e8d9.pt,50.68782135198294,22.56421813125786,-28.12360322072508,-0.4245918732909129,45.654513504769895,32.347365777947665,-13.30714772682223,-0.20569077210039277,0.0,0.0,0.0,0.0,12.35871800684178,31.04423351892086,18.68551551207908,0.22597994804382324,59.45256424277507,37.141164277561884,-22.311399965213184,-0.1450403738796901,3.51357152579517,48.58410428338873,45.07053275759356,0.35498573932633
exemplar,exemplar,exemplar/archive_5/6cc2d054-9291-4b32-8ac7-deaa30c257c7.pt,15.96327095574647,52.495128309741716,36.53185735399525,0.24232597732709873,53.85979598936182,63.535914516031156,9.676118526669335,0.057852254326875595,99.89383685543069,176.12255438161145,76.22871752618076,0.26927442328874457,55.185357978729726,24.402523355629814,-30.782834623099912,-0.20307736926608616,60.06232732212209,0.5160242311245106,-59.546303090997576,-0.8527351433760763,116.05773028582308,12.846312480255678,-103.21141780556741,-2.617713159368944
exemplar,exemplar,exemplar/archive_5/6d82c668-eaca-43b7-960a-e8a29bfb4f71.pt,4.818903250809011,84.60794810683862,79.7890448560296,1.4192405735549958,119.482031085715,113.74804623973442,-5.733984845980572,1.8878300936986985,18.14455627227473,39.700156505308776,21.555600233034045,0.1646066945749563,132.0284850338188,151.8183907842637,19.789905750444888,1.208552360534668,163.34517232603957,177.80566674240967,14.460494416370096,6.887816429138184,17.444387599794116,71.94358191459881,54.4991943148047,0.722380518913269
exemplar,exemplar,exemplar/archive_5/726de60d-d82a-4bf0-9f59-5b1bcc1b2d30.pt,70.11494506572605,0.4420063018096707,-69.67293876391638,-1.0751780423251065,33.323525100601394,2.760866611970177,-30.562658488631218,-0.3726152056575812,59.29059373619954,14.193558930110756,-45.097034806088786,-0.6970559579354746,20.19746244270038,44.11965866503462,23.92219622233424,0.31702184677124023,106.03798092988517,135.03492385262768,28.99694292274252,1.898510288547825,99.13801758331748,115.82590424993026,16.687886666612783,0.7837986916488742
exemplar,exemplar,exemplar/archive_5/74a20ca7-adb1-47f1-88e2-909671a4e566.pt,17.254957960086127,0.6438407536447652,-16.611117206441364,-0.15238497934947365,0.4278373790318666,48.30563731259743,47.87779993356557,0.6326030577694794,65.8938641501828,26.66257585831697,-39.23128829186582,-0.6648459001020952,64.30823828049783,127.09321518909891,62.78497690860108,2.1155001322428384,36.28466844275469,81.6056100489547,45.32094160620001,0.9347476573472613,57.40122709618815,112.27021248517215,54.868985388984,1.7468842074402378
exemplar,exemplar,exemplar/archive_5/752323a6-8d6e-40a6-bd74-1e1fabb4c34f.pt,66.69386546261737,12.921996962487672,-53.7718685001297,-0.8624395502065857,7.674103755681762,32.1790139228359,24.504910167154137,0.2032824850664116,64.56056738500645,5.3567858091432425,-59.20378157586321,-0.8870981931686401,37.91380030898626,55.61089433764335,17.69709402865709,0.2772636413574219,25.099601495221584,82.74621479943131,57.64661330420973,1.123867715982019,60.09537191375349,96.59683731772212,36.50146540396863,1.0061287257982336
exemplar,exemplar,exemplar/archive_5/7a7e87f8-093b-4c70-af93-449b06a8990f.pt,91.73157703220436,13.446515235663865,-78.28506179654049,-1.5684282146516393,72.85672637055693,25.109455986501935,-47.74727038405499,-0.8588593007605207,150.0,110.57321527181085,-39.42678472818915,1.413816213607788,3.9204272068021706,28.101449679260718,24.181022472458547,0.25965299606323244,60.15035141790193,77.31739082491156,17.167039407009625,0.3998334213469185,28.466986283114707,76.10110028374392,47.63411400062921,0.8930511474609375
exemplar,exemplar,exemplar/archive_5/7e9c4957-6952-412d-85d3-e701996de09c.pt,25.450743075731427,23.020011885080773,-2.430731190650654,-0.03147384726633394,11.687725954826933,7.743296180427951,-3.944429774398982,-0.043579023600255465,146.7448324646652,107.37929338953083,-39.365539075134365,-2.9927995204925537,137.76820678449494,149.24606709730568,11.477860312810748,1.0901849269866943,73.85350506144259,91.23408686166674,17.38058180022415,0.5065831326719737,48.392900617570184,25.93749575098178,-22.455404866588406,-0.16000981363692232
exemplar,exemplar,exemplar/archive_5/802151fa-9603-45c4-8874-8e269a9e152c.pt,26.572497578102375,9.286576877013362,-17.28592070108901,-0.14581419381053154,23.236030513980857,3.135946659357287,-20.10008385462357,-0.17631262678009604,52.00293481106232,0.7570045544446676,-51.24593025661765,-0.6813105010986328,107.16142846528867,139.08449793956703,31.923069474278364,1.693439245223999,121.81877436384407,151.92615055943938,30.107376195595307,3.2001166380274935,78.65762605505725,127.94406290101801,49.286436845960765,2.2437322279986214
exemplar,exemplar,exemplar/archive_5/83682c43-11e2-4bf6-a7b2-066b804d2686.pt,128.7020814846502,52.845775610046395,-75.8563058746038,-0.36506016861883284,95.88128779883968,31.995401981603006,-63.88588581723667,-0.2671911366834105,188.9991073805405,133.96049967934334,-55.03860770119715,-0.1691627434077656,148.7938992731556,188.27791916788536,39.484019894729755,13.15603256225586,189.20466561886303,180.75904009165853,-8.445625527204498,-15.876820882161459,191.36619924178905,196.4906493712342,5.124450129445165,56.37638600667318
exemplar,exemplar,exemplar/archive_5/87fd3ccd-a676-4ceb-9ae2-6af1db8e4ba2.pt,52.158369019193465,110.40882813129726,58.25045911210379,0.29767776517452604,102.30557156890326,126.07315290504103,23.767581336137766,0.09644515018199144,102.73140988038116,138.3703772244527,35.638967344071546,0.13864740684850893,3.777688727994674,24.582088962973025,20.804400234978353,0.22799277305603027,33.26505265717509,10.092187813542564,-23.172864843632524,-0.2926817379456615,47.05207210474378,38.14533769475596,-8.90673440998782,-0.2947718773818598
exemplar,exemplar,exemplar/archive_5/9208f943-6002-4082-9226-a6910c0e31d5.pt,90.44508650140403,111.75192017555115,21.306833674147114,0.881532277255346,105.99111787995157,138.79292433597487,32.8018064560233,2.2802173245836075,110.09195222646653,133.07982890001952,22.98787667355299,0.089007243760898,117.18640900409521,133.33333333333334,16.146924329238132,-1.691770871480306,38.826279370448745,69.60452610326945,30.778246732820705,0.7417599708118332,103.67337489883452,196.72136396381973,93.0479890649852,98.20784568786621
exemplar,exemplar,exemplar/archive_5/9699ffb2-9618-481d-8917-4e4568bf922d.pt,39.8635333672275,73.57067826349633,33.70714489626884,0.6658618271613436,25.014396166288265,11.067959342253653,-13.946436824034611,-0.10497031578650841,0.0,0.0,0.0,0.0,131.3049817680274,170.15943411475703,38.85445234672963,3.790866494178772,175.9901997308893,182.44656925884954,6.456369527960248,5.923447672526041,51.57677629179858,54.614914005212086,3.038137713413505,0.04223835468292236
exemplar,exemplar,exemplar/archive_5/99278aa8-633f-42ff-8b9a-ee7f66269240.pt,151.01117731483495,158.8844906985368,7.873313383701856,1.561616356693097,152.55081965073327,136.44571220648325,-16.105107444250024,-2.132902145385742,0.0,0.0,0.0,0.0,160.62453189867063,182.23811933187648,21.61358743320585,6.180764198303223,178.375950588068,185.10072618087062,6.724775592802615,8.103463565602022,112.67260952349226,144.8439396509666,32.17133012747435,2.0037639141082764
exemplar,exemplar,exemplar/archive_5/9bca5403-f49e-4ccf-ad1a-c8a78309ede1.pt,65.17236800039348,75.39074943887726,10.218381438483789,0.243265468586583,79.87197531101047,97.96965204920782,18.09767673819735,0.5905649983910183,83.03904662259988,120.63438106746821,37.59533444486833,1.4580188751220704,151.04706062640048,168.82724850990704,17.780187883506557,2.330303192138672,144.851321674518,142.18521721819894,-2.6661044563190615,-0.33314732142857145,60.574045236632344,17.12523699425078,-43.44880824238156,-0.677654177643532
exemplar,exemplar,exemplar/archive_5/9dd24b8e-8482-4a82-8318-223fde4f300e.pt,17.429545401539283,7.154123826995392,-10.275421574543891,-0.0912512639279908,76.99026285194977,11.398409888741597,-65.59185296320817,-0.44805781125409766,0.0,0.0,0.0,0.0,13.995144033583994,0.7355243235641906,-13.259619710019804,-0.11460086277553014,54.397184066774194,62.699663247308685,8.30247918053449,0.4853710804170775,74.88336990723002,62.154079768650575,-12.729290138579444,0.3557223615975216
exemplar,exemplar,exemplar/archive_5/9f6a9e12-8cbd-4655-8bae-8bb80cc34df2.pt,116.45204995432839,6.64850500933406,-109.80354494499433,-2.7174691602384002,99.38982207828376,54.56127237437713,-44.828549703906624,-1.546058024835149,46.99256760256847,61.58810076199631,14.595533159427838,-0.11947802702585857,129.46233390941646,0.0,-129.46233390941646,-1.835364580154419,152.99930800061355,144.0309496823656,-8.968358318247965,-1.336431884765625,80.02458259432755,143.45679607060853,63.43221347628098,2.80516517162323
exemplar,exemplar,exemplar/archive_5/a3a1ae3d-652a-43dc-b9f9-9f51b2c17670.pt,97.01055604498808,83.8184008826668,-13.192155162321285,-0.44100209278899594,139.20341008450455,145.86797838753822,6.664568303033661,0.8099849852181258,131.55462648891498,167.40203700965927,35.84741052074429,0.11768321213794797,151.88703334435826,172.69568927819944,20.80865593384118,4.751950740814209,159.1633306679855,183.31218680773335,24.148856139747863,13.95970477479877,110.60914789597199,192.31207182406857,81.70292392809658,35.66616868972778
exemplar,exemplar,exemplar/archive_5/a3f683a0-b310-49dc-879e-c9b4c1e425ad.pt,54.660726749353984,69.25287886638355,14.59215211702957,0.3069813160115418,116.32497528262684,117.81565724472402,1.4906819620971845,0.08550389607747395,61.458986316260436,49.005670958721915,-12.453315357538521,-0.21828174591064453,0.0,0.0,0.0,0.0,111.85323313380341,157.33881264907438,45.48557951527097,4.754898597454202,21.255558023150495,18.92799239846251,-2.327565624687985,0.012697577476501465
exemplar,exemplar,exemplar/archive_5/a552fbf5-3b29-47f7-a729-e835a88dea51.pt,33.35408593121084,50.284569155727766,16.930483224516927,0.11595118734305582,67.08870333559653,37.803674062071785,-29.28502927352475,-0.1844280655731246,72.05618326124726,6.168818782001218,-65.88736447924603,-0.9903491565159389,2.425133535541555,37.28117988808585,34.8560463525443,0.3799840211868286,81.73697581596753,7.446792482302084,-74.29018333366544,-0.5084027504410761,49.871293414431676,6.757739840896106,-43.11355357353557,-0.33367849333799154
exemplar,exemplar,exemplar/archive_5/a6c6d050-7321-47ef-9111-e2db245d74e3.pt,180.7357350669222,181.38336853832013,0.6476334713979384,0.7170958588088768,191.49224531973533,183.55172556395803,-7.940519755777302,-20.805830637613933,0.0,0.0,0.0,0.0,129.08791974565136,160.15270459352624,31.064784847874876,2.198767304420471,181.06841703881682,154.41353980395417,-26.654877234862653,-11.990820492015166,172.34118037756235,127.78694388226371,-44.55423649529864,-6.6920764446258545
exemplar,exemplar,exemplar/archive_5/a7884d4c-125c-4fd8-89ef-63833b6c1e55.pt,24.82151830595732,61.37226267903518,36.55074437307786,0.1862257061944146,34.23631738653952,70.40644549898242,36.1701281124429,0.22841838173886778,116.8999902207923,169.7035213637504,52.80353114295811,0.17958107290341874,70.0929327415801,46.29568298319886,-23.79724975838124,-0.13593783378601074,45.293556606515054,2.6247591726416433,-42.66879743387341,-0.5593008557434446,102.6206435134004,25.095059166416096,-77.5255843469843,-1.8136332903721535
exemplar,exemplar,exemplar/archive_5/a9324924-68eb-4b59-ba7f-53c8adc89786.pt,59.321194851302906,108.94696803655319,49.62577318525028,1.5489243380541873,58.66492948655024,134.20026406992903,75.53533458337878,3.211978565562855,14.346845612140887,54.632575759724,40.28573014758311,0.5663005510965983,104.6164758433263,165.14435953787796,60.52788369455166,3.6411540508270264,18.209035735473908,84.62349336151391,66.41445762604,0.4273342363762133,110.60914789597199,131.19462667998272,20.585478784010732,1.0040764808654785
exemplar,exemplar,exemplar/archive_5/a9b05fca-87c1-49be-a854-13edadb25de8.pt,157.2827644384028,131.97898803479634,-25.303776403606463,-3.466290642233456,10.621379337200182,20.55693161928009,9.935552282079907,0.0784224271774292,96.30637135094847,43.07382403692324,-53.232547314025226,-1.0904569625854492,58.12345248670395,0.0,-58.12345248670395,-0.4096762537956238,175.1493431251033,177.80566674240967,2.656323617306384,1.866262435913086,72.84829329304151,21.255558023150495,-51.59273526989101,-0.25638604164123535
exemplar,exemplar,exemplar/archive_5/aed66bd2-ba08-4633-a276-c20bf2da4a48.pt,78.9419174140708,11.55092974720597,-67.39098766686483,-1.1949564293774844,46.78799184498741,16.123559308111947,-30.664432536875463,-0.4615410655177705,36.11817250805977,2.9814248491489646,-33.13674765891081,-0.40230735778808596,42.49279100167618,42.22502468838332,-0.26776631329286005,-0.003950834274291992,108.77517123286728,120.50040869935695,11.725237466489673,0.6460621950654645,80.16901376785316,124.36874611745914,44.19973234960598,1.9432228738947432
exemplar,exemplar,exemplar/archive_5/aeebc7cf-738d-4df1-9fa7-9fe9401b7827.pt,104.2460126046179,89.14421714757364,-15.101795457044261,-0.5690734040444092,82.63442401911905,94.87261323902582,12.238189219906772,0.39674512451554383,135.59150164263036,166.83271782189323,31.241216179262864,0.1014850893751343,151.17947610086142,176.78605980504804,25.60658370418662,6.778312683105469,151.4356212980564,179.02223276780998,27.586611469753592,10.69592514038086,75.52435349471061,190.88895144949447,115.36459795478386,33.907717068990074
exemplar,exemplar,exemplar/archive_5/b907161b-9281-408a-b11b-9bb67e9273af.pt,30.324178109137343,92.1418805937882,61.81770248465086,1.3508820822140073,46.47424256454257,20.431646375115758,-26.042596189426813,-0.14943403424837537,0.0,0.0,0.0,0.0,85.19942144045125,185.74150494612215,100.5420835056709,12.284574270248413,124.04134444972527,10.816064739917966,-113.22527970980731,-3.132918221609933,185.34023430251182,124.2345699187402,-61.10566438377161,-16.504584789276123
exemplar,exemplar,exemplar/archive_5/c0675195-2481-467f-80fc-dcbb5b4ffc0e.pt,51.75890158135491,64.08176261413858,12.32286103278367,0.24460285313141308,170.55093101738711,160.43838201603094,-10.112549001356172,-0.03022774182833158,0.0,0.0,0.0,0.0,114.19943921716856,162.7289296647064,48.52949044753785,3.0351051092147827,184.6524628451632,170.23476793053342,-14.417694914629777,-12.203505452473959,76.92751581208192,29.143353571584722,-47.784162240497196,-0.16082608699798584
exemplar,exemplar,exemplar/archive_5/c09fc925-6fb6-4d6f-b454-afa14724c946.pt,9.495027529505208,100.76506157519466,91.27003404568946,1.930779958049611,161.5713831992869,65.22849990136245,-96.34288329792446,-0.4015440867946053,0.0,0.0,0.0,0.0,112.82586868004778,187.0375003832221,74.21163170317432,13.134864330291748,149.76994573168236,57.323961270169285,-92.44598446151306,-5.129092625209263,184.32847955770808,99.6838980289219,-84.64458152878618,-16.152458548545837
exemplar,exemplar,exemplar/archive_5/c43c10be-0fbe-4cbc-a80a-95786ddbaa61.pt,33.13470709988999,50.07315855497795,16.938451455087964,0.11621308019004904,67.08870333559653,37.803674062071785,-29.28502927352475,-0.1844280655731246,72.05618326124726,6.168818782001218,-65.88736447924603,-0.9903491565159389,2.425133535541555,37.28117988808585,34.8560463525443,0.3799840211868286,81.73697581596753,7.446792482302084,-74.29018333366544,-0.5084027504410761,49.871293414431676,6.757739840896106,-43.11355357353557,-0.33367849333799154
exemplar,exemplar,exemplar/archive_5/c6e4b377-22fa-4c5a-9ac3-d6acd1eb6385.pt,86.7835970156079,9.76691259778983,-77.01668441781807,-0.5025323941543655,51.92543997421343,37.98697056697921,-13.938469407234223,-0.2323598531322171,0.0,0.0,0.0,0.0,136.38091268420175,183.28722311956236,46.90631043536061,8.823181629180908,176.7928783969697,157.99161389318098,-18.80126450378873,-7.667709166745105,189.37376542947143,176.05447810842946,-13.319287321041969,-15.703575134277344
exemplar,exemplar,exemplar/archive_5/c9ca0690-5b1e-4d23-b083-ba119952cad5.pt,85.72795245004978,102.46537416745139,16.737421717401602,0.6006843216666404,72.91878076483515,108.1605696262184,35.241788861383256,1.2078172407559689,75.0780861524558,143.16835353633124,68.09026738387544,0.288450454742991,64.32432878977275,139.75028134829014,75.4259525585174,3.4271973201206754,96.07086487468831,130.05479793943985,33.98393306475154,1.8667950418622015,164.91751033031795,192.46911336566905,27.551603035351093,38.733403887067524
exemplar,exemplar,exemplar/archive_5/cb4129a1-e3cc-4683-9df5-be980e2787e0.pt,111.92937033468678,39.79198656206207,-72.1373837726247,-0.38574473580257895,60.105974933281644,74.82617949653812,14.720204563256473,0.7333022017045454,187.51665183757765,127.18939710100827,-60.32725473656939,-0.18997625839839344,166.36514302077984,186.5481234067946,20.182980386014748,8.92160177230835,185.42588630874812,182.67651576038526,-2.7493705483628617,-4.252168201264881,190.19023410682385,196.77664959639262,6.586415489568765,69.4323247273763
exemplar,exemplar,exemplar/archive_5/cf0f5f4b-0f59-455b-95c0-7257b74c2307.pt,3.705156510921582,13.329657440224908,9.624500929303327,0.08858828112513985,112.91309900904476,24.960399278343175,-87.95269973070158,-2.3075230569865464,53.179742144091215,166.66666666666666,113.48692452257544,0.1692819595336914,21.367452714996627,44.03095355850647,22.66350084350984,0.2711482048034668,63.636326106226264,21.9500791777394,-41.68624692848687,-0.734888667553927,47.55953556971738,31.651174190988794,-15.90836137872859,-0.244932407286109
exemplar,exemplar,exemplar/archive_5/d2b22ea8-40c0-449c-a3d0-adccac5e6b22.pt,93.19847520107827,113.52166211923252,20.32318691815425,0.8801635080169772,79.82797126325782,119.35266147337072,39.524690210112894,1.6312749560863424,111.58619730395628,134.2730018506248,22.686804546668526,0.08710862507999147,117.18640900409521,133.33333333333334,16.146924329238132,-1.691770871480306,39.182893587566696,69.27850290923925,30.095609321672555,0.7316240744317526,76.99169932209985,195.42490960558354,118.43321028348369,73.65588426589966
exemplar,exemplar,exemplar/archive_5/d40af453-f580-44a1-9f44-46ac5446dc76.pt,180.98193518014958,188.27398142131548,7.292046241165906,12.966786351697198,181.66481977862057,179.09562902046048,-2.56919075816009,-2.010922431945801,0.0,0.0,0.0,0.0,135.19113521017164,174.64242608325338,39.451290873081746,4.801192283630371,190.34741926317886,169.34335387525715,-21.004065387921713,-27.299954927884617,152.5407885035583,97.37492721361843,-55.16586128993987,-3.397955298423767
exemplar,exemplar,exemplar/archive_5/d7d31317-604d-4764-8685-3d04022fd943.pt,32.60975170305453,90.72673907667134,58.11698737361681,0.23450406701533932,2.6480598769423174,91.0439614510794,88.39590157413708,0.599486358303402,77.24745166932146,90.79822223851481,13.550770569193347,0.37908363342285156,52.38532410832779,52.58561494927983,0.20029084095204297,0.0032215118408203125,4.818070054440259,23.544545152159536,18.726475097719277,0.16124682506046092,46.1647662382487,11.628765266946933,-34.53600097130177,-0.2650449576028963
exemplar,exemplar,exemplar/archive_5/da495d83-9114-4231-afe4-57030aba1034.pt,7.899241488215117,11.479051673338915,3.5798101851237982,0.032568340956242926,1.1565048168916467,24.196496041921172,23.039991225029524,0.26363084675092335,60.53414051267948,7.647401328844427,-52.886739183835054,-0.7727996063232422,108.37524426400114,135.67064777293783,27.295403508936687,1.3892767429351807,92.0569914067692,131.32069546431381,39.263704057544615,2.1157955854366985,52.947029517173604,117.88998132487255,64.94295180769895,2.140647430419922
exemplar,exemplar,exemplar/archive_5/dcc5d758-1612-44e2-b4ab-577e9173ea8a.pt,49.72674113523993,47.61682784439,-2.1099132908499243,-0.036855389818140995,118.86752504004164,134.07661388512028,15.20908884507864,1.13738533377542,59.74291194105265,126.81174028699624,67.06882834594359,0.31596402384916566,96.59801558510459,148.5251827874011,51.9271672022965,3.2519936561584473,170.98202122283246,190.18452436347604,19.202503140643586,26.602991052576012,147.52671577329681,198.1248306479095,50.59811487461269,154.2683548927307
exemplar,exemplar,exemplar/archive_5/e1e24da9-944e-4c71-a6f9-13e650097533.pt,14.768672842173268,27.64003486897675,12.87136202680348,0.18318377111712073,5.032015044158765,41.96468900860902,36.93267396445026,0.47943072034567746,0.0,0.0,0.0,0.0,12.739685858798621,53.252167207630336,40.51248134883171,0.5159878134727478,2.421578490796562,90.37543776257813,87.95385927178157,1.6233167068221563,15.521850081717709,58.41248643735752,42.89063635563981,0.6545644825902478
exemplar,exemplar,exemplar/archive_5/e415bbfa-c22b-45be-a94d-e11d1dbd7a2b.pt,6.545845976542801,95.1119755005247,88.56612952398189,0.5811553752078714,36.19566322385078,106.7530012920022,70.55733806815141,0.3895037863541381,104.68574749382536,183.17086773071796,78.4851202368926,0.2678650885589363,161.01344678335448,134.84711929879828,-26.166327484556206,-2.0602707862854004,12.38208910164084,26.729640056463886,14.347550954823046,0.11912004634084682,7.750613197427755,32.23710236411558,24.486489166687825,0.20222088717675024
exemplar,exemplar,exemplar/archive_5/e57b0624-a960-4090-b115-bcf66f3d0f17.pt,39.73749850995298,79.03561424370483,39.29811573375185,0.07056029916506762,14.408872491723665,68.57276657488772,54.16389408316406,0.3552374732868554,133.33333333333334,133.33333333333334,0.0,0.0,154.9632602432366,104.11017248973015,-50.85308775350644,-2.3550918102264404,75.59217692376762,17.02863932049836,-58.56353760326927,-1.028109793928443,20.433795897179657,44.44597887094706,24.012182973767402,0.34297243424647833
exemplar,exemplar,exemplar/archive_5/e84d4fd6-0bbc-422e-926d-19129943bb4b.pt,91.68634318948352,1.0544503024322731,-90.63189288705125,-1.6822698773670588,67.80375503490112,30.670760304487573,-37.13299473041354,-0.6635019984350068,46.71421937231466,68.74207613397841,22.027856761663756,0.6130154530207316,30.062965618848658,24.43127782217916,-5.631687796669496,0.01526813507080078,37.99095855559862,37.99095855559862,0.0,0.0,7.1087794658732815,34.22841895095796,27.119639485084676,0.33819760150790956
exemplar,exemplar,exemplar/archive_5/e8cc4e11-b135-43fc-9516-a01c70eecbd4.pt,23.248656880076695,62.46563809383534,39.21698121375864,0.6451886533682318,43.78705550146008,38.37643442536998,-5.410621076090102,-0.08569842190740021,82.03044904444788,114.26512058987208,32.234671545424206,1.1686035792032878,110.96018415937482,0.0,-110.96018415937482,-1.2461861371994019,155.34782688057095,144.89737863179226,-10.450448248778685,-1.678228983064977,76.99169932209985,172.0332237756797,95.04152445357984,9.66951322555542
exemplar,exemplar,exemplar/archive_5/ebac66a5-bfdb-4be0-9eee-4fb28e6616a9.pt,35.20579272750668,29.96644633614722,-5.239346391359462,-0.07479212764024286,20.61908202774216,48.24764066231945,27.62855863457729,0.4059757137960838,141.61377711246595,108.79665029201131,-32.81712682045465,-2.3418710708618162,100.24009142425703,125.59705719195476,25.35696576769773,1.138753890991211,36.52573889570112,58.529303078005,22.003564182303883,0.3804836077659017,81.78273355888722,59.49014280348081,-22.292590755406408,-0.12192220359323383
exemplar,exemplar,exemplar/archive_5/f06a1888-878a-441d-b352-618d963d9fc0.pt,17.95794651642028,18.736225391382025,0.778278874961746,0.00943418062829727,45.205350553073515,137.17012312816794,91.96477257509443,0.4449302971383215,114.42558520693859,164.4414368393106,50.015851632372005,0.17391436229380527,11.023363136885992,31.11405596418872,20.090692827302725,0.23758835792541505,168.3361131687263,61.69360962385413,-106.64250354487218,-9.725047895103502,13.641188942528506,12.598559623449471,-1.042629319079035,0.006687239104626225
exemplar,exemplar,exemplar/archive_5/f265e75b-f627-4de0-a208-9c3ad85b494b.pt,43.53931365898454,15.045121421683984,-28.494192237300556,-0.4166173419575299,12.296901585040153,35.99330868587723,23.696407100837078,0.18918715203333564,63.731953380936595,11.868259056342374,-51.86369432459422,-0.8104917407035828,37.09997249535616,57.40259733837475,20.302624843018584,0.32047255833943683,23.971460171636124,81.0393593099941,57.06789913835797,1.0895969166475183,59.470805483249265,101.3829785139504,41.91217303070114,1.2059544154575892
exemplar,exemplar,exemplar/archive_5/f7b45b31-ca77-413a-befe-276d58f306b3.pt,42.85021439408932,80.07614770270177,37.225933308612454,0.7890222570398352,71.23592550984017,67.25557329821169,-3.9803522116284853,-0.09297981536645683,0.0,0.0,0.0,0.0,141.7023257682271,169.88169332465418,28.17936755642708,3.209810972213745,190.48610310461729,181.47019475660622,-9.015908348011067,-19.817638397216797,193.89246579640434,194.0558295434868,0.1633637470824567,1.3499565124511719
exemplar,exemplar,exemplar/archive_5/fd6482c2-8fca-4bb7-80d7-7e75bf30ba40.pt,119.11870331506867,128.18477142678597,9.0660681117173,0.6242881477119785,130.88166547704793,158.2888615634343,27.407196086386364,3.802017701770177,7.953882876551307,83.40645654101108,75.45257366445978,0.5111981718784507,184.88651946420433,188.70436925557547,3.8178497913711453,4.472742080688477,179.2291579593943,186.88932101789334,7.660163058499023,10.90009880065918,126.02909805072406,160.2720701828167,34.24297213209263,3.495713710784912
exemplar,exemplar,exemplar/archive_6/0843449b-daab-4c0b-a27d-85b6de0b936e.pt,43.56419725744586,68.57859833841076,25.014401080964895,-0.04627372204843905,25.749258451773773,65.4012160034091,39.651957551635334,0.19726780565552546,26.11157807556106,26.262373428775152,0.1507953532140931,-0.059661686420440674,76.92034412463421,24.50956597263687,-52.41077815199734,-0.7279509902000427,36.954309383343784,44.61667936202258,7.662369978678797,0.1208588130890377,14.605110207328943,38.47491529230544,23.869805084976498,0.3389651276344477
exemplar,exemplar,exemplar/archive_6/08b4d18e-8442-4b5a-bd33-1c3b41962f8c.pt,48.467999101802015,100.45264171164361,51.98464260984159,1.3778774786371604,12.801360549099247,83.76526730179883,70.96390675269959,1.3137411599630837,14.346845612140887,54.632575759724,40.28573014758311,0.5663005510965983,104.6164758433263,165.14435953787796,60.52788369455166,3.6411540508270264,18.209035735473908,84.62349336151391,66.41445762604,0.4273342363762133,110.60914789597199,131.19462667998272,20.585478784010732,1.0040764808654785
exemplar,exemplar,exemplar/archive_6/0b281778-278d-42f8-9298-52d4baf8e0b8.pt,112.84873169321952,90.28761581338138,-22.56111587983814,-0.9432959476483762,168.65835812187353,134.37461899862444,-34.28373912324909,-6.628606751907704,9.288443735529434,166.66666666666666,157.37822293113723,0.7440423965454102,132.92216620591316,132.38738142403793,-0.5347847818752314,-0.023583173751831055,178.65153288775446,153.78159469033326,-24.86993819742119,-9.908317302835398,182.79712336032185,173.75093811377926,-9.046185246542592,-6.0099639892578125
exemplar,exemplar,exemplar/archive_6/0ebc60a6-18a1-461f-95b2-c9cf0c9d8cf8.pt,42.06533443379577,79.38484974970001,37.31951531590424,0.7825724838215259,64.18718828279503,60.10132966323916,-4.0858586195558715,-0.08587504542151163,0.0,0.0,0.0,0.0,141.7023257682271,169.88169332465418,28.17936755642708,3.209810972213745,189.88782043938733,180.33350029081154,-9.554320148575783,-18.6518949620864,193.89246579640434,194.0558295434868,0.1633637470824567,1.3499565124511719
exemplar,exemplar,exemplar/archive_6/14e7079e-3ad1-42e3-b0da-b16890256b45.pt,2.361535097528351,60.90799427686946,58.546459179341106,0.4429847685259929,68.68424956253305,75.92556133303039,7.241311770497333,0.03906943770834472,137.1010437004034,177.62308684738625,40.52204314698284,0.12683704287506814,34.95650504239528,13.621024753703757,-21.33548028869152,-0.14057867867606028,30.234333954950557,64.10043932955564,33.866105374605084,0.12921344208372762,10.95277093309293,95.92569933225288,84.97292839915994,0.5321762457126524
exemplar,exemplar,exemplar/archive_6/16ca3fda-6392-4a6b-99eb-4a8e6dac33d3.pt,101.71548566306019,123.66779881259683,21.952313149536636,1.1697276252645104,174.20296030233476,154.91468822159877,-19.288272080735993,-6.500914306640625,20.392316129370954,166.66666666666666,146.2743505372957,0.6636998653411865,138.20661303377645,157.3984161972605,19.191803163484053,1.45806884765625,182.27757682365214,161.90124265317223,-20.376334170479907,-11.855688912527901,178.73257641080588,168.49522970926375,-10.237346701542123,-4.583713531494141
exemplar,exemplar,exemplar/archive_6/188d29ad-2c57-4369-bd38-1c7a55386a5f.pt,87.86648217298519,8.431724278975366,-79.43475789400982,-0.5224343571718829,51.92543997421343,37.98697056697921,-13.938469407234223,-0.2323598531322171,0.0,0.0,0.0,0.0,136.38091268420175,183.28722311956236,46.90631043536061,8.823181629180908,176.7928783969697,157.99161389318098,-18.80126450378873,-7.667709166745105,189.37376542947143,176.05447810842946,-13.319287321041969,-15.703575134277344
exemplar,exemplar,exemplar/archive_6/1a6afbc5-5386-488b-905b-0ddfa71277a0.pt,55.50665044950452,52.178258446519635,-3.3283920029848844,-0.020661601139279603,32.59532510191011,33.69413162609925,1.0988065241891363,0.00808536737323202,0.0,0.0,0.0,0.0,0.0,0.0,0.0,0.0,172.36880909502213,142.59354718937425,-29.77526190564788,-7.469429016113281,129.5086489341463,170.85954903800408,41.35090010385778,6.039126396179199
exemplar,exemplar,exemplar/archive_6/1ad62933-161f-4cfd-a3dc-9ec252d6e005.pt,116.99979192899406,59.076550449606096,-57.92324147938796,-1.9806456649176543,118.22410702339535,12.704851669053076,-105.51925535434228,-2.7549243808078536,64.82909435353996,133.33333333333334,68.50423897979339,-0.13268057505289713,50.49888904083727,57.80315583597084,7.304266795133572,0.10307741165161133,162.6609507391815,151.6214411308611,-11.039509608320401,-2.4260008840849907,56.538462788870525,41.00051117081176,-15.537951618058763,-0.2698011211320466
exemplar,exemplar,exemplar/archive_6/1bf090a3-8feb-4f75-909a-369bbebf08c5.pt,67.72080832004666,77.83502809602987,10.114219775983216,0.2503345297124846,79.61573664511833,97.73791139736828,18.122174752249947,0.5887686029586502,83.2372072720632,120.63438106746821,37.39717379540501,1.4527952194213867,151.04706062640048,168.82724850990704,17.780187883506557,2.330303192138672,142.9674371260935,140.22604442386853,-2.741392702224971,-0.3204317748091603,56.39301127273112,12.578426541168756,-43.81458473156236,-0.6475362141927083
exemplar,exemplar,exemplar/archive_6/202cada0-fe89-4632-8e79-6fb4d00bfd16.pt,38.28358671371876,59.348740655395936,21.065153941677174,0.1363468147231964,16.980453816359194,2.748191920582137,-14.232261895777057,-0.12865037958660766,2.226306752391918,27.012855910200056,24.78654915780814,0.21435558262156018,0.0,0.0,0.0,0.0,39.98012315646015,54.52427966134451,14.544156504884356,0.4160658921652693,6.941662377362454,39.42889428599736,32.487231908634904,0.41691738626231317
exemplar,exemplar,exemplar/archive_6/2059f66e-00e7-47aa-999e-bbf1bf82d24e.pt,4.95732363257292,40.29020583393106,35.33288220135814,0.2869262305809269,58.85233775882359,39.76791967543976,-19.08441808338383,-0.12297613401172819,166.66666666666666,38.2385607538397,-128.42810591282696,-0.5390735467274984,50.62724176447368,22.278145982709432,-28.349095781764248,-0.35596370697021484,10.097631343930283,49.89961491787039,39.801983573940106,0.30317921422920435,52.449144615252266,111.9159230021229,59.46677838687063,0.3019333257907774
exemplar,exemplar,exemplar/archive_6/22d47192-d253-400f-b2a3-4abdfe626d48.pt,68.44131760956368,68.83710566201583,0.3957880524521471,0.009174007736373325,76.41225144704266,91.07135791039153,14.659106463348863,0.4355232386768108,80.24209482529544,111.57440542630411,31.332310601008672,1.0651548385620118,151.04706062640048,169.76187072355955,18.714810097159074,2.528609275817871,142.88275099875074,140.64498457564045,-2.237766423110287,-0.2629966735839844,59.51605477716659,23.463210025157252,-36.052844752009335,-0.5781419249786728
exemplar,exemplar,exemplar/archive_6/23362257-aeda-481b-a14b-c69afaff2e29.pt,81.50114775514163,10.93205265618842,-70.56909509895321,-0.47538809609391314,143.23912809202642,79.08802796052987,-64.15110013149655,-3.7381966747257507,0.0,0.0,0.0,0.0,140.61206204216268,176.60917908853793,35.99711704637525,5.182675361633301,147.62641508995316,138.87722373592553,-8.74919135402763,-1.0866467579301582,193.00659526641172,178.16355895071618,-14.843036315695542,-29.1590576171875
exemplar,exemplar,exemplar/archive_6/2571d8f8-02a4-4892-8465-5438f9f050ec.pt,9.402691436475738,66.36413712399377,56.96144568751804,0.39962522812770956,55.168084679587984,103.35917665055153,48.19109197096355,0.2490230117896563,83.37134253029303,127.53592253441023,44.1645800041172,0.18970080057779948,20.453619262551925,20.17740524084706,-0.2762140217048632,-0.003208160400390625,65.04940247889786,81.25992436319697,16.210521884299112,0.40442050124927575,122.16423491210294,111.42120078500389,-10.743034127099051,-0.6208567064861918
exemplar,exemplar,exemplar/archive_6/25a0e745-c598-4404-8c19-153389eb0bb9.pt,66.5754409510602,90.06649136885795,23.49105041779775,0.6405185030437706,89.26320265881716,34.63712282522765,-54.626079833589515,-1.1923254507559318,0.0,0.0,0.0,0.0,111.89796911075544,162.38202633354302,50.484057222787584,3.046512246131897,188.1039220086919,171.16159338181097,-16.942328626880936,-19.260282135009767,134.0395935049592,49.43216930150519,-84.60742420345403,-3.1236645380655923
exemplar,exemplar,exemplar/archive_6/2f34cafe-7932-465c-810b-1b56addf5eaa.pt,36.64111629559809,25.868292963075,-10.772823332523089,-0.15148185310372522,31.64395414466824,31.925702760450736,0.2817486157824973,-0.10060275037377674,72.89790289585629,138.08641835292502,65.18851545706873,0.2815247469170149,88.1137314183318,41.16948949833022,-46.94424192000157,-0.25335371494293213,10.822113859521481,51.68800707377679,40.86589321425531,0.30752067431123015,98.24901931681774,67.842151545326,-30.406867771491733,-1.3058677117029827
exemplar,exemplar,exemplar/archive_6/3143ae2f-dbdc-4519-abe5-3800699f96a1.pt,40.99296281077627,62.1674924248953,21.17452961411903,-0.041347275561612155,22.408899294470935,62.356845655646,39.94794636117506,0.22295152003753327,25.110934343142524,18.797026996573784,-6.31390734656874,-0.10092473030090332,76.40161456001717,25.821303699907787,-50.58031086010938,-0.7048470973968506,37.14629389806966,43.855189161263304,6.7088952631936465,0.10542749363195825,15.289003827274398,28.466986283114707,13.17798245584031,0.18914428237796754
exemplar,exemplar,exemplar/archive_6/32a37697-3740-41c8-bb90-1326a933fca4.pt,82.27992400253325,10.314342182507724,-71.96558182002552,-1.2997998867853249,174.8863231224837,117.90747202097496,-56.97885110150874,-11.053960440751444,109.0215832164173,77.65873317145596,-31.362850044961334,-0.1461969473256186,0.0,0.0,0.0,0.0,14.074779694131797,33.89921026268086,19.82443056854906,0.15741362054663968,69.16334923996351,6.1869757226165225,-62.976373517346985,-0.7479255497455597
exemplar,exemplar,exemplar/archive_6/3465bf84-3567-43ee-8fb8-fca46b0e49b8.pt,24.939420335545407,8.468533459620856,-16.47088687592455,-0.14049699450881434,26.781807314208052,7.438614254021603,-19.34319306018645,-0.15892805718638525,54.18267357318856,10.89518540353821,-43.287488169650345,-0.6284093856811523,59.212208082029896,114.59396589219013,55.38175781016023,1.5352953275044758,133.47736989946264,153.8867920064654,20.40942210700277,2.658027404031636,100.97674860256305,135.5457440257174,34.56899542315435,2.15627706275796
exemplar,exemplar,exemplar/archive_6/350bb9fb-110a-47d4-978d-ec67459b03f7.pt,74.05108240427562,64.57989887559778,-9.471183528677841,-0.22200558393429487,147.58126439723574,124.73729348637082,-22.843970910864925,-2.304203308734697,22.5871959722591,60.15125146070636,37.564055488447266,0.5551372369130453,102.57508668510614,142.31633730064289,39.74125061553674,1.4143232107162476,159.5736399838677,133.06981231908867,-26.50382766477904,-3.856936454772949,147.52671577329681,150.0909736496902,2.564257876393384,0.29374170303344727
exemplar,exemplar,exemplar/archive_6/38d372e2-933f-4b85-b9f0-3b07332a9365.pt,46.217773153558355,61.597411345340674,15.37963819178232,0.28903622309244664,45.55139540000288,90.65745350885554,45.10605810885266,1.0683548949749384,2.5210872072255226,96.79600019580866,94.27491298858314,0.6265851624350569,43.85538646699291,121.31430821324878,77.45892174625587,2.34166077205113,121.29525046417838,147.50272848180074,26.207478017622364,2.5328285816179608,171.36409982002738,195.35893048310118,23.9948306630738,67.0600825718471
exemplar,exemplar,exemplar/archive_6/3aac3702-af47-4b58-b537-d4623fffc640.pt,16.40623490461716,17.297004496109885,0.8907695914927238,0.010622178860259545,17.423960574087523,123.7334817210907,106.30952114700318,0.6041198497856243,113.79887185939748,161.23751568929396,47.43864382989648,0.1667483130166697,47.47896187553871,4.68756944803155,-42.791392427507155,-0.3137631756918771,170.50499196757835,69.6613986000007,-100.84359336757765,-10.474781648290849,37.691091860104905,55.97870282531794,18.287610965213034,0.3078832318705897
exemplar,exemplar,exemplar/archive_6/3acfbea3-ab2d-4952-a6e8-a581a920bf80.pt,109.75574618836302,19.702883552601737,-90.05286263576129,-2.2528469341043946,79.77645150430018,29.84089823417816,-49.93555327012203,-1.0673953029420964,79.76183445946914,107.23863851801626,27.476804058547117,0.9150231225149972,120.51754977573512,112.02724538690384,-8.490304388831277,-0.3642714023590088,129.65446858383115,108.12148056785398,-21.532988015977168,-1.3313639635316699,93.09714230126102,134.13564996282244,41.038507661561425,2.325333511273478
exemplar,exemplar,exemplar/archive_6/47a47c3b-2a40-456d-beb3-ca9654a45d33.pt,42.186161142893724,57.32619313328,15.140031990386277,0.2689168338936151,56.35753815294831,33.86736970188603,-22.49016845106228,-0.3768690398907593,78.54820734047132,112.38039872116526,33.83219138069394,1.1127381324768066,112.36315047727697,0.0,-112.36315047727697,-1.2821450233459473,163.4178698213873,157.73871322515313,-5.679156596234179,-1.4489652845594618,78.06710660494065,157.02151547424805,78.9544088693074,5.022074540456136
exemplar,exemplar,exemplar/archive_6/50ba9336-c111-417c-ac0a-23f319f8b46f.pt,2.195190148077765,45.44883210643291,43.253641958355146,0.348085235813168,68.32668273885777,61.24812501794466,-7.0785577209131105,-0.04038628875294081,42.98781108256778,16.10963862786368,-26.8781724547041,-0.365278164545695,63.74578378341503,54.61990285126298,-9.12588093215205,-0.13821053504943848,61.38414389270583,22.352640053090084,-39.031503839615745,-0.26850584813463974,65.9682001518848,45.67848984682652,-20.28971030505828,-0.1238192445743158
exemplar,exemplar,exemplar/archive_6/51547da9-5f79-4282-843f-7184af7c20ee.pt,69.20731584396619,42.80545628794558,-26.401859556020604,-0.1615580327954113,55.149732856415866,33.69413162609925,-21.455601230316617,-0.1439213025221938,0.0,0.0,0.0,0.0,0.0,0.0,0.0,0.0,159.05424526388595,151.74117484136406,-7.313070422521889,-1.4726727803548176,104.17692674224175,151.32993252903708,47.15300578679533,3.0331828594207764
exemplar,exemplar,exemplar/archive_6/51633c90-beb1-4852-a71f-f254a483a2d7.pt,82.37699337283736,8.513228557964666,-73.8637648148727,-1.311726919775246,49.41321871826068,3.1498202001864404,-46.26339851807424,-0.6242530480335794,53.72747902658197,8.238213101822733,-45.48926592475924,-0.642388687133789,48.594727892261496,54.83951512222625,6.244787229964757,0.10418367385864258,113.77205260980385,135.81416726624224,22.042114656438386,1.5914477197947854,96.95786607934906,123.17954786235951,26.221681783010453,1.319903706395349
exemplar,exemplar,exemplar/archive_6/5445667c-d318-41b8-808b-45c817e4ae7c.pt,79.29783137970911,101.37763423821808,22.07980285850897,0.741804646950692,55.3992196723134,5.271962578648256,-50.12725709366514,-0.7145022932589977,0.0,0.0,0.0,0.0,112.36315047727697,162.38202633354302,50.01887585626605,3.0344624519348145,185.75062991705624,165.75250645727928,-19.998123459776963,-16.050235112508137,124.31595168409163,33.45455736125029,-90.86139432284133,-2.677426746913365
exemplar,exemplar,exemplar/archive_6/569a2b81-0594-42df-801f-a846c304f894.pt,27.23602760528429,26.905728520833605,-0.330299084450683,-0.004417958268907181,9.6827628241471,36.812526721564595,27.129763897417497,0.35880483907093136,0.0,0.0,0.0,0.0,55.02012862509817,10.219132189161128,-44.80099643593704,-0.2968188126881917,80.63055564993965,0.11767151531373395,-80.51288413462592,-0.5734175059804071,49.38910438009167,10.012393282736111,-39.37671109735556,-0.2905681436578402
exemplar,exemplar,exemplar/archive_6/58328533-92dc-4aca-ab47-11bd1076277c.pt,46.65179429304346,52.5450802944716,5.8932860014281445,0.10423649151245185,183.8603088627184,175.00689239220767,-8.853416470510723,-0.024576268710818163,0.0,0.0,0.0,0.0,113.28615551726466,163.44946509720484,50.163309579940176,3.1654393672943115,180.6237475980772,162.10589549660264,-18.517852101474546,-9.822618986430921,76.92751581208192,35.75738103307542,-41.1701347790065,-0.0901179313659668
exemplar,exemplar,exemplar/archive_6/5833fe14-4a30-4d91-bfdf-fa360ed88285.pt,104.41638452331816,116.85254441782247,12.436159894504314,0.6258010046238385,119.88832751458479,26.433702905295377,-93.45462460928941,-2.68707614817682,0.0,0.0,0.0,0.0,117.32085771717335,169.82184016591748,52.500982448744125,4.208319544792175,185.1350510624419,149.50891915989212,-35.62613190254979,-18.74332760541867,99.08587292215266,33.03134834020689,-66.05452458194577,-1.6437457126119863
exemplar,exemplar,exemplar/archive_6/5d759e4b-cd40-4c1e-a2ab-5e12236ce2f4.pt,20.195355900704,37.748567398390676,17.553211497686675,0.13411591367495773,30.17007935712301,22.603311017992187,-7.5667683391308245,-0.15219611522414922,45.580169022803574,64.48445291068847,18.9042838878849,0.3312374750773112,43.431722960186825,14.627262066320444,-28.80446089386638,-0.16584515571594238,167.7770261632586,142.0162168550574,-25.760809308201203,-5.457574844360352,99.45878145691262,112.54536174039214,13.08658028347952,0.5528082166399274
exemplar,exemplar,exemplar/archive_6/6a9c9dd1-35a7-4c6c-b57c-7be7348eee2e.pt,101.82552996566596,30.5423155079454,-71.28321445772056,-1.8092681474215246,79.4728089833044,30.19360584908826,-49.27920313421615,-1.0563477509436903,79.76183445946914,107.23863851801626,27.476804058547117,0.9150231225149972,120.51754977573512,112.02724538690384,-8.490304388831277,-0.3642714023590088,129.65106801972703,108.12148056785398,-21.529587451873056,-1.3310893639035508,93.09714230126102,134.13564996282244,41.038507661561425,2.325333511273478
exemplar,exemplar,exemplar/archive_6/6ac59c9c-4530-4fe7-92e2-b01f355760db.pt,6.858845736285282,50.35080176412444,43.49195602783916,0.6065014820887992,6.607198244896679,5.818671885802094,-0.7885263590945852,-0.004027674779382602,70.42343139854138,55.63408976371754,-14.789341634823842,-0.289887269337972,128.71151796196344,0.0,-128.71151796196344,-1.8055022954940796,133.88851545753604,155.57027973101808,21.68176427348203,2.9174466814313615,58.859286109920255,186.0334246471914,127.17413853727115,22.580034971237183
exemplar,exemplar,exemplar/archive_6/76ce9d01-fa09-4505-a076-f4309ad3205b.pt,10.607433989166797,44.26772777262846,33.66029378346167,0.2503967679440205,29.61979661894454,31.826362154340845,2.2065655353963045,0.01657769981025546,39.88087061789205,17.620994852170046,-22.259875765722004,-0.3081814448038737,79.23463804761268,60.93805085571827,-18.29658719189441,-0.32684409618377686,31.514576298078854,60.7782095155696,29.263633217490746,0.49859722765678055,16.2079142348437,14.841837581657579,-1.36607665318612,-0.01172718498277368
exemplar,exemplar,exemplar/archive_6/76f5960d-06a0-40f7-8dab-9b3e30f953c5.pt,16.789992177802937,58.57087390892022,41.78088173111728,0.2697004611100597,30.167805950579442,45.41436878757019,15.246562836990748,0.10794506065567784,16.2610226087135,5.54979218978604,-10.71123041892746,-0.10762661695480347,66.51326670937678,49.30722364821284,-17.20604306116394,-0.25660890340805054,44.61667936202258,47.456194487553056,2.8395151255304754,0.047871180943080356,14.605110207328943,22.386655276242223,7.78154506891328,0.11552204457364341
exemplar,exemplar,exemplar/archive_6/79201e33-2c22-4d0d-83e8-72a0f528fd94.pt,81.30965835757412,116.30559910877153,34.99594075119741,1.408147979200932,87.80774016590793,3.5453050891852147,-84.26243507672271,-0.5719322261953712,7.659460339550029,66.5939055309035,58.93444519135347,0.8090200424194336,105.62106329382804,159.32682729336696,53.70576399953892,2.7981292009353638,175.76956998730827,124.60058036643234,-51.168989620875934,-11.003031866891044,137.59142377262108,104.17692674224175,-33.41449703037934,-1.6762616634368896
exemplar,exemplar,exemplar/archive_6/7f38b408-eff8-4e0f-b969-4a96d96068bb.pt,44.67658646496043,33.19667106939076,-11.47991539556967,-0.2905392511750708,118.23605596895122,77.1143863914081,-41.121669577543116,-0.1861149346157586,0.9710934289491581,77.51741545339065,76.5463220244415,0.4574875036875407,23.19204593301274,12.226543004162949,-10.96550292884979,-0.11034002900123596,157.77601943586944,111.15708058427884,-46.6189388515906,-4.840146516498766,15.446778526041888,28.959149757353554,13.512371231311667,0.06417524814605713
exemplar,exemplar,exemplar/archive_6/7f3a59e4-1fc5-4203-8e84-bbe450af3949.pt,45.56826764244199,71.75858277212939,26.1903151296874,0.5286044002918715,13.064748294995972,51.64754941055273,38.582801115556755,0.5694273219389074,59.44694336732251,81.43222144487616,21.98527807755365,0.46173524856567383,0.0,0.0,0.0,0.0,121.920520582614,153.06749251691443,31.146971934300424,3.3369312992802374,1.1610267197961124,9.909103534389892,8.74807681459378,0.06205141544342041
exemplar,exemplar,exemplar/archive_6/7fd26a0f-4d9e-44be-b21a-da7e2699fcbe.pt,101.09129504120064,125.35084062697904,24.259545585778397,1.3135324205671037,179.97512779850462,172.4375455529533,-7.537582245551306,-5.310922410753038,21.148136463253312,166.66666666666666,145.51853020341335,0.6580138206481934,138.36997157127917,162.0570122180411,23.687040646761943,2.0258948802948,21.411079644772077,64.16557563668418,42.75449599191211,0.24578280849311188,176.05447810842946,166.81952172312072,-9.234956385308749,-3.4869775772094727
exemplar,exemplar,exemplar/archive_6/80cda5ec-11b5-45d6-a3e9-c2d6891dd88b.pt,168.392538086663,172.78708572772413,4.394547641061138,2.0302188270970394,178.214188145358,177.25919940518392,-0.9549887401740875,-0.7067896525065104,0.0,0.0,0.0,0.0,110.96018415937482,160.85834763088383,49.89816347150901,2.8634601831436157,167.08353677617472,153.59717243068422,-13.4863643454905,-3.4279327392578125,147.52671577329681,104.17692674224175,-43.34978903105507,-2.5864250659942627
exemplar,exemplar,exemplar/archive_6/82f484c6-fb04-4e7c-a8fb-686965b77ecd.pt,36.9553843421645,58.500836283473504,21.545451941309004,0.37355249143764097,142.58550969783238,161.34934841305426,18.76383871522188,3.381999257077092,35.64493230999041,63.126436383261364,27.481504073270955,0.17724885480100044,105.01301526308016,162.38458896564006,57.3715737025599,5.3523634274800616,8.199193952628221,102.68792527771845,94.48873132509023,2.029817906821646,146.20039963253714,198.34730904357556,52.14690941103842,175.9458909034729
exemplar,exemplar,exemplar/archive_6/8478e66e-7aab-4938-9fd4-f6290dd637e0.pt,57.20353195634928,38.18584433751502,-19.01768761883426,-0.32921430194918,49.823656330598716,62.05376123270733,12.230104902108614,0.23614020201402477,70.81451824748585,135.94126158107548,65.12674333358963,0.2862701871049096,141.08299971147653,164.72999943211062,23.646999720634085,3.41390323638916,166.40163120047296,184.46800372359144,18.066372523118474,13.674850463867188,85.48202430171624,192.80246220457983,107.32043790286359,43.40138260523478
exemplar,exemplar,exemplar/archive_6/84ba1f6b-6e53-4633-bdb2-01c7ba794a02.pt,98.98312129422736,97.62238390531789,-1.3607373889094703,-0.0526259563731076,90.45189581575333,171.96172244480059,81.50982662904725,10.603182949862637,33.90154551796184,167.74383540287369,133.84228988491185,0.6216770315394156,33.56853422030387,28.42731632668401,-5.1412178936198565,-0.05401366949081421,139.0316154290369,166.34259862024243,27.310983191205537,5.183584514417146,17.444387599794116,116.68092849997673,99.23654090018262,1.9802793264389038
exemplar,exemplar,exemplar/archive_6/87d2affd-2b75-4e73-a4ef-24387c859bb6.pt,108.23808623865564,126.95789970078515,18.71981346212951,1.1163784087825614,75.85597353179274,73.90763167490321,-1.9483418568895274,-0.049467233511117786,16.137239481593852,150.0,133.86276051840616,0.6193414926528931,124.03573213180601,161.29621521214256,37.26048308033654,2.5346364974975586,185.54046097240612,142.15737474287786,-43.38308622952826,-20.363859953703702,182.3335351917373,150.0909736496902,-32.2425615420471,-10.970389366149902
exemplar,exemplar,exemplar/archive_6/8c9552c6-890a-4ada-8bb2-b8a95cafed8c.pt,99.46575486852896,45.533313047254026,-53.932441821274935,-1.388768941182024,84.18614736723566,3.870594740762016,-80.31555262647365,-1.4134118086454883,116.74908924584095,148.10361365372444,31.35452440788349,0.11323824950626918,108.08651316101242,143.97170041245408,35.885187251441664,1.3936654329299927,21.441174912324563,49.50070620957046,28.059531297245897,0.15635101205748386,134.46146720878485,148.82341845036242,14.361951241577572,1.2845964431762695
exemplar,exemplar,exemplar/archive_6/8ee719fb-6acf-4cd1-920e-02e60ae605bd.pt,55.85835249996931,85.95239539862737,30.094042898658067,0.1645296817416337,30.90366281303694,39.11577309124646,8.212110278209519,0.05949260073831913,0.0,0.0,0.0,0.0,0.0,0.0,0.0,0.0,94.5167065902532,84.10588023779138,-10.410826352461811,-0.3388506437602796,60.56329365921466,131.19462667998272,70.63133302076807,2.208610773086548
exemplar,exemplar,exemplar/archive_6/91e1de14-7792-4c48-a130-8efdff3dcf74.pt,25.316464373306776,59.5075540538678,34.19108968056102,0.5566339055332569,53.311067197465604,57.48642956479016,4.175362367324553,0.0797736693975848,0.0,0.0,0.0,0.0,141.23753962570999,170.9004687779249,29.66292915221493,3.4694294929504395,188.69673825397862,179.09384642284294,-9.602891831135679,-15.827132375616776,193.89246579640434,194.36969011932277,0.4772243229184312,4.1633758544921875
exemplar,exemplar,exemplar/archive_6/92d3ca3f-c8c3-4914-90a9-de5b768e84ce.pt,18.65639080773534,27.098334156978463,8.441943349243122,0.032890285953010426,92.49238571714264,29.06915162737154,-63.4232340897711,-1.4666488849118944,51.21790988020256,150.0,98.78209011979743,0.1475663185119629,71.39296153888806,75.62047362805447,4.22751208916641,0.07928526401519775,173.69385558801258,156.31724815131687,-17.376607436695707,-6.002112755408654,91.45190411013947,61.591025710554966,-29.8608783995845,-0.7853211193549924
exemplar,exemplar,exemplar/archive_6/93662492-a63a-494d-bb55-06895131c4f8.pt,14.672828739567224,15.212148474318402,0.539319734751178,0.02794446111794587,26.612148689402247,85.91036749719237,59.29821880779012,1.2708311175355818,61.02381641894207,87.67631621769827,26.652499798756203,0.626033624013265,61.28983943224226,63.39033957644825,2.100500144205988,0.38243136803309125,143.67130048427603,123.82521523313764,-19.84608525113839,-0.07126476252190421,69.16334923996351,51.57677629179858,-17.586572948164928,-0.27168846130371094
exemplar,exemplar,exemplar/archive_6/93cd8ea2-788e-4129-966c-b2debf68dbd7.pt,23.775745022411492,4.824294616648536,-18.951450405762955,-0.16538591363725363,171.51992620761388,115.94198393719711,-55.57794227041677,-0.18936258582584223,29.691953182893283,8.79334360289056,-20.89860958000272,-0.23531556129455566,47.400828007188615,41.31962864069204,-6.081199366496577,0.11466677983601888,116.88443787384067,59.689732197149524,-57.19470567669114,-1.9372297286987306,32.84923205178308,6.1869757226165225,-26.66225632916656,-0.1666027307510376
exemplar,exemplar,exemplar/archive_6/980f0f6d-1740-4efc-88f5-537ff2483d1b.pt,96.68520200233907,18.708719153492645,-77.97648284884642,-1.7004468765755896,71.19800600269744,5.470999908201039,-65.7270060944964,-1.05221938885823,81.36983568272736,48.797294232227195,-32.57254145050016,-0.6860145992702908,91.17784003824534,91.85240413451761,0.6745640962722774,0.019105911254882812,144.94319663472254,142.58962517159082,-2.353571463131715,-0.29739617444797906,132.33752259147525,158.6533120636,26.31578947212475,3.7432027600475193
exemplar,exemplar,exemplar/archive_6/99183e60-1861-4415-8da2-21b01433911c.pt,69.8502567991875,78.36104809263679,8.510791293449287,0.21503427958907656,37.891458542379056,4.894788208429676,-32.99667033394938,-0.4172966878742515,10.035421474645453,170.76198854944843,160.72656707480297,0.8223815001258554,28.953099190877115,46.55413517242348,17.601035981546364,0.2514774799346924,89.82811309046747,12.717670239797192,-77.11044285067028,-1.4923000993399784,171.77238880666613,126.82700521248827,-44.945383594177855,-7.978689511617024
exemplar,exemplar,exemplar/archive_6/9e513d21-2fd1-449f-ba7a-59c83a276934.pt,3.822417407498546,81.9069075954894,78.08449018799085,0.5421095997399931,41.88895745882432,92.52929446350225,50.64033700467793,0.2862618538109324,98.06455901633562,39.7370534650361,-58.327505551299524,-1.3632379878651013,58.981268990135455,74.58926990300402,15.608000912868569,0.3088899850845337,15.274608572929031,1.390413625645028,-13.884194947284003,-0.1278843944428733,42.00904581439958,23.18357616228648,-18.825469652113096,-0.13934778725228658
exemplar,exemplar,exemplar/archive_6/9e57a04d-004f-484c-95f2-4af766f1894b.pt,10.201256174679365,33.65978354301462,23.458527368335254,0.2972120456264938,28.943197270285264,26.058753782339526,-2.884443487945738,0.04678487165087819,10.45373353264682,97.3344691928578,86.88073566021097,0.5535177103678386,14.425231649925077,82.33490261988607,67.90967096996098,1.1745786666870117,125.62384294211431,133.2382281338289,7.6143851917145895,0.6129307725694444,135.22645797833715,138.18134168498236,2.954883706645205,0.2937304926853554
exemplar,exemplar,exemplar/archive_6/9fe195bc-91b9-4886-8f84-a09479afa476.pt,34.301459506799624,40.361839024002265,6.060379517202641,0.09164282071622847,19.59275974600976,72.78769726184969,53.194937515839925,0.9270919025621555,162.147273536303,177.67164924683428,15.524375710531274,0.04539082471062155,23.851528044084883,104.48202791318379,80.6304998690989,1.4376614689826965,112.51206240338166,122.98197410740867,10.469911704027012,0.6126514979771205,4.7850265980903925,87.71699380337674,82.93196720528634,1.1350528001785278
exemplar,exemplar,exemplar/archive_6/a374ad17-d0cb-41ee-97af-4c4a4de4c0a7.pt,169.0730024929028,157.1471249727761,-11.925877520126676,-3.583905976394127,160.58084068106896,142.45247574455456,-18.1283649365144,-3.161055501302083,35.07643932169033,133.33333333333334,98.25689401164301,0.3121949831644694,110.48755245056711,134.84711929879828,24.359566848231168,0.8353769779205322,176.80286512595768,127.91406761534363,-48.888797510614054,-11.386823955335116,157.11326016281055,120.53378329348627,-36.57947686932428,-3.219980001449585
exemplar,exemplar,exemplar/archive_6/a37725cb-6d0e-4069-963d-c357320e4b88.pt,77.74277786201503,8.03994117456739,-69.70283668744764,-1.187946605645318,50.017983108248906,43.342545570919135,-6.6754375373297705,-0.1136376916604338,31.070168565976207,70.1381616013841,39.067993035407895,0.7098634839057922,12.061900553963556,30.904551628517606,18.84265107455405,0.22659263610839844,77.65633215110343,79.34698230326515,1.690650152161723,0.045767839321357286,33.82644972722244,76.39417650434677,42.567726777124335,0.8257584682730741
exemplar,exemplar,exemplar/archive_6/a4fef1d1-6384-4386-b220-b84e8c2657dd.pt,99.43324102897802,128.6435487498562,29.210307720878177,1.628072754762474,74.55101439655427,109.24364361203486,34.69262921548059,1.2187491302435876,137.36338995706552,166.3288795198156,28.965489562750065,4.57797908782959,159.1109289618019,180.25431205341212,21.143383091610218,5.237511157989502,136.5716288570082,110.69294913593964,-25.87867972106855,-1.8244299950537743,31.05519947465253,56.78918258708387,25.733983112431343,0.07453820180084746
exemplar,exemplar,exemplar/archive_6/a62c9432-1052-4434-a161-6a7fa7a55b79.pt,2.195190148077765,40.31290394251598,38.11771379443822,0.3132614171986342,69.32279081784613,59.193080201768936,-10.12971061607719,-0.05803723876106674,43.39234824052002,5.548306053474327,-37.844042187045694,-0.45848751068115234,63.46682962943512,55.4928545810165,-7.973975048418616,-0.121246337890625,60.39344533769656,20.779858346850602,-39.61358699084596,-0.2754954817108295,64.73753715842003,49.573044616950234,-15.16449254146979,-0.09152164814635093
exemplar,exemplar,exemplar/archive_6/a69f991e-639f-45fa-9924-3aaaf35f6a17.pt,153.7460695640904,157.97126797796344,4.225198413873045,0.8683670365559133,157.4590931872528,166.37614015891168,8.917046971658891,2.489921817385693,0.0,0.0,0.0,0.0,164.75002739784972,181.7616816789238,17.011654281074073,5.2921600341796875,184.14875395344393,185.0372721149785,0.888518161534563,1.459050228721217,132.8453920718689,169.30281005061767,36.457417978748765,5.305578231811523
exemplar,exemplar,exemplar/archive_6/a91cbed0-cf1e-4d5d-920d-5029c6330e21.pt,45.695513536590866,73.52070897529863,27.825195438707766,0.5702852477708551,82.06028432700944,115.90443512744041,33.84415080043097,1.3648046587564386,56.18896523718249,17.410604305566498,-38.77836093161599,-0.5414933363596598,63.98086504494143,102.54493563389924,38.56407058895781,0.9697442054748535,137.0427297878881,138.0978872134605,1.0551574255723892,0.10683585502005913,85.19586545295626,151.32993252903708,66.13406707608083,3.5508065223693848
exemplar,exemplar,exemplar/archive_6/aa52812d-0fa0-49d0-8449-d8093b646115.pt,12.001137587185143,5.061983548968173,-6.93915403821697,-0.07573666107216413,23.628670943273644,99.48594298307748,75.85727203980383,0.4530459413933384,120.51434908830625,155.87880627425233,35.36445718594608,0.12353522278541743,48.44133055679607,4.953971226105028,-43.48735933069104,-0.30745768547058105,94.1565292581329,4.730754626325658,-89.42577463180724,-1.7279294127436695,60.772871717316214,103.46178400197894,42.68891228466273,1.206911849975586
exemplar,exemplar,exemplar/archive_6/acc4bcab-bf7e-40f3-b852-f320df45c3e7.pt,18.429157417753025,27.32329502722558,8.894137609472555,0.03739369743194147,90.72513081743521,31.254775838828657,-59.47035497860656,-1.3899883552914991,51.21790988020256,150.0,98.78209011979743,0.1475663185119629,71.39296153888806,75.62047362805447,4.22751208916641,0.07928526401519775,175.99407756533483,159.97414612741582,-16.019931437919013,-6.612497103416313,103.65994439228906,75.72542311768146,-27.934521274607604,-0.9199475969587053
exemplar,exemplar,exemplar/archive_6/ae482ec6-2485-46f1-8ef7-33d7df37defe.pt,31.275276557675507,13.822252354119845,-17.453024203555664,-0.22223677294607863,60.67727804010784,68.5625558601607,7.885277820052856,-0.3604282462911191,116.8999902207923,155.31945299475672,38.41946277396441,0.1359513378882593,56.93603503780129,29.657509869519746,-27.278525168281544,-0.17335903644561768,132.68375241641766,55.58311934857586,-77.1006330678418,-3.1668540664197664,67.44304319678527,77.04941940727295,9.606376210487682,0.23140278568974249
exemplar,exemplar,exemplar/archive_6/b0156831-89d8-4f68-9a77-6f15c1eebc1e.pt,94.71759292009281,91.9097484527809,-2.8078444673119094,-0.09861748273982558,155.97069525869875,150.36395701930556,-5.606738239393195,-1.0163310124323919,13.190512079095912,150.0,136.80948792090408,0.6264334917068481,98.8969745895217,141.7023257682271,42.80535117870539,1.4524884223937988,166.372236430884,112.71073213974945,-53.661504291134534,-7.177052250614873,153.7240434678546,124.2345699187402,-29.489473549114408,-2.523258686065674
exemplar,exemplar,exemplar/archive_6/b01752b5-640c-46d0-9093-6934535db495.pt,113.52775807821854,80.84561578426228,-32.68214229395626,-1.2680925735195605,164.59925872833378,122.61263184276984,-41.986626885563936,-6.101203845796131,12.006033103837645,166.66666666666666,154.66063356282902,0.7162494659423828,130.57376319581195,138.20661303377645,7.6328498379645,0.35583698749542236,176.3143220753973,146.82100475823546,-29.493317317161853,-9.219730854034424,183.47044000596082,176.05447810842946,-7.415961897531361,-5.6208648681640625
exemplar,exemplar,exemplar/archive_6/b10101c8-c316-4233-a6e8-68e512ef99d4.pt,53.00127689574183,32.91335883927128,-20.08791805647055,-0.13635662917756156,39.80109283005336,21.61442594135397,-18.186666888699392,-0.13688675253922425,79.61563927602224,85.79144181682506,6.17580254080282,0.17276323758638823,181.27246226321918,187.83537378166062,6.562911518441439,5.761652946472168,26.621211748239144,18.466567251157535,-8.154644497081609,-0.031484121722135584,111.49889010044454,140.17434034888893,28.675450248444392,0.1082278394040171
exemplar,exemplar,exemplar/archive_6/b6412086-b873-491f-9670-70e8bac7f624.pt,24.91854589288912,14.956293946196276,-9.962251946692845,-0.05992610394581457,142.30470562125026,6.113168789394809,-136.19153683185544,-0.7683489522286955,119.49908215122035,157.54641187127717,38.04732972005682,0.13319067443695448,61.784603589088896,85.85924177187282,24.07463818278392,0.4578084945678711,99.544589048,122.98197410740867,23.43738505940867,1.1944128853934153,32.84923205178308,85.19586545295626,52.34663340117317,0.9015336334705353
exemplar,exemplar,exemplar/archive_6/b64592ac-c2d4-4b42-9540-4200b73db4cd.pt,32.771327182204686,50.98313404620851,18.211806864003826,0.29232123358363,142.71765343024646,168.5479877429885,25.830334312742053,5.733033069483678,158.10685378119973,174.73858263237366,16.631728851173932,0.04956209149934736,26.47499441052645,100.81240904324729,74.33741463272084,1.2957144379615784,123.63784605303564,136.34726119820203,12.709415145166389,1.0278675473969558,1.1610267197961124,77.37420303759954,76.21317631780343,0.9377087354660034
exemplar,exemplar,exemplar/archive_6/bd2eebd2-2033-43b6-a272-a546cbe19247.pt,61.95963697871896,96.58105651911723,34.621419540398264,0.9688100913136276,96.0979592020638,137.1704172004527,41.0724579983889,2.512185604014295,0.0,0.0,0.0,0.0,144.26752889384312,167.26273722063144,22.995208326788315,2.520673990249634,189.7143626686351,185.69878309682122,-4.015579571813873,-10.578296661376953,193.3752395839274,195.82402485602393,2.4487852720965293,26.554851531982422
exemplar,exemplar,exemplar/archive_6/be34ff8f-df7d-4ad3-a4d5-74f2344a116a.pt,34.383090411101776,4.002111338334221,-30.380979072767555,-0.3743708500210793,52.85760529525865,70.74829999781261,17.890694702553958,-0.19583387327741475,0.0,0.0,0.0,0.0,0.0,0.0,0.0,0.0,56.889771786695945,21.86738942497521,-35.02238236172073,-0.19629720052083333,69.16334923996351,25.776862464146188,-43.38648677581732,-0.5710057616233826
exemplar,exemplar,exemplar/archive_6/c6bd3933-e2dd-4c05-b831-6e27f84ad677.pt,127.03642015417896,95.22026691213516,-31.816153242043796,-1.664545984774067,120.35977741829684,108.9985739739123,-11.361203444384543,-0.6269121259490844,60.26384298818872,52.434638070234335,-7.829204917954385,-0.3725884755452474,99.21336131157311,104.85346741705642,5.640106105483312,0.1764463186264038,160.33594286386645,155.4369044268358,-4.89903843703064,-1.0873395479642427,104.17692674224175,154.88021425288886,50.703287510647115,3.518197774887085
exemplar,exemplar,exemplar/archive_6/c77a3126-f728-49b4-afc1-0cff7c554078.pt,42.90658601918576,49.57111412402188,6.664528104836123,-0.14898293534652446,6.508458090570981,74.9823520115268,68.47389392095582,0.4822679760736125,49.45965172211562,35.23273971546366,-14.226912006651965,-0.32774364948272705,82.76966089655144,32.93108319152193,-49.838577705029515,-0.7633983492851257,62.288281509585445,54.05394865490484,-8.234332854680602,-0.04940644153573895,69.62699754084736,45.02579566053797,-24.601201880309382,-0.14848763602120535
exemplar,exemplar,exemplar/archive_6/cd9dff84-d6c4-4d10-a34a-c0f5cb3bc155.pt,69.45163579587735,77.9767067413251,8.525070945447752,0.21406102294537224,37.7991227524217,4.799079645807783,-33.000043106613916,-0.41689726534458005,10.035421474645453,170.76198854944843,160.72656707480297,0.8223815001258554,28.953099190877115,46.55413517242348,17.601035981546364,0.2514774799346924,89.82811309046747,12.717670239797192,-77.11044285067028,-1.4923000993399784,171.77238880666613,126.82700521248827,-44.945383594177855,-7.978689511617024
exemplar,exemplar,exemplar/archive_6/cf76e97f-ad66-4ef0-acc1-7d83b4976477.pt,5.090783355928891,48.94178302434178,43.85099966841289,0.34350066326780127,57.88165588510199,43.0783878034903,-14.80326808161169,-0.09444434065031454,166.66666666666666,52.15750957662071,-114.50915709004595,-0.4541175762812297,49.93314208172584,20.454687593038205,-29.478454488687635,-0.364690621693929,10.912044975749511,50.63554099263119,39.72349601688168,0.3005279739611578,53.41495909810623,110.73254249334312,57.31758339523689,0.2910160715987043
exemplar,exemplar,exemplar/archive_6/cffd7041-0b1b-44ba-a640-3e46071fe2a5.pt,110.21090861082756,30.10591956243412,-80.10498904839343,-2.19286503297064,83.45416992088127,19.894013441995014,-63.560156478886256,-1.2110571401225114,133.33333333333334,133.33333333333334,0.0,0.0,90.31686296537752,101.79464267805378,11.477779712676252,0.319671630859375,84.86042878367999,58.13152328041098,-26.72890550326901,-0.6539047065822557,39.858590634803015,131.6490449179998,91.79045428319677,3.345666915023883
exemplar,exemplar,exemplar/archive_6/d0adca13-0c49-44d7-b26d-b4e9c2886472.pt,25.005865930043306,6.072234818084682,-18.933631111958626,-0.16333404130543366,22.205779577528535,9.257008499936678,-12.948771077591857,-0.10280256188932732,55.039338819676054,0.7652781064001262,-54.27406071327593,-0.7382641519818988,59.0782950475625,114.59396589219013,55.51567084462763,1.5375452041625977,134.02746011333727,154.84445530288826,20.816995189550994,2.7916732295866935,100.72103824912988,134.04979520667243,33.32875695754255,2.026526685030955
exemplar,exemplar,exemplar/archive_6/d1b35da2-8c73-4ae5-ae14-eace77e749d8.pt,135.51114886994625,100.75188303633689,-34.75926583360936,-2.172206313742325,131.0200174817023,115.30805729752925,-15.711960184173051,-1.07569964704263,28.330818975716966,149.77657670267524,121.44575772695828,0.607554578891252,132.40774503182976,133.51113140190353,1.103386370073764,0.0736551284790039,169.68870954162395,184.6471592378215,14.958449696197562,12.643117268880209,119.57788081868615,189.64935156826476,70.07147074957861,28.0593048731486
exemplar,exemplar,exemplar/archive_6/d258b746-7850-47eb-8961-9a3462b7c2e0.pt,22.13337911185821,70.81292985230316,48.679550740444945,0.8969950885744002,85.55904933015128,30.923274639522404,-54.63577469062888,-0.23344226966964338,85.70502760668954,108.08902659817522,22.383998991485683,0.10169340967220168,59.3814845180452,13.79384805968962,-45.587636458355576,-0.2903560698032379,15.1603304070054,24.705352724055267,9.545022317049867,0.14070290578922756,12.482743375258629,49.43216930150519,36.94942592624656,0.47985021273295086
exemplar,exemplar,exemplar/archive_6/d4be791c-1f0e-4a2a-b528-7a6d9e0f8c41.pt,181.61302572443884,188.26838984324064,6.655364118801799,12.231194632393974,137.7164740365072,137.7164740365072,0.0,0.0,0.0,0.0,0.0,0.0,134.15361661029678,175.0089211208467,40.85530451054993,4.96548318862915,187.3562294403123,159.78262375438086,-27.573605685931426,-21.0522362204159,152.5407885035583,106.36166884423386,-46.17911965932444,-3.117401361465454
exemplar,exemplar,exemplar/archive_6/d71a04f4-8257-4c5a-9508-a0d4033be112.pt,51.54754880627986,81.00587499605683,29.45832618977697,0.666991081361246,4.906050018793306,64.89361477049052,59.98756475169721,0.9102545499844112,93.60976593026564,124.73994637556578,31.13018044530014,1.3996448516845703,150.2633751170546,170.72664203853432,20.463266921479715,2.810969352722168,146.76678700361012,148.36045173301628,1.5936647294061572,0.2310101458134542,58.46662094425722,20.28873549241847,-38.17788545183875,-0.5969845164905895
exemplar,exemplar,exemplar/archive_6/d7fdd0f3-0e84-47e4-a3ec-4cd29637c71d.pt,18.065971375704017,63.403430550065366,45.33745917436135,0.315703761559105,26.626522119527067,69.52061456391719,42.894092444390125,0.2808841297814641,138.81741115234743,171.97698357143952,33.159572419092086,0.1048336102980976,87.75956662597866,43.60452247725606,-44.1550441487226,-0.8384661674499512,22.952470419315585,63.55001631863393,40.59754589931835,0.2763199187562375,103.39661744943636,126.27478117366408,22.87816372422772,0.09240064667492379
exemplar,exemplar,exemplar/archive_6/db91f246-7995-4ea8-a26c-c63b5a520453.pt,19.46231724447006,45.19507234449334,25.73275510002328,0.191277842932475,67.43350971253804,42.4081812441393,-25.02532846839874,-0.47901076333016385,37.443155874557824,100.93295376693378,63.489797892375954,1.3798679113388062,13.130326172878824,57.51576206811605,44.38543589523722,0.5000991225242615,170.62067095254167,162.71010919082713,-7.910561761714547,-2.85121819911859,108.45597120432696,98.23815107991784,-10.217820124409116,-0.41436174180772567
exemplar,exemplar,exemplar/archive_6/e4181b11-725c-48e5-b029-54a2d5315b55.pt,18.89650755127051,65.35507943010425,46.458571878833745,0.28389685765545736,59.228258710629795,91.55836513522752,32.33010642459772,0.1711013636469975,150.83052298612455,170.43472561628045,19.604202630155896,0.06010540511256965,29.107858440917255,6.136765537382526,-22.97109290353473,-0.17715951374598912,8.643971588769654,66.74644284940659,58.10247126063694,0.41003363341759896,24.87601554574913,94.0674451862671,69.19142964051797,0.3554982850609756
exemplar,exemplar,exemplar/archive_6/e5221a5b-93c6-4a3b-b7f2-26173176413a.pt,119.57757452338026,54.0583113606506,-65.51926316272966,-2.2326882646480386,118.42854927223308,7.384996361172386,-111.0435529110607,-2.8262183556189906,67.74564607591871,133.33333333333334,65.58768725741463,-0.18706258138020834,52.56909780749043,57.51576206811605,4.946664260625617,0.07064449787139893,152.61046262184036,138.05877870071882,-14.551683921121537,-1.9714178040970203,28.739201851146145,16.506898789685312,-12.232303061460833,-0.15458853585379465
exemplar,exemplar,exemplar/archive_6/e5c68485-7671-421b-907a-5d24093ca1d0.pt,70.13144819069556,28.937707620708295,-41.19374056998727,-0.1809083256240592,131.67308303167772,46.7607917611718,-84.91229127050592,-0.1836855145282926,123.2616785794423,123.2616785794423,0.0,0.0,1.166867737149515,83.43958903900212,82.2727213018526,1.1832997798919678,113.44002248099838,78.20777413358083,-35.23224834741755,-0.16146208861163844,35.75738103307542,116.68092849997673,80.92354746690131,1.7740501165390015
exemplar,exemplar,exemplar/archive_6/eae48601-1eef-419f-8569-35e1af1ba9ad.pt,22.921450868913592,6.915464995008699,-16.005985873904894,-0.13401203204226655,119.66419065602425,172.38046187155373,52.71627121552949,9.489089414297815,59.82329183146885,89.2021761234475,29.37888429197865,0.6935849189758301,56.6636809901678,54.47983991028226,-2.183841079885539,0.25601643323898315,142.04171564044393,119.19919507330496,-22.842520567138962,-0.08360874291622278,63.47309599352635,32.470333607780525,-31.002762385745825,-0.40664148330688477
exemplar,exemplar,exemplar/archive_6/ec0fa257-5475-4f6d-8955-5514dde22245.pt,81.25943728106996,71.91046326554606,-9.348974015523908,-0.8395985688686556,40.290417292877834,170.7008954259102,130.41047813303237,0.4160985684176104,0.0,0.0,0.0,0.0,0.0,0.0,0.0,0.0,72.3750596352525,35.06822276096663,-37.30683687428587,-0.23168309529622397,25.776862464146188,51.57677629179858,25.799913827652393,0.29931730031967163
exemplar,exemplar,exemplar/archive_6/eff0080a-fd7e-4f52-8b42-f37a7903dffd.pt,61.72608288906951,45.71994613209356,-16.00613675697595,-0.5206429310227889,31.710869751956892,19.921728842378766,-11.789140909578126,-0.19567966020511665,150.0,109.57556136207684,-40.42443863792316,1.3706350326538086,29.090000778289077,42.1554843418493,13.065483563560225,0.16951048374176025,22.29609148625417,49.85384841473888,27.557756928484707,0.1984281949826455,58.78108361655696,44.58055236268032,-14.20053125387664,-0.08970119569359757
exemplar,exemplar,exemplar/archive_6/f113c9ef-86c2-4e34-af4d-66cf8860c342.pt,6.708756097616187,5.588478677713033,-1.1202774199031547,-0.010544451654036065,5.31655354799906,26.16328978688163,20.84673623888257,0.24921740369759635,62.64445193350823,1.6978938399092218,-60.94655809359901,-0.8790433747427804,52.835905155861056,112.3209304662976,59.48502531043654,1.5366982618967693,102.52627806149329,131.23990036620404,28.713622304710753,1.7115621776627445,71.75453015537552,120.26538077393306,48.51085061855754,1.8889182554472477
exemplar,exemplar,exemplar/archive_6/f3250f5a-4ca9-49ad-b799-0194105bc6ef.pt,48.88396329622327,53.91069603473592,5.026732738512649,0.09107785453114875,2.2079986154744486,30.86943677748001,28.661438162005563,0.34319475141268685,22.96240703057208,90.67982021257549,67.71741318200341,0.4163804125429979,31.771334693825164,102.41727473826094,70.64594004443578,1.5984151022774833,90.73992349150454,90.73992349150454,0.0,0.0,5.726112183924948,29.482704331093494,23.756592147168547,0.20122902930816475
exemplar,exemplar,exemplar/archive_6/f3475010-a2d2-4adc-8857-c12a018f8aa1.pt,15.233305765504062,26.763693513242107,11.530387747738045,0.09449553234889806,16.60516496835362,97.87897856041893,81.27381359206531,1.734668198452201,34.519583022730124,59.67181510178959,25.152232079059466,0.37909936904907227,28.42731632668401,60.37167825583554,31.94436192915153,0.4000311493873596,111.5478759746858,127.02474678565204,15.476870810966247,0.9419631958007812,74.68056666730739,4.7850265980903925,-69.89554006921699,-0.8571151494979858
exemplar,exemplar,exemplar/archive_6/f4f88438-4c86-4b8d-9a82-ccfad9b243ba.pt,77.87275076896555,21.11851303335682,-56.754237735608726,-0.3694385524611399,3.758097458345205,105.48386477790146,101.72576731955625,2.193115382518583,0.0,0.0,0.0,0.0,150.78721259568312,184.72564601755732,33.93843342187421,9.029859066009521,189.2794928602424,183.4398337036745,-5.839659156567905,-12.77034086339614,194.66712524991746,198.0060410643494,3.3389158144319424,94.19961547851562
exemplar,exemplar,exemplar/archive_6/f55941ee-ae8d-467f-9c14-662151a42646.pt,18.85351875420133,90.61881027272833,71.765291518527,0.4154550190658167,15.537598091949997,84.4884684492946,68.9508703573446,0.4497802406493419,90.4250371388834,50.50563498968656,-39.919402149196834,-0.9138588905334473,57.34795257792407,63.36961359969007,6.0216610217660005,0.10813319683074951,0.6489968104589079,11.249652015733442,10.600655205274535,0.0999756786256644,40.697243603170946,1.0312695141084782,-39.665974089062466,-0.32763523008765244
exemplar,exemplar,exemplar/archive_6/f5780d04-5f50-4ab2-b4aa-4bbb1c20b5b3.pt,76.3661528820008,104.11959712959901,27.75344424759821,0.9361202052382173,126.70303717870394,112.1745962763309,-14.528440902373035,-0.8967427571614583,21.148136463253312,166.66666666666666,145.51853020341335,0.6580138206481934,137.21737141570702,166.2369093990388,29.019537983331787,2.7380337715148926,22.447131722924485,65.91049001633468,43.463358293410195,0.24265472469798557,175.73767396573857,169.30281005061767,-6.4348639151209,-2.5919675827026367
exemplar,exemplar,exemplar/archive_6/f71ebe95-27b7-4494-91b9-0608db2a8db9.pt,70.92527604932447,78.64173063185514,7.716454582530673,0.19695006909013604,170.5010683624342,169.8771898827601,-0.6238784796741186,-0.2777869183084239,17.288258304803936,72.7146804011037,55.426422096299774,0.8738632996877035,98.36030634852484,150.13155208633916,51.77124573781431,2.0428167581558228,61.2427792698606,104.04835997633505,42.80558070647445,0.21535847403786398,139.10631271070122,148.82341845036242,9.717105739661207,0.9354372024536133
exemplar,exemplar,exemplar/archive_6/fd4ff770-2fb8-4f98-bb62-778faf711342.pt,95.1068443058084,43.01893122980666,-52.08791307600173,-1.4591319501993933,58.74624736465054,0.6494422203716699,-58.096805144278875,-0.8251611907313693,133.33333333333334,133.33333333333334,0.0,0.0,86.59140620384407,90.19818916061892,3.6067829567748504,0.08689320087432861,92.43929470499003,43.35895029083865,-49.080344414151384,-1.1641029167541386,48.98433825158188,132.2294336818696,83.24509543028773,3.2451065933148477
exemplar,exemplar,exemplar/archive_6/fff8539a-800d-450f-a226-2dbf13517f0e.pt,59.609685100713804,86.00364529248061,26.39396019176681,0.659328151393581,95.10454439557742,116.26071939636432,21.156175000786902,0.955245713056144,66.62286418072526,84.38833422665651,17.765470045931252,0.4224400520324707,0.0,0.0,0.0,0.0,135.9129254841127,82.29955815220231,-53.61336733191038,-0.2259360243106835,13.661895769308234,54.614914005212086,40.953018235903855,0.4675728976726532
exemplar,exemplar,exemplar/archive_7/06c2d5eb-3ab3-4eca-af04-524159694ed8.pt,11.130005786735577,35.4336455200931,24.303639733357524,0.3127688611401674,43.95830662805501,14.877066044452583,-29.08124058360243,-0.19964748309336824,10.45373353264682,104.23682301232162,93.7830894796748,0.5839370727539063,21.357397967996587,110.8118552426287,89.4544572746321,2.0212141036987306,124.6014439668771,131.45176036278286,6.8503163959057645,0.5297805498231132,136.10617508718312,141.0206747089885,4.9144996218053905,0.5190170750473485
exemplar,exemplar,exemplar/archive_7/08bfd851-3e58-4dab-a59c-b8b4c6514b9d.pt,10.881511165317296,59.114103920916264,48.23259275559897,0.34119755029167026,41.94791883903653,89.15926394013582,47.21134510109928,0.2699248814068449,80.29598685780702,124.73668686079331,44.44070000298629,0.1946446990966797,6.331783839151596,8.004783888154211,1.6730000490026153,0.016997443305121526,68.35009210485043,85.51428258968174,17.16419048483131,0.4552536916846051,123.39199044030036,106.35830000255748,-17.033690437742877,-0.9461035913275194
exemplar,exemplar,exemplar/archive_7/0f1db9ca-e51e-4cec-9f22-8b5b8c1876e7.pt,55.85274383036468,63.20998703463604,7.357243204271363,0.14924861809509724,8.22519811614853,62.54710097258504,54.32190285643651,0.8243000373498752,31.99386064753092,79.32191041523008,47.328049767699156,0.2910539997157766,24.856317983310582,88.4469644985988,63.59064651528822,1.2205305099487305,52.718895342130665,67.03325475838767,14.314359416257005,0.29230609928494494,46.34130951913011,51.49305368945759,5.151744170327483,0.03325310233648057
exemplar,exemplar,exemplar/archive_7/104418aa-91d9-4f4f-9729-79959fce980d.pt,56.979736349949825,88.04106927921393,31.061332929264104,0.7753487723214286,154.31003813882407,77.92243938389582,-76.38759875492825,-0.3073121034182035,77.01148081929936,60.23307461331478,-16.778406205984588,-0.3416250944137573,0.0,0.0,0.0,0.0,158.19662177393275,155.8940214530762,-2.3026003208565555,-0.4902886284722222,72.84829329304151,28.959149757353554,-43.88914353568795,-0.2107653021812439
exemplar,exemplar,exemplar/archive_7/125ccb5f-af7d-4033-a258-d63400f72c10.pt,53.09851822428575,51.205163648339784,-1.8933545759459633,-0.3151836362814733,35.38173650984415,50.15397809042632,14.772241580582168,-0.02887372258668056,49.68640837999274,53.143094545774574,3.456686165781832,-0.22113418579101562,91.49818105340456,34.20446541634201,-57.293715637062554,-0.9554729461669922,26.947066955925322,32.32315849605958,5.376091540134254,0.07404681706832628,23.69199426538916,15.525057269661218,-8.16693699572794,-0.06754919016583366
exemplar,exemplar,exemplar/archive_7/14777c1e-bc02-45e0-85b1-6c41adc81500.pt,29.27749488908459,98.9338372587704,69.6563423696858,0.4064919307157961,87.47019706206227,117.30196328233967,29.8317662202774,0.13081290374147428,94.22889381461245,181.05326804742865,86.8243742328162,0.3085631511008093,152.89035052250406,144.26752889384312,-8.622821628660944,-0.6568424701690674,5.568435620605817,0.5731548976340193,-4.995280722971798,-0.051504354981989874,12.846312480255678,24.143735168208092,11.297422687952414,0.07784702981165213
exemplar,exemplar,exemplar/archive_7/15182e03-dcd3-44e4-8a36-c2d3ba9a0bf8.pt,83.66846820516878,34.068770791713526,-49.59969741345525,-0.2987737823468623,2.371116683231073,106.11186650671756,103.74074982348648,2.235732002935466,0.0,0.0,0.0,0.0,150.65677089384005,185.20319647058665,34.5464255767466,9.463191747665405,187.3917492178003,181.47872836114647,-5.913020856653844,-9.87525634765625,191.07088175655767,196.78759427888266,5.716712522324997,66.43334706624348
exemplar,exemplar,exemplar/archive_7/175ceab3-2775-4ac3-90d7-85f2aaf328cb.pt,12.660367277939626,44.865010556362755,32.20464327842313,0.4592602050936211,7.710473051440251,4.714747773462115,-2.995725277978136,-0.025949964962245033,70.42343139854138,55.63408976371754,-14.789341634823842,-0.289887269337972,128.71151796196344,0.0,-128.71151796196344,-1.8055022954940796,133.88851545753604,155.57027973101808,21.68176427348203,2.9174466814313615,58.859286109920255,186.0334246471914,127.17413853727115,22.580034971237183
exemplar,exemplar,exemplar/archive_7/17e4f59e-7582-4590-b8b9-04c8e5d7c6c1.pt,119.28024033929492,82.03050766522581,-37.24973267406911,-1.564632487775061,105.24561884904334,69.42078970242923,-35.82482914661411,-1.1580931174566256,128.01786773562955,19.31859123009888,-108.69927650553068,-3.1573656929863825,107.44669137076873,106.92749636025013,-0.519195010518601,-0.0180816650390625,141.82247946332052,164.94301509879045,23.120535635469935,4.526418013929048,117.38169413494496,153.23050377890098,35.84880964395602,3.689465190089026
exemplar,exemplar,exemplar/archive_7/18da7e9d-9fcc-4f87-a52b-dbde4532e078.pt,11.500410732790618,13.064461767870696,1.5640510350800785,0.013882870390432032,18.728679204842155,39.45004692821003,20.721367723367873,0.12284327433118081,27.204803009251403,166.66666666666666,139.46186365741525,0.5446941057840983,24.985132156847577,41.749410810184294,16.764278653336717,0.25460998217264813,181.14910010415895,150.16829555132,-30.980804552838947,-13.109677124023438,48.47851020066414,6.471489637107967,-42.007020563556175,-0.3244265430378464
exemplar,exemplar,exemplar/archive_7/19c0ea10-28a4-4de4-b67a-b33d9621d826.pt,44.83915480943414,66.73081639201718,21.891661582583033,0.423465819206281,76.0556133179848,105.92373336481418,29.86812004682939,1.0245202895476944,65.66460955058236,23.10276280828924,-42.56184674229311,-0.6268693208694458,121.1995092955232,128.7523626460458,7.552853350522611,0.4035830497741699,147.68227455555896,146.30118840815933,-1.3810861473996283,-0.19365853974313446,99.6838980289219,136.04329100968644,36.35939298076454,1.700126051902771
exemplar,exemplar,exemplar/archive_7/1c98580a-7e93-4b49-b259-9089b61700e8.pt,27.821649611570564,111.47013787346951,83.64848826189895,2.194563162014279,70.75378425420875,66.33100902307126,-4.422775231137493,0.4682146882357663,0.0,0.0,0.0,0.0,113.28615551726466,186.11397540650097,72.82781988923631,12.09653353691101,152.41995674252294,75.2852887177459,-77.13466802477704,-5.1666572667375394,184.32847955770808,95.02401770997169,-89.30446184773639,-16.285208821296692
exemplar,exemplar,exemplar/archive_7/211d40fd-4d3b-4914-a093-9b16a1bc9612.pt,95.86905184389602,94.48117114448965,-1.3878806994063666,-0.0505205891545554,90.45189581575333,171.96172244480059,81.50982662904725,10.603182949862637,32.52056909974664,167.3201760444112,134.79960694466456,0.6305581319899786,33.56853422030387,28.42731632668401,-5.1412178936198565,-0.05401366949081421,139.0316154290369,166.34259862024243,27.310983191205537,5.183584514417146,17.444387599794116,116.68092849997673,99.23654090018262,1.9802793264389038
exemplar,exemplar,exemplar/archive_7/34bd082e-57fc-4764-9303-f49650e7be9d.pt,44.428517875859924,46.130700427984465,1.7021825521245404,0.028443270378899335,61.76659029281854,89.0605453485815,27.293955055762957,0.7118969103057059,58.97064118219426,129.55497159690793,70.58433041471368,0.3307404443797606,95.94519323963688,153.43683623991936,57.49164300028248,3.955294609069824,165.5781903053669,187.83770569938602,22.259515394019132,21.026310313831676,121.40905708271927,197.55759384234585,76.14853675962658,132.23606650034586
exemplar,exemplar,exemplar/archive_7/3583839c-c85b-4a38-8247-47495592ed93.pt,79.09256431238553,80.78854088947365,1.6959765770881177,0.04706505277107293,4.509714614692216,47.63824593570987,43.128531321017654,0.5791486601983822,77.2188107656553,61.3962317351181,-15.822579030537206,-0.689562976360321,99.98787097065458,138.20974155796904,38.221870587314456,1.8554980754852295,148.61928125038818,146.79980827456652,-1.8194729758216681,-0.2628381191155849,4.953052151885266,123.20613450995809,118.25308235807283,2.63163423538208
exemplar,exemplar,exemplar/archive_7/38278339-1be4-4ea0-938a-c398f5b02a0c.pt,45.890892626989974,109.43169965711525,63.54080703012527,1.820960405005668,92.73818281204606,147.66907665046952,54.93089383842346,3.9140426094365965,82.22808897718065,89.58149840357821,7.353409426397562,0.2073369026184082,71.53032194544741,133.33333333333334,61.80301138788593,-0.26131264368693036,95.83032241994323,91.9267823385515,-3.903540081391725,-0.01806337713974084,36.3905742524266,139.37298108880546,102.98240683637886,3.460726261138916
exemplar,exemplar,exemplar/archive_7/3979cbe8-6389-4b2f-9e56-c4b3b6ec6883.pt,53.606108774443854,50.25985363401282,-3.3462551404310332,-0.021089524436278498,31.295743459696666,29.087889327947074,-2.207854131749592,-0.01666701958647718,7.762971639330893,0.5429852449363225,-7.219986394394571,-0.06876743373586171,0.0,0.0,0.0,0.0,3.36747749956905,90.3026389735211,86.93516147395205,1.6119649185031555,38.106099594458286,28.08038892279887,-10.025710671659414,-0.1433020881984545
exemplar,exemplar,exemplar/archive_7/3ac68c7e-0604-4a11-90d5-6ec96537a52a.pt,125.40872699612737,88.84637000492363,-36.56235699120374,-1.763816327600671,148.94851617660555,123.5026078494331,-25.445908327172447,-2.6057259185195227,66.8525474397861,133.33333333333334,66.48078589354725,-0.17015679677327475,108.83666056854067,96.0105644683225,-12.826096100218166,-0.40588808059692383,158.19662177393275,146.9402089604451,-11.256412813487657,-1.9923479998553242,99.34176106992385,140.81699253811962,41.47523146819577,2.3207117716471353
exemplar,exemplar,exemplar/archive_7/41d5ecdf-6296-47ce-a059-594d1caf166c.pt,116.38307466314434,36.648813673933574,-79.73426098921077,-0.4259502025053844,43.10794945012149,90.84270719698928,47.73475774686779,1.3096015473910294,187.77619711913783,126.73088404320308,-61.04531307593476,-0.1923821449279785,163.73856797263488,186.33277432327534,22.594206350640462,9.118045806884766,189.40950147273287,185.9720448449121,-3.4374566278207794,-8.965988159179688,194.1358797969892,197.88697427458243,3.7510944775932273,90.81793212890625
exemplar,exemplar,exemplar/archive_7/4259362b-ead9-4f9d-acf2-6a2224c273ff.pt,160.9415688566873,171.42280109720227,10.48123224051497,3.734268543332122,139.70726939055186,161.82040189018701,22.113132499635157,2.881875514984131,0.0,0.0,0.0,0.0,123.63250597863704,172.43743755090802,48.804931572270974,4.637304067611694,182.66906570313938,161.98841531426714,-20.680650388872237,-12.164603233337402,108.50560607952251,74.68056666730739,-33.82503941221512,-0.8850069046020508
exemplar,exemplar,exemplar/archive_7/4335a191-156d-46a5-97db-9d7fbe80c1ff.pt,130.85040319778327,114.38431580998093,-16.466087387802332,-1.1124035593879669,106.40389315384118,135.50917782080683,29.105284666965645,1.928134303568574,0.0,0.0,0.0,0.0,167.1976805732998,185.58973167235362,18.392051099053816,7.781862258911133,174.4401594822852,180.9325411834533,6.492381701168114,5.162080764770508,92.63083846831098,136.04329100968644,43.41245254137546,1.8965744972229004
exemplar,exemplar,exemplar/archive_7/43605e41-170f-4ae1-b064-70b1d9b0c043.pt,58.18347642435181,36.18645102217361,-21.997025402178203,-0.3787409022136118,121.0479112138401,125.25525757521353,4.207346361373439,0.2851690599224883,67.71901967127054,133.0076051024554,65.28858543118484,0.29285732676314363,141.36366978852283,160.85319537599676,19.489525587473935,2.5471787452697754,171.6759931062363,187.5605155466398,15.884522440403515,17.760144782788824,122.40295846417095,194.40774816776585,72.0047897035949,49.77952599525452
exemplar,exemplar,exemplar/archive_7/49a987f7-fe06-41c3-a9d8-eed3c9a7cc56.pt,92.35078443356008,86.97562342243663,-5.375161011123453,-0.17669967501883949,45.625688807134004,106.35741736094087,60.73172855380687,1.8995484375,29.207221806714372,171.60094661250676,142.39372480579237,0.6678986384950835,33.56853422030387,27.77800247227823,-5.790531748025636,-0.06060600280761719,120.54489502051166,153.00160139872972,32.45670637821806,3.40978035560021,17.444387599794116,122.40295846417095,104.95857086437684,2.245789885520935
exemplar,exemplar,exemplar/archive_7/4cf4a48e-2003-497b-92ac-fc6a24254c5c.pt,7.2615993884259415,102.43534886349916,95.17374947507322,0.6072876803620981,59.24714044948314,127.23085852921199,67.98371807972885,0.320533852459688,105.35758801119776,184.54624681992982,79.18865880873206,0.26870707578437275,161.1422354213344,132.92216620591316,-28.220069215421233,-2.1653655767440796,14.890123906308254,29.20025757704474,14.310133670736487,0.11615731783002337,11.180877461127878,24.143735168208092,12.962857707080214,0.1091171382933624
exemplar,exemplar,exemplar/archive_7/4fceabef-1b1c-40df-9d4c-56cb81e72dc6.pt,42.47791868200412,101.25202098617842,58.7741023041743,1.5113633684544425,103.62816249696122,151.92462578019504,48.29646328323382,4.169138756222524,80.4416956717195,90.33752364451017,9.89582797279067,0.2767488161722819,75.6976828751976,133.33333333333334,57.63565045813574,-0.3483007748921712,92.62127820567689,85.39645217981261,-7.2248260258642745,-0.03457206454107059,77.37420303759954,148.82341845036242,71.44921541276288,3.4155889749526978
exemplar,exemplar,exemplar/archive_7/50b5992e-1801-40f8-817a-22a1b35d9d1a.pt,56.15925113998249,34.05006098910918,-22.10919015087331,-0.3704834571453109,120.98494864945552,125.1948684902864,4.209919840830878,0.2848859575101757,67.32229205507643,132.75750537689072,65.43521332181429,0.29417124298491243,141.36366978852283,160.85319537599676,19.489525587473935,2.5471787452697754,171.6759931062363,187.5605155466398,15.884522440403515,17.760144782788824,122.40295846417095,194.40774816776585,72.0047897035949,49.77952599525452
exemplar,exemplar,exemplar/archive_7/51f79c7a-ec12-412b-9354-acba5a3d48eb.pt,132.83636320262931,73.8492773369654,-58.987085865663914,-2.783704768129398,144.22589976494342,40.145693656579446,-104.08020610836397,-4.66128808679715,75.5423400884485,132.99686170021275,57.45452161176425,0.2494086895958852,103.60118513223854,0.0,-103.60118513223854,-1.0747143030166626,53.372621570235175,16.599335480844005,-36.77328608939117,-0.2675213921338992,9.909103534389892,45.373737074590856,35.464633540200964,0.3693520426750183
exemplar,exemplar,exemplar/archive_7/599a7712-c420-4490-8bd9-bef3e3a64f3a.pt,71.01939780874173,45.17205489157331,-25.84734291716842,-0.7326946509623207,33.91493457082379,22.987330127051624,-10.927604443772164,-0.2022169758605275,150.0,112.21729067861718,-37.782709321382825,1.4871177673339844,29.806156665880046,47.772929219231486,17.96677255335144,0.24271821975708008,21.137130781661643,48.0467377360335,26.909606954371856,0.19619575828166572,57.62459322664082,44.37702461934945,-13.24756860729137,-0.08412722703887195
exemplar,exemplar,exemplar/archive_7/5ee09a7f-1705-4c59-88ce-e3c4d7c1601a.pt,7.077047964448488,23.34537458804251,16.26832662359402,0.14069661828453667,93.4602278624754,15.40706864021413,-78.05315922226127,-0.49381542003903495,38.17028270359837,60.681164588400286,22.51088188480192,0.34945595264434814,23.851528044084883,67.88187214890908,44.030344104824195,0.5675864815711975,94.11112453538546,108.98793267936055,14.876808143975097,0.6083959691664752,80.02458259432755,29.143353571584722,-50.88122902274283,-0.7446542978286743
exemplar,exemplar,exemplar/archive_7/610780da-4392-4c85-b83a-b0e9ac5bc219.pt,44.74065009709377,81.73093438481528,36.990284287721515,0.8049214463162473,77.17163844250922,123.80031366811151,46.628675225602294,1.9899897200337957,0.0,0.0,0.0,0.0,144.26752889384312,167.26273722063144,22.995208326788315,2.520673990249634,189.0689075589477,184.81115924921045,-4.257748309737252,-9.956043916590074,193.3752395839274,195.82402485602393,2.4487852720965293,26.554851531982422
exemplar,exemplar,exemplar/archive_7/62cc019a-3814-4d4e-81fc-bfdb1130190e.pt,122.58880316629512,15.274192524898341,-107.31461064139678,-3.000149426159558,105.65594988964244,43.38073912020532,-62.27521076943712,-1.882017611799569,48.44791963595738,55.869277722828436,7.421358086871052,-0.16887915134429932,126.79930378862065,0.0,-126.79930378862065,-1.7322144508361816,153.82595433345858,136.93337970081652,-16.892574632642066,-2.2757533146784854,85.19586545295626,151.32993252903708,66.13406707608083,3.5508065223693848
exemplar,exemplar,exemplar/archive_7/635929b9-3171-4a5b-97ce-f37f178e243a.pt,44.983679575941785,112.26609682025618,67.28241724431439,0.3517985885017212,93.98716373698291,132.16459643660414,38.177432699621235,0.15638014426043523,118.18166651263498,135.6428235004531,17.461156987818114,0.065156381521652,1.4491113022242748,5.954701679676361,4.505590377452087,0.04385387897491455,1.1096313356364425,13.325361662003969,12.215730326367527,0.11375216454574742,9.58644565240326,45.59674828152297,36.01030262911971,0.27049113948170733
exemplar,exemplar,exemplar/archive_7/66a136cc-4581-4593-adee-5603ca880a75.pt,38.26184539314811,87.9405821975937,49.67873680444559,1.095866322517395,112.35578786226446,48.01909329995447,-64.33669456230999,-0.32994357959644216,65.1279650900444,87.10057387727855,21.97260878723415,0.5291020075480143,7.131133782735314,0.0,-7.131133782735314,-0.03697400167584419,83.79983753659839,88.68954852967475,4.889710993076363,0.02385000749067827,76.92751581208192,71.94358191459881,-4.983933897483112,0.4260333776473999
exemplar,exemplar,exemplar/archive_7/674ff3d2-5c67-42df-bbd8-27bc6de570eb.pt,92.72769683970799,3.005801038147893,-89.7218958015601,-1.6991056185829136,71.65518654413648,28.329089015350952,-43.32609752878553,-0.7865163588664941,150.0,106.53193741385441,-43.46806258614559,1.2445945739746094,4.068020013607333,23.367324836869,19.299304823261664,0.20224566459655763,60.96643528575688,77.65633215110343,16.689896865346547,0.3920837524170409,28.466986283114707,74.3344732408246,45.867486957709886,0.847841129746548
exemplar,exemplar,exemplar/archive_7/67def1eb-4370-4c08-9066-d3f7a040442f.pt,144.49827103597846,146.1928523229397,1.6945812869612382,0.22572678786057693,170.44059907220935,158.459202313386,-11.981396758823365,-2.927239418029785,0.0,0.0,0.0,0.0,152.32584751457955,174.4402537921997,22.114406277620162,3.6296584606170654,166.54752458406614,187.5087169605522,20.961192376486053,19.43803596496582,42.209459222214974,60.56329365921466,18.353834436999684,0.2502591609954834
exemplar,exemplar,exemplar/archive_7/6ecfab90-e70d-4fa2-b193-b21afaf3dde8.pt,60.34656119078486,64.39583527956376,4.049274088778894,0.08551679522679324,113.89759118249498,152.1427602490608,38.245169066565836,0.13832796536959135,0.0,0.0,0.0,0.0,81.4943443538454,159.002549790111,77.5082054362656,3.190669000148773,189.1555484644,161.00572207357524,-28.149826390824757,-26.16821499528556,44.54295630735754,7.865515242236204,-36.677441065121336,-0.46048402786254883
exemplar,exemplar,exemplar/archive_7/7215c6b8-79d6-4199-99ea-7d7ec65d208f.pt,25.052196984017773,52.633896674162436,27.581699690144664,0.4276890147816051,94.11496242006741,35.84312585983101,-58.2718365602364,-0.3350119619658499,59.33443920128948,81.43222144487616,22.097782243586686,0.46372687816619873,0.0,0.0,0.0,0.0,119.56659666686545,151.51114351940382,31.944546852538366,3.2177551814488004,1.1610267197961124,9.909103534389892,8.74807681459378,0.06205141544342041
exemplar,exemplar,exemplar/archive_7/729fba5f-7728-4bbf-b76e-c2b1c296f539.pt,62.781607450252864,82.98645316177341,20.204845711520548,0.5027993907099185,89.76748864722455,122.0448999645113,32.27741131728675,1.500366892894553,0.0,0.0,0.0,0.0,147.28100831024375,168.19168663453001,20.910678324286266,2.4939651489257812,188.5529049845632,185.4203922440485,-3.132512740514727,-7.273164749145508,191.9939733279039,195.70890585152873,3.7149325236248387,32.440467834472656
exemplar,exemplar,exemplar/archive_7/7356e4ff-0d30-4cf5-995b-4bf2a65ae341.pt,43.239388827525104,71.47109772459456,28.231708897069453,0.5604688752550648,81.82529685519562,115.90443512744041,34.07913827224479,1.3715480779180464,56.18896523718249,17.410604305566498,-38.77836093161599,-0.5414933363596598,63.32463462355867,102.54493563389924,39.22030101034057,0.9815106391906738,136.50965879366802,138.0978872134605,1.5882284197924719,0.1594597068992821,85.19586545295626,151.32993252903708,66.13406707608083,3.5508065223693848
exemplar,exemplar,exemplar/archive_7/79be0371-2ca2-480d-921d-de788906953b.pt,94.53309264539979,97.9797582048157,3.446665559415905,0.1280829029417365,98.26769549829005,28.219671025336964,-70.04802447295309,-1.600341113645639,126.20879551360923,146.20375031938198,19.99495480577275,0.07049466054373925,139.66132807386276,160.62453189867063,20.963203824807863,1.7646808624267578,55.86821040143507,23.53611376572097,-32.3320966357141,-0.5635965103493598,97.37492721361843,126.02909805072406,28.654170837105625,1.132386565208435
exemplar,exemplar,exemplar/archive_7/7baa1b4d-2844-476a-accc-1a2112c06584.pt,8.953937556937232,3.1285131518079234,-5.825424405129309,-0.06195241256790842,27.070987066749204,56.2205162562629,29.149529189513693,0.12575131551881338,119.92005964565502,154.9432520443391,35.023192398684074,0.12289345172024513,88.61315763168666,54.752525313058484,-33.86063231862818,-0.17269974946975708,103.84873353770395,17.040830170172963,-86.80790336753098,-1.970416534318231,44.92072152256482,90.49194216666965,45.57122064410483,1.02458364313299
exemplar,exemplar,exemplar/archive_7/7ca8fb9f-6a62-4c42-bfce-985ae4400ae6.pt,85.16369146127084,25.324177421739478,-59.839514039531366,-1.193018078413166,141.02875641115008,64.60111335742536,-76.42764305372472,-3.824075146603178,124.79753985613864,198.14814814814815,73.35060829200951,0.2258348641572175,129.83477823232423,139.97991175654502,10.145133524220796,0.48180270195007324,68.50600084021059,16.599335480844005,-51.906665359366585,-0.8870211723155546,177.2824877321326,170.85954903800408,-6.422938694128533,-2.910703659057617
exemplar,exemplar,exemplar/archive_7/8039f614-9b42-4f85-8747-57ef38285595.pt,14.907563698090978,60.52869495828818,45.6211312601972,0.32590407001001337,26.13909644411257,69.08411877574687,42.945022331634306,0.28228085055941604,138.81741115234743,171.97698357143952,33.159572419092086,0.1048336102980976,87.75956662597866,43.60452247725606,-44.1550441487226,-0.8384661674499512,22.985298455424303,63.57992275149455,40.59462429607025,0.27622802653184236,103.39661744943636,126.27478117366408,22.87816372422772,0.09240064667492379
exemplar,exemplar,exemplar/archive_7/836f28af-4f9d-4dbb-84c8-39497943c2fd.pt,151.60748229015294,120.91290599065768,-30.694576299495267,-3.207850844079878,138.60235131926626,121.5635157098081,-17.03883560945816,-1.4151494543524077,150.25645962305447,94.28519934099484,-55.97126028205963,-3.95337404523577,146.21554488056287,133.51113140190353,-12.704413478659347,-1.065786361694336,142.3352364294775,155.38880640964547,13.053569980167964,2.0274888423451207,42.85561133040781,92.99916176756636,50.14355043715855,1.1915032126686789
exemplar,exemplar,exemplar/archive_7/84d89d75-533f-41cc-aa62-e1b8e47e03dc.pt,39.5971020531895,83.65313894775007,44.05603689456056,0.09607138529311131,14.408872491723665,70.56031726041876,56.15144476869509,0.36617426166619954,133.33333333333334,133.33333333333334,0.0,0.0,154.66424028762017,103.08949171939048,-51.574748568229694,-2.3477689027786255,74.99860467569334,18.821475797360947,-56.1771288783324,-0.9912467167295259,19.75457654395494,46.39727267884728,26.64269613489234,0.3839267869069786
exemplar,exemplar,exemplar/archive_7/8840dbe2-31ab-4668-89b4-f36e6d9463c1.pt,184.5427573826052,186.54063428606614,1.9978769034609343,3.8050076466686322,197.30262826640003,194.94212428053294,-2.3605039858670978,-51.90593719482422,0.0,0.0,0.0,0.0,132.0284850338188,161.2449575434817,29.21647250966288,2.218209743499756,184.96585593722995,163.27261058554285,-21.693245351687096,-15.153797694614955,171.60954752571968,118.62656354593292,-52.98298397978675,-6.880225896835327
exemplar,exemplar,exemplar/archive_7/888168e1-7982-49a8-8ca8-01ba22c5effd.pt,114.90295336342429,121.32658740753729,6.423634044113001,0.3837635923584606,114.71268176737993,127.5432510719673,12.830569304587371,0.8304306057866184,135.32778633775308,157.6790166906542,22.351230352901126,2.722116470336914,163.0848512495101,179.56301347008718,16.478162220577076,4.368348598480225,130.61073957064784,96.81318448900235,-33.797555081645484,-1.8849905658241928,24.512015666006455,54.24740397981952,29.73538831381306,0.1471141855060431
exemplar,exemplar,exemplar/archive_7/89ecfb7a-5740-4639-8707-5b01e5fafecd.pt,48.20255867715441,51.47042198683561,3.2678633096812035,-0.2257244282093034,4.36369445904223,36.18592553051715,31.822231071474924,0.2617997047201775,166.66666666666666,69.79439989993854,-96.87226676672812,0.14939244588216147,11.253874389486732,56.95439301082991,45.70051862134318,0.5924293994903564,54.036158809050214,85.51370212622058,31.477543317170365,0.173565266361157,77.88162009241388,88.64291880455814,10.761298712144253,0.05364040467797256
exemplar,exemplar,exemplar/archive_7/8acee9d4-946b-497e-99b1-20e5e173d82a.pt,26.07332068804884,68.06313180557869,41.989811117529854,0.2079893566313244,54.60890088972107,92.21606588761072,37.607164997889655,0.20218397766154964,119.32252878566936,168.8879761279336,49.565447342264235,0.16765958209370457,35.241184768251465,7.190527638657821,-28.050657129593645,-0.21376425879342215,42.08154562946495,5.247428610793845,-36.8341170186711,-0.48153903743071763,100.96983142574615,29.81117887125652,-71.15865255448963,-1.682296634644501
exemplar,exemplar,exemplar/archive_7/8bb82ecb-29e7-4dc0-a680-b43b1187f6ed.pt,33.81886288657697,9.91689148852058,-23.901971398056393,-0.19478634991723115,33.19485952760817,62.63965696873276,29.444797441124585,0.6270727473784258,41.597340055431076,60.04198618103516,18.444646125604088,0.3050573666890462,78.3802265870053,35.091923887975376,-43.28830269902992,-0.11460214853286743,48.08489622266676,23.324850151843002,-24.760046070823755,-0.4237732493549312,56.51340106309896,54.17409920780193,-2.3393018552970304,0.28862558711658826
exemplar,exemplar,exemplar/archive_7/8c398090-56b8-40a9-8cbe-fb4a41181ca7.pt,150.86445822885048,122.78326607806969,-28.081192150780794,-2.9603633970777827,143.2761991972473,127.08755715228048,-16.188642044966826,-1.5655724629790941,151.45395730636838,98.61661368109816,-52.83734362527022,-3.9874537331717357,146.3450136545497,131.69002068531626,-14.654992969233433,-1.1995341777801514,146.31324828001289,158.62159012993,12.308341849917127,2.213690143259238,51.344799386804254,96.45096221166764,45.10616282486339,1.1707115355861244
exemplar,exemplar,exemplar/archive_7/8cb1a8c9-d519-4b69-af6b-999a031b1912.pt,99.62772882912742,8.148290796561911,-91.47943803256551,-1.906862653945328,114.83739310414413,24.434594798156198,-90.40279830598793,-2.4185030114116652,127.76076811390696,129.90551007491945,2.1447419610124854,0.007933253006969425,0.0,0.0,0.0,0.0,65.21729700965777,95.63160929302455,30.414312283366783,0.15430942996517644,74.68056666730739,35.75738103307542,-38.92318563423197,-0.5673164129257202
exemplar,exemplar,exemplar/archive_7/8cf0a174-51f9-47d3-83b1-03b82806f4a3.pt,43.30601834885464,91.42156666118969,48.115548312335044,1.1310151434675009,24.96688478095606,41.43680260918294,16.46991782822688,0.23732687373326736,86.71568439205839,146.93833838571382,60.22265399365543,3.6735054651896157,153.52451079008154,186.66666666666666,33.14215587658512,0.09374783039093018,41.527533292692034,49.11798882711591,7.590455534423874,0.05041413147653346,79.45648578758748,182.73879155135728,103.2823057637698,17.373164176940918
exemplar,exemplar,exemplar/archive_7/90354acf-e1be-4276-9f88-b22c77774770.pt,103.41289036837489,73.21731681175112,-30.19557355662377,-0.9857864040798611,134.45024849894043,77.3164661196627,-57.13378237927772,-2.8332023851799244,12.677104619540469,150.0,137.32289538045953,0.6315684914588928,133.8040992715033,138.20661303377645,4.402513762273145,0.2152571678161621,181.05377247265278,130.5460589896433,-50.50771348300947,-15.07900619506836,185.72685795117238,158.19114412928852,-27.53571382188386,-13.842984199523926
exemplar,exemplar,exemplar/archive_7/903572ca-fd2f-4bc6-bbe7-1766ea844c7a.pt,44.50541603989893,80.8774417208581,36.37202568095917,0.0034531618514150944,24.549415051832398,66.50979553273794,41.96038048090554,0.2191870843114241,10.956648231344227,133.33333333333334,122.37668510198911,0.5801034768422445,152.6402929630315,100.49001084293194,-52.15028212009956,-2.2131506204605103,85.26787964960955,48.136033967860556,-37.131845681749,-0.8511502807988222,38.276524561841825,89.0367440035095,50.76021944166767,1.1256070481133216
exemplar,exemplar,exemplar/archive_7/9195f9db-83c0-4e01-af54-d7abacaddc14.pt,77.6920818091531,87.3649814467583,9.672899637605212,0.2808106650211718,48.50553507997934,115.04298137465832,66.53744629467899,0.3395804939689217,0.0,0.0,0.0,0.0,83.36158472141943,158.62096657040377,75.25938184898433,3.1186647415161133,193.27071134732518,174.88548927944908,-18.3852220678761,-42.30586073133681,72.81719244467477,29.913651324884512,-42.90354111979026,-0.7272214889526367
exemplar,exemplar,exemplar/archive_7/92b34423-597e-4cc9-81f4-e385bbce2300.pt,75.77305945494066,75.77305945494066,0.0,0.0,177.09831403685666,167.23973788162994,-9.858576155226729,-5.183047824435764,20.46122795790519,57.84696057826773,37.385732620362546,0.5371096134185791,106.11939029030597,135.53332089383628,29.413930603530304,0.9720125198364258,163.73369143164928,141.5290317112346,-22.204659720414668,-4.116303016399515,144.8439396509666,143.45679607060853,-1.387143580358071,-0.13343477249145508
exemplar,exemplar,exemplar/archive_7/92d24b08-bdb5-46c4-a709-7dd0df5be931.pt,27.23602760528429,26.905728520833605,-0.330299084450683,-0.004417958268907181,9.6827628241471,36.812526721564595,27.129763897417497,0.35880483907093136,0.0,0.0,0.0,0.0,55.02012862509817,10.219132189161128,-44.80099643593704,-0.2968188126881917,80.63055564993965,0.11767151531373395,-80.51288413462592,-0.5734175059804071,49.38910438009167,10.012393282736111,-39.37671109735556,-0.2905681436578402
exemplar,exemplar,exemplar/archive_7/946cc93e-6342-4393-8742-fd7b20953869.pt,87.24791104062216,108.34948045124011,21.101569410617955,0.8167921227422142,158.05092946406953,173.6680298125868,15.617100348517283,5.65489928076078,105.66457761072031,133.6852535497309,28.020675939010587,0.1098654390585543,118.81945330471072,173.41347910159337,54.59402579688265,8.431607564290365,41.590371364531826,77.48481054617437,35.89443918164255,0.9197328148818598,134.46146720878485,197.22434889559418,62.76288168680932,103.50528860092163
exemplar,exemplar,exemplar/archive_7/964f290d-cdbe-4c7c-84b5-688f0db538cf.pt,2.1872822521942,59.12847785841649,56.94119560622229,0.4347216826588716,52.225858941183795,77.9551686075911,25.72930966640731,0.1467976835912078,65.91687125841038,121.85703174328671,55.94016048487633,0.2605701955159505,6.183792519511346,13.817529358305075,7.6337368387937286,0.08402433395385742,102.06073353730123,106.22437302237668,4.16363948507545,0.18122887412470204,150.0749109676391,106.35830000255748,-43.71661096508163,-3.7259048343628876
exemplar,exemplar,exemplar/archive_7/9794b51f-6b92-4961-b5eb-6f734c73af81.pt,30.531040086556704,93.71734740425919,63.186307317702486,0.37324316189717294,65.70416417916286,95.84069776714978,30.136533587986918,0.15334416455064745,94.22889381461245,178.94588585220487,84.71699203759242,0.3027480960816376,152.7029292232143,145.72341822697834,-6.979510996235973,-0.5437612533569336,7.586116260316715,2.093258452799563,-5.492857807517153,-0.05766796518218293,17.62696081244525,28.201720121366137,10.574759308920886,0.053649429203003876
exemplar,exemplar,exemplar/archive_7/9cef62fb-a4a9-4639-b89c-0adbaaaa4b50.pt,36.50852268894535,79.73470715799071,43.226184469045364,0.12345861864482635,6.368954818393714,81.05224015305936,74.68328533466564,0.5109773817814157,79.64075512864248,85.49786201728863,5.857106888646143,0.15937542915344238,53.05236828399448,49.8695491723916,-3.182819111602882,-0.050495028495788574,4.584630741412195,23.959507986759217,19.374877245347022,0.167009181693372,46.651049486828406,14.698145071022621,-31.952904415805783,-0.24123880525914634
exemplar,exemplar,exemplar/archive_7/9ef5cf5b-5863-4455-b175-af27f29630ee.pt,118.58978305105758,127.70170649969715,9.111923448639573,0.6192045037378188,130.8645095851835,158.27765063418875,27.413141049005247,3.800877324535093,7.953882876551307,83.40645654101108,75.45257366445978,0.5111981718784507,184.88651946420433,188.70436925557547,3.8178497913711453,4.472742080688477,177.96293080890462,186.0729213186847,8.10999050978009,10.258916518267464,126.02909805072406,160.2720701828167,34.24297213209263,3.495713710784912
exemplar,exemplar,exemplar/archive_7/a467fae9-da30-4713-ac90-5ae79ca5ba0e.pt,42.521987620288186,67.36662915969048,24.84464153940229,0.4754829306614993,11.240531214318798,47.00633420713017,35.76580299281137,0.5038988707495518,54.44866350893692,78.02013921929573,23.57147571035881,0.46467626094818115,0.0,0.0,0.0,0.0,131.41563858649877,161.39487797468524,29.97923938818647,4.438504333496094,9.909103534389892,25.09414803447097,15.185044500081077,0.09641438722610474
exemplar,exemplar,exemplar/archive_7/a46b6540-b63b-4edd-b152-c34e29a1e6d3.pt,12.924939381639593,26.816817263311176,13.891877881671583,0.18827921703092979,5.345684323876756,41.72454777824928,36.37886345437253,0.47228532181033406,0.0,0.0,0.0,0.0,13.925534286796033,60.28023873891473,46.354704452118696,0.6240469217300415,2.6781116921771146,87.32361620047712,84.64550450830001,1.5219210282112787,17.56782581357071,72.48870654217713,54.92088072860642,0.9411248568830819
exemplar,exemplar,exemplar/archive_7/a6763da9-8e12-4951-a814-d33b9f94382e.pt,37.18619361696927,52.51378953642052,15.327595919451248,0.2552795092154394,53.38445742250543,30.736143366358846,-22.64831405614658,-0.3649480991173002,78.85661942948153,112.38039872116526,33.52377929168374,1.1054015159606934,111.89796911075544,0.0,-111.89796911075544,-1.2700952291488647,163.0840570585242,157.73871322515313,-5.345343833371061,-1.3514650132921007,78.06710660494065,157.02151547424805,78.9544088693074,5.022074540456136
exemplar,exemplar,exemplar/archive_7/a748b02f-04e7-4d3a-8d70-c8e57161d8d9.pt,43.42042545541549,105.42934288966634,62.008917434250854,0.333611319732136,80.08041499388368,118.70387367705577,38.62345868317209,0.17307605413719976,115.1163863884207,133.3414042407316,18.225017852310913,0.06914235584771455,12.321458391250149,5.433565707844499,-6.887892683405649,-0.05965646107991537,0.925267364826468,11.549789056007985,10.624521691181517,0.09987919685337371,9.58644565240326,50.619841636298005,41.03339598389475,0.3031184498856707
exemplar,exemplar,exemplar/archive_7/a964aaca-0da8-476f-8ba1-810a99ce5b12.pt,10.445724252069594,34.76850618407571,24.322781932006116,0.3106297614925115,40.81007946184731,18.150865338656445,-22.659214123190864,-0.13931317018235273,10.45373353264682,104.23682301232162,93.7830894796748,0.5839370727539063,21.30391820018286,110.8118552426287,89.50793704244583,2.021817207336426,125.1487780604197,132.03026665180536,6.881488591385661,0.5406415385584677,136.4692140519071,141.53192655145918,5.062712499552077,0.5423988809390944
exemplar,exemplar,exemplar/archive_7/ab09e950-1f9a-44e5-bcb8-5d026737f955.pt,165.2163699062298,166.34019123110954,1.1238213248797422,0.3803914388020833,109.45798200327681,80.71763820771424,-28.740343795562566,-0.9757464726765951,0.0,0.0,0.0,0.0,152.32584751457955,174.4402537921997,22.114406277620162,3.6296584606170654,164.58040891208827,186.72956398579913,22.14915507371086,18.294622084673712,42.209459222214974,60.56329365921466,18.353834436999684,0.2502591609954834
exemplar,exemplar,exemplar/archive_7/ab629e3b-2dbc-4480-9fa7-5685c3ffdfcb.pt,68.01141150597724,33.370370546106095,-34.64104095987114,-0.7445252209709261,31.731949146123927,12.324785285728359,-19.40716386039557,-0.2610515585728336,166.66666666666666,72.09218498142735,-94.5744816852393,0.1999812126159668,2.716453577623413,50.10530873015346,47.38885515253005,0.5608763694763184,43.0133750739773,88.36991601372581,45.35654093974851,0.25884585787694464,62.92017011155901,79.18609708653894,16.265926974979926,0.08859500047637195
exemplar,exemplar,exemplar/archive_7/abe13129-9046-43d5-ab70-59cee8c78363.pt,76.58733377037109,1.3040462215686273,-75.28328754880246,-1.2279559842389614,47.36702305811911,41.19003099805715,-6.176992060061956,-0.101925975509287,43.730654515495765,29.901109857764958,-13.829544657730807,-0.006664951642354329,30.658202316869662,33.89737074714628,3.239168430276621,0.12808566093444823,44.2005257843792,40.381832604974015,-3.8186931794051873,-0.06137012300037202,15.320776256409262,30.218109869420747,14.897333613011485,0.18945596825262034
exemplar,exemplar,exemplar/archive_7/afb1c110-dffd-4359-b9a6-1bb78185bcf5.pt,1.9814467296252118,11.835594884970149,9.854148155344937,0.1057870219386424,17.931859031953856,7.716876858406575,-10.21498217354728,-0.08429724968062158,144.39722971136482,96.64341325707197,-47.753816454292846,-3.1727079911665483,103.16647606882356,138.4663739439327,35.29989787510914,1.9747583071390789,80.45997164587284,88.66104455159032,8.201072905717481,0.2464177249406377,11.47091036844068,9.421792432016362,-2.0491179364243184,-0.018502299292382927
exemplar,exemplar,exemplar/archive_7/b75ede1b-8bfa-423d-967a-42d99f986170.pt,38.608152397679056,5.008219367102099,-33.599933030576956,-0.274750729152285,27.11795095831326,27.05564827824726,-0.06230268006599715,0.0740810539082982,51.55137471508707,13.812719483739224,-37.73865523134785,-0.5378852613044508,70.62409387136402,129.6913806069826,59.067286735618566,2.1645309130350747,79.35027244016409,115.6970428527923,36.3467704126282,1.4285908247870132,98.41946364998505,132.97406051927067,34.55459686928562,2.0199261474609376
exemplar,exemplar,exemplar/archive_7/b87f5f1c-ee21-4b60-9662-c0f99e1ddefa.pt,146.04471854402613,125.11202358630742,-20.93269495771871,-2.0721272081463313,158.74565117008976,141.40974907657622,-17.33590209351354,-2.8685347369662657,90.34823062078321,161.39896925463256,71.05073863384935,0.27053037167706967,141.36366978852283,141.08299971147653,-0.2806700770462953,-0.02437305450439453,172.77496214581112,183.51362973434638,10.738667588535264,9.3787060546875,159.24391838439598,191.9939733279039,32.750054943507905,30.11090660095215
exemplar,exemplar,exemplar/archive_7/bd566697-96d7-411a-bd96-43b382643b34.pt,94.1885459812809,88.8702668775375,-5.318279103743393,-0.18089837120043203,49.47196394475297,103.40185059164772,53.929886646894744,1.7438061035906298,31.58708958188814,172.2369982603043,140.64990867841615,0.6518433827620286,33.56853422030387,27.77800247227823,-5.790531748025636,-0.06060600280761719,120.54489502051166,153.00160139872972,32.45670637821806,3.40978035560021,17.444387599794116,122.40295846417095,104.95857086437684,2.245789885520935
exemplar,exemplar,exemplar/archive_7/c2f55a7b-7b78-4869-97cc-54a16e325f21.pt,8.366977670403429,75.6032570236709,67.23627935326748,1.1350954792121994,164.536224207153,42.33244202166535,-122.20378218548765,-0.3655993033146513,18.49127379012586,53.91770449224273,35.42643070211687,0.2549781932232687,132.0284850338188,150.78721259568312,18.758727561864305,1.1215753555297852,153.73918792353038,170.8934291356452,17.154241212114812,4.974641345796131,17.444387599794116,80.02458259432755,62.58019499453344,0.8801753520965576
exemplar,exemplar,exemplar/archive_7/c8c03632-26b5-4a80-a1fe-cfee3b2dddf0.pt,58.22665879249178,74.19868968971291,15.972030897221124,0.3577188118758609,81.59567304347469,69.98316398772111,-11.612509055753577,-0.30119529345356827,0.0,0.0,0.0,0.0,144.414860379958,171.58551624846524,27.170655868507254,3.440579891204834,187.5453713749897,178.49117704610978,-9.05419432887993,-13.163776598478618,192.61769574466527,194.17550538247613,1.5578096378108626,10.868896484375
exemplar,exemplar,exemplar/archive_7/c94b2aa9-cf90-422f-ad77-2d30f6a560a6.pt,9.764092566876585,22.903216629766888,13.139124062890303,0.11240094676279012,38.6184696446187,14.512340979731414,-24.106128664887287,-0.18837417740993623,0.0,0.0,0.0,0.0,30.17935777428869,33.24710577585466,3.067748001565974,0.021223272596086775,65.99319842130807,61.339040983696066,-4.654157437612,0.38829564004048817,61.4858879741285,73.08367098564096,11.597783011512462,0.679052313442888
exemplar,exemplar,exemplar/archive_7/ca0ac618-aea7-47cb-89c8-50d28df41942.pt,39.58696741485162,89.04822278839691,49.46125537354529,1.1110565487701114,121.52678122431958,60.924755741956076,-60.6020254823635,-0.2872449987074908,65.1279650900444,87.10057387727855,21.97260878723415,0.5291020075480143,7.131133782735314,0.0,-7.131133782735314,-0.03697400167584419,83.95591948539995,88.8416350613782,4.885715575978253,0.023804922410355624,76.92751581208192,71.94358191459881,-4.983933897483112,0.4260333776473999
exemplar,exemplar,exemplar/archive_7/ced9b426-e203-44ac-85e4-556ca3fe5042.pt,35.56057525913255,29.886016556622355,-5.674558702510193,-0.0811412066838322,14.295759855513888,44.08661310919286,29.790853253678975,0.41155850771313346,140.21714772548458,104.12760155005455,-36.08954617543003,-2.392736053466797,100.02854962426663,127.42229314810898,27.393743523842346,1.2584932645161946,34.37937974172427,55.23013788395522,20.85075814223095,0.3477668407021066,84.23179420671022,60.156807050732205,-24.074987155978015,-0.13020143328972583
exemplar,exemplar,exemplar/archive_7/d42141fc-318e-47f6-a90c-84fb615a1e34.pt,21.588940111074166,17.14566533383966,-4.443274777234507,-0.03693638490826896,143.43192114860824,56.499869316296966,-86.93205183231127,-0.39449324661695223,4.922846192500579,14.72794122055009,9.80509502804951,0.09495186805725098,23.19204593301274,74.57331152995613,51.38126559694339,0.6950792074203491,145.417516941448,101.81391373806746,-43.60360320338056,-3.1983500513537177,4.7850265980903925,17.444387599794116,12.659361001703722,0.08356952667236328
exemplar,exemplar,exemplar/archive_7/d618ab46-7961-4e4c-8052-8db0c4a3e8bc.pt,97.85731440228489,123.67781211081123,25.820497708526347,1.3247459870218579,75.48530326407733,111.81334905249301,36.32804578841568,1.3232428889275454,136.98593322687722,161.74806933862845,24.762136111751232,3.424332936604818,159.05677712531076,180.35857013261733,21.30179300730657,5.2977447509765625,137.57208475501218,113.52847225042973,-24.043612504582455,-1.77862060546875,33.92708819225907,46.83470229524799,12.907614102988923,-0.029047092921297316
exemplar,exemplar,exemplar/archive_7/da62e439-5f03-4c09-aafa-0d2a6b455dba.pt,80.14044875321663,98.77388019215414,18.633431438937507,0.6134952777892905,103.08467565527545,132.37272149552763,29.28804584025218,1.7844895270971761,0.0,0.0,0.0,0.0,147.28100831024375,168.19168663453001,20.910678324286266,2.4939651489257812,187.83683963717397,184.51618335225953,-3.3206562849144348,-6.845331528607537,191.9939733279039,195.70890585152873,3.7149325236248387,32.440467834472656
exemplar,exemplar,exemplar/archive_7/dac75499-d35b-44ce-b276-1e70b0a0c1bb.pt,74.43148675449474,92.53028345747107,18.09879670297633,0.09017828169831944,80.79788878529278,60.04775970796201,-20.750129077330776,-0.1136635141376043,0.0,0.0,0.0,0.0,0.0,0.0,0.0,0.0,104.30498780046017,112.08541119254568,7.78042339208551,0.3679774234169408,42.209459222214974,114.6963901060408,72.48693088382582,1.6155953407287598
exemplar,exemplar,exemplar/archive_7/de0ab864-05bc-46c7-a5e1-ed215ea42ebf.pt,115.21989818968002,81.44929474253748,-33.77060344714255,-1.343506763599537,48.08611231877958,117.25425840627615,69.16814608749658,0.105969482421875,72.51234502162133,124.94229465369952,52.42994963207819,0.23580589294433593,132.74438155031805,0.0,-132.74438155031805,-1.9737292528152466,13.987570648430523,16.972627451360392,2.9850568029298685,0.025668769293510064,40.69995915216801,69.16334923996351,28.463390087795496,0.5393004715442657
exemplar,exemplar,exemplar/archive_7/dffb143e-8b72-4ebf-b637-98cd8de29366.pt,10.704120616705127,50.94722106677006,40.24310045006494,0.2928979073841133,29.61979661894454,35.121311352750475,5.501514733805934,0.040753090218321915,39.88087061789205,30.210885609988434,-9.669985007903616,-0.21603751182556152,79.23463804761268,58.94872515457402,-20.285912893038656,-0.35726988315582275,30.861333161364144,59.71518823709176,28.853855075727616,0.48600650076138774,16.2079142348437,12.105883071763325,-4.102031163080374,-0.03566841457201087
exemplar,exemplar,exemplar/archive_7/e1ad867d-8a66-465a-bcf4-5b7bca048ddf.pt,5.487259680612492,12.760189793726184,7.272930113113692,0.06654110456214098,2.405407445154313,19.840726697972816,17.435319252818502,0.1964863101905904,60.53414051267948,1.2245269775589025,-59.309613535120576,-0.83879638671875,105.2765394100305,137.47229888678746,32.19575947675696,1.6307594776153564,88.45241495608954,127.97292751204519,39.52051255595565,1.9650695492522885,51.37506209048837,118.68844606512523,67.31338397463686,2.2169819444713026
exemplar,exemplar,exemplar/archive_7/e494a233-5c6e-496d-a316-a5cf1b6c10f7.pt,128.70198651301806,80.30856688315103,-48.393419629867026,-2.268214619700748,123.35697864161858,92.45654905857403,-30.900429583044556,-1.4994684550640935,129.10679323607442,38.385753482632275,-90.72103975344214,-2.991301324632433,114.0553449746136,103.14586851468998,-10.909476459923624,-0.3931770324707031,122.28079537427078,152.55343625151025,30.272640877239468,3.277699977491868,91.68218544461337,142.7037221566283,51.02153671201492,3.2686098397496237
exemplar,exemplar,exemplar/archive_7/e5202411-feb3-41a4-9ce2-8aae91934213.pt,5.763377400189224,34.26931910083636,28.50594170064714,0.2331852543946749,76.03689627411686,60.0651850511802,-15.971711222936655,-0.08898360803544664,166.66666666666666,37.23732898993658,-129.42933767673009,-0.5455690224965414,52.00988053539608,27.697744922494458,-24.31213561290162,-0.31781776746114093,26.291553718790087,52.24356246006943,25.95200874127934,0.1818306441104934,67.01949713942332,117.43923070562226,50.41973356619894,0.2378181866901677
exemplar,exemplar,exemplar/archive_7/e5971926-063f-47e9-8dea-8603b36fefb0.pt,37.611446493401864,97.26722660298465,59.655780109582786,1.4300650723478008,83.80648744577202,133.73933143175756,49.93284398598554,2.585346378692209,0.0,0.0,0.0,0.0,88.78864506713694,184.4811216945594,95.69247662742245,11.089151859283447,132.3839893908373,38.59212496038494,-93.79186443045236,-3.415808086153827,185.14311449915593,118.62656354593292,-66.516550953223,-16.505950689315796
exemplar,exemplar,exemplar/archive_7/e6772d67-025c-4a44-a3cb-ad2edd876217.pt,62.93640711058976,112.9494689881429,50.013061877553135,1.6758038037007437,111.86122159141851,159.0507434924365,47.189521901018,5.116196342136549,14.346845612140887,57.51616175978103,43.16931614764014,0.6173477172851562,106.11939029030597,160.62453189867063,54.50514160836465,2.948939323425293,19.43683792324606,82.3415262525635,62.90468832931744,0.4057365301001163,110.60914789597199,124.2345699187402,13.62542202276822,0.603541374206543
exemplar,exemplar,exemplar/archive_7/ee64c6c7-08da-4097-b1e2-cd3e1c2a24ca.pt,69.20202693808234,53.88832233600663,-15.31370460207571,-0.6334081109964622,57.84762993467928,37.20385130290632,-20.64377863177296,-0.4999999046325684,2.6250506073008957,133.33333333333334,130.70828272603245,0.6450746456782023,154.66424028762017,94.52306912730232,-60.14117116031785,-2.5153793692588806,86.49059048621726,59.26383383221819,-27.226756653999068,-0.6807032066275646,36.28680350497953,100.72203948388278,64.43523597890325,1.5776202015041076
exemplar,exemplar,exemplar/archive_7/ef802978-0df4-4c53-bfd0-d8694fc82409.pt,25.119527417237794,42.10692028410518,16.987392866867385,0.2460812828168434,7.122009091700799,48.91324961383055,41.791240522129755,0.5787083602076637,53.32435581321307,84.89175894629125,31.56740313307818,0.1743781026204427,15.538984325514482,65.26917101510254,49.73018668958806,0.7731518149375916,94.66697834157934,109.927130083623,15.26015174204366,0.6428876865409805,118.87505565646828,129.89341368866602,11.018358032197739,0.7709783437300701
exemplar,exemplar,exemplar/archive_7/f0191b40-1183-4e02-917a-c995a0961818.pt,127.745513259449,80.82140126589222,-46.92411199355678,-2.178865352790513,158.2705750542715,97.47041850756791,-60.800156546703576,-5.6739887554292645,128.05799380379125,198.24561403508773,70.18762023129648,0.2139488186752587,129.83477823232423,139.97991175654502,10.145133524220796,0.48180270195007324,68.50600084021059,16.599335480844005,-51.906665359366585,-0.8870211723155546,177.2824877321326,170.85954903800408,-6.422938694128533,-2.910703659057617
exemplar,exemplar,exemplar/archive_7/f5d91fa2-4bd9-4ce1-95f7-1c8fbeb450bf.pt,100.41929157921442,39.03380338367333,-61.385488195541086,-0.3419079201400643,60.24652245194747,62.23102189955489,1.9844994476074191,0.4403694304303814,184.01948854433078,128.45923683881233,-55.56025170551845,-0.1758820294491394,170.1396812026187,186.68979947671917,16.55011827410047,8.328217506408691,183.95487691304123,182.17246775456942,-1.7824091584718076,-2.4331432524181547,189.36806535810507,196.57317819630248,7.205112838197408,65.91977437337239
exemplar,exemplar,exemplar/archive_7/f8599b85-3c74-4dec-942f-c4366a19b875.pt,128.70722961583465,111.71252215658265,-16.994707459251998,-1.0799055268801117,100.95403192413508,131.3744735008874,30.420441576752324,1.7896748075853115,0.0,0.0,0.0,0.0,167.09985192868825,185.58973167235362,18.48987974366537,7.799992084503174,174.4401594822852,180.9325411834533,6.492381701168114,5.162080764770508,92.63083846831098,136.04329100968644,43.41245254137546,1.8965744972229004
exemplar,exemplar,exemplar/archive_7/fa3832de-c47d-4307-ab2c-808d6cfffe13.pt,87.22919258219228,1.5447834462443564,-85.68440913594793,-1.5316307924672325,47.547356733551695,15.324441245781967,-32.222915487769725,-0.4814132591521803,36.11817250805977,2.9814248491489646,-33.13674765891081,-0.40230735778808596,42.49279100167618,42.22502468838332,-0.26776631329286005,-0.003950834274291992,108.49680754895175,120.24858247362734,11.751774924675587,0.6435186431163878,80.16901376785316,124.36874611745914,44.19973234960598,1.9432228738947432
exemplar,exemplar,exemplar/archive_7/fa8033d6-2520-4702-a01a-334e1a833bce.pt,40.952613157933015,74.55041123421616,33.59779807628314,0.6734642596073517,25.014396166288265,11.067959342253653,-13.946436824034611,-0.10497031578650841,0.0,0.0,0.0,0.0,131.3049817680274,170.15943411475703,38.85445234672963,3.790866494178772,177.55312648223702,185.39407162441296,7.84094514217594,9.224633353097099,51.57677629179858,45.373737074590856,-6.203039217207724,-0.08108502626419067
exemplar,exemplar,exemplar/archive_7/fd2e4a18-6f1e-4c1c-8e90-f773a8681953.pt,4.817031687298923,65.08905369033342,60.27202200303449,0.4440294308199638,66.56447382863145,91.35287468568555,24.7884008570541,0.12766828360809815,66.73768685934728,126.42583971790991,59.68815285856263,0.2732934061686198,16.85391276310823,37.58016687525083,20.726254112142602,0.26128554344177246,99.91548068123765,103.84524832450131,3.9297676432636592,0.16324377725290698,149.8499854398158,109.87537597739676,-39.97460946241905,-3.5240584972292877
exemplar,exemplar,exemplar/archive_7/ffa590cb-f91d-4ce6-96b6-8998bc414908.pt,58.42841816649132,56.98916756114538,-1.43925060534594,-0.00866834572037681,72.68467694929835,38.40149726084352,-34.28317968845483,-0.21094349089158052,54.13980844410599,112.46619305966425,58.32638461555826,0.2911274303089489,84.69178612303334,81.6059741398965,-3.0858119831368356,-0.014626359939575196,40.01368097611411,35.03529817380004,-4.978382802314073,0.09127725939971107,52.62776557278334,60.60075197958608,7.97298640680274,0.4512517468682651
exemplar,exemplar,exemplar/archive_8/003868ca-5c33-4008-ab9f-19082e656c4d.pt,26.478715257567128,12.266118508388065,-14.212596749179063,-0.11825546673034519,26.36941739407636,2.0366894595096956,-24.332727934566666,-0.21239703414490257,51.137400333765996,12.909661804960516,-38.22773852880548,-0.5544572448730469,107.26525058050827,138.79414824576372,31.528897665255457,1.6664588451385498,119.41734259279913,153.57934639081802,34.16200379801889,3.648485844678218,77.58552981126846,136.11537737410197,58.52984756283351,2.979307321401743
exemplar,exemplar,exemplar/archive_8/0525d3f5-0510-4d7f-beed-36b7f86e87ab.pt,114.45724367046078,62.527777922985855,-51.92946574747493,-1.7661645107581967,11.591775396632828,87.73545375222452,76.14367835559169,0.5001072786292251,24.797531336370458,133.33333333333334,108.53580199696289,0.4307726224263509,9.018979734856599,49.00833402906823,39.98935429421163,0.41602790355682373,175.3764416328198,152.08779801960773,-23.28864361321206,-7.834314346313477,6.849368111316793,6.979973653659331,0.13060554234253807,0.006035940987723214
exemplar,exemplar,exemplar/archive_8/06a0021f-f643-4619-b35d-b55d0ed6533f.pt,46.914583316406535,67.48289888365143,20.568315567244895,0.4054711548112955,68.3944826767295,74.31548265443516,5.920999977705662,0.14285863588934075,0.0,0.0,0.0,0.0,0.0,0.0,0.0,0.0,17.6974688047623,32.25623106724738,14.558762262485079,0.0830866813659668,148.82341845036242,54.614914005212086,-94.20850444515034,-3.7985708713531494
exemplar,exemplar,exemplar/archive_8/07fa91f4-decd-4ae4-a910-ab5ce3eb16d8.pt,54.535293465082454,74.59962965133667,20.064336186254216,0.4398767325120462,56.99277985932294,59.06385755877846,2.071077699455522,0.04103261416720361,0.0,0.0,0.0,0.0,0.0,0.0,0.0,0.0,6.447798549930931,58.27994749972729,51.83214894979636,0.3822924296061198,150.0909736496902,66.33979544523882,-83.75117820445138,-3.766439199447632
exemplar,exemplar,exemplar/archive_8/08fb56d4-24b9-44a1-9d9f-fdd5672328bb.pt,50.22787768204815,71.39080850519862,21.162930823150468,0.12465276431120074,34.855224559539145,41.386680248382206,6.53145568884306,0.0460834375,0.0,0.0,0.0,0.0,0.0,0.0,0.0,0.0,86.4484067254172,60.53865102742587,-25.90975569799133,-0.6512415268841911,14.634192907536125,107.8615994365774,93.22740652904128,1.8194999694824219
exemplar,exemplar,exemplar/archive_8/0d038597-90e3-432b-a320-3e453c569796.pt,67.82455006061636,116.61959192257237,48.79504186195601,1.7700331245262542,85.90717182047703,143.4251814413282,57.51800962085116,3.5103607177734375,14.346845612140887,57.51616175978103,43.16931614764014,0.6173477172851562,107.1081632529896,160.62453189867063,53.51636864568103,2.9262629747390747,19.625857653139626,82.49995577415599,62.87409812101637,0.40496369861421133,110.60914789597199,124.2345699187402,13.62542202276822,0.603541374206543
exemplar,exemplar,exemplar/archive_8/0d5f00fa-c983-4b6b-8e15-26c732b2f66d.pt,96.49305335640399,31.406812892190608,-65.08624046421338,-1.4915565318683848,77.02731875268442,31.530935594557075,-45.496383158127344,-0.9799414571587431,127.02318835368523,198.19819819819818,71.17500984451296,0.2176451468252921,127.1858092060135,144.414860379958,17.229051173944484,0.8513666391372681,65.0718995438586,24.388179472059285,-40.68372007179932,-0.7457884053022659,178.16355895071618,173.40506414406065,-4.758494806655534,-2.4581594467163086
exemplar,exemplar,exemplar/archive_8/0e6b9d3a-0113-4a8f-bb5b-4497acac0040.pt,183.7032302315735,184.25522683751137,0.5519966059378589,0.8530967975484913,197.6432475015664,195.3758163507044,-2.267431150861995,-62.4174919128418,0.0,0.0,0.0,0.0,129.08791974565136,160.15270459352624,31.064784847874876,2.198767304420471,182.16462633097052,156.87851376800097,-25.28611256296955,-12.740246772766113,172.34118037756235,127.78694388226371,-44.55423649529864,-6.6920764446258545
exemplar,exemplar,exemplar/archive_8/1501345d-13a8-4ce2-a835-8245051df323.pt,64.60143049996273,77.14866400840721,12.547233508444478,0.3015349487615299,63.3339218956936,63.3339218956936,0.0,0.0,61.89343210686604,50.81766262764732,-11.075769479218714,-0.19711224238077799,0.0,0.0,0.0,0.0,96.45374796819308,144.88932105103893,48.43557308284585,3.3436723188920454,13.661895769308234,35.75738103307542,22.095485263767184,0.23065361380577087
exemplar,exemplar,exemplar/archive_8/192e8fa9-c294-435e-93a0-a17fa8460049.pt,29.27749488908459,98.9338372587704,69.6563423696858,0.4064919307157961,87.47019706206227,117.30196328233967,29.8317662202774,0.13081290374147428,94.22889381461245,181.05326804742865,86.8243742328162,0.3085631511008093,152.89035052250406,144.26752889384312,-8.622821628660944,-0.6568424701690674,5.568435620605817,0.5731548976340193,-4.995280722971798,-0.051504354981989874,12.846312480255678,24.143735168208092,11.297422687952414,0.07784702981165213
exemplar,exemplar,exemplar/archive_8/1c73539a-f16c-4932-8c66-11f6353a305b.pt,6.521041121469221,69.84761688897419,63.32657576750496,1.0057447866786726,28.933628423391102,2.0197455250655256,-26.913882898325575,-0.23273216930386717,78.83958935023242,98.42352782142471,19.583938471192297,0.5834687550862631,140.58859684356062,186.66666666666666,46.078069823106034,0.13528952598571778,83.02374147106659,22.23118087102625,-60.79256060004033,-0.3862597973315747,58.859286109920255,192.09117682603372,133.23189071611347,41.774576902389526
exemplar,exemplar,exemplar/archive_8/22b44d40-7eb6-48e9-bc4b-d6bdb2a9ab68.pt,89.97123496586407,55.05999320934601,-34.91124175651806,-1.2034918666419538,58.81747961177432,0.40238609824516236,-58.41509351352916,-0.8290903491005358,133.33333333333334,133.33333333333334,0.0,0.0,85.98151860123545,92.78614776776054,6.804629166525089,0.16699349880218506,91.89460976534153,45.0776034781792,-46.81700628716233,-1.1170841377813698,48.66191171988836,129.38770207727777,80.7257903573894,3.013818770492633
exemplar,exemplar,exemplar/archive_8/27b4a211-bfe1-4ec6-8f3b-306ac0a7ddab.pt,66.69386546261737,12.921996962487672,-53.7718685001297,-0.8624395502065857,7.674103755681762,32.1790139228359,24.504910167154137,0.2032824850664116,64.56056738500645,5.3567858091432425,-59.20378157586321,-0.8870981931686401,37.91380030898626,55.61089433764335,17.69709402865709,0.2772636413574219,25.099601495221584,82.74621479943131,57.64661330420973,1.123867715982019,60.09537191375349,96.59683731772212,36.50146540396863,1.0061287257982336
exemplar,exemplar,exemplar/archive_8/2852d2c6-d29c-415b-b0df-84a3d97004b5.pt,25.72067361500234,42.690477280407826,16.969803665405486,0.2475894722303748,14.131536777625778,42.24909087364497,28.11755409601919,0.4036497858846487,53.32435581321307,84.89175894629125,31.56740313307818,0.1743781026204427,1.1176079089165045,77.74267112341504,76.62506321449852,1.1706254141671317,92.91663009076751,108.26324065885203,15.346610568084515,0.6244381910179093,118.21313199947244,129.30145981136567,11.088327811893237,0.7631906836923926
exemplar,exemplar,exemplar/archive_8/28936d19-4058-4ceb-8a3d-33ba8c56dc61.pt,2.1824949627595975,17.611951069181583,15.429456106421984,0.14027304138757093,4.141214613063236,36.13848669279654,31.997272079733303,0.2637224043649246,15.750484821680852,150.0,134.24951517831914,0.6004020571708679,23.19204593301274,79.9987983583286,56.806752425315864,0.8032187223434448,184.12107205427367,170.11337232824638,-14.007699726027283,-11.70664848715572,29.666835286416774,64.76473474094897,35.0978994545322,0.6010046005249023
exemplar,exemplar,exemplar/archive_8/2a08a6c6-975c-4d46-a13a-fa42a05a39a5.pt,40.53559680484703,66.31326120388309,25.777664399036055,0.16095453851909228,91.32527841237346,89.52751367474904,-1.7977647376244192,-0.008525176271752028,134.58346087367687,174.89511809360366,40.311657219926786,0.1280530145926069,71.47108909723595,61.14510503111561,-10.325984066120334,-0.19286266962687174,16.12936414610553,39.37163385374856,23.242269707643032,0.17967181045800815,97.50163192117577,118.33452788851336,20.832895967337592,0.08794773008765244
exemplar,exemplar,exemplar/archive_8/2a637d25-3330-4563-909a-366c07a7a39d.pt,112.69120475222628,52.73668283856129,-59.95452191366499,-1.8650324541823309,31.162029161708226,97.08986921212842,65.9278400504202,0.3838924670345569,25.318523827779213,133.33333333333334,108.01480950555413,0.425098180770874,6.945336979247974,47.808790479631234,40.86345350038326,0.4172405004501343,172.29225110216464,156.2917905826148,-16.000460519549847,-5.249087771853885,25.125330333510266,39.12065214641809,13.995321812907822,0.2608550499225485
exemplar,exemplar,exemplar/archive_8/2b6c3ab1-6583-488f-b31a-b7cf81eccb86.pt,28.362911929556912,11.050763243021544,-17.312148686535366,-0.14367936439368398,19.79973238649822,6.645667811304102,-13.15406457519412,-0.11141883714797791,52.00293481106232,0.7570045544446676,-51.24593025661765,-0.6813105010986328,107.1094918994673,139.08449793956703,31.97500604009973,1.6952459812164307,122.30273126312765,152.25138897631922,29.948657713191565,3.2248598079091493,82.0292615345191,130.28881859929265,48.25955706477356,2.335313135263871
exemplar,exemplar,exemplar/archive_8/2d58b75c-bc27-4be2-bb90-c0030d4282b5.pt,103.61849948229948,76.54594418897562,-27.07255529332386,-0.909693413774708,173.4551559009986,149.87607247473235,-23.579083426266237,-7.042589063768263,15.082104825063773,166.66666666666666,151.5845618416029,0.6838046709696451,132.38738142403793,145.1456862380188,12.758304813980885,0.6879936456680298,5.448757417284334,87.22712350139227,81.77836608410794,0.553807422659573,182.56682620194283,175.09197406839215,-7.474852133550684,-5.164259910583496
exemplar,exemplar,exemplar/archive_8/2d91c057-de88-473c-95fa-d090c5414454.pt,114.47551743287035,97.74925467345619,-16.726262759414155,-0.7646556024966032,187.47832802239688,176.5574164554187,-10.92091156697819,-14.656170469341856,11.389253711305846,166.66666666666666,155.2774129553608,0.7226275602976481,134.5012779835851,139.18027066298052,4.678992679395407,0.23491191864013672,3.6900747727876415,80.83161164789642,77.14153687510878,0.5389129348028274,182.0972215171532,172.70023173831683,-9.396989778836371,-5.768071174621582
exemplar,exemplar,exemplar/archive_8/2df01bfc-cf3f-4943-8909-72dec9ea3eec.pt,0.48081292127492925,89.57524127891303,89.0944283576381,0.6138320908305529,68.85237033886241,113.64315617243993,44.790785833577516,0.2124678497942387,98.06455901633562,34.714061639901836,-63.350497376433786,-1.4356399015946821,58.32921656687831,76.1608843626508,17.831667795772496,0.35573112964630127,16.06725648510067,2.1460180702478366,-13.921238414852834,-0.12700958251953126,42.74524971674986,20.814768932531578,-21.930480784218283,-0.16357517149390244
exemplar,exemplar,exemplar/archive_8/2e377332-e9e3-4c4a-a9a1-90fc693fc924.pt,14.720376543388836,81.214507624412,66.49413108102316,0.41868541202097787,17.715155393192834,75.17567729679256,57.46052190359973,0.38363604677782753,89.50329364081709,39.34537430625117,-50.15791933456592,-1.0736940383911133,24.856225344788445,45.36874746539626,20.512522120607816,0.27266511917114256,3.439564530846883,2.565602590932941,-0.8739619399139422,-0.008481505289243137,30.58285422902166,13.164204739210222,-17.418649489811436,-0.1416841534870427
exemplar,exemplar,exemplar/archive_8/2f2e6cd5-4039-4a53-9aa3-257909a8c23e.pt,84.41686643498996,19.991558046175236,-64.42530838881473,-0.41181885315491273,1.1034955419797088,116.943900733469,115.84040519148928,2.804076303075225,0.0,0.0,0.0,0.0,146.86070100275737,185.04569681003693,38.18499580727956,9.610383987426758,188.10358044251888,181.12208199370582,-6.981498448813056,-12.13871837797619,192.6552845393605,196.97841235708364,4.323127817723133,64.9331766764323
exemplar,exemplar,exemplar/archive_8/3281ae49-c6df-4b1d-a065-814367f78760.pt,131.3701175845927,111.80054524351512,-19.569572341077574,-1.2930544312721954,106.51683851470008,138.58865266069736,32.07181414599728,2.2338851375283353,0.0,0.0,0.0,0.0,166.77165239551576,185.74150494612215,18.96985255060639,8.007768630981445,168.36572770656156,176.52545499482412,8.159727288262559,4.28533935546875,51.092824539884795,107.8615994365774,56.7687748966926,1.3792150020599365
exemplar,exemplar,exemplar/archive_8/3334be03-f9b4-45f6-a7a6-5218720b7aee.pt,160.68929420741122,164.34417287834032,3.6548786709290937,1.0415525972173456,161.77840256535544,169.8663969078273,8.087994342471859,2.804264106623754,0.0,0.0,0.0,0.0,164.75002739784972,181.7616816789238,17.011654281074073,5.2921600341796875,184.14875395344393,185.0372721149785,0.888518161534563,1.459050228721217,132.8453920718689,169.30281005061767,36.457417978748765,5.305578231811523
exemplar,exemplar,exemplar/archive_8/338d6b4c-68d9-4814-9795-d1e3329dc978.pt,22.839260221690633,62.09088570774885,39.25162548605822,0.6425179990069514,46.90403011762847,41.53122544068855,-5.372804676939921,-0.08856071578845158,83.40956539336047,112.99321111853119,29.583645725170726,1.069318453470866,107.59863527304122,0.0,-107.59863527304122,-1.1644701957702637,156.74174906389558,140.7612148949254,-15.980534168970195,-2.4647620064871654,81.88881489539683,177.26784610312188,95.37903120772505,12.433383703231812
exemplar,exemplar,exemplar/archive_8/33ecb6e8-a184-4169-8078-7a143527b572.pt,96.68520200233907,18.708719153492645,-77.97648284884642,-1.7004468765755896,71.19800600269744,5.470999908201039,-65.7270060944964,-1.05221938885823,81.36983568272736,48.797294232227195,-32.57254145050016,-0.6860145992702908,91.17784003824534,91.85240413451761,0.6745640962722774,0.019105911254882812,144.8838676142953,142.58962517159082,-2.2942424427044728,-0.2895873292477545,132.24112989163893,158.6533120636,26.412182171961064,3.7515692956668816
exemplar,exemplar,exemplar/archive_8/38acced5-01d9-4586-8c84-adf32edc926e.pt,25.430331375171427,18.448890987726728,-6.9814403874446995,-0.022379098288931556,175.04459693925847,91.69010989584717,-83.3544870434113,-0.30472595488544,43.62327892664757,73.95426008311958,30.330981156472006,0.5642318725585938,54.67946041681369,67.1031686911422,12.423708274328511,0.48371273279190063,102.07355793345559,143.67130048427603,41.59774255082044,0.16012815671546438,40.69995915216801,11.92874526240742,-28.771213889760595,-0.15849491953849792
exemplar,exemplar,exemplar/archive_8/3a96c8fa-fcf1-4ef6-804d-5614c5128de0.pt,2.075460636069523,17.5057297077446,15.430269071675077,0.1404232756111758,0.28414445760902496,40.40218655588752,40.118042098278494,0.3332013030550373,15.750484821680852,150.0,134.24951517831914,0.6004020571708679,23.19204593301274,79.9987983583286,56.806752425315864,0.8032187223434448,183.0812567255722,168.23213868284677,-14.849118042725422,-10.96336921812996,19.15168055373564,55.04879354406649,35.897112990330854,0.5409041404724121
exemplar,exemplar,exemplar/archive_8/3c5035df-6661-456d-accc-48b8b31fe37b.pt,28.03600152688816,40.655677095775076,12.619675568886915,0.09198122521570508,83.30515199157641,39.58353296252671,-43.7216190290497,-0.9339994668840943,45.637537277134314,67.68486927522007,22.047331998085753,0.3958004315694173,45.41597904414128,13.700024234120077,-31.715954810021202,-0.18586615721384683,172.85054936893548,150.60281140049125,-22.247737968444227,-6.556640625,71.91929657538553,87.2654300207454,15.346133445359868,0.4015083312988281
exemplar,exemplar,exemplar/archive_8/3d1417ac-8461-4799-b2ce-87d3b34f43c5.pt,81.8634517963151,94.85474273713686,12.991290940821756,0.4177922999605219,106.36593436761291,135.48877740853513,29.12284304092222,1.9253185183502908,0.0,0.0,0.0,0.0,147.42037205100155,169.23710393533366,21.816731884332114,2.6975839138031006,185.8777597861238,183.6857105180297,-2.192049268094081,-3.7055840743215462,191.9939733279039,196.04514426941893,4.051170941515039,38.38434600830078
exemplar,exemplar,exemplar/archive_8/3e219a3b-1ca4-4412-897d-77f126ddea06.pt,82.27178573385713,11.854890074814472,-70.41689565904265,-0.47100709227971604,143.23912809202642,79.08802796052987,-64.15110013149655,-3.7381966747257507,0.0,0.0,0.0,0.0,140.61206204216268,176.60917908853793,35.99711704637525,5.182675361633301,147.62641508995316,138.87722373592553,-8.74919135402763,-1.0866467579301582,193.00659526641172,178.16355895071618,-14.843036315695542,-29.1590576171875
exemplar,exemplar,exemplar/archive_8/474ac294-b27a-463a-85ee-edf09e70bd9a.pt,24.890808241258227,26.214480876249727,1.3236726349914996,0.017398564248765576,6.320160592935443,19.813522370514445,13.493361777579,0.1546562198931739,143.88057071335564,95.01637544690489,-48.86419526645075,-3.1516613006591796,94.07905433037536,129.3708907918037,35.291836461428346,1.5724883079528809,76.15381694221746,87.37913186323975,11.225314921022289,0.3218536238362852,38.42310884025058,29.77974632528228,-8.643362514968299,-0.06309322578268745
exemplar,exemplar,exemplar/archive_8/48f20022-6005-4e32-9dc4-7e3c74af0b20.pt,65.5167861466209,78.0182991319839,12.501512985362993,0.30463556520123714,63.3339218956936,63.3339218956936,0.0,0.0,61.89343210686604,50.81766262764732,-11.075769479218714,-0.19711224238077799,0.0,0.0,0.0,0.0,96.45374796819308,144.88932105103893,48.43557308284585,3.3436723188920454,13.661895769308234,35.75738103307542,22.095485263767184,0.23065361380577087
exemplar,exemplar,exemplar/archive_8/49308014-75a6-4beb-b4a9-e70ceb7429d9.pt,79.31812285583383,113.51224842604597,34.19412557021214,1.3095930050580928,42.7586989739798,77.67803596343389,34.91933698945409,0.7212238050486943,12.333142173414185,33.823359333514794,21.49021716010061,0.26666688919067383,115.10310788860954,159.62181844507037,44.51871055646083,2.597371220588684,171.1785346829527,145.4205802677503,-25.75795441520239,-6.447434902191162,126.02909805072406,132.8453920718689,6.8162940211448415,0.4116544723510742
exemplar,exemplar,exemplar/archive_8/4b914d74-4121-402f-8d2d-281c14bfc12e.pt,116.50729880197326,18.31130712622027,-98.19599167575299,-2.6226834959745116,98.73536686978825,22.78460139216923,-75.95076547761903,-1.6926734720837915,133.33333333333334,148.76912639443165,15.435793061098309,4.173159917195638,46.716738006070365,52.28551696497969,5.568778958909327,0.08198245366414388,108.51805509013629,95.59815014648262,-12.919904943653663,-0.5402754114029256,79.44611990950011,149.03302372233685,69.58690381283674,4.506849151296714
exemplar,exemplar,exemplar/archive_8/4bad1f48-7ce0-4082-b052-8a22cb27af92.pt,69.42016631058392,56.97266299071839,-12.447503319865532,-0.619619728700958,56.889999795590725,37.11886341013263,-19.771136385458092,-0.4817903116679512,133.33333333333334,133.33333333333334,0.0,0.0,157.51103630101724,98.8969745895217,-58.61406171149554,-2.728924512863159,81.7636477146604,31.11750550793634,-50.64614220672405,-1.013571786697797,26.523009609234062,62.881449441577715,36.35843983234365,0.6098184536158112
exemplar,exemplar,exemplar/archive_8/4e92365b-94f4-4dbd-bc73-3a10982d4159.pt,8.865055678409341,81.25361553799031,72.38855985958097,1.2835077041878615,119.482031085715,113.74804623973442,-5.733984845980572,1.8878300936986985,18.14455627227473,39.700156505308776,21.555600233034045,0.1646066945749563,132.0284850338188,151.8183907842637,19.789905750444888,1.208552360534668,163.34517232603957,177.80566674240967,14.460494416370096,6.887816429138184,17.444387599794116,71.94358191459881,54.4991943148047,0.722380518913269
exemplar,exemplar,exemplar/archive_8/4fe45cd4-eb12-4821-990b-6fa05cbb52d4.pt,53.82582413799088,52.575404649546044,-1.2504194884448339,-0.0078016686375498735,41.293815198351446,34.76135578577041,-6.532459412581034,-0.046127667466512264,7.762971639330893,7.762971639330893,0.0,0.0,0.0,0.0,0.0,0.0,4.662515526577078,83.16814006987431,78.50562454329723,1.3770528222970257,37.0575158278512,34.39625295734148,-2.6612628705097165,-0.03923756589171707
exemplar,exemplar,exemplar/archive_8/52f4b10d-442b-4bfa-8006-c3ee298fd480.pt,71.03084766234618,67.87449261127796,-3.1563550510682177,-0.07404921579416472,86.72168238287838,75.38374328524385,-11.337939097634532,-0.32029825846354165,13.190512079095912,150.0,136.80948792090408,0.6264334917068481,98.8969745895217,141.7023257682271,42.80535117870539,1.4524884223937988,165.21362158946596,110.1566428682436,-55.056978721222364,-6.9207289559500555,153.7240434678546,124.2345699187402,-29.489473549114408,-2.523258686065674
exemplar,exemplar,exemplar/archive_8/53ef6ba7-4a51-4f68-bdeb-53ca70c759ec.pt,38.26639134737953,27.144350447047888,-11.122040900331644,-0.15913012087297676,19.392522710427862,77.58577320020073,58.19325048977287,0.3822103606791515,74.49478609294216,140.49636344130033,66.00157734835817,0.2813721738120382,48.146748448932286,13.279400353054722,-34.86734809587756,-0.22123117446899415,24.217798668196043,64.06168620825447,39.84388754005843,0.2687408447265625,56.91285988064619,99.55614879891712,42.64328891827093,-0.1242678165435791
exemplar,exemplar,exemplar/archive_8/545dbf0e-4980-4d93-b562-e7acd205b038.pt,8.544404480422564,15.248279064081371,6.703874583658807,0.05973642743900081,149.5563565831478,86.8539467060431,-62.702409877104685,-4.392860778426859,53.179742144091215,166.66666666666666,113.48692452257544,0.1692819595336914,19.539876387321105,42.607084344330026,23.06720795700892,0.27071189880371094,67.14215178167397,16.573695484036705,-50.56845629763727,-0.8569131573826021,58.777001529772264,43.28897738387279,-15.488024145899473,-0.27581439298741955
exemplar,exemplar,exemplar/archive_8/58aa5604-113a-4a91-9d13-adb633c26b05.pt,43.219918647477,56.77458139804551,13.55466275056851,0.08681462130039305,77.96835334931555,39.16350864215817,-38.80484470715738,-0.23348076506356377,79.76183445946914,14.784192449060853,-64.97764201040829,-1.0837244306291853,5.768739302271103,32.018035325606384,26.24929602333528,0.28449565172195435,90.82986722361514,26.277280580431725,-64.55258664318342,-0.3923383195477311,41.92208295391576,19.03228361006256,-22.889799343853202,-0.17272328043682536
exemplar,exemplar,exemplar/archive_8/58f0c6aa-0c35-4424-8ffc-fe3186b4188b.pt,37.350553609364226,53.506213747857736,16.15566013849351,0.27116646464311017,46.64720794207172,22.56736644092399,-24.079841501147726,-0.3538944105338748,75.62237049002793,114.47980998288905,38.85743949286112,1.2785899639129639,115.55136542075033,0.0,-115.55136542075033,-1.3683035373687744,161.37355416137873,161.72122594586838,0.3476717844896484,0.09274970160590278,72.94644199183487,143.61581260448264,70.66937061264777,3.288257439931234
exemplar,exemplar,exemplar/archive_8/59802b19-14b5-43e9-8484-bc2bc8643867.pt,20.338315803973952,1.345366518343922,-18.99294928563003,-0.17124226035612922,176.4313042937991,128.595683389918,-47.83562090388108,-0.15466763235997488,29.691953182893283,8.79334360289056,-20.89860958000272,-0.23531556129455566,47.400828007188615,41.31962864069204,-6.081199366496577,0.11466677983601888,116.88443787384067,59.689732197149524,-57.19470567669114,-1.9372297286987306,32.84923205178308,6.1869757226165225,-26.66225632916656,-0.1666027307510376
exemplar,exemplar,exemplar/archive_8/5a5dd55d-b494-43b4-9c8a-7ab85eec7a30.pt,112.27513935621899,1.7698079842059853,-110.505331372013,-2.5419524359735415,93.2631177656756,0.6068679278861081,-92.65624983778949,-1.7413538649550266,72.97134089984316,90.91156549176657,17.94022459192341,0.48908445570203996,88.2197007532604,80.63638450420818,-7.583316249052217,-0.1894526481628418,144.47283489699197,137.1761945235379,-7.296640373454068,-0.8353965318674013,123.32633587670574,153.99237336383717,30.666037487131433,3.4593713504751933
exemplar,exemplar,exemplar/archive_8/5a6a8273-3d99-463f-9f6e-6a42b8949142.pt,4.6744674700438935,6.536155230871159,1.861687760827265,0.02189227415346233,80.57891380071628,137.70289405298507,57.123980252268794,0.24114459439584612,117.51050603781707,160.56794167187653,43.05743563405946,0.14985676698906478,29.765319583066976,3.0671017455673226,-26.698217837499655,-0.20515007972717286,151.32357574234493,30.812118666285084,-120.51145707605984,-5.843854153540827,21.578950573567568,88.45096685898753,66.87201628541996,1.276780128479004
exemplar,exemplar,exemplar/archive_8/5a709840-e14a-448f-8a6f-2b3f709955d0.pt,27.899162611151795,7.445375211630194,-20.4537873995216,-0.1730526050398156,116.32213696280137,22.02411928111016,-94.2980176816912,-0.5367436870075352,29.856284081869873,12.2526100586958,-17.603674023174072,-0.20206212997436523,45.41597904414128,39.882531007245305,-5.533448036895976,0.10670967896779378,127.8211530766669,85.30045946161353,-42.520693615053375,-2.023289998372396,28.959149757353554,13.661895769308234,-15.29725398804532,-0.09381011128425598
exemplar,exemplar,exemplar/archive_8/5a9ac618-4211-4a51-bd33-21d5088353b3.pt,89.49906711128189,17.212661288029906,-72.28640582325198,-1.4314826051779934,49.86183367248702,3.62774519160896,-46.234088480878064,-0.6272444142214783,53.72747902658197,8.238213101822733,-45.48926592475924,-0.642388687133789,48.594727892261496,54.83951512222625,6.244787229964757,0.10418367385864258,113.77205260980385,135.81416726624224,22.042114656438386,1.5914477197947854,96.95786607934906,123.17954786235951,26.221681783010453,1.319903706395349
exemplar,exemplar,exemplar/archive_8/5b827123-080c-4024-89ce-9be684530b16.pt,62.22570198705011,2.4510693432157575,-59.77463264383435,-0.45033677205676736,34.72581505110451,134.0210146334045,99.29519958229997,3.6412387444097427,0.0,0.0,0.0,0.0,148.38565500858516,184.88651946420433,36.500864455619165,9.358327388763428,188.07045042945956,185.93787610879556,-2.1325743206639913,-4.935421214384191,194.44555370328555,198.11841970146872,3.6728659981831697,105.42966079711914
exemplar,exemplar,exemplar/archive_8/5e5fb9da-f6da-43da-9528-2e8ee36a0350.pt,95.10845274230299,15.937127758143413,-79.17132498415957,-1.6401290453426496,74.18661712650007,5.583873782901168,-68.6027433435989,-1.1215189361572266,47.963672838638004,133.33333333333334,85.36966049469534,0.14087486267089844,33.56853422030387,35.471830940795726,1.9032967204918592,0.020852208137512207,155.09431376579644,149.6430381418495,-5.451275623946941,-0.9537857719089674,107.70892937513695,85.4155857427937,-22.29334363234325,-0.8108053940993089
exemplar,exemplar,exemplar/archive_8/659b2bdc-86e1-4dca-958a-70248c425af1.pt,24.745334574449792,15.13122188307392,-9.614112691375873,-0.056510105009216466,142.02006946958386,6.687897455436866,-135.332172014147,-0.7612430103132282,120.91715442103498,158.38156220741976,37.46440778638478,0.1302669767054116,61.784603589088896,85.85924177187282,24.07463818278392,0.4578084945678711,97.37984883613929,121.18941074846293,23.809561912323645,1.1612347496880426,32.84923205178308,85.19586545295626,52.34663340117317,0.9015336334705353
exemplar,exemplar,exemplar/archive_8/67607642-04f3-43e9-8904-9b6ec2b55aa5.pt,95.07162249392888,27.84230758540925,-67.22931490851963,-0.3999577012172965,17.210494107280297,102.93731756740429,85.726823460124,1.962001676902254,0.0,0.0,0.0,0.0,146.71985656815636,184.56306330245826,37.8432067343019,9.202194690704346,190.46245298232685,184.0633795697096,-6.399073412617241,-16.344784007352942,195.59063417938054,198.1119879756005,2.5213537962199553,90.86029815673828
exemplar,exemplar,exemplar/archive_8/6c00e2d7-067e-45c7-8ea5-c0c0d2f72afa.pt,37.52041229779393,26.763125350689645,-10.757286947104287,-0.15286751828515188,6.074261426775541,56.200947869462304,50.12668644268676,0.3760670979103797,72.89790289585629,138.08641835292502,65.18851545706873,0.2815247469170149,76.22681318396289,27.284956545459032,-48.94185663850386,-0.2895471027919224,13.22015533414659,52.9976961671202,39.777540832973614,0.2944393357333406,82.73697803166986,82.18563070647724,-0.5513473251926229,-0.7694529465266636
exemplar,exemplar,exemplar/archive_8/6e5708db-cac5-49ff-96e7-8581813c1015.pt,80.96003854946434,11.893097321550146,-69.0669412279142,-1.2479546307671308,174.8863231224837,117.90747202097496,-56.97885110150874,-11.053960440751444,109.34430413965454,78.04880144225878,-31.29550269739576,-0.14552643304367674,0.0,0.0,0.0,0.0,14.074779694131797,33.89921026268086,19.82443056854906,0.15741362054663968,69.16334923996351,6.1869757226165225,-62.976373517346985,-0.7479255497455597
exemplar,exemplar,exemplar/archive_8/7404feb8-082e-4c7c-a0a7-f77188714a3c.pt,113.46293724957815,53.790566443333915,-59.67237080624423,-1.8863065886406845,40.388499604166086,104.20656658729226,63.81806698312617,0.34899315184959717,25.318523827779213,133.33333333333334,108.01480950555413,0.425098180770874,6.945336979247974,47.808790479631234,40.86345350038326,0.4172405004501343,170.5461626616738,153.6628838833073,-16.883278778366503,-4.916867026799841,33.28443814530898,31.040301487462035,-2.2441366578469477,0.08142210945250496
exemplar,exemplar,exemplar/archive_8/75b604b7-40c4-4e7e-8f8e-bcab114aae41.pt,30.994567250032265,10.60293109086943,-20.391636159162836,-0.16766293727413,116.32213696280137,22.02411928111016,-94.2980176816912,-0.5367436870075352,31.109366384992803,12.2526100586958,-18.856756326297003,-0.21805143356323242,44.75448452075101,39.882531007245305,-4.8719535135057015,0.1103805700937907,127.8211530766669,85.30045946161353,-42.520693615053375,-2.023289998372396,28.959149757353554,13.661895769308234,-15.29725398804532,-0.09381011128425598
exemplar,exemplar,exemplar/archive_8/7754ba9d-b1c8-4e1f-bcbc-934c0c6c403b.pt,76.93505388263523,36.03604099914381,-40.89901288349142,-0.9447551149203995,63.939274498649816,187.14371266532504,123.20443816667523,0.48134639216404335,0.0,0.0,0.0,0.0,0.0,0.0,0.0,0.0,2.3495344118862453,50.72471449924662,48.37518008736038,0.6522880554199219,6.1869757226165225,22.371551185545492,16.18457546292897,0.14390870928764343
exemplar,exemplar,exemplar/archive_8/79f0321a-6162-476a-b84e-618f7e180e93.pt,10.035543007182836,23.393061165925115,13.357518158742279,0.11387080512436,137.20829607326903,91.74587303335831,-45.46242303991072,-0.18482067612217068,1.7955917938602133,67.79080020710283,65.99520841324262,0.8814657926559448,26.217014881742667,64.58025747581021,38.36324259406754,0.5414944887161255,174.9214765470498,165.95443106640667,-8.967045480643122,-4.157183329264323,0.07732327889016861,61.33019836662648,61.252875087736314,0.8497858047485352
exemplar,exemplar,exemplar/archive_8/809a380c-ee64-471d-8a71-c822d2c25046.pt,164.76102174346735,143.18292099530103,-21.57810074816632,-4.285269964308966,109.5041697924653,132.95491749915752,23.450747706692212,0.08344036340713501,0.0,0.0,0.0,0.0,160.2580443675309,178.39481282321728,18.136768455686365,4.224571228027344,172.90284701481738,186.85725165357863,13.954404638761247,15.212355669806986,17.444387599794116,18.92799239846251,1.4836047986683951,0.03646254539489746
exemplar,exemplar,exemplar/archive_8/80eb954e-2e62-43eb-a933-7b0eb4b54fcb.pt,0.5666471998897311,89.50661110475693,88.9399639048672,0.6126417930362084,68.73954350133354,113.65214421622676,44.912600714893216,0.21312902342713033,98.06455901633562,34.714061639901836,-63.350497376433786,-1.4356399015946821,58.52500236834667,76.1608843626508,17.635881994304135,0.35231220722198486,16.090523479540103,2.1460180702478366,-13.944505409292265,-0.12720887925889757,42.74524971674986,20.814768932531578,-21.930480784218283,-0.16357517149390244
exemplar,exemplar,exemplar/archive_8/81df1b5d-fdd2-4beb-9f2e-15b526ade34c.pt,19.937676447427958,20.82549820535343,0.8878217579254724,0.01100723543168973,5.809193683261208,108.32437343433187,102.51517975107066,0.6428090494685513,113.79887185939748,161.23751568929396,47.43864382989648,0.1667483130166697,60.7348098324835,18.941573041215243,-41.79323679126826,-0.27454277873039246,170.59841763685185,69.96213780917165,-100.6362798276802,-10.510654188182256,40.89597403393644,59.036636630505825,18.140662596569385,0.31814600626627604
exemplar,exemplar,exemplar/archive_8/83ad2e4b-931f-4e24-8e7e-c1a8d6f5efa1.pt,44.21870644266544,84.10810342322807,39.88939698056263,0.024373647949586155,25.584659735552766,66.57938046821987,40.994720732667105,0.2060520151241204,10.398226281890214,133.33333333333334,122.93510705144313,0.584297259648641,152.38890158350483,99.43079654675086,-52.95810503675398,-2.2120208740234375,85.01901484053167,49.73012243375536,-35.288892406776306,-0.8157208066998106,38.276524561841825,90.95165280677469,52.675128244932864,1.1885816436452963
exemplar,exemplar,exemplar/archive_8/84bdd7c0-fe9e-42b7-b90a-589f050e2299.pt,10.56336149691836,91.00380783345913,80.44044633654077,0.5139113376206507,60.76546295946972,118.51181854815117,57.746355588681446,0.27810140589738486,81.71258798192241,63.43845343048304,-18.274134551439374,-0.4319430264559659,52.78574683430566,65.28001124741814,12.494264413112482,0.22049403190612793,23.655394438695822,18.600327091510003,-5.055067347185819,-0.04135055541992187,54.84635461285362,28.907872787047552,-25.938481825806065,-0.17776795922256097
exemplar,exemplar,exemplar/archive_8/8ebcea55-5c0f-470d-a347-bec8b2537548.pt,78.64388696094312,11.509408064972314,-67.1344788959708,-1.1872478684726266,89.24250990843775,29.091676847016497,-60.15083306142125,-1.3574966545634313,106.32141662387839,77.54267772313797,-28.77873890074042,-0.1353902862402811,0.0,0.0,0.0,0.0,22.150873280463596,56.889771786695945,34.738898506232346,0.24213731553819445,69.16334923996351,6.1869757226165225,-62.976373517346985,-0.7479255497455597
exemplar,exemplar,exemplar/archive_8/919d79d3-5e05-4ed8-8f0f-79aa6a02b228.pt,69.48226830351332,29.66108026775699,-39.821188035756336,-0.16741119280640154,132.034584747801,46.155879657951566,-85.87870508984943,-0.19526164906112867,124.51400580380967,124.51400580380967,0.0,0.0,1.166867737149515,83.43958903900212,82.2727213018526,1.1832997798919678,113.44002248099838,78.20777413358083,-35.23224834741755,-0.16146208861163844,35.75738103307542,116.68092849997673,80.92354746690131,1.7740501165390015
exemplar,exemplar,exemplar/archive_8/93d38284-483f-430b-a824-7787f5abc8a2.pt,132.79974505661437,72.23756211459019,-60.56218294202418,-2.82046501762759,90.21662783853138,39.04951991687385,-51.16710792165753,-1.3159243248248922,68.58399501643021,126.77088777064662,58.186892754216416,0.2639418548008181,99.43079654675086,0.0,-99.43079654675086,-0.988680362701416,62.4255860493561,30.283199814344396,-32.1423862350117,-0.2123575245762223,2.4966581903555123,63.47309599352635,60.97643780317084,0.6788750290870667
exemplar,exemplar,exemplar/archive_8/93e021b2-e8de-488c-b1d3-c7fa3f73fc1a.pt,84.26857961018834,19.812981075647638,-64.4555985345407,-0.4125622084855173,6.232549377831086,113.5164698653447,107.28392048751361,2.5638724879214636,0.0,0.0,0.0,0.0,146.86070100275737,185.04569681003693,38.18499580727956,9.610383987426758,188.10358044251888,181.12208199370582,-6.981498448813056,-12.13871837797619,192.6552845393605,196.97841235708364,4.323127817723133,64.9331766764323
exemplar,exemplar,exemplar/archive_8/a0143020-34b4-4013-8aed-0ffadd30a635.pt,24.439039647311816,70.92635562372456,46.487315976412745,0.8812176009685178,120.65487380412245,11.699318754944455,-108.95555504917799,-0.6420136135937725,86.44967714287873,116.25335932213187,29.803682179253144,0.1315638853962702,11.023363136885992,64.97474174079176,53.951378603905766,0.7721400737762452,22.222749075166323,14.678904482065558,-7.543844593100765,-0.041520849450842126,41.54200080520288,4.470323653411069,-37.07167715179181,-0.28333563804626466
exemplar,exemplar,exemplar/archive_8/a09e7331-41b0-4a08-8b54-54c002ead872.pt,50.873759028533016,55.87263259541749,4.998873566884477,0.0930309622075982,15.86000321292545,22.421885442335267,6.561882229409816,0.10558185722439267,24.777191260105226,96.4629320886646,71.68574082855937,0.42869320200450384,65.47453513391808,126.96008733350696,61.48555219958888,2.2527387619018553,90.55658880033815,90.15906115200286,-0.3975276483352843,-0.01322432135656682,8.671755847581103,27.675672933486634,19.00391708590553,0.15995909396303093
exemplar,exemplar,exemplar/archive_8/a833bb41-840f-4133-9ad4-6ae417c2824e.pt,85.78548828893706,103.17717818201076,17.391689893073703,0.6290704659007733,72.19711055235587,107.97209262557833,35.77498207322246,1.2166707172652715,74.9028302826879,143.06885280780116,68.16602252511326,0.2890391291404257,64.32432878977275,139.75028134829014,75.4259525585174,3.4271973201206754,95.68597130946286,130.05479793943985,34.368826629976994,1.88097186300128,164.91751033031795,192.46911336566905,27.551603035351093,38.733403887067524
exemplar,exemplar,exemplar/archive_8/abe49cd3-893d-4a74-ac73-438aadd4ff69.pt,53.84676954869563,52.596425182847135,-1.2503443658484983,-0.0077999070967134975,41.294881204453475,34.76243562216229,-6.5324455822911816,-0.046127153852577665,7.762971639330893,7.762971639330893,0.0,0.0,0.0,0.0,0.0,0.0,5.339440714941153,83.43454542071865,78.0951047057775,1.3784298804498487,37.44337566623939,35.45007497510777,-1.9933006911316227,-0.02964583687160326
exemplar,exemplar,exemplar/archive_8/ae8dd6f6-5f59-4bec-a01a-537ee0558873.pt,96.34526217519043,17.530253922932246,-78.81500825225818,-1.666652256102183,77.34990428256603,9.272184936670781,-68.07771934589525,-1.16370317629803,47.72121918175657,133.33333333333334,85.61211415157678,0.14436562856038412,34.20446541634201,35.471830940795726,1.2673655244537159,0.013938307762145996,156.4687544282273,151.58863545010448,-4.880118978122823,-0.9157534512606534,124.90534458491118,106.486748473664,-18.418596111247183,-0.9966850280761719
exemplar,exemplar,exemplar/archive_8/afa868b1-9a4d-47fa-ae82-7fc0b93ee43c.pt,62.046558090511716,36.13714941241227,-25.909408678099446,-0.03248758140535466,50.97138008012507,170.08377199906607,119.112391918941,10.682081613078802,126.22203154606503,118.18295027774099,-8.03908126832404,-0.030973065909692798,1.4838127793886788,80.5160807032871,79.03226792389842,1.1106514930725098,112.67186157346885,73.8168782839897,-38.85498328947915,-0.18136230353371632,39.003887322660574,112.67260952349226,73.66872220083168,1.5719492435455322
exemplar,exemplar,exemplar/archive_8/b27e543a-6c27-40b6-a5e9-ca849edae9a1.pt,46.38056229465965,15.52756553508051,-30.852996759579135,-0.4597234380059909,21.09317194181204,18.576261612958266,-2.5169103288537755,-0.020832166913588752,97.3206429912926,25.308453967301492,-72.01218902399111,-0.3344925045967102,3.319102947430594,58.459759648750335,55.14065670131974,0.6932627558708191,38.82240250981768,83.78751175613024,44.965109246312565,0.2653332719228594,64.72832728489415,89.19296771642153,24.464640431527386,0.12776114114900913
exemplar,exemplar,exemplar/archive_8/b80691c8-dac8-49ca-b779-180ffcd6f3da.pt,1.564563406428093,6.720427327148214,5.155863920720121,0.049494114682163186,26.40805973531246,74.73777392894722,48.32971419363476,0.3107468515830863,27.234851829442597,166.66666666666666,139.43181483722407,0.544325033823649,25.640433599557014,41.46295275885496,15.822519159297947,0.2465012470881144,183.08706388991496,153.39297651727423,-29.694087372640723,-14.96349843343099,31.777032729668548,17.815747173797007,-13.961285555871541,-0.07773056897250089
exemplar,exemplar,exemplar/archive_8/ba86c608-db1f-4eea-b839-154202c857ff.pt,24.82151830595732,61.37226267903518,36.55074437307786,0.1862257061944146,34.23631738653952,70.40644549898242,36.1701281124429,0.22841838173886778,116.8999902207923,169.7035213637504,52.80353114295811,0.17958107290341874,70.0929327415801,46.29568298319886,-23.79724975838124,-0.13593783378601074,45.293556606515054,2.6247591726416433,-42.66879743387341,-0.5593008557434446,102.6206435134004,25.095059166416096,-77.5255843469843,-1.8136332903721535
exemplar,exemplar,exemplar/archive_8/babcae03-ea88-4291-871d-8c7276ebdf2e.pt,20.044735497298586,9.820666290742993,-10.224069206555592,-0.07890836357834172,75.29815826881013,152.83157780314986,77.53341953433973,5.268190109610159,59.82329183146885,89.2021761234475,29.37888429197865,0.6935849189758301,56.6636809901678,54.47983991028226,-2.183841079885539,0.25601643323898315,142.13551690618826,119.3212452797799,-22.814271626408356,-0.08345069236250591,63.47309599352635,32.470333607780525,-31.002762385745825,-0.40664148330688477
exemplar,exemplar,exemplar/archive_8/bd3ba123-380a-4985-b638-cc0212505897.pt,0.839319386532083,44.92357578853324,44.08425640200116,0.35842084230588667,56.80625681063641,40.878059485570034,-15.928197325066378,-0.10297864479993386,166.66666666666666,52.15750957662071,-114.50915709004595,-0.4541175762812297,50.07210244230357,20.454687593038205,-29.617414849265362,-0.366749366124471,10.912044975749511,50.63554099263119,39.72349601688168,0.3005279739611578,53.41495909810623,110.73254249334312,57.31758339523689,0.2910160715987043
exemplar,exemplar,exemplar/archive_8/beea2b9c-6dd7-4a6b-af3a-e2d7782e9544.pt,35.209889893904375,71.72750229601573,36.517612402111354,0.6906671393407534,122.23267574349576,106.76389205571442,-15.46878368778134,-0.06224763658311632,61.56767935908687,42.92997466921307,-18.6377046898738,-0.3142917950948079,11.172403467124413,0.0,-11.172403467124413,-0.05916721746325493,148.63852391193694,154.18925491463781,5.550731002700871,0.9273681640625,85.11032030551151,39.003887322660574,-46.10643298285093,-0.08437669649720192
exemplar,exemplar,exemplar/archive_8/c71abc85-7882-4a2a-baa5-018efa401b10.pt,30.71237475515222,13.24814111227793,-17.46423364287429,-0.22095872862358595,60.31461543478,68.91458782480662,8.599972390026615,-0.35102491425304877,116.8999902207923,155.31945299475672,38.41946277396441,0.1359513378882593,56.93603503780129,29.657509869519746,-27.278525168281544,-0.17335903644561768,131.52342764336746,53.67833079284126,-77.8450968505262,-3.1024434752383474,48.776765310252465,59.02281268657013,10.246047376317662,0.18932955192797113
exemplar,exemplar,exemplar/archive_8/c876fe3d-765e-4920-a2ba-fc488cbee764.pt,176.36636569455146,170.1190018422477,-6.247363852303749,-3.5175345284598216,193.9039351589552,190.7045383934416,-3.1993967655135975,-20.7023188273112,33.04498462724043,133.33333333333334,100.2883487060929,0.33678754170735675,114.19943921716856,127.1858092060135,12.986369988844942,0.41573023796081543,180.56588825607676,138.8339308840303,-41.73195737204645,-13.603955268859863,156.00977825249186,114.6963901060408,-41.31338814645106,-3.302847385406494
exemplar,exemplar,exemplar/archive_8/c8a31dfc-f24c-4335-9efe-a332667bb4b7.pt,29.984749916752413,38.689716717214246,8.704966800461833,0.12696001481586003,11.909053360976937,50.22547572739623,38.31642236641929,0.5582717229588641,0.0,0.0,0.0,0.0,51.89137004281772,36.82833168407524,-15.063038358742482,0.0361094077428182,91.252973166073,4.845682937192291,-86.40729022888071,-0.5792688852528677,44.20869557619652,7.961809798181791,-36.24688577801473,-0.2790300520732941
exemplar,exemplar,exemplar/archive_8/cb4dd941-0267-41ca-a638-d3424fd41141.pt,34.50965448947286,43.72861999395785,9.218965504484991,0.06451635992938842,71.99202021306533,32.466752640775866,-39.525267572289465,-0.25004198387819077,79.76183445946914,26.503441153874363,-53.25839330559478,-0.9482659612383161,27.99654115206407,65.8727403001585,37.87619914809443,0.5472564697265625,90.70206170875761,29.11233857208062,-61.589723136676994,-0.36986110319811605,42.085813289965316,19.03228361006256,-23.053529679902756,-0.17384111320595605
exemplar,exemplar,exemplar/archive_8/cc05fc8b-4506-4dda-a90c-b91d4791f92d.pt,56.98270937996611,64.31286538830668,7.330156008340566,0.15109215919299296,8.018815645571133,62.36053559230367,54.34171994673254,0.8225977927056394,31.99386064753092,79.32191041523008,47.328049767699156,0.2910539997157766,24.856317983310582,88.4469644985988,63.59064651528822,1.2205305099487305,48.64218066878857,63.13818366872588,14.49600299993731,0.27984759001203025,51.01315478769997,56.09976274865148,5.086607960951511,0.03164240519205729
exemplar,exemplar,exemplar/archive_8/cf1fa661-3283-4659-a3ab-bf4effcaa07d.pt,33.7530600544728,101.3558821881667,67.6028221336939,1.648903439355571,19.719355500027493,56.61254581723585,36.89319031720835,0.610137547331491,138.51976066174097,148.30590828450477,9.786147622763792,0.03319068788206826,49.03028976023748,85.46809346747598,36.4378037072385,0.9888361930847168,22.222749075166323,10.296562281835913,-11.92618679333041,-0.10191434389585025,18.62518903291414,4.176430740409379,-14.44875829250476,-0.12300090789794922
exemplar,exemplar,exemplar/archive_8/d847f50f-0f14-4172-8c18-9b58b42aaeb3.pt,24.03293251616926,5.08522351281914,-18.94770900335012,-0.164955405399319,17.13475724572344,14.359717129471631,-2.775040116251807,-0.0031212145246885094,55.039338819676054,0.7652781064001262,-54.27406071327593,-0.7382641519818988,59.0782950475625,114.59396589219013,55.51567084462763,1.5375452041625977,134.43858613128484,155.14327557719022,20.704689445905387,2.812610778808594,102.14266907788291,135.0971756502649,32.95450657238197,2.0654983520507812
exemplar,exemplar,exemplar/archive_8/dbb70b63-2094-4cfd-831e-1cb5ff106439.pt,17.025766388297505,48.38463546801853,31.358869079721025,0.2326881608235949,26.041985632240998,11.083629695096977,-14.95835593714402,-0.19435658054885152,40.10178544421747,150.0,109.89821455578253,0.3111075162887573,15.16771539242634,58.37674278411909,43.20902739169275,0.49520307779312134,164.7850297451903,154.69401051162745,-10.091019233562832,-2.5024513576341714,113.27790760783371,106.47352326680577,-6.804384341027941,-0.316928227742513
exemplar,exemplar,exemplar/archive_8/dc17aa7c-6535-4634-be1a-5eb63a6f1058.pt,32.94403894016299,18.83720774256414,-14.10683119759885,-0.11068997299980628,103.89798293817157,103.07062294772724,-0.8273599904443216,-0.03551495160497139,49.573041937302975,79.04056605772033,29.46752412041735,0.5938129425048828,44.75448452075101,27.09942925511308,-17.655055265637927,-0.043534040451049805,8.1922136011345,53.47286265953332,45.28064905839882,0.33619313353376373,25.16394653335467,61.2758795017073,36.11193296835263,0.5707479317982992
exemplar,exemplar,exemplar/archive_8/deec07f6-74fd-49e0-823c-10dc2298827f.pt,48.209658918419464,95.46272347452317,47.25306455610371,0.25773122335339244,1.574418975831356,16.365253773136224,14.790834797304868,0.16236526198369214,100.71739244168094,167.58088099884938,66.86348855716844,0.24193590917248842,0.0,0.0,0.0,0.0,107.18797480604253,66.06690564836472,-41.12106915767781,-1.3162562320106908,82.63180089483268,112.67260952349226,30.040808628659576,0.8792896270751953
exemplar,exemplar,exemplar/archive_8/dff0f28f-7054-44fa-9ab2-556e892a54f3.pt,102.3043168024516,32.80663506953309,-69.49768173291851,-0.3949675529233871,28.872715744842363,91.76059782424872,62.88788207940635,1.4429934547061012,184.07491012004607,126.04990971205282,-58.02500040799325,-0.18501392323920068,167.94869472992926,186.5481234067946,18.59942867686533,8.627818584442139,188.3284489690211,185.4203922440485,-2.9080567249726244,-6.622167587280273,193.6390498563668,197.75317365592454,4.1141237995577455,86.35890197753906
exemplar,exemplar,exemplar/archive_8/e02a07ed-cdfd-4c8d-991f-85a24ac57b47.pt,16.509517431138317,69.98077627253592,53.4712588413976,0.8964350922369646,18.751598449994255,5.8126389730962815,-12.938959476897974,-0.1149490924762825,39.00196090778235,52.9648410040072,13.96288009622485,0.092020966285883,0.0,0.0,0.0,0.0,14.820219381211889,8.148493157969527,-6.671726223242361,-0.08166952477880271,6.0881748199783345,80.99095932406719,74.90278450408886,1.288309067946214
exemplar,exemplar,exemplar/archive_8/e8d2a124-2ee1-4cbe-bb17-8445ea0bfdeb.pt,4.5717491679113245,24.41085273911545,19.839103571204127,0.1728554389312977,121.24080886392504,20.745186201613965,-100.49562266231108,-2.84670954642536,46.783171294054696,166.66666666666666,119.88349537261196,0.2735439936319987,9.66057325136171,34.799242652358394,25.138669400996683,0.26648958524068195,173.1799822630139,143.17479830668174,-30.00518395633216,-7.823965890066964,28.23085883723393,7.702814863806336,-20.528043973427597,-0.24610740661621094
exemplar,exemplar,exemplar/archive_8/e9cec847-421f-41e9-8177-46fe45be9b8a.pt,17.201558856621062,0.6976376963966286,-16.503921160224433,-0.15139075498311508,5.227226780218034,44.56555546831411,39.33832868809608,0.5224844198556717,65.8938641501828,19.342727404919312,-46.55113674526348,-0.7569298021721117,60.413855899233695,129.6913806069826,69.2775247077489,2.3529907862345376,34.30194596052383,79.89325546073663,45.591309500212795,0.9158176618303572,70.32628019183893,123.97595591681022,53.64967572497129,2.165944061279297
exemplar,exemplar,exemplar/archive_8/ebd969d2-9e9b-4179-979b-6761fc93212e.pt,25.283831772081676,26.89836017087295,1.6145283987912755,0.0863145187745202,10.074189411714167,39.1160370445566,29.041847632842433,0.3903286269231374,0.0,0.0,0.0,0.0,14.021776766637824,65.4068015844521,51.38502481781427,0.7357761859893799,6.692714716186797,89.13133584175705,82.43862112557025,1.5421749221597814,2.306260331664316,41.704425729329245,39.398165397664926,0.50238037109375
exemplar,exemplar,exemplar/archive_8/f528a0ab-e9c2-433f-9329-f643ba62d645.pt,156.8890558595025,149.48331107827534,-7.405744781227156,-1.3556770833333334,42.631965919514904,33.83816739238573,-8.793798527129177,-0.13254232967601104,25.318523827779213,133.33333333333334,108.01480950555413,0.425098180770874,116.4407952530496,142.31633730064289,25.875542047593285,1.0736737251281738,183.45834741696416,137.74198245763318,-45.716364959330974,-17.26326921251085,146.20039963253714,101.95111859337871,-44.24928103915843,-2.5165512561798096
exemplar,exemplar,exemplar/archive_8/f920d705-52e8-4d58-a242-b2a47fe4dfb3.pt,12.597118324367043,42.36198085058789,29.764862526220845,0.41888545966973645,9.572798538631591,0.5401311675292801,-9.032667371102312,-0.08594652367813142,70.00426131064661,53.40372986020189,-16.60053145044472,-0.31940476099650067,128.71151796196344,0.0,-128.71151796196344,-1.8055022954940796,134.12911159010324,158.05091104495068,23.921799454847445,3.4206524360470656,58.859286109920255,183.40883111068396,124.54954500076371,18.61576533317566
exemplar,exemplar,exemplar/archive_8/f9dd241e-67c2-4cf1-8748-7e108b7e36dd.pt,75.6824465964479,83.23707301174882,7.554626415300916,0.20807147956237165,163.43236517872904,162.67405039625243,-0.7583147824766172,-0.22031376279633622,17.288258304803936,72.7146804011037,55.426422096299774,0.8738632996877035,98.36030634852484,150.13155208633916,51.77124573781431,2.0428167581558228,61.41436456165582,104.18642613745533,42.772061575799505,0.2149513691720079,139.10631271070122,148.82341845036242,9.717105739661207,0.9354372024536133
exemplar,exemplar,exemplar/archive_8/fc9c8141-00b3-43bb-8084-7dd004c2f1ea.pt,10.251003662712202,33.7082466266604,23.457242963948197,0.29736032441336363,25.528692741236156,29.470728513182898,3.942035771946742,0.11924734595348348,10.45373353264682,97.3344691928578,86.88073566021097,0.5535177103678386,28.59908457989106,70.11081958529893,41.51173500540787,0.7775030136108398,125.35476987913363,132.99103312211525,7.636263242981627,0.6102186895049779,134.16021459400355,137.15462019409034,2.994405600086793,0.2880818293644832
exemplar,exemplar,exemplar/archive_8/fe8343f6-aacd-4388-9996-05d032f07c38.pt,25.778445753794905,20.468240443456217,-5.310205310338688,-0.06790835358375727,8.997547408522578,8.151850086686112,-0.8456973218364663,-0.009231493302249852,146.31608070363484,99.85342188677824,-46.4626588168566,-3.2408206462860107,137.62041357117226,149.12295413852868,11.50254056735642,1.0873031616210938,73.67979788954908,90.47995850914415,16.800160619595076,0.4856253894850438,48.30024966844843,23.14224593323357,-25.15800373521486,-0.1815809715451218
